datasource,metric_label,season,jurisdiction,scenario_id,scenario_label,baseline_population_activity_weighted_protection,early_population_activity_weighted_protection,infant_population_under1,age_desc,population_year,population_source,population_source_url,incremental_population_activity_weighted_protection,baseline_hospitalization_risk_per_infant_season,baseline_hospitalization_risk_per_1000_infants,comparison_window_name,comparison_window_label,baseline_window_name,baseline_window_label,hospitalization_burden_source,population_source_note,hospitalizations_averted_early_vs_baseline,hospitalizations_averted_vs_baseline,hospitalizations_averted_per_100k_infants
nssp,"RSV ED visit percentage of total ED visits, all ages",2023-2024,Alabama,uptake_100,Uptake 100%; otherwise reference,0.43032018158829616,0.5487868537575815,57885,Age under 1 year,2023,"U.S. Census Bureau Population Estimates Program, Vintage 2023 Annual Resident Population Estimates by Single Year of Age and Sex","https://api.census.gov/data/2023/pep/charv?get=NAME,POP,AGE_DESC,YEAR&for=state:*&YEAR=2023&AGE=0001&SEX=0",0.11846667216928536,0.011774214704994403,11.774214704994403,early_sep_mar,Early Sep-Mar,baseline_oct_mar,Baseline Oct-Mar,"Pelletier et al. JAMA Network Open 2025 untreated infants: 2,535 RSV-associated hospitalizations among 215,301 untreated infants.","U.S. Census Bureau Population Estimates Program, Vintage 2023 Annual Resident Population Estimates by Single Year of Age and Sex, age under 1 year.",80.741009959573,80.741009959573,139.4852033507351
nssp,"RSV ED visit percentage of total ED visits, all ages",2023-2024,Alaska,uptake_100,Uptake 100%; otherwise reference,0.5575130063749821,0.6266938817717199,9224,Age under 1 year,2023,"U.S. Census Bureau Population Estimates Program, Vintage 2023 Annual Resident Population Estimates by Single Year of Age and Sex","https://api.census.gov/data/2023/pep/charv?get=NAME,POP,AGE_DESC,YEAR&for=state:*&YEAR=2023&AGE=0001&SEX=0",0.06918087539673778,0.011774214704994403,11.774214704994403,early_sep_mar,Early Sep-Mar,baseline_oct_mar,Baseline Oct-Mar,"Pelletier et al. JAMA Network Open 2025 untreated infants: 2,535 RSV-associated hospitalizations among 215,301 untreated infants.","U.S. Census Bureau Population Estimates Program, Vintage 2023 Annual Resident Population Estimates by Single Year of Age and Sex, age under 1 year.",7.513413631215646,7.513413631215646,81.45504804006556
nssp,"RSV ED visit percentage of total ED visits, all ages",2023-2024,Arizona,uptake_100,Uptake 100%; otherwise reference,0.5832955122157074,0.6464309095611648,78075,Age under 1 year,2023,"U.S. Census Bureau Population Estimates Program, Vintage 2023 Annual Resident Population Estimates by Single Year of Age and Sex","https://api.census.gov/data/2023/pep/charv?get=NAME,POP,AGE_DESC,YEAR&for=state:*&YEAR=2023&AGE=0001&SEX=0",0.06313539734545737,0.011774214704994403,11.774214704994403,early_sep_mar,Early Sep-Mar,baseline_oct_mar,Baseline Oct-Mar,"Pelletier et al. JAMA Network Open 2025 untreated infants: 2,535 RSV-associated hospitalizations among 215,301 untreated infants.","U.S. Census Bureau Population Estimates Program, Vintage 2023 Annual Resident Population Estimates by Single Year of Age and Sex, age under 1 year.",58.03859118807009,58.03859118807009,74.33697238305487
nssp,"RSV ED visit percentage of total ED visits, all ages",2023-2024,Arkansas,uptake_100,Uptake 100%; otherwise reference,0.5209489775713902,0.6039927783930156,35297,Age under 1 year,2023,"U.S. Census Bureau Population Estimates Program, Vintage 2023 Annual Resident Population Estimates by Single Year of Age and Sex","https://api.census.gov/data/2023/pep/charv?get=NAME,POP,AGE_DESC,YEAR&for=state:*&YEAR=2023&AGE=0001&SEX=0",0.08304380082162532,0.011774214704994403,11.774214704994403,early_sep_mar,Early Sep-Mar,baseline_oct_mar,Baseline Oct-Mar,"Pelletier et al. JAMA Network Open 2025 untreated infants: 2,535 RSV-associated hospitalizations among 215,301 untreated infants.","U.S. Census Bureau Population Estimates Program, Vintage 2023 Annual Resident Population Estimates by Single Year of Age and Sex, age under 1 year.",34.512543263356655,34.512543263356655,97.77755407926072
nssp,"RSV ED visit percentage of total ED visits, all ages",2023-2024,California,uptake_100,Uptake 100%; otherwise reference,0.5453286743967269,0.6227211043567945,415125,Age under 1 year,2023,"U.S. Census Bureau Population Estimates Program, Vintage 2023 Annual Resident Population Estimates by Single Year of Age and Sex","https://api.census.gov/data/2023/pep/charv?get=NAME,POP,AGE_DESC,YEAR&for=state:*&YEAR=2023&AGE=0001&SEX=0",0.07739242996006757,0.011774214704994403,11.774214704994403,early_sep_mar,Early Sep-Mar,baseline_oct_mar,Baseline Oct-Mar,"Pelletier et al. JAMA Network Open 2025 untreated infants: 2,535 RSV-associated hospitalizations among 215,301 untreated infants.","U.S. Census Bureau Population Estimates Program, Vintage 2023 Annual Resident Population Estimates by Single Year of Age and Sex, age under 1 year.",378.2764654456583,378.2764654456583,91.1235086891077
nssp,"RSV ED visit percentage of total ED visits, all ages",2023-2024,Colorado,uptake_100,Uptake 100%; otherwise reference,0.5951430652558237,0.6528491339564105,62168,Age under 1 year,2023,"U.S. Census Bureau Population Estimates Program, Vintage 2023 Annual Resident Population Estimates by Single Year of Age and Sex","https://api.census.gov/data/2023/pep/charv?get=NAME,POP,AGE_DESC,YEAR&for=state:*&YEAR=2023&AGE=0001&SEX=0",0.05770606870058681,0.011774214704994403,11.774214704994403,early_sep_mar,Early Sep-Mar,baseline_oct_mar,Baseline Oct-Mar,"Pelletier et al. JAMA Network Open 2025 untreated infants: 2,535 RSV-associated hospitalizations among 215,301 untreated infants.","U.S. Census Bureau Population Estimates Program, Vintage 2023 Annual Resident Population Estimates by Single Year of Age and Sex, age under 1 year.",42.23965237700291,42.23965237700291,67.94436426618665
nssp,"RSV ED visit percentage of total ED visits, all ages",2023-2024,Connecticut,uptake_100,Uptake 100%; otherwise reference,0.5078791528816755,0.6010585790461432,34935,Age under 1 year,2023,"U.S. Census Bureau Population Estimates Program, Vintage 2023 Annual Resident Population Estimates by Single Year of Age and Sex","https://api.census.gov/data/2023/pep/charv?get=NAME,POP,AGE_DESC,YEAR&for=state:*&YEAR=2023&AGE=0001&SEX=0",0.09317942616446773,0.011774214704994403,11.774214704994403,early_sep_mar,Early Sep-Mar,baseline_oct_mar,Baseline Oct-Mar,"Pelletier et al. JAMA Network Open 2025 untreated infants: 2,535 RSV-associated hospitalizations among 215,301 untreated infants.","U.S. Census Bureau Population Estimates Program, Vintage 2023 Annual Resident Population Estimates by Single Year of Age and Sex, age under 1 year.",38.32769749416791,38.32769749416791,109.71145697486162
nssp,"RSV ED visit percentage of total ED visits, all ages",2023-2024,Delaware,uptake_100,Uptake 100%; otherwise reference,0.45638580355716757,0.5701674228695257,10745,Age under 1 year,2023,"U.S. Census Bureau Population Estimates Program, Vintage 2023 Annual Resident Population Estimates by Single Year of Age and Sex","https://api.census.gov/data/2023/pep/charv?get=NAME,POP,AGE_DESC,YEAR&for=state:*&YEAR=2023&AGE=0001&SEX=0",0.11378161931235814,0.011774214704994403,11.774214704994403,early_sep_mar,Early Sep-Mar,baseline_oct_mar,Baseline Oct-Mar,"Pelletier et al. JAMA Network Open 2025 untreated infants: 2,535 RSV-associated hospitalizations among 215,301 untreated infants.","U.S. Census Bureau Population Estimates Program, Vintage 2023 Annual Resident Population Estimates by Single Year of Age and Sex, age under 1 year.",14.394960618029327,14.394960618029327,133.96892152656426
nssp,"RSV ED visit percentage of total ED visits, all ages",2023-2024,District of Columbia,uptake_100,Uptake 100%; otherwise reference,0.3900432254770624,0.5262237235186418,7791,Age under 1 year,2023,"U.S. Census Bureau Population Estimates Program, Vintage 2023 Annual Resident Population Estimates by Single Year of Age and Sex","https://api.census.gov/data/2023/pep/charv?get=NAME,POP,AGE_DESC,YEAR&for=state:*&YEAR=2023&AGE=0001&SEX=0",0.1361804980415794,0.011774214704994403,11.774214704994403,early_sep_mar,Early Sep-Mar,baseline_oct_mar,Baseline Oct-Mar,"Pelletier et al. JAMA Network Open 2025 untreated infants: 2,535 RSV-associated hospitalizations among 215,301 untreated infants.","U.S. Census Bureau Population Estimates Program, Vintage 2023 Annual Resident Population Estimates by Single Year of Age and Sex, age under 1 year.",12.492232930278908,12.492232930278908,160.34184225746256
nssp,"RSV ED visit percentage of total ED visits, all ages",2023-2024,Florida,uptake_100,Uptake 100%; otherwise reference,0.3382208836692966,0.46568195489742364,224670,Age under 1 year,2023,"U.S. Census Bureau Population Estimates Program, Vintage 2023 Annual Resident Population Estimates by Single Year of Age and Sex","https://api.census.gov/data/2023/pep/charv?get=NAME,POP,AGE_DESC,YEAR&for=state:*&YEAR=2023&AGE=0001&SEX=0",0.12746107122812705,0.011774214704994403,11.774214704994403,early_sep_mar,Early Sep-Mar,baseline_oct_mar,Baseline Oct-Mar,"Pelletier et al. JAMA Network Open 2025 untreated infants: 2,535 RSV-associated hospitalizations among 215,301 untreated infants.","U.S. Census Bureau Population Estimates Program, Vintage 2023 Annual Resident Population Estimates by Single Year of Age and Sex, age under 1 year.",337.1744054865987,337.1744054865987,150.07540191685527
nssp,"RSV ED visit percentage of total ED visits, all ages",2023-2024,Georgia,uptake_100,Uptake 100%; otherwise reference,0.35934255375428953,0.4976636974917896,125156,Age under 1 year,2023,"U.S. Census Bureau Population Estimates Program, Vintage 2023 Annual Resident Population Estimates by Single Year of Age and Sex","https://api.census.gov/data/2023/pep/charv?get=NAME,POP,AGE_DESC,YEAR&for=state:*&YEAR=2023&AGE=0001&SEX=0",0.1383211437375001,0.011774214704994403,11.774214704994403,early_sep_mar,Early Sep-Mar,baseline_oct_mar,Baseline Oct-Mar,"Pelletier et al. JAMA Network Open 2025 untreated infants: 2,535 RSV-associated hospitalizations among 215,301 untreated infants.","U.S. Census Bureau Population Estimates Program, Vintage 2023 Annual Resident Population Estimates by Single Year of Age and Sex, age under 1 year.",203.83192073947325,203.83192073947325,162.86228446057183
nssp,"RSV ED visit percentage of total ED visits, all ages",2023-2024,Hawaii,uptake_100,Uptake 100%; otherwise reference,0.444602192252885,0.5565715754748811,15147,Age under 1 year,2023,"U.S. Census Bureau Population Estimates Program, Vintage 2023 Annual Resident Population Estimates by Single Year of Age and Sex","https://api.census.gov/data/2023/pep/charv?get=NAME,POP,AGE_DESC,YEAR&for=state:*&YEAR=2023&AGE=0001&SEX=0",0.11196938322199612,0.011774214704994403,11.774214704994403,early_sep_mar,Early Sep-Mar,baseline_oct_mar,Baseline Oct-Mar,"Pelletier et al. JAMA Network Open 2025 untreated infants: 2,535 RSV-associated hospitalizations among 215,301 untreated infants.","U.S. Census Bureau Population Estimates Program, Vintage 2023 Annual Resident Population Estimates by Single Year of Age and Sex, age under 1 year.",19.96907105571462,19.96907105571462,131.83515584415804
nssp,"RSV ED visit percentage of total ED visits, all ages",2023-2024,Idaho,uptake_100,Uptake 100%; otherwise reference,0.6224421102803095,0.6723461486508758,22331,Age under 1 year,2023,"U.S. Census Bureau Population Estimates Program, Vintage 2023 Annual Resident Population Estimates by Single Year of Age and Sex","https://api.census.gov/data/2023/pep/charv?get=NAME,POP,AGE_DESC,YEAR&for=state:*&YEAR=2023&AGE=0001&SEX=0",0.04990403837056634,0.011774214704994403,11.774214704994403,early_sep_mar,Early Sep-Mar,baseline_oct_mar,Baseline Oct-Mar,"Pelletier et al. JAMA Network Open 2025 untreated infants: 2,535 RSV-associated hospitalizations among 215,301 untreated infants.","U.S. Census Bureau Population Estimates Program, Vintage 2023 Annual Resident Population Estimates by Single Year of Age and Sex, age under 1 year.",13.121268238730655,13.121268238730655,58.75808624213271
nssp,"RSV ED visit percentage of total ED visits, all ages",2023-2024,Illinois,uptake_100,Uptake 100%; otherwise reference,0.5261542150049564,0.6088082116846388,126792,Age under 1 year,2023,"U.S. Census Bureau Population Estimates Program, Vintage 2023 Annual Resident Population Estimates by Single Year of Age and Sex","https://api.census.gov/data/2023/pep/charv?get=NAME,POP,AGE_DESC,YEAR&for=state:*&YEAR=2023&AGE=0001&SEX=0",0.08265399667968243,0.011774214704994403,11.774214704994403,early_sep_mar,Early Sep-Mar,baseline_oct_mar,Baseline Oct-Mar,"Pelletier et al. JAMA Network Open 2025 untreated infants: 2,535 RSV-associated hospitalizations among 215,301 untreated infants.","U.S. Census Bureau Population Estimates Program, Vintage 2023 Annual Resident Population Estimates by Single Year of Age and Sex, age under 1 year.",123.39218702997283,123.39218702997283,97.31859031324755
nssp,"RSV ED visit percentage of total ED visits, all ages",2023-2024,Indiana,uptake_100,Uptake 100%; otherwise reference,0.5287377418376428,0.6095554853597873,79101,Age under 1 year,2023,"U.S. Census Bureau Population Estimates Program, Vintage 2023 Annual Resident Population Estimates by Single Year of Age and Sex","https://api.census.gov/data/2023/pep/charv?get=NAME,POP,AGE_DESC,YEAR&for=state:*&YEAR=2023&AGE=0001&SEX=0",0.08081774352214455,0.011774214704994403,11.774214704994403,early_sep_mar,Early Sep-Mar,baseline_oct_mar,Baseline Oct-Mar,"Pelletier et al. JAMA Network Open 2025 untreated infants: 2,535 RSV-associated hospitalizations among 215,301 untreated infants.","U.S. Census Bureau Population Estimates Program, Vintage 2023 Annual Resident Population Estimates by Single Year of Age and Sex, age under 1 year.",75.26977978391363,75.26977978391363,95.15654642029006
nssp,"RSV ED visit percentage of total ED visits, all ages",2023-2024,Iowa,uptake_100,Uptake 100%; otherwise reference,0.6005005333535006,0.6546229648920958,36766,Age under 1 year,2023,"U.S. Census Bureau Population Estimates Program, Vintage 2023 Annual Resident Population Estimates by Single Year of Age and Sex","https://api.census.gov/data/2023/pep/charv?get=NAME,POP,AGE_DESC,YEAR&for=state:*&YEAR=2023&AGE=0001&SEX=0",0.054122431538595195,0.011774214704994403,11.774214704994403,early_sep_mar,Early Sep-Mar,baseline_oct_mar,Baseline Oct-Mar,"Pelletier et al. JAMA Network Open 2025 untreated infants: 2,535 RSV-associated hospitalizations among 215,301 untreated infants.","U.S. Census Bureau Population Estimates Program, Vintage 2023 Annual Resident Population Estimates by Single Year of Age and Sex, age under 1 year.",23.429101487541597,23.429101487541597,63.724912929178046
nssp,"RSV ED visit percentage of total ED visits, all ages",2023-2024,Kansas,uptake_100,Uptake 100%; otherwise reference,0.5920625777362061,0.6471465452717955,34590,Age under 1 year,2023,"U.S. Census Bureau Population Estimates Program, Vintage 2023 Annual Resident Population Estimates by Single Year of Age and Sex","https://api.census.gov/data/2023/pep/charv?get=NAME,POP,AGE_DESC,YEAR&for=state:*&YEAR=2023&AGE=0001&SEX=0",0.05508396753558942,0.011774214704994403,11.774214704994403,early_sep_mar,Early Sep-Mar,baseline_oct_mar,Baseline Oct-Mar,"Pelletier et al. JAMA Network Open 2025 untreated infants: 2,535 RSV-associated hospitalizations among 215,301 untreated infants.","U.S. Census Bureau Population Estimates Program, Vintage 2023 Annual Resident Population Estimates by Single Year of Age and Sex, age under 1 year.",22.434052231011535,22.434052231011535,64.85704605669713
nssp,"RSV ED visit percentage of total ED visits, all ages",2023-2024,Kentucky,uptake_100,Uptake 100%; otherwise reference,0.5093292899966481,0.5952667432054511,52111,Age under 1 year,2023,"U.S. Census Bureau Population Estimates Program, Vintage 2023 Annual Resident Population Estimates by Single Year of Age and Sex","https://api.census.gov/data/2023/pep/charv?get=NAME,POP,AGE_DESC,YEAR&for=state:*&YEAR=2023&AGE=0001&SEX=0",0.08593745320880308,0.011774214704994403,11.774214704994403,early_sep_mar,Early Sep-Mar,baseline_oct_mar,Baseline Oct-Mar,"Pelletier et al. JAMA Network Open 2025 untreated infants: 2,535 RSV-associated hospitalizations among 215,301 untreated infants.","U.S. Census Bureau Population Estimates Program, Vintage 2023 Annual Resident Population Estimates by Single Year of Age and Sex, age under 1 year.",52.72830822341077,52.72830822341077,101.18460252808578
nssp,"RSV ED visit percentage of total ED visits, all ages",2023-2024,Louisiana,uptake_100,Uptake 100%; otherwise reference,0.42280717648210714,0.543495559153709,55838,Age under 1 year,2023,"U.S. Census Bureau Population Estimates Program, Vintage 2023 Annual Resident Population Estimates by Single Year of Age and Sex","https://api.census.gov/data/2023/pep/charv?get=NAME,POP,AGE_DESC,YEAR&for=state:*&YEAR=2023&AGE=0001&SEX=0",0.12068838267160181,0.011774214704994403,11.774214704994403,early_sep_mar,Early Sep-Mar,baseline_oct_mar,Baseline Oct-Mar,"Pelletier et al. JAMA Network Open 2025 untreated infants: 2,535 RSV-associated hospitalizations among 215,301 untreated infants.","U.S. Census Bureau Population Estimates Program, Vintage 2023 Annual Resident Population Estimates by Single Year of Age and Sex, age under 1 year.",79.34640830788629,79.34640830788629,142.1010929973966
nssp,"RSV ED visit percentage of total ED visits, all ages",2023-2024,Maine,uptake_100,Uptake 100%; otherwise reference,0.5947915738470295,0.6551143597510809,11892,Age under 1 year,2023,"U.S. Census Bureau Population Estimates Program, Vintage 2023 Annual Resident Population Estimates by Single Year of Age and Sex","https://api.census.gov/data/2023/pep/charv?get=NAME,POP,AGE_DESC,YEAR&for=state:*&YEAR=2023&AGE=0001&SEX=0",0.06032278590405138,0.011774214704994403,11.774214704994403,early_sep_mar,Early Sep-Mar,baseline_oct_mar,Baseline Oct-Mar,"Pelletier et al. JAMA Network Open 2025 untreated infants: 2,535 RSV-associated hospitalizations among 215,301 untreated infants.","U.S. Census Bureau Population Estimates Program, Vintage 2023 Annual Resident Population Estimates by Single Year of Age and Sex, age under 1 year.",8.446333823306057,8.446333823306057,71.0253432837711
nssp,"RSV ED visit percentage of total ED visits, all ages",2023-2024,Maryland,uptake_100,Uptake 100%; otherwise reference,0.46615920891818957,0.5732469254690599,68060,Age under 1 year,2023,"U.S. Census Bureau Population Estimates Program, Vintage 2023 Annual Resident Population Estimates by Single Year of Age and Sex","https://api.census.gov/data/2023/pep/charv?get=NAME,POP,AGE_DESC,YEAR&for=state:*&YEAR=2023&AGE=0001&SEX=0",0.1070877165508703,0.011774214704994403,11.774214704994403,early_sep_mar,Early Sep-Mar,baseline_oct_mar,Baseline Oct-Mar,"Pelletier et al. JAMA Network Open 2025 untreated infants: 2,535 RSV-associated hospitalizations among 215,301 untreated infants.","U.S. Census Bureau Population Estimates Program, Vintage 2023 Annual Resident Population Estimates by Single Year of Age and Sex, age under 1 year.",85.81506857776826,85.81506857776826,126.08737669375296
nssp,"RSV ED visit percentage of total ED visits, all ages",2023-2024,Massachusetts,uptake_100,Uptake 100%; otherwise reference,0.4905995167861359,0.5862875950727615,69103,Age under 1 year,2023,"U.S. Census Bureau Population Estimates Program, Vintage 2023 Annual Resident Population Estimates by Single Year of Age and Sex","https://api.census.gov/data/2023/pep/charv?get=NAME,POP,AGE_DESC,YEAR&for=state:*&YEAR=2023&AGE=0001&SEX=0",0.09568807828662562,0.011774214704994403,11.774214704994403,early_sep_mar,Early Sep-Mar,baseline_oct_mar,Baseline Oct-Mar,"Pelletier et al. JAMA Network Open 2025 untreated infants: 2,535 RSV-associated hospitalizations among 215,301 untreated infants.","U.S. Census Bureau Population Estimates Program, Vintage 2023 Annual Resident Population Estimates by Single Year of Age and Sex, age under 1 year.",77.85503166717884,77.85503166717884,112.66519784550431
nssp,"RSV ED visit percentage of total ED visits, all ages",2023-2024,Michigan,uptake_100,Uptake 100%; otherwise reference,0.570487557858022,0.6371433546240208,101385,Age under 1 year,2023,"U.S. Census Bureau Population Estimates Program, Vintage 2023 Annual Resident Population Estimates by Single Year of Age and Sex","https://api.census.gov/data/2023/pep/charv?get=NAME,POP,AGE_DESC,YEAR&for=state:*&YEAR=2023&AGE=0001&SEX=0",0.06665579676599886,0.011774214704994403,11.774214704994403,early_sep_mar,Early Sep-Mar,baseline_oct_mar,Baseline Oct-Mar,"Pelletier et al. JAMA Network Open 2025 untreated infants: 2,535 RSV-associated hospitalizations among 215,301 untreated infants.","U.S. Census Bureau Population Estimates Program, Vintage 2023 Annual Resident Population Estimates by Single Year of Age and Sex, age under 1 year.",79.56894147803486,79.56894147803486,78.48196624553422
nssp,"RSV ED visit percentage of total ED visits, all ages",2023-2024,Minnesota,uptake_100,Uptake 100%; otherwise reference,0.5931388206199968,0.6528468598736714,63637,Age under 1 year,2023,"U.S. Census Bureau Population Estimates Program, Vintage 2023 Annual Resident Population Estimates by Single Year of Age and Sex","https://api.census.gov/data/2023/pep/charv?get=NAME,POP,AGE_DESC,YEAR&for=state:*&YEAR=2023&AGE=0001&SEX=0",0.05970803925367463,0.011774214704994403,11.774214704994403,early_sep_mar,Early Sep-Mar,baseline_oct_mar,Baseline Oct-Mar,"Pelletier et al. JAMA Network Open 2025 untreated infants: 2,535 RSV-associated hospitalizations among 215,301 untreated infants.","U.S. Census Bureau Population Estimates Program, Vintage 2023 Annual Resident Population Estimates by Single Year of Age and Sex, age under 1 year.",44.737782977983244,44.737782977983244,70.30152737869989
nssp,"RSV ED visit percentage of total ED visits, all ages",2023-2024,Mississippi,uptake_100,Uptake 100%; otherwise reference,0.36133257537409263,0.5028056217549473,34372,Age under 1 year,2023,"U.S. Census Bureau Population Estimates Program, Vintage 2023 Annual Resident Population Estimates by Single Year of Age and Sex","https://api.census.gov/data/2023/pep/charv?get=NAME,POP,AGE_DESC,YEAR&for=state:*&YEAR=2023&AGE=0001&SEX=0",0.14147304638085462,0.011774214704994403,11.774214704994403,early_sep_mar,Early Sep-Mar,baseline_oct_mar,Baseline Oct-Mar,"Pelletier et al. JAMA Network Open 2025 untreated infants: 2,535 RSV-associated hospitalizations among 215,301 untreated infants.","U.S. Census Bureau Population Estimates Program, Vintage 2023 Annual Resident Population Estimates by Single Year of Age and Sex, age under 1 year.",57.25460984054317,57.25460984054317,166.57340230578137
nssp,"RSV ED visit percentage of total ED visits, all ages",2023-2024,Missouri,uptake_100,Uptake 100%; otherwise reference,0.5958613903634133,0.6564301709167183,67996,Age under 1 year,2023,"U.S. Census Bureau Population Estimates Program, Vintage 2023 Annual Resident Population Estimates by Single Year of Age and Sex","https://api.census.gov/data/2023/pep/charv?get=NAME,POP,AGE_DESC,YEAR&for=state:*&YEAR=2023&AGE=0001&SEX=0",0.060568780553304946,0.011774214704994403,11.774214704994403,early_sep_mar,Early Sep-Mar,baseline_oct_mar,Baseline Oct-Mar,"Pelletier et al. JAMA Network Open 2025 untreated infants: 2,535 RSV-associated hospitalizations among 215,301 untreated infants.","U.S. Census Bureau Population Estimates Program, Vintage 2023 Annual Resident Population Estimates by Single Year of Age and Sex, age under 1 year.",48.491335613185925,48.491335613185925,71.31498266543022
nssp,"RSV ED visit percentage of total ED visits, all ages",2023-2024,Montana,uptake_100,Uptake 100%; otherwise reference,0.6550682156889118,0.6896634382160335,11266,Age under 1 year,2023,"U.S. Census Bureau Population Estimates Program, Vintage 2023 Annual Resident Population Estimates by Single Year of Age and Sex","https://api.census.gov/data/2023/pep/charv?get=NAME,POP,AGE_DESC,YEAR&for=state:*&YEAR=2023&AGE=0001&SEX=0",0.03459522252712166,0.011774214704994403,11.774214704994403,early_sep_mar,Early Sep-Mar,baseline_oct_mar,Baseline Oct-Mar,"Pelletier et al. JAMA Network Open 2025 untreated infants: 2,535 RSV-associated hospitalizations among 215,301 untreated infants.","U.S. Census Bureau Population Estimates Program, Vintage 2023 Annual Resident Population Estimates by Single Year of Age and Sex, age under 1 year.",4.588997555510454,4.588997555510454,40.73315778013895
nssp,"RSV ED visit percentage of total ED visits, all ages",2023-2024,Nebraska,uptake_100,Uptake 100%; otherwise reference,0.5896073015957382,0.6463476161027016,24144,Age under 1 year,2023,"U.S. Census Bureau Population Estimates Program, Vintage 2023 Annual Resident Population Estimates by Single Year of Age and Sex","https://api.census.gov/data/2023/pep/charv?get=NAME,POP,AGE_DESC,YEAR&for=state:*&YEAR=2023&AGE=0001&SEX=0",0.056740314506963485,0.011774214704994403,11.774214704994403,early_sep_mar,Early Sep-Mar,baseline_oct_mar,Baseline Oct-Mar,"Pelletier et al. JAMA Network Open 2025 untreated infants: 2,535 RSV-associated hospitalizations among 215,301 untreated infants.","U.S. Census Bureau Population Estimates Program, Vintage 2023 Annual Resident Population Estimates by Single Year of Age and Sex, age under 1 year.",16.129945951356003,16.129945951356003,66.80726454338968
nssp,"RSV ED visit percentage of total ED visits, all ages",2023-2024,Nevada,uptake_100,Uptake 100%; otherwise reference,0.576564937136431,0.6411746539582864,32716,Age under 1 year,2023,"U.S. Census Bureau Population Estimates Program, Vintage 2023 Annual Resident Population Estimates by Single Year of Age and Sex","https://api.census.gov/data/2023/pep/charv?get=NAME,POP,AGE_DESC,YEAR&for=state:*&YEAR=2023&AGE=0001&SEX=0",0.06460971682185546,0.011774214704994403,11.774214704994403,early_sep_mar,Early Sep-Mar,baseline_oct_mar,Baseline Oct-Mar,"Pelletier et al. JAMA Network Open 2025 untreated infants: 2,535 RSV-associated hospitalizations among 215,301 untreated infants.","U.S. Census Bureau Population Estimates Program, Vintage 2023 Annual Resident Population Estimates by Single Year of Age and Sex, age under 1 year.",24.887999425830095,24.887999425830095,76.07286778894148
nssp,"RSV ED visit percentage of total ED visits, all ages",2023-2024,New Hampshire,uptake_100,Uptake 100%; otherwise reference,0.5585274538518473,0.6288936633237535,12164,Age under 1 year,2023,"U.S. Census Bureau Population Estimates Program, Vintage 2023 Annual Resident Population Estimates by Single Year of Age and Sex","https://api.census.gov/data/2023/pep/charv?get=NAME,POP,AGE_DESC,YEAR&for=state:*&YEAR=2023&AGE=0001&SEX=0",0.0703662094719062,0.011774214704994403,11.774214704994403,early_sep_mar,Early Sep-Mar,baseline_oct_mar,Baseline Oct-Mar,"Pelletier et al. JAMA Network Open 2025 untreated infants: 2,535 RSV-associated hospitalizations among 215,301 untreated infants.","U.S. Census Bureau Population Estimates Program, Vintage 2023 Annual Resident Population Estimates by Single Year of Age and Sex, age under 1 year.",10.077957424347021,10.077957424347021,82.85068582988345
nssp,"RSV ED visit percentage of total ED visits, all ages",2023-2024,New Jersey,uptake_100,Uptake 100%; otherwise reference,0.48593807144371653,0.5854114192661187,102477,Age under 1 year,2023,"U.S. Census Bureau Population Estimates Program, Vintage 2023 Annual Resident Population Estimates by Single Year of Age and Sex","https://api.census.gov/data/2023/pep/charv?get=NAME,POP,AGE_DESC,YEAR&for=state:*&YEAR=2023&AGE=0001&SEX=0",0.09947334782240219,0.011774214704994403,11.774214704994403,early_sep_mar,Early Sep-Mar,baseline_oct_mar,Baseline Oct-Mar,"Pelletier et al. JAMA Network Open 2025 untreated infants: 2,535 RSV-associated hospitalizations among 215,301 untreated infants.","U.S. Census Bureau Population Estimates Program, Vintage 2023 Annual Resident Population Estimates by Single Year of Age and Sex, age under 1 year.",120.02316878251119,120.02316878251119,117.12205546855509
nssp,"RSV ED visit percentage of total ED visits, all ages",2023-2024,New Mexico,uptake_100,Uptake 100%; otherwise reference,0.5804597370345134,0.6463899136192203,20589,Age under 1 year,2023,"U.S. Census Bureau Population Estimates Program, Vintage 2023 Annual Resident Population Estimates by Single Year of Age and Sex","https://api.census.gov/data/2023/pep/charv?get=NAME,POP,AGE_DESC,YEAR&for=state:*&YEAR=2023&AGE=0001&SEX=0",0.0659301765847069,0.011774214704994403,11.774214704994403,early_sep_mar,Early Sep-Mar,baseline_oct_mar,Baseline Oct-Mar,"Pelletier et al. JAMA Network Open 2025 untreated infants: 2,535 RSV-associated hospitalizations among 215,301 untreated infants.","U.S. Census Bureau Population Estimates Program, Vintage 2023 Annual Resident Population Estimates by Single Year of Age and Sex, age under 1 year.",15.982747689117481,15.982747689117481,77.62760546465337
nssp,"RSV ED visit percentage of total ED visits, all ages",2023-2024,New York,uptake_100,Uptake 100%; otherwise reference,0.521219498751039,0.6062044162286988,209673,Age under 1 year,2023,"U.S. Census Bureau Population Estimates Program, Vintage 2023 Annual Resident Population Estimates by Single Year of Age and Sex","https://api.census.gov/data/2023/pep/charv?get=NAME,POP,AGE_DESC,YEAR&for=state:*&YEAR=2023&AGE=0001&SEX=0",0.0849849174776598,0.011774214704994403,11.774214704994403,early_sep_mar,Early Sep-Mar,baseline_oct_mar,Baseline Oct-Mar,"Pelletier et al. JAMA Network Open 2025 untreated infants: 2,535 RSV-associated hospitalizations among 215,301 untreated infants.","U.S. Census Bureau Population Estimates Program, Vintage 2023 Annual Resident Population Estimates by Single Year of Age and Sex, age under 1 year.",209.80523343684422,209.80523343684422,100.06306650681978
nssp,"RSV ED visit percentage of total ED visits, all ages",2023-2024,North Carolina,uptake_100,Uptake 100%; otherwise reference,0.5044028461271254,0.5965239084813934,120602,Age under 1 year,2023,"U.S. Census Bureau Population Estimates Program, Vintage 2023 Annual Resident Population Estimates by Single Year of Age and Sex","https://api.census.gov/data/2023/pep/charv?get=NAME,POP,AGE_DESC,YEAR&for=state:*&YEAR=2023&AGE=0001&SEX=0",0.09212106235426798,0.011774214704994403,11.774214704994403,early_sep_mar,Early Sep-Mar,baseline_oct_mar,Baseline Oct-Mar,"Pelletier et al. JAMA Network Open 2025 untreated infants: 2,535 RSV-associated hospitalizations among 215,301 untreated infants.","U.S. Census Bureau Population Estimates Program, Vintage 2023 Annual Resident Population Estimates by Single Year of Age and Sex, age under 1 year.",130.81134124790023,130.81134124790023,108.46531670113285
nssp,"RSV ED visit percentage of total ED visits, all ages",2023-2024,North Dakota,uptake_100,Uptake 100%; otherwise reference,0.6206683616286073,0.6690480922094164,9626,Age under 1 year,2023,"U.S. Census Bureau Population Estimates Program, Vintage 2023 Annual Resident Population Estimates by Single Year of Age and Sex","https://api.census.gov/data/2023/pep/charv?get=NAME,POP,AGE_DESC,YEAR&for=state:*&YEAR=2023&AGE=0001&SEX=0",0.04837973058080913,0.011774214704994403,11.774214704994403,early_sep_mar,Early Sep-Mar,baseline_oct_mar,Baseline Oct-Mar,"Pelletier et al. JAMA Network Open 2025 untreated infants: 2,535 RSV-associated hospitalizations among 215,301 untreated infants.","U.S. Census Bureau Population Estimates Program, Vintage 2023 Annual Resident Population Estimates by Single Year of Age and Sex, age under 1 year.",5.483290484906945,5.483290484906945,56.963333522823035
nssp,"RSV ED visit percentage of total ED visits, all ages",2023-2024,Ohio,uptake_100,Uptake 100%; otherwise reference,0.558028887213442,0.6285220941122349,128059,Age under 1 year,2023,"U.S. Census Bureau Population Estimates Program, Vintage 2023 Annual Resident Population Estimates by Single Year of Age and Sex","https://api.census.gov/data/2023/pep/charv?get=NAME,POP,AGE_DESC,YEAR&for=state:*&YEAR=2023&AGE=0001&SEX=0",0.0704932068987929,0.011774214704994403,11.774214704994403,early_sep_mar,Early Sep-Mar,baseline_oct_mar,Baseline Oct-Mar,"Pelletier et al. JAMA Network Open 2025 untreated infants: 2,535 RSV-associated hospitalizations among 215,301 untreated infants.","U.S. Census Bureau Population Estimates Program, Vintage 2023 Annual Resident Population Estimates by Single Year of Age and Sex, age under 1 year.",106.28924574560041,106.28924574560041,83.00021532699803
nssp,"RSV ED visit percentage of total ED visits, all ages",2023-2024,Oklahoma,uptake_100,Uptake 100%; otherwise reference,0.5556689254639742,0.6287196209918825,47714,Age under 1 year,2023,"U.S. Census Bureau Population Estimates Program, Vintage 2023 Annual Resident Population Estimates by Single Year of Age and Sex","https://api.census.gov/data/2023/pep/charv?get=NAME,POP,AGE_DESC,YEAR&for=state:*&YEAR=2023&AGE=0001&SEX=0",0.07305069552790833,0.011774214704994403,11.774214704994403,early_sep_mar,Early Sep-Mar,baseline_oct_mar,Baseline Oct-Mar,"Pelletier et al. JAMA Network Open 2025 untreated infants: 2,535 RSV-associated hospitalizations among 215,301 untreated infants.","U.S. Census Bureau Population Estimates Program, Vintage 2023 Annual Resident Population Estimates by Single Year of Age and Sex, age under 1 year.",41.03950675972932,41.03950675972932,86.01145734947671
nssp,"RSV ED visit percentage of total ED visits, all ages",2023-2024,Oregon,uptake_100,Uptake 100%; otherwise reference,0.5856100587935748,0.6467848197655593,38904,Age under 1 year,2023,"U.S. Census Bureau Population Estimates Program, Vintage 2023 Annual Resident Population Estimates by Single Year of Age and Sex","https://api.census.gov/data/2023/pep/charv?get=NAME,POP,AGE_DESC,YEAR&for=state:*&YEAR=2023&AGE=0001&SEX=0",0.0611747609719846,0.011774214704994403,11.774214704994403,early_sep_mar,Early Sep-Mar,baseline_oct_mar,Baseline Oct-Mar,"Pelletier et al. JAMA Network Open 2025 untreated infants: 2,535 RSV-associated hospitalizations among 215,301 untreated infants.","U.S. Census Bureau Population Estimates Program, Vintage 2023 Annual Resident Population Estimates by Single Year of Age and Sex, age under 1 year.",28.02195870028325,28.02195870028325,72.02847702108588
nssp,"RSV ED visit percentage of total ED visits, all ages",2023-2024,Pennsylvania,uptake_100,Uptake 100%; otherwise reference,0.5383603259032418,0.6173982265674631,128878,Age under 1 year,2023,"U.S. Census Bureau Population Estimates Program, Vintage 2023 Annual Resident Population Estimates by Single Year of Age and Sex","https://api.census.gov/data/2023/pep/charv?get=NAME,POP,AGE_DESC,YEAR&for=state:*&YEAR=2023&AGE=0001&SEX=0",0.07903790066422134,0.011774214704994403,11.774214704994403,early_sep_mar,Early Sep-Mar,baseline_oct_mar,Baseline Oct-Mar,"Pelletier et al. JAMA Network Open 2025 untreated infants: 2,535 RSV-associated hospitalizations among 215,301 untreated infants.","U.S. Census Bureau Population Estimates Program, Vintage 2023 Annual Resident Population Estimates by Single Year of Age and Sex, age under 1 year.",119.93505405668566,119.93505405668566,93.06092122525618
nssp,"RSV ED visit percentage of total ED visits, all ages",2023-2024,Rhode Island,uptake_100,Uptake 100%; otherwise reference,0.5107293465581052,0.5981710372728762,10018,Age under 1 year,2023,"U.S. Census Bureau Population Estimates Program, Vintage 2023 Annual Resident Population Estimates by Single Year of Age and Sex","https://api.census.gov/data/2023/pep/charv?get=NAME,POP,AGE_DESC,YEAR&for=state:*&YEAR=2023&AGE=0001&SEX=0",0.08744169071477104,0.011774214704994403,11.774214704994403,early_sep_mar,Early Sep-Mar,baseline_oct_mar,Baseline Oct-Mar,"Pelletier et al. JAMA Network Open 2025 untreated infants: 2,535 RSV-associated hospitalizations among 215,301 untreated infants.","U.S. Census Bureau Population Estimates Program, Vintage 2023 Annual Resident Population Estimates by Single Year of Age and Sex, age under 1 year.",10.314104436765879,10.314104436765879,102.95572406434297
nssp,"RSV ED visit percentage of total ED visits, all ages",2023-2024,South Carolina,uptake_100,Uptake 100%; otherwise reference,0.4279839116841237,0.5469944554165824,57279,Age under 1 year,2023,"U.S. Census Bureau Population Estimates Program, Vintage 2023 Annual Resident Population Estimates by Single Year of Age and Sex","https://api.census.gov/data/2023/pep/charv?get=NAME,POP,AGE_DESC,YEAR&for=state:*&YEAR=2023&AGE=0001&SEX=0",0.11901054373245873,0.011774214704994403,11.774214704994403,early_sep_mar,Early Sep-Mar,baseline_oct_mar,Baseline Oct-Mar,"Pelletier et al. JAMA Network Open 2025 untreated infants: 2,535 RSV-associated hospitalizations among 215,301 untreated infants.","U.S. Census Bureau Population Estimates Program, Vintage 2023 Annual Resident Population Estimates by Single Year of Age and Sex, age under 1 year.",80.2625249002973,80.2625249002973,140.1255694064095
nssp,"RSV ED visit percentage of total ED visits, all ages",2023-2024,South Dakota,uptake_100,Uptake 100%; otherwise reference,0.6553678021866548,0.6889259095469348,11434,Age under 1 year,2023,"U.S. Census Bureau Population Estimates Program, Vintage 2023 Annual Resident Population Estimates by Single Year of Age and Sex","https://api.census.gov/data/2023/pep/charv?get=NAME,POP,AGE_DESC,YEAR&for=state:*&YEAR=2023&AGE=0001&SEX=0",0.033558107360279976,0.011774214704994403,11.774214704994403,early_sep_mar,Early Sep-Mar,baseline_oct_mar,Baseline Oct-Mar,"Pelletier et al. JAMA Network Open 2025 untreated infants: 2,535 RSV-associated hospitalizations among 215,301 untreated infants.","U.S. Census Bureau Population Estimates Program, Vintage 2023 Annual Resident Population Estimates by Single Year of Age and Sex, age under 1 year.",4.517806209425568,4.517806209425568,39.51203611531894
nssp,"RSV ED visit percentage of total ED visits, all ages",2023-2024,Tennessee,uptake_100,Uptake 100%; otherwise reference,0.44494044863804705,0.5562920105516656,81959,Age under 1 year,2023,"U.S. Census Bureau Population Estimates Program, Vintage 2023 Annual Resident Population Estimates by Single Year of Age and Sex","https://api.census.gov/data/2023/pep/charv?get=NAME,POP,AGE_DESC,YEAR&for=state:*&YEAR=2023&AGE=0001&SEX=0",0.1113515619136185,0.011774214704994403,11.774214704994403,early_sep_mar,Early Sep-Mar,baseline_oct_mar,Baseline Oct-Mar,"Pelletier et al. JAMA Network Open 2025 untreated infants: 2,535 RSV-associated hospitalizations among 215,301 untreated infants.","U.S. Census Bureau Population Estimates Program, Vintage 2023 Annual Resident Population Estimates by Single Year of Age and Sex, age under 1 year.",107.45457604690257,107.45457604690257,131.10771977074216
nssp,"RSV ED visit percentage of total ED visits, all ages",2023-2024,Texas,uptake_100,Uptake 100%; otherwise reference,0.4318648889772928,0.5447219490940092,389814,Age under 1 year,2023,"U.S. Census Bureau Population Estimates Program, Vintage 2023 Annual Resident Population Estimates by Single Year of Age and Sex","https://api.census.gov/data/2023/pep/charv?get=NAME,POP,AGE_DESC,YEAR&for=state:*&YEAR=2023&AGE=0001&SEX=0",0.11285706011671637,0.011774214704994403,11.774214704994403,early_sep_mar,Early Sep-Mar,baseline_oct_mar,Baseline Oct-Mar,"Pelletier et al. JAMA Network Open 2025 untreated infants: 2,535 RSV-associated hospitalizations among 215,301 untreated infants.","U.S. Census Bureau Population Estimates Program, Vintage 2023 Annual Resident Population Estimates by Single Year of Age and Sex, age under 1 year.",517.9861127418222,517.9861127418222,132.88032567886793
nssp,"RSV ED visit percentage of total ED visits, all ages",2023-2024,Utah,uptake_100,Uptake 100%; otherwise reference,0.6202834681578008,0.6756500604810368,45759,Age under 1 year,2023,"U.S. Census Bureau Population Estimates Program, Vintage 2023 Annual Resident Population Estimates by Single Year of Age and Sex","https://api.census.gov/data/2023/pep/charv?get=NAME,POP,AGE_DESC,YEAR&for=state:*&YEAR=2023&AGE=0001&SEX=0",0.05536659232323604,0.011774214704994403,11.774214704994403,early_sep_mar,Early Sep-Mar,baseline_oct_mar,Baseline Oct-Mar,"Pelletier et al. JAMA Network Open 2025 untreated infants: 2,535 RSV-associated hospitalizations among 215,301 untreated infants.","U.S. Census Bureau Population Estimates Program, Vintage 2023 Annual Resident Population Estimates by Single Year of Age and Sex, age under 1 year.",29.830207239828155,29.830207239828155,65.1898145497676
nssp,"RSV ED visit percentage of total ED visits, all ages",2023-2024,Vermont,uptake_100,Uptake 100%; otherwise reference,0.616081220751156,0.6721055331884606,5112,Age under 1 year,2023,"U.S. Census Bureau Population Estimates Program, Vintage 2023 Annual Resident Population Estimates by Single Year of Age and Sex","https://api.census.gov/data/2023/pep/charv?get=NAME,POP,AGE_DESC,YEAR&for=state:*&YEAR=2023&AGE=0001&SEX=0",0.056024312437304546,0.011774214704994403,11.774214704994403,early_sep_mar,Early Sep-Mar,baseline_oct_mar,Baseline Oct-Mar,"Pelletier et al. JAMA Network Open 2025 untreated infants: 2,535 RSV-associated hospitalizations among 215,301 untreated infants.","U.S. Census Bureau Population Estimates Program, Vintage 2023 Annual Resident Population Estimates by Single Year of Age and Sex, age under 1 year.",3.3720913524162492,3.3720913524162492,65.9642283336512
nssp,"RSV ED visit percentage of total ED visits, all ages",2023-2024,Virginia,uptake_100,Uptake 100%; otherwise reference,0.4489795295971759,0.5606211038649044,95290,Age under 1 year,2023,"U.S. Census Bureau Population Estimates Program, Vintage 2023 Annual Resident Population Estimates by Single Year of Age and Sex","https://api.census.gov/data/2023/pep/charv?get=NAME,POP,AGE_DESC,YEAR&for=state:*&YEAR=2023&AGE=0001&SEX=0",0.11164157426772847,0.011774214704994403,11.774214704994403,early_sep_mar,Early Sep-Mar,baseline_oct_mar,Baseline Oct-Mar,"Pelletier et al. JAMA Network Open 2025 untreated infants: 2,535 RSV-associated hospitalizations among 215,301 untreated infants.","U.S. Census Bureau Population Estimates Program, Vintage 2023 Annual Resident Population Estimates by Single Year of Age and Sex, age under 1 year.",125.2579298569975,125.2579298569975,131.44918654318133
nssp,"RSV ED visit percentage of total ED visits, all ages",2023-2024,Washington,uptake_100,Uptake 100%; otherwise reference,0.5742026288976326,0.6407822265629918,82456,Age under 1 year,2023,"U.S. Census Bureau Population Estimates Program, Vintage 2023 Annual Resident Population Estimates by Single Year of Age and Sex","https://api.census.gov/data/2023/pep/charv?get=NAME,POP,AGE_DESC,YEAR&for=state:*&YEAR=2023&AGE=0001&SEX=0",0.06657959766535915,0.011774214704994403,11.774214704994403,early_sep_mar,Early Sep-Mar,baseline_oct_mar,Baseline Oct-Mar,"Pelletier et al. JAMA Network Open 2025 untreated infants: 2,535 RSV-associated hospitalizations among 215,301 untreated infants.","U.S. Census Bureau Population Estimates Program, Vintage 2023 Annual Resident Population Estimates by Single Year of Age and Sex, age under 1 year.",64.63911183640992,64.63911183640992,78.39224778840827
nssp,"RSV ED visit percentage of total ED visits, all ages",2023-2024,West Virginia,uptake_100,Uptake 100%; otherwise reference,0.5744588114971995,0.6397960835888141,17135,Age under 1 year,2023,"U.S. Census Bureau Population Estimates Program, Vintage 2023 Annual Resident Population Estimates by Single Year of Age and Sex","https://api.census.gov/data/2023/pep/charv?get=NAME,POP,AGE_DESC,YEAR&for=state:*&YEAR=2023&AGE=0001&SEX=0",0.06533727209161466,0.011774214704994403,11.774214704994403,early_sep_mar,Early Sep-Mar,baseline_oct_mar,Baseline Oct-Mar,"Pelletier et al. JAMA Network Open 2025 untreated infants: 2,535 RSV-associated hospitalizations among 215,301 untreated infants.","U.S. Census Bureau Population Estimates Program, Vintage 2023 Annual Resident Population Estimates by Single Year of Age and Sex, age under 1 year.",13.181871021799383,13.181871021799383,76.92950698453099
nssp,"RSV ED visit percentage of total ED visits, all ages",2023-2024,Wisconsin,uptake_100,Uptake 100%; otherwise reference,0.6020844413575154,0.659574474898797,59547,Age under 1 year,2023,"U.S. Census Bureau Population Estimates Program, Vintage 2023 Annual Resident Population Estimates by Single Year of Age and Sex","https://api.census.gov/data/2023/pep/charv?get=NAME,POP,AGE_DESC,YEAR&for=state:*&YEAR=2023&AGE=0001&SEX=0",0.05749003354128157,0.011774214704994403,11.774214704994403,early_sep_mar,Early Sep-Mar,baseline_oct_mar,Baseline Oct-Mar,"Pelletier et al. JAMA Network Open 2025 untreated infants: 2,535 RSV-associated hospitalizations among 215,301 untreated infants.","U.S. Census Bureau Population Estimates Program, Vintage 2023 Annual Resident Population Estimates by Single Year of Age and Sex, age under 1 year.",40.30736419950723,40.30736419950723,67.6899998312379
nssp,"RSV ED visit percentage of total ED visits, all ages",2023-2024,Wyoming,uptake_100,Uptake 100%; otherwise reference,0.6295031606387208,0.6690297660778557,5847,Age under 1 year,2023,"U.S. Census Bureau Population Estimates Program, Vintage 2023 Annual Resident Population Estimates by Single Year of Age and Sex","https://api.census.gov/data/2023/pep/charv?get=NAME,POP,AGE_DESC,YEAR&for=state:*&YEAR=2023&AGE=0001&SEX=0",0.03952660543913489,0.011774214704994403,11.774214704994403,early_sep_mar,Early Sep-Mar,baseline_oct_mar,Baseline Oct-Mar,"Pelletier et al. JAMA Network Open 2025 untreated infants: 2,535 RSV-associated hospitalizations among 215,301 untreated infants.","U.S. Census Bureau Population Estimates Program, Vintage 2023 Annual Resident Population Estimates by Single Year of Age and Sex, age under 1 year.",2.721163038932846,2.721163038932846,46.539473899997375
nssp,"RSV ED visit percentage of total ED visits, all ages",2024-2025,Alabama,uptake_100,Uptake 100%; otherwise reference,0.5202580149687683,0.5965133466116395,57885,Age under 1 year,2023,"U.S. Census Bureau Population Estimates Program, Vintage 2023 Annual Resident Population Estimates by Single Year of Age and Sex","https://api.census.gov/data/2023/pep/charv?get=NAME,POP,AGE_DESC,YEAR&for=state:*&YEAR=2023&AGE=0001&SEX=0",0.07625533164287113,0.011774214704994403,11.774214704994403,early_sep_mar,Early Sep-Mar,baseline_oct_mar,Baseline Oct-Mar,"Pelletier et al. JAMA Network Open 2025 untreated infants: 2,535 RSV-associated hospitalizations among 215,301 untreated infants.","U.S. Census Bureau Population Estimates Program, Vintage 2023 Annual Resident Population Estimates by Single Year of Age and Sex, age under 1 year.",51.971853171071835,51.971853171071835,89.78466471637182
nssp,"RSV ED visit percentage of total ED visits, all ages",2024-2025,Alaska,uptake_100,Uptake 100%; otherwise reference,0.5903894169051911,0.648460095818135,9224,Age under 1 year,2023,"U.S. Census Bureau Population Estimates Program, Vintage 2023 Annual Resident Population Estimates by Single Year of Age and Sex","https://api.census.gov/data/2023/pep/charv?get=NAME,POP,AGE_DESC,YEAR&for=state:*&YEAR=2023&AGE=0001&SEX=0",0.05807067891294393,0.011774214704994403,11.774214704994403,early_sep_mar,Early Sep-Mar,baseline_oct_mar,Baseline Oct-Mar,"Pelletier et al. JAMA Network Open 2025 untreated infants: 2,535 RSV-associated hospitalizations among 215,301 untreated infants.","U.S. Census Bureau Population Estimates Program, Vintage 2023 Annual Resident Population Estimates by Single Year of Age and Sex, age under 1 year.",6.306786781987353,6.306786781987353,68.37366415857929
nssp,"RSV ED visit percentage of total ED visits, all ages",2024-2025,Arizona,uptake_100,Uptake 100%; otherwise reference,0.6490766359811081,0.6955669777680387,78075,Age under 1 year,2023,"U.S. Census Bureau Population Estimates Program, Vintage 2023 Annual Resident Population Estimates by Single Year of Age and Sex","https://api.census.gov/data/2023/pep/charv?get=NAME,POP,AGE_DESC,YEAR&for=state:*&YEAR=2023&AGE=0001&SEX=0",0.04649034178693057,0.011774214704994403,11.774214704994403,early_sep_mar,Early Sep-Mar,baseline_oct_mar,Baseline Oct-Mar,"Pelletier et al. JAMA Network Open 2025 untreated infants: 2,535 RSV-associated hospitalizations among 215,301 untreated infants.","U.S. Census Bureau Population Estimates Program, Vintage 2023 Annual Resident Population Estimates by Single Year of Age and Sex, age under 1 year.",42.7372607857588,42.7372607857588,54.73872659078937
nssp,"RSV ED visit percentage of total ED visits, all ages",2024-2025,Arkansas,uptake_100,Uptake 100%; otherwise reference,0.585418236111248,0.6440170188100165,35297,Age under 1 year,2023,"U.S. Census Bureau Population Estimates Program, Vintage 2023 Annual Resident Population Estimates by Single Year of Age and Sex","https://api.census.gov/data/2023/pep/charv?get=NAME,POP,AGE_DESC,YEAR&for=state:*&YEAR=2023&AGE=0001&SEX=0",0.0585987826987685,0.011774214704994403,11.774214704994403,early_sep_mar,Early Sep-Mar,baseline_oct_mar,Baseline Oct-Mar,"Pelletier et al. JAMA Network Open 2025 untreated infants: 2,535 RSV-associated hospitalizations among 215,301 untreated infants.","U.S. Census Bureau Population Estimates Program, Vintage 2023 Annual Resident Population Estimates by Single Year of Age and Sex, age under 1 year.",24.353329243868554,24.353329243868554,68.99546489466118
nssp,"RSV ED visit percentage of total ED visits, all ages",2024-2025,California,uptake_100,Uptake 100%; otherwise reference,0.616204731327882,0.6674840521034802,415125,Age under 1 year,2023,"U.S. Census Bureau Population Estimates Program, Vintage 2023 Annual Resident Population Estimates by Single Year of Age and Sex","https://api.census.gov/data/2023/pep/charv?get=NAME,POP,AGE_DESC,YEAR&for=state:*&YEAR=2023&AGE=0001&SEX=0",0.05127932077559816,0.011774214704994403,11.774214704994403,early_sep_mar,Early Sep-Mar,baseline_oct_mar,Baseline Oct-Mar,"Pelletier et al. JAMA Network Open 2025 untreated infants: 2,535 RSV-associated hospitalizations among 215,301 untreated infants.","U.S. Census Bureau Population Estimates Program, Vintage 2023 Annual Resident Population Estimates by Single Year of Age and Sex, age under 1 year.",250.64157080293398,250.64157080293398,60.377373273817284
nssp,"RSV ED visit percentage of total ED visits, all ages",2024-2025,Colorado,uptake_100,Uptake 100%; otherwise reference,0.6576513478090998,0.695460507828511,62168,Age under 1 year,2023,"U.S. Census Bureau Population Estimates Program, Vintage 2023 Annual Resident Population Estimates by Single Year of Age and Sex","https://api.census.gov/data/2023/pep/charv?get=NAME,POP,AGE_DESC,YEAR&for=state:*&YEAR=2023&AGE=0001&SEX=0",0.03780916001941115,0.011774214704994403,11.774214704994403,early_sep_mar,Early Sep-Mar,baseline_oct_mar,Baseline Oct-Mar,"Pelletier et al. JAMA Network Open 2025 untreated infants: 2,535 RSV-associated hospitalizations among 215,301 untreated infants.","U.S. Census Bureau Population Estimates Program, Vintage 2023 Annual Resident Population Estimates by Single Year of Age and Sex, age under 1 year.",27.675525501014825,27.675525501014825,44.517316788403726
nssp,"RSV ED visit percentage of total ED visits, all ages",2024-2025,Connecticut,uptake_100,Uptake 100%; otherwise reference,0.5750196138937627,0.6378603228054256,34935,Age under 1 year,2023,"U.S. Census Bureau Population Estimates Program, Vintage 2023 Annual Resident Population Estimates by Single Year of Age and Sex","https://api.census.gov/data/2023/pep/charv?get=NAME,POP,AGE_DESC,YEAR&for=state:*&YEAR=2023&AGE=0001&SEX=0",0.06284070891166293,0.011774214704994403,11.774214704994403,early_sep_mar,Early Sep-Mar,baseline_oct_mar,Baseline Oct-Mar,"Pelletier et al. JAMA Network Open 2025 untreated infants: 2,535 RSV-associated hospitalizations among 215,301 untreated infants.","U.S. Census Bureau Population Estimates Program, Vintage 2023 Annual Resident Population Estimates by Single Year of Age and Sex, age under 1 year.",25.84840646296801,25.84840646296801,73.98999989399746
nssp,"RSV ED visit percentage of total ED visits, all ages",2024-2025,Delaware,uptake_100,Uptake 100%; otherwise reference,0.563960407064414,0.6284305493272809,10745,Age under 1 year,2023,"U.S. Census Bureau Population Estimates Program, Vintage 2023 Annual Resident Population Estimates by Single Year of Age and Sex","https://api.census.gov/data/2023/pep/charv?get=NAME,POP,AGE_DESC,YEAR&for=state:*&YEAR=2023&AGE=0001&SEX=0",0.06447014226286696,0.011774214704994403,11.774214704994403,early_sep_mar,Early Sep-Mar,baseline_oct_mar,Baseline Oct-Mar,"Pelletier et al. JAMA Network Open 2025 untreated infants: 2,535 RSV-associated hospitalizations among 215,301 untreated infants.","U.S. Census Bureau Population Estimates Program, Vintage 2023 Annual Resident Population Estimates by Single Year of Age and Sex, age under 1 year.",8.156371516958368,8.156371516958368,75.90852970645294
nssp,"RSV ED visit percentage of total ED visits, all ages",2024-2025,District of Columbia,uptake_100,Uptake 100%; otherwise reference,0.5566946817367577,0.624829321379177,7791,Age under 1 year,2023,"U.S. Census Bureau Population Estimates Program, Vintage 2023 Annual Resident Population Estimates by Single Year of Age and Sex","https://api.census.gov/data/2023/pep/charv?get=NAME,POP,AGE_DESC,YEAR&for=state:*&YEAR=2023&AGE=0001&SEX=0",0.06813463964241928,0.011774214704994403,11.774214704994403,early_sep_mar,Early Sep-Mar,baseline_oct_mar,Baseline Oct-Mar,"Pelletier et al. JAMA Network Open 2025 untreated infants: 2,535 RSV-associated hospitalizations among 215,301 untreated infants.","U.S. Census Bureau Population Estimates Program, Vintage 2023 Annual Resident Population Estimates by Single Year of Age and Sex, age under 1 year.",6.250188545894712,6.250188545894712,80.22318759972677
nssp,"RSV ED visit percentage of total ED visits, all ages",2024-2025,Florida,uptake_100,Uptake 100%; otherwise reference,0.4780411104461827,0.5638797319282431,224670,Age under 1 year,2023,"U.S. Census Bureau Population Estimates Program, Vintage 2023 Annual Resident Population Estimates by Single Year of Age and Sex","https://api.census.gov/data/2023/pep/charv?get=NAME,POP,AGE_DESC,YEAR&for=state:*&YEAR=2023&AGE=0001&SEX=0",0.08583862148206045,0.011774214704994403,11.774214704994403,early_sep_mar,Early Sep-Mar,baseline_oct_mar,Baseline Oct-Mar,"Pelletier et al. JAMA Network Open 2025 untreated infants: 2,535 RSV-associated hospitalizations among 215,301 untreated infants.","U.S. Census Bureau Population Estimates Program, Vintage 2023 Annual Resident Population Estimates by Single Year of Age and Sex, age under 1 year.",227.07000566629554,227.07000566629554,101.06823593105247
nssp,"RSV ED visit percentage of total ED visits, all ages",2024-2025,Georgia,uptake_100,Uptake 100%; otherwise reference,0.5054473422059966,0.5928476095630448,125156,Age under 1 year,2023,"U.S. Census Bureau Population Estimates Program, Vintage 2023 Annual Resident Population Estimates by Single Year of Age and Sex","https://api.census.gov/data/2023/pep/charv?get=NAME,POP,AGE_DESC,YEAR&for=state:*&YEAR=2023&AGE=0001&SEX=0",0.0874002673570482,0.011774214704994403,11.774214704994403,early_sep_mar,Early Sep-Mar,baseline_oct_mar,Baseline Oct-Mar,"Pelletier et al. JAMA Network Open 2025 untreated infants: 2,535 RSV-associated hospitalizations among 215,301 untreated infants.","U.S. Census Bureau Population Estimates Program, Vintage 2023 Annual Resident Population Estimates by Single Year of Age and Sex, age under 1 year.",128.7942239860241,128.7942239860241,102.90695131357992
nssp,"RSV ED visit percentage of total ED visits, all ages",2024-2025,Hawaii,uptake_100,Uptake 100%; otherwise reference,0.5282290833039887,0.5993229376300137,15147,Age under 1 year,2023,"U.S. Census Bureau Population Estimates Program, Vintage 2023 Annual Resident Population Estimates by Single Year of Age and Sex","https://api.census.gov/data/2023/pep/charv?get=NAME,POP,AGE_DESC,YEAR&for=state:*&YEAR=2023&AGE=0001&SEX=0",0.071093854326025,0.011774214704994403,11.774214704994403,early_sep_mar,Early Sep-Mar,baseline_oct_mar,Baseline Oct-Mar,"Pelletier et al. JAMA Network Open 2025 untreated infants: 2,535 RSV-associated hospitalizations among 215,301 untreated infants.","U.S. Census Bureau Population Estimates Program, Vintage 2023 Annual Resident Population Estimates by Single Year of Age and Sex, age under 1 year.",12.679164498444115,12.679164498444115,83.70743050402135
nssp,"RSV ED visit percentage of total ED visits, all ages",2024-2025,Idaho,uptake_100,Uptake 100%; otherwise reference,0.6490732076952273,0.6928989324136962,22331,Age under 1 year,2023,"U.S. Census Bureau Population Estimates Program, Vintage 2023 Annual Resident Population Estimates by Single Year of Age and Sex","https://api.census.gov/data/2023/pep/charv?get=NAME,POP,AGE_DESC,YEAR&for=state:*&YEAR=2023&AGE=0001&SEX=0",0.043825724718468906,0.011774214704994403,11.774214704994403,early_sep_mar,Early Sep-Mar,baseline_oct_mar,Baseline Oct-Mar,"Pelletier et al. JAMA Network Open 2025 untreated infants: 2,535 RSV-associated hospitalizations among 215,301 untreated infants.","U.S. Census Bureau Population Estimates Program, Vintage 2023 Annual Resident Population Estimates by Single Year of Age and Sex, age under 1 year.",11.523097299615856,11.523097299615856,51.601349243723334
nssp,"RSV ED visit percentage of total ED visits, all ages",2024-2025,Illinois,uptake_100,Uptake 100%; otherwise reference,0.5949437171601174,0.650988551424897,126792,Age under 1 year,2023,"U.S. Census Bureau Population Estimates Program, Vintage 2023 Annual Resident Population Estimates by Single Year of Age and Sex","https://api.census.gov/data/2023/pep/charv?get=NAME,POP,AGE_DESC,YEAR&for=state:*&YEAR=2023&AGE=0001&SEX=0",0.056044834264779575,0.011774214704994403,11.774214704994403,early_sep_mar,Early Sep-Mar,baseline_oct_mar,Baseline Oct-Mar,"Pelletier et al. JAMA Network Open 2025 untreated infants: 2,535 RSV-associated hospitalizations among 215,301 untreated infants.","U.S. Census Bureau Population Estimates Program, Vintage 2023 Annual Resident Population Estimates by Single Year of Age and Sex, age under 1 year.",83.66800093725463,83.66800093725463,65.98839117393419
nssp,"RSV ED visit percentage of total ED visits, all ages",2024-2025,Indiana,uptake_100,Uptake 100%; otherwise reference,0.6197768210632396,0.6696292723024033,79101,Age under 1 year,2023,"U.S. Census Bureau Population Estimates Program, Vintage 2023 Annual Resident Population Estimates by Single Year of Age and Sex","https://api.census.gov/data/2023/pep/charv?get=NAME,POP,AGE_DESC,YEAR&for=state:*&YEAR=2023&AGE=0001&SEX=0",0.04985245123916371,0.011774214704994403,11.774214704994403,early_sep_mar,Early Sep-Mar,baseline_oct_mar,Baseline Oct-Mar,"Pelletier et al. JAMA Network Open 2025 untreated infants: 2,535 RSV-associated hospitalizations among 215,301 untreated infants.","U.S. Census Bureau Population Estimates Program, Vintage 2023 Annual Resident Population Estimates by Single Year of Age and Sex, age under 1 year.",46.43018801226452,46.43018801226452,58.69734644601778
nssp,"RSV ED visit percentage of total ED visits, all ages",2024-2025,Iowa,uptake_100,Uptake 100%; otherwise reference,0.6501594244449502,0.6901188178095329,36766,Age under 1 year,2023,"U.S. Census Bureau Population Estimates Program, Vintage 2023 Annual Resident Population Estimates by Single Year of Age and Sex","https://api.census.gov/data/2023/pep/charv?get=NAME,POP,AGE_DESC,YEAR&for=state:*&YEAR=2023&AGE=0001&SEX=0",0.03995939336458265,0.011774214704994403,11.774214704994403,early_sep_mar,Early Sep-Mar,baseline_oct_mar,Baseline Oct-Mar,"Pelletier et al. JAMA Network Open 2025 untreated infants: 2,535 RSV-associated hospitalizations among 215,301 untreated infants.","U.S. Census Bureau Population Estimates Program, Vintage 2023 Annual Resident Population Estimates by Single Year of Age and Sex, age under 1 year.",17.29805287576153,17.29805287576153,47.049047695592485
nssp,"RSV ED visit percentage of total ED visits, all ages",2024-2025,Kansas,uptake_100,Uptake 100%; otherwise reference,0.6367355220848218,0.681970858488211,34590,Age under 1 year,2023,"U.S. Census Bureau Population Estimates Program, Vintage 2023 Annual Resident Population Estimates by Single Year of Age and Sex","https://api.census.gov/data/2023/pep/charv?get=NAME,POP,AGE_DESC,YEAR&for=state:*&YEAR=2023&AGE=0001&SEX=0",0.04523533640338928,0.011774214704994403,11.774214704994403,early_sep_mar,Early Sep-Mar,baseline_oct_mar,Baseline Oct-Mar,"Pelletier et al. JAMA Network Open 2025 untreated infants: 2,535 RSV-associated hospitalizations among 215,301 untreated infants.","U.S. Census Bureau Population Estimates Program, Vintage 2023 Annual Resident Population Estimates by Single Year of Age and Sex, age under 1 year.",18.422999376458293,18.422999376458293,53.26105630661547
nssp,"RSV ED visit percentage of total ED visits, all ages",2024-2025,Kentucky,uptake_100,Uptake 100%; otherwise reference,0.5871120665049341,0.6368801612383445,52111,Age under 1 year,2023,"U.S. Census Bureau Population Estimates Program, Vintage 2023 Annual Resident Population Estimates by Single Year of Age and Sex","https://api.census.gov/data/2023/pep/charv?get=NAME,POP,AGE_DESC,YEAR&for=state:*&YEAR=2023&AGE=0001&SEX=0",0.04976809473341037,0.011774214704994403,11.774214704994403,early_sep_mar,Early Sep-Mar,baseline_oct_mar,Baseline Oct-Mar,"Pelletier et al. JAMA Network Open 2025 untreated infants: 2,535 RSV-associated hospitalizations among 215,301 untreated infants.","U.S. Census Bureau Population Estimates Program, Vintage 2023 Annual Resident Population Estimates by Single Year of Age and Sex, age under 1 year.",30.53601591402941,30.53601591402941,58.598023284967496
nssp,"RSV ED visit percentage of total ED visits, all ages",2024-2025,Louisiana,uptake_100,Uptake 100%; otherwise reference,0.5463745191623789,0.6183225765471337,55838,Age under 1 year,2023,"U.S. Census Bureau Population Estimates Program, Vintage 2023 Annual Resident Population Estimates by Single Year of Age and Sex","https://api.census.gov/data/2023/pep/charv?get=NAME,POP,AGE_DESC,YEAR&for=state:*&YEAR=2023&AGE=0001&SEX=0",0.07194805738475485,0.011774214704994403,11.774214704994403,early_sep_mar,Early Sep-Mar,baseline_oct_mar,Baseline Oct-Mar,"Pelletier et al. JAMA Network Open 2025 untreated infants: 2,535 RSV-associated hospitalizations among 215,301 untreated infants.","U.S. Census Bureau Population Estimates Program, Vintage 2023 Annual Resident Population Estimates by Single Year of Age and Sex, age under 1 year.",47.30214965050888,47.30214965050888,84.71318752553617
nssp,"RSV ED visit percentage of total ED visits, all ages",2024-2025,Maine,uptake_100,Uptake 100%; otherwise reference,0.660813836948933,0.6928219581662052,11892,Age under 1 year,2023,"U.S. Census Bureau Population Estimates Program, Vintage 2023 Annual Resident Population Estimates by Single Year of Age and Sex","https://api.census.gov/data/2023/pep/charv?get=NAME,POP,AGE_DESC,YEAR&for=state:*&YEAR=2023&AGE=0001&SEX=0",0.032008121217272145,0.011774214704994403,11.774214704994403,early_sep_mar,Early Sep-Mar,baseline_oct_mar,Baseline Oct-Mar,"Pelletier et al. JAMA Network Open 2025 untreated infants: 2,535 RSV-associated hospitalizations among 215,301 untreated infants.","U.S. Census Bureau Population Estimates Program, Vintage 2023 Annual Resident Population Estimates by Single Year of Age and Sex, age under 1 year.",4.481743885104098,4.481743885104098,37.687049151564906
nssp,"RSV ED visit percentage of total ED visits, all ages",2024-2025,Maryland,uptake_100,Uptake 100%; otherwise reference,0.542693317486885,0.6155069071294244,68060,Age under 1 year,2023,"U.S. Census Bureau Population Estimates Program, Vintage 2023 Annual Resident Population Estimates by Single Year of Age and Sex","https://api.census.gov/data/2023/pep/charv?get=NAME,POP,AGE_DESC,YEAR&for=state:*&YEAR=2023&AGE=0001&SEX=0",0.07281358964253937,0.011774214704994403,11.774214704994403,early_sep_mar,Early Sep-Mar,baseline_oct_mar,Baseline Oct-Mar,"Pelletier et al. JAMA Network Open 2025 untreated infants: 2,535 RSV-associated hospitalizations among 215,301 untreated infants.","U.S. Census Bureau Population Estimates Program, Vintage 2023 Annual Resident Population Estimates by Single Year of Age and Sex, age under 1 year.",58.349392346971385,58.349392346971385,85.73228378926152
nssp,"RSV ED visit percentage of total ED visits, all ages",2024-2025,Massachusetts,uptake_100,Uptake 100%; otherwise reference,0.5819891075475044,0.6426562990500508,69103,Age under 1 year,2023,"U.S. Census Bureau Population Estimates Program, Vintage 2023 Annual Resident Population Estimates by Single Year of Age and Sex","https://api.census.gov/data/2023/pep/charv?get=NAME,POP,AGE_DESC,YEAR&for=state:*&YEAR=2023&AGE=0001&SEX=0",0.0606671915025464,0.011774214704994403,11.774214704994403,early_sep_mar,Early Sep-Mar,baseline_oct_mar,Baseline Oct-Mar,"Pelletier et al. JAMA Network Open 2025 untreated infants: 2,535 RSV-associated hospitalizations among 215,301 untreated infants.","U.S. Census Bureau Population Estimates Program, Vintage 2023 Annual Resident Population Estimates by Single Year of Age and Sex, age under 1 year.",49.36086292214444,49.36086292214444,71.43085382999934
nssp,"RSV ED visit percentage of total ED visits, all ages",2024-2025,Michigan,uptake_100,Uptake 100%; otherwise reference,0.6183821289875302,0.6678094172845906,101385,Age under 1 year,2023,"U.S. Census Bureau Population Estimates Program, Vintage 2023 Annual Resident Population Estimates by Single Year of Age and Sex","https://api.census.gov/data/2023/pep/charv?get=NAME,POP,AGE_DESC,YEAR&for=state:*&YEAR=2023&AGE=0001&SEX=0",0.049427288297060445,0.011774214704994403,11.774214704994403,early_sep_mar,Early Sep-Mar,baseline_oct_mar,Baseline Oct-Mar,"Pelletier et al. JAMA Network Open 2025 untreated infants: 2,535 RSV-associated hospitalizations among 215,301 untreated infants.","U.S. Census Bureau Population Estimates Program, Vintage 2023 Annual Resident Population Estimates by Single Year of Age and Sex, age under 1 year.",59.0027754635276,59.0027754635276,58.19675046952469
nssp,"RSV ED visit percentage of total ED visits, all ages",2024-2025,Minnesota,uptake_100,Uptake 100%; otherwise reference,0.6571105038080601,0.6983602011352031,63637,Age under 1 year,2023,"U.S. Census Bureau Population Estimates Program, Vintage 2023 Annual Resident Population Estimates by Single Year of Age and Sex","https://api.census.gov/data/2023/pep/charv?get=NAME,POP,AGE_DESC,YEAR&for=state:*&YEAR=2023&AGE=0001&SEX=0",0.04124969732714301,0.011774214704994403,11.774214704994403,early_sep_mar,Early Sep-Mar,baseline_oct_mar,Baseline Oct-Mar,"Pelletier et al. JAMA Network Open 2025 untreated infants: 2,535 RSV-associated hospitalizations among 215,301 untreated infants.","U.S. Census Bureau Population Estimates Program, Vintage 2023 Annual Resident Population Estimates by Single Year of Age and Sex, age under 1 year.",30.907395888329162,30.907395888329162,48.56827928458156
nssp,"RSV ED visit percentage of total ED visits, all ages",2024-2025,Mississippi,uptake_100,Uptake 100%; otherwise reference,0.5009275835149745,0.5869152932708301,34372,Age under 1 year,2023,"U.S. Census Bureau Population Estimates Program, Vintage 2023 Annual Resident Population Estimates by Single Year of Age and Sex","https://api.census.gov/data/2023/pep/charv?get=NAME,POP,AGE_DESC,YEAR&for=state:*&YEAR=2023&AGE=0001&SEX=0",0.08598770975585568,0.011774214704994403,11.774214704994403,early_sep_mar,Early Sep-Mar,baseline_oct_mar,Baseline Oct-Mar,"Pelletier et al. JAMA Network Open 2025 untreated infants: 2,535 RSV-associated hospitalizations among 215,301 untreated infants.","U.S. Census Bureau Population Estimates Program, Vintage 2023 Annual Resident Population Estimates by Single Year of Age and Sex, age under 1 year.",34.79951057178645,34.79951057178645,101.24377566561867
nssp,"RSV ED visit percentage of total ED visits, all ages",2024-2025,Missouri,uptake_100,Uptake 100%; otherwise reference,0.6848361620187905,0.6819745834679725,67996,Age under 1 year,2023,"U.S. Census Bureau Population Estimates Program, Vintage 2023 Annual Resident Population Estimates by Single Year of Age and Sex","https://api.census.gov/data/2023/pep/charv?get=NAME,POP,AGE_DESC,YEAR&for=state:*&YEAR=2023&AGE=0001&SEX=0",-0.0028615785508180336,0.011774214704994403,11.774214704994403,early_sep_mar,Early Sep-Mar,baseline_oct_mar,Baseline Oct-Mar,"Pelletier et al. JAMA Network Open 2025 untreated infants: 2,535 RSV-associated hospitalizations among 215,301 untreated infants.","U.S. Census Bureau Population Estimates Program, Vintage 2023 Annual Resident Population Estimates by Single Year of Age and Sex, age under 1 year.",-2.2909783658115916,-2.2909783658115916,-3.3692840252538265
nssp,"RSV ED visit percentage of total ED visits, all ages",2024-2025,Montana,uptake_100,Uptake 100%; otherwise reference,0.6943842515520492,0.7135349803735667,11266,Age under 1 year,2023,"U.S. Census Bureau Population Estimates Program, Vintage 2023 Annual Resident Population Estimates by Single Year of Age and Sex","https://api.census.gov/data/2023/pep/charv?get=NAME,POP,AGE_DESC,YEAR&for=state:*&YEAR=2023&AGE=0001&SEX=0",0.01915072882151747,0.011774214704994403,11.774214704994403,early_sep_mar,Early Sep-Mar,baseline_oct_mar,Baseline Oct-Mar,"Pelletier et al. JAMA Network Open 2025 untreated infants: 2,535 RSV-associated hospitalizations among 215,301 untreated infants.","U.S. Census Bureau Population Estimates Program, Vintage 2023 Annual Resident Population Estimates by Single Year of Age and Sex, age under 1 year.",2.540311676830227,2.540311676830227,22.548479290167116
nssp,"RSV ED visit percentage of total ED visits, all ages",2024-2025,Nebraska,uptake_100,Uptake 100%; otherwise reference,0.6658665784945098,0.6976633843954149,24144,Age under 1 year,2023,"U.S. Census Bureau Population Estimates Program, Vintage 2023 Annual Resident Population Estimates by Single Year of Age and Sex","https://api.census.gov/data/2023/pep/charv?get=NAME,POP,AGE_DESC,YEAR&for=state:*&YEAR=2023&AGE=0001&SEX=0",0.031796805900905056,0.011774214704994403,11.774214704994403,early_sep_mar,Early Sep-Mar,baseline_oct_mar,Baseline Oct-Mar,"Pelletier et al. JAMA Network Open 2025 untreated infants: 2,535 RSV-associated hospitalizations among 215,301 untreated infants.","U.S. Census Bureau Population Estimates Program, Vintage 2023 Annual Resident Population Estimates by Single Year of Age and Sex, age under 1 year.",9.039089139070821,9.039089139070821,37.438241961028915
nssp,"RSV ED visit percentage of total ED visits, all ages",2024-2025,Nevada,uptake_100,Uptake 100%; otherwise reference,0.6227008454862586,0.6742124118450603,32716,Age under 1 year,2023,"U.S. Census Bureau Population Estimates Program, Vintage 2023 Annual Resident Population Estimates by Single Year of Age and Sex","https://api.census.gov/data/2023/pep/charv?get=NAME,POP,AGE_DESC,YEAR&for=state:*&YEAR=2023&AGE=0001&SEX=0",0.05151156635880172,0.011774214704994403,11.774214704994403,early_sep_mar,Early Sep-Mar,baseline_oct_mar,Baseline Oct-Mar,"Pelletier et al. JAMA Network Open 2025 untreated infants: 2,535 RSV-associated hospitalizations among 215,301 untreated infants.","U.S. Census Bureau Population Estimates Program, Vintage 2023 Annual Resident Population Estimates by Single Year of Age and Sex, age under 1 year.",19.8425236485141,19.8425236485141,60.65082420990982
nssp,"RSV ED visit percentage of total ED visits, all ages",2024-2025,New Hampshire,uptake_100,Uptake 100%; otherwise reference,0.6204803748798755,0.6682236505877492,12164,Age under 1 year,2023,"U.S. Census Bureau Population Estimates Program, Vintage 2023 Annual Resident Population Estimates by Single Year of Age and Sex","https://api.census.gov/data/2023/pep/charv?get=NAME,POP,AGE_DESC,YEAR&for=state:*&YEAR=2023&AGE=0001&SEX=0",0.047743275707873734,0.011774214704994403,11.774214704994403,early_sep_mar,Early Sep-Mar,baseline_oct_mar,Baseline Oct-Mar,"Pelletier et al. JAMA Network Open 2025 untreated infants: 2,535 RSV-associated hospitalizations among 215,301 untreated infants.","U.S. Census Bureau Population Estimates Program, Vintage 2023 Annual Resident Population Estimates by Single Year of Age and Sex, age under 1 year.",6.837865837791284,6.837865837791284,56.2139578904249
nssp,"RSV ED visit percentage of total ED visits, all ages",2024-2025,New Jersey,uptake_100,Uptake 100%; otherwise reference,0.5569391934469241,0.6251119137526258,102477,Age under 1 year,2023,"U.S. Census Bureau Population Estimates Program, Vintage 2023 Annual Resident Population Estimates by Single Year of Age and Sex","https://api.census.gov/data/2023/pep/charv?get=NAME,POP,AGE_DESC,YEAR&for=state:*&YEAR=2023&AGE=0001&SEX=0",0.06817272030570165,0.011774214704994403,11.774214704994403,early_sep_mar,Early Sep-Mar,baseline_oct_mar,Baseline Oct-Mar,"Pelletier et al. JAMA Network Open 2025 untreated infants: 2,535 RSV-associated hospitalizations among 215,301 untreated infants.","U.S. Census Bureau Population Estimates Program, Vintage 2023 Annual Resident Population Estimates by Single Year of Age and Sex, age under 1 year.",82.25626355938768,82.25626355938768,80.2680245902863
nssp,"RSV ED visit percentage of total ED visits, all ages",2024-2025,New Mexico,uptake_100,Uptake 100%; otherwise reference,0.6719222928761872,0.7130128677320332,20589,Age under 1 year,2023,"U.S. Census Bureau Population Estimates Program, Vintage 2023 Annual Resident Population Estimates by Single Year of Age and Sex","https://api.census.gov/data/2023/pep/charv?get=NAME,POP,AGE_DESC,YEAR&for=state:*&YEAR=2023&AGE=0001&SEX=0",0.041090574855845996,0.011774214704994403,11.774214704994403,early_sep_mar,Early Sep-Mar,baseline_oct_mar,Baseline Oct-Mar,"Pelletier et al. JAMA Network Open 2025 untreated infants: 2,535 RSV-associated hospitalizations among 215,301 untreated infants.","U.S. Census Bureau Population Estimates Program, Vintage 2023 Annual Resident Population Estimates by Single Year of Age and Sex, age under 1 year.",9.96114866275238,9.96114866275238,48.38092507043752
nssp,"RSV ED visit percentage of total ED visits, all ages",2024-2025,New York,uptake_100,Uptake 100%; otherwise reference,0.5710917355854872,0.6350510373799744,209673,Age under 1 year,2023,"U.S. Census Bureau Population Estimates Program, Vintage 2023 Annual Resident Population Estimates by Single Year of Age and Sex","https://api.census.gov/data/2023/pep/charv?get=NAME,POP,AGE_DESC,YEAR&for=state:*&YEAR=2023&AGE=0001&SEX=0",0.06395930179448717,0.011774214704994403,11.774214704994403,early_sep_mar,Early Sep-Mar,baseline_oct_mar,Baseline Oct-Mar,"Pelletier et al. JAMA Network Open 2025 untreated infants: 2,535 RSV-associated hospitalizations among 215,301 untreated infants.","U.S. Census Bureau Population Estimates Program, Vintage 2023 Annual Resident Population Estimates by Single Year of Age and Sex, age under 1 year.",157.89856178865426,157.89856178865426,75.30705517098258
nssp,"RSV ED visit percentage of total ED visits, all ages",2024-2025,North Carolina,uptake_100,Uptake 100%; otherwise reference,0.6046810085986316,0.6577241394490402,120602,Age under 1 year,2023,"U.S. Census Bureau Population Estimates Program, Vintage 2023 Annual Resident Population Estimates by Single Year of Age and Sex","https://api.census.gov/data/2023/pep/charv?get=NAME,POP,AGE_DESC,YEAR&for=state:*&YEAR=2023&AGE=0001&SEX=0",0.05304313085040857,0.011774214704994403,11.774214704994403,early_sep_mar,Early Sep-Mar,baseline_oct_mar,Baseline Oct-Mar,"Pelletier et al. JAMA Network Open 2025 untreated infants: 2,535 RSV-associated hospitalizations among 215,301 untreated infants.","U.S. Census Bureau Population Estimates Program, Vintage 2023 Annual Resident Population Estimates by Single Year of Age and Sex, age under 1 year.",75.32091916011595,75.32091916011595,62.454121125782294
nssp,"RSV ED visit percentage of total ED visits, all ages",2024-2025,North Dakota,uptake_100,Uptake 100%; otherwise reference,0.6921439275772615,0.7177173511656947,9626,Age under 1 year,2023,"U.S. Census Bureau Population Estimates Program, Vintage 2023 Annual Resident Population Estimates by Single Year of Age and Sex","https://api.census.gov/data/2023/pep/charv?get=NAME,POP,AGE_DESC,YEAR&for=state:*&YEAR=2023&AGE=0001&SEX=0",0.025573423588433175,0.011774214704994403,11.774214704994403,early_sep_mar,Early Sep-Mar,baseline_oct_mar,Baseline Oct-Mar,"Pelletier et al. JAMA Network Open 2025 untreated infants: 2,535 RSV-associated hospitalizations among 215,301 untreated infants.","U.S. Census Bureau Population Estimates Program, Vintage 2023 Annual Resident Population Estimates by Single Year of Age and Sex, age under 1 year.",2.8984557901728856,2.8984557901728856,30.110698007198064
nssp,"RSV ED visit percentage of total ED visits, all ages",2024-2025,Ohio,uptake_100,Uptake 100%; otherwise reference,0.6005849005070945,0.6552987640066679,128059,Age under 1 year,2023,"U.S. Census Bureau Population Estimates Program, Vintage 2023 Annual Resident Population Estimates by Single Year of Age and Sex","https://api.census.gov/data/2023/pep/charv?get=NAME,POP,AGE_DESC,YEAR&for=state:*&YEAR=2023&AGE=0001&SEX=0",0.05471386349957341,0.011774214704994403,11.774214704994403,early_sep_mar,Early Sep-Mar,baseline_oct_mar,Baseline Oct-Mar,"Pelletier et al. JAMA Network Open 2025 untreated infants: 2,535 RSV-associated hospitalizations among 215,301 untreated infants.","U.S. Census Bureau Population Estimates Program, Vintage 2023 Annual Resident Population Estimates by Single Year of Age and Sex, age under 1 year.",82.49724390531277,82.49724390531277,64.42127761837338
nssp,"RSV ED visit percentage of total ED visits, all ages",2024-2025,Oklahoma,uptake_100,Uptake 100%; otherwise reference,0.6368112361568633,0.6888514960626619,47714,Age under 1 year,2023,"U.S. Census Bureau Population Estimates Program, Vintage 2023 Annual Resident Population Estimates by Single Year of Age and Sex","https://api.census.gov/data/2023/pep/charv?get=NAME,POP,AGE_DESC,YEAR&for=state:*&YEAR=2023&AGE=0001&SEX=0",0.052040259905798636,0.011774214704994403,11.774214704994403,early_sep_mar,Early Sep-Mar,baseline_oct_mar,Baseline Oct-Mar,"Pelletier et al. JAMA Network Open 2025 untreated infants: 2,535 RSV-associated hospitalizations among 215,301 untreated infants.","U.S. Census Bureau Population Estimates Program, Vintage 2023 Annual Resident Population Estimates by Single Year of Age and Sex, age under 1 year.",29.235951591537788,29.235951591537788,61.273319343458496
nssp,"RSV ED visit percentage of total ED visits, all ages",2024-2025,Oregon,uptake_100,Uptake 100%; otherwise reference,0.6550335973424732,0.6980986449140042,38904,Age under 1 year,2023,"U.S. Census Bureau Population Estimates Program, Vintage 2023 Annual Resident Population Estimates by Single Year of Age and Sex","https://api.census.gov/data/2023/pep/charv?get=NAME,POP,AGE_DESC,YEAR&for=state:*&YEAR=2023&AGE=0001&SEX=0",0.04306504757153096,0.011774214704994403,11.774214704994403,early_sep_mar,Early Sep-Mar,baseline_oct_mar,Baseline Oct-Mar,"Pelletier et al. JAMA Network Open 2025 untreated infants: 2,535 RSV-associated hospitalizations among 215,301 untreated infants.","U.S. Census Bureau Population Estimates Program, Vintage 2023 Annual Resident Population Estimates by Single Year of Age and Sex, age under 1 year.",19.72655005595888,19.72655005595888,50.70571163880033
nssp,"RSV ED visit percentage of total ED visits, all ages",2024-2025,Pennsylvania,uptake_100,Uptake 100%; otherwise reference,0.6074510977604043,0.6620008522500023,128878,Age under 1 year,2023,"U.S. Census Bureau Population Estimates Program, Vintage 2023 Annual Resident Population Estimates by Single Year of Age and Sex","https://api.census.gov/data/2023/pep/charv?get=NAME,POP,AGE_DESC,YEAR&for=state:*&YEAR=2023&AGE=0001&SEX=0",0.05454975448959798,0.011774214704994403,11.774214704994403,early_sep_mar,Early Sep-Mar,baseline_oct_mar,Baseline Oct-Mar,"Pelletier et al. JAMA Network Open 2025 untreated infants: 2,535 RSV-associated hospitalizations among 215,301 untreated infants.","U.S. Census Bureau Population Estimates Program, Vintage 2023 Annual Resident Population Estimates by Single Year of Age and Sex, age under 1 year.",82.77582904539965,82.77582904539965,64.2280521465259
nssp,"RSV ED visit percentage of total ED visits, all ages",2024-2025,Rhode Island,uptake_100,Uptake 100%; otherwise reference,0.5919201755938691,0.6510125060480408,10018,Age under 1 year,2023,"U.S. Census Bureau Population Estimates Program, Vintage 2023 Annual Resident Population Estimates by Single Year of Age and Sex","https://api.census.gov/data/2023/pep/charv?get=NAME,POP,AGE_DESC,YEAR&for=state:*&YEAR=2023&AGE=0001&SEX=0",0.059092330454171726,0.011774214704994403,11.774214704994403,early_sep_mar,Early Sep-Mar,baseline_oct_mar,Baseline Oct-Mar,"Pelletier et al. JAMA Network Open 2025 untreated infants: 2,535 RSV-associated hospitalizations among 215,301 untreated infants.","U.S. Census Bureau Population Estimates Program, Vintage 2023 Annual Resident Population Estimates by Single Year of Age and Sex, age under 1 year.",6.970181646010319,6.970181646010319,69.57657861858974
nssp,"RSV ED visit percentage of total ED visits, all ages",2024-2025,South Carolina,uptake_100,Uptake 100%; otherwise reference,0.5496610972561254,0.6175617672196991,57279,Age under 1 year,2023,"U.S. Census Bureau Population Estimates Program, Vintage 2023 Annual Resident Population Estimates by Single Year of Age and Sex","https://api.census.gov/data/2023/pep/charv?get=NAME,POP,AGE_DESC,YEAR&for=state:*&YEAR=2023&AGE=0001&SEX=0",0.06790066996357369,0.011774214704994403,11.774214704994403,early_sep_mar,Early Sep-Mar,baseline_oct_mar,Baseline Oct-Mar,"Pelletier et al. JAMA Network Open 2025 untreated infants: 2,535 RSV-associated hospitalizations among 215,301 untreated infants.","U.S. Census Bureau Population Estimates Program, Vintage 2023 Annual Resident Population Estimates by Single Year of Age and Sex, age under 1 year.",45.7932469071798,45.7932469071798,79.94770667640812
nssp,"RSV ED visit percentage of total ED visits, all ages",2024-2025,South Dakota,uptake_100,Uptake 100%; otherwise reference,0.6808420957098418,0.7011847118423417,11434,Age under 1 year,2023,"U.S. Census Bureau Population Estimates Program, Vintage 2023 Annual Resident Population Estimates by Single Year of Age and Sex","https://api.census.gov/data/2023/pep/charv?get=NAME,POP,AGE_DESC,YEAR&for=state:*&YEAR=2023&AGE=0001&SEX=0",0.02034261613249988,0.011774214704994403,11.774214704994403,early_sep_mar,Early Sep-Mar,baseline_oct_mar,Baseline Oct-Mar,"Pelletier et al. JAMA Network Open 2025 untreated infants: 2,535 RSV-associated hospitalizations among 215,301 untreated infants.","U.S. Census Bureau Population Estimates Program, Vintage 2023 Annual Resident Population Estimates by Single Year of Age and Sex, age under 1 year.",2.738652585281017,2.738652585281017,23.951833000533647
nssp,"RSV ED visit percentage of total ED visits, all ages",2024-2025,Tennessee,uptake_100,Uptake 100%; otherwise reference,0.5416792926424794,0.6158343723234273,81959,Age under 1 year,2023,"U.S. Census Bureau Population Estimates Program, Vintage 2023 Annual Resident Population Estimates by Single Year of Age and Sex","https://api.census.gov/data/2023/pep/charv?get=NAME,POP,AGE_DESC,YEAR&for=state:*&YEAR=2023&AGE=0001&SEX=0",0.07415507968094792,0.011774214704994403,11.774214704994403,early_sep_mar,Early Sep-Mar,baseline_oct_mar,Baseline Oct-Mar,"Pelletier et al. JAMA Network Open 2025 untreated infants: 2,535 RSV-associated hospitalizations among 215,301 untreated infants.","U.S. Census Bureau Population Estimates Program, Vintage 2023 Annual Resident Population Estimates by Single Year of Age and Sex, age under 1 year.",71.55986419859998,71.55986419859998,87.31178296294487
nssp,"RSV ED visit percentage of total ED visits, all ages",2024-2025,Texas,uptake_100,Uptake 100%; otherwise reference,0.5289441303622833,0.6083477868929298,389814,Age under 1 year,2023,"U.S. Census Bureau Population Estimates Program, Vintage 2023 Annual Resident Population Estimates by Single Year of Age and Sex","https://api.census.gov/data/2023/pep/charv?get=NAME,POP,AGE_DESC,YEAR&for=state:*&YEAR=2023&AGE=0001&SEX=0",0.07940365653064652,0.011774214704994403,11.774214704994403,early_sep_mar,Early Sep-Mar,baseline_oct_mar,Baseline Oct-Mar,"Pelletier et al. JAMA Network Open 2025 untreated infants: 2,535 RSV-associated hospitalizations among 215,301 untreated infants.","U.S. Census Bureau Population Estimates Program, Vintage 2023 Annual Resident Population Estimates by Single Year of Age and Sex, age under 1 year.",364.44322881758484,364.44322881758484,93.49157003534631
nssp,"RSV ED visit percentage of total ED visits, all ages",2024-2025,Utah,uptake_100,Uptake 100%; otherwise reference,0.6676412298449083,0.7088330645654153,45759,Age under 1 year,2023,"U.S. Census Bureau Population Estimates Program, Vintage 2023 Annual Resident Population Estimates by Single Year of Age and Sex","https://api.census.gov/data/2023/pep/charv?get=NAME,POP,AGE_DESC,YEAR&for=state:*&YEAR=2023&AGE=0001&SEX=0",0.041191834720507026,0.011774214704994403,11.774214704994403,early_sep_mar,Early Sep-Mar,baseline_oct_mar,Baseline Oct-Mar,"Pelletier et al. JAMA Network Open 2025 untreated infants: 2,535 RSV-associated hospitalizations among 215,301 untreated infants.","U.S. Census Bureau Population Estimates Program, Vintage 2023 Annual Resident Population Estimates by Single Year of Age and Sex, age under 1 year.",22.19318391725892,22.19318391725892,48.500150609189284
nssp,"RSV ED visit percentage of total ED visits, all ages",2024-2025,Vermont,uptake_100,Uptake 100%; otherwise reference,0.6319880520599631,0.6754420262603433,5112,Age under 1 year,2023,"U.S. Census Bureau Population Estimates Program, Vintage 2023 Annual Resident Population Estimates by Single Year of Age and Sex","https://api.census.gov/data/2023/pep/charv?get=NAME,POP,AGE_DESC,YEAR&for=state:*&YEAR=2023&AGE=0001&SEX=0",0.04345397420038022,0.011774214704994403,11.774214704994403,early_sep_mar,Early Sep-Mar,baseline_oct_mar,Baseline Oct-Mar,"Pelletier et al. JAMA Network Open 2025 untreated infants: 2,535 RSV-associated hospitalizations among 215,301 untreated infants.","U.S. Census Bureau Population Estimates Program, Vintage 2023 Annual Resident Population Estimates by Single Year of Age and Sex, age under 1 year.",2.615485389369124,2.615485389369124,51.16364220205642
nssp,"RSV ED visit percentage of total ED visits, all ages",2024-2025,Virginia,uptake_100,Uptake 100%; otherwise reference,0.560358843777952,0.6246744313477155,95290,Age under 1 year,2023,"U.S. Census Bureau Population Estimates Program, Vintage 2023 Annual Resident Population Estimates by Single Year of Age and Sex","https://api.census.gov/data/2023/pep/charv?get=NAME,POP,AGE_DESC,YEAR&for=state:*&YEAR=2023&AGE=0001&SEX=0",0.06431558756976352,0.011774214704994403,11.774214704994403,early_sep_mar,Early Sep-Mar,baseline_oct_mar,Baseline Oct-Mar,"Pelletier et al. JAMA Network Open 2025 untreated infants: 2,535 RSV-associated hospitalizations among 215,301 untreated infants.","U.S. Census Bureau Population Estimates Program, Vintage 2023 Annual Resident Population Estimates by Single Year of Age and Sex, age under 1 year.",72.15983301351321,72.15983301351321,75.72655369242649
nssp,"RSV ED visit percentage of total ED visits, all ages",2024-2025,Washington,uptake_100,Uptake 100%; otherwise reference,0.6238287343308311,0.6719938123366821,82456,Age under 1 year,2023,"U.S. Census Bureau Population Estimates Program, Vintage 2023 Annual Resident Population Estimates by Single Year of Age and Sex","https://api.census.gov/data/2023/pep/charv?get=NAME,POP,AGE_DESC,YEAR&for=state:*&YEAR=2023&AGE=0001&SEX=0",0.048165078005851014,0.011774214704994403,11.774214704994403,early_sep_mar,Early Sep-Mar,baseline_oct_mar,Baseline Oct-Mar,"Pelletier et al. JAMA Network Open 2025 untreated infants: 2,535 RSV-associated hospitalizations among 215,301 untreated infants.","U.S. Census Bureau Population Estimates Program, Vintage 2023 Annual Resident Population Estimates by Single Year of Age and Sex, age under 1 year.",46.76128983953687,46.76128983953687,56.71059697236935
nssp,"RSV ED visit percentage of total ED visits, all ages",2024-2025,West Virginia,uptake_100,Uptake 100%; otherwise reference,0.6478855674985733,0.6767808408172632,17135,Age under 1 year,2023,"U.S. Census Bureau Population Estimates Program, Vintage 2023 Annual Resident Population Estimates by Single Year of Age and Sex","https://api.census.gov/data/2023/pep/charv?get=NAME,POP,AGE_DESC,YEAR&for=state:*&YEAR=2023&AGE=0001&SEX=0",0.028895273318689907,0.011774214704994403,11.774214704994403,early_sep_mar,Early Sep-Mar,baseline_oct_mar,Baseline Oct-Mar,"Pelletier et al. JAMA Network Open 2025 untreated infants: 2,535 RSV-associated hospitalizations among 215,301 untreated infants.","U.S. Census Bureau Population Estimates Program, Vintage 2023 Annual Resident Population Estimates by Single Year of Age and Sex, age under 1 year.",5.829655169755626,5.829655169755626,34.021915201375116
nssp,"RSV ED visit percentage of total ED visits, all ages",2024-2025,Wisconsin,uptake_100,Uptake 100%; otherwise reference,0.6626717677196797,0.7001191704578971,59547,Age under 1 year,2023,"U.S. Census Bureau Population Estimates Program, Vintage 2023 Annual Resident Population Estimates by Single Year of Age and Sex","https://api.census.gov/data/2023/pep/charv?get=NAME,POP,AGE_DESC,YEAR&for=state:*&YEAR=2023&AGE=0001&SEX=0",0.03744740273821734,0.011774214704994403,11.774214704994403,early_sep_mar,Early Sep-Mar,baseline_oct_mar,Baseline Oct-Mar,"Pelletier et al. JAMA Network Open 2025 untreated infants: 2,535 RSV-associated hospitalizations among 215,301 untreated infants.","U.S. Census Bureau Population Estimates Program, Vintage 2023 Annual Resident Population Estimates by Single Year of Age and Sex, age under 1 year.",26.25509166577715,26.25509166577715,44.09137599841663
nssp,"RSV ED visit percentage of total ED visits, all ages",2024-2025,Wyoming,uptake_100,Uptake 100%; otherwise reference,0.6722097069669839,0.6979485837171018,5847,Age under 1 year,2023,"U.S. Census Bureau Population Estimates Program, Vintage 2023 Annual Resident Population Estimates by Single Year of Age and Sex","https://api.census.gov/data/2023/pep/charv?get=NAME,POP,AGE_DESC,YEAR&for=state:*&YEAR=2023&AGE=0001&SEX=0",0.02573887675011788,0.011774214704994403,11.774214704994403,early_sep_mar,Early Sep-Mar,baseline_oct_mar,Baseline Oct-Mar,"Pelletier et al. JAMA Network Open 2025 untreated infants: 2,535 RSV-associated hospitalizations among 215,301 untreated infants.","U.S. Census Bureau Population Estimates Program, Vintage 2023 Annual Resident Population Estimates by Single Year of Age and Sex, age under 1 year.",1.7719629423761034,1.7719629423761034,30.30550611212765
nssp,"RSV ED visit percentage of total ED visits, all ages",2025-2026,Alabama,uptake_100,Uptake 100%; otherwise reference,0.5357660535223885,0.5936284195907733,57885,Age under 1 year,2023,"U.S. Census Bureau Population Estimates Program, Vintage 2023 Annual Resident Population Estimates by Single Year of Age and Sex","https://api.census.gov/data/2023/pep/charv?get=NAME,POP,AGE_DESC,YEAR&for=state:*&YEAR=2023&AGE=0001&SEX=0",0.057862366068384796,0.011774214704994403,11.774214704994403,early_sep_mar,Early Sep-Mar,baseline_oct_mar,Baseline Oct-Mar,"Pelletier et al. JAMA Network Open 2025 untreated infants: 2,535 RSV-associated hospitalizations among 215,301 untreated infants.","U.S. Census Bureau Population Estimates Program, Vintage 2023 Annual Resident Population Estimates by Single Year of Age and Sex, age under 1 year.",39.4361197918682,39.4361197918682,68.12839214281455
nssp,"RSV ED visit percentage of total ED visits, all ages",2025-2026,Alaska,uptake_100,Uptake 100%; otherwise reference,0.6566011322926998,0.6865969724968639,9224,Age under 1 year,2023,"U.S. Census Bureau Population Estimates Program, Vintage 2023 Annual Resident Population Estimates by Single Year of Age and Sex","https://api.census.gov/data/2023/pep/charv?get=NAME,POP,AGE_DESC,YEAR&for=state:*&YEAR=2023&AGE=0001&SEX=0",0.029995840204164126,0.011774214704994403,11.774214704994403,early_sep_mar,Early Sep-Mar,baseline_oct_mar,Baseline Oct-Mar,"Pelletier et al. JAMA Network Open 2025 untreated infants: 2,535 RSV-associated hospitalizations among 215,301 untreated infants.","U.S. Census Bureau Population Estimates Program, Vintage 2023 Annual Resident Population Estimates by Single Year of Age and Sex, age under 1 year.",3.257708917056583,3.257708917056583,35.31774628205316
nssp,"RSV ED visit percentage of total ED visits, all ages",2025-2026,Arizona,uptake_100,Uptake 100%; otherwise reference,0.6668978457007058,0.6714433504081652,78075,Age under 1 year,2023,"U.S. Census Bureau Population Estimates Program, Vintage 2023 Annual Resident Population Estimates by Single Year of Age and Sex","https://api.census.gov/data/2023/pep/charv?get=NAME,POP,AGE_DESC,YEAR&for=state:*&YEAR=2023&AGE=0001&SEX=0",0.004545504707459402,0.011774214704994403,11.774214704994403,early_sep_mar,Early Sep-Mar,baseline_oct_mar,Baseline Oct-Mar,"Pelletier et al. JAMA Network Open 2025 untreated infants: 2,535 RSV-associated hospitalizations among 215,301 untreated infants.","U.S. Census Bureau Population Estimates Program, Vintage 2023 Annual Resident Population Estimates by Single Year of Age and Sex, age under 1 year.",4.178554353846417,4.178554353846417,5.351974836818978
nssp,"RSV ED visit percentage of total ED visits, all ages",2025-2026,Arkansas,uptake_100,Uptake 100%; otherwise reference,0.6151770961272705,0.6610824712436398,35297,Age under 1 year,2023,"U.S. Census Bureau Population Estimates Program, Vintage 2023 Annual Resident Population Estimates by Single Year of Age and Sex","https://api.census.gov/data/2023/pep/charv?get=NAME,POP,AGE_DESC,YEAR&for=state:*&YEAR=2023&AGE=0001&SEX=0",0.045905375116369385,0.011774214704994403,11.774214704994403,early_sep_mar,Early Sep-Mar,baseline_oct_mar,Baseline Oct-Mar,"Pelletier et al. JAMA Network Open 2025 untreated infants: 2,535 RSV-associated hospitalizations among 215,301 untreated infants.","U.S. Census Bureau Population Estimates Program, Vintage 2023 Annual Resident Population Estimates by Single Year of Age and Sex, age under 1 year.",19.07801941926225,19.07801941926225,54.04997427334406
nssp,"RSV ED visit percentage of total ED visits, all ages",2025-2026,California,uptake_100,Uptake 100%; otherwise reference,0.6405254387448717,0.6744208510762987,415125,Age under 1 year,2023,"U.S. Census Bureau Population Estimates Program, Vintage 2023 Annual Resident Population Estimates by Single Year of Age and Sex","https://api.census.gov/data/2023/pep/charv?get=NAME,POP,AGE_DESC,YEAR&for=state:*&YEAR=2023&AGE=0001&SEX=0",0.03389541233142701,0.011774214704994403,11.774214704994403,early_sep_mar,Early Sep-Mar,baseline_oct_mar,Baseline Oct-Mar,"Pelletier et al. JAMA Network Open 2025 untreated infants: 2,535 RSV-associated hospitalizations among 215,301 untreated infants.","U.S. Census Bureau Population Estimates Program, Vintage 2023 Annual Resident Population Estimates by Single Year of Age and Sex, age under 1 year.",165.6730093391707,165.6730093391707,39.909186230453656
nssp,"RSV ED visit percentage of total ED visits, all ages",2025-2026,Colorado,uptake_100,Uptake 100%; otherwise reference,0.6801699230575908,0.7032363847987186,62168,Age under 1 year,2023,"U.S. Census Bureau Population Estimates Program, Vintage 2023 Annual Resident Population Estimates by Single Year of Age and Sex","https://api.census.gov/data/2023/pep/charv?get=NAME,POP,AGE_DESC,YEAR&for=state:*&YEAR=2023&AGE=0001&SEX=0",0.02306646174112781,0.011774214704994403,11.774214704994403,early_sep_mar,Early Sep-Mar,baseline_oct_mar,Baseline Oct-Mar,"Pelletier et al. JAMA Network Open 2025 untreated infants: 2,535 RSV-associated hospitalizations among 215,301 untreated infants.","U.S. Census Bureau Population Estimates Program, Vintage 2023 Annual Resident Population Estimates by Single Year of Age and Sex, age under 1 year.",16.884174358991956,16.884174358991956,27.158947302457786
nssp,"RSV ED visit percentage of total ED visits, all ages",2025-2026,Connecticut,uptake_100,Uptake 100%; otherwise reference,0.6529440097073731,0.688093491846763,34935,Age under 1 year,2023,"U.S. Census Bureau Population Estimates Program, Vintage 2023 Annual Resident Population Estimates by Single Year of Age and Sex","https://api.census.gov/data/2023/pep/charv?get=NAME,POP,AGE_DESC,YEAR&for=state:*&YEAR=2023&AGE=0001&SEX=0",0.035149482139389954,0.011774214704994403,11.774214704994403,early_sep_mar,Early Sep-Mar,baseline_oct_mar,Baseline Oct-Mar,"Pelletier et al. JAMA Network Open 2025 untreated infants: 2,535 RSV-associated hospitalizations among 215,301 untreated infants.","U.S. Census Bureau Population Estimates Program, Vintage 2023 Annual Resident Population Estimates by Single Year of Age and Sex, age under 1 year.",14.458113491032911,14.458113491032911,41.38575494785434
nssp,"RSV ED visit percentage of total ED visits, all ages",2025-2026,Delaware,uptake_100,Uptake 100%; otherwise reference,0.6287291411678266,0.6710292765971542,10745,Age under 1 year,2023,"U.S. Census Bureau Population Estimates Program, Vintage 2023 Annual Resident Population Estimates by Single Year of Age and Sex","https://api.census.gov/data/2023/pep/charv?get=NAME,POP,AGE_DESC,YEAR&for=state:*&YEAR=2023&AGE=0001&SEX=0",0.042300135429327534,0.011774214704994403,11.774214704994403,early_sep_mar,Early Sep-Mar,baseline_oct_mar,Baseline Oct-Mar,"Pelletier et al. JAMA Network Open 2025 untreated infants: 2,535 RSV-associated hospitalizations among 215,301 untreated infants.","U.S. Census Bureau Population Estimates Program, Vintage 2023 Annual Resident Population Estimates by Single Year of Age and Sex, age under 1 year.",5.351556669015886,5.351556669015886,49.805087659524304
nssp,"RSV ED visit percentage of total ED visits, all ages",2025-2026,District of Columbia,uptake_100,Uptake 100%; otherwise reference,0.5831790713667471,0.6387278766796651,7791,Age under 1 year,2023,"U.S. Census Bureau Population Estimates Program, Vintage 2023 Annual Resident Population Estimates by Single Year of Age and Sex","https://api.census.gov/data/2023/pep/charv?get=NAME,POP,AGE_DESC,YEAR&for=state:*&YEAR=2023&AGE=0001&SEX=0",0.05554880531291806,0.011774214704994403,11.774214704994403,early_sep_mar,Early Sep-Mar,baseline_oct_mar,Baseline Oct-Mar,"Pelletier et al. JAMA Network Open 2025 untreated infants: 2,535 RSV-associated hospitalizations among 215,301 untreated infants.","U.S. Census Bureau Population Estimates Program, Vintage 2023 Annual Resident Population Estimates by Single Year of Age and Sex, age under 1 year.",5.09565337876656,5.09565337876656,65.4043560360231
nssp,"RSV ED visit percentage of total ED visits, all ages",2025-2026,Florida,uptake_100,Uptake 100%; otherwise reference,0.4858826668563163,0.5609464997683561,224670,Age under 1 year,2023,"U.S. Census Bureau Population Estimates Program, Vintage 2023 Annual Resident Population Estimates by Single Year of Age and Sex","https://api.census.gov/data/2023/pep/charv?get=NAME,POP,AGE_DESC,YEAR&for=state:*&YEAR=2023&AGE=0001&SEX=0",0.07506383291203977,0.011774214704994403,11.774214704994403,early_sep_mar,Early Sep-Mar,baseline_oct_mar,Baseline Oct-Mar,"Pelletier et al. JAMA Network Open 2025 untreated infants: 2,535 RSV-associated hospitalizations among 215,301 untreated infants.","U.S. Census Bureau Population Estimates Program, Vintage 2023 Annual Resident Population Estimates by Single Year of Age and Sex, age under 1 year.",198.5673193532464,198.5673193532464,88.38176852861817
nssp,"RSV ED visit percentage of total ED visits, all ages",2025-2026,Georgia,uptake_100,Uptake 100%; otherwise reference,0.5669705632066459,0.6286532893969853,125156,Age under 1 year,2023,"U.S. Census Bureau Population Estimates Program, Vintage 2023 Annual Resident Population Estimates by Single Year of Age and Sex","https://api.census.gov/data/2023/pep/charv?get=NAME,POP,AGE_DESC,YEAR&for=state:*&YEAR=2023&AGE=0001&SEX=0",0.06168272619033943,0.011774214704994403,11.774214704994403,early_sep_mar,Early Sep-Mar,baseline_oct_mar,Baseline Oct-Mar,"Pelletier et al. JAMA Network Open 2025 untreated infants: 2,535 RSV-associated hospitalizations among 215,301 untreated infants.","U.S. Census Bureau Population Estimates Program, Vintage 2023 Annual Resident Population Estimates by Single Year of Age and Sex, age under 1 year.",90.89650516253843,90.89650516253843,72.6265661754438
nssp,"RSV ED visit percentage of total ED visits, all ages",2025-2026,Hawaii,uptake_100,Uptake 100%; otherwise reference,0.5703236240271535,0.5999217690540328,15147,Age under 1 year,2023,"U.S. Census Bureau Population Estimates Program, Vintage 2023 Annual Resident Population Estimates by Single Year of Age and Sex","https://api.census.gov/data/2023/pep/charv?get=NAME,POP,AGE_DESC,YEAR&for=state:*&YEAR=2023&AGE=0001&SEX=0",0.029598145026879297,0.011774214704994403,11.774214704994403,early_sep_mar,Early Sep-Mar,baseline_oct_mar,Baseline Oct-Mar,"Pelletier et al. JAMA Network Open 2025 untreated infants: 2,535 RSV-associated hospitalizations among 215,301 untreated infants.","U.S. Census Bureau Population Estimates Program, Vintage 2023 Annual Resident Population Estimates by Single Year of Age and Sex, age under 1 year.",5.278652468659746,5.278652468659746,34.84949144160392
nssp,"RSV ED visit percentage of total ED visits, all ages",2025-2026,Idaho,uptake_100,Uptake 100%; otherwise reference,0.6655587722581997,0.6847124476709051,22331,Age under 1 year,2023,"U.S. Census Bureau Population Estimates Program, Vintage 2023 Annual Resident Population Estimates by Single Year of Age and Sex","https://api.census.gov/data/2023/pep/charv?get=NAME,POP,AGE_DESC,YEAR&for=state:*&YEAR=2023&AGE=0001&SEX=0",0.019153675412705407,0.011774214704994403,11.774214704994403,early_sep_mar,Early Sep-Mar,baseline_oct_mar,Baseline Oct-Mar,"Pelletier et al. JAMA Network Open 2025 untreated infants: 2,535 RSV-associated hospitalizations among 215,301 untreated infants.","U.S. Census Bureau Population Estimates Program, Vintage 2023 Annual Resident Population Estimates by Single Year of Age and Sex, age under 1 year.",5.036075657474604,5.036075657474604,22.551948669896575
nssp,"RSV ED visit percentage of total ED visits, all ages",2025-2026,Illinois,uptake_100,Uptake 100%; otherwise reference,0.6559811576920063,0.6884598279288079,126792,Age under 1 year,2023,"U.S. Census Bureau Population Estimates Program, Vintage 2023 Annual Resident Population Estimates by Single Year of Age and Sex","https://api.census.gov/data/2023/pep/charv?get=NAME,POP,AGE_DESC,YEAR&for=state:*&YEAR=2023&AGE=0001&SEX=0",0.03247867023680162,0.011774214704994403,11.774214704994403,early_sep_mar,Early Sep-Mar,baseline_oct_mar,Baseline Oct-Mar,"Pelletier et al. JAMA Network Open 2025 untreated infants: 2,535 RSV-associated hospitalizations among 215,301 untreated infants.","U.S. Census Bureau Population Estimates Program, Vintage 2023 Annual Resident Population Estimates by Single Year of Age and Sex, age under 1 year.",48.486634806969576,48.486634806969576,38.24108367008137
nssp,"RSV ED visit percentage of total ED visits, all ages",2025-2026,Indiana,uptake_100,Uptake 100%; otherwise reference,0.6471519911052636,0.6738183627119113,79101,Age under 1 year,2023,"U.S. Census Bureau Population Estimates Program, Vintage 2023 Annual Resident Population Estimates by Single Year of Age and Sex","https://api.census.gov/data/2023/pep/charv?get=NAME,POP,AGE_DESC,YEAR&for=state:*&YEAR=2023&AGE=0001&SEX=0",0.026666371606647754,0.011774214704994403,11.774214704994403,early_sep_mar,Early Sep-Mar,baseline_oct_mar,Baseline Oct-Mar,"Pelletier et al. JAMA Network Open 2025 untreated infants: 2,535 RSV-associated hospitalizations among 215,301 untreated infants.","U.S. Census Bureau Population Estimates Program, Vintage 2023 Annual Resident Population Estimates by Single Year of Age and Sex, age under 1 year.",24.835782725341822,24.835782725341822,31.39755846998372
nssp,"RSV ED visit percentage of total ED visits, all ages",2025-2026,Iowa,uptake_100,Uptake 100%; otherwise reference,0.6827897061139638,0.7044366872262113,36766,Age under 1 year,2023,"U.S. Census Bureau Population Estimates Program, Vintage 2023 Annual Resident Population Estimates by Single Year of Age and Sex","https://api.census.gov/data/2023/pep/charv?get=NAME,POP,AGE_DESC,YEAR&for=state:*&YEAR=2023&AGE=0001&SEX=0",0.0216469811122475,0.011774214704994403,11.774214704994403,early_sep_mar,Early Sep-Mar,baseline_oct_mar,Baseline Oct-Mar,"Pelletier et al. JAMA Network Open 2025 untreated infants: 2,535 RSV-associated hospitalizations among 215,301 untreated infants.","U.S. Census Bureau Population Estimates Program, Vintage 2023 Annual Resident Population Estimates by Single Year of Age and Sex, age under 1 year.",9.370778491651391,9.370778491651391,25.48762033305606
nssp,"RSV ED visit percentage of total ED visits, all ages",2025-2026,Kansas,uptake_100,Uptake 100%; otherwise reference,0.6663503761226056,0.6947190642355621,34590,Age under 1 year,2023,"U.S. Census Bureau Population Estimates Program, Vintage 2023 Annual Resident Population Estimates by Single Year of Age and Sex","https://api.census.gov/data/2023/pep/charv?get=NAME,POP,AGE_DESC,YEAR&for=state:*&YEAR=2023&AGE=0001&SEX=0",0.028368688112956453,0.011774214704994403,11.774214704994403,early_sep_mar,Early Sep-Mar,baseline_oct_mar,Baseline Oct-Mar,"Pelletier et al. JAMA Network Open 2025 untreated infants: 2,535 RSV-associated hospitalizations among 215,301 untreated infants.","U.S. Census Bureau Population Estimates Program, Vintage 2023 Annual Resident Population Estimates by Single Year of Age and Sex, age under 1 year.",11.553718065790214,11.553718065790214,33.401902474097184
nssp,"RSV ED visit percentage of total ED visits, all ages",2025-2026,Kentucky,uptake_100,Uptake 100%; otherwise reference,0.6237440499351549,0.6529210109472234,52111,Age under 1 year,2023,"U.S. Census Bureau Population Estimates Program, Vintage 2023 Annual Resident Population Estimates by Single Year of Age and Sex","https://api.census.gov/data/2023/pep/charv?get=NAME,POP,AGE_DESC,YEAR&for=state:*&YEAR=2023&AGE=0001&SEX=0",0.02917696101206857,0.011774214704994403,11.774214704994403,early_sep_mar,Early Sep-Mar,baseline_oct_mar,Baseline Oct-Mar,"Pelletier et al. JAMA Network Open 2025 untreated infants: 2,535 RSV-associated hospitalizations among 215,301 untreated infants.","U.S. Census Bureau Population Estimates Program, Vintage 2023 Annual Resident Population Estimates by Single Year of Age and Sex, age under 1 year.",17.90199425073488,17.90199425073488,34.353580339534616
nssp,"RSV ED visit percentage of total ED visits, all ages",2025-2026,Louisiana,uptake_100,Uptake 100%; otherwise reference,0.5922453242932386,0.6453614768928202,55838,Age under 1 year,2023,"U.S. Census Bureau Population Estimates Program, Vintage 2023 Annual Resident Population Estimates by Single Year of Age and Sex","https://api.census.gov/data/2023/pep/charv?get=NAME,POP,AGE_DESC,YEAR&for=state:*&YEAR=2023&AGE=0001&SEX=0",0.05311615259958158,0.011774214704994403,11.774214704994403,early_sep_mar,Early Sep-Mar,baseline_oct_mar,Baseline Oct-Mar,"Pelletier et al. JAMA Network Open 2025 untreated infants: 2,535 RSV-associated hospitalizations among 215,301 untreated infants.","U.S. Census Bureau Population Estimates Program, Vintage 2023 Annual Resident Population Estimates by Single Year of Age and Sex, age under 1 year.",34.921140201028585,34.921140201028585,62.540098501072016
nssp,"RSV ED visit percentage of total ED visits, all ages",2025-2026,Maine,uptake_100,Uptake 100%; otherwise reference,0.6788812486568941,0.6537892621382432,11892,Age under 1 year,2023,"U.S. Census Bureau Population Estimates Program, Vintage 2023 Annual Resident Population Estimates by Single Year of Age and Sex","https://api.census.gov/data/2023/pep/charv?get=NAME,POP,AGE_DESC,YEAR&for=state:*&YEAR=2023&AGE=0001&SEX=0",-0.025091986518650966,0.011774214704994403,11.774214704994403,early_sep_mar,Early Sep-Mar,baseline_oct_mar,Baseline Oct-Mar,"Pelletier et al. JAMA Network Open 2025 untreated infants: 2,535 RSV-associated hospitalizations among 215,301 untreated infants.","U.S. Census Bureau Population Estimates Program, Vintage 2023 Annual Resident Population Estimates by Single Year of Age and Sex, age under 1 year.",-3.513353888587353,-3.513353888587353,-29.543843664542155
nssp,"RSV ED visit percentage of total ED visits, all ages",2025-2026,Maryland,uptake_100,Uptake 100%; otherwise reference,0.603710079434505,0.6539737918865577,68060,Age under 1 year,2023,"U.S. Census Bureau Population Estimates Program, Vintage 2023 Annual Resident Population Estimates by Single Year of Age and Sex","https://api.census.gov/data/2023/pep/charv?get=NAME,POP,AGE_DESC,YEAR&for=state:*&YEAR=2023&AGE=0001&SEX=0",0.050263712452052633,0.011774214704994403,11.774214704994403,early_sep_mar,Early Sep-Mar,baseline_oct_mar,Baseline Oct-Mar,"Pelletier et al. JAMA Network Open 2025 untreated infants: 2,535 RSV-associated hospitalizations among 215,301 untreated infants.","U.S. Census Bureau Population Estimates Program, Vintage 2023 Annual Resident Population Estimates by Single Year of Age and Sex, age under 1 year.",40.27897941961548,40.27897941961548,59.181574228056846
nssp,"RSV ED visit percentage of total ED visits, all ages",2025-2026,Massachusetts,uptake_100,Uptake 100%; otherwise reference,0.6465086225337172,0.68136910326139,69103,Age under 1 year,2023,"U.S. Census Bureau Population Estimates Program, Vintage 2023 Annual Resident Population Estimates by Single Year of Age and Sex","https://api.census.gov/data/2023/pep/charv?get=NAME,POP,AGE_DESC,YEAR&for=state:*&YEAR=2023&AGE=0001&SEX=0",0.03486048072767278,0.011774214704994403,11.774214704994403,early_sep_mar,Early Sep-Mar,baseline_oct_mar,Baseline Oct-Mar,"Pelletier et al. JAMA Network Open 2025 untreated infants: 2,535 RSV-associated hospitalizations among 215,301 untreated infants.","U.S. Census Bureau Population Estimates Program, Vintage 2023 Annual Resident Population Estimates by Single Year of Age and Sex, age under 1 year.",28.363656994513896,28.363656994513896,41.04547848069389
nssp,"RSV ED visit percentage of total ED visits, all ages",2025-2026,Michigan,uptake_100,Uptake 100%; otherwise reference,0.6779368426467051,0.6857150920310577,101385,Age under 1 year,2023,"U.S. Census Bureau Population Estimates Program, Vintage 2023 Annual Resident Population Estimates by Single Year of Age and Sex","https://api.census.gov/data/2023/pep/charv?get=NAME,POP,AGE_DESC,YEAR&for=state:*&YEAR=2023&AGE=0001&SEX=0",0.007778249384352676,0.011774214704994403,11.774214704994403,early_sep_mar,Early Sep-Mar,baseline_oct_mar,Baseline Oct-Mar,"Pelletier et al. JAMA Network Open 2025 untreated infants: 2,535 RSV-associated hospitalizations among 215,301 untreated infants.","U.S. Census Bureau Population Estimates Program, Vintage 2023 Annual Resident Population Estimates by Single Year of Age and Sex, age under 1 year.",9.28511997595419,9.28511997595419,9.158277828035894
nssp,"RSV ED visit percentage of total ED visits, all ages",2025-2026,Minnesota,uptake_100,Uptake 100%; otherwise reference,0.6510831694290447,0.6692766030987558,63637,Age under 1 year,2023,"U.S. Census Bureau Population Estimates Program, Vintage 2023 Annual Resident Population Estimates by Single Year of Age and Sex","https://api.census.gov/data/2023/pep/charv?get=NAME,POP,AGE_DESC,YEAR&for=state:*&YEAR=2023&AGE=0001&SEX=0",0.018193433669711156,0.011774214704994403,11.774214704994403,early_sep_mar,Early Sep-Mar,baseline_oct_mar,Baseline Oct-Mar,"Pelletier et al. JAMA Network Open 2025 untreated infants: 2,535 RSV-associated hospitalizations among 215,301 untreated infants.","U.S. Census Bureau Population Estimates Program, Vintage 2023 Annual Resident Population Estimates by Single Year of Age and Sex, age under 1 year.",13.6318977697761,13.6318977697761,21.42133942482534
nssp,"RSV ED visit percentage of total ED visits, all ages",2025-2026,Mississippi,uptake_100,Uptake 100%; otherwise reference,0.6142332367904778,0.6514453188080538,34372,Age under 1 year,2023,"U.S. Census Bureau Population Estimates Program, Vintage 2023 Annual Resident Population Estimates by Single Year of Age and Sex","https://api.census.gov/data/2023/pep/charv?get=NAME,POP,AGE_DESC,YEAR&for=state:*&YEAR=2023&AGE=0001&SEX=0",0.037212082017575976,0.011774214704994403,11.774214704994403,early_sep_mar,Early Sep-Mar,baseline_oct_mar,Baseline Oct-Mar,"Pelletier et al. JAMA Network Open 2025 untreated infants: 2,535 RSV-associated hospitalizations among 215,301 untreated infants.","U.S. Census Bureau Population Estimates Program, Vintage 2023 Annual Resident Population Estimates by Single Year of Age and Sex, age under 1 year.",15.059852684128895,15.059852684128895,43.81430432948009
nssp,"RSV ED visit percentage of total ED visits, all ages",2025-2026,Missouri,uptake_100,Uptake 100%; otherwise reference,0.6473123479415938,0.6844836234246573,67996,Age under 1 year,2023,"U.S. Census Bureau Population Estimates Program, Vintage 2023 Annual Resident Population Estimates by Single Year of Age and Sex","https://api.census.gov/data/2023/pep/charv?get=NAME,POP,AGE_DESC,YEAR&for=state:*&YEAR=2023&AGE=0001&SEX=0",0.03717127548306354,0.011774214704994403,11.774214704994403,early_sep_mar,Early Sep-Mar,baseline_oct_mar,Baseline Oct-Mar,"Pelletier et al. JAMA Network Open 2025 untreated infants: 2,535 RSV-associated hospitalizations among 215,301 untreated infants.","U.S. Census Bureau Population Estimates Program, Vintage 2023 Annual Resident Population Estimates by Single Year of Age and Sex, age under 1 year.",29.759304680620172,29.759304680620172,43.766257839608464
nssp,"RSV ED visit percentage of total ED visits, all ages",2025-2026,Montana,uptake_100,Uptake 100%; otherwise reference,0.6811095903658739,0.6562119610020767,11266,Age under 1 year,2023,"U.S. Census Bureau Population Estimates Program, Vintage 2023 Annual Resident Population Estimates by Single Year of Age and Sex","https://api.census.gov/data/2023/pep/charv?get=NAME,POP,AGE_DESC,YEAR&for=state:*&YEAR=2023&AGE=0001&SEX=0",-0.024897629363797247,0.011774214704994403,11.774214704994403,early_sep_mar,Early Sep-Mar,baseline_oct_mar,Baseline Oct-Mar,"Pelletier et al. JAMA Network Open 2025 untreated infants: 2,535 RSV-associated hospitalizations among 215,301 untreated infants.","U.S. Census Bureau Population Estimates Program, Vintage 2023 Annual Resident Population Estimates by Single Year of Age and Sex, age under 1 year.",-3.302628280506018,-3.302628280506018,-29.315003377472202
nssp,"RSV ED visit percentage of total ED visits, all ages",2025-2026,Nebraska,uptake_100,Uptake 100%; otherwise reference,0.6835780323535341,0.665504110657957,24144,Age under 1 year,2023,"U.S. Census Bureau Population Estimates Program, Vintage 2023 Annual Resident Population Estimates by Single Year of Age and Sex","https://api.census.gov/data/2023/pep/charv?get=NAME,POP,AGE_DESC,YEAR&for=state:*&YEAR=2023&AGE=0001&SEX=0",-0.01807392169557709,0.011774214704994403,11.774214704994403,early_sep_mar,Early Sep-Mar,baseline_oct_mar,Baseline Oct-Mar,"Pelletier et al. JAMA Network Open 2025 untreated infants: 2,535 RSV-associated hospitalizations among 215,301 untreated infants.","U.S. Census Bureau Population Estimates Program, Vintage 2023 Annual Resident Population Estimates by Single Year of Age and Sex, age under 1 year.",-5.137993728302665,-5.137993728302665,-21.280623460498113
nssp,"RSV ED visit percentage of total ED visits, all ages",2025-2026,Nevada,uptake_100,Uptake 100%; otherwise reference,0.6663465362089613,0.69285187118091,32716,Age under 1 year,2023,"U.S. Census Bureau Population Estimates Program, Vintage 2023 Annual Resident Population Estimates by Single Year of Age and Sex","https://api.census.gov/data/2023/pep/charv?get=NAME,POP,AGE_DESC,YEAR&for=state:*&YEAR=2023&AGE=0001&SEX=0",0.026505334971948624,0.011774214704994403,11.774214704994403,early_sep_mar,Early Sep-Mar,baseline_oct_mar,Baseline Oct-Mar,"Pelletier et al. JAMA Network Open 2025 untreated infants: 2,535 RSV-associated hospitalizations among 215,301 untreated infants.","U.S. Census Bureau Population Estimates Program, Vintage 2023 Annual Resident Population Estimates by Single Year of Age and Sex, age under 1 year.",10.209993078628502,10.209993078628502,31.207950478751993
nssp,"RSV ED visit percentage of total ED visits, all ages",2025-2026,New Hampshire,uptake_100,Uptake 100%; otherwise reference,0.666790592820198,0.6925312112978405,12164,Age under 1 year,2023,"U.S. Census Bureau Population Estimates Program, Vintage 2023 Annual Resident Population Estimates by Single Year of Age and Sex","https://api.census.gov/data/2023/pep/charv?get=NAME,POP,AGE_DESC,YEAR&for=state:*&YEAR=2023&AGE=0001&SEX=0",0.02574061847764242,0.011774214704994403,11.774214704994403,early_sep_mar,Early Sep-Mar,baseline_oct_mar,Baseline Oct-Mar,"Pelletier et al. JAMA Network Open 2025 untreated infants: 2,535 RSV-associated hospitalizations among 215,301 untreated infants.","U.S. Census Bureau Population Estimates Program, Vintage 2023 Annual Resident Population Estimates by Single Year of Age and Sex, age under 1 year.",3.6866112163908937,3.6866112163908937,30.307556859510804
nssp,"RSV ED visit percentage of total ED visits, all ages",2025-2026,New Jersey,uptake_100,Uptake 100%; otherwise reference,0.62298688708234,0.6676930619778886,102477,Age under 1 year,2023,"U.S. Census Bureau Population Estimates Program, Vintage 2023 Annual Resident Population Estimates by Single Year of Age and Sex","https://api.census.gov/data/2023/pep/charv?get=NAME,POP,AGE_DESC,YEAR&for=state:*&YEAR=2023&AGE=0001&SEX=0",0.04470617489554862,0.011774214704994403,11.774214704994403,early_sep_mar,Early Sep-Mar,baseline_oct_mar,Baseline Oct-Mar,"Pelletier et al. JAMA Network Open 2025 untreated infants: 2,535 RSV-associated hospitalizations among 215,301 untreated infants.","U.S. Census Bureau Population Estimates Program, Vintage 2023 Annual Resident Population Estimates by Single Year of Age and Sex, age under 1 year.",53.941853698227305,53.941853698227305,52.63801018592203
nssp,"RSV ED visit percentage of total ED visits, all ages",2025-2026,New Mexico,uptake_100,Uptake 100%; otherwise reference,0.6854375019397417,0.7041146971191488,20589,Age under 1 year,2023,"U.S. Census Bureau Population Estimates Program, Vintage 2023 Annual Resident Population Estimates by Single Year of Age and Sex","https://api.census.gov/data/2023/pep/charv?get=NAME,POP,AGE_DESC,YEAR&for=state:*&YEAR=2023&AGE=0001&SEX=0",0.018677195179407025,0.011774214704994403,11.774214704994403,early_sep_mar,Early Sep-Mar,baseline_oct_mar,Baseline Oct-Mar,"Pelletier et al. JAMA Network Open 2025 untreated infants: 2,535 RSV-associated hospitalizations among 215,301 untreated infants.","U.S. Census Bureau Population Estimates Program, Vintage 2023 Annual Resident Population Estimates by Single Year of Age and Sex, age under 1 year.",4.527712703898726,4.527712703898726,21.990930612942478
nssp,"RSV ED visit percentage of total ED visits, all ages",2025-2026,New York,uptake_100,Uptake 100%; otherwise reference,0.6326090358873523,0.671224402681875,209673,Age under 1 year,2023,"U.S. Census Bureau Population Estimates Program, Vintage 2023 Annual Resident Population Estimates by Single Year of Age and Sex","https://api.census.gov/data/2023/pep/charv?get=NAME,POP,AGE_DESC,YEAR&for=state:*&YEAR=2023&AGE=0001&SEX=0",0.03861536679452271,0.011774214704994403,11.774214704994403,early_sep_mar,Early Sep-Mar,baseline_oct_mar,Baseline Oct-Mar,"Pelletier et al. JAMA Network Open 2025 untreated infants: 2,535 RSV-associated hospitalizations among 215,301 untreated infants.","U.S. Census Bureau Population Estimates Program, Vintage 2023 Annual Resident Population Estimates by Single Year of Age and Sex, age under 1 year.",95.33110444807947,95.33110444807947,45.46656195508219
nssp,"RSV ED visit percentage of total ED visits, all ages",2025-2026,North Carolina,uptake_100,Uptake 100%; otherwise reference,0.6218903586543036,0.6602193187246809,120602,Age under 1 year,2023,"U.S. Census Bureau Population Estimates Program, Vintage 2023 Annual Resident Population Estimates by Single Year of Age and Sex","https://api.census.gov/data/2023/pep/charv?get=NAME,POP,AGE_DESC,YEAR&for=state:*&YEAR=2023&AGE=0001&SEX=0",0.03832896007037723,0.011774214704994403,11.774214704994403,early_sep_mar,Early Sep-Mar,baseline_oct_mar,Baseline Oct-Mar,"Pelletier et al. JAMA Network Open 2025 untreated infants: 2,535 RSV-associated hospitalizations among 215,301 untreated infants.","U.S. Census Bureau Population Estimates Program, Vintage 2023 Annual Resident Population Estimates by Single Year of Age and Sex, age under 1 year.",54.4268872645167,54.4268872645167,45.12934052877789
nssp,"RSV ED visit percentage of total ED visits, all ages",2025-2026,North Dakota,uptake_100,Uptake 100%; otherwise reference,0.686462771672675,0.6663301657025072,9626,Age under 1 year,2023,"U.S. Census Bureau Population Estimates Program, Vintage 2023 Annual Resident Population Estimates by Single Year of Age and Sex","https://api.census.gov/data/2023/pep/charv?get=NAME,POP,AGE_DESC,YEAR&for=state:*&YEAR=2023&AGE=0001&SEX=0",-0.02013260597016775,0.011774214704994403,11.774214704994403,early_sep_mar,Early Sep-Mar,baseline_oct_mar,Baseline Oct-Mar,"Pelletier et al. JAMA Network Open 2025 untreated infants: 2,535 RSV-associated hospitalizations among 215,301 untreated infants.","U.S. Census Bureau Population Estimates Program, Vintage 2023 Annual Resident Population Estimates by Single Year of Age and Sex, age under 1 year.",-2.2818011887894083,-2.2818011887894083,-23.704562526380723
nssp,"RSV ED visit percentage of total ED visits, all ages",2025-2026,Ohio,uptake_100,Uptake 100%; otherwise reference,0.6616165699787747,0.6910431373647223,128059,Age under 1 year,2023,"U.S. Census Bureau Population Estimates Program, Vintage 2023 Annual Resident Population Estimates by Single Year of Age and Sex","https://api.census.gov/data/2023/pep/charv?get=NAME,POP,AGE_DESC,YEAR&for=state:*&YEAR=2023&AGE=0001&SEX=0",0.029426567385947622,0.011774214704994403,11.774214704994403,early_sep_mar,Early Sep-Mar,baseline_oct_mar,Baseline Oct-Mar,"Pelletier et al. JAMA Network Open 2025 untreated infants: 2,535 RSV-associated hospitalizations among 215,301 untreated infants.","U.S. Census Bureau Population Estimates Program, Vintage 2023 Annual Resident Population Estimates by Single Year of Age and Sex, age under 1 year.",44.369206480064605,44.369206480064605,34.647472243313324
nssp,"RSV ED visit percentage of total ED visits, all ages",2025-2026,Oklahoma,uptake_100,Uptake 100%; otherwise reference,0.6547013423136773,0.6874833939560704,47714,Age under 1 year,2023,"U.S. Census Bureau Population Estimates Program, Vintage 2023 Annual Resident Population Estimates by Single Year of Age and Sex","https://api.census.gov/data/2023/pep/charv?get=NAME,POP,AGE_DESC,YEAR&for=state:*&YEAR=2023&AGE=0001&SEX=0",0.03278205164239312,0.011774214704994403,11.774214704994403,early_sep_mar,Early Sep-Mar,baseline_oct_mar,Baseline Oct-Mar,"Pelletier et al. JAMA Network Open 2025 untreated infants: 2,535 RSV-associated hospitalizations among 215,301 untreated infants.","U.S. Census Bureau Population Estimates Program, Vintage 2023 Annual Resident Population Estimates by Single Year of Age and Sex, age under 1 year.",18.41678878282283,18.41678878282283,38.5982914507751
nssp,"RSV ED visit percentage of total ED visits, all ages",2025-2026,Oregon,uptake_100,Uptake 100%; otherwise reference,0.6791814208681547,0.6921519190031985,38904,Age under 1 year,2023,"U.S. Census Bureau Population Estimates Program, Vintage 2023 Annual Resident Population Estimates by Single Year of Age and Sex","https://api.census.gov/data/2023/pep/charv?get=NAME,POP,AGE_DESC,YEAR&for=state:*&YEAR=2023&AGE=0001&SEX=0",0.012970498135043806,0.011774214704994403,11.774214704994403,early_sep_mar,Early Sep-Mar,baseline_oct_mar,Baseline Oct-Mar,"Pelletier et al. JAMA Network Open 2025 untreated infants: 2,535 RSV-associated hospitalizations among 215,301 untreated infants.","U.S. Census Bureau Population Estimates Program, Vintage 2023 Annual Resident Population Estimates by Single Year of Age and Sex, age under 1 year.",5.941318891768893,5.941318891768893,15.271742987273528
nssp,"RSV ED visit percentage of total ED visits, all ages",2025-2026,Pennsylvania,uptake_100,Uptake 100%; otherwise reference,0.646953340778853,0.6808681349686513,128878,Age under 1 year,2023,"U.S. Census Bureau Population Estimates Program, Vintage 2023 Annual Resident Population Estimates by Single Year of Age and Sex","https://api.census.gov/data/2023/pep/charv?get=NAME,POP,AGE_DESC,YEAR&for=state:*&YEAR=2023&AGE=0001&SEX=0",0.03391479418979826,0.011774214704994403,11.774214704994403,early_sep_mar,Early Sep-Mar,baseline_oct_mar,Baseline Oct-Mar,"Pelletier et al. JAMA Network Open 2025 untreated infants: 2,535 RSV-associated hospitalizations among 215,301 untreated infants.","U.S. Census Bureau Population Estimates Program, Vintage 2023 Annual Resident Population Estimates by Single Year of Age and Sex, age under 1 year.",51.4635717838103,51.4635717838103,39.93200684663814
nssp,"RSV ED visit percentage of total ED visits, all ages",2025-2026,Rhode Island,uptake_100,Uptake 100%; otherwise reference,0.639877757794089,0.6786231841262272,10018,Age under 1 year,2023,"U.S. Census Bureau Population Estimates Program, Vintage 2023 Annual Resident Population Estimates by Single Year of Age and Sex","https://api.census.gov/data/2023/pep/charv?get=NAME,POP,AGE_DESC,YEAR&for=state:*&YEAR=2023&AGE=0001&SEX=0",0.03874542633213829,0.011774214704994403,11.774214704994403,early_sep_mar,Early Sep-Mar,baseline_oct_mar,Baseline Oct-Mar,"Pelletier et al. JAMA Network Open 2025 untreated infants: 2,535 RSV-associated hospitalizations among 215,301 untreated infants.","U.S. Census Bureau Population Estimates Program, Vintage 2023 Annual Resident Population Estimates by Single Year of Age and Sex, age under 1 year.",4.570181230143881,4.570181230143881,45.619696847114
nssp,"RSV ED visit percentage of total ED visits, all ages",2025-2026,South Carolina,uptake_100,Uptake 100%; otherwise reference,0.5699423397035794,0.6316427194153543,57279,Age under 1 year,2023,"U.S. Census Bureau Population Estimates Program, Vintage 2023 Annual Resident Population Estimates by Single Year of Age and Sex","https://api.census.gov/data/2023/pep/charv?get=NAME,POP,AGE_DESC,YEAR&for=state:*&YEAR=2023&AGE=0001&SEX=0",0.06170037971177489,0.011774214704994403,11.774214704994403,early_sep_mar,Early Sep-Mar,baseline_oct_mar,Baseline Oct-Mar,"Pelletier et al. JAMA Network Open 2025 untreated infants: 2,535 RSV-associated hospitalizations among 215,301 untreated infants.","U.S. Census Bureau Population Estimates Program, Vintage 2023 Annual Resident Population Estimates by Single Year of Age and Sex, age under 1 year.",41.61167664360035,41.61167664360035,72.64735181061182
nssp,"RSV ED visit percentage of total ED visits, all ages",2025-2026,South Dakota,uptake_100,Uptake 100%; otherwise reference,0.6837968740788427,0.6717240748597029,11434,Age under 1 year,2023,"U.S. Census Bureau Population Estimates Program, Vintage 2023 Annual Resident Population Estimates by Single Year of Age and Sex","https://api.census.gov/data/2023/pep/charv?get=NAME,POP,AGE_DESC,YEAR&for=state:*&YEAR=2023&AGE=0001&SEX=0",-0.01207279921913984,0.011774214704994403,11.774214704994403,early_sep_mar,Early Sep-Mar,baseline_oct_mar,Baseline Oct-Mar,"Pelletier et al. JAMA Network Open 2025 untreated infants: 2,535 RSV-associated hospitalizations among 215,301 untreated infants.","U.S. Census Bureau Population Estimates Program, Vintage 2023 Annual Resident Population Estimates by Single Year of Age and Sex, age under 1 year.",-1.6253171459227091,-1.6253171459227091,-14.214773009644126
nssp,"RSV ED visit percentage of total ED visits, all ages",2025-2026,Tennessee,uptake_100,Uptake 100%; otherwise reference,0.6173667088024389,0.654095960706454,81959,Age under 1 year,2023,"U.S. Census Bureau Population Estimates Program, Vintage 2023 Annual Resident Population Estimates by Single Year of Age and Sex","https://api.census.gov/data/2023/pep/charv?get=NAME,POP,AGE_DESC,YEAR&for=state:*&YEAR=2023&AGE=0001&SEX=0",0.0367292519040151,0.011774214704994403,11.774214704994403,early_sep_mar,Early Sep-Mar,baseline_oct_mar,Baseline Oct-Mar,"Pelletier et al. JAMA Network Open 2025 untreated infants: 2,535 RSV-associated hospitalizations among 215,301 untreated infants.","U.S. Census Bureau Population Estimates Program, Vintage 2023 Annual Resident Population Estimates by Single Year of Age and Sex, age under 1 year.",35.44383324346652,35.44383324346652,43.24580978716983
nssp,"RSV ED visit percentage of total ED visits, all ages",2025-2026,Texas,uptake_100,Uptake 100%; otherwise reference,0.5822966179873057,0.6351998651871756,389814,Age under 1 year,2023,"U.S. Census Bureau Population Estimates Program, Vintage 2023 Annual Resident Population Estimates by Single Year of Age and Sex","https://api.census.gov/data/2023/pep/charv?get=NAME,POP,AGE_DESC,YEAR&for=state:*&YEAR=2023&AGE=0001&SEX=0",0.05290324719986994,0.011774214704994403,11.774214704994403,early_sep_mar,Early Sep-Mar,baseline_oct_mar,Baseline Oct-Mar,"Pelletier et al. JAMA Network Open 2025 untreated infants: 2,535 RSV-associated hospitalizations among 215,301 untreated infants.","U.S. Census Bureau Population Estimates Program, Vintage 2023 Annual Resident Population Estimates by Single Year of Age and Sex, age under 1 year.",242.8128762182896,242.8128762182896,62.289419112266266
nssp,"RSV ED visit percentage of total ED visits, all ages",2025-2026,Utah,uptake_100,Uptake 100%; otherwise reference,0.6866374131663362,0.7027540972411813,45759,Age under 1 year,2023,"U.S. Census Bureau Population Estimates Program, Vintage 2023 Annual Resident Population Estimates by Single Year of Age and Sex","https://api.census.gov/data/2023/pep/charv?get=NAME,POP,AGE_DESC,YEAR&for=state:*&YEAR=2023&AGE=0001&SEX=0",0.016116684074845122,0.011774214704994403,11.774214704994403,early_sep_mar,Early Sep-Mar,baseline_oct_mar,Baseline Oct-Mar,"Pelletier et al. JAMA Network Open 2025 untreated infants: 2,535 RSV-associated hospitalizations among 215,301 untreated infants.","U.S. Census Bureau Population Estimates Program, Vintage 2023 Annual Resident Population Estimates by Single Year of Age and Sex, age under 1 year.",8.683287264000585,8.683287264000585,18.976129862979057
nssp,"RSV ED visit percentage of total ED visits, all ages",2025-2026,Vermont,uptake_100,Uptake 100%; otherwise reference,0.6887703149764938,0.6940390090204588,5112,Age under 1 year,2023,"U.S. Census Bureau Population Estimates Program, Vintage 2023 Annual Resident Population Estimates by Single Year of Age and Sex","https://api.census.gov/data/2023/pep/charv?get=NAME,POP,AGE_DESC,YEAR&for=state:*&YEAR=2023&AGE=0001&SEX=0",0.0052686940439650165,0.011774214704994403,11.774214704994403,early_sep_mar,Early Sep-Mar,baseline_oct_mar,Baseline Oct-Mar,"Pelletier et al. JAMA Network Open 2025 untreated infants: 2,535 RSV-associated hospitalizations among 215,301 untreated infants.","U.S. Census Bureau Population Estimates Program, Vintage 2023 Annual Resident Population Estimates by Single Year of Age and Sex, age under 1 year.",0.3171215647503664,0.3171215647503664,6.2034734888569325
nssp,"RSV ED visit percentage of total ED visits, all ages",2025-2026,Virginia,uptake_100,Uptake 100%; otherwise reference,0.5826755001733614,0.6307678101494458,95290,Age under 1 year,2023,"U.S. Census Bureau Population Estimates Program, Vintage 2023 Annual Resident Population Estimates by Single Year of Age and Sex","https://api.census.gov/data/2023/pep/charv?get=NAME,POP,AGE_DESC,YEAR&for=state:*&YEAR=2023&AGE=0001&SEX=0",0.04809230997608438,0.011774214704994403,11.774214704994403,early_sep_mar,Early Sep-Mar,baseline_oct_mar,Baseline Oct-Mar,"Pelletier et al. JAMA Network Open 2025 untreated infants: 2,535 RSV-associated hospitalizations among 215,301 untreated infants.","U.S. Census Bureau Population Estimates Program, Vintage 2023 Annual Resident Population Estimates by Single Year of Age and Sex, age under 1 year.",53.957884678330466,53.957884678330466,56.62491833175618
nssp,"RSV ED visit percentage of total ED visits, all ages",2025-2026,Washington,uptake_100,Uptake 100%; otherwise reference,0.649765005215362,0.6790365323612849,82456,Age under 1 year,2023,"U.S. Census Bureau Population Estimates Program, Vintage 2023 Annual Resident Population Estimates by Single Year of Age and Sex","https://api.census.gov/data/2023/pep/charv?get=NAME,POP,AGE_DESC,YEAR&for=state:*&YEAR=2023&AGE=0001&SEX=0",0.02927152714592296,0.011774214704994403,11.774214704994403,early_sep_mar,Early Sep-Mar,baseline_oct_mar,Baseline Oct-Mar,"Pelletier et al. JAMA Network Open 2025 untreated infants: 2,535 RSV-associated hospitalizations among 215,301 untreated infants.","U.S. Census Bureau Population Estimates Program, Vintage 2023 Annual Resident Population Estimates by Single Year of Age and Sex, age under 1 year.",28.418398175335636,28.418398175335636,34.4649245359169
nssp,"RSV ED visit percentage of total ED visits, all ages",2025-2026,West Virginia,uptake_100,Uptake 100%; otherwise reference,0.6571230326890837,0.6655767763504773,17135,Age under 1 year,2023,"U.S. Census Bureau Population Estimates Program, Vintage 2023 Annual Resident Population Estimates by Single Year of Age and Sex","https://api.census.gov/data/2023/pep/charv?get=NAME,POP,AGE_DESC,YEAR&for=state:*&YEAR=2023&AGE=0001&SEX=0",0.00845374366139362,0.011774214704994403,11.774214704994403,early_sep_mar,Early Sep-Mar,baseline_oct_mar,Baseline Oct-Mar,"Pelletier et al. JAMA Network Open 2025 untreated infants: 2,535 RSV-associated hospitalizations among 215,301 untreated infants.","U.S. Census Bureau Population Estimates Program, Vintage 2023 Annual Resident Population Estimates by Single Year of Age and Sex, age under 1 year.",1.7055526658595594,1.7055526658595594,9.953619293023399
nssp,"RSV ED visit percentage of total ED visits, all ages",2025-2026,Wisconsin,uptake_100,Uptake 100%; otherwise reference,0.6834755096148,0.6929852824429866,59547,Age under 1 year,2023,"U.S. Census Bureau Population Estimates Program, Vintage 2023 Annual Resident Population Estimates by Single Year of Age and Sex","https://api.census.gov/data/2023/pep/charv?get=NAME,POP,AGE_DESC,YEAR&for=state:*&YEAR=2023&AGE=0001&SEX=0",0.009509772828186658,0.011774214704994403,11.774214704994403,early_sep_mar,Early Sep-Mar,baseline_oct_mar,Baseline Oct-Mar,"Pelletier et al. JAMA Network Open 2025 untreated infants: 2,535 RSV-associated hospitalizations among 215,301 untreated infants.","U.S. Census Bureau Population Estimates Program, Vintage 2023 Annual Resident Population Estimates by Single Year of Age and Sex, age under 1 year.",6.667483965982613,6.667483965982613,11.197010707479157
nssp,"RSV ED visit percentage of total ED visits, all ages",2025-2026,Wyoming,uptake_100,Uptake 100%; otherwise reference,0.6880437559514864,0.6824015638241333,5847,Age under 1 year,2023,"U.S. Census Bureau Population Estimates Program, Vintage 2023 Annual Resident Population Estimates by Single Year of Age and Sex","https://api.census.gov/data/2023/pep/charv?get=NAME,POP,AGE_DESC,YEAR&for=state:*&YEAR=2023&AGE=0001&SEX=0",-0.005642192127353063,0.011774214704994403,11.774214704994403,early_sep_mar,Early Sep-Mar,baseline_oct_mar,Baseline Oct-Mar,"Pelletier et al. JAMA Network Open 2025 untreated infants: 2,535 RSV-associated hospitalizations among 215,301 untreated infants.","U.S. Census Bureau Population Estimates Program, Vintage 2023 Annual Resident Population Estimates by Single Year of Age and Sex, age under 1 year.",-0.388430134714019,-0.388430134714019,-6.643238151428409
