datasource,metric_label,season,jurisdiction,scenario_id,scenario_label,baseline_population_activity_weighted_protection,early_population_activity_weighted_protection,infant_population_under1,age_desc,population_year,population_source,population_source_url,incremental_population_activity_weighted_protection,baseline_hospitalization_risk_per_infant_season,baseline_hospitalization_risk_per_1000_infants,comparison_window_name,comparison_window_label,baseline_window_name,baseline_window_label,hospitalization_burden_source,population_source_note,hospitalizations_averted_early_vs_baseline,hospitalizations_averted_vs_baseline,hospitalizations_averted_per_100k_infants
nssp,"RSV ED visit percentage of total ED visits, all ages",2023-2024,Alabama,uptake_100,Uptake 100%; otherwise reference,0.43728274495131425,0.5589585577173819,57885,Age under 1 year,2023,"U.S. Census Bureau Population Estimates Program, Vintage 2023 Annual Resident Population Estimates by Single Year of Age and Sex","https://api.census.gov/data/2023/pep/charv?get=NAME,POP,AGE_DESC,YEAR&for=state:*&YEAR=2023&AGE=0001&SEX=0",0.12167581276606765,0.011774214704994403,11.774214704994403,extended_sep_apr,Extended Sep-Apr,baseline_oct_mar,Baseline Oct-Mar,"Pelletier et al. JAMA Network Open 2025 untreated infants: 2,535 RSV-associated hospitalizations among 215,301 untreated infants.","U.S. Census Bureau Population Estimates Program, Vintage 2023 Annual Resident Population Estimates by Single Year of Age and Sex, age under 1 year.",82.92820107536808,82.92820107536808,143.26371439123795
nssp,"RSV ED visit percentage of total ED visits, all ages",2023-2024,Alaska,uptake_100,Uptake 100%; otherwise reference,0.5598141422774356,0.6310865887787007,9224,Age under 1 year,2023,"U.S. Census Bureau Population Estimates Program, Vintage 2023 Annual Resident Population Estimates by Single Year of Age and Sex","https://api.census.gov/data/2023/pep/charv?get=NAME,POP,AGE_DESC,YEAR&for=state:*&YEAR=2023&AGE=0001&SEX=0",0.07127244650126507,0.011774214704994403,11.774214704994403,extended_sep_apr,Extended Sep-Apr,baseline_oct_mar,Baseline Oct-Mar,"Pelletier et al. JAMA Network Open 2025 untreated infants: 2,535 RSV-associated hospitalizations among 215,301 untreated infants.","U.S. Census Bureau Population Estimates Program, Vintage 2023 Annual Resident Population Estimates by Single Year of Age and Sex, age under 1 year.",7.7405694565400704,7.7405694565400704,83.91770876561222
nssp,"RSV ED visit percentage of total ED visits, all ages",2023-2024,Arizona,uptake_100,Uptake 100%; otherwise reference,0.5867277332107392,0.6514892770811606,78075,Age under 1 year,2023,"U.S. Census Bureau Population Estimates Program, Vintage 2023 Annual Resident Population Estimates by Single Year of Age and Sex","https://api.census.gov/data/2023/pep/charv?get=NAME,POP,AGE_DESC,YEAR&for=state:*&YEAR=2023&AGE=0001&SEX=0",0.06476154387042132,0.011774214704994403,11.774214704994403,extended_sep_apr,Extended Sep-Apr,baseline_oct_mar,Baseline Oct-Mar,"Pelletier et al. JAMA Network Open 2025 untreated infants: 2,535 RSV-associated hospitalizations among 215,301 untreated infants.","U.S. Census Bureau Population Estimates Program, Vintage 2023 Annual Resident Population Estimates by Single Year of Age and Sex, age under 1 year.",59.53346185242768,59.53346185242768,76.2516322157255
nssp,"RSV ED visit percentage of total ED visits, all ages",2023-2024,Arkansas,uptake_100,Uptake 100%; otherwise reference,0.5238692491602219,0.6083813337797718,35297,Age under 1 year,2023,"U.S. Census Bureau Population Estimates Program, Vintage 2023 Annual Resident Population Estimates by Single Year of Age and Sex","https://api.census.gov/data/2023/pep/charv?get=NAME,POP,AGE_DESC,YEAR&for=state:*&YEAR=2023&AGE=0001&SEX=0",0.08451208461954984,0.011774214704994403,11.774214704994403,extended_sep_apr,Extended Sep-Apr,baseline_oct_mar,Baseline Oct-Mar,"Pelletier et al. JAMA Network Open 2025 untreated infants: 2,535 RSV-associated hospitalizations among 215,301 untreated infants.","U.S. Census Bureau Population Estimates Program, Vintage 2023 Annual Resident Population Estimates by Single Year of Age and Sex, age under 1 year.",35.12275387025797,35.12275387025797,99.50634294772351
nssp,"RSV ED visit percentage of total ED visits, all ages",2023-2024,California,uptake_100,Uptake 100%; otherwise reference,0.5485348539096204,0.6272689070376389,415125,Age under 1 year,2023,"U.S. Census Bureau Population Estimates Program, Vintage 2023 Annual Resident Population Estimates by Single Year of Age and Sex","https://api.census.gov/data/2023/pep/charv?get=NAME,POP,AGE_DESC,YEAR&for=state:*&YEAR=2023&AGE=0001&SEX=0",0.07873405312801851,0.011774214704994403,11.774214704994403,extended_sep_apr,Extended Sep-Apr,baseline_oct_mar,Baseline Oct-Mar,"Pelletier et al. JAMA Network Open 2025 untreated infants: 2,535 RSV-associated hospitalizations among 215,301 untreated infants.","U.S. Census Bureau Population Estimates Program, Vintage 2023 Annual Resident Population Estimates by Single Year of Age and Sex, age under 1 year.",384.8340120971118,384.8340120971118,92.70316461237262
nssp,"RSV ED visit percentage of total ED visits, all ages",2023-2024,Colorado,uptake_100,Uptake 100%; otherwise reference,0.5968705133731217,0.6564966580511099,62168,Age under 1 year,2023,"U.S. Census Bureau Population Estimates Program, Vintage 2023 Annual Resident Population Estimates by Single Year of Age and Sex","https://api.census.gov/data/2023/pep/charv?get=NAME,POP,AGE_DESC,YEAR&for=state:*&YEAR=2023&AGE=0001&SEX=0",0.05962614467798821,0.011774214704994403,11.774214704994403,extended_sep_apr,Extended Sep-Apr,baseline_oct_mar,Baseline Oct-Mar,"Pelletier et al. JAMA Network Open 2025 untreated infants: 2,535 RSV-associated hospitalizations among 215,301 untreated infants.","U.S. Census Bureau Population Estimates Program, Vintage 2023 Annual Resident Population Estimates by Single Year of Age and Sex, age under 1 year.",43.64510840007185,43.64510840007185,70.20510294696926
nssp,"RSV ED visit percentage of total ED visits, all ages",2023-2024,Connecticut,uptake_100,Uptake 100%; otherwise reference,0.5102827101367237,0.6042426891640017,34935,Age under 1 year,2023,"U.S. Census Bureau Population Estimates Program, Vintage 2023 Annual Resident Population Estimates by Single Year of Age and Sex","https://api.census.gov/data/2023/pep/charv?get=NAME,POP,AGE_DESC,YEAR&for=state:*&YEAR=2023&AGE=0001&SEX=0",0.09395997902727804,0.011774214704994403,11.774214704994403,extended_sep_apr,Extended Sep-Apr,baseline_oct_mar,Baseline Oct-Mar,"Pelletier et al. JAMA Network Open 2025 untreated infants: 2,535 RSV-associated hospitalizations among 215,301 untreated infants.","U.S. Census Bureau Population Estimates Program, Vintage 2023 Annual Resident Population Estimates by Single Year of Age and Sex, age under 1 year.",38.64876401319964,38.64876401319964,110.6304966743943
nssp,"RSV ED visit percentage of total ED visits, all ages",2023-2024,Delaware,uptake_100,Uptake 100%; otherwise reference,0.4608644145782085,0.5765907461306514,10745,Age under 1 year,2023,"U.S. Census Bureau Population Estimates Program, Vintage 2023 Annual Resident Population Estimates by Single Year of Age and Sex","https://api.census.gov/data/2023/pep/charv?get=NAME,POP,AGE_DESC,YEAR&for=state:*&YEAR=2023&AGE=0001&SEX=0",0.11572633155244294,0.011774214704994403,11.774214704994403,extended_sep_apr,Extended Sep-Apr,baseline_oct_mar,Baseline Oct-Mar,"Pelletier et al. JAMA Network Open 2025 untreated infants: 2,535 RSV-associated hospitalizations among 215,301 untreated infants.","U.S. Census Bureau Population Estimates Program, Vintage 2023 Annual Resident Population Estimates by Single Year of Age and Sex, age under 1 year.",14.640993819864589,14.640993819864589,136.25866747198316
nssp,"RSV ED visit percentage of total ED visits, all ages",2023-2024,District of Columbia,uptake_100,Uptake 100%; otherwise reference,0.39862036369646586,0.5385550705049755,7791,Age under 1 year,2023,"U.S. Census Bureau Population Estimates Program, Vintage 2023 Annual Resident Population Estimates by Single Year of Age and Sex","https://api.census.gov/data/2023/pep/charv?get=NAME,POP,AGE_DESC,YEAR&for=state:*&YEAR=2023&AGE=0001&SEX=0",0.13993470680850967,0.011774214704994403,11.774214704994403,extended_sep_apr,Extended Sep-Apr,baseline_oct_mar,Baseline Oct-Mar,"Pelletier et al. JAMA Network Open 2025 untreated infants: 2,535 RSV-associated hospitalizations among 215,301 untreated infants.","U.S. Census Bureau Population Estimates Program, Vintage 2023 Annual Resident Population Estimates by Single Year of Age and Sex, age under 1 year.",12.836617413078118,12.836617413078118,164.7621282643835
nssp,"RSV ED visit percentage of total ED visits, all ages",2023-2024,Florida,uptake_100,Uptake 100%; otherwise reference,0.3536086091256592,0.4889213115197622,224670,Age under 1 year,2023,"U.S. Census Bureau Population Estimates Program, Vintage 2023 Annual Resident Population Estimates by Single Year of Age and Sex","https://api.census.gov/data/2023/pep/charv?get=NAME,POP,AGE_DESC,YEAR&for=state:*&YEAR=2023&AGE=0001&SEX=0",0.13531270239410298,0.011774214704994403,11.774214704994403,extended_sep_apr,Extended Sep-Apr,baseline_oct_mar,Baseline Oct-Mar,"Pelletier et al. JAMA Network Open 2025 untreated infants: 2,535 RSV-associated hospitalizations among 215,301 untreated infants.","U.S. Census Bureau Population Estimates Program, Vintage 2023 Annual Resident Population Estimates by Single Year of Age and Sex, age under 1 year.",357.9444260503658,357.9444260503658,159.32008103011788
nssp,"RSV ED visit percentage of total ED visits, all ages",2023-2024,Georgia,uptake_100,Uptake 100%; otherwise reference,0.370771594474053,0.5151567077091795,125156,Age under 1 year,2023,"U.S. Census Bureau Population Estimates Program, Vintage 2023 Annual Resident Population Estimates by Single Year of Age and Sex","https://api.census.gov/data/2023/pep/charv?get=NAME,POP,AGE_DESC,YEAR&for=state:*&YEAR=2023&AGE=0001&SEX=0",0.14438511323512654,0.011774214704994403,11.774214704994403,extended_sep_apr,Extended Sep-Apr,baseline_oct_mar,Baseline Oct-Mar,"Pelletier et al. JAMA Network Open 2025 untreated infants: 2,535 RSV-associated hospitalizations among 215,301 untreated infants.","U.S. Census Bureau Population Estimates Program, Vintage 2023 Annual Resident Population Estimates by Single Year of Age and Sex, age under 1 year.",212.76786875586953,212.76786875586953,170.0021323435309
nssp,"RSV ED visit percentage of total ED visits, all ages",2023-2024,Hawaii,uptake_100,Uptake 100%; otherwise reference,0.45298413027180184,0.5684229047527914,15147,Age under 1 year,2023,"U.S. Census Bureau Population Estimates Program, Vintage 2023 Annual Resident Population Estimates by Single Year of Age and Sex","https://api.census.gov/data/2023/pep/charv?get=NAME,POP,AGE_DESC,YEAR&for=state:*&YEAR=2023&AGE=0001&SEX=0",0.1154387744809896,0.011774214704994403,11.774214704994403,extended_sep_apr,Extended Sep-Apr,baseline_oct_mar,Baseline Oct-Mar,"Pelletier et al. JAMA Network Open 2025 untreated infants: 2,535 RSV-associated hospitalizations among 215,301 untreated infants.","U.S. Census Bureau Population Estimates Program, Vintage 2023 Annual Resident Population Estimates by Single Year of Age and Sex, age under 1 year.",20.587816274964034,20.587816274964034,135.92009160206004
nssp,"RSV ED visit percentage of total ED visits, all ages",2023-2024,Idaho,uptake_100,Uptake 100%; otherwise reference,0.6237389830562323,0.6762663663698626,22331,Age under 1 year,2023,"U.S. Census Bureau Population Estimates Program, Vintage 2023 Annual Resident Population Estimates by Single Year of Age and Sex","https://api.census.gov/data/2023/pep/charv?get=NAME,POP,AGE_DESC,YEAR&for=state:*&YEAR=2023&AGE=0001&SEX=0",0.05252738331363027,0.011774214704994403,11.774214704994403,extended_sep_apr,Extended Sep-Apr,baseline_oct_mar,Baseline Oct-Mar,"Pelletier et al. JAMA Network Open 2025 untreated infants: 2,535 RSV-associated hospitalizations among 215,301 untreated infants.","U.S. Census Bureau Population Estimates Program, Vintage 2023 Annual Resident Population Estimates by Single Year of Age and Sex, age under 1 year.",13.81102429464459,13.81102429464459,61.84686890262232
nssp,"RSV ED visit percentage of total ED visits, all ages",2023-2024,Illinois,uptake_100,Uptake 100%; otherwise reference,0.5296969098897955,0.6143905872136418,126792,Age under 1 year,2023,"U.S. Census Bureau Population Estimates Program, Vintage 2023 Annual Resident Population Estimates by Single Year of Age and Sex","https://api.census.gov/data/2023/pep/charv?get=NAME,POP,AGE_DESC,YEAR&for=state:*&YEAR=2023&AGE=0001&SEX=0",0.08469367732384636,0.011774214704994403,11.774214704994403,extended_sep_apr,Extended Sep-Apr,baseline_oct_mar,Baseline Oct-Mar,"Pelletier et al. JAMA Network Open 2025 untreated infants: 2,535 RSV-associated hospitalizations among 215,301 untreated infants.","U.S. Census Bureau Population Estimates Program, Vintage 2023 Annual Resident Population Estimates by Single Year of Age and Sex, age under 1 year.",126.4371777822223,126.4371777822223,99.72015409664829
nssp,"RSV ED visit percentage of total ED visits, all ages",2023-2024,Indiana,uptake_100,Uptake 100%; otherwise reference,0.5323589196101598,0.6148629327814908,79101,Age under 1 year,2023,"U.S. Census Bureau Population Estimates Program, Vintage 2023 Annual Resident Population Estimates by Single Year of Age and Sex","https://api.census.gov/data/2023/pep/charv?get=NAME,POP,AGE_DESC,YEAR&for=state:*&YEAR=2023&AGE=0001&SEX=0",0.08250401317133105,0.011774214704994403,11.774214704994403,extended_sep_apr,Extended Sep-Apr,baseline_oct_mar,Baseline Oct-Mar,"Pelletier et al. JAMA Network Open 2025 untreated infants: 2,535 RSV-associated hospitalizations among 215,301 untreated infants.","U.S. Census Bureau Population Estimates Program, Vintage 2023 Annual Resident Population Estimates by Single Year of Age and Sex, age under 1 year.",76.84029065960749,76.84029065960749,97.1419965102938
nssp,"RSV ED visit percentage of total ED visits, all ages",2023-2024,Iowa,uptake_100,Uptake 100%; otherwise reference,0.6038760862116604,0.6601676215642711,36766,Age under 1 year,2023,"U.S. Census Bureau Population Estimates Program, Vintage 2023 Annual Resident Population Estimates by Single Year of Age and Sex","https://api.census.gov/data/2023/pep/charv?get=NAME,POP,AGE_DESC,YEAR&for=state:*&YEAR=2023&AGE=0001&SEX=0",0.05629153535261067,0.011774214704994403,11.774214704994403,extended_sep_apr,Extended Sep-Apr,baseline_oct_mar,Baseline Oct-Mar,"Pelletier et al. JAMA Network Open 2025 untreated infants: 2,535 RSV-associated hospitalizations among 215,301 untreated infants.","U.S. Census Bureau Population Estimates Program, Vintage 2023 Annual Resident Population Estimates by Single Year of Age and Sex, age under 1 year.",24.36808652481476,24.36808652481476,66.27886233154209
nssp,"RSV ED visit percentage of total ED visits, all ages",2023-2024,Kansas,uptake_100,Uptake 100%; otherwise reference,0.5943950740142327,0.6516817933936002,34590,Age under 1 year,2023,"U.S. Census Bureau Population Estimates Program, Vintage 2023 Annual Resident Population Estimates by Single Year of Age and Sex","https://api.census.gov/data/2023/pep/charv?get=NAME,POP,AGE_DESC,YEAR&for=state:*&YEAR=2023&AGE=0001&SEX=0",0.05728671937936747,0.011774214704994403,11.774214704994403,extended_sep_apr,Extended Sep-Apr,baseline_oct_mar,Baseline Oct-Mar,"Pelletier et al. JAMA Network Open 2025 untreated infants: 2,535 RSV-associated hospitalizations among 215,301 untreated infants.","U.S. Census Bureau Population Estimates Program, Vintage 2023 Annual Resident Population Estimates by Single Year of Age and Sex, age under 1 year.",23.33116716528612,23.33116716528612,67.45061337174363
nssp,"RSV ED visit percentage of total ED visits, all ages",2023-2024,Kentucky,uptake_100,Uptake 100%; otherwise reference,0.5135774204968513,0.6010808488098973,52111,Age under 1 year,2023,"U.S. Census Bureau Population Estimates Program, Vintage 2023 Annual Resident Population Estimates by Single Year of Age and Sex","https://api.census.gov/data/2023/pep/charv?get=NAME,POP,AGE_DESC,YEAR&for=state:*&YEAR=2023&AGE=0001&SEX=0",0.08750342831304603,0.011774214704994403,11.774214704994403,extended_sep_apr,Extended Sep-Apr,baseline_oct_mar,Baseline Oct-Mar,"Pelletier et al. JAMA Network Open 2025 untreated infants: 2,535 RSV-associated hospitalizations among 215,301 untreated infants.","U.S. Census Bureau Population Estimates Program, Vintage 2023 Annual Resident Population Estimates by Single Year of Age and Sex, age under 1 year.",53.68913746472056,53.68913746472056,103.02841523808902
nssp,"RSV ED visit percentage of total ED visits, all ages",2023-2024,Louisiana,uptake_100,Uptake 100%; otherwise reference,0.4300181773551668,0.5538141660406868,55838,Age under 1 year,2023,"U.S. Census Bureau Population Estimates Program, Vintage 2023 Annual Resident Population Estimates by Single Year of Age and Sex","https://api.census.gov/data/2023/pep/charv?get=NAME,POP,AGE_DESC,YEAR&for=state:*&YEAR=2023&AGE=0001&SEX=0",0.12379598868552,0.011774214704994403,11.774214704994403,extended_sep_apr,Extended Sep-Apr,baseline_oct_mar,Baseline Oct-Mar,"Pelletier et al. JAMA Network Open 2025 untreated infants: 2,535 RSV-associated hospitalizations among 215,301 untreated infants.","U.S. Census Bureau Population Estimates Program, Vintage 2023 Annual Resident Population Estimates by Single Year of Age and Sex, age under 1 year.",81.38949953325587,81.38949953325587,145.76005504003703
nssp,"RSV ED visit percentage of total ED visits, all ages",2023-2024,Maine,uptake_100,Uptake 100%; otherwise reference,0.5959310663706129,0.6574683451528887,11892,Age under 1 year,2023,"U.S. Census Bureau Population Estimates Program, Vintage 2023 Annual Resident Population Estimates by Single Year of Age and Sex","https://api.census.gov/data/2023/pep/charv?get=NAME,POP,AGE_DESC,YEAR&for=state:*&YEAR=2023&AGE=0001&SEX=0",0.06153727878227577,0.011774214704994403,11.774214704994403,extended_sep_apr,Extended Sep-Apr,baseline_oct_mar,Baseline Oct-Mar,"Pelletier et al. JAMA Network Open 2025 untreated infants: 2,535 RSV-associated hospitalizations among 215,301 untreated infants.","U.S. Census Bureau Population Estimates Program, Vintage 2023 Annual Resident Population Estimates by Single Year of Age and Sex, age under 1 year.",8.616385854587028,8.616385854587028,72.45531327436115
nssp,"RSV ED visit percentage of total ED visits, all ages",2023-2024,Maryland,uptake_100,Uptake 100%; otherwise reference,0.4710335771775897,0.5801162743271757,68060,Age under 1 year,2023,"U.S. Census Bureau Population Estimates Program, Vintage 2023 Annual Resident Population Estimates by Single Year of Age and Sex","https://api.census.gov/data/2023/pep/charv?get=NAME,POP,AGE_DESC,YEAR&for=state:*&YEAR=2023&AGE=0001&SEX=0",0.10908269714958602,0.011774214704994403,11.774214704994403,extended_sep_apr,Extended Sep-Apr,baseline_oct_mar,Baseline Oct-Mar,"Pelletier et al. JAMA Network Open 2025 untreated infants: 2,535 RSV-associated hospitalizations among 215,301 untreated infants.","U.S. Census Bureau Population Estimates Program, Vintage 2023 Annual Resident Population Estimates by Single Year of Age and Sex, age under 1 year.",87.4137523708696,87.4137523708696,128.43630968391068
nssp,"RSV ED visit percentage of total ED visits, all ages",2023-2024,Massachusetts,uptake_100,Uptake 100%; otherwise reference,0.4948948227831441,0.5924773168548991,69103,Age under 1 year,2023,"U.S. Census Bureau Population Estimates Program, Vintage 2023 Annual Resident Population Estimates by Single Year of Age and Sex","https://api.census.gov/data/2023/pep/charv?get=NAME,POP,AGE_DESC,YEAR&for=state:*&YEAR=2023&AGE=0001&SEX=0",0.09758249407175501,0.011774214704994403,11.774214704994403,extended_sep_apr,Extended Sep-Apr,baseline_oct_mar,Baseline Oct-Mar,"Pelletier et al. JAMA Network Open 2025 untreated infants: 2,535 RSV-associated hospitalizations among 215,301 untreated infants.","U.S. Census Bureau Population Estimates Program, Vintage 2023 Annual Resident Population Estimates by Single Year of Age and Sex, age under 1 year.",79.39639192420331,79.39639192420331,114.89572366496871
nssp,"RSV ED visit percentage of total ED visits, all ages",2023-2024,Michigan,uptake_100,Uptake 100%; otherwise reference,0.5721510801006183,0.6402598542832432,101385,Age under 1 year,2023,"U.S. Census Bureau Population Estimates Program, Vintage 2023 Annual Resident Population Estimates by Single Year of Age and Sex","https://api.census.gov/data/2023/pep/charv?get=NAME,POP,AGE_DESC,YEAR&for=state:*&YEAR=2023&AGE=0001&SEX=0",0.06810877418262484,0.011774214704994403,11.774214704994403,extended_sep_apr,Extended Sep-Apr,baseline_oct_mar,Baseline Oct-Mar,"Pelletier et al. JAMA Network Open 2025 untreated infants: 2,535 RSV-associated hospitalizations among 215,301 untreated infants.","U.S. Census Bureau Population Estimates Program, Vintage 2023 Annual Resident Population Estimates by Single Year of Age and Sex, age under 1 year.",81.30340240479093,81.30340240479093,80.19273305202046
nssp,"RSV ED visit percentage of total ED visits, all ages",2023-2024,Minnesota,uptake_100,Uptake 100%; otherwise reference,0.5948333114951128,0.6561087735830881,63637,Age under 1 year,2023,"U.S. Census Bureau Population Estimates Program, Vintage 2023 Annual Resident Population Estimates by Single Year of Age and Sex","https://api.census.gov/data/2023/pep/charv?get=NAME,POP,AGE_DESC,YEAR&for=state:*&YEAR=2023&AGE=0001&SEX=0",0.061275462087975296,0.011774214704994403,11.774214704994403,extended_sep_apr,Extended Sep-Apr,baseline_oct_mar,Baseline Oct-Mar,"Pelletier et al. JAMA Network Open 2025 untreated infants: 2,535 RSV-associated hospitalizations among 215,301 untreated infants.","U.S. Census Bureau Population Estimates Program, Vintage 2023 Annual Resident Population Estimates by Single Year of Age and Sex, age under 1 year.",45.91221482120213,45.91221482120213,72.14704467715659
nssp,"RSV ED visit percentage of total ED visits, all ages",2023-2024,Mississippi,uptake_100,Uptake 100%; otherwise reference,0.37139385612881437,0.5183333621558689,34372,Age under 1 year,2023,"U.S. Census Bureau Population Estimates Program, Vintage 2023 Annual Resident Population Estimates by Single Year of Age and Sex","https://api.census.gov/data/2023/pep/charv?get=NAME,POP,AGE_DESC,YEAR&for=state:*&YEAR=2023&AGE=0001&SEX=0",0.14693950602705452,0.011774214704994403,11.774214704994403,extended_sep_apr,Extended Sep-Apr,baseline_oct_mar,Baseline Oct-Mar,"Pelletier et al. JAMA Network Open 2025 untreated infants: 2,535 RSV-associated hospitalizations among 215,301 untreated infants.","U.S. Census Bureau Population Estimates Program, Vintage 2023 Annual Resident Population Estimates by Single Year of Age and Sex, age under 1 year.",59.46690414153452,59.46690414153452,173.0097292608359
nssp,"RSV ED visit percentage of total ED visits, all ages",2023-2024,Missouri,uptake_100,Uptake 100%; otherwise reference,0.5958856123711516,0.656558053944304,67996,Age under 1 year,2023,"U.S. Census Bureau Population Estimates Program, Vintage 2023 Annual Resident Population Estimates by Single Year of Age and Sex","https://api.census.gov/data/2023/pep/charv?get=NAME,POP,AGE_DESC,YEAR&for=state:*&YEAR=2023&AGE=0001&SEX=0",0.060672441573152436,0.011774214704994403,11.774214704994403,extended_sep_apr,Extended Sep-Apr,baseline_oct_mar,Baseline Oct-Mar,"Pelletier et al. JAMA Network Open 2025 untreated infants: 2,535 RSV-associated hospitalizations among 215,301 untreated infants.","U.S. Census Bureau Population Estimates Program, Vintage 2023 Annual Resident Population Estimates by Single Year of Age and Sex, age under 1 year.",48.57432657416468,48.57432657416468,71.43703537585252
nssp,"RSV ED visit percentage of total ED visits, all ages",2023-2024,Montana,uptake_100,Uptake 100%; otherwise reference,0.6565450247961302,0.6945050078839308,11266,Age under 1 year,2023,"U.S. Census Bureau Population Estimates Program, Vintage 2023 Annual Resident Population Estimates by Single Year of Age and Sex","https://api.census.gov/data/2023/pep/charv?get=NAME,POP,AGE_DESC,YEAR&for=state:*&YEAR=2023&AGE=0001&SEX=0",0.037959983087800575,0.011774214704994403,11.774214704994403,extended_sep_apr,Extended Sep-Apr,baseline_oct_mar,Baseline Oct-Mar,"Pelletier et al. JAMA Network Open 2025 untreated infants: 2,535 RSV-associated hospitalizations among 215,301 untreated infants.","U.S. Census Bureau Population Estimates Program, Vintage 2023 Annual Resident Population Estimates by Single Year of Age and Sex, age under 1 year.",5.035327333436533,5.035327333436533,44.69489910737204
nssp,"RSV ED visit percentage of total ED visits, all ages",2023-2024,Nebraska,uptake_100,Uptake 100%; otherwise reference,0.5914482416712055,0.650703112513053,24144,Age under 1 year,2023,"U.S. Census Bureau Population Estimates Program, Vintage 2023 Annual Resident Population Estimates by Single Year of Age and Sex","https://api.census.gov/data/2023/pep/charv?get=NAME,POP,AGE_DESC,YEAR&for=state:*&YEAR=2023&AGE=0001&SEX=0",0.05925487084184755,0.011774214704994403,11.774214704994403,extended_sep_apr,Extended Sep-Apr,baseline_oct_mar,Baseline Oct-Mar,"Pelletier et al. JAMA Network Open 2025 untreated infants: 2,535 RSV-associated hospitalizations among 215,301 untreated infants.","U.S. Census Bureau Population Estimates Program, Vintage 2023 Annual Resident Population Estimates by Single Year of Age and Sex, age under 1 year.",16.844775576918657,16.844775576918657,69.76795716086255
nssp,"RSV ED visit percentage of total ED visits, all ages",2023-2024,Nevada,uptake_100,Uptake 100%; otherwise reference,0.5789019635302178,0.6453330780611017,32716,Age under 1 year,2023,"U.S. Census Bureau Population Estimates Program, Vintage 2023 Annual Resident Population Estimates by Single Year of Age and Sex","https://api.census.gov/data/2023/pep/charv?get=NAME,POP,AGE_DESC,YEAR&for=state:*&YEAR=2023&AGE=0001&SEX=0",0.0664311145308839,0.011774214704994403,11.774214704994403,extended_sep_apr,Extended Sep-Apr,baseline_oct_mar,Baseline Oct-Mar,"Pelletier et al. JAMA Network Open 2025 untreated infants: 2,535 RSV-associated hospitalizations among 215,301 untreated infants.","U.S. Census Bureau Population Estimates Program, Vintage 2023 Annual Resident Population Estimates by Single Year of Age and Sex, age under 1 year.",25.589611309712772,25.589611309712772,78.21742055787007
nssp,"RSV ED visit percentage of total ED visits, all ages",2023-2024,New Hampshire,uptake_100,Uptake 100%; otherwise reference,0.5608232365400064,0.6322204382063686,12164,Age under 1 year,2023,"U.S. Census Bureau Population Estimates Program, Vintage 2023 Annual Resident Population Estimates by Single Year of Age and Sex","https://api.census.gov/data/2023/pep/charv?get=NAME,POP,AGE_DESC,YEAR&for=state:*&YEAR=2023&AGE=0001&SEX=0",0.07139720166636221,0.011774214704994403,11.774214704994403,extended_sep_apr,Extended Sep-Apr,baseline_oct_mar,Baseline Oct-Mar,"Pelletier et al. JAMA Network Open 2025 untreated infants: 2,535 RSV-associated hospitalizations among 215,301 untreated infants.","U.S. Census Bureau Population Estimates Program, Vintage 2023 Annual Resident Population Estimates by Single Year of Age and Sex, age under 1 year.",10.2256177220743,10.2256177220743,84.06459817555329
nssp,"RSV ED visit percentage of total ED visits, all ages",2023-2024,New Jersey,uptake_100,Uptake 100%; otherwise reference,0.4902354920482235,0.5915493737027848,102477,Age under 1 year,2023,"U.S. Census Bureau Population Estimates Program, Vintage 2023 Annual Resident Population Estimates by Single Year of Age and Sex","https://api.census.gov/data/2023/pep/charv?get=NAME,POP,AGE_DESC,YEAR&for=state:*&YEAR=2023&AGE=0001&SEX=0",0.10131388165456134,0.011774214704994403,11.774214704994403,extended_sep_apr,Extended Sep-Apr,baseline_oct_mar,Baseline Oct-Mar,"Pelletier et al. JAMA Network Open 2025 untreated infants: 2,535 RSV-associated hospitalizations among 215,301 untreated infants.","U.S. Census Bureau Population Estimates Program, Vintage 2023 Annual Resident Population Estimates by Single Year of Age and Sex, age under 1 year.",122.24393150562335,122.24393150562335,119.2891395197199
nssp,"RSV ED visit percentage of total ED visits, all ages",2023-2024,New Mexico,uptake_100,Uptake 100%; otherwise reference,0.58197006929658,0.6488344228513054,20589,Age under 1 year,2023,"U.S. Census Bureau Population Estimates Program, Vintage 2023 Annual Resident Population Estimates by Single Year of Age and Sex","https://api.census.gov/data/2023/pep/charv?get=NAME,POP,AGE_DESC,YEAR&for=state:*&YEAR=2023&AGE=0001&SEX=0",0.06686435355472542,0.011774214704994403,11.774214704994403,extended_sep_apr,Extended Sep-Apr,baseline_oct_mar,Baseline Oct-Mar,"Pelletier et al. JAMA Network Open 2025 untreated infants: 2,535 RSV-associated hospitalizations among 215,301 untreated infants.","U.S. Census Bureau Population Estimates Program, Vintage 2023 Annual Resident Population Estimates by Single Year of Age and Sex, age under 1 year.",16.20921022239475,16.20921022239475,78.72752548639929
nssp,"RSV ED visit percentage of total ED visits, all ages",2023-2024,New York,uptake_100,Uptake 100%; otherwise reference,0.52434086415961,0.6108970918311601,209673,Age under 1 year,2023,"U.S. Census Bureau Population Estimates Program, Vintage 2023 Annual Resident Population Estimates by Single Year of Age and Sex","https://api.census.gov/data/2023/pep/charv?get=NAME,POP,AGE_DESC,YEAR&for=state:*&YEAR=2023&AGE=0001&SEX=0",0.08655622767155013,0.011774214704994403,11.774214704994403,extended_sep_apr,Extended Sep-Apr,baseline_oct_mar,Baseline Oct-Mar,"Pelletier et al. JAMA Network Open 2025 untreated infants: 2,535 RSV-associated hospitalizations among 215,301 untreated infants.","U.S. Census Bureau Population Estimates Program, Vintage 2023 Annual Resident Population Estimates by Single Year of Age and Sex, age under 1 year.",213.6843817824023,213.6843817824023,101.91316086592091
nssp,"RSV ED visit percentage of total ED visits, all ages",2023-2024,North Carolina,uptake_100,Uptake 100%; otherwise reference,0.5081329797281136,0.6018920080666061,120602,Age under 1 year,2023,"U.S. Census Bureau Population Estimates Program, Vintage 2023 Annual Resident Population Estimates by Single Year of Age and Sex","https://api.census.gov/data/2023/pep/charv?get=NAME,POP,AGE_DESC,YEAR&for=state:*&YEAR=2023&AGE=0001&SEX=0",0.09375902833849259,0.011774214704994403,11.774214704994403,extended_sep_apr,Extended Sep-Apr,baseline_oct_mar,Baseline Oct-Mar,"Pelletier et al. JAMA Network Open 2025 untreated infants: 2,535 RSV-associated hospitalizations among 215,301 untreated infants.","U.S. Census Bureau Population Estimates Program, Vintage 2023 Annual Resident Population Estimates by Single Year of Age and Sex, age under 1 year.",133.13724285866178,133.13724285866178,110.39389301890665
nssp,"RSV ED visit percentage of total ED visits, all ages",2023-2024,North Dakota,uptake_100,Uptake 100%; otherwise reference,0.6246251397178946,0.6753477275785765,9626,Age under 1 year,2023,"U.S. Census Bureau Population Estimates Program, Vintage 2023 Annual Resident Population Estimates by Single Year of Age and Sex","https://api.census.gov/data/2023/pep/charv?get=NAME,POP,AGE_DESC,YEAR&for=state:*&YEAR=2023&AGE=0001&SEX=0",0.050722587860681956,0.011774214704994403,11.774214704994403,extended_sep_apr,Extended Sep-Apr,baseline_oct_mar,Baseline Oct-Mar,"Pelletier et al. JAMA Network Open 2025 untreated infants: 2,535 RSV-associated hospitalizations among 215,301 untreated infants.","U.S. Census Bureau Population Estimates Program, Vintage 2023 Annual Resident Population Estimates by Single Year of Age and Sex, age under 1 year.",5.748826627336756,5.748826627336756,59.72186398646121
nssp,"RSV ED visit percentage of total ED visits, all ages",2023-2024,Ohio,uptake_100,Uptake 100%; otherwise reference,0.5599903697598454,0.6319129209235191,128059,Age under 1 year,2023,"U.S. Census Bureau Population Estimates Program, Vintage 2023 Annual Resident Population Estimates by Single Year of Age and Sex","https://api.census.gov/data/2023/pep/charv?get=NAME,POP,AGE_DESC,YEAR&for=state:*&YEAR=2023&AGE=0001&SEX=0",0.07192255116367374,0.011774214704994403,11.774214704994403,extended_sep_apr,Extended Sep-Apr,baseline_oct_mar,Baseline Oct-Mar,"Pelletier et al. JAMA Network Open 2025 untreated infants: 2,535 RSV-associated hospitalizations among 215,301 untreated infants.","U.S. Census Bureau Population Estimates Program, Vintage 2023 Annual Resident Population Estimates by Single Year of Age and Sex, age under 1 year.",108.44440268211346,108.44440268211346,84.68315595320398
nssp,"RSV ED visit percentage of total ED visits, all ages",2023-2024,Oklahoma,uptake_100,Uptake 100%; otherwise reference,0.5579011260530363,0.6320349956226948,47714,Age under 1 year,2023,"U.S. Census Bureau Population Estimates Program, Vintage 2023 Annual Resident Population Estimates by Single Year of Age and Sex","https://api.census.gov/data/2023/pep/charv?get=NAME,POP,AGE_DESC,YEAR&for=state:*&YEAR=2023&AGE=0001&SEX=0",0.0741338695696585,0.011774214704994403,11.774214704994403,extended_sep_apr,Extended Sep-Apr,baseline_oct_mar,Baseline Oct-Mar,"Pelletier et al. JAMA Network Open 2025 untreated infants: 2,535 RSV-associated hospitalizations among 215,301 untreated infants.","U.S. Census Bureau Population Estimates Program, Vintage 2023 Annual Resident Population Estimates by Single Year of Age and Sex, age under 1 year.",41.648028391003685,41.648028391003685,87.28680972252103
nssp,"RSV ED visit percentage of total ED visits, all ages",2023-2024,Oregon,uptake_100,Uptake 100%; otherwise reference,0.5874105167899033,0.6504247711420377,38904,Age under 1 year,2023,"U.S. Census Bureau Population Estimates Program, Vintage 2023 Annual Resident Population Estimates by Single Year of Age and Sex","https://api.census.gov/data/2023/pep/charv?get=NAME,POP,AGE_DESC,YEAR&for=state:*&YEAR=2023&AGE=0001&SEX=0",0.06301425435213437,0.011774214704994403,11.774214704994403,extended_sep_apr,Extended Sep-Apr,baseline_oct_mar,Baseline Oct-Mar,"Pelletier et al. JAMA Network Open 2025 untreated infants: 2,535 RSV-associated hospitalizations among 215,301 untreated infants.","U.S. Census Bureau Population Estimates Program, Vintage 2023 Annual Resident Population Estimates by Single Year of Age and Sex, age under 1 year.",28.864564485888316,28.864564485888316,74.19433602171581
nssp,"RSV ED visit percentage of total ED visits, all ages",2023-2024,Pennsylvania,uptake_100,Uptake 100%; otherwise reference,0.5404744216123408,0.6205880181703918,128878,Age under 1 year,2023,"U.S. Census Bureau Population Estimates Program, Vintage 2023 Annual Resident Population Estimates by Single Year of Age and Sex","https://api.census.gov/data/2023/pep/charv?get=NAME,POP,AGE_DESC,YEAR&for=state:*&YEAR=2023&AGE=0001&SEX=0",0.08011359655805095,0.011774214704994403,11.774214704994403,extended_sep_apr,Extended Sep-Apr,baseline_oct_mar,Baseline Oct-Mar,"Pelletier et al. JAMA Network Open 2025 untreated infants: 2,535 RSV-associated hospitalizations among 215,301 untreated infants.","U.S. Census Bureau Population Estimates Program, Vintage 2023 Annual Resident Population Estimates by Single Year of Age and Sex, age under 1 year.",121.56735506785625,121.56735506785625,94.32746866637925
nssp,"RSV ED visit percentage of total ED visits, all ages",2023-2024,Rhode Island,uptake_100,Uptake 100%; otherwise reference,0.5138016205669562,0.6023888460572282,10018,Age under 1 year,2023,"U.S. Census Bureau Population Estimates Program, Vintage 2023 Annual Resident Population Estimates by Single Year of Age and Sex","https://api.census.gov/data/2023/pep/charv?get=NAME,POP,AGE_DESC,YEAR&for=state:*&YEAR=2023&AGE=0001&SEX=0",0.08858722549027198,0.011774214704994403,11.774214704994403,extended_sep_apr,Extended Sep-Apr,baseline_oct_mar,Baseline Oct-Mar,"Pelletier et al. JAMA Network Open 2025 untreated infants: 2,535 RSV-associated hospitalizations among 215,301 untreated infants.","U.S. Census Bureau Population Estimates Program, Vintage 2023 Annual Resident Population Estimates by Single Year of Age and Sex, age under 1 year.",10.449224940656913,10.449224940656913,104.30450130422155
nssp,"RSV ED visit percentage of total ED visits, all ages",2023-2024,South Carolina,uptake_100,Uptake 100%; otherwise reference,0.4355991408735653,0.55770992909602,57279,Age under 1 year,2023,"U.S. Census Bureau Population Estimates Program, Vintage 2023 Annual Resident Population Estimates by Single Year of Age and Sex","https://api.census.gov/data/2023/pep/charv?get=NAME,POP,AGE_DESC,YEAR&for=state:*&YEAR=2023&AGE=0001&SEX=0",0.12211078822245469,0.011774214704994403,11.774214704994403,extended_sep_apr,Extended Sep-Apr,baseline_oct_mar,Baseline Oct-Mar,"Pelletier et al. JAMA Network Open 2025 untreated infants: 2,535 RSV-associated hospitalizations among 215,301 untreated infants.","U.S. Census Bureau Population Estimates Program, Vintage 2023 Annual Resident Population Estimates by Single Year of Age and Sex, age under 1 year.",82.35337704474846,82.35337704474846,143.77586383272833
nssp,"RSV ED visit percentage of total ED visits, all ages",2023-2024,South Dakota,uptake_100,Uptake 100%; otherwise reference,0.6560013912668535,0.6935433947686639,11434,Age under 1 year,2023,"U.S. Census Bureau Population Estimates Program, Vintage 2023 Annual Resident Population Estimates by Single Year of Age and Sex","https://api.census.gov/data/2023/pep/charv?get=NAME,POP,AGE_DESC,YEAR&for=state:*&YEAR=2023&AGE=0001&SEX=0",0.03754200350181036,0.011774214704994403,11.774214704994403,extended_sep_apr,Extended Sep-Apr,baseline_oct_mar,Baseline Oct-Mar,"Pelletier et al. JAMA Network Open 2025 untreated infants: 2,535 RSV-associated hospitalizations among 215,301 untreated infants.","U.S. Census Bureau Population Estimates Program, Vintage 2023 Annual Resident Population Estimates by Single Year of Age and Sex, age under 1 year.",5.054143689149345,5.054143689149345,44.2027609685967
nssp,"RSV ED visit percentage of total ED visits, all ages",2023-2024,Tennessee,uptake_100,Uptake 100%; otherwise reference,0.4519942741237264,0.5666071499304411,81959,Age under 1 year,2023,"U.S. Census Bureau Population Estimates Program, Vintage 2023 Annual Resident Population Estimates by Single Year of Age and Sex","https://api.census.gov/data/2023/pep/charv?get=NAME,POP,AGE_DESC,YEAR&for=state:*&YEAR=2023&AGE=0001&SEX=0",0.11461287580671475,0.011774214704994403,11.774214704994403,extended_sep_apr,Extended Sep-Apr,baseline_oct_mar,Baseline Oct-Mar,"Pelletier et al. JAMA Network Open 2025 untreated infants: 2,535 RSV-associated hospitalizations among 215,301 untreated infants.","U.S. Census Bureau Population Estimates Program, Vintage 2023 Annual Resident Population Estimates by Single Year of Age and Sex, age under 1 year.",110.60175329090377,110.60175329090377,134.94766077051182
nssp,"RSV ED visit percentage of total ED visits, all ages",2023-2024,Texas,uptake_100,Uptake 100%; otherwise reference,0.44014743076133545,0.5566362357047762,389814,Age under 1 year,2023,"U.S. Census Bureau Population Estimates Program, Vintage 2023 Annual Resident Population Estimates by Single Year of Age and Sex","https://api.census.gov/data/2023/pep/charv?get=NAME,POP,AGE_DESC,YEAR&for=state:*&YEAR=2023&AGE=0001&SEX=0",0.11648880494344072,0.011774214704994403,11.774214704994403,extended_sep_apr,Extended Sep-Apr,baseline_oct_mar,Baseline Oct-Mar,"Pelletier et al. JAMA Network Open 2025 untreated infants: 2,535 RSV-associated hospitalizations among 215,301 untreated infants.","U.S. Census Bureau Population Estimates Program, Vintage 2023 Annual Resident Population Estimates by Single Year of Age and Sex, age under 1 year.",534.6549271103663,534.6549271103663,137.15642001322846
nssp,"RSV ED visit percentage of total ED visits, all ages",2023-2024,Utah,uptake_100,Uptake 100%; otherwise reference,0.6219079333485628,0.678572459759635,45759,Age under 1 year,2023,"U.S. Census Bureau Population Estimates Program, Vintage 2023 Annual Resident Population Estimates by Single Year of Age and Sex","https://api.census.gov/data/2023/pep/charv?get=NAME,POP,AGE_DESC,YEAR&for=state:*&YEAR=2023&AGE=0001&SEX=0",0.056664526411072225,0.011774214704994403,11.774214704994403,extended_sep_apr,Extended Sep-Apr,baseline_oct_mar,Baseline Oct-Mar,"Pelletier et al. JAMA Network Open 2025 untreated infants: 2,535 RSV-associated hospitalizations among 215,301 untreated infants.","U.S. Census Bureau Population Estimates Program, Vintage 2023 Annual Resident Population Estimates by Single Year of Age and Sex, age under 1 year.",30.52950335322724,30.52950335322724,66.71803001207904
nssp,"RSV ED visit percentage of total ED visits, all ages",2023-2024,Vermont,uptake_100,Uptake 100%; otherwise reference,0.616459156357962,0.6738714249664547,5112,Age under 1 year,2023,"U.S. Census Bureau Population Estimates Program, Vintage 2023 Annual Resident Population Estimates by Single Year of Age and Sex","https://api.census.gov/data/2023/pep/charv?get=NAME,POP,AGE_DESC,YEAR&for=state:*&YEAR=2023&AGE=0001&SEX=0",0.05741226860849269,0.011774214704994403,11.774214704994403,extended_sep_apr,Extended Sep-Apr,baseline_oct_mar,Baseline Oct-Mar,"Pelletier et al. JAMA Network Open 2025 untreated infants: 2,535 RSV-associated hospitalizations among 215,301 untreated infants.","U.S. Census Bureau Population Estimates Program, Vintage 2023 Annual Resident Population Estimates by Single Year of Age and Sex, age under 1 year.",3.4556321367433025,3.4556321367433025,67.59843772972032
nssp,"RSV ED visit percentage of total ED visits, all ages",2023-2024,Virginia,uptake_100,Uptake 100%; otherwise reference,0.4553915066573269,0.5695976779606386,95290,Age under 1 year,2023,"U.S. Census Bureau Population Estimates Program, Vintage 2023 Annual Resident Population Estimates by Single Year of Age and Sex","https://api.census.gov/data/2023/pep/charv?get=NAME,POP,AGE_DESC,YEAR&for=state:*&YEAR=2023&AGE=0001&SEX=0",0.11420617130331173,0.011774214704994403,11.774214704994403,extended_sep_apr,Extended Sep-Apr,baseline_oct_mar,Baseline Oct-Mar,"Pelletier et al. JAMA Network Open 2025 untreated infants: 2,535 RSV-associated hospitalizations among 215,301 untreated infants.","U.S. Census Bureau Population Estimates Program, Vintage 2023 Annual Resident Population Estimates by Single Year of Age and Sex, age under 1 year.",128.13531776290603,128.13531776290603,134.4687981560563
nssp,"RSV ED visit percentage of total ED visits, all ages",2023-2024,Washington,uptake_100,Uptake 100%; otherwise reference,0.5758721052077987,0.6437493623252618,82456,Age under 1 year,2023,"U.S. Census Bureau Population Estimates Program, Vintage 2023 Annual Resident Population Estimates by Single Year of Age and Sex","https://api.census.gov/data/2023/pep/charv?get=NAME,POP,AGE_DESC,YEAR&for=state:*&YEAR=2023&AGE=0001&SEX=0",0.06787725711746306,0.011774214704994403,11.774214704994403,extended_sep_apr,Extended Sep-Apr,baseline_oct_mar,Baseline Oct-Mar,"Pelletier et al. JAMA Network Open 2025 untreated infants: 2,535 RSV-associated hospitalizations among 215,301 untreated infants.","U.S. Census Bureau Population Estimates Program, Vintage 2023 Annual Resident Population Estimates by Single Year of Age and Sex, age under 1 year.",65.89895054663633,65.89895054663633,79.92013988871197
nssp,"RSV ED visit percentage of total ED visits, all ages",2023-2024,West Virginia,uptake_100,Uptake 100%; otherwise reference,0.5761265293155018,0.6427153664301771,17135,Age under 1 year,2023,"U.S. Census Bureau Population Estimates Program, Vintage 2023 Annual Resident Population Estimates by Single Year of Age and Sex","https://api.census.gov/data/2023/pep/charv?get=NAME,POP,AGE_DESC,YEAR&for=state:*&YEAR=2023&AGE=0001&SEX=0",0.06658883711467534,0.011774214704994403,11.774214704994403,extended_sep_apr,Extended Sep-Apr,baseline_oct_mar,Baseline Oct-Mar,"Pelletier et al. JAMA Network Open 2025 untreated infants: 2,535 RSV-associated hospitalizations among 215,301 untreated infants.","U.S. Census Bureau Population Estimates Program, Vintage 2023 Annual Resident Population Estimates by Single Year of Age and Sex, age under 1 year.",13.434375728243939,13.434375728243939,78.40312651440875
nssp,"RSV ED visit percentage of total ED visits, all ages",2023-2024,Wisconsin,uptake_100,Uptake 100%; otherwise reference,0.6034540615544571,0.6626583971888943,59547,Age under 1 year,2023,"U.S. Census Bureau Population Estimates Program, Vintage 2023 Annual Resident Population Estimates by Single Year of Age and Sex","https://api.census.gov/data/2023/pep/charv?get=NAME,POP,AGE_DESC,YEAR&for=state:*&YEAR=2023&AGE=0001&SEX=0",0.059204335634437166,0.011774214704994403,11.774214704994403,extended_sep_apr,Extended Sep-Apr,baseline_oct_mar,Baseline Oct-Mar,"Pelletier et al. JAMA Network Open 2025 untreated infants: 2,535 RSV-associated hospitalizations among 215,301 untreated infants.","U.S. Census Bureau Population Estimates Program, Vintage 2023 Annual Resident Population Estimates by Single Year of Age and Sex, age under 1 year.",41.50929424825529,41.50929424825529,69.70845592264142
nssp,"RSV ED visit percentage of total ED visits, all ages",2023-2024,Wyoming,uptake_100,Uptake 100%; otherwise reference,0.6308180539385957,0.6753862052812359,5847,Age under 1 year,2023,"U.S. Census Bureau Population Estimates Program, Vintage 2023 Annual Resident Population Estimates by Single Year of Age and Sex","https://api.census.gov/data/2023/pep/charv?get=NAME,POP,AGE_DESC,YEAR&for=state:*&YEAR=2023&AGE=0001&SEX=0",0.04456815134264025,0.011774214704994403,11.774214704994403,extended_sep_apr,Extended Sep-Apr,baseline_oct_mar,Baseline Oct-Mar,"Pelletier et al. JAMA Network Open 2025 untreated infants: 2,535 RSV-associated hospitalizations among 215,301 untreated infants.","U.S. Census Bureau Population Estimates Program, Vintage 2023 Annual Resident Population Estimates by Single Year of Age and Sex, age under 1 year.",3.0682423850919065,3.0682423850919065,52.47549829129309
nssp,"RSV ED visit percentage of total ED visits, all ages",2024-2025,Alabama,uptake_100,Uptake 100%; otherwise reference,0.5245732490850453,0.6045711988083724,57885,Age under 1 year,2023,"U.S. Census Bureau Population Estimates Program, Vintage 2023 Annual Resident Population Estimates by Single Year of Age and Sex","https://api.census.gov/data/2023/pep/charv?get=NAME,POP,AGE_DESC,YEAR&for=state:*&YEAR=2023&AGE=0001&SEX=0",0.07999794972332708,0.011774214704994403,11.774214704994403,extended_sep_apr,Extended Sep-Apr,baseline_oct_mar,Baseline Oct-Mar,"Pelletier et al. JAMA Network Open 2025 untreated infants: 2,535 RSV-associated hospitalizations among 215,301 untreated infants.","U.S. Census Bureau Population Estimates Program, Vintage 2023 Annual Resident Population Estimates by Single Year of Age and Sex, age under 1 year.",54.522636088964234,54.522636088964234,94.19130360018006
nssp,"RSV ED visit percentage of total ED visits, all ages",2024-2025,Alaska,uptake_100,Uptake 100%; otherwise reference,0.5932790434407333,0.6532814342126615,9224,Age under 1 year,2023,"U.S. Census Bureau Population Estimates Program, Vintage 2023 Annual Resident Population Estimates by Single Year of Age and Sex","https://api.census.gov/data/2023/pep/charv?get=NAME,POP,AGE_DESC,YEAR&for=state:*&YEAR=2023&AGE=0001&SEX=0",0.06000239077192815,0.011774214704994403,11.774214704994403,extended_sep_apr,Extended Sep-Apr,baseline_oct_mar,Baseline Oct-Mar,"Pelletier et al. JAMA Network Open 2025 untreated infants: 2,535 RSV-associated hospitalizations among 215,301 untreated infants.","U.S. Census Bureau Population Estimates Program, Vintage 2023 Annual Resident Population Estimates by Single Year of Age and Sex, age under 1 year.",6.516581036969523,6.516581036969523,70.64810317616569
nssp,"RSV ED visit percentage of total ED visits, all ages",2024-2025,Arizona,uptake_100,Uptake 100%; otherwise reference,0.6505366050604008,0.6991788680733225,78075,Age under 1 year,2023,"U.S. Census Bureau Population Estimates Program, Vintage 2023 Annual Resident Population Estimates by Single Year of Age and Sex","https://api.census.gov/data/2023/pep/charv?get=NAME,POP,AGE_DESC,YEAR&for=state:*&YEAR=2023&AGE=0001&SEX=0",0.04864226301292174,0.011774214704994403,11.774214704994403,extended_sep_apr,Extended Sep-Apr,baseline_oct_mar,Baseline Oct-Mar,"Pelletier et al. JAMA Network Open 2025 untreated infants: 2,535 RSV-associated hospitalizations among 215,301 untreated infants.","U.S. Census Bureau Population Estimates Program, Vintage 2023 Annual Resident Population Estimates by Single Year of Age and Sex, age under 1 year.",44.715461312807804,44.715461312807804,57.27244484509485
nssp,"RSV ED visit percentage of total ED visits, all ages",2024-2025,Arkansas,uptake_100,Uptake 100%; otherwise reference,0.5877385551600866,0.6486004358333062,35297,Age under 1 year,2023,"U.S. Census Bureau Population Estimates Program, Vintage 2023 Annual Resident Population Estimates by Single Year of Age and Sex","https://api.census.gov/data/2023/pep/charv?get=NAME,POP,AGE_DESC,YEAR&for=state:*&YEAR=2023&AGE=0001&SEX=0",0.060861880673219626,0.011774214704994403,11.774214704994403,extended_sep_apr,Extended Sep-Apr,baseline_oct_mar,Baseline Oct-Mar,"Pelletier et al. JAMA Network Open 2025 untreated infants: 2,535 RSV-associated hospitalizations among 215,301 untreated infants.","U.S. Census Bureau Population Estimates Program, Vintage 2023 Annual Resident Population Estimates by Single Year of Age and Sex, age under 1 year.",25.293860216435984,25.293860216435984,71.66008503962372
nssp,"RSV ED visit percentage of total ED visits, all ages",2024-2025,California,uptake_100,Uptake 100%; otherwise reference,0.617947866714541,0.6717979770289337,415125,Age under 1 year,2023,"U.S. Census Bureau Population Estimates Program, Vintage 2023 Annual Resident Population Estimates by Single Year of Age and Sex","https://api.census.gov/data/2023/pep/charv?get=NAME,POP,AGE_DESC,YEAR&for=state:*&YEAR=2023&AGE=0001&SEX=0",0.053850110314392685,0.011774214704994403,11.774214704994403,extended_sep_apr,Extended Sep-Apr,baseline_oct_mar,Baseline Oct-Mar,"Pelletier et al. JAMA Network Open 2025 untreated infants: 2,535 RSV-associated hospitalizations among 215,301 untreated infants.","U.S. Census Bureau Population Estimates Program, Vintage 2023 Annual Resident Population Estimates by Single Year of Age and Sex, age under 1 year.",263.2070010477478,263.2070010477478,63.404276072929314
nssp,"RSV ED visit percentage of total ED visits, all ages",2024-2025,Colorado,uptake_100,Uptake 100%; otherwise reference,0.6585511032040613,0.6996529916077809,62168,Age under 1 year,2023,"U.S. Census Bureau Population Estimates Program, Vintage 2023 Annual Resident Population Estimates by Single Year of Age and Sex","https://api.census.gov/data/2023/pep/charv?get=NAME,POP,AGE_DESC,YEAR&for=state:*&YEAR=2023&AGE=0001&SEX=0",0.041101888403719644,0.011774214704994403,11.774214704994403,extended_sep_apr,Extended Sep-Apr,baseline_oct_mar,Baseline Oct-Mar,"Pelletier et al. JAMA Network Open 2025 untreated infants: 2,535 RSV-associated hospitalizations among 215,301 untreated infants.","U.S. Census Bureau Population Estimates Program, Vintage 2023 Annual Resident Population Estimates by Single Year of Age and Sex, age under 1 year.",30.085734781545263,30.085734781545263,48.39424588461148
nssp,"RSV ED visit percentage of total ED visits, all ages",2024-2025,Connecticut,uptake_100,Uptake 100%; otherwise reference,0.5767559886967623,0.6414812803196452,34935,Age under 1 year,2023,"U.S. Census Bureau Population Estimates Program, Vintage 2023 Annual Resident Population Estimates by Single Year of Age and Sex","https://api.census.gov/data/2023/pep/charv?get=NAME,POP,AGE_DESC,YEAR&for=state:*&YEAR=2023&AGE=0001&SEX=0",0.06472529162288299,0.011774214704994403,11.774214704994403,extended_sep_apr,Extended Sep-Apr,baseline_oct_mar,Baseline Oct-Mar,"Pelletier et al. JAMA Network Open 2025 untreated infants: 2,535 RSV-associated hospitalizations among 215,301 untreated infants.","U.S. Census Bureau Population Estimates Program, Vintage 2023 Annual Resident Population Estimates by Single Year of Age and Sex, age under 1 year.",26.623595998165268,26.623595998165268,76.20894804112
nssp,"RSV ED visit percentage of total ED visits, all ages",2024-2025,Delaware,uptake_100,Uptake 100%; otherwise reference,0.5661522462511164,0.6324951157706363,10745,Age under 1 year,2023,"U.S. Census Bureau Population Estimates Program, Vintage 2023 Annual Resident Population Estimates by Single Year of Age and Sex","https://api.census.gov/data/2023/pep/charv?get=NAME,POP,AGE_DESC,YEAR&for=state:*&YEAR=2023&AGE=0001&SEX=0",0.06634286951951995,0.011774214704994403,11.774214704994403,extended_sep_apr,Extended Sep-Apr,baseline_oct_mar,Baseline Oct-Mar,"Pelletier et al. JAMA Network Open 2025 untreated infants: 2,535 RSV-associated hospitalizations among 215,301 untreated infants.","U.S. Census Bureau Population Estimates Program, Vintage 2023 Annual Resident Population Estimates by Single Year of Age and Sex, age under 1 year.",8.39329761513442,8.39329761513442,78.11351898682568
nssp,"RSV ED visit percentage of total ED visits, all ages",2024-2025,District of Columbia,uptake_100,Uptake 100%; otherwise reference,0.558996400992741,0.628465134554974,7791,Age under 1 year,2023,"U.S. Census Bureau Population Estimates Program, Vintage 2023 Annual Resident Population Estimates by Single Year of Age and Sex","https://api.census.gov/data/2023/pep/charv?get=NAME,POP,AGE_DESC,YEAR&for=state:*&YEAR=2023&AGE=0001&SEX=0",0.06946873356223304,0.011774214704994403,11.774214704994403,extended_sep_apr,Extended Sep-Apr,baseline_oct_mar,Baseline Oct-Mar,"Pelletier et al. JAMA Network Open 2025 untreated infants: 2,535 RSV-associated hospitalizations among 215,301 untreated infants.","U.S. Census Bureau Population Estimates Program, Vintage 2023 Annual Resident Population Estimates by Single Year of Age and Sex, age under 1 year.",6.372568859058892,6.372568859058892,81.79397842457826
nssp,"RSV ED visit percentage of total ED visits, all ages",2024-2025,Florida,uptake_100,Uptake 100%; otherwise reference,0.4867599575382305,0.5782101552588083,224670,Age under 1 year,2023,"U.S. Census Bureau Population Estimates Program, Vintage 2023 Annual Resident Population Estimates by Single Year of Age and Sex","https://api.census.gov/data/2023/pep/charv?get=NAME,POP,AGE_DESC,YEAR&for=state:*&YEAR=2023&AGE=0001&SEX=0",0.09145019772057777,0.011774214704994403,11.774214704994403,extended_sep_apr,Extended Sep-Apr,baseline_oct_mar,Baseline Oct-Mar,"Pelletier et al. JAMA Network Open 2025 untreated infants: 2,535 RSV-associated hospitalizations among 215,301 untreated infants.","U.S. Census Bureau Population Estimates Program, Vintage 2023 Annual Resident Population Estimates by Single Year of Age and Sex, age under 1 year.",241.9143802179451,241.9143802179451,107.67542627762725
nssp,"RSV ED visit percentage of total ED visits, all ages",2024-2025,Georgia,uptake_100,Uptake 100%; otherwise reference,0.5095978866370314,0.5993789901360024,125156,Age under 1 year,2023,"U.S. Census Bureau Population Estimates Program, Vintage 2023 Annual Resident Population Estimates by Single Year of Age and Sex","https://api.census.gov/data/2023/pep/charv?get=NAME,POP,AGE_DESC,YEAR&for=state:*&YEAR=2023&AGE=0001&SEX=0",0.08978110349897095,0.011774214704994403,11.774214704994403,extended_sep_apr,Extended Sep-Apr,baseline_oct_mar,Baseline Oct-Mar,"Pelletier et al. JAMA Network Open 2025 untreated infants: 2,535 RSV-associated hospitalizations among 215,301 untreated infants.","U.S. Census Bureau Population Estimates Program, Vintage 2023 Annual Resident Population Estimates by Single Year of Age and Sex, age under 1 year.",132.30265654131753,132.30265654131753,105.71019890482083
nssp,"RSV ED visit percentage of total ED visits, all ages",2024-2025,Hawaii,uptake_100,Uptake 100%; otherwise reference,0.5330413168617774,0.6099636105287982,15147,Age under 1 year,2023,"U.S. Census Bureau Population Estimates Program, Vintage 2023 Annual Resident Population Estimates by Single Year of Age and Sex","https://api.census.gov/data/2023/pep/charv?get=NAME,POP,AGE_DESC,YEAR&for=state:*&YEAR=2023&AGE=0001&SEX=0",0.07692229366702086,0.011774214704994403,11.774214704994403,extended_sep_apr,Extended Sep-Apr,baseline_oct_mar,Baseline Oct-Mar,"Pelletier et al. JAMA Network Open 2025 untreated infants: 2,535 RSV-associated hospitalizations among 215,301 untreated infants.","U.S. Census Bureau Population Estimates Program, Vintage 2023 Annual Resident Population Estimates by Single Year of Age and Sex, age under 1 year.",13.718631859923734,13.718631859923734,90.56996012361348
nssp,"RSV ED visit percentage of total ED visits, all ages",2024-2025,Idaho,uptake_100,Uptake 100%; otherwise reference,0.6521519410938994,0.6986787349631133,22331,Age under 1 year,2023,"U.S. Census Bureau Population Estimates Program, Vintage 2023 Annual Resident Population Estimates by Single Year of Age and Sex","https://api.census.gov/data/2023/pep/charv?get=NAME,POP,AGE_DESC,YEAR&for=state:*&YEAR=2023&AGE=0001&SEX=0",0.04652679386921388,0.011774214704994403,11.774214704994403,extended_sep_apr,Extended Sep-Apr,baseline_oct_mar,Baseline Oct-Mar,"Pelletier et al. JAMA Network Open 2025 untreated infants: 2,535 RSV-associated hospitalizations among 215,301 untreated infants.","U.S. Census Bureau Population Estimates Program, Vintage 2023 Annual Resident Population Estimates by Single Year of Age and Sex, age under 1 year.",12.23328938056754,12.23328938056754,54.78164605511415
nssp,"RSV ED visit percentage of total ED visits, all ages",2024-2025,Illinois,uptake_100,Uptake 100%; otherwise reference,0.596625160670191,0.6545000138363909,126792,Age under 1 year,2023,"U.S. Census Bureau Population Estimates Program, Vintage 2023 Annual Resident Population Estimates by Single Year of Age and Sex","https://api.census.gov/data/2023/pep/charv?get=NAME,POP,AGE_DESC,YEAR&for=state:*&YEAR=2023&AGE=0001&SEX=0",0.05787485316619989,0.011774214704994403,11.774214704994403,extended_sep_apr,Extended Sep-Apr,baseline_oct_mar,Baseline Oct-Mar,"Pelletier et al. JAMA Network Open 2025 untreated infants: 2,535 RSV-associated hospitalizations among 215,301 untreated infants.","U.S. Census Bureau Population Estimates Program, Vintage 2023 Annual Resident Population Estimates by Single Year of Age and Sex, age under 1 year.",86.3999926572382,86.3999926572382,68.14309471988626
nssp,"RSV ED visit percentage of total ED visits, all ages",2024-2025,Indiana,uptake_100,Uptake 100%; otherwise reference,0.620777186836237,0.672638344401832,79101,Age under 1 year,2023,"U.S. Census Bureau Population Estimates Program, Vintage 2023 Annual Resident Population Estimates by Single Year of Age and Sex","https://api.census.gov/data/2023/pep/charv?get=NAME,POP,AGE_DESC,YEAR&for=state:*&YEAR=2023&AGE=0001&SEX=0",0.05186115756559506,0.011774214704994403,11.774214704994403,extended_sep_apr,Extended Sep-Apr,baseline_oct_mar,Baseline Oct-Mar,"Pelletier et al. JAMA Network Open 2025 untreated infants: 2,535 RSV-associated hospitalizations among 215,301 untreated infants.","U.S. Census Bureau Population Estimates Program, Vintage 2023 Annual Resident Population Estimates by Single Year of Age and Sex, age under 1 year.",48.30100098292874,48.30100098292874,61.062440402686114
nssp,"RSV ED visit percentage of total ED visits, all ages",2024-2025,Iowa,uptake_100,Uptake 100%; otherwise reference,0.6516799420998028,0.6944587149945399,36766,Age under 1 year,2023,"U.S. Census Bureau Population Estimates Program, Vintage 2023 Annual Resident Population Estimates by Single Year of Age and Sex","https://api.census.gov/data/2023/pep/charv?get=NAME,POP,AGE_DESC,YEAR&for=state:*&YEAR=2023&AGE=0001&SEX=0",0.04277877289473708,0.011774214704994403,11.774214704994403,extended_sep_apr,Extended Sep-Apr,baseline_oct_mar,Baseline Oct-Mar,"Pelletier et al. JAMA Network Open 2025 untreated infants: 2,535 RSV-associated hospitalizations among 215,301 untreated infants.","U.S. Census Bureau Population Estimates Program, Vintage 2023 Annual Resident Population Estimates by Single Year of Age and Sex, age under 1 year.",18.51853627360704,18.51853627360704,50.36864568788294
nssp,"RSV ED visit percentage of total ED visits, all ages",2024-2025,Kansas,uptake_100,Uptake 100%; otherwise reference,0.6390226002123824,0.6867988188415419,34590,Age under 1 year,2023,"U.S. Census Bureau Population Estimates Program, Vintage 2023 Annual Resident Population Estimates by Single Year of Age and Sex","https://api.census.gov/data/2023/pep/charv?get=NAME,POP,AGE_DESC,YEAR&for=state:*&YEAR=2023&AGE=0001&SEX=0",0.047776218629159484,0.011774214704994403,11.774214704994403,extended_sep_apr,Extended Sep-Apr,baseline_oct_mar,Baseline Oct-Mar,"Pelletier et al. JAMA Network Open 2025 untreated infants: 2,535 RSV-associated hospitalizations among 215,301 untreated infants.","U.S. Census Bureau Population Estimates Program, Vintage 2023 Annual Resident Population Estimates by Single Year of Age and Sex, age under 1 year.",19.457824700704386,19.457824700704386,56.25274559324772
nssp,"RSV ED visit percentage of total ED visits, all ages",2024-2025,Kentucky,uptake_100,Uptake 100%; otherwise reference,0.5894631965153421,0.6434216524932369,52111,Age under 1 year,2023,"U.S. Census Bureau Population Estimates Program, Vintage 2023 Annual Resident Population Estimates by Single Year of Age and Sex","https://api.census.gov/data/2023/pep/charv?get=NAME,POP,AGE_DESC,YEAR&for=state:*&YEAR=2023&AGE=0001&SEX=0",0.05395845597789484,0.011774214704994403,11.774214704994403,extended_sep_apr,Extended Sep-Apr,baseline_oct_mar,Baseline Oct-Mar,"Pelletier et al. JAMA Network Open 2025 untreated infants: 2,535 RSV-associated hospitalizations among 215,301 untreated infants.","U.S. Census Bureau Population Estimates Program, Vintage 2023 Annual Resident Population Estimates by Single Year of Age and Sex, age under 1 year.",33.10707953084111,33.10707953084111,63.531844583372255
nssp,"RSV ED visit percentage of total ED visits, all ages",2024-2025,Louisiana,uptake_100,Uptake 100%; otherwise reference,0.5490292458719253,0.6229694156032286,55838,Age under 1 year,2023,"U.S. Census Bureau Population Estimates Program, Vintage 2023 Annual Resident Population Estimates by Single Year of Age and Sex","https://api.census.gov/data/2023/pep/charv?get=NAME,POP,AGE_DESC,YEAR&for=state:*&YEAR=2023&AGE=0001&SEX=0",0.07394016973130335,0.011774214704994403,11.774214704994403,extended_sep_apr,Extended Sep-Apr,baseline_oct_mar,Baseline Oct-Mar,"Pelletier et al. JAMA Network Open 2025 untreated infants: 2,535 RSV-associated hospitalizations among 215,301 untreated infants.","U.S. Census Bureau Population Estimates Program, Vintage 2023 Annual Resident Population Estimates by Single Year of Age and Sex, age under 1 year.",48.61186112517937,48.61186112517937,87.05874337400941
nssp,"RSV ED visit percentage of total ED visits, all ages",2024-2025,Maine,uptake_100,Uptake 100%; otherwise reference,0.6612871957498445,0.6978341231067404,11892,Age under 1 year,2023,"U.S. Census Bureau Population Estimates Program, Vintage 2023 Annual Resident Population Estimates by Single Year of Age and Sex","https://api.census.gov/data/2023/pep/charv?get=NAME,POP,AGE_DESC,YEAR&for=state:*&YEAR=2023&AGE=0001&SEX=0",0.03654692735689591,0.011774214704994403,11.774214704994403,extended_sep_apr,Extended Sep-Apr,baseline_oct_mar,Baseline Oct-Mar,"Pelletier et al. JAMA Network Open 2025 untreated infants: 2,535 RSV-associated hospitalizations among 215,301 untreated infants.","U.S. Census Bureau Population Estimates Program, Vintage 2023 Annual Resident Population Estimates by Single Year of Age and Sex, age under 1 year.",5.117262806188257,5.117262806188257,43.03113695079261
nssp,"RSV ED visit percentage of total ED visits, all ages",2024-2025,Maryland,uptake_100,Uptake 100%; otherwise reference,0.5455324272665067,0.6202743835117814,68060,Age under 1 year,2023,"U.S. Census Bureau Population Estimates Program, Vintage 2023 Annual Resident Population Estimates by Single Year of Age and Sex","https://api.census.gov/data/2023/pep/charv?get=NAME,POP,AGE_DESC,YEAR&for=state:*&YEAR=2023&AGE=0001&SEX=0",0.07474195624527469,0.011774214704994403,11.774214704994403,extended_sep_apr,Extended Sep-Apr,baseline_oct_mar,Baseline Oct-Mar,"Pelletier et al. JAMA Network Open 2025 untreated infants: 2,535 RSV-associated hospitalizations among 215,301 untreated infants.","U.S. Census Bureau Population Estimates Program, Vintage 2023 Annual Resident Population Estimates by Single Year of Age and Sex, age under 1 year.",59.89469481103317,59.89469481103317,88.00278403031615
nssp,"RSV ED visit percentage of total ED visits, all ages",2024-2025,Massachusetts,uptake_100,Uptake 100%; otherwise reference,0.5834761945351256,0.6457790144492148,69103,Age under 1 year,2023,"U.S. Census Bureau Population Estimates Program, Vintage 2023 Annual Resident Population Estimates by Single Year of Age and Sex","https://api.census.gov/data/2023/pep/charv?get=NAME,POP,AGE_DESC,YEAR&for=state:*&YEAR=2023&AGE=0001&SEX=0",0.06230281991408926,0.011774214704994403,11.774214704994403,extended_sep_apr,Extended Sep-Apr,baseline_oct_mar,Baseline Oct-Mar,"Pelletier et al. JAMA Network Open 2025 untreated infants: 2,535 RSV-associated hospitalizations among 215,301 untreated infants.","U.S. Census Bureau Population Estimates Program, Vintage 2023 Annual Resident Population Estimates by Single Year of Age and Sex, age under 1 year.",50.69166508743576,50.69166508743576,73.35667783950879
nssp,"RSV ED visit percentage of total ED visits, all ages",2024-2025,Michigan,uptake_100,Uptake 100%; otherwise reference,0.6194878628518329,0.6716758876490525,101385,Age under 1 year,2023,"U.S. Census Bureau Population Estimates Program, Vintage 2023 Annual Resident Population Estimates by Single Year of Age and Sex","https://api.census.gov/data/2023/pep/charv?get=NAME,POP,AGE_DESC,YEAR&for=state:*&YEAR=2023&AGE=0001&SEX=0",0.05218802479721962,0.011774214704994403,11.774214704994403,extended_sep_apr,Extended Sep-Apr,baseline_oct_mar,Baseline Oct-Mar,"Pelletier et al. JAMA Network Open 2025 untreated infants: 2,535 RSV-associated hospitalizations among 215,301 untreated infants.","U.S. Census Bureau Population Estimates Program, Vintage 2023 Annual Resident Population Estimates by Single Year of Age and Sex, age under 1 year.",62.29834601665755,62.29834601665755,61.44730089920359
nssp,"RSV ED visit percentage of total ED visits, all ages",2024-2025,Minnesota,uptake_100,Uptake 100%; otherwise reference,0.657905711720156,0.7015792178531695,63637,Age under 1 year,2023,"U.S. Census Bureau Population Estimates Program, Vintage 2023 Annual Resident Population Estimates by Single Year of Age and Sex","https://api.census.gov/data/2023/pep/charv?get=NAME,POP,AGE_DESC,YEAR&for=state:*&YEAR=2023&AGE=0001&SEX=0",0.04367350613301346,0.011774214704994403,11.774214704994403,extended_sep_apr,Extended Sep-Apr,baseline_oct_mar,Baseline Oct-Mar,"Pelletier et al. JAMA Network Open 2025 untreated infants: 2,535 RSV-associated hospitalizations among 215,301 untreated infants.","U.S. Census Bureau Population Estimates Program, Vintage 2023 Annual Resident Population Estimates by Single Year of Age and Sex, age under 1 year.",32.72349693087819,32.72349693087819,51.42212381299904
nssp,"RSV ED visit percentage of total ED visits, all ages",2024-2025,Mississippi,uptake_100,Uptake 100%; otherwise reference,0.5059287462572263,0.5945772413804662,34372,Age under 1 year,2023,"U.S. Census Bureau Population Estimates Program, Vintage 2023 Annual Resident Population Estimates by Single Year of Age and Sex","https://api.census.gov/data/2023/pep/charv?get=NAME,POP,AGE_DESC,YEAR&for=state:*&YEAR=2023&AGE=0001&SEX=0",0.08864849512323991,0.011774214704994403,11.774214704994403,extended_sep_apr,Extended Sep-Apr,baseline_oct_mar,Baseline Oct-Mar,"Pelletier et al. JAMA Network Open 2025 untreated infants: 2,535 RSV-associated hospitalizations among 215,301 untreated infants.","U.S. Census Bureau Population Estimates Program, Vintage 2023 Annual Resident Population Estimates by Single Year of Age and Sex, age under 1 year.",35.87633921141929,35.87633921141929,104.3766414855676
nssp,"RSV ED visit percentage of total ED visits, all ages",2024-2025,Missouri,uptake_100,Uptake 100%; otherwise reference,0.6848960943771359,0.6916223662147234,67996,Age under 1 year,2023,"U.S. Census Bureau Population Estimates Program, Vintage 2023 Annual Resident Population Estimates by Single Year of Age and Sex","https://api.census.gov/data/2023/pep/charv?get=NAME,POP,AGE_DESC,YEAR&for=state:*&YEAR=2023&AGE=0001&SEX=0",0.00672627183758745,0.011774214704994403,11.774214704994403,extended_sep_apr,Extended Sep-Apr,baseline_oct_mar,Baseline Oct-Mar,"Pelletier et al. JAMA Network Open 2025 untreated infants: 2,535 RSV-associated hospitalizations among 215,301 untreated infants.","U.S. Census Bureau Population Estimates Program, Vintage 2023 Annual Resident Population Estimates by Single Year of Age and Sex, age under 1 year.",5.3850498907588875,5.3850498907588875,7.919656877991188
nssp,"RSV ED visit percentage of total ED visits, all ages",2024-2025,Montana,uptake_100,Uptake 100%; otherwise reference,0.6951893793769858,0.7190438152147067,11266,Age under 1 year,2023,"U.S. Census Bureau Population Estimates Program, Vintage 2023 Annual Resident Population Estimates by Single Year of Age and Sex","https://api.census.gov/data/2023/pep/charv?get=NAME,POP,AGE_DESC,YEAR&for=state:*&YEAR=2023&AGE=0001&SEX=0",0.023854435837720955,0.011774214704994403,11.774214704994403,extended_sep_apr,Extended Sep-Apr,baseline_oct_mar,Baseline Oct-Mar,"Pelletier et al. JAMA Network Open 2025 untreated infants: 2,535 RSV-associated hospitalizations among 215,301 untreated infants.","U.S. Census Bureau Population Estimates Program, Vintage 2023 Annual Resident Population Estimates by Single Year of Age and Sex, age under 1 year.",3.1642504297107124,3.1642504297107124,28.086724921983958
nssp,"RSV ED visit percentage of total ED visits, all ages",2024-2025,Nebraska,uptake_100,Uptake 100%; otherwise reference,0.6671885237120287,0.7025230682392443,24144,Age under 1 year,2023,"U.S. Census Bureau Population Estimates Program, Vintage 2023 Annual Resident Population Estimates by Single Year of Age and Sex","https://api.census.gov/data/2023/pep/charv?get=NAME,POP,AGE_DESC,YEAR&for=state:*&YEAR=2023&AGE=0001&SEX=0",0.03533454452721552,0.011774214704994403,11.774214704994403,extended_sep_apr,Extended Sep-Apr,baseline_oct_mar,Baseline Oct-Mar,"Pelletier et al. JAMA Network Open 2025 untreated infants: 2,535 RSV-associated hospitalizations among 215,301 untreated infants.","U.S. Census Bureau Population Estimates Program, Vintage 2023 Annual Resident Population Estimates by Single Year of Age and Sex, age under 1 year.",10.044785588381284,10.044785588381284,41.60365137666205
nssp,"RSV ED visit percentage of total ED visits, all ages",2024-2025,Nevada,uptake_100,Uptake 100%; otherwise reference,0.6239500849556178,0.6773703777509962,32716,Age under 1 year,2023,"U.S. Census Bureau Population Estimates Program, Vintage 2023 Annual Resident Population Estimates by Single Year of Age and Sex","https://api.census.gov/data/2023/pep/charv?get=NAME,POP,AGE_DESC,YEAR&for=state:*&YEAR=2023&AGE=0001&SEX=0",0.05342029279537841,0.011774214704994403,11.774214704994403,extended_sep_apr,Extended Sep-Apr,baseline_oct_mar,Baseline Oct-Mar,"Pelletier et al. JAMA Network Open 2025 untreated infants: 2,535 RSV-associated hospitalizations among 215,301 untreated infants.","U.S. Census Bureau Population Estimates Program, Vintage 2023 Annual Resident Population Estimates by Single Year of Age and Sex, age under 1 year.",20.577775013081574,20.577775013081574,62.89819969764511
nssp,"RSV ED visit percentage of total ED visits, all ages",2024-2025,New Hampshire,uptake_100,Uptake 100%; otherwise reference,0.6209178120860418,0.6708094266122244,12164,Age under 1 year,2023,"U.S. Census Bureau Population Estimates Program, Vintage 2023 Annual Resident Population Estimates by Single Year of Age and Sex","https://api.census.gov/data/2023/pep/charv?get=NAME,POP,AGE_DESC,YEAR&for=state:*&YEAR=2023&AGE=0001&SEX=0",0.049891614526182626,0.011774214704994403,11.774214704994403,extended_sep_apr,Extended Sep-Apr,baseline_oct_mar,Baseline Oct-Mar,"Pelletier et al. JAMA Network Open 2025 untreated infants: 2,535 RSV-associated hospitalizations among 215,301 untreated infants.","U.S. Census Bureau Population Estimates Program, Vintage 2023 Annual Resident Population Estimates by Single Year of Age and Sex, age under 1 year.",7.145554248272357,7.145554248272357,58.743458141009185
nssp,"RSV ED visit percentage of total ED visits, all ages",2024-2025,New Jersey,uptake_100,Uptake 100%; otherwise reference,0.5595883311101209,0.6296633178995767,102477,Age under 1 year,2023,"U.S. Census Bureau Population Estimates Program, Vintage 2023 Annual Resident Population Estimates by Single Year of Age and Sex","https://api.census.gov/data/2023/pep/charv?get=NAME,POP,AGE_DESC,YEAR&for=state:*&YEAR=2023&AGE=0001&SEX=0",0.0700749867894559,0.011774214704994403,11.774214704994403,extended_sep_apr,Extended Sep-Apr,baseline_oct_mar,Baseline Oct-Mar,"Pelletier et al. JAMA Network Open 2025 untreated infants: 2,535 RSV-associated hospitalizations among 215,301 untreated infants.","U.S. Census Bureau Population Estimates Program, Vintage 2023 Annual Resident Population Estimates by Single Year of Age and Sex, age under 1 year.",84.55151204802387,84.55151204802387,82.50779399087001
nssp,"RSV ED visit percentage of total ED visits, all ages",2024-2025,New Mexico,uptake_100,Uptake 100%; otherwise reference,0.6726012592642238,0.7158287402431215,20589,Age under 1 year,2023,"U.S. Census Bureau Population Estimates Program, Vintage 2023 Annual Resident Population Estimates by Single Year of Age and Sex","https://api.census.gov/data/2023/pep/charv?get=NAME,POP,AGE_DESC,YEAR&for=state:*&YEAR=2023&AGE=0001&SEX=0",0.043227480978897725,0.011774214704994403,11.774214704994403,extended_sep_apr,Extended Sep-Apr,baseline_oct_mar,Baseline Oct-Mar,"Pelletier et al. JAMA Network Open 2025 untreated infants: 2,535 RSV-associated hospitalizations among 215,301 untreated infants.","U.S. Census Bureau Population Estimates Program, Vintage 2023 Annual Resident Population Estimates by Single Year of Age and Sex, age under 1 year.",10.479175963288814,10.479175963288814,50.89696422016035
nssp,"RSV ED visit percentage of total ED visits, all ages",2024-2025,New York,uptake_100,Uptake 100%; otherwise reference,0.5737597840299153,0.6396782485201353,209673,Age under 1 year,2023,"U.S. Census Bureau Population Estimates Program, Vintage 2023 Annual Resident Population Estimates by Single Year of Age and Sex","https://api.census.gov/data/2023/pep/charv?get=NAME,POP,AGE_DESC,YEAR&for=state:*&YEAR=2023&AGE=0001&SEX=0",0.06591846449021999,0.011774214704994403,11.774214704994403,extended_sep_apr,Extended Sep-Apr,baseline_oct_mar,Baseline Oct-Mar,"Pelletier et al. JAMA Network Open 2025 untreated infants: 2,535 RSV-associated hospitalizations among 215,301 untreated infants.","U.S. Census Bureau Population Estimates Program, Vintage 2023 Annual Resident Population Estimates by Single Year of Age and Sex, age under 1 year.",162.73521514925832,162.73521514925832,77.61381539313996
nssp,"RSV ED visit percentage of total ED visits, all ages",2024-2025,North Carolina,uptake_100,Uptake 100%; otherwise reference,0.6059880095410966,0.6613444823716489,120602,Age under 1 year,2023,"U.S. Census Bureau Population Estimates Program, Vintage 2023 Annual Resident Population Estimates by Single Year of Age and Sex","https://api.census.gov/data/2023/pep/charv?get=NAME,POP,AGE_DESC,YEAR&for=state:*&YEAR=2023&AGE=0001&SEX=0",0.05535647283055234,0.011774214704994403,11.774214704994403,extended_sep_apr,Extended Sep-Apr,baseline_oct_mar,Baseline Oct-Mar,"Pelletier et al. JAMA Network Open 2025 untreated infants: 2,535 RSV-associated hospitalizations among 215,301 untreated infants.","U.S. Census Bureau Population Estimates Program, Vintage 2023 Annual Resident Population Estimates by Single Year of Age and Sex, age under 1 year.",78.6058505260172,78.6058505260172,65.17789964181125
nssp,"RSV ED visit percentage of total ED visits, all ages",2024-2025,North Dakota,uptake_100,Uptake 100%; otherwise reference,0.6923577048472167,0.7214928185523032,9626,Age under 1 year,2023,"U.S. Census Bureau Population Estimates Program, Vintage 2023 Annual Resident Population Estimates by Single Year of Age and Sex","https://api.census.gov/data/2023/pep/charv?get=NAME,POP,AGE_DESC,YEAR&for=state:*&YEAR=2023&AGE=0001&SEX=0",0.02913511370508648,0.011774214704994403,11.774214704994403,extended_sep_apr,Extended Sep-Apr,baseline_oct_mar,Baseline Oct-Mar,"Pelletier et al. JAMA Network Open 2025 untreated infants: 2,535 RSV-associated hospitalizations among 215,301 untreated infants.","U.S. Census Bureau Population Estimates Program, Vintage 2023 Annual Resident Population Estimates by Single Year of Age and Sex, age under 1 year.",3.302132728683558,3.302132728683558,34.30430842181132
nssp,"RSV ED visit percentage of total ED visits, all ages",2024-2025,Ohio,uptake_100,Uptake 100%; otherwise reference,0.6020906347262523,0.6586838640359709,128059,Age under 1 year,2023,"U.S. Census Bureau Population Estimates Program, Vintage 2023 Annual Resident Population Estimates by Single Year of Age and Sex","https://api.census.gov/data/2023/pep/charv?get=NAME,POP,AGE_DESC,YEAR&for=state:*&YEAR=2023&AGE=0001&SEX=0",0.05659322930971855,0.011774214704994403,11.774214704994403,extended_sep_apr,Extended Sep-Apr,baseline_oct_mar,Baseline Oct-Mar,"Pelletier et al. JAMA Network Open 2025 untreated infants: 2,535 RSV-associated hospitalizations among 215,301 untreated infants.","U.S. Census Bureau Population Estimates Program, Vintage 2023 Annual Resident Population Estimates by Single Year of Age and Sex, age under 1 year.",85.33094070005762,85.33094070005762,66.63408327416084
nssp,"RSV ED visit percentage of total ED visits, all ages",2024-2025,Oklahoma,uptake_100,Uptake 100%; otherwise reference,0.6377796250121076,0.6910621326594257,47714,Age under 1 year,2023,"U.S. Census Bureau Population Estimates Program, Vintage 2023 Annual Resident Population Estimates by Single Year of Age and Sex","https://api.census.gov/data/2023/pep/charv?get=NAME,POP,AGE_DESC,YEAR&for=state:*&YEAR=2023&AGE=0001&SEX=0",0.05328250764731812,0.011774214704994403,11.774214704994403,extended_sep_apr,Extended Sep-Apr,baseline_oct_mar,Baseline Oct-Mar,"Pelletier et al. JAMA Network Open 2025 untreated infants: 2,535 RSV-associated hospitalizations among 215,301 untreated infants.","U.S. Census Bureau Population Estimates Program, Vintage 2023 Annual Resident Population Estimates by Single Year of Age and Sex, age under 1 year.",29.933840012954263,29.933840012954263,62.73596850600298
nssp,"RSV ED visit percentage of total ED visits, all ages",2024-2025,Oregon,uptake_100,Uptake 100%; otherwise reference,0.6558605748433549,0.7012474003682628,38904,Age under 1 year,2023,"U.S. Census Bureau Population Estimates Program, Vintage 2023 Annual Resident Population Estimates by Single Year of Age and Sex","https://api.census.gov/data/2023/pep/charv?get=NAME,POP,AGE_DESC,YEAR&for=state:*&YEAR=2023&AGE=0001&SEX=0",0.045386825524907914,0.011774214704994403,11.774214704994403,extended_sep_apr,Extended Sep-Apr,baseline_oct_mar,Baseline Oct-Mar,"Pelletier et al. JAMA Network Open 2025 untreated infants: 2,535 RSV-associated hospitalizations among 215,301 untreated infants.","U.S. Census Bureau Population Estimates Program, Vintage 2023 Annual Resident Population Estimates by Single Year of Age and Sex, age under 1 year.",20.79007306589025,20.79007306589025,53.43942285083861
nssp,"RSV ED visit percentage of total ED visits, all ages",2024-2025,Pennsylvania,uptake_100,Uptake 100%; otherwise reference,0.6084756079365246,0.6647946551042507,128878,Age under 1 year,2023,"U.S. Census Bureau Population Estimates Program, Vintage 2023 Annual Resident Population Estimates by Single Year of Age and Sex","https://api.census.gov/data/2023/pep/charv?get=NAME,POP,AGE_DESC,YEAR&for=state:*&YEAR=2023&AGE=0001&SEX=0",0.05631904716772618,0.011774214704994403,11.774214704994403,extended_sep_apr,Extended Sep-Apr,baseline_oct_mar,Baseline Oct-Mar,"Pelletier et al. JAMA Network Open 2025 untreated infants: 2,535 RSV-associated hospitalizations among 215,301 untreated infants.","U.S. Census Bureau Population Estimates Program, Vintage 2023 Annual Resident Population Estimates by Single Year of Age and Sex, age under 1 year.",85.46061964851674,85.46061964851674,66.3112553333515
nssp,"RSV ED visit percentage of total ED visits, all ages",2024-2025,Rhode Island,uptake_100,Uptake 100%; otherwise reference,0.593100057384002,0.6538489458200989,10018,Age under 1 year,2023,"U.S. Census Bureau Population Estimates Program, Vintage 2023 Annual Resident Population Estimates by Single Year of Age and Sex","https://api.census.gov/data/2023/pep/charv?get=NAME,POP,AGE_DESC,YEAR&for=state:*&YEAR=2023&AGE=0001&SEX=0",0.06074888843609694,0.011774214704994403,11.774214704994403,extended_sep_apr,Extended Sep-Apr,baseline_oct_mar,Baseline Oct-Mar,"Pelletier et al. JAMA Network Open 2025 untreated infants: 2,535 RSV-associated hospitalizations among 215,301 untreated infants.","U.S. Census Bureau Population Estimates Program, Vintage 2023 Annual Resident Population Estimates by Single Year of Age and Sex, age under 1 year.",7.165579423563225,7.165579423563225,71.5270455536357
nssp,"RSV ED visit percentage of total ED visits, all ages",2024-2025,South Carolina,uptake_100,Uptake 100%; otherwise reference,0.5524510078827802,0.6227864125910173,57279,Age under 1 year,2023,"U.S. Census Bureau Population Estimates Program, Vintage 2023 Annual Resident Population Estimates by Single Year of Age and Sex","https://api.census.gov/data/2023/pep/charv?get=NAME,POP,AGE_DESC,YEAR&for=state:*&YEAR=2023&AGE=0001&SEX=0",0.07033540470823707,0.011774214704994403,11.774214704994403,extended_sep_apr,Extended Sep-Apr,baseline_oct_mar,Baseline Oct-Mar,"Pelletier et al. JAMA Network Open 2025 untreated infants: 2,535 RSV-associated hospitalizations among 215,301 untreated infants.","U.S. Census Bureau Population Estimates Program, Vintage 2023 Annual Resident Population Estimates by Single Year of Age and Sex, age under 1 year.",47.43526913428997,47.43526913428997,82.81441563974575
nssp,"RSV ED visit percentage of total ED visits, all ages",2024-2025,South Dakota,uptake_100,Uptake 100%; otherwise reference,0.6819803148239245,0.707573074923547,11434,Age under 1 year,2023,"U.S. Census Bureau Population Estimates Program, Vintage 2023 Annual Resident Population Estimates by Single Year of Age and Sex","https://api.census.gov/data/2023/pep/charv?get=NAME,POP,AGE_DESC,YEAR&for=state:*&YEAR=2023&AGE=0001&SEX=0",0.025592760099622525,0.011774214704994403,11.774214704994403,extended_sep_apr,Extended Sep-Apr,baseline_oct_mar,Baseline Oct-Mar,"Pelletier et al. JAMA Network Open 2025 untreated infants: 2,535 RSV-associated hospitalizations among 215,301 untreated infants.","U.S. Census Bureau Population Estimates Program, Vintage 2023 Annual Resident Population Estimates by Single Year of Age and Sex, age under 1 year.",3.4454604144710292,3.4454604144710292,30.133465230636958
nssp,"RSV ED visit percentage of total ED visits, all ages",2024-2025,Tennessee,uptake_100,Uptake 100%; otherwise reference,0.5451870831944121,0.6215642205455104,81959,Age under 1 year,2023,"U.S. Census Bureau Population Estimates Program, Vintage 2023 Annual Resident Population Estimates by Single Year of Age and Sex","https://api.census.gov/data/2023/pep/charv?get=NAME,POP,AGE_DESC,YEAR&for=state:*&YEAR=2023&AGE=0001&SEX=0",0.0763771373510983,0.011774214704994403,11.774214704994403,extended_sep_apr,Extended Sep-Apr,baseline_oct_mar,Baseline Oct-Mar,"Pelletier et al. JAMA Network Open 2025 untreated infants: 2,535 RSV-associated hospitalizations among 215,301 untreated infants.","U.S. Census Bureau Population Estimates Program, Vintage 2023 Annual Resident Population Estimates by Single Year of Age and Sex, age under 1 year.",73.70415621206095,73.70415621206095,89.9280813724679
nssp,"RSV ED visit percentage of total ED visits, all ages",2024-2025,Texas,uptake_100,Uptake 100%; otherwise reference,0.5330706679061094,0.6146621667966916,389814,Age under 1 year,2023,"U.S. Census Bureau Population Estimates Program, Vintage 2023 Annual Resident Population Estimates by Single Year of Age and Sex","https://api.census.gov/data/2023/pep/charv?get=NAME,POP,AGE_DESC,YEAR&for=state:*&YEAR=2023&AGE=0001&SEX=0",0.08159149889058226,0.011774214704994403,11.774214704994403,extended_sep_apr,Extended Sep-Apr,baseline_oct_mar,Baseline Oct-Mar,"Pelletier et al. JAMA Network Open 2025 untreated infants: 2,535 RSV-associated hospitalizations among 215,301 untreated infants.","U.S. Census Bureau Population Estimates Program, Vintage 2023 Annual Resident Population Estimates by Single Year of Age and Sex, age under 1 year.",374.48488645196755,374.48488645196755,96.06758260400282
nssp,"RSV ED visit percentage of total ED visits, all ages",2024-2025,Utah,uptake_100,Uptake 100%; otherwise reference,0.6688066790361856,0.7122414704639113,45759,Age under 1 year,2023,"U.S. Census Bureau Population Estimates Program, Vintage 2023 Annual Resident Population Estimates by Single Year of Age and Sex","https://api.census.gov/data/2023/pep/charv?get=NAME,POP,AGE_DESC,YEAR&for=state:*&YEAR=2023&AGE=0001&SEX=0",0.04343479142772566,0.011774214704994403,11.774214704994403,extended_sep_apr,Extended Sep-Apr,baseline_oct_mar,Baseline Oct-Mar,"Pelletier et al. JAMA Network Open 2025 untreated infants: 2,535 RSV-associated hospitalizations among 215,301 untreated infants.","U.S. Census Bureau Population Estimates Program, Vintage 2023 Annual Resident Population Estimates by Single Year of Age and Sex, age under 1 year.",23.401635812143102,23.401635812143102,51.141055993669234
nssp,"RSV ED visit percentage of total ED visits, all ages",2024-2025,Vermont,uptake_100,Uptake 100%; otherwise reference,0.6344750040547746,0.6807220948261706,5112,Age under 1 year,2023,"U.S. Census Bureau Population Estimates Program, Vintage 2023 Annual Resident Population Estimates by Single Year of Age and Sex","https://api.census.gov/data/2023/pep/charv?get=NAME,POP,AGE_DESC,YEAR&for=state:*&YEAR=2023&AGE=0001&SEX=0",0.04624709077139599,0.011774214704994403,11.774214704994403,extended_sep_apr,Extended Sep-Apr,baseline_oct_mar,Baseline Oct-Mar,"Pelletier et al. JAMA Network Open 2025 untreated infants: 2,535 RSV-associated hospitalizations among 215,301 untreated infants.","U.S. Census Bureau Population Estimates Program, Vintage 2023 Annual Resident Population Estimates by Single Year of Age and Sex, age under 1 year.",2.7836024768559717,2.7836024768559717,54.45231762237817
nssp,"RSV ED visit percentage of total ED visits, all ages",2024-2025,Virginia,uptake_100,Uptake 100%; otherwise reference,0.5628055767543897,0.6298948842560629,95290,Age under 1 year,2023,"U.S. Census Bureau Population Estimates Program, Vintage 2023 Annual Resident Population Estimates by Single Year of Age and Sex","https://api.census.gov/data/2023/pep/charv?get=NAME,POP,AGE_DESC,YEAR&for=state:*&YEAR=2023&AGE=0001&SEX=0",0.06708930750167319,0.011774214704994403,11.774214704994403,extended_sep_apr,Extended Sep-Apr,baseline_oct_mar,Baseline Oct-Mar,"Pelletier et al. JAMA Network Open 2025 untreated infants: 2,535 RSV-associated hospitalizations among 215,301 untreated infants.","U.S. Census Bureau Population Estimates Program, Vintage 2023 Annual Resident Population Estimates by Single Year of Age and Sex, age under 1 year.",75.27184947290961,75.27184947290961,78.99239109340918
nssp,"RSV ED visit percentage of total ED visits, all ages",2024-2025,Washington,uptake_100,Uptake 100%; otherwise reference,0.6251994323369093,0.6758791704343724,82456,Age under 1 year,2023,"U.S. Census Bureau Population Estimates Program, Vintage 2023 Annual Resident Population Estimates by Single Year of Age and Sex","https://api.census.gov/data/2023/pep/charv?get=NAME,POP,AGE_DESC,YEAR&for=state:*&YEAR=2023&AGE=0001&SEX=0",0.05067973809746307,0.011774214704994403,11.774214704994403,extended_sep_apr,Extended Sep-Apr,baseline_oct_mar,Baseline Oct-Mar,"Pelletier et al. JAMA Network Open 2025 untreated infants: 2,535 RSV-associated hospitalizations among 215,301 untreated infants.","U.S. Census Bureau Population Estimates Program, Vintage 2023 Annual Resident Population Estimates by Single Year of Age and Sex, age under 1 year.",49.202659276901905,49.202659276901905,59.67141175524147
nssp,"RSV ED visit percentage of total ED visits, all ages",2024-2025,West Virginia,uptake_100,Uptake 100%; otherwise reference,0.6484702266758084,0.6823717568587897,17135,Age under 1 year,2023,"U.S. Census Bureau Population Estimates Program, Vintage 2023 Annual Resident Population Estimates by Single Year of Age and Sex","https://api.census.gov/data/2023/pep/charv?get=NAME,POP,AGE_DESC,YEAR&for=state:*&YEAR=2023&AGE=0001&SEX=0",0.033901530182981254,0.011774214704994403,11.774214704994403,extended_sep_apr,Extended Sep-Apr,baseline_oct_mar,Baseline Oct-Mar,"Pelletier et al. JAMA Network Open 2025 untreated infants: 2,535 RSV-associated hospitalizations among 215,301 untreated infants.","U.S. Census Bureau Population Estimates Program, Vintage 2023 Annual Resident Population Estimates by Single Year of Age and Sex, age under 1 year.",6.839673344290888,6.839673344290888,39.91638952022695
nssp,"RSV ED visit percentage of total ED visits, all ages",2024-2025,Wisconsin,uptake_100,Uptake 100%; otherwise reference,0.6632891722918385,0.7035917494286951,59547,Age under 1 year,2023,"U.S. Census Bureau Population Estimates Program, Vintage 2023 Annual Resident Population Estimates by Single Year of Age and Sex","https://api.census.gov/data/2023/pep/charv?get=NAME,POP,AGE_DESC,YEAR&for=state:*&YEAR=2023&AGE=0001&SEX=0",0.04030257713685659,0.011774214704994403,11.774214704994403,extended_sep_apr,Extended Sep-Apr,baseline_oct_mar,Baseline Oct-Mar,"Pelletier et al. JAMA Network Open 2025 untreated infants: 2,535 RSV-associated hospitalizations among 215,301 untreated infants.","U.S. Census Bureau Population Estimates Program, Vintage 2023 Annual Resident Population Estimates by Single Year of Age and Sex, age under 1 year.",28.256909150479487,28.256909150479487,47.453119637394806
nssp,"RSV ED visit percentage of total ED visits, all ages",2024-2025,Wyoming,uptake_100,Uptake 100%; otherwise reference,0.6731158992870467,0.7032274380938283,5847,Age under 1 year,2023,"U.S. Census Bureau Population Estimates Program, Vintage 2023 Annual Resident Population Estimates by Single Year of Age and Sex","https://api.census.gov/data/2023/pep/charv?get=NAME,POP,AGE_DESC,YEAR&for=state:*&YEAR=2023&AGE=0001&SEX=0",0.030111538806781524,0.011774214704994403,11.774214704994403,extended_sep_apr,Extended Sep-Apr,baseline_oct_mar,Baseline Oct-Mar,"Pelletier et al. JAMA Network Open 2025 untreated infants: 2,535 RSV-associated hospitalizations among 215,301 untreated infants.","U.S. Census Bureau Population Estimates Program, Vintage 2023 Annual Resident Population Estimates by Single Year of Age and Sex, age under 1 year.",2.0729937604325506,2.0729937604325506,35.45397230088167
nssp,"RSV ED visit percentage of total ED visits, all ages",2025-2026,Alabama,uptake_100,Uptake 100%; otherwise reference,0.5431590628795807,0.607399462558583,57885,Age under 1 year,2023,"U.S. Census Bureau Population Estimates Program, Vintage 2023 Annual Resident Population Estimates by Single Year of Age and Sex","https://api.census.gov/data/2023/pep/charv?get=NAME,POP,AGE_DESC,YEAR&for=state:*&YEAR=2023&AGE=0001&SEX=0",0.0642403996790023,0.011774214704994403,11.774214704994403,extended_sep_apr,Extended Sep-Apr,baseline_oct_mar,Baseline Oct-Mar,"Pelletier et al. JAMA Network Open 2025 untreated infants: 2,535 RSV-associated hospitalizations among 215,301 untreated infants.","U.S. Census Bureau Population Estimates Program, Vintage 2023 Annual Resident Population Estimates by Single Year of Age and Sex, age under 1 year.",43.78307126646929,43.78307126646929,75.63802585552267
nssp,"RSV ED visit percentage of total ED visits, all ages",2025-2026,Alaska,uptake_100,Uptake 100%; otherwise reference,0.6576995028444163,0.6926159849401874,9224,Age under 1 year,2023,"U.S. Census Bureau Population Estimates Program, Vintage 2023 Annual Resident Population Estimates by Single Year of Age and Sex","https://api.census.gov/data/2023/pep/charv?get=NAME,POP,AGE_DESC,YEAR&for=state:*&YEAR=2023&AGE=0001&SEX=0",0.03491648209577114,0.011774214704994403,11.774214704994403,extended_sep_apr,Extended Sep-Apr,baseline_oct_mar,Baseline Oct-Mar,"Pelletier et al. JAMA Network Open 2025 untreated infants: 2,535 RSV-associated hospitalizations among 215,301 untreated infants.","U.S. Census Bureau Population Estimates Program, Vintage 2023 Annual Resident Population Estimates by Single Year of Age and Sex, age under 1 year.",3.79211698360259,3.79211698360259,41.111415693870235
nssp,"RSV ED visit percentage of total ED visits, all ages",2025-2026,Arizona,uptake_100,Uptake 100%; otherwise reference,0.6681173274588069,0.6830138570943541,78075,Age under 1 year,2023,"U.S. Census Bureau Population Estimates Program, Vintage 2023 Annual Resident Population Estimates by Single Year of Age and Sex","https://api.census.gov/data/2023/pep/charv?get=NAME,POP,AGE_DESC,YEAR&for=state:*&YEAR=2023&AGE=0001&SEX=0",0.014896529635547218,0.011774214704994403,11.774214704994403,extended_sep_apr,Extended Sep-Apr,baseline_oct_mar,Baseline Oct-Mar,"Pelletier et al. JAMA Network Open 2025 untreated infants: 2,535 RSV-associated hospitalizations among 215,301 untreated infants.","U.S. Census Bureau Population Estimates Program, Vintage 2023 Annual Resident Population Estimates by Single Year of Age and Sex, age under 1 year.",13.693959806854727,13.693959806854727,17.539493828824497
nssp,"RSV ED visit percentage of total ED visits, all ages",2025-2026,Arkansas,uptake_100,Uptake 100%; otherwise reference,0.6178957660041393,0.6682537399908245,35297,Age under 1 year,2023,"U.S. Census Bureau Population Estimates Program, Vintage 2023 Annual Resident Population Estimates by Single Year of Age and Sex","https://api.census.gov/data/2023/pep/charv?get=NAME,POP,AGE_DESC,YEAR&for=state:*&YEAR=2023&AGE=0001&SEX=0",0.05035797398668518,0.011774214704994403,11.774214704994403,extended_sep_apr,Extended Sep-Apr,baseline_oct_mar,Baseline Oct-Mar,"Pelletier et al. JAMA Network Open 2025 untreated infants: 2,535 RSV-associated hospitalizations among 215,301 untreated infants.","U.S. Census Bureau Population Estimates Program, Vintage 2023 Annual Resident Population Estimates by Single Year of Age and Sex, age under 1 year.",20.92849482652624,20.92849482652624,59.29255978277543
nssp,"RSV ED visit percentage of total ED visits, all ages",2025-2026,California,uptake_100,Uptake 100%; otherwise reference,0.6433790494637597,0.6823204972779529,415125,Age under 1 year,2023,"U.S. Census Bureau Population Estimates Program, Vintage 2023 Annual Resident Population Estimates by Single Year of Age and Sex","https://api.census.gov/data/2023/pep/charv?get=NAME,POP,AGE_DESC,YEAR&for=state:*&YEAR=2023&AGE=0001&SEX=0",0.038941447814193175,0.011774214704994403,11.774214704994403,extended_sep_apr,Extended Sep-Apr,baseline_oct_mar,Baseline Oct-Mar,"Pelletier et al. JAMA Network Open 2025 untreated infants: 2,535 RSV-associated hospitalizations among 215,301 untreated infants.","U.S. Census Bureau Population Estimates Program, Vintage 2023 Annual Resident Population Estimates by Single Year of Age and Sex, age under 1 year.",190.3368746283088,190.3368746283088,45.85049674876455
nssp,"RSV ED visit percentage of total ED visits, all ages",2025-2026,Colorado,uptake_100,Uptake 100%; otherwise reference,0.6813120416935544,0.7094724346233852,62168,Age under 1 year,2023,"U.S. Census Bureau Population Estimates Program, Vintage 2023 Annual Resident Population Estimates by Single Year of Age and Sex","https://api.census.gov/data/2023/pep/charv?get=NAME,POP,AGE_DESC,YEAR&for=state:*&YEAR=2023&AGE=0001&SEX=0",0.028160392929830746,0.011774214704994403,11.774214704994403,extended_sep_apr,Extended Sep-Apr,baseline_oct_mar,Baseline Oct-Mar,"Pelletier et al. JAMA Network Open 2025 untreated infants: 2,535 RSV-associated hospitalizations among 215,301 untreated infants.","U.S. Census Bureau Population Estimates Program, Vintage 2023 Annual Resident Population Estimates by Single Year of Age and Sex, age under 1 year.",20.612826951141198,20.612826951141198,33.156651253283364
nssp,"RSV ED visit percentage of total ED visits, all ages",2025-2026,Connecticut,uptake_100,Uptake 100%; otherwise reference,0.654585501261804,0.693513131483079,34935,Age under 1 year,2023,"U.S. Census Bureau Population Estimates Program, Vintage 2023 Annual Resident Population Estimates by Single Year of Age and Sex","https://api.census.gov/data/2023/pep/charv?get=NAME,POP,AGE_DESC,YEAR&for=state:*&YEAR=2023&AGE=0001&SEX=0",0.03892763022127499,0.011774214704994403,11.774214704994403,extended_sep_apr,Extended Sep-Apr,baseline_oct_mar,Baseline Oct-Mar,"Pelletier et al. JAMA Network Open 2025 untreated infants: 2,535 RSV-associated hospitalizations among 215,301 untreated infants.","U.S. Census Bureau Population Estimates Program, Vintage 2023 Annual Resident Population Estimates by Single Year of Age and Sex, age under 1 year.",16.012187418415394,16.012187418415394,45.83422761819205
nssp,"RSV ED visit percentage of total ED visits, all ages",2025-2026,Delaware,uptake_100,Uptake 100%; otherwise reference,0.630230503410219,0.6761818225164831,10745,Age under 1 year,2023,"U.S. Census Bureau Population Estimates Program, Vintage 2023 Annual Resident Population Estimates by Single Year of Age and Sex","https://api.census.gov/data/2023/pep/charv?get=NAME,POP,AGE_DESC,YEAR&for=state:*&YEAR=2023&AGE=0001&SEX=0",0.045951319106264044,0.011774214704994403,11.774214704994403,extended_sep_apr,Extended Sep-Apr,baseline_oct_mar,Baseline Oct-Mar,"Pelletier et al. JAMA Network Open 2025 untreated infants: 2,535 RSV-associated hospitalizations among 215,301 untreated infants.","U.S. Census Bureau Population Estimates Program, Vintage 2023 Annual Resident Population Estimates by Single Year of Age and Sex, age under 1 year.",5.813482290714118,5.813482290714118,54.10406971348644
nssp,"RSV ED visit percentage of total ED visits, all ages",2025-2026,District of Columbia,uptake_100,Uptake 100%; otherwise reference,0.5887475146502847,0.6478890896965182,7791,Age under 1 year,2023,"U.S. Census Bureau Population Estimates Program, Vintage 2023 Annual Resident Population Estimates by Single Year of Age and Sex","https://api.census.gov/data/2023/pep/charv?get=NAME,POP,AGE_DESC,YEAR&for=state:*&YEAR=2023&AGE=0001&SEX=0",0.05914157504623341,0.011774214704994403,11.774214704994403,extended_sep_apr,Extended Sep-Apr,baseline_oct_mar,Baseline Oct-Mar,"Pelletier et al. JAMA Network Open 2025 untreated infants: 2,535 RSV-associated hospitalizations among 215,301 untreated infants.","U.S. Census Bureau Population Estimates Program, Vintage 2023 Annual Resident Population Estimates by Single Year of Age and Sex, age under 1 year.",5.42522858974668,5.42522858974668,69.63456025858915
nssp,"RSV ED visit percentage of total ED visits, all ages",2025-2026,Florida,uptake_100,Uptake 100%; otherwise reference,0.4964914002449194,0.578192522004322,224670,Age under 1 year,2023,"U.S. Census Bureau Population Estimates Program, Vintage 2023 Annual Resident Population Estimates by Single Year of Age and Sex","https://api.census.gov/data/2023/pep/charv?get=NAME,POP,AGE_DESC,YEAR&for=state:*&YEAR=2023&AGE=0001&SEX=0",0.08170112175940264,0.011774214704994403,11.774214704994403,extended_sep_apr,Extended Sep-Apr,baseline_oct_mar,Baseline Oct-Mar,"Pelletier et al. JAMA Network Open 2025 untreated infants: 2,535 RSV-associated hospitalizations among 215,301 untreated infants.","U.S. Census Bureau Population Estimates Program, Vintage 2023 Annual Resident Population Estimates by Single Year of Age and Sex, age under 1 year.",216.1250246164245,216.1250246164245,96.19665492340968
nssp,"RSV ED visit percentage of total ED visits, all ages",2025-2026,Georgia,uptake_100,Uptake 100%; otherwise reference,0.5722378702375304,0.6375417147403545,125156,Age under 1 year,2023,"U.S. Census Bureau Population Estimates Program, Vintage 2023 Annual Resident Population Estimates by Single Year of Age and Sex","https://api.census.gov/data/2023/pep/charv?get=NAME,POP,AGE_DESC,YEAR&for=state:*&YEAR=2023&AGE=0001&SEX=0",0.06530384450282412,0.011774214704994403,11.774214704994403,extended_sep_apr,Extended Sep-Apr,baseline_oct_mar,Baseline Oct-Mar,"Pelletier et al. JAMA Network Open 2025 untreated infants: 2,535 RSV-associated hospitalizations among 215,301 untreated infants.","U.S. Census Bureau Population Estimates Program, Vintage 2023 Annual Resident Population Estimates by Single Year of Age and Sex, age under 1 year.",96.23263441158055,96.23263441158055,76.89014862378197
nssp,"RSV ED visit percentage of total ED visits, all ages",2025-2026,Hawaii,uptake_100,Uptake 100%; otherwise reference,0.5778791654597432,0.61850005005708,15147,Age under 1 year,2023,"U.S. Census Bureau Population Estimates Program, Vintage 2023 Annual Resident Population Estimates by Single Year of Age and Sex","https://api.census.gov/data/2023/pep/charv?get=NAME,POP,AGE_DESC,YEAR&for=state:*&YEAR=2023&AGE=0001&SEX=0",0.040620884597336815,0.011774214704994403,11.774214704994403,extended_sep_apr,Extended Sep-Apr,baseline_oct_mar,Baseline Oct-Mar,"Pelletier et al. JAMA Network Open 2025 untreated infants: 2,535 RSV-associated hospitalizations among 215,301 untreated infants.","U.S. Census Bureau Population Estimates Program, Vintage 2023 Annual Resident Population Estimates by Single Year of Age and Sex, age under 1 year.",7.244492266800766,7.244492266800766,47.82790167558438
nssp,"RSV ED visit percentage of total ED visits, all ages",2025-2026,Idaho,uptake_100,Uptake 100%; otherwise reference,0.6680191814301565,0.6936598363843905,22331,Age under 1 year,2023,"U.S. Census Bureau Population Estimates Program, Vintage 2023 Annual Resident Population Estimates by Single Year of Age and Sex","https://api.census.gov/data/2023/pep/charv?get=NAME,POP,AGE_DESC,YEAR&for=state:*&YEAR=2023&AGE=0001&SEX=0",0.025640654954234066,0.011774214704994403,11.774214704994403,extended_sep_apr,Extended Sep-Apr,baseline_oct_mar,Baseline Oct-Mar,"Pelletier et al. JAMA Network Open 2025 untreated infants: 2,535 RSV-associated hospitalizations among 215,301 untreated infants.","U.S. Census Bureau Population Estimates Program, Vintage 2023 Annual Resident Population Estimates by Single Year of Age and Sex, age under 1 year.",6.741697114229459,6.741697114229459,30.189857660783034
nssp,"RSV ED visit percentage of total ED visits, all ages",2025-2026,Illinois,uptake_100,Uptake 100%; otherwise reference,0.6573203212964771,0.693931615404645,126792,Age under 1 year,2023,"U.S. Census Bureau Population Estimates Program, Vintage 2023 Annual Resident Population Estimates by Single Year of Age and Sex","https://api.census.gov/data/2023/pep/charv?get=NAME,POP,AGE_DESC,YEAR&for=state:*&YEAR=2023&AGE=0001&SEX=0",0.03661129410816788,0.011774214704994403,11.774214704994403,extended_sep_apr,Extended Sep-Apr,baseline_oct_mar,Baseline Oct-Mar,"Pelletier et al. JAMA Network Open 2025 untreated infants: 2,535 RSV-associated hospitalizations among 215,301 untreated infants.","U.S. Census Bureau Population Estimates Program, Vintage 2023 Annual Resident Population Estimates by Single Year of Age and Sex, age under 1 year.",54.65613075568157,54.65613075568157,43.106923745726526
nssp,"RSV ED visit percentage of total ED visits, all ages",2025-2026,Indiana,uptake_100,Uptake 100%; otherwise reference,0.649022761973154,0.6815646316744571,79101,Age under 1 year,2023,"U.S. Census Bureau Population Estimates Program, Vintage 2023 Annual Resident Population Estimates by Single Year of Age and Sex","https://api.census.gov/data/2023/pep/charv?get=NAME,POP,AGE_DESC,YEAR&for=state:*&YEAR=2023&AGE=0001&SEX=0",0.03254186970130313,0.011774214704994403,11.774214704994403,extended_sep_apr,Extended Sep-Apr,baseline_oct_mar,Baseline Oct-Mar,"Pelletier et al. JAMA Network Open 2025 untreated infants: 2,535 RSV-associated hospitalizations among 215,301 untreated infants.","U.S. Census Bureau Population Estimates Program, Vintage 2023 Annual Resident Population Estimates by Single Year of Age and Sex, age under 1 year.",30.30794055147979,30.30794055147979,38.31549607650951
nssp,"RSV ED visit percentage of total ED visits, all ages",2025-2026,Iowa,uptake_100,Uptake 100%; otherwise reference,0.683953928169762,0.709638317962335,36766,Age under 1 year,2023,"U.S. Census Bureau Population Estimates Program, Vintage 2023 Annual Resident Population Estimates by Single Year of Age and Sex","https://api.census.gov/data/2023/pep/charv?get=NAME,POP,AGE_DESC,YEAR&for=state:*&YEAR=2023&AGE=0001&SEX=0",0.025684389792573037,0.011774214704994403,11.774214704994403,extended_sep_apr,Extended Sep-Apr,baseline_oct_mar,Baseline Oct-Mar,"Pelletier et al. JAMA Network Open 2025 untreated infants: 2,535 RSV-associated hospitalizations among 215,301 untreated infants.","U.S. Census Bureau Population Estimates Program, Vintage 2023 Annual Resident Population Estimates by Single Year of Age and Sex, age under 1 year.",11.118535475750921,11.118535475750921,30.24135199845216
nssp,"RSV ED visit percentage of total ED visits, all ages",2025-2026,Kansas,uptake_100,Uptake 100%; otherwise reference,0.6681804926637898,0.7008759368063421,34590,Age under 1 year,2023,"U.S. Census Bureau Population Estimates Program, Vintage 2023 Annual Resident Population Estimates by Single Year of Age and Sex","https://api.census.gov/data/2023/pep/charv?get=NAME,POP,AGE_DESC,YEAR&for=state:*&YEAR=2023&AGE=0001&SEX=0",0.03269544414255232,0.011774214704994403,11.774214704994403,extended_sep_apr,Extended Sep-Apr,baseline_oct_mar,Baseline Oct-Mar,"Pelletier et al. JAMA Network Open 2025 untreated infants: 2,535 RSV-associated hospitalizations among 215,301 untreated infants.","U.S. Census Bureau Population Estimates Program, Vintage 2023 Annual Resident Population Estimates by Single Year of Age and Sex, age under 1 year.",13.315876368858772,13.315876368858772,38.496317920956265
nssp,"RSV ED visit percentage of total ED visits, all ages",2025-2026,Kentucky,uptake_100,Uptake 100%; otherwise reference,0.6264224472829694,0.6625888321070014,52111,Age under 1 year,2023,"U.S. Census Bureau Population Estimates Program, Vintage 2023 Annual Resident Population Estimates by Single Year of Age and Sex","https://api.census.gov/data/2023/pep/charv?get=NAME,POP,AGE_DESC,YEAR&for=state:*&YEAR=2023&AGE=0001&SEX=0",0.036166384824032005,0.011774214704994403,11.774214704994403,extended_sep_apr,Extended Sep-Apr,baseline_oct_mar,Baseline Oct-Mar,"Pelletier et al. JAMA Network Open 2025 untreated infants: 2,535 RSV-associated hospitalizations among 215,301 untreated infants.","U.S. Census Bureau Population Estimates Program, Vintage 2023 Annual Resident Population Estimates by Single Year of Age and Sex, age under 1 year.",22.19046777770581,22.19046777770581,42.583078002160406
nssp,"RSV ED visit percentage of total ED visits, all ages",2025-2026,Louisiana,uptake_100,Uptake 100%; otherwise reference,0.5950181809376373,0.6521840933571613,55838,Age under 1 year,2023,"U.S. Census Bureau Population Estimates Program, Vintage 2023 Annual Resident Population Estimates by Single Year of Age and Sex","https://api.census.gov/data/2023/pep/charv?get=NAME,POP,AGE_DESC,YEAR&for=state:*&YEAR=2023&AGE=0001&SEX=0",0.05716591241952407,0.011774214704994403,11.774214704994403,extended_sep_apr,Extended Sep-Apr,baseline_oct_mar,Baseline Oct-Mar,"Pelletier et al. JAMA Network Open 2025 untreated infants: 2,535 RSV-associated hospitalizations among 215,301 untreated infants.","U.S. Census Bureau Population Estimates Program, Vintage 2023 Annual Resident Population Estimates by Single Year of Age and Sex, age under 1 year.",37.583649127810645,37.583649127810645,67.30837266343825
nssp,"RSV ED visit percentage of total ED visits, all ages",2025-2026,Maine,uptake_100,Uptake 100%; otherwise reference,0.6819602612450527,0.6705673086960295,11892,Age under 1 year,2023,"U.S. Census Bureau Population Estimates Program, Vintage 2023 Annual Resident Population Estimates by Single Year of Age and Sex","https://api.census.gov/data/2023/pep/charv?get=NAME,POP,AGE_DESC,YEAR&for=state:*&YEAR=2023&AGE=0001&SEX=0",-0.011392952549023172,0.011774214704994403,11.774214704994403,extended_sep_apr,Extended Sep-Apr,baseline_oct_mar,Baseline Oct-Mar,"Pelletier et al. JAMA Network Open 2025 untreated infants: 2,535 RSV-associated hospitalizations among 215,301 untreated infants.","U.S. Census Bureau Population Estimates Program, Vintage 2023 Annual Resident Population Estimates by Single Year of Age and Sex, age under 1 year.",-1.5952293817330558,-1.5952293817330558,-13.414306943601211
nssp,"RSV ED visit percentage of total ED visits, all ages",2025-2026,Maryland,uptake_100,Uptake 100%; otherwise reference,0.6070084291380297,0.6605104561252018,68060,Age under 1 year,2023,"U.S. Census Bureau Population Estimates Program, Vintage 2023 Annual Resident Population Estimates by Single Year of Age and Sex","https://api.census.gov/data/2023/pep/charv?get=NAME,POP,AGE_DESC,YEAR&for=state:*&YEAR=2023&AGE=0001&SEX=0",0.0535020269871721,0.011774214704994403,11.774214704994403,extended_sep_apr,Extended Sep-Apr,baseline_oct_mar,Baseline Oct-Mar,"Pelletier et al. JAMA Network Open 2025 untreated infants: 2,535 RSV-associated hospitalizations among 215,301 untreated infants.","U.S. Census Bureau Population Estimates Program, Vintage 2023 Annual Resident Population Estimates by Single Year of Age and Sex, age under 1 year.",42.87401265833106,42.87401265833106,62.99443528993692
nssp,"RSV ED visit percentage of total ED visits, all ages",2025-2026,Massachusetts,uptake_100,Uptake 100%; otherwise reference,0.6481631833406748,0.6875778282085272,69103,Age under 1 year,2023,"U.S. Census Bureau Population Estimates Program, Vintage 2023 Annual Resident Population Estimates by Single Year of Age and Sex","https://api.census.gov/data/2023/pep/charv?get=NAME,POP,AGE_DESC,YEAR&for=state:*&YEAR=2023&AGE=0001&SEX=0",0.0394146448678524,0.011774214704994403,11.774214704994403,extended_sep_apr,Extended Sep-Apr,baseline_oct_mar,Baseline Oct-Mar,"Pelletier et al. JAMA Network Open 2025 untreated infants: 2,535 RSV-associated hospitalizations among 215,301 untreated infants.","U.S. Census Bureau Population Estimates Program, Vintage 2023 Annual Resident Population Estimates by Single Year of Age and Sex, age under 1 year.",32.0690777710619,32.0690777710619,46.407649119519995
nssp,"RSV ED visit percentage of total ED visits, all ages",2025-2026,Michigan,uptake_100,Uptake 100%; otherwise reference,0.6791172448009284,0.6944693493616197,101385,Age under 1 year,2023,"U.S. Census Bureau Population Estimates Program, Vintage 2023 Annual Resident Population Estimates by Single Year of Age and Sex","https://api.census.gov/data/2023/pep/charv?get=NAME,POP,AGE_DESC,YEAR&for=state:*&YEAR=2023&AGE=0001&SEX=0",0.01535210456069136,0.011774214704994403,11.774214704994403,extended_sep_apr,Extended Sep-Apr,baseline_oct_mar,Baseline Oct-Mar,"Pelletier et al. JAMA Network Open 2025 untreated infants: 2,535 RSV-associated hospitalizations among 215,301 untreated infants.","U.S. Census Bureau Population Estimates Program, Vintage 2023 Annual Resident Population Estimates by Single Year of Age and Sex, age under 1 year.",18.326248707860863,18.326248707860863,18.075897527110385
nssp,"RSV ED visit percentage of total ED visits, all ages",2025-2026,Minnesota,uptake_100,Uptake 100%; otherwise reference,0.6537798394114331,0.679219868089457,63637,Age under 1 year,2023,"U.S. Census Bureau Population Estimates Program, Vintage 2023 Annual Resident Population Estimates by Single Year of Age and Sex","https://api.census.gov/data/2023/pep/charv?get=NAME,POP,AGE_DESC,YEAR&for=state:*&YEAR=2023&AGE=0001&SEX=0",0.025440028678023863,0.011774214704994403,11.774214704994403,extended_sep_apr,Extended Sep-Apr,baseline_oct_mar,Baseline Oct-Mar,"Pelletier et al. JAMA Network Open 2025 untreated infants: 2,535 RSV-associated hospitalizations among 215,301 untreated infants.","U.S. Census Bureau Population Estimates Program, Vintage 2023 Annual Resident Population Estimates by Single Year of Age and Sex, age under 1 year.",19.06159532580962,19.06159532580962,29.953635975626792
nssp,"RSV ED visit percentage of total ED visits, all ages",2025-2026,Mississippi,uptake_100,Uptake 100%; otherwise reference,0.6177611865395166,0.6611915162402223,34372,Age under 1 year,2023,"U.S. Census Bureau Population Estimates Program, Vintage 2023 Annual Resident Population Estimates by Single Year of Age and Sex","https://api.census.gov/data/2023/pep/charv?get=NAME,POP,AGE_DESC,YEAR&for=state:*&YEAR=2023&AGE=0001&SEX=0",0.043430329700705705,0.011774214704994403,11.774214704994403,extended_sep_apr,Extended Sep-Apr,baseline_oct_mar,Baseline Oct-Mar,"Pelletier et al. JAMA Network Open 2025 untreated infants: 2,535 RSV-associated hospitalizations among 215,301 untreated infants.","U.S. Census Bureau Population Estimates Program, Vintage 2023 Annual Resident Population Estimates by Single Year of Age and Sex, age under 1 year.",17.576398090460334,17.576398090460334,51.13580266048043
nssp,"RSV ED visit percentage of total ED visits, all ages",2025-2026,Missouri,uptake_100,Uptake 100%; otherwise reference,0.6491735754669724,0.6900734801799759,67996,Age under 1 year,2023,"U.S. Census Bureau Population Estimates Program, Vintage 2023 Annual Resident Population Estimates by Single Year of Age and Sex","https://api.census.gov/data/2023/pep/charv?get=NAME,POP,AGE_DESC,YEAR&for=state:*&YEAR=2023&AGE=0001&SEX=0",0.04089990471300353,0.011774214704994403,11.774214704994403,extended_sep_apr,Extended Sep-Apr,baseline_oct_mar,Baseline Oct-Mar,"Pelletier et al. JAMA Network Open 2025 untreated infants: 2,535 RSV-associated hospitalizations among 215,301 untreated infants.","U.S. Census Bureau Population Estimates Program, Vintage 2023 Annual Resident Population Estimates by Single Year of Age and Sex, age under 1 year.",32.74444338928267,32.74444338928267,48.15642595047161
nssp,"RSV ED visit percentage of total ED visits, all ages",2025-2026,Montana,uptake_100,Uptake 100%; otherwise reference,0.6826778364448083,0.6728403591281882,11266,Age under 1 year,2023,"U.S. Census Bureau Population Estimates Program, Vintage 2023 Annual Resident Population Estimates by Single Year of Age and Sex","https://api.census.gov/data/2023/pep/charv?get=NAME,POP,AGE_DESC,YEAR&for=state:*&YEAR=2023&AGE=0001&SEX=0",-0.009837477316620102,0.011774214704994403,11.774214704994403,extended_sep_apr,Extended Sep-Apr,baseline_oct_mar,Baseline Oct-Mar,"Pelletier et al. JAMA Network Open 2025 untreated infants: 2,535 RSV-associated hospitalizations among 215,301 untreated infants.","U.S. Census Bureau Population Estimates Program, Vintage 2023 Annual Resident Population Estimates by Single Year of Age and Sex, age under 1 year.",-1.3049246705370219,-1.3049246705370219,-11.58285700813973
nssp,"RSV ED visit percentage of total ED visits, all ages",2025-2026,Nebraska,uptake_100,Uptake 100%; otherwise reference,0.6859432014265944,0.6807257966327775,24144,Age under 1 year,2023,"U.S. Census Bureau Population Estimates Program, Vintage 2023 Annual Resident Population Estimates by Single Year of Age and Sex","https://api.census.gov/data/2023/pep/charv?get=NAME,POP,AGE_DESC,YEAR&for=state:*&YEAR=2023&AGE=0001&SEX=0",-0.005217404793816827,0.011774214704994403,11.774214704994403,extended_sep_apr,Extended Sep-Apr,baseline_oct_mar,Baseline Oct-Mar,"Pelletier et al. JAMA Network Open 2025 untreated infants: 2,535 RSV-associated hospitalizations among 215,301 untreated infants.","U.S. Census Bureau Population Estimates Program, Vintage 2023 Annual Resident Population Estimates by Single Year of Age and Sex, age under 1 year.",-1.4831863034577115,-1.4831863034577115,-6.143084424526638
nssp,"RSV ED visit percentage of total ED visits, all ages",2025-2026,Nevada,uptake_100,Uptake 100%; otherwise reference,0.6679495722918641,0.6998900781539806,32716,Age under 1 year,2023,"U.S. Census Bureau Population Estimates Program, Vintage 2023 Annual Resident Population Estimates by Single Year of Age and Sex","https://api.census.gov/data/2023/pep/charv?get=NAME,POP,AGE_DESC,YEAR&for=state:*&YEAR=2023&AGE=0001&SEX=0",0.0319405058621165,0.011774214704994403,11.774214704994403,extended_sep_apr,Extended Sep-Apr,baseline_oct_mar,Baseline Oct-Mar,"Pelletier et al. JAMA Network Open 2025 untreated infants: 2,535 RSV-associated hospitalizations among 215,301 untreated infants.","U.S. Census Bureau Population Estimates Program, Vintage 2023 Annual Resident Population Estimates by Single Year of Age and Sex, age under 1 year.",12.303649213459735,12.303649213459735,37.607437380669204
nssp,"RSV ED visit percentage of total ED visits, all ages",2025-2026,New Hampshire,uptake_100,Uptake 100%; otherwise reference,0.6675935836642292,0.6981753277037471,12164,Age under 1 year,2023,"U.S. Census Bureau Population Estimates Program, Vintage 2023 Annual Resident Population Estimates by Single Year of Age and Sex","https://api.census.gov/data/2023/pep/charv?get=NAME,POP,AGE_DESC,YEAR&for=state:*&YEAR=2023&AGE=0001&SEX=0",0.030581744039517966,0.011774214704994403,11.774214704994403,extended_sep_apr,Extended Sep-Apr,baseline_oct_mar,Baseline Oct-Mar,"Pelletier et al. JAMA Network Open 2025 untreated infants: 2,535 RSV-associated hospitalizations among 215,301 untreated infants.","U.S. Census Bureau Population Estimates Program, Vintage 2023 Annual Resident Population Estimates by Single Year of Age and Sex, age under 1 year.",4.379964711835021,4.379964711835021,36.00760203744674
nssp,"RSV ED visit percentage of total ED visits, all ages",2025-2026,New Jersey,uptake_100,Uptake 100%; otherwise reference,0.6254723883100902,0.6736045346684921,102477,Age under 1 year,2023,"U.S. Census Bureau Population Estimates Program, Vintage 2023 Annual Resident Population Estimates by Single Year of Age and Sex","https://api.census.gov/data/2023/pep/charv?get=NAME,POP,AGE_DESC,YEAR&for=state:*&YEAR=2023&AGE=0001&SEX=0",0.048132146358401906,0.011774214704994403,11.774214704994403,extended_sep_apr,Extended Sep-Apr,baseline_oct_mar,Baseline Oct-Mar,"Pelletier et al. JAMA Network Open 2025 untreated infants: 2,535 RSV-associated hospitalizations among 215,301 untreated infants.","U.S. Census Bureau Population Estimates Program, Vintage 2023 Annual Resident Population Estimates by Single Year of Age and Sex, age under 1 year.",58.07558358800892,58.07558358800892,56.67182254360386
nssp,"RSV ED visit percentage of total ED visits, all ages",2025-2026,New Mexico,uptake_100,Uptake 100%; otherwise reference,0.6868724212568883,0.7110348193211722,20589,Age under 1 year,2023,"U.S. Census Bureau Population Estimates Program, Vintage 2023 Annual Resident Population Estimates by Single Year of Age and Sex","https://api.census.gov/data/2023/pep/charv?get=NAME,POP,AGE_DESC,YEAR&for=state:*&YEAR=2023&AGE=0001&SEX=0",0.024162398064283885,0.011774214704994403,11.774214704994403,extended_sep_apr,Extended Sep-Apr,baseline_oct_mar,Baseline Oct-Mar,"Pelletier et al. JAMA Network Open 2025 untreated infants: 2,535 RSV-associated hospitalizations among 215,301 untreated infants.","U.S. Census Bureau Population Estimates Program, Vintage 2023 Annual Resident Population Estimates by Single Year of Age and Sex, age under 1 year.",5.857431783597684,5.857431783597684,28.449326259641964
nssp,"RSV ED visit percentage of total ED visits, all ages",2025-2026,New York,uptake_100,Uptake 100%; otherwise reference,0.6353050411430808,0.6778988234629448,209673,Age under 1 year,2023,"U.S. Census Bureau Population Estimates Program, Vintage 2023 Annual Resident Population Estimates by Single Year of Age and Sex","https://api.census.gov/data/2023/pep/charv?get=NAME,POP,AGE_DESC,YEAR&for=state:*&YEAR=2023&AGE=0001&SEX=0",0.04259378231986399,0.011774214704994403,11.774214704994403,extended_sep_apr,Extended Sep-Apr,baseline_oct_mar,Baseline Oct-Mar,"Pelletier et al. JAMA Network Open 2025 untreated infants: 2,535 RSV-associated hospitalizations among 215,301 untreated infants.","U.S. Census Bureau Population Estimates Program, Vintage 2023 Annual Resident Population Estimates by Single Year of Age and Sex, age under 1 year.",105.15275778112425,105.15275778112425,50.150833813187326
nssp,"RSV ED visit percentage of total ED visits, all ages",2025-2026,North Carolina,uptake_100,Uptake 100%; otherwise reference,0.6247014768494271,0.6679106901698539,120602,Age under 1 year,2023,"U.S. Census Bureau Population Estimates Program, Vintage 2023 Annual Resident Population Estimates by Single Year of Age and Sex","https://api.census.gov/data/2023/pep/charv?get=NAME,POP,AGE_DESC,YEAR&for=state:*&YEAR=2023&AGE=0001&SEX=0",0.04320921332042682,0.011774214704994403,11.774214704994403,extended_sep_apr,Extended Sep-Apr,baseline_oct_mar,Baseline Oct-Mar,"Pelletier et al. JAMA Network Open 2025 untreated infants: 2,535 RSV-associated hospitalizations among 215,301 untreated infants.","U.S. Census Bureau Population Estimates Program, Vintage 2023 Annual Resident Population Estimates by Single Year of Age and Sex, age under 1 year.",61.356816826264044,61.356816826264044,50.87545548686095
nssp,"RSV ED visit percentage of total ED visits, all ages",2025-2026,North Dakota,uptake_100,Uptake 100%; otherwise reference,0.6885451161563151,0.681397069539523,9626,Age under 1 year,2023,"U.S. Census Bureau Population Estimates Program, Vintage 2023 Annual Resident Population Estimates by Single Year of Age and Sex","https://api.census.gov/data/2023/pep/charv?get=NAME,POP,AGE_DESC,YEAR&for=state:*&YEAR=2023&AGE=0001&SEX=0",-0.007148046616792136,0.011774214704994403,11.774214704994403,extended_sep_apr,Extended Sep-Apr,baseline_oct_mar,Baseline Oct-Mar,"Pelletier et al. JAMA Network Open 2025 untreated infants: 2,535 RSV-associated hospitalizations among 215,301 untreated infants.","U.S. Census Bureau Population Estimates Program, Vintage 2023 Annual Resident Population Estimates by Single Year of Age and Sex, age under 1 year.",-0.8101495301644998,-0.8101495301644998,-8.416263558741948
nssp,"RSV ED visit percentage of total ED visits, all ages",2025-2026,Ohio,uptake_100,Uptake 100%; otherwise reference,0.6626576388686237,0.6962682660544238,128059,Age under 1 year,2023,"U.S. Census Bureau Population Estimates Program, Vintage 2023 Annual Resident Population Estimates by Single Year of Age and Sex","https://api.census.gov/data/2023/pep/charv?get=NAME,POP,AGE_DESC,YEAR&for=state:*&YEAR=2023&AGE=0001&SEX=0",0.0336106271858001,0.011774214704994403,11.774214704994403,extended_sep_apr,Extended Sep-Apr,baseline_oct_mar,Baseline Oct-Mar,"Pelletier et al. JAMA Network Open 2025 untreated infants: 2,535 RSV-associated hospitalizations among 215,301 untreated infants.","U.S. Census Bureau Population Estimates Program, Vintage 2023 Annual Resident Population Estimates by Single Year of Age and Sex, age under 1 year.",50.677907415167375,50.677907415167375,39.573874085513225
nssp,"RSV ED visit percentage of total ED visits, all ages",2025-2026,Oklahoma,uptake_100,Uptake 100%; otherwise reference,0.6569445135912652,0.694096582397082,47714,Age under 1 year,2023,"U.S. Census Bureau Population Estimates Program, Vintage 2023 Annual Resident Population Estimates by Single Year of Age and Sex","https://api.census.gov/data/2023/pep/charv?get=NAME,POP,AGE_DESC,YEAR&for=state:*&YEAR=2023&AGE=0001&SEX=0",0.037152068805816896,0.011774214704994403,11.774214704994403,extended_sep_apr,Extended Sep-Apr,baseline_oct_mar,Baseline Oct-Mar,"Pelletier et al. JAMA Network Open 2025 untreated infants: 2,535 RSV-associated hospitalizations among 215,301 untreated infants.","U.S. Census Bureau Population Estimates Program, Vintage 2023 Annual Resident Population Estimates by Single Year of Age and Sex, age under 1 year.",20.87184205264347,20.87184205264347,43.74364348544132
nssp,"RSV ED visit percentage of total ED visits, all ages",2025-2026,Oregon,uptake_100,Uptake 100%; otherwise reference,0.6798746876222852,0.699681499880811,38904,Age under 1 year,2023,"U.S. Census Bureau Population Estimates Program, Vintage 2023 Annual Resident Population Estimates by Single Year of Age and Sex","https://api.census.gov/data/2023/pep/charv?get=NAME,POP,AGE_DESC,YEAR&for=state:*&YEAR=2023&AGE=0001&SEX=0",0.019806812258525763,0.011774214704994403,11.774214704994403,extended_sep_apr,Extended Sep-Apr,baseline_oct_mar,Baseline Oct-Mar,"Pelletier et al. JAMA Network Open 2025 untreated infants: 2,535 RSV-associated hospitalizations among 215,301 untreated infants.","U.S. Census Bureau Population Estimates Program, Vintage 2023 Annual Resident Population Estimates by Single Year of Age and Sex, age under 1 year.",9.072788618607774,9.072788618607774,23.320966015339746
nssp,"RSV ED visit percentage of total ED visits, all ages",2025-2026,Pennsylvania,uptake_100,Uptake 100%; otherwise reference,0.6485993606021394,0.6866753015413556,128878,Age under 1 year,2023,"U.S. Census Bureau Population Estimates Program, Vintage 2023 Annual Resident Population Estimates by Single Year of Age and Sex","https://api.census.gov/data/2023/pep/charv?get=NAME,POP,AGE_DESC,YEAR&for=state:*&YEAR=2023&AGE=0001&SEX=0",0.03807594093921618,0.011774214704994403,11.774214704994403,extended_sep_apr,Extended Sep-Apr,baseline_oct_mar,Baseline Oct-Mar,"Pelletier et al. JAMA Network Open 2025 untreated infants: 2,535 RSV-associated hospitalizations among 215,301 untreated infants.","U.S. Census Bureau Population Estimates Program, Vintage 2023 Annual Resident Population Estimates by Single Year of Age and Sex, age under 1 year.",57.77785083392628,57.77785083392628,44.83143037130176
nssp,"RSV ED visit percentage of total ED visits, all ages",2025-2026,Rhode Island,uptake_100,Uptake 100%; otherwise reference,0.6417400578001388,0.6840128754145116,10018,Age under 1 year,2023,"U.S. Census Bureau Population Estimates Program, Vintage 2023 Annual Resident Population Estimates by Single Year of Age and Sex","https://api.census.gov/data/2023/pep/charv?get=NAME,POP,AGE_DESC,YEAR&for=state:*&YEAR=2023&AGE=0001&SEX=0",0.04227281761437285,0.011774214704994403,11.774214704994403,extended_sep_apr,Extended Sep-Apr,baseline_oct_mar,Baseline Oct-Mar,"Pelletier et al. JAMA Network Open 2025 untreated infants: 2,535 RSV-associated hospitalizations among 215,301 untreated infants.","U.S. Census Bureau Population Estimates Program, Vintage 2023 Annual Resident Population Estimates by Single Year of Age and Sex, age under 1 year.",4.986251433920932,4.986251433920932,49.772923077669525
nssp,"RSV ED visit percentage of total ED visits, all ages",2025-2026,South Carolina,uptake_100,Uptake 100%; otherwise reference,0.5728339928316382,0.638071052458593,57279,Age under 1 year,2023,"U.S. Census Bureau Population Estimates Program, Vintage 2023 Annual Resident Population Estimates by Single Year of Age and Sex","https://api.census.gov/data/2023/pep/charv?get=NAME,POP,AGE_DESC,YEAR&for=state:*&YEAR=2023&AGE=0001&SEX=0",0.06523705962695481,0.011774214704994403,11.774214704994403,extended_sep_apr,Extended Sep-Apr,baseline_oct_mar,Baseline Oct-Mar,"Pelletier et al. JAMA Network Open 2025 untreated infants: 2,535 RSV-associated hospitalizations among 215,301 untreated infants.","U.S. Census Bureau Population Estimates Program, Vintage 2023 Annual Resident Population Estimates by Single Year of Age and Sex, age under 1 year.",43.996867491855326,43.996867491855326,76.8115146770288
nssp,"RSV ED visit percentage of total ED visits, all ages",2025-2026,South Dakota,uptake_100,Uptake 100%; otherwise reference,0.6846541861528542,0.6852163561991754,11434,Age under 1 year,2023,"U.S. Census Bureau Population Estimates Program, Vintage 2023 Annual Resident Population Estimates by Single Year of Age and Sex","https://api.census.gov/data/2023/pep/charv?get=NAME,POP,AGE_DESC,YEAR&for=state:*&YEAR=2023&AGE=0001&SEX=0",0.0005621700463211976,0.011774214704994403,11.774214704994403,extended_sep_apr,Extended Sep-Apr,baseline_oct_mar,Baseline Oct-Mar,"Pelletier et al. JAMA Network Open 2025 untreated infants: 2,535 RSV-associated hospitalizations among 215,301 untreated infants.","U.S. Census Bureau Population Estimates Program, Vintage 2023 Annual Resident Population Estimates by Single Year of Age and Sex, age under 1 year.",0.07568291318565518,0.07568291318565518,0.661911082610243
nssp,"RSV ED visit percentage of total ED visits, all ages",2025-2026,Tennessee,uptake_100,Uptake 100%; otherwise reference,0.6201250674780167,0.6628114510981923,81959,Age under 1 year,2023,"U.S. Census Bureau Population Estimates Program, Vintage 2023 Annual Resident Population Estimates by Single Year of Age and Sex","https://api.census.gov/data/2023/pep/charv?get=NAME,POP,AGE_DESC,YEAR&for=state:*&YEAR=2023&AGE=0001&SEX=0",0.04268638362017563,0.011774214704994403,11.774214704994403,extended_sep_apr,Extended Sep-Apr,baseline_oct_mar,Baseline Oct-Mar,"Pelletier et al. JAMA Network Open 2025 untreated infants: 2,535 RSV-associated hospitalizations among 215,301 untreated infants.","U.S. Census Bureau Population Estimates Program, Vintage 2023 Annual Resident Population Estimates by Single Year of Age and Sex, age under 1 year.",41.19248240486906,41.19248240486906,50.25986457237041
nssp,"RSV ED visit percentage of total ED visits, all ages",2025-2026,Texas,uptake_100,Uptake 100%; otherwise reference,0.5861513027316729,0.643725732396958,389814,Age under 1 year,2023,"U.S. Census Bureau Population Estimates Program, Vintage 2023 Annual Resident Population Estimates by Single Year of Age and Sex","https://api.census.gov/data/2023/pep/charv?get=NAME,POP,AGE_DESC,YEAR&for=state:*&YEAR=2023&AGE=0001&SEX=0",0.05757442966528503,0.011774214704994403,11.774214704994403,extended_sep_apr,Extended Sep-Apr,baseline_oct_mar,Baseline Oct-Mar,"Pelletier et al. JAMA Network Open 2025 untreated infants: 2,535 RSV-associated hospitalizations among 215,301 untreated infants.","U.S. Census Bureau Population Estimates Program, Vintage 2023 Annual Resident Population Estimates by Single Year of Age and Sex, age under 1 year.",264.25245336716955,264.25245336716955,67.7893696396665
nssp,"RSV ED visit percentage of total ED visits, all ages",2025-2026,Utah,uptake_100,Uptake 100%; otherwise reference,0.6879717687363105,0.7100735455724659,45759,Age under 1 year,2023,"U.S. Census Bureau Population Estimates Program, Vintage 2023 Annual Resident Population Estimates by Single Year of Age and Sex","https://api.census.gov/data/2023/pep/charv?get=NAME,POP,AGE_DESC,YEAR&for=state:*&YEAR=2023&AGE=0001&SEX=0",0.02210177683615544,0.011774214704994403,11.774214704994403,extended_sep_apr,Extended Sep-Apr,baseline_oct_mar,Baseline Oct-Mar,"Pelletier et al. JAMA Network Open 2025 untreated infants: 2,535 RSV-associated hospitalizations among 215,301 untreated infants.","U.S. Census Bureau Population Estimates Program, Vintage 2023 Annual Resident Population Estimates by Single Year of Age and Sex, age under 1 year.",11.907913341350023,11.907913341350023,26.023106583076608
nssp,"RSV ED visit percentage of total ED visits, all ages",2025-2026,Vermont,uptake_100,Uptake 100%; otherwise reference,0.6900162068099155,0.7027069382079107,5112,Age under 1 year,2023,"U.S. Census Bureau Population Estimates Program, Vintage 2023 Annual Resident Population Estimates by Single Year of Age and Sex","https://api.census.gov/data/2023/pep/charv?get=NAME,POP,AGE_DESC,YEAR&for=state:*&YEAR=2023&AGE=0001&SEX=0",0.012690731397995259,0.011774214704994403,11.774214704994403,extended_sep_apr,Extended Sep-Apr,baseline_oct_mar,Baseline Oct-Mar,"Pelletier et al. JAMA Network Open 2025 untreated infants: 2,535 RSV-associated hospitalizations among 215,301 untreated infants.","U.S. Census Bureau Population Estimates Program, Vintage 2023 Annual Resident Population Estimates by Single Year of Age and Sex, age under 1 year.",0.7638524015963116,0.7638524015963116,14.942339624340995
nssp,"RSV ED visit percentage of total ED visits, all ages",2025-2026,Virginia,uptake_100,Uptake 100%; otherwise reference,0.5862781966021878,0.6400557995913121,95290,Age under 1 year,2023,"U.S. Census Bureau Population Estimates Program, Vintage 2023 Annual Resident Population Estimates by Single Year of Age and Sex","https://api.census.gov/data/2023/pep/charv?get=NAME,POP,AGE_DESC,YEAR&for=state:*&YEAR=2023&AGE=0001&SEX=0",0.05377760298912426,0.011774214704994403,11.774214704994403,extended_sep_apr,Extended Sep-Apr,baseline_oct_mar,Baseline Oct-Mar,"Pelletier et al. JAMA Network Open 2025 untreated infants: 2,535 RSV-associated hospitalizations among 215,301 untreated infants.","U.S. Census Bureau Population Estimates Program, Vintage 2023 Annual Resident Population Estimates by Single Year of Age and Sex, age under 1 year.",60.33658399455533,60.33658399455533,63.318904391389786
nssp,"RSV ED visit percentage of total ED visits, all ages",2025-2026,Washington,uptake_100,Uptake 100%; otherwise reference,0.6512059608931511,0.685660364925716,82456,Age under 1 year,2023,"U.S. Census Bureau Population Estimates Program, Vintage 2023 Annual Resident Population Estimates by Single Year of Age and Sex","https://api.census.gov/data/2023/pep/charv?get=NAME,POP,AGE_DESC,YEAR&for=state:*&YEAR=2023&AGE=0001&SEX=0",0.034454404032564945,0.011774214704994403,11.774214704994403,extended_sep_apr,Extended Sep-Apr,baseline_oct_mar,Baseline Oct-Mar,"Pelletier et al. JAMA Network Open 2025 untreated infants: 2,535 RSV-associated hospitalizations among 215,301 untreated infants.","U.S. Census Bureau Population Estimates Program, Vintage 2023 Annual Resident Population Estimates by Single Year of Age and Sex, age under 1 year.",33.45021828926675,33.45021828926675,40.567355061204466
nssp,"RSV ED visit percentage of total ED visits, all ages",2025-2026,West Virginia,uptake_100,Uptake 100%; otherwise reference,0.658662928729079,0.6764592604202144,17135,Age under 1 year,2023,"U.S. Census Bureau Population Estimates Program, Vintage 2023 Annual Resident Population Estimates by Single Year of Age and Sex","https://api.census.gov/data/2023/pep/charv?get=NAME,POP,AGE_DESC,YEAR&for=state:*&YEAR=2023&AGE=0001&SEX=0",0.01779633169113548,0.011774214704994403,11.774214704994403,extended_sep_apr,Extended Sep-Apr,baseline_oct_mar,Baseline Oct-Mar,"Pelletier et al. JAMA Network Open 2025 untreated infants: 2,535 RSV-associated hospitalizations among 215,301 untreated infants.","U.S. Census Bureau Population Estimates Program, Vintage 2023 Annual Resident Population Estimates by Single Year of Age and Sex, age under 1 year.",3.590430722065848,3.590430722065848,20.95378302927253
nssp,"RSV ED visit percentage of total ED visits, all ages",2025-2026,Wisconsin,uptake_100,Uptake 100%; otherwise reference,0.6843950031392882,0.7012030588998672,59547,Age under 1 year,2023,"U.S. Census Bureau Population Estimates Program, Vintage 2023 Annual Resident Population Estimates by Single Year of Age and Sex","https://api.census.gov/data/2023/pep/charv?get=NAME,POP,AGE_DESC,YEAR&for=state:*&YEAR=2023&AGE=0001&SEX=0",0.016808055760578977,0.011774214704994403,11.774214704994403,extended_sep_apr,Extended Sep-Apr,baseline_oct_mar,Baseline Oct-Mar,"Pelletier et al. JAMA Network Open 2025 untreated infants: 2,535 RSV-associated hospitalizations among 215,301 untreated infants.","U.S. Census Bureau Population Estimates Program, Vintage 2023 Annual Resident Population Estimates by Single Year of Age and Sex, age under 1 year.",11.784449987158238,11.784449987158238,19.79016572985749
nssp,"RSV ED visit percentage of total ED visits, all ages",2025-2026,Wyoming,uptake_100,Uptake 100%; otherwise reference,0.6890477096780108,0.6937882147939419,5847,Age under 1 year,2023,"U.S. Census Bureau Population Estimates Program, Vintage 2023 Annual Resident Population Estimates by Single Year of Age and Sex","https://api.census.gov/data/2023/pep/charv?get=NAME,POP,AGE_DESC,YEAR&for=state:*&YEAR=2023&AGE=0001&SEX=0",0.0047405051159311595,0.011774214704994403,11.774214704994403,extended_sep_apr,Extended Sep-Apr,baseline_oct_mar,Baseline Oct-Mar,"Pelletier et al. JAMA Network Open 2025 untreated infants: 2,535 RSV-associated hospitalizations among 215,301 untreated infants.","U.S. Census Bureau Population Estimates Program, Vintage 2023 Annual Resident Population Estimates by Single Year of Age and Sex, age under 1 year.",0.32635454433868716,0.32635454433868716,5.5815725045097855
