datasource,metric_label,season,jurisdiction,scenario_id,scenario_label,baseline_population_activity_weighted_protection,early_population_activity_weighted_protection,infant_population_under1,age_desc,population_year,population_source,population_source_url,incremental_population_activity_weighted_protection,baseline_hospitalization_risk_per_infant_season,baseline_hospitalization_risk_per_1000_infants,comparison_window_name,comparison_window_label,baseline_window_name,baseline_window_label,hospitalization_burden_source,population_source_note,hospitalizations_averted_early_vs_baseline,hospitalizations_averted_vs_baseline,hospitalizations_averted_per_100k_infants
nssp,"RSV ED visit percentage of total ED visits, all ages",2023-2024,Alabama,uptake_100,Uptake 100%; otherwise reference,0.4868544958819411,0.6209026625433502,57885,Age under 1 year,2023,"U.S. Census Bureau Population Estimates Program, Vintage 2023 Annual Resident Population Estimates by Single Year of Age and Sex","https://api.census.gov/data/2023/pep/charv?get=NAME,POP,AGE_DESC,YEAR&for=state:*&YEAR=2023&AGE=0001&SEX=0",0.13404816666140917,0.011774214704994403,11.774214704994403,early_sep_mar,Early Sep-Mar,baseline_oct_mar,Baseline Oct-Mar,"Pelletier et al. JAMA Network Open 2025 untreated infants: 2,535 RSV-associated hospitalizations among 215,301 untreated infants.","U.S. Census Bureau Population Estimates Program, Vintage 2023 Annual Resident Population Estimates by Single Year of Age and Sex, age under 1 year.",91.3605840468392,91.3605840468392,157.83118950823044
nssp,"RSV ED visit percentage of total ED visits, all ages",2023-2024,Alaska,uptake_100,Uptake 100%; otherwise reference,0.5895140737107054,0.6639764890605379,9224,Age under 1 year,2023,"U.S. Census Bureau Population Estimates Program, Vintage 2023 Annual Resident Population Estimates by Single Year of Age and Sex","https://api.census.gov/data/2023/pep/charv?get=NAME,POP,AGE_DESC,YEAR&for=state:*&YEAR=2023&AGE=0001&SEX=0",0.07446241534983244,0.011774214704994403,11.774214704994403,early_sep_mar,Early Sep-Mar,baseline_oct_mar,Baseline Oct-Mar,"Pelletier et al. JAMA Network Open 2025 untreated infants: 2,535 RSV-associated hospitalizations among 215,301 untreated infants.","U.S. Census Bureau Population Estimates Program, Vintage 2023 Annual Resident Population Estimates by Single Year of Age and Sex, age under 1 year.",8.087017160367616,8.087017160367616,87.67364657813982
nssp,"RSV ED visit percentage of total ED visits, all ages",2023-2024,Arizona,uptake_100,Uptake 100%; otherwise reference,0.6088154115751325,0.6762122518082515,78075,Age under 1 year,2023,"U.S. Census Bureau Population Estimates Program, Vintage 2023 Annual Resident Population Estimates by Single Year of Age and Sex","https://api.census.gov/data/2023/pep/charv?get=NAME,POP,AGE_DESC,YEAR&for=state:*&YEAR=2023&AGE=0001&SEX=0",0.06739684023311898,0.011774214704994403,11.774214704994403,early_sep_mar,Early Sep-Mar,baseline_oct_mar,Baseline Oct-Mar,"Pelletier et al. JAMA Network Open 2025 untreated infants: 2,535 RSV-associated hospitalizations among 215,301 untreated infants.","U.S. Census Bureau Population Estimates Program, Vintage 2023 Annual Resident Population Estimates by Single Year of Age and Sex, age under 1 year.",61.95601551780066,61.95601551780066,79.3544867342948
nssp,"RSV ED visit percentage of total ED visits, all ages",2023-2024,Arkansas,uptake_100,Uptake 100%; otherwise reference,0.5611674636439503,0.6518499880448537,35297,Age under 1 year,2023,"U.S. Census Bureau Population Estimates Program, Vintage 2023 Annual Resident Population Estimates by Single Year of Age and Sex","https://api.census.gov/data/2023/pep/charv?get=NAME,POP,AGE_DESC,YEAR&for=state:*&YEAR=2023&AGE=0001&SEX=0",0.09068252440090341,0.011774214704994403,11.774214704994403,early_sep_mar,Early Sep-Mar,baseline_oct_mar,Baseline Oct-Mar,"Pelletier et al. JAMA Network Open 2025 untreated infants: 2,535 RSV-associated hospitalizations among 215,301 untreated infants.","U.S. Census Bureau Population Estimates Program, Vintage 2023 Annual Resident Population Estimates by Single Year of Age and Sex, age under 1 year.",37.68715443719885,37.68715443719885,106.77155122871308
nssp,"RSV ED visit percentage of total ED visits, all ages",2023-2024,California,uptake_100,Uptake 100%; otherwise reference,0.579584977513125,0.6630901908440207,415125,Age under 1 year,2023,"U.S. Census Bureau Population Estimates Program, Vintage 2023 Annual Resident Population Estimates by Single Year of Age and Sex","https://api.census.gov/data/2023/pep/charv?get=NAME,POP,AGE_DESC,YEAR&for=state:*&YEAR=2023&AGE=0001&SEX=0",0.08350521333089567,0.011774214704994403,11.774214704994403,early_sep_mar,Early Sep-Mar,baseline_oct_mar,Baseline Oct-Mar,"Pelletier et al. JAMA Network Open 2025 untreated infants: 2,535 RSV-associated hospitalizations among 215,301 untreated infants.","U.S. Census Bureau Population Estimates Program, Vintage 2023 Annual Resident Population Estimates by Single Year of Age and Sex, age under 1 year.",408.15434999773845,408.15434999773845,98.32083107443265
nssp,"RSV ED visit percentage of total ED visits, all ages",2023-2024,Colorado,uptake_100,Uptake 100%; otherwise reference,0.6183023287080945,0.6796989541580872,62168,Age under 1 year,2023,"U.S. Census Bureau Population Estimates Program, Vintage 2023 Annual Resident Population Estimates by Single Year of Age and Sex","https://api.census.gov/data/2023/pep/charv?get=NAME,POP,AGE_DESC,YEAR&for=state:*&YEAR=2023&AGE=0001&SEX=0",0.06139662544999269,0.011774214704994403,11.774214704994403,early_sep_mar,Early Sep-Mar,baseline_oct_mar,Baseline Oct-Mar,"Pelletier et al. JAMA Network Open 2025 untreated infants: 2,535 RSV-associated hospitalizations among 215,301 untreated infants.","U.S. Census Bureau Population Estimates Program, Vintage 2023 Annual Resident Population Estimates by Single Year of Age and Sex, age under 1 year.",44.94106381747626,44.94106381747626,72.28970502103375
nssp,"RSV ED visit percentage of total ED visits, all ages",2023-2024,Connecticut,uptake_100,Uptake 100%; otherwise reference,0.5510728316692428,0.6532147220678283,34935,Age under 1 year,2023,"U.S. Census Bureau Population Estimates Program, Vintage 2023 Annual Resident Population Estimates by Single Year of Age and Sex","https://api.census.gov/data/2023/pep/charv?get=NAME,POP,AGE_DESC,YEAR&for=state:*&YEAR=2023&AGE=0001&SEX=0",0.10214189039858546,0.011774214704994403,11.774214704994403,early_sep_mar,Early Sep-Mar,baseline_oct_mar,Baseline Oct-Mar,"Pelletier et al. JAMA Network Open 2025 untreated infants: 2,535 RSV-associated hospitalizations among 215,301 untreated infants.","U.S. Census Bureau Population Estimates Program, Vintage 2023 Annual Resident Population Estimates by Single Year of Age and Sex, age under 1 year.",42.01424754182805,42.01424754182805,120.26405479269516
nssp,"RSV ED visit percentage of total ED visits, all ages",2023-2024,Delaware,uptake_100,Uptake 100%; otherwise reference,0.5101534452970158,0.6377177828543624,10745,Age under 1 year,2023,"U.S. Census Bureau Population Estimates Program, Vintage 2023 Annual Resident Population Estimates by Single Year of Age and Sex","https://api.census.gov/data/2023/pep/charv?get=NAME,POP,AGE_DESC,YEAR&for=state:*&YEAR=2023&AGE=0001&SEX=0",0.12756433755734664,0.011774214704994403,11.774214704994403,early_sep_mar,Early Sep-Mar,baseline_oct_mar,Baseline Oct-Mar,"Pelletier et al. JAMA Network Open 2025 untreated infants: 2,535 RSV-associated hospitalizations among 215,301 untreated infants.","U.S. Census Bureau Population Estimates Program, Vintage 2023 Annual Resident Population Estimates by Single Year of Age and Sex, age under 1 year.",16.138666565835738,16.138666565835738,150.19698991005808
nssp,"RSV ED visit percentage of total ED visits, all ages",2023-2024,District of Columbia,uptake_100,Uptake 100%; otherwise reference,0.45020549050721265,0.6065852670936392,7791,Age under 1 year,2023,"U.S. Census Bureau Population Estimates Program, Vintage 2023 Annual Resident Population Estimates by Single Year of Age and Sex","https://api.census.gov/data/2023/pep/charv?get=NAME,POP,AGE_DESC,YEAR&for=state:*&YEAR=2023&AGE=0001&SEX=0",0.1563797765864266,0.011774214704994403,11.774214704994403,early_sep_mar,Early Sep-Mar,baseline_oct_mar,Baseline Oct-Mar,"Pelletier et al. JAMA Network Open 2025 untreated infants: 2,535 RSV-associated hospitalizations among 215,301 untreated infants.","U.S. Census Bureau Population Estimates Program, Vintage 2023 Annual Resident Population Estimates by Single Year of Age and Sex, age under 1 year.",14.34517146578619,14.34517146578619,184.12490650476437
nssp,"RSV ED visit percentage of total ED visits, all ages",2023-2024,Florida,uptake_100,Uptake 100%; otherwise reference,0.4025746871881973,0.5535570006450634,224670,Age under 1 year,2023,"U.S. Census Bureau Population Estimates Program, Vintage 2023 Annual Resident Population Estimates by Single Year of Age and Sex","https://api.census.gov/data/2023/pep/charv?get=NAME,POP,AGE_DESC,YEAR&for=state:*&YEAR=2023&AGE=0001&SEX=0",0.15098231345686614,0.011774214704994403,11.774214704994403,early_sep_mar,Early Sep-Mar,baseline_oct_mar,Baseline Oct-Mar,"Pelletier et al. JAMA Network Open 2025 untreated infants: 2,535 RSV-associated hospitalizations among 215,301 untreated infants.","U.S. Census Bureau Population Estimates Program, Vintage 2023 Annual Resident Population Estimates by Single Year of Age and Sex, age under 1 year.",399.39544904418085,399.39544904418085,177.76981752979077
nssp,"RSV ED visit percentage of total ED visits, all ages",2023-2024,Georgia,uptake_100,Uptake 100%; otherwise reference,0.4210296378978669,0.5822003607453954,125156,Age under 1 year,2023,"U.S. Census Bureau Population Estimates Program, Vintage 2023 Annual Resident Population Estimates by Single Year of Age and Sex","https://api.census.gov/data/2023/pep/charv?get=NAME,POP,AGE_DESC,YEAR&for=state:*&YEAR=2023&AGE=0001&SEX=0",0.16117072284752848,0.011774214704994403,11.774214704994403,early_sep_mar,Early Sep-Mar,baseline_oct_mar,Baseline Oct-Mar,"Pelletier et al. JAMA Network Open 2025 untreated infants: 2,535 RSV-associated hospitalizations among 215,301 untreated infants.","U.S. Census Bureau Population Estimates Program, Vintage 2023 Annual Resident Population Estimates by Single Year of Age and Sex, age under 1 year.",237.5033716271581,237.5033716271581,189.76586949659475
nssp,"RSV ED visit percentage of total ED visits, all ages",2023-2024,Hawaii,uptake_100,Uptake 100%; otherwise reference,0.49730239213499855,0.622466567065846,15147,Age under 1 year,2023,"U.S. Census Bureau Population Estimates Program, Vintage 2023 Annual Resident Population Estimates by Single Year of Age and Sex","https://api.census.gov/data/2023/pep/charv?get=NAME,POP,AGE_DESC,YEAR&for=state:*&YEAR=2023&AGE=0001&SEX=0",0.12516417493084747,0.011774214704994403,11.774214704994403,early_sep_mar,Early Sep-Mar,baseline_oct_mar,Baseline Oct-Mar,"Pelletier et al. JAMA Network Open 2025 untreated infants: 2,535 RSV-associated hospitalizations among 215,301 untreated infants.","U.S. Census Bureau Population Estimates Program, Vintage 2023 Annual Resident Population Estimates by Single Year of Age and Sex, age under 1 year.",22.322283385883505,22.322283385883505,147.37098690092762
nssp,"RSV ED visit percentage of total ED visits, all ages",2023-2024,Idaho,uptake_100,Uptake 100%; otherwise reference,0.6384732406302841,0.6911637303127265,22331,Age under 1 year,2023,"U.S. Census Bureau Population Estimates Program, Vintage 2023 Annual Resident Population Estimates by Single Year of Age and Sex","https://api.census.gov/data/2023/pep/charv?get=NAME,POP,AGE_DESC,YEAR&for=state:*&YEAR=2023&AGE=0001&SEX=0",0.05269048968244239,0.011774214704994403,11.774214704994403,early_sep_mar,Early Sep-Mar,baseline_oct_mar,Baseline Oct-Mar,"Pelletier et al. JAMA Network Open 2025 untreated infants: 2,535 RSV-associated hospitalizations among 215,301 untreated infants.","U.S. Census Bureau Population Estimates Program, Vintage 2023 Annual Resident Population Estimates by Single Year of Age and Sex, age under 1 year.",13.853909850333233,13.853909850333233,62.038913843236905
nssp,"RSV ED visit percentage of total ED visits, all ages",2023-2024,Illinois,uptake_100,Uptake 100%; otherwise reference,0.565870277170257,0.6556990359451738,126792,Age under 1 year,2023,"U.S. Census Bureau Population Estimates Program, Vintage 2023 Annual Resident Population Estimates by Single Year of Age and Sex","https://api.census.gov/data/2023/pep/charv?get=NAME,POP,AGE_DESC,YEAR&for=state:*&YEAR=2023&AGE=0001&SEX=0",0.0898287587749168,0.011774214704994403,11.774214704994403,early_sep_mar,Early Sep-Mar,baseline_oct_mar,Baseline Oct-Mar,"Pelletier et al. JAMA Network Open 2025 untreated infants: 2,535 RSV-associated hospitalizations among 215,301 untreated infants.","U.S. Census Bureau Population Estimates Program, Vintage 2023 Annual Resident Population Estimates by Single Year of Age and Sex, age under 1 year.",134.1032188241358,134.1032188241358,105.76630924990205
nssp,"RSV ED visit percentage of total ED visits, all ages",2023-2024,Indiana,uptake_100,Uptake 100%; otherwise reference,0.5671595991713988,0.6548814432216159,79101,Age under 1 year,2023,"U.S. Census Bureau Population Estimates Program, Vintage 2023 Annual Resident Population Estimates by Single Year of Age and Sex","https://api.census.gov/data/2023/pep/charv?get=NAME,POP,AGE_DESC,YEAR&for=state:*&YEAR=2023&AGE=0001&SEX=0",0.0877218440502171,0.011774214704994403,11.774214704994403,early_sep_mar,Early Sep-Mar,baseline_oct_mar,Baseline Oct-Mar,"Pelletier et al. JAMA Network Open 2025 untreated infants: 2,535 RSV-associated hospitalizations among 215,301 untreated infants.","U.S. Census Bureau Population Estimates Program, Vintage 2023 Annual Resident Population Estimates by Single Year of Age and Sex, age under 1 year.",81.69992870550077,81.69992870550077,103.2855826165292
nssp,"RSV ED visit percentage of total ED visits, all ages",2023-2024,Iowa,uptake_100,Uptake 100%; otherwise reference,0.6234547811638332,0.6809728217129649,36766,Age under 1 year,2023,"U.S. Census Bureau Population Estimates Program, Vintage 2023 Annual Resident Population Estimates by Single Year of Age and Sex","https://api.census.gov/data/2023/pep/charv?get=NAME,POP,AGE_DESC,YEAR&for=state:*&YEAR=2023&AGE=0001&SEX=0",0.05751804054913168,0.011774214704994403,11.774214704994403,early_sep_mar,Early Sep-Mar,baseline_oct_mar,Baseline Oct-Mar,"Pelletier et al. JAMA Network Open 2025 untreated infants: 2,535 RSV-associated hospitalizations among 215,301 untreated infants.","U.S. Census Bureau Population Estimates Program, Vintage 2023 Annual Resident Population Estimates by Single Year of Age and Sex, age under 1 year.",24.89902931336623,24.89902931336623,67.72297588360506
nssp,"RSV ED visit percentage of total ED visits, all ages",2023-2024,Kansas,uptake_100,Uptake 100%; otherwise reference,0.6146608299593386,0.6733711090079525,34590,Age under 1 year,2023,"U.S. Census Bureau Population Estimates Program, Vintage 2023 Annual Resident Population Estimates by Single Year of Age and Sex","https://api.census.gov/data/2023/pep/charv?get=NAME,POP,AGE_DESC,YEAR&for=state:*&YEAR=2023&AGE=0001&SEX=0",0.05871027904861392,0.011774214704994403,11.774214704994403,early_sep_mar,Early Sep-Mar,baseline_oct_mar,Baseline Oct-Mar,"Pelletier et al. JAMA Network Open 2025 untreated infants: 2,535 RSV-associated hospitalizations among 215,301 untreated infants.","U.S. Census Bureau Population Estimates Program, Vintage 2023 Annual Resident Population Estimates by Single Year of Age and Sex, age under 1 year.",23.91094043512553,23.91094043512553,69.12674309085149
nssp,"RSV ED visit percentage of total ED visits, all ages",2023-2024,Kentucky,uptake_100,Uptake 100%; otherwise reference,0.5525810694218365,0.6469642067945777,52111,Age under 1 year,2023,"U.S. Census Bureau Population Estimates Program, Vintage 2023 Annual Resident Population Estimates by Single Year of Age and Sex","https://api.census.gov/data/2023/pep/charv?get=NAME,POP,AGE_DESC,YEAR&for=state:*&YEAR=2023&AGE=0001&SEX=0",0.09438313737274118,0.011774214704994403,11.774214704994403,early_sep_mar,Early Sep-Mar,baseline_oct_mar,Baseline Oct-Mar,"Pelletier et al. JAMA Network Open 2025 untreated infants: 2,535 RSV-associated hospitalizations among 215,301 untreated infants.","U.S. Census Bureau Population Estimates Program, Vintage 2023 Annual Resident Population Estimates by Single Year of Age and Sex, age under 1 year.",57.910293738756366,57.910293738756366,111.1287323957636
nssp,"RSV ED visit percentage of total ED visits, all ages",2023-2024,Louisiana,uptake_100,Uptake 100%; otherwise reference,0.48032128044948125,0.6175579485067542,55838,Age under 1 year,2023,"U.S. Census Bureau Population Estimates Program, Vintage 2023 Annual Resident Population Estimates by Single Year of Age and Sex","https://api.census.gov/data/2023/pep/charv?get=NAME,POP,AGE_DESC,YEAR&for=state:*&YEAR=2023&AGE=0001&SEX=0",0.13723666805727291,0.011774214704994403,11.774214704994403,early_sep_mar,Early Sep-Mar,baseline_oct_mar,Baseline Oct-Mar,"Pelletier et al. JAMA Network Open 2025 untreated infants: 2,535 RSV-associated hospitalizations among 215,301 untreated infants.","U.S. Census Bureau Population Estimates Program, Vintage 2023 Annual Resident Population Estimates by Single Year of Age and Sex, age under 1 year.",90.22605537863828,90.22605537863828,161.58539951043784
nssp,"RSV ED visit percentage of total ED visits, all ages",2023-2024,Maine,uptake_100,Uptake 100%; otherwise reference,0.6167625815521267,0.680881626951088,11892,Age under 1 year,2023,"U.S. Census Bureau Population Estimates Program, Vintage 2023 Annual Resident Population Estimates by Single Year of Age and Sex","https://api.census.gov/data/2023/pep/charv?get=NAME,POP,AGE_DESC,YEAR&for=state:*&YEAR=2023&AGE=0001&SEX=0",0.0641190453989613,0.011774214704994403,11.774214704994403,early_sep_mar,Early Sep-Mar,baseline_oct_mar,Baseline Oct-Mar,"Pelletier et al. JAMA Network Open 2025 untreated infants: 2,535 RSV-associated hospitalizations among 215,301 untreated infants.","U.S. Census Bureau Population Estimates Program, Vintage 2023 Annual Resident Population Estimates by Single Year of Age and Sex, age under 1 year.",8.977882134501527,8.977882134501527,75.49514072066539
nssp,"RSV ED visit percentage of total ED visits, all ages",2023-2024,Maryland,uptake_100,Uptake 100%; otherwise reference,0.5175345766990961,0.6371077854215279,68060,Age under 1 year,2023,"U.S. Census Bureau Population Estimates Program, Vintage 2023 Annual Resident Population Estimates by Single Year of Age and Sex","https://api.census.gov/data/2023/pep/charv?get=NAME,POP,AGE_DESC,YEAR&for=state:*&YEAR=2023&AGE=0001&SEX=0",0.11957320872243182,0.011774214704994403,11.774214704994403,early_sep_mar,Early Sep-Mar,baseline_oct_mar,Baseline Oct-Mar,"Pelletier et al. JAMA Network Open 2025 untreated infants: 2,535 RSV-associated hospitalizations among 215,301 untreated infants.","U.S. Census Bureau Population Estimates Program, Vintage 2023 Annual Resident Population Estimates by Single Year of Age and Sex, age under 1 year.",95.82035584543326,95.82035584543326,140.7880632463022
nssp,"RSV ED visit percentage of total ED visits, all ages",2023-2024,Massachusetts,uptake_100,Uptake 100%; otherwise reference,0.5372671195729147,0.6428794380511096,69103,Age under 1 year,2023,"U.S. Census Bureau Population Estimates Program, Vintage 2023 Annual Resident Population Estimates by Single Year of Age and Sex","https://api.census.gov/data/2023/pep/charv?get=NAME,POP,AGE_DESC,YEAR&for=state:*&YEAR=2023&AGE=0001&SEX=0",0.10561231847819486,0.011774214704994403,11.774214704994403,early_sep_mar,Early Sep-Mar,baseline_oct_mar,Baseline Oct-Mar,"Pelletier et al. JAMA Network Open 2025 untreated infants: 2,535 RSV-associated hospitalizations among 215,301 untreated infants.","U.S. Census Bureau Population Estimates Program, Vintage 2023 Annual Resident Population Estimates by Single Year of Age and Sex, age under 1 year.",85.92972653222668,85.92972653222668,124.35021132545141
nssp,"RSV ED visit percentage of total ED visits, all ages",2023-2024,Michigan,uptake_100,Uptake 100%; otherwise reference,0.5986497041425259,0.670009070459512,101385,Age under 1 year,2023,"U.S. Census Bureau Population Estimates Program, Vintage 2023 Annual Resident Population Estimates by Single Year of Age and Sex","https://api.census.gov/data/2023/pep/charv?get=NAME,POP,AGE_DESC,YEAR&for=state:*&YEAR=2023&AGE=0001&SEX=0",0.07135936631698603,0.011774214704994403,11.774214704994403,early_sep_mar,Early Sep-Mar,baseline_oct_mar,Baseline Oct-Mar,"Pelletier et al. JAMA Network Open 2025 untreated infants: 2,535 RSV-associated hospitalizations among 215,301 untreated infants.","U.S. Census Bureau Population Estimates Program, Vintage 2023 Annual Resident Population Estimates by Single Year of Age and Sex, age under 1 year.",85.18372771567044,85.18372771567044,84.02005002285392
nssp,"RSV ED visit percentage of total ED visits, all ages",2023-2024,Minnesota,uptake_100,Uptake 100%; otherwise reference,0.6172716336726909,0.6808593456336645,63637,Age under 1 year,2023,"U.S. Census Bureau Population Estimates Program, Vintage 2023 Annual Resident Population Estimates by Single Year of Age and Sex","https://api.census.gov/data/2023/pep/charv?get=NAME,POP,AGE_DESC,YEAR&for=state:*&YEAR=2023&AGE=0001&SEX=0",0.06358771196097357,0.011774214704994403,11.774214704994403,early_sep_mar,Early Sep-Mar,baseline_oct_mar,Baseline Oct-Mar,"Pelletier et al. JAMA Network Open 2025 untreated infants: 2,535 RSV-associated hospitalizations among 215,301 untreated infants.","U.S. Census Bureau Population Estimates Program, Vintage 2023 Annual Resident Population Estimates by Single Year of Age and Sex, age under 1 year.",47.64472746610027,47.64472746610027,74.86953732278435
nssp,"RSV ED visit percentage of total ED visits, all ages",2023-2024,Mississippi,uptake_100,Uptake 100%; otherwise reference,0.4225788643664646,0.5873118286127624,34372,Age under 1 year,2023,"U.S. Census Bureau Population Estimates Program, Vintage 2023 Annual Resident Population Estimates by Single Year of Age and Sex","https://api.census.gov/data/2023/pep/charv?get=NAME,POP,AGE_DESC,YEAR&for=state:*&YEAR=2023&AGE=0001&SEX=0",0.16473296424629785,0.011774214704994403,11.774214704994403,early_sep_mar,Early Sep-Mar,baseline_oct_mar,Baseline Oct-Mar,"Pelletier et al. JAMA Network Open 2025 untreated infants: 2,535 RSV-associated hospitalizations among 215,301 untreated infants.","U.S. Census Bureau Population Estimates Program, Vintage 2023 Annual Resident Population Estimates by Single Year of Age and Sex, age under 1 year.",66.66797554077634,66.66797554077634,193.96012900260774
nssp,"RSV ED visit percentage of total ED visits, all ages",2023-2024,Montana,uptake_100,Uptake 100%; otherwise reference,0.668591522533884,0.7052190887379733,11266,Age under 1 year,2023,"U.S. Census Bureau Population Estimates Program, Vintage 2023 Annual Resident Population Estimates by Single Year of Age and Sex","https://api.census.gov/data/2023/pep/charv?get=NAME,POP,AGE_DESC,YEAR&for=state:*&YEAR=2023&AGE=0001&SEX=0",0.03662756620408936,0.011774214704994403,11.774214704994403,early_sep_mar,Early Sep-Mar,baseline_oct_mar,Baseline Oct-Mar,"Pelletier et al. JAMA Network Open 2025 untreated infants: 2,535 RSV-associated hospitalizations among 215,301 untreated infants.","U.S. Census Bureau Population Estimates Program, Vintage 2023 Annual Resident Population Estimates by Single Year of Age and Sex, age under 1 year.",4.8585844951016135,4.8585844951016135,43.126082860834494
nssp,"RSV ED visit percentage of total ED visits, all ages",2023-2024,Nebraska,uptake_100,Uptake 100%; otherwise reference,0.6156237351983108,0.676163450051157,24144,Age under 1 year,2023,"U.S. Census Bureau Population Estimates Program, Vintage 2023 Annual Resident Population Estimates by Single Year of Age and Sex","https://api.census.gov/data/2023/pep/charv?get=NAME,POP,AGE_DESC,YEAR&for=state:*&YEAR=2023&AGE=0001&SEX=0",0.06053971485284615,0.011774214704994403,11.774214704994403,early_sep_mar,Early Sep-Mar,baseline_oct_mar,Baseline Oct-Mar,"Pelletier et al. JAMA Network Open 2025 untreated infants: 2,535 RSV-associated hospitalizations among 215,301 untreated infants.","U.S. Census Bureau Population Estimates Program, Vintage 2023 Annual Resident Population Estimates by Single Year of Age and Sex, age under 1 year.",17.210026715080524,17.210026715080524,71.28076008565492
nssp,"RSV ED visit percentage of total ED visits, all ages",2023-2024,Nevada,uptake_100,Uptake 100%; otherwise reference,0.6033292941422957,0.6724163920389562,32716,Age under 1 year,2023,"U.S. Census Bureau Population Estimates Program, Vintage 2023 Annual Resident Population Estimates by Single Year of Age and Sex","https://api.census.gov/data/2023/pep/charv?get=NAME,POP,AGE_DESC,YEAR&for=state:*&YEAR=2023&AGE=0001&SEX=0",0.06908709789666045,0.011774214704994403,11.774214704994403,early_sep_mar,Early Sep-Mar,baseline_oct_mar,Baseline Oct-Mar,"Pelletier et al. JAMA Network Open 2025 untreated infants: 2,535 RSV-associated hospitalizations among 215,301 untreated infants.","U.S. Census Bureau Population Estimates Program, Vintage 2023 Annual Resident Population Estimates by Single Year of Age and Sex, age under 1 year.",26.612709935337776,26.612709935337776,81.34463239802474
nssp,"RSV ED visit percentage of total ED visits, all ages",2023-2024,New Hampshire,uptake_100,Uptake 100%; otherwise reference,0.5911861810170427,0.6671058390172215,12164,Age under 1 year,2023,"U.S. Census Bureau Population Estimates Program, Vintage 2023 Annual Resident Population Estimates by Single Year of Age and Sex","https://api.census.gov/data/2023/pep/charv?get=NAME,POP,AGE_DESC,YEAR&for=state:*&YEAR=2023&AGE=0001&SEX=0",0.07591965800017886,0.011774214704994403,11.774214704994403,early_sep_mar,Early Sep-Mar,baseline_oct_mar,Baseline Oct-Mar,"Pelletier et al. JAMA Network Open 2025 untreated infants: 2,535 RSV-associated hospitalizations among 215,301 untreated infants.","U.S. Census Bureau Population Estimates Program, Vintage 2023 Annual Resident Population Estimates by Single Year of Age and Sex, age under 1 year.",10.873330917480533,10.873330917480533,89.3894353623852
nssp,"RSV ED visit percentage of total ED visits, all ages",2023-2024,New Jersey,uptake_100,Uptake 100%; otherwise reference,0.5336381236563309,0.6435429371666267,102477,Age under 1 year,2023,"U.S. Census Bureau Population Estimates Program, Vintage 2023 Annual Resident Population Estimates by Single Year of Age and Sex","https://api.census.gov/data/2023/pep/charv?get=NAME,POP,AGE_DESC,YEAR&for=state:*&YEAR=2023&AGE=0001&SEX=0",0.1099048135102958,0.011774214704994403,11.774214704994403,early_sep_mar,Early Sep-Mar,baseline_oct_mar,Baseline Oct-Mar,"Pelletier et al. JAMA Network Open 2025 untreated infants: 2,535 RSV-associated hospitalizations among 215,301 untreated infants.","U.S. Census Bureau Population Estimates Program, Vintage 2023 Annual Resident Population Estimates by Single Year of Age and Sex, age under 1 year.",132.60963133067392,132.60963133067392,129.40428713825924
nssp,"RSV ED visit percentage of total ED visits, all ages",2023-2024,New Mexico,uptake_100,Uptake 100%; otherwise reference,0.6057260309901615,0.6760408286162143,20589,Age under 1 year,2023,"U.S. Census Bureau Population Estimates Program, Vintage 2023 Annual Resident Population Estimates by Single Year of Age and Sex","https://api.census.gov/data/2023/pep/charv?get=NAME,POP,AGE_DESC,YEAR&for=state:*&YEAR=2023&AGE=0001&SEX=0",0.07031479762605275,0.011774214704994403,11.774214704994403,early_sep_mar,Early Sep-Mar,baseline_oct_mar,Baseline Oct-Mar,"Pelletier et al. JAMA Network Open 2025 untreated infants: 2,535 RSV-associated hospitalizations among 215,301 untreated infants.","U.S. Census Bureau Population Estimates Program, Vintage 2023 Annual Resident Population Estimates by Single Year of Age and Sex, age under 1 year.",17.04566448149388,17.04566448149388,82.79015241873759
nssp,"RSV ED visit percentage of total ED visits, all ages",2023-2024,New York,uptake_100,Uptake 100%; otherwise reference,0.5615772142807377,0.6542340834118022,209673,Age under 1 year,2023,"U.S. Census Bureau Population Estimates Program, Vintage 2023 Annual Resident Population Estimates by Single Year of Age and Sex","https://api.census.gov/data/2023/pep/charv?get=NAME,POP,AGE_DESC,YEAR&for=state:*&YEAR=2023&AGE=0001&SEX=0",0.09265686913106452,0.011774214704994403,11.774214704994403,early_sep_mar,Early Sep-Mar,baseline_oct_mar,Baseline Oct-Mar,"Pelletier et al. JAMA Network Open 2025 untreated infants: 2,535 RSV-associated hospitalizations among 215,301 untreated infants.","U.S. Census Bureau Population Estimates Program, Vintage 2023 Annual Resident Population Estimates by Single Year of Age and Sex, age under 1 year.",228.74524838693094,228.74524838693094,109.0961871041722
nssp,"RSV ED visit percentage of total ED visits, all ages",2023-2024,North Carolina,uptake_100,Uptake 100%; otherwise reference,0.5486122694289981,0.6496326039498298,120602,Age under 1 year,2023,"U.S. Census Bureau Population Estimates Program, Vintage 2023 Annual Resident Population Estimates by Single Year of Age and Sex","https://api.census.gov/data/2023/pep/charv?get=NAME,POP,AGE_DESC,YEAR&for=state:*&YEAR=2023&AGE=0001&SEX=0",0.1010203345208317,0.011774214704994403,11.774214704994403,early_sep_mar,Early Sep-Mar,baseline_oct_mar,Baseline Oct-Mar,"Pelletier et al. JAMA Network Open 2025 untreated infants: 2,535 RSV-associated hospitalizations among 215,301 untreated infants.","U.S. Census Bureau Population Estimates Program, Vintage 2023 Annual Resident Population Estimates by Single Year of Age and Sex, age under 1 year.",143.44825292138324,143.44825292138324,118.94351082186304
nssp,"RSV ED visit percentage of total ED visits, all ages",2023-2024,North Dakota,uptake_100,Uptake 100%; otherwise reference,0.6414365984964279,0.692862087228039,9626,Age under 1 year,2023,"U.S. Census Bureau Population Estimates Program, Vintage 2023 Annual Resident Population Estimates by Single Year of Age and Sex","https://api.census.gov/data/2023/pep/charv?get=NAME,POP,AGE_DESC,YEAR&for=state:*&YEAR=2023&AGE=0001&SEX=0",0.051425488731611124,0.011774214704994403,11.774214704994403,early_sep_mar,Early Sep-Mar,baseline_oct_mar,Baseline Oct-Mar,"Pelletier et al. JAMA Network Open 2025 untreated infants: 2,535 RSV-associated hospitalizations among 215,301 untreated infants.","U.S. Census Bureau Population Estimates Program, Vintage 2023 Annual Resident Population Estimates by Single Year of Age and Sex, age under 1 year.",5.828492421485009,5.828492421485009,60.54947456352597
nssp,"RSV ED visit percentage of total ED visits, all ages",2023-2024,Ohio,uptake_100,Uptake 100%; otherwise reference,0.5892024759696998,0.6649821772421581,128059,Age under 1 year,2023,"U.S. Census Bureau Population Estimates Program, Vintage 2023 Annual Resident Population Estimates by Single Year of Age and Sex","https://api.census.gov/data/2023/pep/charv?get=NAME,POP,AGE_DESC,YEAR&for=state:*&YEAR=2023&AGE=0001&SEX=0",0.07577970127245837,0.011774214704994403,11.774214704994403,early_sep_mar,Early Sep-Mar,baseline_oct_mar,Baseline Oct-Mar,"Pelletier et al. JAMA Network Open 2025 untreated infants: 2,535 RSV-associated hospitalizations among 215,301 untreated infants.","U.S. Census Bureau Population Estimates Program, Vintage 2023 Annual Resident Population Estimates by Single Year of Age and Sex, age under 1 year.",114.26019109388025,114.26019109388025,89.22464730622625
nssp,"RSV ED visit percentage of total ED visits, all ages",2023-2024,Oklahoma,uptake_100,Uptake 100%; otherwise reference,0.5878732483149981,0.6665489157080245,47714,Age under 1 year,2023,"U.S. Census Bureau Population Estimates Program, Vintage 2023 Annual Resident Population Estimates by Single Year of Age and Sex","https://api.census.gov/data/2023/pep/charv?get=NAME,POP,AGE_DESC,YEAR&for=state:*&YEAR=2023&AGE=0001&SEX=0",0.07867566739302645,0.011774214704994403,11.774214704994403,early_sep_mar,Early Sep-Mar,baseline_oct_mar,Baseline Oct-Mar,"Pelletier et al. JAMA Network Open 2025 untreated infants: 2,535 RSV-associated hospitalizations among 215,301 untreated infants.","U.S. Census Bureau Population Estimates Program, Vintage 2023 Annual Resident Population Estimates by Single Year of Age and Sex, age under 1 year.",44.19958715613855,44.19958715613855,92.63441999442207
nssp,"RSV ED visit percentage of total ED visits, all ages",2023-2024,Oregon,uptake_100,Uptake 100%; otherwise reference,0.6102631382164833,0.6754491385196545,38904,Age under 1 year,2023,"U.S. Census Bureau Population Estimates Program, Vintage 2023 Annual Resident Population Estimates by Single Year of Age and Sex","https://api.census.gov/data/2023/pep/charv?get=NAME,POP,AGE_DESC,YEAR&for=state:*&YEAR=2023&AGE=0001&SEX=0",0.06518600030317123,0.011774214704994403,11.774214704994403,early_sep_mar,Early Sep-Mar,baseline_oct_mar,Baseline Oct-Mar,"Pelletier et al. JAMA Network Open 2025 untreated infants: 2,535 RSV-associated hospitalizations among 215,301 untreated infants.","U.S. Census Bureau Population Estimates Program, Vintage 2023 Annual Resident Population Estimates by Single Year of Age and Sex, age under 1 year.",29.859363229365744,29.859363229365744,76.75139633293684
nssp,"RSV ED visit percentage of total ED visits, all ages",2023-2024,Pennsylvania,uptake_100,Uptake 100%; otherwise reference,0.5749087875187735,0.6606112491194824,128878,Age under 1 year,2023,"U.S. Census Bureau Population Estimates Program, Vintage 2023 Annual Resident Population Estimates by Single Year of Age and Sex","https://api.census.gov/data/2023/pep/charv?get=NAME,POP,AGE_DESC,YEAR&for=state:*&YEAR=2023&AGE=0001&SEX=0",0.08570246160070893,0.011774214704994403,11.774214704994403,early_sep_mar,Early Sep-Mar,baseline_oct_mar,Baseline Oct-Mar,"Pelletier et al. JAMA Network Open 2025 untreated infants: 2,535 RSV-associated hospitalizations among 215,301 untreated infants.","U.S. Census Bureau Population Estimates Program, Vintage 2023 Annual Resident Population Estimates by Single Year of Age and Sex, age under 1 year.",130.04810702829056,130.04810702829056,100.90791836332853
nssp,"RSV ED visit percentage of total ED visits, all ages",2023-2024,Rhode Island,uptake_100,Uptake 100%; otherwise reference,0.5535380139625509,0.6495479242364979,10018,Age under 1 year,2023,"U.S. Census Bureau Population Estimates Program, Vintage 2023 Annual Resident Population Estimates by Single Year of Age and Sex","https://api.census.gov/data/2023/pep/charv?get=NAME,POP,AGE_DESC,YEAR&for=state:*&YEAR=2023&AGE=0001&SEX=0",0.09600991027394701,0.011774214704994403,11.774214704994403,early_sep_mar,Early Sep-Mar,baseline_oct_mar,Baseline Oct-Mar,"Pelletier et al. JAMA Network Open 2025 untreated infants: 2,535 RSV-associated hospitalizations among 215,301 untreated infants.","U.S. Census Bureau Population Estimates Program, Vintage 2023 Annual Resident Population Estimates by Single Year of Age and Sex, age under 1 year.",11.32476091707971,11.32476091707971,113.04412973727001
nssp,"RSV ED visit percentage of total ED visits, all ages",2023-2024,South Carolina,uptake_100,Uptake 100%; otherwise reference,0.4845940378995006,0.6194376088732676,57279,Age under 1 year,2023,"U.S. Census Bureau Population Estimates Program, Vintage 2023 Annual Resident Population Estimates by Single Year of Age and Sex","https://api.census.gov/data/2023/pep/charv?get=NAME,POP,AGE_DESC,YEAR&for=state:*&YEAR=2023&AGE=0001&SEX=0",0.13484357097376698,0.011774214704994403,11.774214704994403,early_sep_mar,Early Sep-Mar,baseline_oct_mar,Baseline Oct-Mar,"Pelletier et al. JAMA Network Open 2025 untreated infants: 2,535 RSV-associated hospitalizations among 215,301 untreated infants.","U.S. Census Bureau Population Estimates Program, Vintage 2023 Annual Resident Population Estimates by Single Year of Age and Sex, age under 1 year.",90.94055983188625,90.94055983188625,158.76771562332837
nssp,"RSV ED visit percentage of total ED visits, all ages",2023-2024,South Dakota,uptake_100,Uptake 100%; otherwise reference,0.6681329682576186,0.7035364028409022,11434,Age under 1 year,2023,"U.S. Census Bureau Population Estimates Program, Vintage 2023 Annual Resident Population Estimates by Single Year of Age and Sex","https://api.census.gov/data/2023/pep/charv?get=NAME,POP,AGE_DESC,YEAR&for=state:*&YEAR=2023&AGE=0001&SEX=0",0.035403434583283655,0.011774214704994403,11.774214704994403,early_sep_mar,Early Sep-Mar,baseline_oct_mar,Baseline Oct-Mar,"Pelletier et al. JAMA Network Open 2025 untreated infants: 2,535 RSV-associated hospitalizations among 215,301 untreated infants.","U.S. Census Bureau Population Estimates Program, Vintage 2023 Annual Resident Population Estimates by Single Year of Age and Sex, age under 1 year.",4.766235916649632,4.766235916649632,41.684764007780586
nssp,"RSV ED visit percentage of total ED visits, all ages",2023-2024,Tennessee,uptake_100,Uptake 100%; otherwise reference,0.4986695874305241,0.6236476277850587,81959,Age under 1 year,2023,"U.S. Census Bureau Population Estimates Program, Vintage 2023 Annual Resident Population Estimates by Single Year of Age and Sex","https://api.census.gov/data/2023/pep/charv?get=NAME,POP,AGE_DESC,YEAR&for=state:*&YEAR=2023&AGE=0001&SEX=0",0.12497804035453458,0.011774214704994403,11.774214704994403,early_sep_mar,Early Sep-Mar,baseline_oct_mar,Baseline Oct-Mar,"Pelletier et al. JAMA Network Open 2025 untreated infants: 2,535 RSV-associated hospitalizations among 215,301 untreated infants.","U.S. Census Bureau Population Estimates Program, Vintage 2023 Annual Resident Population Estimates by Single Year of Age and Sex, age under 1 year.",120.60416675508479,120.60416675508479,147.1518280543745
nssp,"RSV ED visit percentage of total ED visits, all ages",2023-2024,Texas,uptake_100,Uptake 100%; otherwise reference,0.48864088520793897,0.6165114957215372,389814,Age under 1 year,2023,"U.S. Census Bureau Population Estimates Program, Vintage 2023 Annual Resident Population Estimates by Single Year of Age and Sex","https://api.census.gov/data/2023/pep/charv?get=NAME,POP,AGE_DESC,YEAR&for=state:*&YEAR=2023&AGE=0001&SEX=0",0.12787061051359822,0.011774214704994403,11.774214704994403,early_sep_mar,Early Sep-Mar,baseline_oct_mar,Baseline Oct-Mar,"Pelletier et al. JAMA Network Open 2025 untreated infants: 2,535 RSV-associated hospitalizations among 215,301 untreated infants.","U.S. Census Bureau Population Estimates Program, Vintage 2023 Annual Resident Population Estimates by Single Year of Age and Sex, age under 1 year.",586.8946116916577,586.8946116916577,150.55760226458202
nssp,"RSV ED visit percentage of total ED visits, all ages",2023-2024,Utah,uptake_100,Uptake 100%; otherwise reference,0.6362889778675898,0.6947822865056228,45759,Age under 1 year,2023,"U.S. Census Bureau Population Estimates Program, Vintage 2023 Annual Resident Population Estimates by Single Year of Age and Sex","https://api.census.gov/data/2023/pep/charv?get=NAME,POP,AGE_DESC,YEAR&for=state:*&YEAR=2023&AGE=0001&SEX=0",0.05849330863803304,0.011774214704994403,11.774214704994403,early_sep_mar,Early Sep-Mar,baseline_oct_mar,Baseline Oct-Mar,"Pelletier et al. JAMA Network Open 2025 untreated infants: 2,535 RSV-associated hospitalizations among 215,301 untreated infants.","U.S. Census Bureau Population Estimates Program, Vintage 2023 Annual Resident Population Estimates by Single Year of Age and Sex, age under 1 year.",31.514807857941374,31.514807857941374,68.87127747097048
nssp,"RSV ED visit percentage of total ED visits, all ages",2023-2024,Vermont,uptake_100,Uptake 100%; otherwise reference,0.6319358425131245,0.6910409431796842,5112,Age under 1 year,2023,"U.S. Census Bureau Population Estimates Program, Vintage 2023 Annual Resident Population Estimates by Single Year of Age and Sex","https://api.census.gov/data/2023/pep/charv?get=NAME,POP,AGE_DESC,YEAR&for=state:*&YEAR=2023&AGE=0001&SEX=0",0.05910510066655972,0.011774214704994403,11.774214704994403,early_sep_mar,Early Sep-Mar,baseline_oct_mar,Baseline Oct-Mar,"Pelletier et al. JAMA Network Open 2025 untreated infants: 2,535 RSV-associated hospitalizations among 215,301 untreated infants.","U.S. Census Bureau Population Estimates Program, Vintage 2023 Annual Resident Population Estimates by Single Year of Age and Sex, age under 1 year.",3.5575233353276485,3.5575233353276485,69.5916145408382
nssp,"RSV ED visit percentage of total ED visits, all ages",2023-2024,Virginia,uptake_100,Uptake 100%; otherwise reference,0.5023559921649364,0.6275484992303847,95290,Age under 1 year,2023,"U.S. Census Bureau Population Estimates Program, Vintage 2023 Annual Resident Population Estimates by Single Year of Age and Sex","https://api.census.gov/data/2023/pep/charv?get=NAME,POP,AGE_DESC,YEAR&for=state:*&YEAR=2023&AGE=0001&SEX=0",0.12519250706544827,0.011774214704994403,11.774214704994403,early_sep_mar,Early Sep-Mar,baseline_oct_mar,Baseline Oct-Mar,"Pelletier et al. JAMA Network Open 2025 untreated infants: 2,535 RSV-associated hospitalizations among 215,301 untreated infants.","U.S. Census Bureau Population Estimates Program, Vintage 2023 Annual Resident Population Estimates by Single Year of Age and Sex, age under 1 year.",140.46160107900317,140.46160107900317,147.40434576451167
nssp,"RSV ED visit percentage of total ED visits, all ages",2023-2024,Washington,uptake_100,Uptake 100%; otherwise reference,0.6019991645351849,0.6732729288384183,82456,Age under 1 year,2023,"U.S. Census Bureau Population Estimates Program, Vintage 2023 Annual Resident Population Estimates by Single Year of Age and Sex","https://api.census.gov/data/2023/pep/charv?get=NAME,POP,AGE_DESC,YEAR&for=state:*&YEAR=2023&AGE=0001&SEX=0",0.0712737643032334,0.011774214704994403,11.774214704994403,early_sep_mar,Early Sep-Mar,baseline_oct_mar,Baseline Oct-Mar,"Pelletier et al. JAMA Network Open 2025 untreated infants: 2,535 RSV-associated hospitalizations among 215,301 untreated infants.","U.S. Census Bureau Population Estimates Program, Vintage 2023 Annual Resident Population Estimates by Single Year of Age and Sex, age under 1 year.",69.19646533393892,69.19646533393892,83.91926037394359
nssp,"RSV ED visit percentage of total ED visits, all ages",2023-2024,West Virginia,uptake_100,Uptake 100%; otherwise reference,0.600315835189434,0.670130894459769,17135,Age under 1 year,2023,"U.S. Census Bureau Population Estimates Program, Vintage 2023 Annual Resident Population Estimates by Single Year of Age and Sex","https://api.census.gov/data/2023/pep/charv?get=NAME,POP,AGE_DESC,YEAR&for=state:*&YEAR=2023&AGE=0001&SEX=0",0.06981505927033504,0.011774214704994403,11.774214704994403,early_sep_mar,Early Sep-Mar,baseline_oct_mar,Baseline Oct-Mar,"Pelletier et al. JAMA Network Open 2025 untreated infants: 2,535 RSV-associated hospitalizations among 215,301 untreated infants.","U.S. Census Bureau Population Estimates Program, Vintage 2023 Annual Resident Population Estimates by Single Year of Age and Sex, age under 1 year.",14.085269819505454,14.085269819505454,82.20174974908348
nssp,"RSV ED visit percentage of total ED visits, all ages",2023-2024,Wisconsin,uptake_100,Uptake 100%; otherwise reference,0.6227371720386592,0.6836819676963808,59547,Age under 1 year,2023,"U.S. Census Bureau Population Estimates Program, Vintage 2023 Annual Resident Population Estimates by Single Year of Age and Sex","https://api.census.gov/data/2023/pep/charv?get=NAME,POP,AGE_DESC,YEAR&for=state:*&YEAR=2023&AGE=0001&SEX=0",0.060944795657721595,0.011774214704994403,11.774214704994403,early_sep_mar,Early Sep-Mar,baseline_oct_mar,Baseline Oct-Mar,"Pelletier et al. JAMA Network Open 2025 untreated infants: 2,535 RSV-associated hospitalizations among 215,301 untreated infants.","U.S. Census Bureau Population Estimates Program, Vintage 2023 Annual Resident Population Estimates by Single Year of Age and Sex, age under 1 year.",42.72956412308209,42.72956412308209,71.75771092260247
nssp,"RSV ED visit percentage of total ED visits, all ages",2023-2024,Wyoming,uptake_100,Uptake 100%; otherwise reference,0.6475170305845654,0.6896664074913401,5847,Age under 1 year,2023,"U.S. Census Bureau Population Estimates Program, Vintage 2023 Annual Resident Population Estimates by Single Year of Age and Sex","https://api.census.gov/data/2023/pep/charv?get=NAME,POP,AGE_DESC,YEAR&for=state:*&YEAR=2023&AGE=0001&SEX=0",0.04214937690677467,0.011774214704994403,11.774214704994403,early_sep_mar,Early Sep-Mar,baseline_oct_mar,Baseline Oct-Mar,"Pelletier et al. JAMA Network Open 2025 untreated infants: 2,535 RSV-associated hospitalizations among 215,301 untreated infants.","U.S. Census Bureau Population Estimates Program, Vintage 2023 Annual Resident Population Estimates by Single Year of Age and Sex, age under 1 year.",2.901724680845126,2.901724680845126,49.62758133820979
nssp,"RSV ED visit percentage of total ED visits, all ages",2024-2025,Alabama,uptake_100,Uptake 100%; otherwise reference,0.5604457494753251,0.6435333079400257,57885,Age under 1 year,2023,"U.S. Census Bureau Population Estimates Program, Vintage 2023 Annual Resident Population Estimates by Single Year of Age and Sex","https://api.census.gov/data/2023/pep/charv?get=NAME,POP,AGE_DESC,YEAR&for=state:*&YEAR=2023&AGE=0001&SEX=0",0.08308755846470062,0.011774214704994403,11.774214704994403,early_sep_mar,Early Sep-Mar,baseline_oct_mar,Baseline Oct-Mar,"Pelletier et al. JAMA Network Open 2025 untreated infants: 2,535 RSV-associated hospitalizations among 215,301 untreated infants.","U.S. Census Bureau Population Estimates Program, Vintage 2023 Annual Resident Population Estimates by Single Year of Age and Sex, age under 1 year.",56.62836021871742,56.62836021871742,97.82907526771602
nssp,"RSV ED visit percentage of total ED visits, all ages",2024-2025,Alaska,uptake_100,Uptake 100%; otherwise reference,0.6142731493197894,0.6762546502299193,9224,Age under 1 year,2023,"U.S. Census Bureau Population Estimates Program, Vintage 2023 Annual Resident Population Estimates by Single Year of Age and Sex","https://api.census.gov/data/2023/pep/charv?get=NAME,POP,AGE_DESC,YEAR&for=state:*&YEAR=2023&AGE=0001&SEX=0",0.06198150091012988,0.011774214704994403,11.774214704994403,early_sep_mar,Early Sep-Mar,baseline_oct_mar,Baseline Oct-Mar,"Pelletier et al. JAMA Network Open 2025 untreated infants: 2,535 RSV-associated hospitalizations among 215,301 untreated infants.","U.S. Census Bureau Population Estimates Program, Vintage 2023 Annual Resident Population Estimates by Single Year of Age and Sex, age under 1 year.",6.7315229989607,6.7315229989607,72.97834994536753
nssp,"RSV ED visit percentage of total ED visits, all ages",2024-2025,Arizona,uptake_100,Uptake 100%; otherwise reference,0.6612744909213757,0.710267577500549,78075,Age under 1 year,2023,"U.S. Census Bureau Population Estimates Program, Vintage 2023 Annual Resident Population Estimates by Single Year of Age and Sex","https://api.census.gov/data/2023/pep/charv?get=NAME,POP,AGE_DESC,YEAR&for=state:*&YEAR=2023&AGE=0001&SEX=0",0.04899308657917334,0.011774214704994403,11.774214704994403,early_sep_mar,Early Sep-Mar,baseline_oct_mar,Baseline Oct-Mar,"Pelletier et al. JAMA Network Open 2025 untreated infants: 2,535 RSV-associated hospitalizations among 215,301 untreated infants.","U.S. Census Bureau Population Estimates Program, Vintage 2023 Annual Resident Population Estimates by Single Year of Age and Sex, age under 1 year.",45.037963528631465,45.037963528631465,57.68551204435667
nssp,"RSV ED visit percentage of total ED visits, all ages",2024-2025,Arkansas,uptake_100,Uptake 100%; otherwise reference,0.6082427800180252,0.6706751834556738,35297,Age under 1 year,2023,"U.S. Census Bureau Population Estimates Program, Vintage 2023 Annual Resident Population Estimates by Single Year of Age and Sex","https://api.census.gov/data/2023/pep/charv?get=NAME,POP,AGE_DESC,YEAR&for=state:*&YEAR=2023&AGE=0001&SEX=0",0.062432403437648554,0.011774214704994403,11.774214704994403,early_sep_mar,Early Sep-Mar,baseline_oct_mar,Baseline Oct-Mar,"Pelletier et al. JAMA Network Open 2025 untreated infants: 2,535 RSV-associated hospitalizations among 215,301 untreated infants.","U.S. Census Bureau Population Estimates Program, Vintage 2023 Annual Resident Population Estimates by Single Year of Age and Sex, age under 1 year.",25.946560771048905,25.946560771048905,73.50925226237048
nssp,"RSV ED visit percentage of total ED visits, all ages",2024-2025,California,uptake_100,Uptake 100%; otherwise reference,0.6346756358348881,0.6889777882423208,415125,Age under 1 year,2023,"U.S. Census Bureau Population Estimates Program, Vintage 2023 Annual Resident Population Estimates by Single Year of Age and Sex","https://api.census.gov/data/2023/pep/charv?get=NAME,POP,AGE_DESC,YEAR&for=state:*&YEAR=2023&AGE=0001&SEX=0",0.05430215240743275,0.011774214704994403,11.774214704994403,early_sep_mar,Early Sep-Mar,baseline_oct_mar,Baseline Oct-Mar,"Pelletier et al. JAMA Network Open 2025 untreated infants: 2,535 RSV-associated hospitalizations among 215,301 untreated infants.","U.S. Census Bureau Population Estimates Program, Vintage 2023 Annual Resident Population Estimates by Single Year of Age and Sex, age under 1 year.",265.4164792263769,265.4164792263769,63.93652013884419
nssp,"RSV ED visit percentage of total ED visits, all ages",2024-2025,Colorado,uptake_100,Uptake 100%; otherwise reference,0.6688617223040874,0.7087410938468649,62168,Age under 1 year,2023,"U.S. Census Bureau Population Estimates Program, Vintage 2023 Annual Resident Population Estimates by Single Year of Age and Sex","https://api.census.gov/data/2023/pep/charv?get=NAME,POP,AGE_DESC,YEAR&for=state:*&YEAR=2023&AGE=0001&SEX=0",0.03987937154277754,0.011774214704994403,11.774214704994403,early_sep_mar,Early Sep-Mar,baseline_oct_mar,Baseline Oct-Mar,"Pelletier et al. JAMA Network Open 2025 untreated infants: 2,535 RSV-associated hospitalizations among 215,301 untreated infants.","U.S. Census Bureau Population Estimates Program, Vintage 2023 Annual Resident Population Estimates by Single Year of Age and Sex, age under 1 year.",29.190877647902155,29.190877647902155,46.95482828449067
nssp,"RSV ED visit percentage of total ED visits, all ages",2024-2025,Connecticut,uptake_100,Uptake 100%; otherwise reference,0.6000891811177507,0.6670789091278916,34935,Age under 1 year,2023,"U.S. Census Bureau Population Estimates Program, Vintage 2023 Annual Resident Population Estimates by Single Year of Age and Sex","https://api.census.gov/data/2023/pep/charv?get=NAME,POP,AGE_DESC,YEAR&for=state:*&YEAR=2023&AGE=0001&SEX=0",0.06698972801014091,0.011774214704994403,11.774214704994403,early_sep_mar,Early Sep-Mar,baseline_oct_mar,Baseline Oct-Mar,"Pelletier et al. JAMA Network Open 2025 untreated infants: 2,535 RSV-associated hospitalizations among 215,301 untreated infants.","U.S. Census Bureau Population Estimates Program, Vintage 2023 Annual Resident Population Estimates by Single Year of Age and Sex, age under 1 year.",27.55503157807984,27.55503157807984,78.87514406205767
nssp,"RSV ED visit percentage of total ED visits, all ages",2024-2025,Delaware,uptake_100,Uptake 100%; otherwise reference,0.5919464951019988,0.661083815348005,10745,Age under 1 year,2023,"U.S. Census Bureau Population Estimates Program, Vintage 2023 Annual Resident Population Estimates by Single Year of Age and Sex","https://api.census.gov/data/2023/pep/charv?get=NAME,POP,AGE_DESC,YEAR&for=state:*&YEAR=2023&AGE=0001&SEX=0",0.06913732024600616,0.011774214704994403,11.774214704994403,early_sep_mar,Early Sep-Mar,baseline_oct_mar,Baseline Oct-Mar,"Pelletier et al. JAMA Network Open 2025 untreated infants: 2,535 RSV-associated hospitalizations among 215,301 untreated infants.","U.S. Census Bureau Population Estimates Program, Vintage 2023 Annual Resident Population Estimates by Single Year of Age and Sex, age under 1 year.",8.746834578309134,8.746834578309134,81.4037652704433
nssp,"RSV ED visit percentage of total ED visits, all ages",2024-2025,District of Columbia,uptake_100,Uptake 100%; otherwise reference,0.5873176949194805,0.6607336831314101,7791,Age under 1 year,2023,"U.S. Census Bureau Population Estimates Program, Vintage 2023 Annual Resident Population Estimates by Single Year of Age and Sex","https://api.census.gov/data/2023/pep/charv?get=NAME,POP,AGE_DESC,YEAR&for=state:*&YEAR=2023&AGE=0001&SEX=0",0.07341598821192963,0.011774214704994403,11.774214704994403,early_sep_mar,Early Sep-Mar,baseline_oct_mar,Baseline Oct-Mar,"Pelletier et al. JAMA Network Open 2025 untreated infants: 2,535 RSV-associated hospitalizations among 215,301 untreated infants.","U.S. Census Bureau Population Estimates Program, Vintage 2023 Annual Resident Population Estimates by Single Year of Age and Sex, age under 1 year.",6.734662001823581,6.734662001823581,86.44156079865976
nssp,"RSV ED visit percentage of total ED visits, all ages",2024-2025,Florida,uptake_100,Uptake 100%; otherwise reference,0.5257146506958681,0.6205396438323192,224670,Age under 1 year,2023,"U.S. Census Bureau Population Estimates Program, Vintage 2023 Annual Resident Population Estimates by Single Year of Age and Sex","https://api.census.gov/data/2023/pep/charv?get=NAME,POP,AGE_DESC,YEAR&for=state:*&YEAR=2023&AGE=0001&SEX=0",0.0948249931364511,0.011774214704994403,11.774214704994403,early_sep_mar,Early Sep-Mar,baseline_oct_mar,Baseline Oct-Mar,"Pelletier et al. JAMA Network Open 2025 untreated infants: 2,535 RSV-associated hospitalizations among 215,301 untreated infants.","U.S. Census Bureau Population Estimates Program, Vintage 2023 Annual Resident Population Estimates by Single Year of Age and Sex, age under 1 year.",250.84176978890994,250.84176978890994,111.6489828588196
nssp,"RSV ED visit percentage of total ED visits, all ages",2024-2025,Georgia,uptake_100,Uptake 100%; otherwise reference,0.5491830140568298,0.6450326228506694,125156,Age under 1 year,2023,"U.S. Census Bureau Population Estimates Program, Vintage 2023 Annual Resident Population Estimates by Single Year of Age and Sex","https://api.census.gov/data/2023/pep/charv?get=NAME,POP,AGE_DESC,YEAR&for=state:*&YEAR=2023&AGE=0001&SEX=0",0.09584960879383964,0.011774214704994403,11.774214704994403,early_sep_mar,Early Sep-Mar,baseline_oct_mar,Baseline Oct-Mar,"Pelletier et al. JAMA Network Open 2025 untreated infants: 2,535 RSV-associated hospitalizations among 215,301 untreated infants.","U.S. Census Bureau Population Estimates Program, Vintage 2023 Annual Resident Population Estimates by Single Year of Age and Sex, age under 1 year.",141.24528857028767,141.24528857028767,112.85538733283876
nssp,"RSV ED visit percentage of total ED visits, all ages",2024-2025,Hawaii,uptake_100,Uptake 100%; otherwise reference,0.5662117680518342,0.6431899371921286,15147,Age under 1 year,2023,"U.S. Census Bureau Population Estimates Program, Vintage 2023 Annual Resident Population Estimates by Single Year of Age and Sex","https://api.census.gov/data/2023/pep/charv?get=NAME,POP,AGE_DESC,YEAR&for=state:*&YEAR=2023&AGE=0001&SEX=0",0.07697816914029443,0.011774214704994403,11.774214704994403,early_sep_mar,Early Sep-Mar,baseline_oct_mar,Baseline Oct-Mar,"Pelletier et al. JAMA Network Open 2025 untreated infants: 2,535 RSV-associated hospitalizations among 215,301 untreated infants.","U.S. Census Bureau Population Estimates Program, Vintage 2023 Annual Resident Population Estimates by Single Year of Age and Sex, age under 1 year.",13.72859691701313,13.72859691701313,90.6357491055201
nssp,"RSV ED visit percentage of total ED visits, all ages",2024-2025,Idaho,uptake_100,Uptake 100%; otherwise reference,0.6659075857212408,0.7122480187985711,22331,Age under 1 year,2023,"U.S. Census Bureau Population Estimates Program, Vintage 2023 Annual Resident Population Estimates by Single Year of Age and Sex","https://api.census.gov/data/2023/pep/charv?get=NAME,POP,AGE_DESC,YEAR&for=state:*&YEAR=2023&AGE=0001&SEX=0",0.04634043307733038,0.011774214704994403,11.774214704994403,early_sep_mar,Early Sep-Mar,baseline_oct_mar,Baseline Oct-Mar,"Pelletier et al. JAMA Network Open 2025 untreated infants: 2,535 RSV-associated hospitalizations among 215,301 untreated infants.","U.S. Census Bureau Population Estimates Program, Vintage 2023 Annual Resident Population Estimates by Single Year of Age and Sex, age under 1 year.",12.184289539686368,12.184289539686368,54.56222085749124
nssp,"RSV ED visit percentage of total ED visits, all ages",2024-2025,Illinois,uptake_100,Uptake 100%; otherwise reference,0.6172385641855835,0.6768524938806055,126792,Age under 1 year,2023,"U.S. Census Bureau Population Estimates Program, Vintage 2023 Annual Resident Population Estimates by Single Year of Age and Sex","https://api.census.gov/data/2023/pep/charv?get=NAME,POP,AGE_DESC,YEAR&for=state:*&YEAR=2023&AGE=0001&SEX=0",0.059613929695021994,0.011774214704994403,11.774214704994403,early_sep_mar,Early Sep-Mar,baseline_oct_mar,Baseline Oct-Mar,"Pelletier et al. JAMA Network Open 2025 untreated infants: 2,535 RSV-associated hospitalizations among 215,301 untreated infants.","U.S. Census Bureau Population Estimates Program, Vintage 2023 Annual Resident Population Estimates by Single Year of Age and Sex, age under 1 year.",88.99621867079046,88.99621867079046,70.19072076376305
nssp,"RSV ED visit percentage of total ED visits, all ages",2024-2025,Indiana,uptake_100,Uptake 100%; otherwise reference,0.6364207511018968,0.6890104569104164,79101,Age under 1 year,2023,"U.S. Census Bureau Population Estimates Program, Vintage 2023 Annual Resident Population Estimates by Single Year of Age and Sex","https://api.census.gov/data/2023/pep/charv?get=NAME,POP,AGE_DESC,YEAR&for=state:*&YEAR=2023&AGE=0001&SEX=0",0.05258970580851963,0.011774214704994403,11.774214704994403,early_sep_mar,Early Sep-Mar,baseline_oct_mar,Baseline Oct-Mar,"Pelletier et al. JAMA Network Open 2025 untreated infants: 2,535 RSV-associated hospitalizations among 215,301 untreated infants.","U.S. Census Bureau Population Estimates Program, Vintage 2023 Annual Resident Population Estimates by Single Year of Age and Sex, age under 1 year.",48.979535960731766,48.979535960731766,61.92024874620014
nssp,"RSV ED visit percentage of total ED visits, all ages",2024-2025,Iowa,uptake_100,Uptake 100%; otherwise reference,0.6629311351153214,0.7051348090339825,36766,Age under 1 year,2023,"U.S. Census Bureau Population Estimates Program, Vintage 2023 Annual Resident Population Estimates by Single Year of Age and Sex","https://api.census.gov/data/2023/pep/charv?get=NAME,POP,AGE_DESC,YEAR&for=state:*&YEAR=2023&AGE=0001&SEX=0",0.04220367391866109,0.011774214704994403,11.774214704994403,early_sep_mar,Early Sep-Mar,baseline_oct_mar,Baseline Oct-Mar,"Pelletier et al. JAMA Network Open 2025 untreated infants: 2,535 RSV-associated hospitalizations among 215,301 untreated infants.","U.S. Census Bureau Population Estimates Program, Vintage 2023 Annual Resident Population Estimates by Single Year of Age and Sex, age under 1 year.",18.269581230516316,18.269581230516316,49.69151180578882
nssp,"RSV ED visit percentage of total ED visits, all ages",2024-2025,Kansas,uptake_100,Uptake 100%; otherwise reference,0.6518529981627688,0.6996577438467083,34590,Age under 1 year,2023,"U.S. Census Bureau Population Estimates Program, Vintage 2023 Annual Resident Population Estimates by Single Year of Age and Sex","https://api.census.gov/data/2023/pep/charv?get=NAME,POP,AGE_DESC,YEAR&for=state:*&YEAR=2023&AGE=0001&SEX=0",0.047804745683939553,0.011774214704994403,11.774214704994403,early_sep_mar,Early Sep-Mar,baseline_oct_mar,Baseline Oct-Mar,"Pelletier et al. JAMA Network Open 2025 untreated infants: 2,535 RSV-associated hospitalizations among 215,301 untreated infants.","U.S. Census Bureau Population Estimates Program, Vintage 2023 Annual Resident Population Estimates by Single Year of Age and Sex, age under 1 year.",19.469442916776412,19.469442916776412,56.28633396003588
nssp,"RSV ED visit percentage of total ED visits, all ages",2024-2025,Kentucky,uptake_100,Uptake 100%; otherwise reference,0.6104421714717085,0.6636180334935818,52111,Age under 1 year,2023,"U.S. Census Bureau Population Estimates Program, Vintage 2023 Annual Resident Population Estimates by Single Year of Age and Sex","https://api.census.gov/data/2023/pep/charv?get=NAME,POP,AGE_DESC,YEAR&for=state:*&YEAR=2023&AGE=0001&SEX=0",0.0531758620218733,0.011774214704994403,11.774214704994403,early_sep_mar,Early Sep-Mar,baseline_oct_mar,Baseline Oct-Mar,"Pelletier et al. JAMA Network Open 2025 untreated infants: 2,535 RSV-associated hospitalizations among 215,301 untreated infants.","U.S. Census Bureau Population Estimates Program, Vintage 2023 Annual Resident Population Estimates by Single Year of Age and Sex, age under 1 year.",32.62690640741121,32.62690640741121,62.610401656869406
nssp,"RSV ED visit percentage of total ED visits, all ages",2024-2025,Louisiana,uptake_100,Uptake 100%; otherwise reference,0.5803724233294638,0.6581047026605541,55838,Age under 1 year,2023,"U.S. Census Bureau Population Estimates Program, Vintage 2023 Annual Resident Population Estimates by Single Year of Age and Sex","https://api.census.gov/data/2023/pep/charv?get=NAME,POP,AGE_DESC,YEAR&for=state:*&YEAR=2023&AGE=0001&SEX=0",0.07773227933109028,0.011774214704994403,11.774214704994403,early_sep_mar,Early Sep-Mar,baseline_oct_mar,Baseline Oct-Mar,"Pelletier et al. JAMA Network Open 2025 untreated infants: 2,535 RSV-associated hospitalizations among 215,301 untreated infants.","U.S. Census Bureau Population Estimates Program, Vintage 2023 Annual Resident Population Estimates by Single Year of Age and Sex, age under 1 year.",51.10497827525075,51.10497827525075,91.52365463528558
nssp,"RSV ED visit percentage of total ED visits, all ages",2024-2025,Maine,uptake_100,Uptake 100%; otherwise reference,0.6704683253937669,0.7043154045604835,11892,Age under 1 year,2023,"U.S. Census Bureau Population Estimates Program, Vintage 2023 Annual Resident Population Estimates by Single Year of Age and Sex","https://api.census.gov/data/2023/pep/charv?get=NAME,POP,AGE_DESC,YEAR&for=state:*&YEAR=2023&AGE=0001&SEX=0",0.03384707916671659,0.011774214704994403,11.774214704994403,early_sep_mar,Early Sep-Mar,baseline_oct_mar,Baseline Oct-Mar,"Pelletier et al. JAMA Network Open 2025 untreated infants: 2,535 RSV-associated hospitalizations among 215,301 untreated infants.","U.S. Census Bureau Population Estimates Program, Vintage 2023 Annual Resident Population Estimates by Single Year of Age and Sex, age under 1 year.",4.739232867007816,4.739232867007816,39.852277724586415
nssp,"RSV ED visit percentage of total ED visits, all ages",2024-2025,Maryland,uptake_100,Uptake 100%; otherwise reference,0.5774457448662134,0.6561636691180319,68060,Age under 1 year,2023,"U.S. Census Bureau Population Estimates Program, Vintage 2023 Annual Resident Population Estimates by Single Year of Age and Sex","https://api.census.gov/data/2023/pep/charv?get=NAME,POP,AGE_DESC,YEAR&for=state:*&YEAR=2023&AGE=0001&SEX=0",0.07871792425181856,0.011774214704994403,11.774214704994403,early_sep_mar,Early Sep-Mar,baseline_oct_mar,Baseline Oct-Mar,"Pelletier et al. JAMA Network Open 2025 untreated infants: 2,535 RSV-associated hospitalizations among 215,301 untreated infants.","U.S. Census Bureau Population Estimates Program, Vintage 2023 Annual Resident Population Estimates by Single Year of Age and Sex, age under 1 year.",63.08084891099938,63.08084891099938,92.68417412723977
nssp,"RSV ED visit percentage of total ED visits, all ages",2024-2025,Massachusetts,uptake_100,Uptake 100%; otherwise reference,0.6070767997662087,0.6718410248157098,69103,Age under 1 year,2023,"U.S. Census Bureau Population Estimates Program, Vintage 2023 Annual Resident Population Estimates by Single Year of Age and Sex","https://api.census.gov/data/2023/pep/charv?get=NAME,POP,AGE_DESC,YEAR&for=state:*&YEAR=2023&AGE=0001&SEX=0",0.06476422504950119,0.011774214704994403,11.774214704994403,early_sep_mar,Early Sep-Mar,baseline_oct_mar,Baseline Oct-Mar,"Pelletier et al. JAMA Network Open 2025 untreated infants: 2,535 RSV-associated hospitalizations among 215,301 untreated infants.","U.S. Census Bureau Population Estimates Program, Vintage 2023 Annual Resident Population Estimates by Single Year of Age and Sex, age under 1 year.",52.6943469073092,52.6943469073092,76.25478909354038
nssp,"RSV ED visit percentage of total ED visits, all ages",2024-2025,Michigan,uptake_100,Uptake 100%; otherwise reference,0.6364110668585591,0.6886352446862378,101385,Age under 1 year,2023,"U.S. Census Bureau Population Estimates Program, Vintage 2023 Annual Resident Population Estimates by Single Year of Age and Sex","https://api.census.gov/data/2023/pep/charv?get=NAME,POP,AGE_DESC,YEAR&for=state:*&YEAR=2023&AGE=0001&SEX=0",0.05222417782767874,0.011774214704994403,11.774214704994403,early_sep_mar,Early Sep-Mar,baseline_oct_mar,Baseline Oct-Mar,"Pelletier et al. JAMA Network Open 2025 untreated infants: 2,535 RSV-associated hospitalizations among 215,301 untreated infants.","U.S. Census Bureau Population Estimates Program, Vintage 2023 Annual Resident Population Estimates by Single Year of Age and Sex, age under 1 year.",62.3415029288006,62.3415029288006,61.489868253489774
nssp,"RSV ED visit percentage of total ED visits, all ages",2024-2025,Minnesota,uptake_100,Uptake 100%; otherwise reference,0.6676109619654915,0.7110789837397643,63637,Age under 1 year,2023,"U.S. Census Bureau Population Estimates Program, Vintage 2023 Annual Resident Population Estimates by Single Year of Age and Sex","https://api.census.gov/data/2023/pep/charv?get=NAME,POP,AGE_DESC,YEAR&for=state:*&YEAR=2023&AGE=0001&SEX=0",0.04346802177427278,0.011774214704994403,11.774214704994403,early_sep_mar,Early Sep-Mar,baseline_oct_mar,Baseline Oct-Mar,"Pelletier et al. JAMA Network Open 2025 untreated infants: 2,535 RSV-associated hospitalizations among 215,301 untreated infants.","U.S. Census Bureau Population Estimates Program, Vintage 2023 Annual Resident Population Estimates by Single Year of Age and Sex, age under 1 year.",32.569532493900894,32.569532493900894,51.18018211716595
nssp,"RSV ED visit percentage of total ED visits, all ages",2024-2025,Mississippi,uptake_100,Uptake 100%; otherwise reference,0.5461074800435721,0.640754708267246,34372,Age under 1 year,2023,"U.S. Census Bureau Population Estimates Program, Vintage 2023 Annual Resident Population Estimates by Single Year of Age and Sex","https://api.census.gov/data/2023/pep/charv?get=NAME,POP,AGE_DESC,YEAR&for=state:*&YEAR=2023&AGE=0001&SEX=0",0.09464722822367388,0.011774214704994403,11.774214704994403,early_sep_mar,Early Sep-Mar,baseline_oct_mar,Baseline Oct-Mar,"Pelletier et al. JAMA Network Open 2025 untreated infants: 2,535 RSV-associated hospitalizations among 215,301 untreated infants.","U.S. Census Bureau Population Estimates Program, Vintage 2023 Annual Resident Population Estimates by Single Year of Age and Sex, age under 1 year.",38.30404634001463,38.30404634001463,111.43967863381424
nssp,"RSV ED visit percentage of total ED visits, all ages",2024-2025,Montana,uptake_100,Uptake 100%; otherwise reference,0.7034345223896444,0.7240308089951476,11266,Age under 1 year,2023,"U.S. Census Bureau Population Estimates Program, Vintage 2023 Annual Resident Population Estimates by Single Year of Age and Sex","https://api.census.gov/data/2023/pep/charv?get=NAME,POP,AGE_DESC,YEAR&for=state:*&YEAR=2023&AGE=0001&SEX=0",0.020596286605503167,0.011774214704994403,11.774214704994403,early_sep_mar,Early Sep-Mar,baseline_oct_mar,Baseline Oct-Mar,"Pelletier et al. JAMA Network Open 2025 untreated infants: 2,535 RSV-associated hospitalizations among 215,301 untreated infants.","U.S. Census Bureau Population Estimates Program, Vintage 2023 Annual Resident Population Estimates by Single Year of Age and Sex, age under 1 year.",2.7320624635713404,2.7320624635713404,24.250510061879467
nssp,"RSV ED visit percentage of total ED visits, all ages",2024-2025,Nebraska,uptake_100,Uptake 100%; otherwise reference,0.6769990444708228,0.7106437915896456,24144,Age under 1 year,2023,"U.S. Census Bureau Population Estimates Program, Vintage 2023 Annual Resident Population Estimates by Single Year of Age and Sex","https://api.census.gov/data/2023/pep/charv?get=NAME,POP,AGE_DESC,YEAR&for=state:*&YEAR=2023&AGE=0001&SEX=0",0.033644747118822815,0.011774214704994403,11.774214704994403,early_sep_mar,Early Sep-Mar,baseline_oct_mar,Baseline Oct-Mar,"Pelletier et al. JAMA Network Open 2025 untreated infants: 2,535 RSV-associated hospitalizations among 215,301 untreated infants.","U.S. Census Bureau Population Estimates Program, Vintage 2023 Annual Resident Population Estimates by Single Year of Age and Sex, age under 1 year.",9.564415659117486,9.564415659117486,39.61404762722617
nssp,"RSV ED visit percentage of total ED visits, all ages",2024-2025,Nevada,uptake_100,Uptake 100%; otherwise reference,0.6395606112491898,0.6941046416416821,32716,Age under 1 year,2023,"U.S. Census Bureau Population Estimates Program, Vintage 2023 Annual Resident Population Estimates by Single Year of Age and Sex","https://api.census.gov/data/2023/pep/charv?get=NAME,POP,AGE_DESC,YEAR&for=state:*&YEAR=2023&AGE=0001&SEX=0",0.054544030392492227,0.011774214704994403,11.774214704994403,early_sep_mar,Early Sep-Mar,baseline_oct_mar,Baseline Oct-Mar,"Pelletier et al. JAMA Network Open 2025 untreated infants: 2,535 RSV-associated hospitalizations among 215,301 untreated infants.","U.S. Census Bureau Population Estimates Program, Vintage 2023 Annual Resident Population Estimates by Single Year of Age and Sex, age under 1 year.",21.01064458823953,21.01064458823953,64.22131247169436
nssp,"RSV ED visit percentage of total ED visits, all ages",2024-2025,New Hampshire,uptake_100,Uptake 100%; otherwise reference,0.6357444697309104,0.6862187634128888,12164,Age under 1 year,2023,"U.S. Census Bureau Population Estimates Program, Vintage 2023 Annual Resident Population Estimates by Single Year of Age and Sex","https://api.census.gov/data/2023/pep/charv?get=NAME,POP,AGE_DESC,YEAR&for=state:*&YEAR=2023&AGE=0001&SEX=0",0.05047429368197842,0.011774214704994403,11.774214704994403,early_sep_mar,Early Sep-Mar,baseline_oct_mar,Baseline Oct-Mar,"Pelletier et al. JAMA Network Open 2025 untreated infants: 2,535 RSV-associated hospitalizations among 215,301 untreated infants.","U.S. Census Bureau Population Estimates Program, Vintage 2023 Annual Resident Population Estimates by Single Year of Age and Sex, age under 1 year.",7.2290064587613845,7.2290064587613845,59.42951708945564
nssp,"RSV ED visit percentage of total ED visits, all ages",2024-2025,New Jersey,uptake_100,Uptake 100%; otherwise reference,0.5882481421594112,0.6616041339634446,102477,Age under 1 year,2023,"U.S. Census Bureau Population Estimates Program, Vintage 2023 Annual Resident Population Estimates by Single Year of Age and Sex","https://api.census.gov/data/2023/pep/charv?get=NAME,POP,AGE_DESC,YEAR&for=state:*&YEAR=2023&AGE=0001&SEX=0",0.0733559918040334,0.011774214704994403,11.774214704994403,early_sep_mar,Early Sep-Mar,baseline_oct_mar,Baseline Oct-Mar,"Pelletier et al. JAMA Network Open 2025 untreated infants: 2,535 RSV-associated hospitalizations among 215,301 untreated infants.","U.S. Census Bureau Population Estimates Program, Vintage 2023 Annual Resident Population Estimates by Single Year of Age and Sex, age under 1 year.",88.51032742180598,88.51032742180598,86.37091973984991
nssp,"RSV ED visit percentage of total ED visits, all ages",2024-2025,New Mexico,uptake_100,Uptake 100%; otherwise reference,0.6806783267348179,0.7239362209280399,20589,Age under 1 year,2023,"U.S. Census Bureau Population Estimates Program, Vintage 2023 Annual Resident Population Estimates by Single Year of Age and Sex","https://api.census.gov/data/2023/pep/charv?get=NAME,POP,AGE_DESC,YEAR&for=state:*&YEAR=2023&AGE=0001&SEX=0",0.04325789419322201,0.011774214704994403,11.774214704994403,early_sep_mar,Early Sep-Mar,baseline_oct_mar,Baseline Oct-Mar,"Pelletier et al. JAMA Network Open 2025 untreated infants: 2,535 RSV-associated hospitalizations among 215,301 untreated infants.","U.S. Census Bureau Population Estimates Program, Vintage 2023 Annual Resident Population Estimates by Single Year of Age and Sex, age under 1 year.",10.486548713615601,10.486548713615601,50.93277339169266
nssp,"RSV ED visit percentage of total ED visits, all ages",2024-2025,New York,uptake_100,Uptake 100%; otherwise reference,0.599722030652634,0.6682487792925009,209673,Age under 1 year,2023,"U.S. Census Bureau Population Estimates Program, Vintage 2023 Annual Resident Population Estimates by Single Year of Age and Sex","https://api.census.gov/data/2023/pep/charv?get=NAME,POP,AGE_DESC,YEAR&for=state:*&YEAR=2023&AGE=0001&SEX=0",0.06852674863986696,0.011774214704994403,11.774214704994403,early_sep_mar,Early Sep-Mar,baseline_oct_mar,Baseline Oct-Mar,"Pelletier et al. JAMA Network Open 2025 untreated infants: 2,535 RSV-associated hospitalizations among 215,301 untreated infants.","U.S. Census Bureau Population Estimates Program, Vintage 2023 Annual Resident Population Estimates by Single Year of Age and Sex, age under 1 year.",169.17437731035776,169.17437731035776,80.68486515209769
nssp,"RSV ED visit percentage of total ED visits, all ages",2024-2025,North Carolina,uptake_100,Uptake 100%; otherwise reference,0.6242163107317726,0.6802014724892129,120602,Age under 1 year,2023,"U.S. Census Bureau Population Estimates Program, Vintage 2023 Annual Resident Population Estimates by Single Year of Age and Sex","https://api.census.gov/data/2023/pep/charv?get=NAME,POP,AGE_DESC,YEAR&for=state:*&YEAR=2023&AGE=0001&SEX=0",0.05598516175744028,0.011774214704994403,11.774214704994403,early_sep_mar,Early Sep-Mar,baseline_oct_mar,Baseline Oct-Mar,"Pelletier et al. JAMA Network Open 2025 untreated infants: 2,535 RSV-associated hospitalizations among 215,301 untreated infants.","U.S. Census Bureau Population Estimates Program, Vintage 2023 Annual Resident Population Estimates by Single Year of Age and Sex, age under 1 year.",79.49858493063846,79.49858493063846,65.91813148259438
nssp,"RSV ED visit percentage of total ED visits, all ages",2024-2025,North Dakota,uptake_100,Uptake 100%; otherwise reference,0.7002869545264634,0.7273343501388138,9626,Age under 1 year,2023,"U.S. Census Bureau Population Estimates Program, Vintage 2023 Annual Resident Population Estimates by Single Year of Age and Sex","https://api.census.gov/data/2023/pep/charv?get=NAME,POP,AGE_DESC,YEAR&for=state:*&YEAR=2023&AGE=0001&SEX=0",0.027047395612350367,0.011774214704994403,11.774214704994403,early_sep_mar,Early Sep-Mar,baseline_oct_mar,Baseline Oct-Mar,"Pelletier et al. JAMA Network Open 2025 untreated infants: 2,535 RSV-associated hospitalizations among 215,301 untreated infants.","U.S. Census Bureau Population Estimates Program, Vintage 2023 Annual Resident Population Estimates by Single Year of Age and Sex, age under 1 year.",3.0655137021689924,3.0655137021689924,31.846184315073682
nssp,"RSV ED visit percentage of total ED visits, all ages",2024-2025,Ohio,uptake_100,Uptake 100%; otherwise reference,0.6205452110361743,0.678554977159631,128059,Age under 1 year,2023,"U.S. Census Bureau Population Estimates Program, Vintage 2023 Annual Resident Population Estimates by Single Year of Age and Sex","https://api.census.gov/data/2023/pep/charv?get=NAME,POP,AGE_DESC,YEAR&for=state:*&YEAR=2023&AGE=0001&SEX=0",0.05800976612345665,0.011774214704994403,11.774214704994403,early_sep_mar,Early Sep-Mar,baseline_oct_mar,Baseline Oct-Mar,"Pelletier et al. JAMA Network Open 2025 untreated infants: 2,535 RSV-associated hospitalizations among 215,301 untreated infants.","U.S. Census Bureau Population Estimates Program, Vintage 2023 Annual Resident Population Estimates by Single Year of Age and Sex, age under 1 year.",87.46678663652158,87.46678663652158,68.30194413240895
nssp,"RSV ED visit percentage of total ED visits, all ages",2024-2025,Oklahoma,uptake_100,Uptake 100%; otherwise reference,0.6484934447413738,0.7032554990262094,47714,Age under 1 year,2023,"U.S. Census Bureau Population Estimates Program, Vintage 2023 Annual Resident Population Estimates by Single Year of Age and Sex","https://api.census.gov/data/2023/pep/charv?get=NAME,POP,AGE_DESC,YEAR&for=state:*&YEAR=2023&AGE=0001&SEX=0",0.054762054284835604,0.011774214704994403,11.774214704994403,early_sep_mar,Early Sep-Mar,baseline_oct_mar,Baseline Oct-Mar,"Pelletier et al. JAMA Network Open 2025 untreated infants: 2,535 RSV-associated hospitalizations among 215,301 untreated infants.","U.S. Census Bureau Population Estimates Program, Vintage 2023 Annual Resident Population Estimates by Single Year of Age and Sex, age under 1 year.",30.765041739275077,30.765041739275077,64.47801848362131
nssp,"RSV ED visit percentage of total ED visits, all ages",2024-2025,Oregon,uptake_100,Uptake 100%; otherwise reference,0.6663531430829784,0.711722337693808,38904,Age under 1 year,2023,"U.S. Census Bureau Population Estimates Program, Vintage 2023 Annual Resident Population Estimates by Single Year of Age and Sex","https://api.census.gov/data/2023/pep/charv?get=NAME,POP,AGE_DESC,YEAR&for=state:*&YEAR=2023&AGE=0001&SEX=0",0.045369194610829555,0.011774214704994403,11.774214704994403,early_sep_mar,Early Sep-Mar,baseline_oct_mar,Baseline Oct-Mar,"Pelletier et al. JAMA Network Open 2025 untreated infants: 2,535 RSV-associated hospitalizations among 215,301 untreated infants.","U.S. Census Bureau Population Estimates Program, Vintage 2023 Annual Resident Population Estimates by Single Year of Age and Sex, age under 1 year.",20.78199697800201,20.78199697800201,53.41866383405822
nssp,"RSV ED visit percentage of total ED visits, all ages",2024-2025,Pennsylvania,uptake_100,Uptake 100%; otherwise reference,0.6268301036062685,0.684614729715359,128878,Age under 1 year,2023,"U.S. Census Bureau Population Estimates Program, Vintage 2023 Annual Resident Population Estimates by Single Year of Age and Sex","https://api.census.gov/data/2023/pep/charv?get=NAME,POP,AGE_DESC,YEAR&for=state:*&YEAR=2023&AGE=0001&SEX=0",0.05778462610909052,0.011774214704994403,11.774214704994403,early_sep_mar,Early Sep-Mar,baseline_oct_mar,Baseline Oct-Mar,"Pelletier et al. JAMA Network Open 2025 untreated infants: 2,535 RSV-associated hospitalizations among 215,301 untreated infants.","U.S. Census Bureau Population Estimates Program, Vintage 2023 Annual Resident Population Estimates by Single Year of Age and Sex, age under 1 year.",87.68454371633351,87.68454371633351,68.03685944562572
nssp,"RSV ED visit percentage of total ED visits, all ages",2024-2025,Rhode Island,uptake_100,Uptake 100%; otherwise reference,0.614447744011229,0.6772982014838563,10018,Age under 1 year,2023,"U.S. Census Bureau Population Estimates Program, Vintage 2023 Annual Resident Population Estimates by Single Year of Age and Sex","https://api.census.gov/data/2023/pep/charv?get=NAME,POP,AGE_DESC,YEAR&for=state:*&YEAR=2023&AGE=0001&SEX=0",0.0628504574726273,0.011774214704994403,11.774214704994403,early_sep_mar,Early Sep-Mar,baseline_oct_mar,Baseline Oct-Mar,"Pelletier et al. JAMA Network Open 2025 untreated infants: 2,535 RSV-associated hospitalizations among 215,301 untreated infants.","U.S. Census Bureau Population Estimates Program, Vintage 2023 Annual Resident Population Estimates by Single Year of Age and Sex, age under 1 year.",7.413468071948953,7.413468071948953,74.00147805898337
nssp,"RSV ED visit percentage of total ED visits, all ages",2024-2025,South Carolina,uptake_100,Uptake 100%; otherwise reference,0.5827467520490378,0.6560035605190371,57279,Age under 1 year,2023,"U.S. Census Bureau Population Estimates Program, Vintage 2023 Annual Resident Population Estimates by Single Year of Age and Sex","https://api.census.gov/data/2023/pep/charv?get=NAME,POP,AGE_DESC,YEAR&for=state:*&YEAR=2023&AGE=0001&SEX=0",0.07325680846999927,0.011774214704994403,11.774214704994403,early_sep_mar,Early Sep-Mar,baseline_oct_mar,Baseline Oct-Mar,"Pelletier et al. JAMA Network Open 2025 untreated infants: 2,535 RSV-associated hospitalizations among 215,301 untreated infants.","U.S. Census Bureau Population Estimates Program, Vintage 2023 Annual Resident Population Estimates by Single Year of Age and Sex, age under 1 year.",49.40550836535659,49.40550836535659,86.2541391528424
nssp,"RSV ED visit percentage of total ED visits, all ages",2024-2025,South Dakota,uptake_100,Uptake 100%; otherwise reference,0.6917120880875748,0.7133764989125065,11434,Age under 1 year,2023,"U.S. Census Bureau Population Estimates Program, Vintage 2023 Annual Resident Population Estimates by Single Year of Age and Sex","https://api.census.gov/data/2023/pep/charv?get=NAME,POP,AGE_DESC,YEAR&for=state:*&YEAR=2023&AGE=0001&SEX=0",0.021664410824931757,0.011774214704994403,11.774214704994403,early_sep_mar,Early Sep-Mar,baseline_oct_mar,Baseline Oct-Mar,"Pelletier et al. JAMA Network Open 2025 untreated infants: 2,535 RSV-associated hospitalizations among 215,301 untreated infants.","U.S. Census Bureau Population Estimates Program, Vintage 2023 Annual Resident Population Estimates by Single Year of Age and Sex, age under 1 year.",2.9166010078467846,2.9166010078467846,25.508142450995145
nssp,"RSV ED visit percentage of total ED visits, all ages",2024-2025,Tennessee,uptake_100,Uptake 100%; otherwise reference,0.5773628657972126,0.6575477893805444,81959,Age under 1 year,2023,"U.S. Census Bureau Population Estimates Program, Vintage 2023 Annual Resident Population Estimates by Single Year of Age and Sex","https://api.census.gov/data/2023/pep/charv?get=NAME,POP,AGE_DESC,YEAR&for=state:*&YEAR=2023&AGE=0001&SEX=0",0.08018492358333174,0.011774214704994403,11.774214704994403,early_sep_mar,Early Sep-Mar,baseline_oct_mar,Baseline Oct-Mar,"Pelletier et al. JAMA Network Open 2025 untreated infants: 2,535 RSV-associated hospitalizations among 215,301 untreated infants.","U.S. Census Bureau Population Estimates Program, Vintage 2023 Annual Resident Population Estimates by Single Year of Age and Sex, age under 1 year.",77.37868082788347,77.37868082788347,94.4114506373717
nssp,"RSV ED visit percentage of total ED visits, all ages",2024-2025,Texas,uptake_100,Uptake 100%; otherwise reference,0.5675616994783911,0.6538185043501608,389814,Age under 1 year,2023,"U.S. Census Bureau Population Estimates Program, Vintage 2023 Annual Resident Population Estimates by Single Year of Age and Sex","https://api.census.gov/data/2023/pep/charv?get=NAME,POP,AGE_DESC,YEAR&for=state:*&YEAR=2023&AGE=0001&SEX=0",0.08625680487176968,0.011774214704994403,11.774214704994403,early_sep_mar,Early Sep-Mar,baseline_oct_mar,Baseline Oct-Mar,"Pelletier et al. JAMA Network Open 2025 untreated infants: 2,535 RSV-associated hospitalizations among 215,301 untreated infants.","U.S. Census Bureau Population Estimates Program, Vintage 2023 Annual Resident Population Estimates by Single Year of Age and Sex, age under 1 year.",395.8974919854383,395.8974919854383,101.56061403270235
nssp,"RSV ED visit percentage of total ED visits, all ages",2024-2025,Utah,uptake_100,Uptake 100%; otherwise reference,0.6783241947944815,0.7217725482523677,45759,Age under 1 year,2023,"U.S. Census Bureau Population Estimates Program, Vintage 2023 Annual Resident Population Estimates by Single Year of Age and Sex","https://api.census.gov/data/2023/pep/charv?get=NAME,POP,AGE_DESC,YEAR&for=state:*&YEAR=2023&AGE=0001&SEX=0",0.043448353457886224,0.011774214704994403,11.774214704994403,early_sep_mar,Early Sep-Mar,baseline_oct_mar,Baseline Oct-Mar,"Pelletier et al. JAMA Network Open 2025 untreated infants: 2,535 RSV-associated hospitalizations among 215,301 untreated infants.","U.S. Census Bureau Population Estimates Program, Vintage 2023 Annual Resident Population Estimates by Single Year of Age and Sex, age under 1 year.",23.40894271244718,23.40894271244718,51.157024219163844
nssp,"RSV ED visit percentage of total ED visits, all ages",2024-2025,Vermont,uptake_100,Uptake 100%; otherwise reference,0.646485356582837,0.6924380553588331,5112,Age under 1 year,2023,"U.S. Census Bureau Population Estimates Program, Vintage 2023 Annual Resident Population Estimates by Single Year of Age and Sex","https://api.census.gov/data/2023/pep/charv?get=NAME,POP,AGE_DESC,YEAR&for=state:*&YEAR=2023&AGE=0001&SEX=0",0.04595269877599606,0.011774214704994403,11.774214704994403,early_sep_mar,Early Sep-Mar,baseline_oct_mar,Baseline Oct-Mar,"Pelletier et al. JAMA Network Open 2025 untreated infants: 2,535 RSV-associated hospitalizations among 215,301 untreated infants.","U.S. Census Bureau Population Estimates Program, Vintage 2023 Annual Resident Population Estimates by Single Year of Age and Sex, age under 1 year.",2.7658830857787566,2.7658830857787566,54.10569416625111
nssp,"RSV ED visit percentage of total ED visits, all ages",2024-2025,Virginia,uptake_100,Uptake 100%; otherwise reference,0.5912273367790658,0.6602983992651499,95290,Age under 1 year,2023,"U.S. Census Bureau Population Estimates Program, Vintage 2023 Annual Resident Population Estimates by Single Year of Age and Sex","https://api.census.gov/data/2023/pep/charv?get=NAME,POP,AGE_DESC,YEAR&for=state:*&YEAR=2023&AGE=0001&SEX=0",0.06907106248608408,0.011774214704994403,11.774214704994403,early_sep_mar,Early Sep-Mar,baseline_oct_mar,Baseline Oct-Mar,"Pelletier et al. JAMA Network Open 2025 untreated infants: 2,535 RSV-associated hospitalizations among 215,301 untreated infants.","U.S. Census Bureau Population Estimates Program, Vintage 2023 Annual Resident Population Estimates by Single Year of Age and Sex, age under 1 year.",77.4953090439455,77.4953090439455,81.32575196132385
nssp,"RSV ED visit percentage of total ED visits, all ages",2024-2025,Washington,uptake_100,Uptake 100%; otherwise reference,0.6419826906161984,0.6929902134119131,82456,Age under 1 year,2023,"U.S. Census Bureau Population Estimates Program, Vintage 2023 Annual Resident Population Estimates by Single Year of Age and Sex","https://api.census.gov/data/2023/pep/charv?get=NAME,POP,AGE_DESC,YEAR&for=state:*&YEAR=2023&AGE=0001&SEX=0",0.051007522795714744,0.011774214704994403,11.774214704994403,early_sep_mar,Early Sep-Mar,baseline_oct_mar,Baseline Oct-Mar,"Pelletier et al. JAMA Network Open 2025 untreated infants: 2,535 RSV-associated hospitalizations among 215,301 untreated infants.","U.S. Census Bureau Population Estimates Program, Vintage 2023 Annual Resident Population Estimates by Single Year of Age and Sex, age under 1 year.",49.520890574649414,49.520890574649414,60.05735249666418
nssp,"RSV ED visit percentage of total ED visits, all ages",2024-2025,West Virginia,uptake_100,Uptake 100%; otherwise reference,0.6598321152837023,0.6904308088396619,17135,Age under 1 year,2023,"U.S. Census Bureau Population Estimates Program, Vintage 2023 Annual Resident Population Estimates by Single Year of Age and Sex","https://api.census.gov/data/2023/pep/charv?get=NAME,POP,AGE_DESC,YEAR&for=state:*&YEAR=2023&AGE=0001&SEX=0",0.030598693555959566,0.011774214704994403,11.774214704994403,early_sep_mar,Early Sep-Mar,baseline_oct_mar,Baseline Oct-Mar,"Pelletier et al. JAMA Network Open 2025 untreated infants: 2,535 RSV-associated hospitalizations among 215,301 untreated infants.","U.S. Census Bureau Population Estimates Program, Vintage 2023 Annual Resident Population Estimates by Single Year of Age and Sex, age under 1 year.",6.173322193872069,6.173322193872069,36.027558762019666
nssp,"RSV ED visit percentage of total ED visits, all ages",2024-2025,Wisconsin,uptake_100,Uptake 100%; otherwise reference,0.6718280575770887,0.7112706815276959,59547,Age under 1 year,2023,"U.S. Census Bureau Population Estimates Program, Vintage 2023 Annual Resident Population Estimates by Single Year of Age and Sex","https://api.census.gov/data/2023/pep/charv?get=NAME,POP,AGE_DESC,YEAR&for=state:*&YEAR=2023&AGE=0001&SEX=0",0.03944262395060716,0.011774214704994403,11.774214704994403,early_sep_mar,Early Sep-Mar,baseline_oct_mar,Baseline Oct-Mar,"Pelletier et al. JAMA Network Open 2025 untreated infants: 2,535 RSV-associated hospitalizations among 215,301 untreated infants.","U.S. Census Bureau Population Estimates Program, Vintage 2023 Annual Resident Population Estimates by Single Year of Age and Sex, age under 1 year.",27.653979492284165,27.653979492284165,46.44059229228033
nssp,"RSV ED visit percentage of total ED visits, all ages",2024-2025,Wyoming,uptake_100,Uptake 100%; otherwise reference,0.6832514485661614,0.7105460168066039,5847,Age under 1 year,2023,"U.S. Census Bureau Population Estimates Program, Vintage 2023 Annual Resident Population Estimates by Single Year of Age and Sex","https://api.census.gov/data/2023/pep/charv?get=NAME,POP,AGE_DESC,YEAR&for=state:*&YEAR=2023&AGE=0001&SEX=0",0.02729456824044252,0.011774214704994403,11.774214704994403,early_sep_mar,Early Sep-Mar,baseline_oct_mar,Baseline Oct-Mar,"Pelletier et al. JAMA Network Open 2025 untreated infants: 2,535 RSV-associated hospitalizations among 215,301 untreated infants.","U.S. Census Bureau Population Estimates Program, Vintage 2023 Annual Resident Population Estimates by Single Year of Age and Sex, age under 1 year.",1.8790627081268558,1.8790627081268558,32.13721067430915
nssp,"RSV ED visit percentage of total ED visits, all ages",2025-2026,Alabama,uptake_100,Uptake 100%; otherwise reference,0.5802848808137551,0.6567617790381131,57885,Age under 1 year,2023,"U.S. Census Bureau Population Estimates Program, Vintage 2023 Annual Resident Population Estimates by Single Year of Age and Sex","https://api.census.gov/data/2023/pep/charv?get=NAME,POP,AGE_DESC,YEAR&for=state:*&YEAR=2023&AGE=0001&SEX=0",0.07647689822435799,0.011774214704994403,11.774214704994403,early_sep_mar,Early Sep-Mar,baseline_oct_mar,Baseline Oct-Mar,"Pelletier et al. JAMA Network Open 2025 untreated infants: 2,535 RSV-associated hospitalizations among 215,301 untreated infants.","U.S. Census Bureau Population Estimates Program, Vintage 2023 Annual Resident Population Estimates by Single Year of Age and Sex, age under 1 year.",52.12286196734304,52.12286196734304,90.04554196655963
nssp,"RSV ED visit percentage of total ED visits, all ages",2025-2026,Alaska,uptake_100,Uptake 100%; otherwise reference,0.6769396025375091,0.7174096080128612,9224,Age under 1 year,2023,"U.S. Census Bureau Population Estimates Program, Vintage 2023 Annual Resident Population Estimates by Single Year of Age and Sex","https://api.census.gov/data/2023/pep/charv?get=NAME,POP,AGE_DESC,YEAR&for=state:*&YEAR=2023&AGE=0001&SEX=0",0.04047000547535218,0.011774214704994403,11.774214704994403,early_sep_mar,Early Sep-Mar,baseline_oct_mar,Baseline Oct-Mar,"Pelletier et al. JAMA Network Open 2025 untreated infants: 2,535 RSV-associated hospitalizations among 215,301 untreated infants.","U.S. Census Bureau Population Estimates Program, Vintage 2023 Annual Resident Population Estimates by Single Year of Age and Sex, age under 1 year.",4.395259369733578,4.395259369733578,47.65025335790956
nssp,"RSV ED visit percentage of total ED visits, all ages",2025-2026,Arizona,uptake_100,Uptake 100%; otherwise reference,0.6949849584287535,0.7197725948557816,78075,Age under 1 year,2023,"U.S. Census Bureau Population Estimates Program, Vintage 2023 Annual Resident Population Estimates by Single Year of Age and Sex","https://api.census.gov/data/2023/pep/charv?get=NAME,POP,AGE_DESC,YEAR&for=state:*&YEAR=2023&AGE=0001&SEX=0",0.02478763642702808,0.011774214704994403,11.774214704994403,early_sep_mar,Early Sep-Mar,baseline_oct_mar,Baseline Oct-Mar,"Pelletier et al. JAMA Network Open 2025 untreated infants: 2,535 RSV-associated hospitalizations among 215,301 untreated infants.","U.S. Census Bureau Population Estimates Program, Vintage 2023 Annual Resident Population Estimates by Single Year of Age and Sex, age under 1 year.",22.786575480550265,22.786575480550265,29.185495332116897
nssp,"RSV ED visit percentage of total ED visits, all ages",2025-2026,Arkansas,uptake_100,Uptake 100%; otherwise reference,0.6435980613054451,0.7012845219914063,35297,Age under 1 year,2023,"U.S. Census Bureau Population Estimates Program, Vintage 2023 Annual Resident Population Estimates by Single Year of Age and Sex","https://api.census.gov/data/2023/pep/charv?get=NAME,POP,AGE_DESC,YEAR&for=state:*&YEAR=2023&AGE=0001&SEX=0",0.05768646068596128,0.011774214704994403,11.774214704994403,early_sep_mar,Early Sep-Mar,baseline_oct_mar,Baseline Oct-Mar,"Pelletier et al. JAMA Network Open 2025 untreated infants: 2,535 RSV-associated hospitalizations among 215,301 untreated infants.","U.S. Census Bureau Population Estimates Program, Vintage 2023 Annual Resident Population Estimates by Single Year of Age and Sex, age under 1 year.",23.974173272855694,23.974173272855694,67.92127736877269
nssp,"RSV ED visit percentage of total ED visits, all ages",2025-2026,California,uptake_100,Uptake 100%; otherwise reference,0.6642767035097462,0.7095766458318705,415125,Age under 1 year,2023,"U.S. Census Bureau Population Estimates Program, Vintage 2023 Annual Resident Population Estimates by Single Year of Age and Sex","https://api.census.gov/data/2023/pep/charv?get=NAME,POP,AGE_DESC,YEAR&for=state:*&YEAR=2023&AGE=0001&SEX=0",0.04529994232212431,0.011774214704994403,11.774214704994403,early_sep_mar,Early Sep-Mar,baseline_oct_mar,Baseline Oct-Mar,"Pelletier et al. JAMA Network Open 2025 untreated infants: 2,535 RSV-associated hospitalizations among 215,301 untreated infants.","U.S. Census Bureau Population Estimates Program, Vintage 2023 Annual Resident Population Estimates by Single Year of Age and Sex, age under 1 year.",221.4157389210681,221.4157389210681,53.33712470245544
nssp,"RSV ED visit percentage of total ED visits, all ages",2025-2026,Colorado,uptake_100,Uptake 100%; otherwise reference,0.6973289479519649,0.7305206900248571,62168,Age under 1 year,2023,"U.S. Census Bureau Population Estimates Program, Vintage 2023 Annual Resident Population Estimates by Single Year of Age and Sex","https://api.census.gov/data/2023/pep/charv?get=NAME,POP,AGE_DESC,YEAR&for=state:*&YEAR=2023&AGE=0001&SEX=0",0.033191742072892216,0.011774214704994403,11.774214704994403,early_sep_mar,Early Sep-Mar,baseline_oct_mar,Baseline Oct-Mar,"Pelletier et al. JAMA Network Open 2025 untreated infants: 2,535 RSV-associated hospitalizations among 215,301 untreated infants.","U.S. Census Bureau Population Estimates Program, Vintage 2023 Annual Resident Population Estimates by Single Year of Age and Sex, age under 1 year.",24.29567077633643,24.29567077633643,39.0806697599029
nssp,"RSV ED visit percentage of total ED visits, all ages",2025-2026,Connecticut,uptake_100,Uptake 100%; otherwise reference,0.6706274098364713,0.7144354794457807,34935,Age under 1 year,2023,"U.S. Census Bureau Population Estimates Program, Vintage 2023 Annual Resident Population Estimates by Single Year of Age and Sex","https://api.census.gov/data/2023/pep/charv?get=NAME,POP,AGE_DESC,YEAR&for=state:*&YEAR=2023&AGE=0001&SEX=0",0.043808069609309386,0.011774214704994403,11.774214704994403,early_sep_mar,Early Sep-Mar,baseline_oct_mar,Baseline Oct-Mar,"Pelletier et al. JAMA Network Open 2025 untreated infants: 2,535 RSV-associated hospitalizations among 215,301 untreated infants.","U.S. Census Bureau Population Estimates Program, Vintage 2023 Annual Resident Population Estimates by Single Year of Age and Sex, age under 1 year.",18.019669243566778,18.019669243566778,51.5805617391349
nssp,"RSV ED visit percentage of total ED visits, all ages",2025-2026,Delaware,uptake_100,Uptake 100%; otherwise reference,0.647941823592066,0.6998462970888318,10745,Age under 1 year,2023,"U.S. Census Bureau Population Estimates Program, Vintage 2023 Annual Resident Population Estimates by Single Year of Age and Sex","https://api.census.gov/data/2023/pep/charv?get=NAME,POP,AGE_DESC,YEAR&for=state:*&YEAR=2023&AGE=0001&SEX=0",0.05190447349676586,0.011774214704994403,11.774214704994403,early_sep_mar,Early Sep-Mar,baseline_oct_mar,Baseline Oct-Mar,"Pelletier et al. JAMA Network Open 2025 untreated infants: 2,535 RSV-associated hospitalizations among 215,301 untreated infants.","U.S. Census Bureau Population Estimates Program, Vintage 2023 Annual Resident Population Estimates by Single Year of Age and Sex, age under 1 year.",6.566639290256084,6.566639290256084,61.113441510061286
nssp,"RSV ED visit percentage of total ED visits, all ages",2025-2026,District of Columbia,uptake_100,Uptake 100%; otherwise reference,0.6117537901422166,0.6796057972270506,7791,Age under 1 year,2023,"U.S. Census Bureau Population Estimates Program, Vintage 2023 Annual Resident Population Estimates by Single Year of Age and Sex","https://api.census.gov/data/2023/pep/charv?get=NAME,POP,AGE_DESC,YEAR&for=state:*&YEAR=2023&AGE=0001&SEX=0",0.06785200708483397,0.011774214704994403,11.774214704994403,early_sep_mar,Early Sep-Mar,baseline_oct_mar,Baseline Oct-Mar,"Pelletier et al. JAMA Network Open 2025 untreated infants: 2,535 RSV-associated hospitalizations among 215,301 untreated infants.","U.S. Census Bureau Population Estimates Program, Vintage 2023 Annual Resident Population Estimates by Single Year of Age and Sex, age under 1 year.",6.22426183984053,6.22426183984053,79.89040995816366
nssp,"RSV ED visit percentage of total ED visits, all ages",2025-2026,Florida,uptake_100,Uptake 100%; otherwise reference,0.5376156718282241,0.6341041659019311,224670,Age under 1 year,2023,"U.S. Census Bureau Population Estimates Program, Vintage 2023 Annual Resident Population Estimates by Single Year of Age and Sex","https://api.census.gov/data/2023/pep/charv?get=NAME,POP,AGE_DESC,YEAR&for=state:*&YEAR=2023&AGE=0001&SEX=0",0.09648849407370697,0.011774214704994403,11.774214704994403,early_sep_mar,Early Sep-Mar,baseline_oct_mar,Baseline Oct-Mar,"Pelletier et al. JAMA Network Open 2025 untreated infants: 2,535 RSV-associated hospitalizations among 215,301 untreated infants.","U.S. Census Bureau Population Estimates Program, Vintage 2023 Annual Resident Population Estimates by Single Year of Age and Sex, age under 1 year.",255.24225014060713,255.24225014060713,113.6076245785406
nssp,"RSV ED visit percentage of total ED visits, all ages",2025-2026,Georgia,uptake_100,Uptake 100%; otherwise reference,0.6021138639388917,0.6749568442539051,125156,Age under 1 year,2023,"U.S. Census Bureau Population Estimates Program, Vintage 2023 Annual Resident Population Estimates by Single Year of Age and Sex","https://api.census.gov/data/2023/pep/charv?get=NAME,POP,AGE_DESC,YEAR&for=state:*&YEAR=2023&AGE=0001&SEX=0",0.07284298031501346,0.011774214704994403,11.774214704994403,early_sep_mar,Early Sep-Mar,baseline_oct_mar,Baseline Oct-Mar,"Pelletier et al. JAMA Network Open 2025 untreated infants: 2,535 RSV-associated hospitalizations among 215,301 untreated infants.","U.S. Census Bureau Population Estimates Program, Vintage 2023 Annual Resident Population Estimates by Single Year of Age and Sex, age under 1 year.",107.34240759441815,107.34240759441815,85.76688899806494
nssp,"RSV ED visit percentage of total ED visits, all ages",2025-2026,Hawaii,uptake_100,Uptake 100%; otherwise reference,0.6151196863665593,0.6710427398546811,15147,Age under 1 year,2023,"U.S. Census Bureau Population Estimates Program, Vintage 2023 Annual Resident Population Estimates by Single Year of Age and Sex","https://api.census.gov/data/2023/pep/charv?get=NAME,POP,AGE_DESC,YEAR&for=state:*&YEAR=2023&AGE=0001&SEX=0",0.055923053488121766,0.011774214704994403,11.774214704994403,early_sep_mar,Early Sep-Mar,baseline_oct_mar,Baseline Oct-Mar,"Pelletier et al. JAMA Network Open 2025 untreated infants: 2,535 RSV-associated hospitalizations among 215,301 untreated infants.","U.S. Census Bureau Population Estimates Program, Vintage 2023 Annual Resident Population Estimates by Single Year of Age and Sex, age under 1 year.",9.9735427366135,9.9735427366135,65.84500387280319
nssp,"RSV ED visit percentage of total ED visits, all ages",2025-2026,Idaho,uptake_100,Uptake 100%; otherwise reference,0.6890757147432872,0.7206892571455598,22331,Age under 1 year,2023,"U.S. Census Bureau Population Estimates Program, Vintage 2023 Annual Resident Population Estimates by Single Year of Age and Sex","https://api.census.gov/data/2023/pep/charv?get=NAME,POP,AGE_DESC,YEAR&for=state:*&YEAR=2023&AGE=0001&SEX=0",0.03161354240227254,0.011774214704994403,11.774214704994403,early_sep_mar,Early Sep-Mar,baseline_oct_mar,Baseline Oct-Mar,"Pelletier et al. JAMA Network Open 2025 untreated infants: 2,535 RSV-associated hospitalizations among 215,301 untreated infants.","U.S. Census Bureau Population Estimates Program, Vintage 2023 Annual Resident Population Estimates by Single Year of Age and Sex, age under 1 year.",8.312148342715297,8.312148342715297,37.22246358298015
nssp,"RSV ED visit percentage of total ED visits, all ages",2025-2026,Illinois,uptake_100,Uptake 100%; otherwise reference,0.6735866007217058,0.7160776134046406,126792,Age under 1 year,2023,"U.S. Census Bureau Population Estimates Program, Vintage 2023 Annual Resident Population Estimates by Single Year of Age and Sex","https://api.census.gov/data/2023/pep/charv?get=NAME,POP,AGE_DESC,YEAR&for=state:*&YEAR=2023&AGE=0001&SEX=0",0.04249101268293476,0.011774214704994403,11.774214704994403,early_sep_mar,Early Sep-Mar,baseline_oct_mar,Baseline Oct-Mar,"Pelletier et al. JAMA Network Open 2025 untreated infants: 2,535 RSV-associated hospitalizations among 215,301 untreated infants.","U.S. Census Bureau Population Estimates Program, Vintage 2023 Annual Resident Population Estimates by Single Year of Age and Sex, age under 1 year.",63.4338228601891,63.4338228601891,50.02983063615142
nssp,"RSV ED visit percentage of total ED visits, all ages",2025-2026,Indiana,uptake_100,Uptake 100%; otherwise reference,0.6710987908984195,0.7098277821245874,79101,Age under 1 year,2023,"U.S. Census Bureau Population Estimates Program, Vintage 2023 Annual Resident Population Estimates by Single Year of Age and Sex","https://api.census.gov/data/2023/pep/charv?get=NAME,POP,AGE_DESC,YEAR&for=state:*&YEAR=2023&AGE=0001&SEX=0",0.03872899122616791,0.011774214704994403,11.774214704994403,early_sep_mar,Early Sep-Mar,baseline_oct_mar,Baseline Oct-Mar,"Pelletier et al. JAMA Network Open 2025 untreated infants: 2,535 RSV-associated hospitalizations among 215,301 untreated infants.","U.S. Census Bureau Population Estimates Program, Vintage 2023 Annual Resident Population Estimates by Single Year of Age and Sex, age under 1 year.",36.07032953163337,36.07032953163337,45.60034580047454
nssp,"RSV ED visit percentage of total ED visits, all ages",2025-2026,Iowa,uptake_100,Uptake 100%; otherwise reference,0.6945299647248206,0.7245033639201992,36766,Age under 1 year,2023,"U.S. Census Bureau Population Estimates Program, Vintage 2023 Annual Resident Population Estimates by Single Year of Age and Sex","https://api.census.gov/data/2023/pep/charv?get=NAME,POP,AGE_DESC,YEAR&for=state:*&YEAR=2023&AGE=0001&SEX=0",0.02997339919537856,0.011774214704994403,11.774214704994403,early_sep_mar,Early Sep-Mar,baseline_oct_mar,Baseline Oct-Mar,"Pelletier et al. JAMA Network Open 2025 untreated infants: 2,535 RSV-associated hospitalizations among 215,301 untreated infants.","U.S. Census Bureau Population Estimates Program, Vintage 2023 Annual Resident Population Estimates by Single Year of Age and Sex, age under 1 year.",12.97520809231088,12.97520809231088,35.29132375648936
nssp,"RSV ED visit percentage of total ED visits, all ages",2025-2026,Kansas,uptake_100,Uptake 100%; otherwise reference,0.6848836219524298,0.7227335166006903,34590,Age under 1 year,2023,"U.S. Census Bureau Population Estimates Program, Vintage 2023 Annual Resident Population Estimates by Single Year of Age and Sex","https://api.census.gov/data/2023/pep/charv?get=NAME,POP,AGE_DESC,YEAR&for=state:*&YEAR=2023&AGE=0001&SEX=0",0.037849894648260496,0.011774214704994403,11.774214704994403,early_sep_mar,Early Sep-Mar,baseline_oct_mar,Baseline Oct-Mar,"Pelletier et al. JAMA Network Open 2025 untreated infants: 2,535 RSV-associated hospitalizations among 215,301 untreated infants.","U.S. Census Bureau Population Estimates Program, Vintage 2023 Annual Resident Population Estimates by Single Year of Age and Sex, age under 1 year.",15.415129872929803,15.415129872929803,44.56527861500377
nssp,"RSV ED visit percentage of total ED visits, all ages",2025-2026,Kentucky,uptake_100,Uptake 100%; otherwise reference,0.6527301949554645,0.6972358212823326,52111,Age under 1 year,2023,"U.S. Census Bureau Population Estimates Program, Vintage 2023 Annual Resident Population Estimates by Single Year of Age and Sex","https://api.census.gov/data/2023/pep/charv?get=NAME,POP,AGE_DESC,YEAR&for=state:*&YEAR=2023&AGE=0001&SEX=0",0.044505626326868164,0.011774214704994403,11.774214704994403,early_sep_mar,Early Sep-Mar,baseline_oct_mar,Baseline Oct-Mar,"Pelletier et al. JAMA Network Open 2025 untreated infants: 2,535 RSV-associated hospitalizations among 215,301 untreated infants.","U.S. Census Bureau Population Estimates Program, Vintage 2023 Annual Resident Population Estimates by Single Year of Age and Sex, age under 1 year.",27.30714368434021,27.30714368434021,52.40187999527972
nssp,"RSV ED visit percentage of total ED visits, all ages",2025-2026,Louisiana,uptake_100,Uptake 100%; otherwise reference,0.6223062509046107,0.6876970234786037,55838,Age under 1 year,2023,"U.S. Census Bureau Population Estimates Program, Vintage 2023 Annual Resident Population Estimates by Single Year of Age and Sex","https://api.census.gov/data/2023/pep/charv?get=NAME,POP,AGE_DESC,YEAR&for=state:*&YEAR=2023&AGE=0001&SEX=0",0.06539077257399306,0.011774214704994403,11.774214704994403,early_sep_mar,Early Sep-Mar,baseline_oct_mar,Baseline Oct-Mar,"Pelletier et al. JAMA Network Open 2025 untreated infants: 2,535 RSV-associated hospitalizations among 215,301 untreated infants.","U.S. Census Bureau Population Estimates Program, Vintage 2023 Annual Resident Population Estimates by Single Year of Age and Sex, age under 1 year.",42.99107192729873,42.99107192729873,76.99249960116539
nssp,"RSV ED visit percentage of total ED visits, all ages",2025-2026,Maine,uptake_100,Uptake 100%; otherwise reference,0.7093888445873507,0.7064550157448649,11892,Age under 1 year,2023,"U.S. Census Bureau Population Estimates Program, Vintage 2023 Annual Resident Population Estimates by Single Year of Age and Sex","https://api.census.gov/data/2023/pep/charv?get=NAME,POP,AGE_DESC,YEAR&for=state:*&YEAR=2023&AGE=0001&SEX=0",-0.0029338288424858305,0.011774214704994403,11.774214704994403,early_sep_mar,Early Sep-Mar,baseline_oct_mar,Baseline Oct-Mar,"Pelletier et al. JAMA Network Open 2025 untreated infants: 2,535 RSV-associated hospitalizations among 215,301 untreated infants.","U.S. Census Bureau Population Estimates Program, Vintage 2023 Annual Resident Population Estimates by Single Year of Age and Sex, age under 1 year.",-0.4107916670740941,-0.4107916670740941,-3.4543530699133376
nssp,"RSV ED visit percentage of total ED visits, all ages",2025-2026,Maryland,uptake_100,Uptake 100%; otherwise reference,0.6301666838133984,0.688909251939039,68060,Age under 1 year,2023,"U.S. Census Bureau Population Estimates Program, Vintage 2023 Annual Resident Population Estimates by Single Year of Age and Sex","https://api.census.gov/data/2023/pep/charv?get=NAME,POP,AGE_DESC,YEAR&for=state:*&YEAR=2023&AGE=0001&SEX=0",0.058742568125640604,0.011774214704994403,11.774214704994403,early_sep_mar,Early Sep-Mar,baseline_oct_mar,Baseline Oct-Mar,"Pelletier et al. JAMA Network Open 2025 untreated infants: 2,535 RSV-associated hospitalizations among 215,301 untreated infants.","U.S. Census Bureau Population Estimates Program, Vintage 2023 Annual Resident Population Estimates by Single Year of Age and Sex, age under 1 year.",47.073536298081656,47.073536298081656,69.16476094340531
nssp,"RSV ED visit percentage of total ED visits, all ages",2025-2026,Massachusetts,uptake_100,Uptake 100%; otherwise reference,0.6675906147843709,0.713185719382252,69103,Age under 1 year,2023,"U.S. Census Bureau Population Estimates Program, Vintage 2023 Annual Resident Population Estimates by Single Year of Age and Sex","https://api.census.gov/data/2023/pep/charv?get=NAME,POP,AGE_DESC,YEAR&for=state:*&YEAR=2023&AGE=0001&SEX=0",0.045595104597881075,0.011774214704994403,11.774214704994403,early_sep_mar,Early Sep-Mar,baseline_oct_mar,Baseline Oct-Mar,"Pelletier et al. JAMA Network Open 2025 untreated infants: 2,535 RSV-associated hospitalizations among 215,301 untreated infants.","U.S. Census Bureau Population Estimates Program, Vintage 2023 Annual Resident Population Estimates by Single Year of Age and Sex, age under 1 year.",37.09770721597323,37.09770721597323,53.68465510321293
nssp,"RSV ED visit percentage of total ED visits, all ages",2025-2026,Michigan,uptake_100,Uptake 100%; otherwise reference,0.6985948842296416,0.719798743836522,101385,Age under 1 year,2023,"U.S. Census Bureau Population Estimates Program, Vintage 2023 Annual Resident Population Estimates by Single Year of Age and Sex","https://api.census.gov/data/2023/pep/charv?get=NAME,POP,AGE_DESC,YEAR&for=state:*&YEAR=2023&AGE=0001&SEX=0",0.021203859606880426,0.011774214704994403,11.774214704994403,early_sep_mar,Early Sep-Mar,baseline_oct_mar,Baseline Oct-Mar,"Pelletier et al. JAMA Network Open 2025 untreated infants: 2,535 RSV-associated hospitalizations among 215,301 untreated infants.","U.S. Census Bureau Population Estimates Program, Vintage 2023 Annual Resident Population Estimates by Single Year of Age and Sex, age under 1 year.",25.3116569904834,25.3116569904834,24.965879558596836
nssp,"RSV ED visit percentage of total ED visits, all ages",2025-2026,Minnesota,uptake_100,Uptake 100%; otherwise reference,0.6762965651529963,0.7087614884291773,63637,Age under 1 year,2023,"U.S. Census Bureau Population Estimates Program, Vintage 2023 Annual Resident Population Estimates by Single Year of Age and Sex","https://api.census.gov/data/2023/pep/charv?get=NAME,POP,AGE_DESC,YEAR&for=state:*&YEAR=2023&AGE=0001&SEX=0",0.032464923276181,0.011774214704994403,11.774214704994403,early_sep_mar,Early Sep-Mar,baseline_oct_mar,Baseline Oct-Mar,"Pelletier et al. JAMA Network Open 2025 untreated infants: 2,535 RSV-associated hospitalizations among 215,301 untreated infants.","U.S. Census Bureau Population Estimates Program, Vintage 2023 Annual Resident Population Estimates by Single Year of Age and Sex, age under 1 year.",24.325178151571546,24.325178151571546,38.224897703492545
nssp,"RSV ED visit percentage of total ED visits, all ages",2025-2026,Mississippi,uptake_100,Uptake 100%; otherwise reference,0.6432386277173184,0.6948403302631724,34372,Age under 1 year,2023,"U.S. Census Bureau Population Estimates Program, Vintage 2023 Annual Resident Population Estimates by Single Year of Age and Sex","https://api.census.gov/data/2023/pep/charv?get=NAME,POP,AGE_DESC,YEAR&for=state:*&YEAR=2023&AGE=0001&SEX=0",0.051601702545853945,0.011774214704994403,11.774214704994403,early_sep_mar,Early Sep-Mar,baseline_oct_mar,Baseline Oct-Mar,"Pelletier et al. JAMA Network Open 2025 untreated infants: 2,535 RSV-associated hospitalizations among 215,301 untreated infants.","U.S. Census Bureau Population Estimates Program, Vintage 2023 Annual Resident Population Estimates by Single Year of Age and Sex, age under 1 year.",20.88337971048633,20.88337971048633,60.75695249181407
nssp,"RSV ED visit percentage of total ED visits, all ages",2025-2026,Montana,uptake_100,Uptake 100%; otherwise reference,0.7151887684294895,0.7148109940012848,11266,Age under 1 year,2023,"U.S. Census Bureau Population Estimates Program, Vintage 2023 Annual Resident Population Estimates by Single Year of Age and Sex","https://api.census.gov/data/2023/pep/charv?get=NAME,POP,AGE_DESC,YEAR&for=state:*&YEAR=2023&AGE=0001&SEX=0",-0.0003777744282047468,0.011774214704994403,11.774214704994403,early_sep_mar,Early Sep-Mar,baseline_oct_mar,Baseline Oct-Mar,"Pelletier et al. JAMA Network Open 2025 untreated infants: 2,535 RSV-associated hospitalizations among 215,301 untreated infants.","U.S. Census Bureau Population Estimates Program, Vintage 2023 Annual Resident Population Estimates by Single Year of Age and Sex, age under 1 year.",-0.050111136767709626,-0.050111136767709626,-0.44479972277391827
nssp,"RSV ED visit percentage of total ED visits, all ages",2025-2026,Nebraska,uptake_100,Uptake 100%; otherwise reference,0.7164110376962806,0.7183691554923307,24144,Age under 1 year,2023,"U.S. Census Bureau Population Estimates Program, Vintage 2023 Annual Resident Population Estimates by Single Year of Age and Sex","https://api.census.gov/data/2023/pep/charv?get=NAME,POP,AGE_DESC,YEAR&for=state:*&YEAR=2023&AGE=0001&SEX=0",0.0019581177960501517,0.011774214704994403,11.774214704994403,early_sep_mar,Early Sep-Mar,baseline_oct_mar,Baseline Oct-Mar,"Pelletier et al. JAMA Network Open 2025 untreated infants: 2,535 RSV-associated hospitalizations among 215,301 untreated infants.","U.S. Census Bureau Population Estimates Program, Vintage 2023 Annual Resident Population Estimates by Single Year of Age and Sex, age under 1 year.",0.5566471474669229,0.5566471474669229,2.305529934836493
nssp,"RSV ED visit percentage of total ED visits, all ages",2025-2026,Nevada,uptake_100,Uptake 100%; otherwise reference,0.6861985023228242,0.7250670227298777,32716,Age under 1 year,2023,"U.S. Census Bureau Population Estimates Program, Vintage 2023 Annual Resident Population Estimates by Single Year of Age and Sex","https://api.census.gov/data/2023/pep/charv?get=NAME,POP,AGE_DESC,YEAR&for=state:*&YEAR=2023&AGE=0001&SEX=0",0.038868520407053464,0.011774214704994403,11.774214704994403,early_sep_mar,Early Sep-Mar,baseline_oct_mar,Baseline Oct-Mar,"Pelletier et al. JAMA Network Open 2025 untreated infants: 2,535 RSV-associated hospitalizations among 215,301 untreated infants.","U.S. Census Bureau Population Estimates Program, Vintage 2023 Annual Resident Population Estimates by Single Year of Age and Sex, age under 1 year.",14.972356499268608,14.972356499268608,45.7646304538104
nssp,"RSV ED visit percentage of total ED visits, all ages",2025-2026,New Hampshire,uptake_100,Uptake 100%; otherwise reference,0.6831866569227336,0.7188633141543799,12164,Age under 1 year,2023,"U.S. Census Bureau Population Estimates Program, Vintage 2023 Annual Resident Population Estimates by Single Year of Age and Sex","https://api.census.gov/data/2023/pep/charv?get=NAME,POP,AGE_DESC,YEAR&for=state:*&YEAR=2023&AGE=0001&SEX=0",0.03567665723164626,0.011774214704994403,11.774214704994403,early_sep_mar,Early Sep-Mar,baseline_oct_mar,Baseline Oct-Mar,"Pelletier et al. JAMA Network Open 2025 untreated infants: 2,535 RSV-associated hospitalizations among 215,301 untreated infants.","U.S. Census Bureau Population Estimates Program, Vintage 2023 Annual Resident Population Estimates by Single Year of Age and Sex, age under 1 year.",5.109666064463842,5.109666064463842,42.006462220189434
nssp,"RSV ED visit percentage of total ED visits, all ages",2025-2026,New Jersey,uptake_100,Uptake 100%; otherwise reference,0.6460002016392283,0.6997109867131479,102477,Age under 1 year,2023,"U.S. Census Bureau Population Estimates Program, Vintage 2023 Annual Resident Population Estimates by Single Year of Age and Sex","https://api.census.gov/data/2023/pep/charv?get=NAME,POP,AGE_DESC,YEAR&for=state:*&YEAR=2023&AGE=0001&SEX=0",0.053710785073919576,0.011774214704994403,11.774214704994403,early_sep_mar,Early Sep-Mar,baseline_oct_mar,Baseline Oct-Mar,"Pelletier et al. JAMA Network Open 2025 untreated infants: 2,535 RSV-associated hospitalizations among 215,301 untreated infants.","U.S. Census Bureau Population Estimates Program, Vintage 2023 Annual Resident Population Estimates by Single Year of Age and Sex, age under 1 year.",64.80669207874413,64.80669207874413,63.24023154341378
nssp,"RSV ED visit percentage of total ED visits, all ages",2025-2026,New Mexico,uptake_100,Uptake 100%; otherwise reference,0.7037528090413465,0.7327751057205331,20589,Age under 1 year,2023,"U.S. Census Bureau Population Estimates Program, Vintage 2023 Annual Resident Population Estimates by Single Year of Age and Sex","https://api.census.gov/data/2023/pep/charv?get=NAME,POP,AGE_DESC,YEAR&for=state:*&YEAR=2023&AGE=0001&SEX=0",0.029022296679186543,0.011774214704994403,11.774214704994403,early_sep_mar,Early Sep-Mar,baseline_oct_mar,Baseline Oct-Mar,"Pelletier et al. JAMA Network Open 2025 untreated infants: 2,535 RSV-associated hospitalizations among 215,301 untreated infants.","U.S. Census Bureau Population Estimates Program, Vintage 2023 Annual Resident Population Estimates by Single Year of Age and Sex, age under 1 year.",7.035565035779781,7.035565035779781,34.17147523327885
nssp,"RSV ED visit percentage of total ED visits, all ages",2025-2026,New York,uptake_100,Uptake 100%; otherwise reference,0.6551857640245669,0.703807421825842,209673,Age under 1 year,2023,"U.S. Census Bureau Population Estimates Program, Vintage 2023 Annual Resident Population Estimates by Single Year of Age and Sex","https://api.census.gov/data/2023/pep/charv?get=NAME,POP,AGE_DESC,YEAR&for=state:*&YEAR=2023&AGE=0001&SEX=0",0.04862165780127514,0.011774214704994403,11.774214704994403,early_sep_mar,Early Sep-Mar,baseline_oct_mar,Baseline Oct-Mar,"Pelletier et al. JAMA Network Open 2025 untreated infants: 2,535 RSV-associated hospitalizations among 215,301 untreated infants.","U.S. Census Bureau Population Estimates Program, Vintage 2023 Annual Resident Population Estimates by Single Year of Age and Sex, age under 1 year.",120.03398447453306,120.03398447453306,57.248183826497964
nssp,"RSV ED visit percentage of total ED visits, all ages",2025-2026,North Carolina,uptake_100,Uptake 100%; otherwise reference,0.6480607542576049,0.6986366392039524,120602,Age under 1 year,2023,"U.S. Census Bureau Population Estimates Program, Vintage 2023 Annual Resident Population Estimates by Single Year of Age and Sex","https://api.census.gov/data/2023/pep/charv?get=NAME,POP,AGE_DESC,YEAR&for=state:*&YEAR=2023&AGE=0001&SEX=0",0.05057588494634746,0.011774214704994403,11.774214704994403,early_sep_mar,Early Sep-Mar,baseline_oct_mar,Baseline Oct-Mar,"Pelletier et al. JAMA Network Open 2025 untreated infants: 2,535 RSV-associated hospitalizations among 215,301 untreated infants.","U.S. Census Bureau Population Estimates Program, Vintage 2023 Annual Resident Population Estimates by Single Year of Age and Sex, age under 1 year.",71.81744517001526,71.81744517001526,59.54913282533894
nssp,"RSV ED visit percentage of total ED visits, all ages",2025-2026,North Dakota,uptake_100,Uptake 100%; otherwise reference,0.7222070154707375,0.7207900628223617,9626,Age under 1 year,2023,"U.S. Census Bureau Population Estimates Program, Vintage 2023 Annual Resident Population Estimates by Single Year of Age and Sex","https://api.census.gov/data/2023/pep/charv?get=NAME,POP,AGE_DESC,YEAR&for=state:*&YEAR=2023&AGE=0001&SEX=0",-0.0014169526483758244,0.011774214704994403,11.774214704994403,early_sep_mar,Early Sep-Mar,baseline_oct_mar,Baseline Oct-Mar,"Pelletier et al. JAMA Network Open 2025 untreated infants: 2,535 RSV-associated hospitalizations among 215,301 untreated infants.","U.S. Census Bureau Population Estimates Program, Vintage 2023 Annual Resident Population Estimates by Single Year of Age and Sex, age under 1 year.",-0.16059541632678748,-0.16059541632678748,-1.6683504708787396
nssp,"RSV ED visit percentage of total ED visits, all ages",2025-2026,Ohio,uptake_100,Uptake 100%; otherwise reference,0.6787350007138071,0.7175281238236925,128059,Age under 1 year,2023,"U.S. Census Bureau Population Estimates Program, Vintage 2023 Annual Resident Population Estimates by Single Year of Age and Sex","https://api.census.gov/data/2023/pep/charv?get=NAME,POP,AGE_DESC,YEAR&for=state:*&YEAR=2023&AGE=0001&SEX=0",0.038793123109885363,0.011774214704994403,11.774214704994403,early_sep_mar,Early Sep-Mar,baseline_oct_mar,Baseline Oct-Mar,"Pelletier et al. JAMA Network Open 2025 untreated infants: 2,535 RSV-associated hospitalizations among 215,301 untreated infants.","U.S. Census Bureau Population Estimates Program, Vintage 2023 Annual Resident Population Estimates by Single Year of Age and Sex, age under 1 year.",58.49204450842683,58.49204450842683,45.67585605730705
nssp,"RSV ED visit percentage of total ED visits, all ages",2025-2026,Oklahoma,uptake_100,Uptake 100%; otherwise reference,0.6738721028173233,0.7168075108937634,47714,Age under 1 year,2023,"U.S. Census Bureau Population Estimates Program, Vintage 2023 Annual Resident Population Estimates by Single Year of Age and Sex","https://api.census.gov/data/2023/pep/charv?get=NAME,POP,AGE_DESC,YEAR&for=state:*&YEAR=2023&AGE=0001&SEX=0",0.04293540807644003,0.011774214704994403,11.774214704994403,early_sep_mar,Early Sep-Mar,baseline_oct_mar,Baseline Oct-Mar,"Pelletier et al. JAMA Network Open 2025 untreated infants: 2,535 RSV-associated hospitalizations among 215,301 untreated infants.","U.S. Census Bureau Population Estimates Program, Vintage 2023 Annual Resident Population Estimates by Single Year of Age and Sex, age under 1 year.",24.120892446693045,24.120892446693045,50.55307131385557
nssp,"RSV ED visit percentage of total ED visits, all ages",2025-2026,Oregon,uptake_100,Uptake 100%; otherwise reference,0.6985991747632759,0.7246590455428332,38904,Age under 1 year,2023,"U.S. Census Bureau Population Estimates Program, Vintage 2023 Annual Resident Population Estimates by Single Year of Age and Sex","https://api.census.gov/data/2023/pep/charv?get=NAME,POP,AGE_DESC,YEAR&for=state:*&YEAR=2023&AGE=0001&SEX=0",0.026059870779557293,0.011774214704994403,11.774214704994403,early_sep_mar,Early Sep-Mar,baseline_oct_mar,Baseline Oct-Mar,"Pelletier et al. JAMA Network Open 2025 untreated infants: 2,535 RSV-associated hospitalizations among 215,301 untreated infants.","U.S. Census Bureau Population Estimates Program, Vintage 2023 Annual Resident Population Estimates by Single Year of Age and Sex, age under 1 year.",11.93708992265446,11.93708992265446,30.683451374291746
nssp,"RSV ED visit percentage of total ED visits, all ages",2025-2026,Pennsylvania,uptake_100,Uptake 100%; otherwise reference,0.6661505580539947,0.71001010657632,128878,Age under 1 year,2023,"U.S. Census Bureau Population Estimates Program, Vintage 2023 Annual Resident Population Estimates by Single Year of Age and Sex","https://api.census.gov/data/2023/pep/charv?get=NAME,POP,AGE_DESC,YEAR&for=state:*&YEAR=2023&AGE=0001&SEX=0",0.04385954852232532,0.011774214704994403,11.774214704994403,early_sep_mar,Early Sep-Mar,baseline_oct_mar,Baseline Oct-Mar,"Pelletier et al. JAMA Network Open 2025 untreated infants: 2,535 RSV-associated hospitalizations among 215,301 untreated infants.","U.S. Census Bureau Population Estimates Program, Vintage 2023 Annual Resident Population Estimates by Single Year of Age and Sex, age under 1 year.",66.55411237798896,66.55411237798896,51.64117411659784
nssp,"RSV ED visit percentage of total ED visits, all ages",2025-2026,Rhode Island,uptake_100,Uptake 100%; otherwise reference,0.6598594411583772,0.7073318623216029,10018,Age under 1 year,2023,"U.S. Census Bureau Population Estimates Program, Vintage 2023 Annual Resident Population Estimates by Single Year of Age and Sex","https://api.census.gov/data/2023/pep/charv?get=NAME,POP,AGE_DESC,YEAR&for=state:*&YEAR=2023&AGE=0001&SEX=0",0.0474724211632257,0.011774214704994403,11.774214704994403,early_sep_mar,Early Sep-Mar,baseline_oct_mar,Baseline Oct-Mar,"Pelletier et al. JAMA Network Open 2025 untreated infants: 2,535 RSV-associated hospitalizations among 215,301 untreated infants.","U.S. Census Bureau Population Estimates Program, Vintage 2023 Annual Resident Population Estimates by Single Year of Age and Sex, age under 1 year.",5.599565902045547,5.599565902045547,55.89504793417395
nssp,"RSV ED visit percentage of total ED visits, all ages",2025-2026,South Carolina,uptake_100,Uptake 100%; otherwise reference,0.6032854169565501,0.6767491578886862,57279,Age under 1 year,2023,"U.S. Census Bureau Population Estimates Program, Vintage 2023 Annual Resident Population Estimates by Single Year of Age and Sex","https://api.census.gov/data/2023/pep/charv?get=NAME,POP,AGE_DESC,YEAR&for=state:*&YEAR=2023&AGE=0001&SEX=0",0.07346374093213603,0.011774214704994403,11.774214704994403,early_sep_mar,Early Sep-Mar,baseline_oct_mar,Baseline Oct-Mar,"Pelletier et al. JAMA Network Open 2025 untreated infants: 2,535 RSV-associated hospitalizations among 215,301 untreated infants.","U.S. Census Bureau Population Estimates Program, Vintage 2023 Annual Resident Population Estimates by Single Year of Age and Sex, age under 1 year.",49.54506677231816,49.54506677231816,86.49778587670554
nssp,"RSV ED visit percentage of total ED visits, all ages",2025-2026,South Dakota,uptake_100,Uptake 100%; otherwise reference,0.7118771835950628,0.7199631232464809,11434,Age under 1 year,2023,"U.S. Census Bureau Population Estimates Program, Vintage 2023 Annual Resident Population Estimates by Single Year of Age and Sex","https://api.census.gov/data/2023/pep/charv?get=NAME,POP,AGE_DESC,YEAR&for=state:*&YEAR=2023&AGE=0001&SEX=0",0.008085939651418128,0.011774214704994403,11.774214704994403,early_sep_mar,Early Sep-Mar,baseline_oct_mar,Baseline Oct-Mar,"Pelletier et al. JAMA Network Open 2025 untreated infants: 2,535 RSV-associated hospitalizations among 215,301 untreated infants.","U.S. Census Bureau Population Estimates Program, Vintage 2023 Annual Resident Population Estimates by Single Year of Age and Sex, age under 1 year.",1.0885807108852532,1.0885807108852532,9.520558954742464
nssp,"RSV ED visit percentage of total ED visits, all ages",2025-2026,Tennessee,uptake_100,Uptake 100%; otherwise reference,0.6448115985702354,0.696165802849217,81959,Age under 1 year,2023,"U.S. Census Bureau Population Estimates Program, Vintage 2023 Annual Resident Population Estimates by Single Year of Age and Sex","https://api.census.gov/data/2023/pep/charv?get=NAME,POP,AGE_DESC,YEAR&for=state:*&YEAR=2023&AGE=0001&SEX=0",0.05135420427898163,0.011774214704994403,11.774214704994403,early_sep_mar,Early Sep-Mar,baseline_oct_mar,Baseline Oct-Mar,"Pelletier et al. JAMA Network Open 2025 untreated infants: 2,535 RSV-associated hospitalizations among 215,301 untreated infants.","U.S. Census Bureau Population Estimates Program, Vintage 2023 Annual Resident Population Estimates by Single Year of Age and Sex, age under 1 year.",49.55695415664493,49.55695415664493,60.46554271848721
nssp,"RSV ED visit percentage of total ED visits, all ages",2025-2026,Texas,uptake_100,Uptake 100%; otherwise reference,0.6162962171565061,0.6824337168984388,389814,Age under 1 year,2023,"U.S. Census Bureau Population Estimates Program, Vintage 2023 Annual Resident Population Estimates by Single Year of Age and Sex","https://api.census.gov/data/2023/pep/charv?get=NAME,POP,AGE_DESC,YEAR&for=state:*&YEAR=2023&AGE=0001&SEX=0",0.06613749974193273,0.011774214704994403,11.774214704994403,early_sep_mar,Early Sep-Mar,baseline_oct_mar,Baseline Oct-Mar,"Pelletier et al. JAMA Network Open 2025 untreated infants: 2,535 RSV-associated hospitalizations among 215,301 untreated infants.","U.S. Census Bureau Population Estimates Program, Vintage 2023 Annual Resident Population Estimates by Single Year of Age and Sex, age under 1 year.",303.55483620038643,303.55483620038643,77.87171220130278
nssp,"RSV ED visit percentage of total ED visits, all ages",2025-2026,Utah,uptake_100,Uptake 100%; otherwise reference,0.7055056299876024,0.7336050308072684,45759,Age under 1 year,2023,"U.S. Census Bureau Population Estimates Program, Vintage 2023 Annual Resident Population Estimates by Single Year of Age and Sex","https://api.census.gov/data/2023/pep/charv?get=NAME,POP,AGE_DESC,YEAR&for=state:*&YEAR=2023&AGE=0001&SEX=0",0.028099400819666,0.011774214704994403,11.774214704994403,early_sep_mar,Early Sep-Mar,baseline_oct_mar,Baseline Oct-Mar,"Pelletier et al. JAMA Network Open 2025 untreated infants: 2,535 RSV-associated hospitalizations among 215,301 untreated infants.","U.S. Census Bureau Population Estimates Program, Vintage 2023 Annual Resident Population Estimates by Single Year of Age and Sex, age under 1 year.",15.139290944114267,15.139290944114267,33.08483783324432
nssp,"RSV ED visit percentage of total ED visits, all ages",2025-2026,Vermont,uptake_100,Uptake 100%; otherwise reference,0.7073882106232355,0.7263089633060986,5112,Age under 1 year,2023,"U.S. Census Bureau Population Estimates Program, Vintage 2023 Annual Resident Population Estimates by Single Year of Age and Sex","https://api.census.gov/data/2023/pep/charv?get=NAME,POP,AGE_DESC,YEAR&for=state:*&YEAR=2023&AGE=0001&SEX=0",0.018920752682863085,0.011774214704994403,11.774214704994403,early_sep_mar,Early Sep-Mar,baseline_oct_mar,Baseline Oct-Mar,"Pelletier et al. JAMA Network Open 2025 untreated infants: 2,535 RSV-associated hospitalizations among 215,301 untreated infants.","U.S. Census Bureau Population Estimates Program, Vintage 2023 Annual Resident Population Estimates by Single Year of Age and Sex, age under 1 year.",1.1388360468410745,1.1388360468410745,22.277700446812883
nssp,"RSV ED visit percentage of total ED visits, all ages",2025-2026,Virginia,uptake_100,Uptake 100%; otherwise reference,0.6161394794438882,0.680102779359083,95290,Age under 1 year,2023,"U.S. Census Bureau Population Estimates Program, Vintage 2023 Annual Resident Population Estimates by Single Year of Age and Sex","https://api.census.gov/data/2023/pep/charv?get=NAME,POP,AGE_DESC,YEAR&for=state:*&YEAR=2023&AGE=0001&SEX=0",0.06396329991519478,0.011774214704994403,11.774214704994403,early_sep_mar,Early Sep-Mar,baseline_oct_mar,Baseline Oct-Mar,"Pelletier et al. JAMA Network Open 2025 untreated infants: 2,535 RSV-associated hospitalizations among 215,301 untreated infants.","U.S. Census Bureau Population Estimates Program, Vintage 2023 Annual Resident Population Estimates by Single Year of Age and Sex, age under 1 year.",71.76457862360613,71.76457862360613,75.31176264414538
nssp,"RSV ED visit percentage of total ED visits, all ages",2025-2026,Washington,uptake_100,Uptake 100%; otherwise reference,0.669956922769441,0.7110368050575196,82456,Age under 1 year,2023,"U.S. Census Bureau Population Estimates Program, Vintage 2023 Annual Resident Population Estimates by Single Year of Age and Sex","https://api.census.gov/data/2023/pep/charv?get=NAME,POP,AGE_DESC,YEAR&for=state:*&YEAR=2023&AGE=0001&SEX=0",0.041079882288078684,0.011774214704994403,11.774214704994403,early_sep_mar,Early Sep-Mar,baseline_oct_mar,Baseline Oct-Mar,"Pelletier et al. JAMA Network Open 2025 untreated infants: 2,535 RSV-associated hospitalizations among 215,301 untreated infants.","U.S. Census Bureau Population Estimates Program, Vintage 2023 Annual Resident Population Estimates by Single Year of Age and Sex, age under 1 year.",39.88259464696706,39.88259464696706,48.36833541157352
nssp,"RSV ED visit percentage of total ED visits, all ages",2025-2026,West Virginia,uptake_100,Uptake 100%; otherwise reference,0.685183487648439,0.7122167761649713,17135,Age under 1 year,2023,"U.S. Census Bureau Population Estimates Program, Vintage 2023 Annual Resident Population Estimates by Single Year of Age and Sex","https://api.census.gov/data/2023/pep/charv?get=NAME,POP,AGE_DESC,YEAR&for=state:*&YEAR=2023&AGE=0001&SEX=0",0.027033288516532306,0.011774214704994403,11.774214704994403,early_sep_mar,Early Sep-Mar,baseline_oct_mar,Baseline Oct-Mar,"Pelletier et al. JAMA Network Open 2025 untreated infants: 2,535 RSV-associated hospitalizations among 215,301 untreated infants.","U.S. Census Bureau Population Estimates Program, Vintage 2023 Annual Resident Population Estimates by Single Year of Age and Sex, age under 1 year.",5.453997559315808,5.453997559315808,31.8295743175711
nssp,"RSV ED visit percentage of total ED visits, all ages",2025-2026,Wisconsin,uptake_100,Uptake 100%; otherwise reference,0.7042937452951759,0.7260335417884076,59547,Age under 1 year,2023,"U.S. Census Bureau Population Estimates Program, Vintage 2023 Annual Resident Population Estimates by Single Year of Age and Sex","https://api.census.gov/data/2023/pep/charv?get=NAME,POP,AGE_DESC,YEAR&for=state:*&YEAR=2023&AGE=0001&SEX=0",0.021739796493231767,0.011774214704994403,11.774214704994403,early_sep_mar,Early Sep-Mar,baseline_oct_mar,Baseline Oct-Mar,"Pelletier et al. JAMA Network Open 2025 untreated infants: 2,535 RSV-associated hospitalizations among 215,301 untreated infants.","U.S. Census Bureau Population Estimates Program, Vintage 2023 Annual Resident Population Estimates by Single Year of Age and Sex, age under 1 year.",15.242187921957663,15.242187921957663,25.596903155419525
nssp,"RSV ED visit percentage of total ED visits, all ages",2025-2026,Wyoming,uptake_100,Uptake 100%; otherwise reference,0.7141715475957023,0.7247608417933451,5847,Age under 1 year,2023,"U.S. Census Bureau Population Estimates Program, Vintage 2023 Annual Resident Population Estimates by Single Year of Age and Sex","https://api.census.gov/data/2023/pep/charv?get=NAME,POP,AGE_DESC,YEAR&for=state:*&YEAR=2023&AGE=0001&SEX=0",0.010589294197642762,0.011774214704994403,11.774214704994403,early_sep_mar,Early Sep-Mar,baseline_oct_mar,Baseline Oct-Mar,"Pelletier et al. JAMA Network Open 2025 untreated infants: 2,535 RSV-associated hospitalizations among 215,301 untreated infants.","U.S. Census Bureau Population Estimates Program, Vintage 2023 Annual Resident Population Estimates by Single Year of Age and Sex, age under 1 year.",0.7290076053554021,0.7290076053554021,12.468062345739733
nssp,"RSV ED visit percentage of total ED visits, all ages",2023-2024,Alabama,uptake_100,Uptake 100%; otherwise reference,0.4868544958819411,0.4882891388519146,57885,Age under 1 year,2023,"U.S. Census Bureau Population Estimates Program, Vintage 2023 Annual Resident Population Estimates by Single Year of Age and Sex","https://api.census.gov/data/2023/pep/charv?get=NAME,POP,AGE_DESC,YEAR&for=state:*&YEAR=2023&AGE=0001&SEX=0",0.001434642969973532,0.011774214704994403,11.774214704994403,late_oct_apr,Late Oct-Apr,baseline_oct_mar,Baseline Oct-Mar,"Pelletier et al. JAMA Network Open 2025 untreated infants: 2,535 RSV-associated hospitalizations among 215,301 untreated infants.","U.S. Census Bureau Population Estimates Program, Vintage 2023 Annual Resident Population Estimates by Single Year of Age and Sex, age under 1 year.",0.9777815161511437,0.9777815161511437,1.6891794353479204
nssp,"RSV ED visit percentage of total ED visits, all ages",2023-2024,Alaska,uptake_100,Uptake 100%; otherwise reference,0.5895140737107054,0.5914082724610487,9224,Age under 1 year,2023,"U.S. Census Bureau Population Estimates Program, Vintage 2023 Annual Resident Population Estimates by Single Year of Age and Sex","https://api.census.gov/data/2023/pep/charv?get=NAME,POP,AGE_DESC,YEAR&for=state:*&YEAR=2023&AGE=0001&SEX=0",0.0018941987503432456,0.011774214704994403,11.774214704994403,late_oct_apr,Late Oct-Apr,baseline_oct_mar,Baseline Oct-Mar,"Pelletier et al. JAMA Network Open 2025 untreated infants: 2,535 RSV-associated hospitalizations among 215,301 untreated infants.","U.S. Census Bureau Population Estimates Program, Vintage 2023 Annual Resident Population Estimates by Single Year of Age and Sex, age under 1 year.",0.20572013044708723,0.20572013044708723,2.2302702780473465
nssp,"RSV ED visit percentage of total ED visits, all ages",2023-2024,Arizona,uptake_100,Uptake 100%; otherwise reference,0.6088154115751325,0.6101116804355244,78075,Age under 1 year,2023,"U.S. Census Bureau Population Estimates Program, Vintage 2023 Annual Resident Population Estimates by Single Year of Age and Sex","https://api.census.gov/data/2023/pep/charv?get=NAME,POP,AGE_DESC,YEAR&for=state:*&YEAR=2023&AGE=0001&SEX=0",0.0012962688603919137,0.011774214704994403,11.774214704994403,late_oct_apr,Late Oct-Apr,baseline_oct_mar,Baseline Oct-Mar,"Pelletier et al. JAMA Network Open 2025 untreated infants: 2,535 RSV-associated hospitalizations among 215,301 untreated infants.","U.S. Census Bureau Population Estimates Program, Vintage 2023 Annual Resident Population Estimates by Single Year of Age and Sex, age under 1 year.",1.191623425547743,1.191623425547743,1.5262547877652808
nssp,"RSV ED visit percentage of total ED visits, all ages",2023-2024,Arkansas,uptake_100,Uptake 100%; otherwise reference,0.5611674636439503,0.5622397485041376,35297,Age under 1 year,2023,"U.S. Census Bureau Population Estimates Program, Vintage 2023 Annual Resident Population Estimates by Single Year of Age and Sex","https://api.census.gov/data/2023/pep/charv?get=NAME,POP,AGE_DESC,YEAR&for=state:*&YEAR=2023&AGE=0001&SEX=0",0.0010722848601872892,0.011774214704994403,11.774214704994403,late_oct_apr,Late Oct-Apr,baseline_oct_mar,Baseline Oct-Mar,"Pelletier et al. JAMA Network Open 2025 untreated infants: 2,535 RSV-associated hospitalizations among 215,301 untreated infants.","U.S. Census Bureau Population Estimates Program, Vintage 2023 Annual Resident Population Estimates by Single Year of Age and Sex, age under 1 year.",0.4456356436207234,0.4456356436207234,1.2625312168760048
nssp,"RSV ED visit percentage of total ED visits, all ages",2023-2024,California,uptake_100,Uptake 100%; otherwise reference,0.579584977513125,0.5805189501602871,415125,Age under 1 year,2023,"U.S. Census Bureau Population Estimates Program, Vintage 2023 Annual Resident Population Estimates by Single Year of Age and Sex","https://api.census.gov/data/2023/pep/charv?get=NAME,POP,AGE_DESC,YEAR&for=state:*&YEAR=2023&AGE=0001&SEX=0",0.0009339726471621068,0.011774214704994403,11.774214704994403,late_oct_apr,Late Oct-Apr,baseline_oct_mar,Baseline Oct-Mar,"Pelletier et al. JAMA Network Open 2025 untreated infants: 2,535 RSV-associated hospitalizations among 215,301 untreated infants.","U.S. Census Bureau Population Estimates Program, Vintage 2023 Annual Resident Population Estimates by Single Year of Age and Sex, age under 1 year.",4.565044306965165,4.565044306965165,1.0996794476278628
nssp,"RSV ED visit percentage of total ED visits, all ages",2023-2024,Colorado,uptake_100,Uptake 100%; otherwise reference,0.6183023287080945,0.620108249520931,62168,Age under 1 year,2023,"U.S. Census Bureau Population Estimates Program, Vintage 2023 Annual Resident Population Estimates by Single Year of Age and Sex","https://api.census.gov/data/2023/pep/charv?get=NAME,POP,AGE_DESC,YEAR&for=state:*&YEAR=2023&AGE=0001&SEX=0",0.0018059208128364812,0.011774214704994403,11.774214704994403,late_oct_apr,Late Oct-Apr,baseline_oct_mar,Baseline Oct-Mar,"Pelletier et al. JAMA Network Open 2025 untreated infants: 2,535 RSV-associated hospitalizations among 215,301 untreated infants.","U.S. Census Bureau Population Estimates Program, Vintage 2023 Annual Resident Population Estimates by Single Year of Age and Sex, age under 1 year.",1.3218967965120072,1.3218967965120072,2.1263299390554744
nssp,"RSV ED visit percentage of total ED visits, all ages",2023-2024,Connecticut,uptake_100,Uptake 100%; otherwise reference,0.5510728316692428,0.5514388769244368,34935,Age under 1 year,2023,"U.S. Census Bureau Population Estimates Program, Vintage 2023 Annual Resident Population Estimates by Single Year of Age and Sex","https://api.census.gov/data/2023/pep/charv?get=NAME,POP,AGE_DESC,YEAR&for=state:*&YEAR=2023&AGE=0001&SEX=0",0.0003660452551940141,0.011774214704994403,11.774214704994403,late_oct_apr,Late Oct-Apr,baseline_oct_mar,Baseline Oct-Mar,"Pelletier et al. JAMA Network Open 2025 untreated infants: 2,535 RSV-associated hospitalizations among 215,301 untreated infants.","U.S. Census Bureau Population Estimates Program, Vintage 2023 Annual Resident Population Estimates by Single Year of Age and Sex, age under 1 year.",0.15056619672124172,0.15056619672124172,0.430989542639879
nssp,"RSV ED visit percentage of total ED visits, all ages",2023-2024,Delaware,uptake_100,Uptake 100%; otherwise reference,0.5101534452970158,0.5110680638353209,10745,Age under 1 year,2023,"U.S. Census Bureau Population Estimates Program, Vintage 2023 Annual Resident Population Estimates by Single Year of Age and Sex","https://api.census.gov/data/2023/pep/charv?get=NAME,POP,AGE_DESC,YEAR&for=state:*&YEAR=2023&AGE=0001&SEX=0",0.0009146185383051009,0.011774214704994403,11.774214704994403,late_oct_apr,Late Oct-Apr,baseline_oct_mar,Baseline Oct-Mar,"Pelletier et al. JAMA Network Open 2025 untreated infants: 2,535 RSV-associated hospitalizations among 215,301 untreated infants.","U.S. Census Bureau Population Estimates Program, Vintage 2023 Annual Resident Population Estimates by Single Year of Age and Sex, age under 1 year.",0.1157119921388875,0.1157119921388875,1.0768915043172407
nssp,"RSV ED visit percentage of total ED visits, all ages",2023-2024,District of Columbia,uptake_100,Uptake 100%; otherwise reference,0.45020549050721265,0.451060232846445,7791,Age under 1 year,2023,"U.S. Census Bureau Population Estimates Program, Vintage 2023 Annual Resident Population Estimates by Single Year of Age and Sex","https://api.census.gov/data/2023/pep/charv?get=NAME,POP,AGE_DESC,YEAR&for=state:*&YEAR=2023&AGE=0001&SEX=0",0.0008547423392323283,0.011774214704994403,11.774214704994403,late_oct_apr,Late Oct-Apr,baseline_oct_mar,Baseline Oct-Mar,"Pelletier et al. JAMA Network Open 2025 untreated infants: 2,535 RSV-associated hospitalizations among 215,301 untreated infants.","U.S. Census Bureau Population Estimates Program, Vintage 2023 Annual Resident Population Estimates by Single Year of Age and Sex, age under 1 year.",0.0784079993142745,0.0784079993142745,1.0063919819570595
nssp,"RSV ED visit percentage of total ED visits, all ages",2023-2024,Florida,uptake_100,Uptake 100%; otherwise reference,0.4025746871881973,0.40490064459591046,224670,Age under 1 year,2023,"U.S. Census Bureau Population Estimates Program, Vintage 2023 Annual Resident Population Estimates by Single Year of Age and Sex","https://api.census.gov/data/2023/pep/charv?get=NAME,POP,AGE_DESC,YEAR&for=state:*&YEAR=2023&AGE=0001&SEX=0",0.002325957407713186,0.011774214704994403,11.774214704994403,late_oct_apr,Late Oct-Apr,baseline_oct_mar,Baseline Oct-Mar,"Pelletier et al. JAMA Network Open 2025 untreated infants: 2,535 RSV-associated hospitalizations among 215,301 untreated infants.","U.S. Census Bureau Population Estimates Program, Vintage 2023 Annual Resident Population Estimates by Single Year of Age and Sex, age under 1 year.",6.152884944213314,6.152884944213314,2.738632191308726
nssp,"RSV ED visit percentage of total ED visits, all ages",2023-2024,Georgia,uptake_100,Uptake 100%; otherwise reference,0.4210296378978669,0.42291072089329207,125156,Age under 1 year,2023,"U.S. Census Bureau Population Estimates Program, Vintage 2023 Annual Resident Population Estimates by Single Year of Age and Sex","https://api.census.gov/data/2023/pep/charv?get=NAME,POP,AGE_DESC,YEAR&for=state:*&YEAR=2023&AGE=0001&SEX=0",0.001881082995425165,0.011774214704994403,11.774214704994403,late_oct_apr,Late Oct-Apr,baseline_oct_mar,Baseline Oct-Mar,"Pelletier et al. JAMA Network Open 2025 untreated infants: 2,535 RSV-associated hospitalizations among 215,301 untreated infants.","U.S. Census Bureau Population Estimates Program, Vintage 2023 Annual Resident Population Estimates by Single Year of Age and Sex, age under 1 year.",2.771989514166541,2.771989514166541,2.21482750660499
nssp,"RSV ED visit percentage of total ED visits, all ages",2023-2024,Hawaii,uptake_100,Uptake 100%; otherwise reference,0.49730239213499855,0.49878817136623665,15147,Age under 1 year,2023,"U.S. Census Bureau Population Estimates Program, Vintage 2023 Annual Resident Population Estimates by Single Year of Age and Sex","https://api.census.gov/data/2023/pep/charv?get=NAME,POP,AGE_DESC,YEAR&for=state:*&YEAR=2023&AGE=0001&SEX=0",0.0014857792312381046,0.011774214704994403,11.774214704994403,late_oct_apr,Late Oct-Apr,baseline_oct_mar,Baseline Oct-Mar,"Pelletier et al. JAMA Network Open 2025 untreated infants: 2,535 RSV-associated hospitalizations among 215,301 untreated infants.","U.S. Census Bureau Population Estimates Program, Vintage 2023 Annual Resident Population Estimates by Single Year of Age and Sex, age under 1 year.",0.264979855992189,0.264979855992189,1.7493883672818973
nssp,"RSV ED visit percentage of total ED visits, all ages",2023-2024,Idaho,uptake_100,Uptake 100%; otherwise reference,0.6384732406302841,0.6410390617497979,22331,Age under 1 year,2023,"U.S. Census Bureau Population Estimates Program, Vintage 2023 Annual Resident Population Estimates by Single Year of Age and Sex","https://api.census.gov/data/2023/pep/charv?get=NAME,POP,AGE_DESC,YEAR&for=state:*&YEAR=2023&AGE=0001&SEX=0",0.002565821119513756,0.011774214704994403,11.774214704994403,late_oct_apr,Late Oct-Apr,baseline_oct_mar,Baseline Oct-Mar,"Pelletier et al. JAMA Network Open 2025 untreated infants: 2,535 RSV-associated hospitalizations among 215,301 untreated infants.","U.S. Census Bureau Population Estimates Program, Vintage 2023 Annual Resident Population Estimates by Single Year of Age and Sex, age under 1 year.",0.6746313176449673,0.6746313176449673,3.021052875576407
nssp,"RSV ED visit percentage of total ED visits, all ages",2023-2024,Illinois,uptake_100,Uptake 100%; otherwise reference,0.565870277170257,0.567449433983739,126792,Age under 1 year,2023,"U.S. Census Bureau Population Estimates Program, Vintage 2023 Annual Resident Population Estimates by Single Year of Age and Sex","https://api.census.gov/data/2023/pep/charv?get=NAME,POP,AGE_DESC,YEAR&for=state:*&YEAR=2023&AGE=0001&SEX=0",0.0015791568134820855,0.011774214704994403,11.774214704994403,late_oct_apr,Late Oct-Apr,baseline_oct_mar,Baseline Oct-Mar,"Pelletier et al. JAMA Network Open 2025 untreated infants: 2,535 RSV-associated hospitalizations among 215,301 untreated infants.","U.S. Census Bureau Population Estimates Program, Vintage 2023 Annual Resident Population Estimates by Single Year of Age and Sex, age under 1 year.",2.3574856716727384,2.3574856716727384,1.8593331374792876
nssp,"RSV ED visit percentage of total ED visits, all ages",2023-2024,Indiana,uptake_100,Uptake 100%; otherwise reference,0.5671595991713988,0.5683625879335094,79101,Age under 1 year,2023,"U.S. Census Bureau Population Estimates Program, Vintage 2023 Annual Resident Population Estimates by Single Year of Age and Sex","https://api.census.gov/data/2023/pep/charv?get=NAME,POP,AGE_DESC,YEAR&for=state:*&YEAR=2023&AGE=0001&SEX=0",0.0012029887621105573,0.011774214704994403,11.774214704994403,late_oct_apr,Late Oct-Apr,baseline_oct_mar,Baseline Oct-Mar,"Pelletier et al. JAMA Network Open 2025 untreated infants: 2,535 RSV-associated hospitalizations among 215,301 untreated infants.","U.S. Census Bureau Population Estimates Program, Vintage 2023 Annual Resident Population Estimates by Single Year of Age and Sex, age under 1 year.",1.120406178895277,1.120406178895277,1.4164247972785138
nssp,"RSV ED visit percentage of total ED visits, all ages",2023-2024,Iowa,uptake_100,Uptake 100%; otherwise reference,0.6234547811638332,0.6253700576635159,36766,Age under 1 year,2023,"U.S. Census Bureau Population Estimates Program, Vintage 2023 Annual Resident Population Estimates by Single Year of Age and Sex","https://api.census.gov/data/2023/pep/charv?get=NAME,POP,AGE_DESC,YEAR&for=state:*&YEAR=2023&AGE=0001&SEX=0",0.0019152764996827054,0.011774214704994403,11.774214704994403,late_oct_apr,Late Oct-Apr,baseline_oct_mar,Baseline Oct-Mar,"Pelletier et al. JAMA Network Open 2025 untreated infants: 2,535 RSV-associated hospitalizations among 215,301 untreated infants.","U.S. Census Bureau Population Estimates Program, Vintage 2023 Annual Resident Population Estimates by Single Year of Age and Sex, age under 1 year.",0.8291055337336433,0.8291055337336433,2.2550876726694318
nssp,"RSV ED visit percentage of total ED visits, all ages",2023-2024,Kansas,uptake_100,Uptake 100%; otherwise reference,0.6146608299593386,0.6167057125807501,34590,Age under 1 year,2023,"U.S. Census Bureau Population Estimates Program, Vintage 2023 Annual Resident Population Estimates by Single Year of Age and Sex","https://api.census.gov/data/2023/pep/charv?get=NAME,POP,AGE_DESC,YEAR&for=state:*&YEAR=2023&AGE=0001&SEX=0",0.002044882621411559,0.011774214704994403,11.774214704994403,late_oct_apr,Late Oct-Apr,baseline_oct_mar,Baseline Oct-Mar,"Pelletier et al. JAMA Network Open 2025 untreated infants: 2,535 RSV-associated hospitalizations among 215,301 untreated infants.","U.S. Census Bureau Population Estimates Program, Vintage 2023 Annual Resident Population Estimates by Single Year of Age and Sex, age under 1 year.",0.8328195224026871,0.8328195224026871,2.4076887031011482
nssp,"RSV ED visit percentage of total ED visits, all ages",2023-2024,Kentucky,uptake_100,Uptake 100%; otherwise reference,0.5525810694218365,0.5534930096632086,52111,Age under 1 year,2023,"U.S. Census Bureau Population Estimates Program, Vintage 2023 Annual Resident Population Estimates by Single Year of Age and Sex","https://api.census.gov/data/2023/pep/charv?get=NAME,POP,AGE_DESC,YEAR&for=state:*&YEAR=2023&AGE=0001&SEX=0",0.000911940241372089,0.011774214704994403,11.774214704994403,late_oct_apr,Late Oct-Apr,baseline_oct_mar,Baseline Oct-Mar,"Pelletier et al. JAMA Network Open 2025 untreated infants: 2,535 RSV-associated hospitalizations among 215,301 untreated infants.","U.S. Census Bureau Population Estimates Program, Vintage 2023 Annual Resident Population Estimates by Single Year of Age and Sex, age under 1 year.",0.5595356196042529,0.5595356196042529,1.0737380200039395
nssp,"RSV ED visit percentage of total ED visits, all ages",2023-2024,Louisiana,uptake_100,Uptake 100%; otherwise reference,0.48032128044948125,0.4814903084875712,55838,Age under 1 year,2023,"U.S. Census Bureau Population Estimates Program, Vintage 2023 Annual Resident Population Estimates by Single Year of Age and Sex","https://api.census.gov/data/2023/pep/charv?get=NAME,POP,AGE_DESC,YEAR&for=state:*&YEAR=2023&AGE=0001&SEX=0",0.0011690280380899365,0.011774214704994403,11.774214704994403,late_oct_apr,Late Oct-Apr,baseline_oct_mar,Baseline Oct-Mar,"Pelletier et al. JAMA Network Open 2025 untreated infants: 2,535 RSV-associated hospitalizations among 215,301 untreated infants.","U.S. Census Bureau Population Estimates Program, Vintage 2023 Annual Resident Population Estimates by Single Year of Age and Sex, age under 1 year.",0.7685758478183461,0.7685758478183461,1.3764387116629289
nssp,"RSV ED visit percentage of total ED visits, all ages",2023-2024,Maine,uptake_100,Uptake 100%; otherwise reference,0.6167625815521267,0.6178957963706052,11892,Age under 1 year,2023,"U.S. Census Bureau Population Estimates Program, Vintage 2023 Annual Resident Population Estimates by Single Year of Age and Sex","https://api.census.gov/data/2023/pep/charv?get=NAME,POP,AGE_DESC,YEAR&for=state:*&YEAR=2023&AGE=0001&SEX=0",0.0011332148184785007,0.011774214704994403,11.774214704994403,late_oct_apr,Late Oct-Apr,baseline_oct_mar,Baseline Oct-Mar,"Pelletier et al. JAMA Network Open 2025 untreated infants: 2,535 RSV-associated hospitalizations among 215,301 untreated infants.","U.S. Census Bureau Population Estimates Program, Vintage 2023 Annual Resident Population Estimates by Single Year of Age and Sex, age under 1 year.",0.15867156178116362,0.15867156178116362,1.3342714579647126
nssp,"RSV ED visit percentage of total ED visits, all ages",2023-2024,Maryland,uptake_100,Uptake 100%; otherwise reference,0.5175345766990961,0.5184939840779667,68060,Age under 1 year,2023,"U.S. Census Bureau Population Estimates Program, Vintage 2023 Annual Resident Population Estimates by Single Year of Age and Sex","https://api.census.gov/data/2023/pep/charv?get=NAME,POP,AGE_DESC,YEAR&for=state:*&YEAR=2023&AGE=0001&SEX=0",0.0009594073788705693,0.011774214704994403,11.774214704994403,late_oct_apr,Late Oct-Apr,baseline_oct_mar,Baseline Oct-Mar,"Pelletier et al. JAMA Network Open 2025 untreated infants: 2,535 RSV-associated hospitalizations among 215,301 untreated infants.","U.S. Census Bureau Population Estimates Program, Vintage 2023 Annual Resident Population Estimates by Single Year of Age and Sex, age under 1 year.",0.7688240319578062,0.7688240319578062,1.1296268468377995
nssp,"RSV ED visit percentage of total ED visits, all ages",2023-2024,Massachusetts,uptake_100,Uptake 100%; otherwise reference,0.5372671195729147,0.5384113655662531,69103,Age under 1 year,2023,"U.S. Census Bureau Population Estimates Program, Vintage 2023 Annual Resident Population Estimates by Single Year of Age and Sex","https://api.census.gov/data/2023/pep/charv?get=NAME,POP,AGE_DESC,YEAR&for=state:*&YEAR=2023&AGE=0001&SEX=0",0.0011442459933383997,0.011774214704994403,11.774214704994403,late_oct_apr,Late Oct-Apr,baseline_oct_mar,Baseline Oct-Mar,"Pelletier et al. JAMA Network Open 2025 untreated infants: 2,535 RSV-associated hospitalizations among 215,301 untreated infants.","U.S. Census Bureau Population Estimates Program, Vintage 2023 Annual Resident Population Estimates by Single Year of Age and Sex, age under 1 year.",0.9309969396559102,0.9309969396559102,1.3472598000895915
nssp,"RSV ED visit percentage of total ED visits, all ages",2023-2024,Michigan,uptake_100,Uptake 100%; otherwise reference,0.5986497041425259,0.5999620409192352,101385,Age under 1 year,2023,"U.S. Census Bureau Population Estimates Program, Vintage 2023 Annual Resident Population Estimates by Single Year of Age and Sex","https://api.census.gov/data/2023/pep/charv?get=NAME,POP,AGE_DESC,YEAR&for=state:*&YEAR=2023&AGE=0001&SEX=0",0.0013123367767092775,0.011774214704994403,11.774214704994403,late_oct_apr,Late Oct-Apr,baseline_oct_mar,Baseline Oct-Mar,"Pelletier et al. JAMA Network Open 2025 untreated infants: 2,535 RSV-associated hospitalizations among 215,301 untreated infants.","U.S. Census Bureau Population Estimates Program, Vintage 2023 Annual Resident Population Estimates by Single Year of Age and Sex, age under 1 year.",1.566574150362849,1.566574150362849,1.5451734974235332
nssp,"RSV ED visit percentage of total ED visits, all ages",2023-2024,Minnesota,uptake_100,Uptake 100%; otherwise reference,0.6172716336726909,0.6187150611430386,63637,Age under 1 year,2023,"U.S. Census Bureau Population Estimates Program, Vintage 2023 Annual Resident Population Estimates by Single Year of Age and Sex","https://api.census.gov/data/2023/pep/charv?get=NAME,POP,AGE_DESC,YEAR&for=state:*&YEAR=2023&AGE=0001&SEX=0",0.0014434274703477579,0.011774214704994403,11.774214704994403,late_oct_apr,Late Oct-Apr,baseline_oct_mar,Baseline Oct-Mar,"Pelletier et al. JAMA Network Open 2025 untreated infants: 2,535 RSV-associated hospitalizations among 215,301 untreated infants.","U.S. Census Bureau Population Estimates Program, Vintage 2023 Annual Resident Population Estimates by Single Year of Age and Sex, age under 1 year.",1.0815251299497852,1.0815251299497852,1.6995224946961445
nssp,"RSV ED visit percentage of total ED visits, all ages",2023-2024,Mississippi,uptake_100,Uptake 100%; otherwise reference,0.4225788643664646,0.4243100875526617,34372,Age under 1 year,2023,"U.S. Census Bureau Population Estimates Program, Vintage 2023 Annual Resident Population Estimates by Single Year of Age and Sex","https://api.census.gov/data/2023/pep/charv?get=NAME,POP,AGE_DESC,YEAR&for=state:*&YEAR=2023&AGE=0001&SEX=0",0.0017312231861971172,0.011774214704994403,11.774214704994403,late_oct_apr,Late Oct-Apr,baseline_oct_mar,Baseline Oct-Mar,"Pelletier et al. JAMA Network Open 2025 untreated infants: 2,535 RSV-associated hospitalizations among 215,301 untreated infants.","U.S. Census Bureau Population Estimates Program, Vintage 2023 Annual Resident Population Estimates by Single Year of Age and Sex, age under 1 year.",0.7006317500633946,0.7006317500633946,2.038379349654936
nssp,"RSV ED visit percentage of total ED visits, all ages",2023-2024,Montana,uptake_100,Uptake 100%; otherwise reference,0.668591522533884,0.6719156662220276,11266,Age under 1 year,2023,"U.S. Census Bureau Population Estimates Program, Vintage 2023 Annual Resident Population Estimates by Single Year of Age and Sex","https://api.census.gov/data/2023/pep/charv?get=NAME,POP,AGE_DESC,YEAR&for=state:*&YEAR=2023&AGE=0001&SEX=0",0.0033241436881435993,0.011774214704994403,11.774214704994403,late_oct_apr,Late Oct-Apr,baseline_oct_mar,Baseline Oct-Mar,"Pelletier et al. JAMA Network Open 2025 untreated infants: 2,535 RSV-associated hospitalizations among 215,301 untreated infants.","U.S. Census Bureau Population Estimates Program, Vintage 2023 Annual Resident Population Estimates by Single Year of Age and Sex, age under 1 year.",0.44094201871652655,0.44094201871652655,3.91391814944547
nssp,"RSV ED visit percentage of total ED visits, all ages",2023-2024,Nebraska,uptake_100,Uptake 100%; otherwise reference,0.6156237351983108,0.6180457172473854,24144,Age under 1 year,2023,"U.S. Census Bureau Population Estimates Program, Vintage 2023 Annual Resident Population Estimates by Single Year of Age and Sex","https://api.census.gov/data/2023/pep/charv?get=NAME,POP,AGE_DESC,YEAR&for=state:*&YEAR=2023&AGE=0001&SEX=0",0.0024219820490746224,0.011774214704994403,11.774214704994403,late_oct_apr,Late Oct-Apr,baseline_oct_mar,Baseline Oct-Mar,"Pelletier et al. JAMA Network Open 2025 untreated infants: 2,535 RSV-associated hospitalizations among 215,301 untreated infants.","U.S. Census Bureau Population Estimates Program, Vintage 2023 Annual Resident Population Estimates by Single Year of Age and Sex, age under 1 year.",0.6885129186573979,0.6885129186573979,2.8516936657446896
nssp,"RSV ED visit percentage of total ED visits, all ages",2023-2024,Nevada,uptake_100,Uptake 100%; otherwise reference,0.6033292941422957,0.6049486694447299,32716,Age under 1 year,2023,"U.S. Census Bureau Population Estimates Program, Vintage 2023 Annual Resident Population Estimates by Single Year of Age and Sex","https://api.census.gov/data/2023/pep/charv?get=NAME,POP,AGE_DESC,YEAR&for=state:*&YEAR=2023&AGE=0001&SEX=0",0.0016193753024341673,0.011774214704994403,11.774214704994403,late_oct_apr,Late Oct-Apr,baseline_oct_mar,Baseline Oct-Mar,"Pelletier et al. JAMA Network Open 2025 untreated infants: 2,535 RSV-associated hospitalizations among 215,301 untreated infants.","U.S. Census Bureau Population Estimates Program, Vintage 2023 Annual Resident Population Estimates by Single Year of Age and Sex, age under 1 year.",0.623791800671563,0.623791800671563,1.9066872498825131
nssp,"RSV ED visit percentage of total ED visits, all ages",2023-2024,New Hampshire,uptake_100,Uptake 100%; otherwise reference,0.5911861810170427,0.5919659662155753,12164,Age under 1 year,2023,"U.S. Census Bureau Population Estimates Program, Vintage 2023 Annual Resident Population Estimates by Single Year of Age and Sex","https://api.census.gov/data/2023/pep/charv?get=NAME,POP,AGE_DESC,YEAR&for=state:*&YEAR=2023&AGE=0001&SEX=0",0.0007797851985326121,0.011774214704994403,11.774214704994403,late_oct_apr,Late Oct-Apr,baseline_oct_mar,Baseline Oct-Mar,"Pelletier et al. JAMA Network Open 2025 untreated infants: 2,535 RSV-associated hospitalizations among 215,301 untreated infants.","U.S. Census Bureau Population Estimates Program, Vintage 2023 Annual Resident Population Estimates by Single Year of Age and Sex, age under 1 year.",0.11168204298520908,0.11168204298520908,0.9181358351299662
nssp,"RSV ED visit percentage of total ED visits, all ages",2023-2024,New Jersey,uptake_100,Uptake 100%; otherwise reference,0.5336381236563309,0.5346816251785186,102477,Age under 1 year,2023,"U.S. Census Bureau Population Estimates Program, Vintage 2023 Annual Resident Population Estimates by Single Year of Age and Sex","https://api.census.gov/data/2023/pep/charv?get=NAME,POP,AGE_DESC,YEAR&for=state:*&YEAR=2023&AGE=0001&SEX=0",0.0010435015221876842,0.011774214704994403,11.774214704994403,late_oct_apr,Late Oct-Apr,baseline_oct_mar,Baseline Oct-Mar,"Pelletier et al. JAMA Network Open 2025 untreated infants: 2,535 RSV-associated hospitalizations among 215,301 untreated infants.","U.S. Census Bureau Population Estimates Program, Vintage 2023 Annual Resident Population Estimates by Single Year of Age and Sex, age under 1 year.",1.259074536688447,1.259074536688447,1.2286410967226276
nssp,"RSV ED visit percentage of total ED visits, all ages",2023-2024,New Mexico,uptake_100,Uptake 100%; otherwise reference,0.6057260309901615,0.6065168097265592,20589,Age under 1 year,2023,"U.S. Census Bureau Population Estimates Program, Vintage 2023 Annual Resident Population Estimates by Single Year of Age and Sex","https://api.census.gov/data/2023/pep/charv?get=NAME,POP,AGE_DESC,YEAR&for=state:*&YEAR=2023&AGE=0001&SEX=0",0.0007907787363976571,0.011774214704994403,11.774214704994403,late_oct_apr,Late Oct-Apr,baseline_oct_mar,Baseline Oct-Mar,"Pelletier et al. JAMA Network Open 2025 untreated infants: 2,535 RSV-associated hospitalizations among 215,301 untreated infants.","U.S. Census Bureau Population Estimates Program, Vintage 2023 Annual Resident Population Estimates by Single Year of Age and Sex, age under 1 year.",0.19170003292080645,0.19170003292080645,0.9310798626490187
nssp,"RSV ED visit percentage of total ED visits, all ages",2023-2024,New York,uptake_100,Uptake 100%; otherwise reference,0.5615772142807377,0.5627122051688076,209673,Age under 1 year,2023,"U.S. Census Bureau Population Estimates Program, Vintage 2023 Annual Resident Population Estimates by Single Year of Age and Sex","https://api.census.gov/data/2023/pep/charv?get=NAME,POP,AGE_DESC,YEAR&for=state:*&YEAR=2023&AGE=0001&SEX=0",0.0011349908880698978,0.011774214704994403,11.774214704994403,late_oct_apr,Late Oct-Apr,baseline_oct_mar,Baseline Oct-Mar,"Pelletier et al. JAMA Network Open 2025 untreated infants: 2,535 RSV-associated hospitalizations among 215,301 untreated infants.","U.S. Census Bureau Population Estimates Program, Vintage 2023 Annual Resident Population Estimates by Single Year of Age and Sex, age under 1 year.",2.8019916390787,2.8019916390787,1.3363626404347249
nssp,"RSV ED visit percentage of total ED visits, all ages",2023-2024,North Carolina,uptake_100,Uptake 100%; otherwise reference,0.5486122694289981,0.5496442043510541,120602,Age under 1 year,2023,"U.S. Census Bureau Population Estimates Program, Vintage 2023 Annual Resident Population Estimates by Single Year of Age and Sex","https://api.census.gov/data/2023/pep/charv?get=NAME,POP,AGE_DESC,YEAR&for=state:*&YEAR=2023&AGE=0001&SEX=0",0.0010319349220559992,0.011774214704994403,11.774214704994403,late_oct_apr,Late Oct-Apr,baseline_oct_mar,Baseline Oct-Mar,"Pelletier et al. JAMA Network Open 2025 untreated infants: 2,535 RSV-associated hospitalizations among 215,301 untreated infants.","U.S. Census Bureau Population Estimates Program, Vintage 2023 Annual Resident Population Estimates by Single Year of Age and Sex, age under 1 year.",1.465341234511269,1.465341234511269,1.2150223333869
nssp,"RSV ED visit percentage of total ED visits, all ages",2023-2024,North Dakota,uptake_100,Uptake 100%; otherwise reference,0.6414365984964279,0.643513372270253,9626,Age under 1 year,2023,"U.S. Census Bureau Population Estimates Program, Vintage 2023 Annual Resident Population Estimates by Single Year of Age and Sex","https://api.census.gov/data/2023/pep/charv?get=NAME,POP,AGE_DESC,YEAR&for=state:*&YEAR=2023&AGE=0001&SEX=0",0.0020767737738250913,0.011774214704994403,11.774214704994403,late_oct_apr,Late Oct-Apr,baseline_oct_mar,Baseline Oct-Mar,"Pelletier et al. JAMA Network Open 2025 untreated infants: 2,535 RSV-associated hospitalizations among 215,301 untreated infants.","U.S. Census Bureau Population Estimates Program, Vintage 2023 Annual Resident Population Estimates by Single Year of Age and Sex, age under 1 year.",0.23537861283246853,0.23537861283246853,2.445238030671811
nssp,"RSV ED visit percentage of total ED visits, all ages",2023-2024,Ohio,uptake_100,Uptake 100%; otherwise reference,0.5892024759696998,0.5904418868377758,128059,Age under 1 year,2023,"U.S. Census Bureau Population Estimates Program, Vintage 2023 Annual Resident Population Estimates by Single Year of Age and Sex","https://api.census.gov/data/2023/pep/charv?get=NAME,POP,AGE_DESC,YEAR&for=state:*&YEAR=2023&AGE=0001&SEX=0",0.0012394108680759963,0.011774214704994403,11.774214704994403,late_oct_apr,Late Oct-Apr,baseline_oct_mar,Baseline Oct-Mar,"Pelletier et al. JAMA Network Open 2025 untreated infants: 2,535 RSV-associated hospitalizations among 215,301 untreated infants.","U.S. Census Bureau Population Estimates Program, Vintage 2023 Annual Resident Population Estimates by Single Year of Age and Sex, age under 1 year.",1.8687764698495124,1.8687764698495124,1.4593089668430275
nssp,"RSV ED visit percentage of total ED visits, all ages",2023-2024,Oklahoma,uptake_100,Uptake 100%; otherwise reference,0.5878732483149981,0.588702845217298,47714,Age under 1 year,2023,"U.S. Census Bureau Population Estimates Program, Vintage 2023 Annual Resident Population Estimates by Single Year of Age and Sex","https://api.census.gov/data/2023/pep/charv?get=NAME,POP,AGE_DESC,YEAR&for=state:*&YEAR=2023&AGE=0001&SEX=0",0.0008295969022998895,0.011774214704994403,11.774214704994403,late_oct_apr,Late Oct-Apr,baseline_oct_mar,Baseline Oct-Mar,"Pelletier et al. JAMA Network Open 2025 untreated infants: 2,535 RSV-associated hospitalizations among 215,301 untreated infants.","U.S. Census Bureau Population Estimates Program, Vintage 2023 Annual Resident Population Estimates by Single Year of Age and Sex, age under 1 year.",0.46606329253606865,0.46606329253606865,0.9767852046277165
nssp,"RSV ED visit percentage of total ED visits, all ages",2023-2024,Oregon,uptake_100,Uptake 100%; otherwise reference,0.6102631382164833,0.6119719569752432,38904,Age under 1 year,2023,"U.S. Census Bureau Population Estimates Program, Vintage 2023 Annual Resident Population Estimates by Single Year of Age and Sex","https://api.census.gov/data/2023/pep/charv?get=NAME,POP,AGE_DESC,YEAR&for=state:*&YEAR=2023&AGE=0001&SEX=0",0.0017088187587599446,0.011774214704994403,11.774214704994403,late_oct_apr,Late Oct-Apr,baseline_oct_mar,Baseline Oct-Mar,"Pelletier et al. JAMA Network Open 2025 untreated infants: 2,535 RSV-associated hospitalizations among 215,301 untreated infants.","U.S. Census Bureau Population Estimates Program, Vintage 2023 Annual Resident Population Estimates by Single Year of Age and Sex, age under 1 year.",0.7827484394449774,0.7827484394449774,2.0119998957561624
nssp,"RSV ED visit percentage of total ED visits, all ages",2023-2024,Pennsylvania,uptake_100,Uptake 100%; otherwise reference,0.5749087875187735,0.5757207025414584,128878,Age under 1 year,2023,"U.S. Census Bureau Population Estimates Program, Vintage 2023 Annual Resident Population Estimates by Single Year of Age and Sex","https://api.census.gov/data/2023/pep/charv?get=NAME,POP,AGE_DESC,YEAR&for=state:*&YEAR=2023&AGE=0001&SEX=0",0.0008119150226848504,0.011774214704994403,11.774214704994403,late_oct_apr,Late Oct-Apr,baseline_oct_mar,Baseline Oct-Mar,"Pelletier et al. JAMA Network Open 2025 untreated infants: 2,535 RSV-associated hospitalizations among 215,301 untreated infants.","U.S. Census Bureau Population Estimates Program, Vintage 2023 Annual Resident Population Estimates by Single Year of Age and Sex, age under 1 year.",1.2320300933704214,1.2320300933704214,0.9559661799301831
nssp,"RSV ED visit percentage of total ED visits, all ages",2023-2024,Rhode Island,uptake_100,Uptake 100%; otherwise reference,0.5535380139625509,0.5542044246198247,10018,Age under 1 year,2023,"U.S. Census Bureau Population Estimates Program, Vintage 2023 Annual Resident Population Estimates by Single Year of Age and Sex","https://api.census.gov/data/2023/pep/charv?get=NAME,POP,AGE_DESC,YEAR&for=state:*&YEAR=2023&AGE=0001&SEX=0",0.0006664106572737971,0.011774214704994403,11.774214704994403,late_oct_apr,Late Oct-Apr,baseline_oct_mar,Baseline Oct-Mar,"Pelletier et al. JAMA Network Open 2025 untreated infants: 2,535 RSV-associated hospitalizations among 215,301 untreated infants.","U.S. Census Bureau Population Estimates Program, Vintage 2023 Annual Resident Population Estimates by Single Year of Age and Sex, age under 1 year.",0.07860585792326916,0.07860585792326916,0.7846462160438128
nssp,"RSV ED visit percentage of total ED visits, all ages",2023-2024,South Carolina,uptake_100,Uptake 100%; otherwise reference,0.4845940378995006,0.48568384352408867,57279,Age under 1 year,2023,"U.S. Census Bureau Population Estimates Program, Vintage 2023 Annual Resident Population Estimates by Single Year of Age and Sex","https://api.census.gov/data/2023/pep/charv?get=NAME,POP,AGE_DESC,YEAR&for=state:*&YEAR=2023&AGE=0001&SEX=0",0.0010898056245880472,0.011774214704994403,11.774214704994403,late_oct_apr,Late Oct-Apr,baseline_oct_mar,Baseline Oct-Mar,"Pelletier et al. JAMA Network Open 2025 untreated infants: 2,535 RSV-associated hospitalizations among 215,301 untreated infants.","U.S. Census Bureau Population Estimates Program, Vintage 2023 Annual Resident Population Estimates by Single Year of Age and Sex, age under 1 year.",0.7349815263143413,0.7349815263143413,1.2831605410610196
nssp,"RSV ED visit percentage of total ED visits, all ages",2023-2024,South Dakota,uptake_100,Uptake 100%; otherwise reference,0.6681329682576186,0.6721299264705045,11434,Age under 1 year,2023,"U.S. Census Bureau Population Estimates Program, Vintage 2023 Annual Resident Population Estimates by Single Year of Age and Sex","https://api.census.gov/data/2023/pep/charv?get=NAME,POP,AGE_DESC,YEAR&for=state:*&YEAR=2023&AGE=0001&SEX=0",0.003996958212885926,0.011774214704994403,11.774214704994403,late_oct_apr,Late Oct-Apr,baseline_oct_mar,Baseline Oct-Mar,"Pelletier et al. JAMA Network Open 2025 untreated infants: 2,535 RSV-associated hospitalizations among 215,301 untreated infants.","U.S. Census Bureau Population Estimates Program, Vintage 2023 Annual Resident Population Estimates by Single Year of Age and Sex, age under 1 year.",0.5380959789872936,0.5380959789872936,4.7061044165409625
nssp,"RSV ED visit percentage of total ED visits, all ages",2023-2024,Tennessee,uptake_100,Uptake 100%; otherwise reference,0.4986695874305241,0.5003150175186105,81959,Age under 1 year,2023,"U.S. Census Bureau Population Estimates Program, Vintage 2023 Annual Resident Population Estimates by Single Year of Age and Sex","https://api.census.gov/data/2023/pep/charv?get=NAME,POP,AGE_DESC,YEAR&for=state:*&YEAR=2023&AGE=0001&SEX=0",0.0016454300880864303,0.011774214704994403,11.774214704994403,late_oct_apr,Late Oct-Apr,baseline_oct_mar,Baseline Oct-Mar,"Pelletier et al. JAMA Network Open 2025 untreated infants: 2,535 RSV-associated hospitalizations among 215,301 untreated infants.","U.S. Census Bureau Population Estimates Program, Vintage 2023 Annual Resident Population Estimates by Single Year of Age and Sex, age under 1 year.",1.587844745880667,1.587844745880667,1.9373647139187484
nssp,"RSV ED visit percentage of total ED visits, all ages",2023-2024,Texas,uptake_100,Uptake 100%; otherwise reference,0.48864088520793897,0.49026519568260035,389814,Age under 1 year,2023,"U.S. Census Bureau Population Estimates Program, Vintage 2023 Annual Resident Population Estimates by Single Year of Age and Sex","https://api.census.gov/data/2023/pep/charv?get=NAME,POP,AGE_DESC,YEAR&for=state:*&YEAR=2023&AGE=0001&SEX=0",0.0016243104746613835,0.011774214704994403,11.774214704994403,late_oct_apr,Late Oct-Apr,baseline_oct_mar,Baseline Oct-Mar,"Pelletier et al. JAMA Network Open 2025 untreated infants: 2,535 RSV-associated hospitalizations among 215,301 untreated infants.","U.S. Census Bureau Population Estimates Program, Vintage 2023 Annual Resident Population Estimates by Single Year of Age and Sex, age under 1 year.",7.455185061400075,7.455185061400075,1.91249802762345
nssp,"RSV ED visit percentage of total ED visits, all ages",2023-2024,Utah,uptake_100,Uptake 100%; otherwise reference,0.6362889778675898,0.6374626102126337,45759,Age under 1 year,2023,"U.S. Census Bureau Population Estimates Program, Vintage 2023 Annual Resident Population Estimates by Single Year of Age and Sex","https://api.census.gov/data/2023/pep/charv?get=NAME,POP,AGE_DESC,YEAR&for=state:*&YEAR=2023&AGE=0001&SEX=0",0.0011736323450439734,0.011774214704994403,11.774214704994403,late_oct_apr,Late Oct-Apr,baseline_oct_mar,Baseline Oct-Mar,"Pelletier et al. JAMA Network Open 2025 untreated infants: 2,535 RSV-associated hospitalizations among 215,301 untreated infants.","U.S. Census Bureau Population Estimates Program, Vintage 2023 Annual Resident Population Estimates by Single Year of Age and Sex, age under 1 year.",0.6323252814917145,0.6323252814917145,1.3818599215273817
nssp,"RSV ED visit percentage of total ED visits, all ages",2023-2024,Vermont,uptake_100,Uptake 100%; otherwise reference,0.6319358425131245,0.6333168290040448,5112,Age under 1 year,2023,"U.S. Census Bureau Population Estimates Program, Vintage 2023 Annual Resident Population Estimates by Single Year of Age and Sex","https://api.census.gov/data/2023/pep/charv?get=NAME,POP,AGE_DESC,YEAR&for=state:*&YEAR=2023&AGE=0001&SEX=0",0.0013809864909203329,0.011774214704994403,11.774214704994403,late_oct_apr,Late Oct-Apr,baseline_oct_mar,Baseline Oct-Mar,"Pelletier et al. JAMA Network Open 2025 untreated infants: 2,535 RSV-associated hospitalizations among 215,301 untreated infants.","U.S. Census Bureau Population Estimates Program, Vintage 2023 Annual Resident Population Estimates by Single Year of Age and Sex, age under 1 year.",0.08312128076622881,0.08312128076622881,1.6260031448792804
nssp,"RSV ED visit percentage of total ED visits, all ages",2023-2024,Virginia,uptake_100,Uptake 100%; otherwise reference,0.5023559921649364,0.5034234017842094,95290,Age under 1 year,2023,"U.S. Census Bureau Population Estimates Program, Vintage 2023 Annual Resident Population Estimates by Single Year of Age and Sex","https://api.census.gov/data/2023/pep/charv?get=NAME,POP,AGE_DESC,YEAR&for=state:*&YEAR=2023&AGE=0001&SEX=0",0.0010674096192729854,0.011774214704994403,11.774214704994403,late_oct_apr,Late Oct-Apr,baseline_oct_mar,Baseline Oct-Mar,"Pelletier et al. JAMA Network Open 2025 untreated infants: 2,535 RSV-associated hospitalizations among 215,301 untreated infants.","U.S. Census Bureau Population Estimates Program, Vintage 2023 Annual Resident Population Estimates by Single Year of Age and Sex, age under 1 year.",1.197596147282458,1.197596147282458,1.2567910035496463
nssp,"RSV ED visit percentage of total ED visits, all ages",2023-2024,Washington,uptake_100,Uptake 100%; otherwise reference,0.6019991645351849,0.6031494195514147,82456,Age under 1 year,2023,"U.S. Census Bureau Population Estimates Program, Vintage 2023 Annual Resident Population Estimates by Single Year of Age and Sex","https://api.census.gov/data/2023/pep/charv?get=NAME,POP,AGE_DESC,YEAR&for=state:*&YEAR=2023&AGE=0001&SEX=0",0.0011502550162297842,0.011774214704994403,11.774214704994403,late_oct_apr,Late Oct-Apr,baseline_oct_mar,Baseline Oct-Mar,"Pelletier et al. JAMA Network Open 2025 untreated infants: 2,535 RSV-associated hospitalizations among 215,301 untreated infants.","U.S. Census Bureau Population Estimates Program, Vintage 2023 Annual Resident Population Estimates by Single Year of Age and Sex, age under 1 year.",1.1167304285642,1.1167304285642,1.3543349526586301
nssp,"RSV ED visit percentage of total ED visits, all ages",2023-2024,West Virginia,uptake_100,Uptake 100%; otherwise reference,0.600315835189434,0.6014186542450571,17135,Age under 1 year,2023,"U.S. Census Bureau Population Estimates Program, Vintage 2023 Annual Resident Population Estimates by Single Year of Age and Sex","https://api.census.gov/data/2023/pep/charv?get=NAME,POP,AGE_DESC,YEAR&for=state:*&YEAR=2023&AGE=0001&SEX=0",0.0011028190556231499,0.011774214704994403,11.774214704994403,late_oct_apr,Late Oct-Apr,baseline_oct_mar,Baseline Oct-Mar,"Pelletier et al. JAMA Network Open 2025 untreated infants: 2,535 RSV-associated hospitalizations among 215,301 untreated infants.","U.S. Census Bureau Population Estimates Program, Vintage 2023 Annual Resident Population Estimates by Single Year of Age and Sex, age under 1 year.",0.22249503363444917,0.22249503363444917,1.2984828341666133
nssp,"RSV ED visit percentage of total ED visits, all ages",2023-2024,Wisconsin,uptake_100,Uptake 100%; otherwise reference,0.6227371720386592,0.6243640818607935,59547,Age under 1 year,2023,"U.S. Census Bureau Population Estimates Program, Vintage 2023 Annual Resident Population Estimates by Single Year of Age and Sex","https://api.census.gov/data/2023/pep/charv?get=NAME,POP,AGE_DESC,YEAR&for=state:*&YEAR=2023&AGE=0001&SEX=0",0.0016269098221343148,0.011774214704994403,11.774214704994403,late_oct_apr,Late Oct-Apr,baseline_oct_mar,Baseline Oct-Mar,"Pelletier et al. JAMA Network Open 2025 untreated infants: 2,535 RSV-associated hospitalizations among 215,301 untreated infants.","U.S. Census Bureau Population Estimates Program, Vintage 2023 Annual Resident Population Estimates by Single Year of Age and Sex, age under 1 year.",1.1406576528336032,1.1406576528336032,1.915558555147368
nssp,"RSV ED visit percentage of total ED visits, all ages",2023-2024,Wyoming,uptake_100,Uptake 100%; otherwise reference,0.6475170305845654,0.6525757227549234,5847,Age under 1 year,2023,"U.S. Census Bureau Population Estimates Program, Vintage 2023 Annual Resident Population Estimates by Single Year of Age and Sex","https://api.census.gov/data/2023/pep/charv?get=NAME,POP,AGE_DESC,YEAR&for=state:*&YEAR=2023&AGE=0001&SEX=0",0.005058692170357926,0.011774214704994403,11.774214704994403,late_oct_apr,Late Oct-Apr,baseline_oct_mar,Baseline Oct-Mar,"Pelletier et al. JAMA Network Open 2025 untreated infants: 2,535 RSV-associated hospitalizations among 215,301 untreated infants.","U.S. Census Bureau Population Estimates Program, Vintage 2023 Annual Resident Population Estimates by Single Year of Age and Sex, age under 1 year.",0.34825976089734895,0.34825976089734895,5.9562127740268345
nssp,"RSV ED visit percentage of total ED visits, all ages",2024-2025,Alabama,uptake_100,Uptake 100%; otherwise reference,0.5604457494753251,0.5637582727279444,57885,Age under 1 year,2023,"U.S. Census Bureau Population Estimates Program, Vintage 2023 Annual Resident Population Estimates by Single Year of Age and Sex","https://api.census.gov/data/2023/pep/charv?get=NAME,POP,AGE_DESC,YEAR&for=state:*&YEAR=2023&AGE=0001&SEX=0",0.003312523252619326,0.011774214704994403,11.774214704994403,late_oct_apr,Late Oct-Apr,baseline_oct_mar,Baseline Oct-Mar,"Pelletier et al. JAMA Network Open 2025 untreated infants: 2,535 RSV-associated hospitalizations among 215,301 untreated infants.","U.S. Census Bureau Population Estimates Program, Vintage 2023 Annual Resident Population Estimates by Single Year of Age and Sex, age under 1 year.",2.257651608115292,2.257651608115292,3.900235999162636
nssp,"RSV ED visit percentage of total ED visits, all ages",2024-2025,Alaska,uptake_100,Uptake 100%; otherwise reference,0.6142731493197894,0.6159715463731933,9224,Age under 1 year,2023,"U.S. Census Bureau Population Estimates Program, Vintage 2023 Annual Resident Population Estimates by Single Year of Age and Sex","https://api.census.gov/data/2023/pep/charv?get=NAME,POP,AGE_DESC,YEAR&for=state:*&YEAR=2023&AGE=0001&SEX=0",0.0016983970534039106,0.011774214704994403,11.774214704994403,late_oct_apr,Late Oct-Apr,baseline_oct_mar,Baseline Oct-Mar,"Pelletier et al. JAMA Network Open 2025 untreated infants: 2,535 RSV-associated hospitalizations among 215,301 untreated infants.","U.S. Census Bureau Population Estimates Program, Vintage 2023 Annual Resident Population Estimates by Single Year of Age and Sex, age under 1 year.",0.18445501735965547,0.18445501735965547,1.9997291561107489
nssp,"RSV ED visit percentage of total ED visits, all ages",2024-2025,Arizona,uptake_100,Uptake 100%; otherwise reference,0.6612744909213757,0.6633425609989181,78075,Age under 1 year,2023,"U.S. Census Bureau Population Estimates Program, Vintage 2023 Annual Resident Population Estimates by Single Year of Age and Sex","https://api.census.gov/data/2023/pep/charv?get=NAME,POP,AGE_DESC,YEAR&for=state:*&YEAR=2023&AGE=0001&SEX=0",0.0020680700775423944,0.011774214704994403,11.774214704994403,late_oct_apr,Late Oct-Apr,baseline_oct_mar,Baseline Oct-Mar,"Pelletier et al. JAMA Network Open 2025 untreated infants: 2,535 RSV-associated hospitalizations among 215,301 untreated infants.","U.S. Census Bureau Population Estimates Program, Vintage 2023 Annual Resident Population Estimates by Single Year of Age and Sex, age under 1 year.",1.9011185297846158,1.9011185297846158,2.4349901117958574
nssp,"RSV ED visit percentage of total ED visits, all ages",2024-2025,Arkansas,uptake_100,Uptake 100%; otherwise reference,0.6082427800180252,0.6103364879986296,35297,Age under 1 year,2023,"U.S. Census Bureau Population Estimates Program, Vintage 2023 Annual Resident Population Estimates by Single Year of Age and Sex","https://api.census.gov/data/2023/pep/charv?get=NAME,POP,AGE_DESC,YEAR&for=state:*&YEAR=2023&AGE=0001&SEX=0",0.0020937079806043757,0.011774214704994403,11.774214704994403,late_oct_apr,Late Oct-Apr,baseline_oct_mar,Baseline Oct-Mar,"Pelletier et al. JAMA Network Open 2025 untreated infants: 2,535 RSV-associated hospitalizations among 215,301 untreated infants.","U.S. Census Bureau Population Estimates Program, Vintage 2023 Annual Resident Population Estimates by Single Year of Age and Sex, age under 1 year.",0.8701334301479454,0.8701334301479454,2.4651767293196176
nssp,"RSV ED visit percentage of total ED visits, all ages",2024-2025,California,uptake_100,Uptake 100%; otherwise reference,0.6346756358348881,0.6371541776122207,415125,Age under 1 year,2023,"U.S. Census Bureau Population Estimates Program, Vintage 2023 Annual Resident Population Estimates by Single Year of Age and Sex","https://api.census.gov/data/2023/pep/charv?get=NAME,POP,AGE_DESC,YEAR&for=state:*&YEAR=2023&AGE=0001&SEX=0",0.0024785417773326435,0.011774214704994403,11.774214704994403,late_oct_apr,Late Oct-Apr,baseline_oct_mar,Baseline Oct-Mar,"Pelletier et al. JAMA Network Open 2025 untreated infants: 2,535 RSV-associated hospitalizations among 215,301 untreated infants.","U.S. Census Bureau Population Estimates Program, Vintage 2023 Annual Resident Population Estimates by Single Year of Age and Sex, age under 1 year.",12.114544322649586,12.114544322649586,2.9182883041612975
nssp,"RSV ED visit percentage of total ED visits, all ages",2024-2025,Colorado,uptake_100,Uptake 100%; otherwise reference,0.6688617223040874,0.6721311282270089,62168,Age under 1 year,2023,"U.S. Census Bureau Population Estimates Program, Vintage 2023 Annual Resident Population Estimates by Single Year of Age and Sex","https://api.census.gov/data/2023/pep/charv?get=NAME,POP,AGE_DESC,YEAR&for=state:*&YEAR=2023&AGE=0001&SEX=0",0.0032694059229215755,0.011774214704994403,11.774214704994403,late_oct_apr,Late Oct-Apr,baseline_oct_mar,Baseline Oct-Mar,"Pelletier et al. JAMA Network Open 2025 untreated infants: 2,535 RSV-associated hospitalizations among 215,301 untreated infants.","U.S. Census Bureau Population Estimates Program, Vintage 2023 Annual Resident Population Estimates by Single Year of Age and Sex, age under 1 year.",2.393137719709494,2.393137719709494,3.8494687294259013
nssp,"RSV ED visit percentage of total ED visits, all ages",2024-2025,Connecticut,uptake_100,Uptake 100%; otherwise reference,0.6000891811177507,0.6018466282452987,34935,Age under 1 year,2023,"U.S. Census Bureau Population Estimates Program, Vintage 2023 Annual Resident Population Estimates by Single Year of Age and Sex","https://api.census.gov/data/2023/pep/charv?get=NAME,POP,AGE_DESC,YEAR&for=state:*&YEAR=2023&AGE=0001&SEX=0",0.0017574471275479953,0.011774214704994403,11.774214704994403,late_oct_apr,Late Oct-Apr,baseline_oct_mar,Baseline Oct-Mar,"Pelletier et al. JAMA Network Open 2025 untreated infants: 2,535 RSV-associated hospitalizations among 215,301 untreated infants.","U.S. Census Bureau Population Estimates Program, Vintage 2023 Annual Resident Population Estimates by Single Year of Age and Sex, age under 1 year.",0.7228945770470946,0.7228945770470946,2.069255981242578
nssp,"RSV ED visit percentage of total ED visits, all ages",2024-2025,Delaware,uptake_100,Uptake 100%; otherwise reference,0.5919464951019988,0.5936376653807566,10745,Age under 1 year,2023,"U.S. Census Bureau Population Estimates Program, Vintage 2023 Annual Resident Population Estimates by Single Year of Age and Sex","https://api.census.gov/data/2023/pep/charv?get=NAME,POP,AGE_DESC,YEAR&for=state:*&YEAR=2023&AGE=0001&SEX=0",0.0016911702787577587,0.011774214704994403,11.774214704994403,late_oct_apr,Late Oct-Apr,baseline_oct_mar,Baseline Oct-Mar,"Pelletier et al. JAMA Network Open 2025 untreated infants: 2,535 RSV-associated hospitalizations among 215,301 untreated infants.","U.S. Census Bureau Population Estimates Program, Vintage 2023 Annual Resident Population Estimates by Single Year of Age and Sex, age under 1 year.",0.2139566101117662,0.2139566101117662,1.9912201964799088
nssp,"RSV ED visit percentage of total ED visits, all ages",2024-2025,District of Columbia,uptake_100,Uptake 100%; otherwise reference,0.5873176949194805,0.5884208358238314,7791,Age under 1 year,2023,"U.S. Census Bureau Population Estimates Program, Vintage 2023 Annual Resident Population Estimates by Single Year of Age and Sex","https://api.census.gov/data/2023/pep/charv?get=NAME,POP,AGE_DESC,YEAR&for=state:*&YEAR=2023&AGE=0001&SEX=0",0.00110314090435093,0.011774214704994403,11.774214704994403,late_oct_apr,Late Oct-Apr,baseline_oct_mar,Baseline Oct-Mar,"Pelletier et al. JAMA Network Open 2025 untreated infants: 2,535 RSV-associated hospitalizations among 215,301 untreated infants.","U.S. Census Bureau Population Estimates Program, Vintage 2023 Annual Resident Population Estimates by Single Year of Age and Sex, age under 1 year.",0.10119432172925923,0.10119432172925923,1.2988617857689544
nssp,"RSV ED visit percentage of total ED visits, all ages",2024-2025,Florida,uptake_100,Uptake 100%; otherwise reference,0.5257146506958681,0.5300662065431466,224670,Age under 1 year,2023,"U.S. Census Bureau Population Estimates Program, Vintage 2023 Annual Resident Population Estimates by Single Year of Age and Sex","https://api.census.gov/data/2023/pep/charv?get=NAME,POP,AGE_DESC,YEAR&for=state:*&YEAR=2023&AGE=0001&SEX=0",0.004351555847278532,0.011774214704994403,11.774214704994403,late_oct_apr,Late Oct-Apr,baseline_oct_mar,Baseline Oct-Mar,"Pelletier et al. JAMA Network Open 2025 untreated infants: 2,535 RSV-associated hospitalizations among 215,301 untreated infants.","U.S. Census Bureau Population Estimates Program, Vintage 2023 Annual Resident Population Estimates by Single Year of Age and Sex, age under 1 year.",11.511226460052647,11.511226460052647,5.123615284663128
nssp,"RSV ED visit percentage of total ED visits, all ages",2024-2025,Georgia,uptake_100,Uptake 100%; otherwise reference,0.5491830140568298,0.5509703086284135,125156,Age under 1 year,2023,"U.S. Census Bureau Population Estimates Program, Vintage 2023 Annual Resident Population Estimates by Single Year of Age and Sex","https://api.census.gov/data/2023/pep/charv?get=NAME,POP,AGE_DESC,YEAR&for=state:*&YEAR=2023&AGE=0001&SEX=0",0.0017872945715836641,0.011774214704994403,11.774214704994403,late_oct_apr,Late Oct-Apr,baseline_oct_mar,Baseline Oct-Mar,"Pelletier et al. JAMA Network Open 2025 untreated infants: 2,535 RSV-associated hospitalizations among 215,301 untreated infants.","U.S. Census Bureau Population Estimates Program, Vintage 2023 Annual Resident Population Estimates by Single Year of Age and Sex, age under 1 year.",2.633781615806327,2.633781615806327,2.1043990026897053
nssp,"RSV ED visit percentage of total ED visits, all ages",2024-2025,Hawaii,uptake_100,Uptake 100%; otherwise reference,0.5662117680518342,0.5716349400092503,15147,Age under 1 year,2023,"U.S. Census Bureau Population Estimates Program, Vintage 2023 Annual Resident Population Estimates by Single Year of Age and Sex","https://api.census.gov/data/2023/pep/charv?get=NAME,POP,AGE_DESC,YEAR&for=state:*&YEAR=2023&AGE=0001&SEX=0",0.005423171957416151,0.011774214704994403,11.774214704994403,late_oct_apr,Late Oct-Apr,baseline_oct_mar,Baseline Oct-Mar,"Pelletier et al. JAMA Network Open 2025 untreated infants: 2,535 RSV-associated hospitalizations among 215,301 untreated infants.","U.S. Census Bureau Population Estimates Program, Vintage 2023 Annual Resident Population Estimates by Single Year of Age and Sex, age under 1 year.",0.9671903430091201,0.9671903430091201,6.385359100872253
nssp,"RSV ED visit percentage of total ED visits, all ages",2024-2025,Idaho,uptake_100,Uptake 100%; otherwise reference,0.6659075857212408,0.6684350918998743,22331,Age under 1 year,2023,"U.S. Census Bureau Population Estimates Program, Vintage 2023 Annual Resident Population Estimates by Single Year of Age and Sex","https://api.census.gov/data/2023/pep/charv?get=NAME,POP,AGE_DESC,YEAR&for=state:*&YEAR=2023&AGE=0001&SEX=0",0.0025275061786335096,0.011774214704994403,11.774214704994403,late_oct_apr,Late Oct-Apr,baseline_oct_mar,Baseline Oct-Mar,"Pelletier et al. JAMA Network Open 2025 untreated infants: 2,535 RSV-associated hospitalizations among 215,301 untreated infants.","U.S. Census Bureau Population Estimates Program, Vintage 2023 Annual Resident Population Estimates by Single Year of Age and Sex, age under 1 year.",0.6645571706769869,0.6645571706769869,2.975940041543088
nssp,"RSV ED visit percentage of total ED visits, all ages",2024-2025,Illinois,uptake_100,Uptake 100%; otherwise reference,0.6172385641855835,0.6189595769209106,126792,Age under 1 year,2023,"U.S. Census Bureau Population Estimates Program, Vintage 2023 Annual Resident Population Estimates by Single Year of Age and Sex","https://api.census.gov/data/2023/pep/charv?get=NAME,POP,AGE_DESC,YEAR&for=state:*&YEAR=2023&AGE=0001&SEX=0",0.0017210127353270988,0.011774214704994403,11.774214704994403,late_oct_apr,Late Oct-Apr,baseline_oct_mar,Baseline Oct-Mar,"Pelletier et al. JAMA Network Open 2025 untreated infants: 2,535 RSV-associated hospitalizations among 215,301 untreated infants.","U.S. Census Bureau Population Estimates Program, Vintage 2023 Annual Resident Population Estimates by Single Year of Age and Sex, age under 1 year.",2.5692590056041125,2.5692590056041125,2.0263573455770967
nssp,"RSV ED visit percentage of total ED visits, all ages",2024-2025,Indiana,uptake_100,Uptake 100%; otherwise reference,0.6364207511018968,0.6383975425671041,79101,Age under 1 year,2023,"U.S. Census Bureau Population Estimates Program, Vintage 2023 Annual Resident Population Estimates by Single Year of Age and Sex","https://api.census.gov/data/2023/pep/charv?get=NAME,POP,AGE_DESC,YEAR&for=state:*&YEAR=2023&AGE=0001&SEX=0",0.0019767914652073504,0.011774214704994403,11.774214704994403,late_oct_apr,Late Oct-Apr,baseline_oct_mar,Baseline Oct-Mar,"Pelletier et al. JAMA Network Open 2025 untreated infants: 2,535 RSV-associated hospitalizations among 215,301 untreated infants.","U.S. Census Bureau Population Estimates Program, Vintage 2023 Annual Resident Population Estimates by Single Year of Age and Sex, age under 1 year.",1.841088995810767,1.841088995810767,2.3275167138351818
nssp,"RSV ED visit percentage of total ED visits, all ages",2024-2025,Iowa,uptake_100,Uptake 100%; otherwise reference,0.6629311351153214,0.6656861452740758,36766,Age under 1 year,2023,"U.S. Census Bureau Population Estimates Program, Vintage 2023 Annual Resident Population Estimates by Single Year of Age and Sex","https://api.census.gov/data/2023/pep/charv?get=NAME,POP,AGE_DESC,YEAR&for=state:*&YEAR=2023&AGE=0001&SEX=0",0.002755010158754345,0.011774214704994403,11.774214704994403,late_oct_apr,Late Oct-Apr,baseline_oct_mar,Baseline Oct-Mar,"Pelletier et al. JAMA Network Open 2025 untreated infants: 2,535 RSV-associated hospitalizations among 215,301 untreated infants.","U.S. Census Bureau Population Estimates Program, Vintage 2023 Annual Resident Population Estimates by Single Year of Age and Sex, age under 1 year.",1.1926184905908062,1.1926184905908062,3.243808112361438
nssp,"RSV ED visit percentage of total ED visits, all ages",2024-2025,Kansas,uptake_100,Uptake 100%; otherwise reference,0.6518529981627688,0.6542640585090163,34590,Age under 1 year,2023,"U.S. Census Bureau Population Estimates Program, Vintage 2023 Annual Resident Population Estimates by Single Year of Age and Sex","https://api.census.gov/data/2023/pep/charv?get=NAME,POP,AGE_DESC,YEAR&for=state:*&YEAR=2023&AGE=0001&SEX=0",0.0024110603462474955,0.011774214704994403,11.774214704994403,late_oct_apr,Late Oct-Apr,baseline_oct_mar,Baseline Oct-Mar,"Pelletier et al. JAMA Network Open 2025 untreated infants: 2,535 RSV-associated hospitalizations among 215,301 untreated infants.","U.S. Census Bureau Population Estimates Program, Vintage 2023 Annual Resident Population Estimates by Single Year of Age and Sex, age under 1 year.",0.981952756124365,0.981952756124365,2.838834218341616
nssp,"RSV ED visit percentage of total ED visits, all ages",2024-2025,Kentucky,uptake_100,Uptake 100%; otherwise reference,0.6104421714717085,0.6145333445413359,52111,Age under 1 year,2023,"U.S. Census Bureau Population Estimates Program, Vintage 2023 Annual Resident Population Estimates by Single Year of Age and Sex","https://api.census.gov/data/2023/pep/charv?get=NAME,POP,AGE_DESC,YEAR&for=state:*&YEAR=2023&AGE=0001&SEX=0",0.004091173069627363,0.011774214704994403,11.774214704994403,late_oct_apr,Late Oct-Apr,baseline_oct_mar,Baseline Oct-Mar,"Pelletier et al. JAMA Network Open 2025 untreated infants: 2,535 RSV-associated hospitalizations among 215,301 untreated infants.","U.S. Census Bureau Population Estimates Program, Vintage 2023 Annual Resident Population Estimates by Single Year of Age and Sex, age under 1 year.",2.5102051149513427,2.5102051149513427,4.817035011708359
nssp,"RSV ED visit percentage of total ED visits, all ages",2024-2025,Louisiana,uptake_100,Uptake 100%; otherwise reference,0.5803724233294638,0.5821037930521085,55838,Age under 1 year,2023,"U.S. Census Bureau Population Estimates Program, Vintage 2023 Annual Resident Population Estimates by Single Year of Age and Sex","https://api.census.gov/data/2023/pep/charv?get=NAME,POP,AGE_DESC,YEAR&for=state:*&YEAR=2023&AGE=0001&SEX=0",0.001731369722644649,0.011774214704994403,11.774214704994403,late_oct_apr,Late Oct-Apr,baseline_oct_mar,Baseline Oct-Mar,"Pelletier et al. JAMA Network Open 2025 untreated infants: 2,535 RSV-associated hospitalizations among 215,301 untreated infants.","U.S. Census Bureau Population Estimates Program, Vintage 2023 Annual Resident Population Estimates by Single Year of Age and Sex, age under 1 year.",1.138286601442704,1.138286601442704,2.0385518848144706
nssp,"RSV ED visit percentage of total ED visits, all ages",2024-2025,Maine,uptake_100,Uptake 100%; otherwise reference,0.6704683253937669,0.6750150365605454,11892,Age under 1 year,2023,"U.S. Census Bureau Population Estimates Program, Vintage 2023 Annual Resident Population Estimates by Single Year of Age and Sex","https://api.census.gov/data/2023/pep/charv?get=NAME,POP,AGE_DESC,YEAR&for=state:*&YEAR=2023&AGE=0001&SEX=0",0.0045467111667785165,0.011774214704994403,11.774214704994403,late_oct_apr,Late Oct-Apr,baseline_oct_mar,Baseline Oct-Mar,"Pelletier et al. JAMA Network Open 2025 untreated infants: 2,535 RSV-associated hospitalizations among 215,301 untreated infants.","U.S. Census Bureau Population Estimates Program, Vintage 2023 Annual Resident Population Estimates by Single Year of Age and Sex, age under 1 year.",0.6366257747751919,0.6366257747751919,5.353395347924587
nssp,"RSV ED visit percentage of total ED visits, all ages",2024-2025,Maryland,uptake_100,Uptake 100%; otherwise reference,0.5774457448662134,0.5790792294331623,68060,Age under 1 year,2023,"U.S. Census Bureau Population Estimates Program, Vintage 2023 Annual Resident Population Estimates by Single Year of Age and Sex","https://api.census.gov/data/2023/pep/charv?get=NAME,POP,AGE_DESC,YEAR&for=state:*&YEAR=2023&AGE=0001&SEX=0",0.001633484566948895,0.011774214704994403,11.774214704994403,late_oct_apr,Late Oct-Apr,baseline_oct_mar,Baseline Oct-Mar,"Pelletier et al. JAMA Network Open 2025 untreated infants: 2,535 RSV-associated hospitalizations among 215,301 untreated infants.","U.S. Census Bureau Population Estimates Program, Vintage 2023 Annual Resident Population Estimates by Single Year of Age and Sex, age under 1 year.",1.3089978444619874,1.3089978444619874,1.9232998008551097
nssp,"RSV ED visit percentage of total ED visits, all ages",2024-2025,Massachusetts,uptake_100,Uptake 100%; otherwise reference,0.6070767997662087,0.6086118516399983,69103,Age under 1 year,2023,"U.S. Census Bureau Population Estimates Program, Vintage 2023 Annual Resident Population Estimates by Single Year of Age and Sex","https://api.census.gov/data/2023/pep/charv?get=NAME,POP,AGE_DESC,YEAR&for=state:*&YEAR=2023&AGE=0001&SEX=0",0.0015350518737896612,0.011774214704994403,11.774214704994403,late_oct_apr,Late Oct-Apr,baseline_oct_mar,Baseline Oct-Mar,"Pelletier et al. JAMA Network Open 2025 untreated infants: 2,535 RSV-associated hospitalizations among 215,301 untreated infants.","U.S. Census Bureau Population Estimates Program, Vintage 2023 Annual Resident Population Estimates by Single Year of Age and Sex, age under 1 year.",1.2489697189515037,1.2489697189515037,1.8074030345303442
nssp,"RSV ED visit percentage of total ED visits, all ages",2024-2025,Michigan,uptake_100,Uptake 100%; otherwise reference,0.6364110668585591,0.6391418571332712,101385,Age under 1 year,2023,"U.S. Census Bureau Population Estimates Program, Vintage 2023 Annual Resident Population Estimates by Single Year of Age and Sex","https://api.census.gov/data/2023/pep/charv?get=NAME,POP,AGE_DESC,YEAR&for=state:*&YEAR=2023&AGE=0001&SEX=0",0.002730790274712125,0.011774214704994403,11.774214704994403,late_oct_apr,Late Oct-Apr,baseline_oct_mar,Baseline Oct-Mar,"Pelletier et al. JAMA Network Open 2025 untreated infants: 2,535 RSV-associated hospitalizations among 215,301 untreated infants.","U.S. Census Bureau Population Estimates Program, Vintage 2023 Annual Resident Population Estimates by Single Year of Age and Sex, age under 1 year.",3.2598228826242686,3.2598228826242686,3.215291100877121
nssp,"RSV ED visit percentage of total ED visits, all ages",2024-2025,Minnesota,uptake_100,Uptake 100%; otherwise reference,0.6676109619654915,0.6700041733249734,63637,Age under 1 year,2023,"U.S. Census Bureau Population Estimates Program, Vintage 2023 Annual Resident Population Estimates by Single Year of Age and Sex","https://api.census.gov/data/2023/pep/charv?get=NAME,POP,AGE_DESC,YEAR&for=state:*&YEAR=2023&AGE=0001&SEX=0",0.002393211359481895,0.011774214704994403,11.774214704994403,late_oct_apr,Late Oct-Apr,baseline_oct_mar,Baseline Oct-Mar,"Pelletier et al. JAMA Network Open 2025 untreated infants: 2,535 RSV-associated hospitalizations among 215,301 untreated infants.","U.S. Census Bureau Population Estimates Program, Vintage 2023 Annual Resident Population Estimates by Single Year of Age and Sex, age under 1 year.",1.7931751194518752,1.7931751194518752,2.8178184380971376
nssp,"RSV ED visit percentage of total ED visits, all ages",2024-2025,Mississippi,uptake_100,Uptake 100%; otherwise reference,0.5461074800435721,0.5480479071124048,34372,Age under 1 year,2023,"U.S. Census Bureau Population Estimates Program, Vintage 2023 Annual Resident Population Estimates by Single Year of Age and Sex","https://api.census.gov/data/2023/pep/charv?get=NAME,POP,AGE_DESC,YEAR&for=state:*&YEAR=2023&AGE=0001&SEX=0",0.0019404270688326841,0.011774214704994403,11.774214704994403,late_oct_apr,Late Oct-Apr,baseline_oct_mar,Baseline Oct-Mar,"Pelletier et al. JAMA Network Open 2025 untreated infants: 2,535 RSV-associated hospitalizations among 215,301 untreated infants.","U.S. Census Bureau Population Estimates Program, Vintage 2023 Annual Resident Population Estimates by Single Year of Age and Sex, age under 1 year.",0.7852972533789938,0.7852972533789938,2.284700492781898
nssp,"RSV ED visit percentage of total ED visits, all ages",2024-2025,Montana,uptake_100,Uptake 100%; otherwise reference,0.7034345223896444,0.7081310771371152,11266,Age under 1 year,2023,"U.S. Census Bureau Population Estimates Program, Vintage 2023 Annual Resident Population Estimates by Single Year of Age and Sex","https://api.census.gov/data/2023/pep/charv?get=NAME,POP,AGE_DESC,YEAR&for=state:*&YEAR=2023&AGE=0001&SEX=0",0.004696554747470771,0.011774214704994403,11.774214704994403,late_oct_apr,Late Oct-Apr,baseline_oct_mar,Baseline Oct-Mar,"Pelletier et al. JAMA Network Open 2025 untreated infants: 2,535 RSV-associated hospitalizations among 215,301 untreated infants.","U.S. Census Bureau Population Estimates Program, Vintage 2023 Annual Resident Population Estimates by Single Year of Age and Sex, age under 1 year.",0.622990016571446,0.622990016571446,5.529824397048164
nssp,"RSV ED visit percentage of total ED visits, all ages",2024-2025,Nebraska,uptake_100,Uptake 100%; otherwise reference,0.6769990444708228,0.6804994422615757,24144,Age under 1 year,2023,"U.S. Census Bureau Population Estimates Program, Vintage 2023 Annual Resident Population Estimates by Single Year of Age and Sex","https://api.census.gov/data/2023/pep/charv?get=NAME,POP,AGE_DESC,YEAR&for=state:*&YEAR=2023&AGE=0001&SEX=0",0.0035003977907528405,0.011774214704994403,11.774214704994403,late_oct_apr,Late Oct-Apr,baseline_oct_mar,Baseline Oct-Mar,"Pelletier et al. JAMA Network Open 2025 untreated infants: 2,535 RSV-associated hospitalizations among 215,301 untreated infants.","U.S. Census Bureau Population Estimates Program, Vintage 2023 Annual Resident Population Estimates by Single Year of Age and Sex, age under 1 year.",0.995081322049423,0.995081322049423,4.121443514121202
nssp,"RSV ED visit percentage of total ED visits, all ages",2024-2025,Nevada,uptake_100,Uptake 100%; otherwise reference,0.6395606112491898,0.6414017217979522,32716,Age under 1 year,2023,"U.S. Census Bureau Population Estimates Program, Vintage 2023 Annual Resident Population Estimates by Single Year of Age and Sex","https://api.census.gov/data/2023/pep/charv?get=NAME,POP,AGE_DESC,YEAR&for=state:*&YEAR=2023&AGE=0001&SEX=0",0.001841110548762348,0.011774214704994403,11.774214704994403,late_oct_apr,Late Oct-Apr,baseline_oct_mar,Baseline Oct-Mar,"Pelletier et al. JAMA Network Open 2025 untreated infants: 2,535 RSV-associated hospitalizations among 215,301 untreated infants.","U.S. Census Bureau Population Estimates Program, Vintage 2023 Annual Resident Population Estimates by Single Year of Age and Sex, age under 1 year.",0.7092053724183333,0.7092053724183333,2.1677630896757956
nssp,"RSV ED visit percentage of total ED visits, all ages",2024-2025,New Hampshire,uptake_100,Uptake 100%; otherwise reference,0.6357444697309104,0.637899267683349,12164,Age under 1 year,2023,"U.S. Census Bureau Population Estimates Program, Vintage 2023 Annual Resident Population Estimates by Single Year of Age and Sex","https://api.census.gov/data/2023/pep/charv?get=NAME,POP,AGE_DESC,YEAR&for=state:*&YEAR=2023&AGE=0001&SEX=0",0.0021547979524386696,0.011774214704994403,11.774214704994403,late_oct_apr,Late Oct-Apr,baseline_oct_mar,Baseline Oct-Mar,"Pelletier et al. JAMA Network Open 2025 untreated infants: 2,535 RSV-associated hospitalizations among 215,301 untreated infants.","U.S. Census Bureau Population Estimates Program, Vintage 2023 Annual Resident Population Estimates by Single Year of Age and Sex, age under 1 year.",0.30861349766775736,0.30861349766775736,2.5371053737895215
nssp,"RSV ED visit percentage of total ED visits, all ages",2024-2025,New Jersey,uptake_100,Uptake 100%; otherwise reference,0.5882481421594112,0.589901949840438,102477,Age under 1 year,2023,"U.S. Census Bureau Population Estimates Program, Vintage 2023 Annual Resident Population Estimates by Single Year of Age and Sex","https://api.census.gov/data/2023/pep/charv?get=NAME,POP,AGE_DESC,YEAR&for=state:*&YEAR=2023&AGE=0001&SEX=0",0.0016538076810267421,0.011774214704994403,11.774214704994403,late_oct_apr,Late Oct-Apr,baseline_oct_mar,Baseline Oct-Mar,"Pelletier et al. JAMA Network Open 2025 untreated infants: 2,535 RSV-associated hospitalizations among 215,301 untreated infants.","U.S. Census Bureau Population Estimates Program, Vintage 2023 Annual Resident Population Estimates by Single Year of Age and Sex, age under 1 year.",1.9954615259162254,1.9954615259162254,1.9472286717177762
nssp,"RSV ED visit percentage of total ED visits, all ages",2024-2025,New Mexico,uptake_100,Uptake 100%; otherwise reference,0.6806783267348179,0.6827841037079295,20589,Age under 1 year,2023,"U.S. Census Bureau Population Estimates Program, Vintage 2023 Annual Resident Population Estimates by Single Year of Age and Sex","https://api.census.gov/data/2023/pep/charv?get=NAME,POP,AGE_DESC,YEAR&for=state:*&YEAR=2023&AGE=0001&SEX=0",0.0021057769731116505,0.011774214704994403,11.774214704994403,late_oct_apr,Late Oct-Apr,baseline_oct_mar,Baseline Oct-Mar,"Pelletier et al. JAMA Network Open 2025 untreated infants: 2,535 RSV-associated hospitalizations among 215,301 untreated infants.","U.S. Census Bureau Population Estimates Program, Vintage 2023 Annual Resident Population Estimates by Single Year of Age and Sex, age under 1 year.",0.5104809935941211,0.5104809935941211,2.47938702022498
nssp,"RSV ED visit percentage of total ED visits, all ages",2024-2025,New York,uptake_100,Uptake 100%; otherwise reference,0.599722030652634,0.6014512670496408,209673,Age under 1 year,2023,"U.S. Census Bureau Population Estimates Program, Vintage 2023 Annual Resident Population Estimates by Single Year of Age and Sex","https://api.census.gov/data/2023/pep/charv?get=NAME,POP,AGE_DESC,YEAR&for=state:*&YEAR=2023&AGE=0001&SEX=0",0.0017292363970068392,0.011774214704994403,11.774214704994403,late_oct_apr,Late Oct-Apr,baseline_oct_mar,Baseline Oct-Mar,"Pelletier et al. JAMA Network Open 2025 untreated infants: 2,535 RSV-associated hospitalizations among 215,301 untreated infants.","U.S. Census Bureau Population Estimates Program, Vintage 2023 Annual Resident Population Estimates by Single Year of Age and Sex, age under 1 year.",4.269026277949593,4.269026277949593,2.0360400614049468
nssp,"RSV ED visit percentage of total ED visits, all ages",2024-2025,North Carolina,uptake_100,Uptake 100%; otherwise reference,0.6242163107317726,0.6264765647831775,120602,Age under 1 year,2023,"U.S. Census Bureau Population Estimates Program, Vintage 2023 Annual Resident Population Estimates by Single Year of Age and Sex","https://api.census.gov/data/2023/pep/charv?get=NAME,POP,AGE_DESC,YEAR&for=state:*&YEAR=2023&AGE=0001&SEX=0",0.002260254051404842,0.011774214704994403,11.774214704994403,late_oct_apr,Late Oct-Apr,baseline_oct_mar,Baseline Oct-Mar,"Pelletier et al. JAMA Network Open 2025 untreated infants: 2,535 RSV-associated hospitalizations among 215,301 untreated infants.","U.S. Census Bureau Population Estimates Program, Vintage 2023 Annual Resident Population Estimates by Single Year of Age and Sex, age under 1 year.",3.20954683401531,3.20954683401531,2.6612716489074066
nssp,"RSV ED visit percentage of total ED visits, all ages",2024-2025,North Dakota,uptake_100,Uptake 100%; otherwise reference,0.7002869545264634,0.7038521717883393,9626,Age under 1 year,2023,"U.S. Census Bureau Population Estimates Program, Vintage 2023 Annual Resident Population Estimates by Single Year of Age and Sex","https://api.census.gov/data/2023/pep/charv?get=NAME,POP,AGE_DESC,YEAR&for=state:*&YEAR=2023&AGE=0001&SEX=0",0.0035652172618758637,0.011774214704994403,11.774214704994403,late_oct_apr,Late Oct-Apr,baseline_oct_mar,Baseline Oct-Mar,"Pelletier et al. JAMA Network Open 2025 untreated infants: 2,535 RSV-associated hospitalizations among 215,301 untreated infants.","U.S. Census Bureau Population Estimates Program, Vintage 2023 Annual Resident Population Estimates by Single Year of Age and Sex, age under 1 year.",0.40407670017956854,0.40407670017956854,4.197763351127868
nssp,"RSV ED visit percentage of total ED visits, all ages",2024-2025,Ohio,uptake_100,Uptake 100%; otherwise reference,0.6205452110361743,0.6223332447664239,128059,Age under 1 year,2023,"U.S. Census Bureau Population Estimates Program, Vintage 2023 Annual Resident Population Estimates by Single Year of Age and Sex","https://api.census.gov/data/2023/pep/charv?get=NAME,POP,AGE_DESC,YEAR&for=state:*&YEAR=2023&AGE=0001&SEX=0",0.0017880337302496052,0.011774214704994403,11.774214704994403,late_oct_apr,Late Oct-Apr,baseline_oct_mar,Baseline Oct-Mar,"Pelletier et al. JAMA Network Open 2025 untreated infants: 2,535 RSV-associated hospitalizations among 215,301 untreated infants.","U.S. Census Bureau Population Estimates Program, Vintage 2023 Annual Resident Population Estimates by Single Year of Age and Sex, age under 1 year.",2.695986817974899,2.695986817974899,2.10526930397309
nssp,"RSV ED visit percentage of total ED visits, all ages",2024-2025,Oklahoma,uptake_100,Uptake 100%; otherwise reference,0.6484934447413738,0.6496697442739287,47714,Age under 1 year,2023,"U.S. Census Bureau Population Estimates Program, Vintage 2023 Annual Resident Population Estimates by Single Year of Age and Sex","https://api.census.gov/data/2023/pep/charv?get=NAME,POP,AGE_DESC,YEAR&for=state:*&YEAR=2023&AGE=0001&SEX=0",0.0011762995325548253,0.011774214704994403,11.774214704994403,late_oct_apr,Late Oct-Apr,baseline_oct_mar,Baseline Oct-Mar,"Pelletier et al. JAMA Network Open 2025 untreated infants: 2,535 RSV-associated hospitalizations among 215,301 untreated infants.","U.S. Census Bureau Population Estimates Program, Vintage 2023 Annual Resident Population Estimates by Single Year of Age and Sex, age under 1 year.",0.6608390552463294,0.6608390552463294,1.3850003253685068
nssp,"RSV ED visit percentage of total ED visits, all ages",2024-2025,Oregon,uptake_100,Uptake 100%; otherwise reference,0.6663531430829784,0.6686420083891434,38904,Age under 1 year,2023,"U.S. Census Bureau Population Estimates Program, Vintage 2023 Annual Resident Population Estimates by Single Year of Age and Sex","https://api.census.gov/data/2023/pep/charv?get=NAME,POP,AGE_DESC,YEAR&for=state:*&YEAR=2023&AGE=0001&SEX=0",0.002288865306165011,0.011774214704994403,11.774214704994403,late_oct_apr,Late Oct-Apr,baseline_oct_mar,Baseline Oct-Mar,"Pelletier et al. JAMA Network Open 2025 untreated infants: 2,535 RSV-associated hospitalizations among 215,301 untreated infants.","U.S. Census Bureau Population Estimates Program, Vintage 2023 Annual Resident Population Estimates by Single Year of Age and Sex, age under 1 year.",1.0484469094900064,1.0484469094900064,2.694959154559959
nssp,"RSV ED visit percentage of total ED visits, all ages",2024-2025,Pennsylvania,uptake_100,Uptake 100%; otherwise reference,0.6268301036062685,0.6285502893826012,128878,Age under 1 year,2023,"U.S. Census Bureau Population Estimates Program, Vintage 2023 Annual Resident Population Estimates by Single Year of Age and Sex","https://api.census.gov/data/2023/pep/charv?get=NAME,POP,AGE_DESC,YEAR&for=state:*&YEAR=2023&AGE=0001&SEX=0",0.0017201857763327055,0.011774214704994403,11.774214704994403,late_oct_apr,Late Oct-Apr,baseline_oct_mar,Baseline Oct-Mar,"Pelletier et al. JAMA Network Open 2025 untreated infants: 2,535 RSV-associated hospitalizations among 215,301 untreated infants.","U.S. Census Bureau Population Estimates Program, Vintage 2023 Annual Resident Population Estimates by Single Year of Age and Sex, age under 1 year.",2.610273961456531,2.610273961456531,2.0253836663018756
nssp,"RSV ED visit percentage of total ED visits, all ages",2024-2025,Rhode Island,uptake_100,Uptake 100%; otherwise reference,0.614447744011229,0.6160358643888868,10018,Age under 1 year,2023,"U.S. Census Bureau Population Estimates Program, Vintage 2023 Annual Resident Population Estimates by Single Year of Age and Sex","https://api.census.gov/data/2023/pep/charv?get=NAME,POP,AGE_DESC,YEAR&for=state:*&YEAR=2023&AGE=0001&SEX=0",0.0015881203776577646,0.011774214704994403,11.774214704994403,late_oct_apr,Late Oct-Apr,baseline_oct_mar,Baseline Oct-Mar,"Pelletier et al. JAMA Network Open 2025 untreated infants: 2,535 RSV-associated hospitalizations among 215,301 untreated infants.","U.S. Census Bureau Population Estimates Program, Vintage 2023 Annual Resident Population Estimates by Single Year of Age and Sex, age under 1 year.",0.18732528270466373,0.18732528270466373,1.8698870303919317
nssp,"RSV ED visit percentage of total ED visits, all ages",2024-2025,South Carolina,uptake_100,Uptake 100%; otherwise reference,0.5827467520490378,0.5849446729968648,57279,Age under 1 year,2023,"U.S. Census Bureau Population Estimates Program, Vintage 2023 Annual Resident Population Estimates by Single Year of Age and Sex","https://api.census.gov/data/2023/pep/charv?get=NAME,POP,AGE_DESC,YEAR&for=state:*&YEAR=2023&AGE=0001&SEX=0",0.0021979209478270034,0.011774214704994403,11.774214704994403,late_oct_apr,Late Oct-Apr,baseline_oct_mar,Baseline Oct-Mar,"Pelletier et al. JAMA Network Open 2025 untreated infants: 2,535 RSV-associated hospitalizations among 215,301 untreated infants.","U.S. Census Bureau Population Estimates Program, Vintage 2023 Annual Resident Population Estimates by Single Year of Age and Sex, age under 1 year.",1.4823113925135019,1.4823113925135019,2.5878793144319943
nssp,"RSV ED visit percentage of total ED visits, all ages",2024-2025,South Dakota,uptake_100,Uptake 100%; otherwise reference,0.6917120880875748,0.6969589109845696,11434,Age under 1 year,2023,"U.S. Census Bureau Population Estimates Program, Vintage 2023 Annual Resident Population Estimates by Single Year of Age and Sex","https://api.census.gov/data/2023/pep/charv?get=NAME,POP,AGE_DESC,YEAR&for=state:*&YEAR=2023&AGE=0001&SEX=0",0.005246822896994852,0.011774214704994403,11.774214704994403,late_oct_apr,Late Oct-Apr,baseline_oct_mar,Baseline Oct-Mar,"Pelletier et al. JAMA Network Open 2025 untreated infants: 2,535 RSV-associated hospitalizations among 215,301 untreated infants.","U.S. Census Bureau Population Estimates Program, Vintage 2023 Annual Resident Population Estimates by Single Year of Age and Sex, age under 1 year.",0.7063607255710806,0.7063607255710806,6.177721930829812
nssp,"RSV ED visit percentage of total ED visits, all ages",2024-2025,Tennessee,uptake_100,Uptake 100%; otherwise reference,0.5773628657972126,0.579201436747475,81959,Age under 1 year,2023,"U.S. Census Bureau Population Estimates Program, Vintage 2023 Annual Resident Population Estimates by Single Year of Age and Sex","https://api.census.gov/data/2023/pep/charv?get=NAME,POP,AGE_DESC,YEAR&for=state:*&YEAR=2023&AGE=0001&SEX=0",0.0018385709502624081,0.011774214704994403,11.774214704994403,late_oct_apr,Late Oct-Apr,baseline_oct_mar,Baseline Oct-Mar,"Pelletier et al. JAMA Network Open 2025 untreated infants: 2,535 RSV-associated hospitalizations among 215,301 untreated infants.","U.S. Census Bureau Population Estimates Program, Vintage 2023 Annual Resident Population Estimates by Single Year of Age and Sex, age under 1 year.",1.7742262308440557,1.7742262308440557,2.164772911875518
nssp,"RSV ED visit percentage of total ED visits, all ages",2024-2025,Texas,uptake_100,Uptake 100%; otherwise reference,0.5675616994783911,0.5692252592280136,389814,Age under 1 year,2023,"U.S. Census Bureau Population Estimates Program, Vintage 2023 Annual Resident Population Estimates by Single Year of Age and Sex","https://api.census.gov/data/2023/pep/charv?get=NAME,POP,AGE_DESC,YEAR&for=state:*&YEAR=2023&AGE=0001&SEX=0",0.0016635597496225119,0.011774214704994403,11.774214704994403,late_oct_apr,Late Oct-Apr,baseline_oct_mar,Baseline Oct-Mar,"Pelletier et al. JAMA Network Open 2025 untreated infants: 2,535 RSV-associated hospitalizations among 215,301 untreated infants.","U.S. Census Bureau Population Estimates Program, Vintage 2023 Annual Resident Population Estimates by Single Year of Age and Sex, age under 1 year.",7.635329567592457,7.635329567592457,1.9587109666642188
nssp,"RSV ED visit percentage of total ED visits, all ages",2024-2025,Utah,uptake_100,Uptake 100%; otherwise reference,0.6783241947944815,0.6805103974133531,45759,Age under 1 year,2023,"U.S. Census Bureau Population Estimates Program, Vintage 2023 Annual Resident Population Estimates by Single Year of Age and Sex","https://api.census.gov/data/2023/pep/charv?get=NAME,POP,AGE_DESC,YEAR&for=state:*&YEAR=2023&AGE=0001&SEX=0",0.002186202618871591,0.011774214704994403,11.774214704994403,late_oct_apr,Late Oct-Apr,baseline_oct_mar,Baseline Oct-Mar,"Pelletier et al. JAMA Network Open 2025 untreated infants: 2,535 RSV-associated hospitalizations among 215,301 untreated infants.","U.S. Census Bureau Population Estimates Program, Vintage 2023 Annual Resident Population Estimates by Single Year of Age and Sex, age under 1 year.",1.1778741376833024,1.1778741376833024,2.5740819023215162
nssp,"RSV ED visit percentage of total ED visits, all ages",2024-2025,Vermont,uptake_100,Uptake 100%; otherwise reference,0.646485356582837,0.6491416723806669,5112,Age under 1 year,2023,"U.S. Census Bureau Population Estimates Program, Vintage 2023 Annual Resident Population Estimates by Single Year of Age and Sex","https://api.census.gov/data/2023/pep/charv?get=NAME,POP,AGE_DESC,YEAR&for=state:*&YEAR=2023&AGE=0001&SEX=0",0.002656315797829878,0.011774214704994403,11.774214704994403,late_oct_apr,Late Oct-Apr,baseline_oct_mar,Baseline Oct-Mar,"Pelletier et al. JAMA Network Open 2025 untreated infants: 2,535 RSV-associated hospitalizations among 215,301 untreated infants.","U.S. Census Bureau Population Estimates Program, Vintage 2023 Annual Resident Population Estimates by Single Year of Age and Sex, age under 1 year.",0.1598830782827142,0.1598830782827142,3.127603252791749
nssp,"RSV ED visit percentage of total ED visits, all ages",2024-2025,Virginia,uptake_100,Uptake 100%; otherwise reference,0.5912273367790658,0.593836889130557,95290,Age under 1 year,2023,"U.S. Census Bureau Population Estimates Program, Vintage 2023 Annual Resident Population Estimates by Single Year of Age and Sex","https://api.census.gov/data/2023/pep/charv?get=NAME,POP,AGE_DESC,YEAR&for=state:*&YEAR=2023&AGE=0001&SEX=0",0.0026095523514911845,0.011774214704994403,11.774214704994403,late_oct_apr,Late Oct-Apr,baseline_oct_mar,Baseline Oct-Mar,"Pelletier et al. JAMA Network Open 2025 untreated infants: 2,535 RSV-associated hospitalizations among 215,301 untreated infants.","U.S. Census Bureau Population Estimates Program, Vintage 2023 Annual Resident Population Estimates by Single Year of Age and Sex, age under 1 year.",2.927826193290532,2.927826193290532,3.072542967038023
nssp,"RSV ED visit percentage of total ED visits, all ages",2024-2025,Washington,uptake_100,Uptake 100%; otherwise reference,0.6419826906161984,0.6444458945430446,82456,Age under 1 year,2023,"U.S. Census Bureau Population Estimates Program, Vintage 2023 Annual Resident Population Estimates by Single Year of Age and Sex","https://api.census.gov/data/2023/pep/charv?get=NAME,POP,AGE_DESC,YEAR&for=state:*&YEAR=2023&AGE=0001&SEX=0",0.0024632039268461803,0.011774214704994403,11.774214704994403,late_oct_apr,Late Oct-Apr,baseline_oct_mar,Baseline Oct-Mar,"Pelletier et al. JAMA Network Open 2025 untreated infants: 2,535 RSV-associated hospitalizations among 215,301 untreated infants.","U.S. Census Bureau Population Estimates Program, Vintage 2023 Annual Resident Population Estimates by Single Year of Age and Sex, age under 1 year.",2.3914129806484983,2.3914129806484983,2.9002291896872254
nssp,"RSV ED visit percentage of total ED visits, all ages",2024-2025,West Virginia,uptake_100,Uptake 100%; otherwise reference,0.6598321152837023,0.6648673369469655,17135,Age under 1 year,2023,"U.S. Census Bureau Population Estimates Program, Vintage 2023 Annual Resident Population Estimates by Single Year of Age and Sex","https://api.census.gov/data/2023/pep/charv?get=NAME,POP,AGE_DESC,YEAR&for=state:*&YEAR=2023&AGE=0001&SEX=0",0.005035221663263201,0.011774214704994403,11.774214704994403,late_oct_apr,Late Oct-Apr,baseline_oct_mar,Baseline Oct-Mar,"Pelletier et al. JAMA Network Open 2025 untreated infants: 2,535 RSV-associated hospitalizations among 215,301 untreated infants.","U.S. Census Bureau Population Estimates Program, Vintage 2023 Annual Resident Population Estimates by Single Year of Age and Sex, age under 1 year.",1.0158618565868167,1.0158618565868167,5.928578095049996
nssp,"RSV ED visit percentage of total ED visits, all ages",2024-2025,Wisconsin,uptake_100,Uptake 100%; otherwise reference,0.6718280575770887,0.6746655585443283,59547,Age under 1 year,2023,"U.S. Census Bureau Population Estimates Program, Vintage 2023 Annual Resident Population Estimates by Single Year of Age and Sex","https://api.census.gov/data/2023/pep/charv?get=NAME,POP,AGE_DESC,YEAR&for=state:*&YEAR=2023&AGE=0001&SEX=0",0.002837500967239559,0.011774214704994403,11.774214704994403,late_oct_apr,Late Oct-Apr,baseline_oct_mar,Baseline Oct-Mar,"Pelletier et al. JAMA Network Open 2025 untreated infants: 2,535 RSV-associated hospitalizations among 215,301 untreated infants.","U.S. Census Bureau Population Estimates Program, Vintage 2023 Annual Resident Population Estimates by Single Year of Age and Sex, age under 1 year.",1.9894263032713713,1.9894263032713713,3.340934561390786
nssp,"RSV ED visit percentage of total ED visits, all ages",2024-2025,Wyoming,uptake_100,Uptake 100%; otherwise reference,0.6832514485661614,0.6876213666896738,5847,Age under 1 year,2023,"U.S. Census Bureau Population Estimates Program, Vintage 2023 Annual Resident Population Estimates by Single Year of Age and Sex","https://api.census.gov/data/2023/pep/charv?get=NAME,POP,AGE_DESC,YEAR&for=state:*&YEAR=2023&AGE=0001&SEX=0",0.004369918123512395,0.011774214704994403,11.774214704994403,late_oct_apr,Late Oct-Apr,baseline_oct_mar,Baseline Oct-Mar,"Pelletier et al. JAMA Network Open 2025 untreated infants: 2,535 RSV-associated hospitalizations among 215,301 untreated infants.","U.S. Census Bureau Population Estimates Program, Vintage 2023 Annual Resident Population Estimates by Single Year of Age and Sex, age under 1 year.",0.3008419151797765,0.3008419151797765,5.14523542294812
nssp,"RSV ED visit percentage of total ED visits, all ages",2025-2026,Alabama,uptake_100,Uptake 100%; otherwise reference,0.5802848808137551,0.581434060255049,57885,Age under 1 year,2023,"U.S. Census Bureau Population Estimates Program, Vintage 2023 Annual Resident Population Estimates by Single Year of Age and Sex","https://api.census.gov/data/2023/pep/charv?get=NAME,POP,AGE_DESC,YEAR&for=state:*&YEAR=2023&AGE=0001&SEX=0",0.0011491794412938905,0.011774214704994403,11.774214704994403,late_oct_apr,Late Oct-Apr,baseline_oct_mar,Baseline Oct-Mar,"Pelletier et al. JAMA Network Open 2025 untreated infants: 2,535 RSV-associated hospitalizations among 215,301 untreated infants.","U.S. Census Bureau Population Estimates Program, Vintage 2023 Annual Resident Population Estimates by Single Year of Age and Sex, age under 1 year.",0.7832237287990857,0.7832237287990857,1.3530685476359778
nssp,"RSV ED visit percentage of total ED visits, all ages",2025-2026,Alaska,uptake_100,Uptake 100%; otherwise reference,0.6769396025375091,0.6785788154516746,9224,Age under 1 year,2023,"U.S. Census Bureau Population Estimates Program, Vintage 2023 Annual Resident Population Estimates by Single Year of Age and Sex","https://api.census.gov/data/2023/pep/charv?get=NAME,POP,AGE_DESC,YEAR&for=state:*&YEAR=2023&AGE=0001&SEX=0",0.0016392129141655776,0.011774214704994403,11.774214704994403,late_oct_apr,Late Oct-Apr,baseline_oct_mar,Baseline Oct-Mar,"Pelletier et al. JAMA Network Open 2025 untreated infants: 2,535 RSV-associated hospitalizations among 215,301 untreated infants.","U.S. Census Bureau Population Estimates Program, Vintage 2023 Annual Resident Population Estimates by Single Year of Age and Sex, age under 1 year.",0.17802730282214868,0.17802730282214868,1.9300444798585072
nssp,"RSV ED visit percentage of total ED visits, all ages",2025-2026,Arizona,uptake_100,Uptake 100%; otherwise reference,0.6949849584287535,0.6981876213248257,78075,Age under 1 year,2023,"U.S. Census Bureau Population Estimates Program, Vintage 2023 Annual Resident Population Estimates by Single Year of Age and Sex","https://api.census.gov/data/2023/pep/charv?get=NAME,POP,AGE_DESC,YEAR&for=state:*&YEAR=2023&AGE=0001&SEX=0",0.0032026628960721837,0.011774214704994403,11.774214704994403,late_oct_apr,Late Oct-Apr,baseline_oct_mar,Baseline Oct-Mar,"Pelletier et al. JAMA Network Open 2025 untreated infants: 2,535 RSV-associated hospitalizations among 215,301 untreated infants.","U.S. Census Bureau Population Estimates Program, Vintage 2023 Annual Resident Population Estimates by Single Year of Age and Sex, age under 1 year.",2.9441177271961547,2.9441177271961547,3.770884056607307
nssp,"RSV ED visit percentage of total ED visits, all ages",2025-2026,Arkansas,uptake_100,Uptake 100%; otherwise reference,0.6435980613054451,0.6449004379601055,35297,Age under 1 year,2023,"U.S. Census Bureau Population Estimates Program, Vintage 2023 Annual Resident Population Estimates by Single Year of Age and Sex","https://api.census.gov/data/2023/pep/charv?get=NAME,POP,AGE_DESC,YEAR&for=state:*&YEAR=2023&AGE=0001&SEX=0",0.0013023766546604865,0.011774214704994403,11.774214704994403,late_oct_apr,Late Oct-Apr,baseline_oct_mar,Baseline Oct-Mar,"Pelletier et al. JAMA Network Open 2025 untreated infants: 2,535 RSV-associated hospitalizations among 215,301 untreated infants.","U.S. Census Bureau Population Estimates Program, Vintage 2023 Annual Resident Population Estimates by Single Year of Age and Sex, age under 1 year.",0.5412605178766193,0.5412605178766193,1.5334462358744918
nssp,"RSV ED visit percentage of total ED visits, all ages",2025-2026,California,uptake_100,Uptake 100%; otherwise reference,0.6642767035097462,0.6659483619813186,415125,Age under 1 year,2023,"U.S. Census Bureau Population Estimates Program, Vintage 2023 Annual Resident Population Estimates by Single Year of Age and Sex","https://api.census.gov/data/2023/pep/charv?get=NAME,POP,AGE_DESC,YEAR&for=state:*&YEAR=2023&AGE=0001&SEX=0",0.001671658471572357,0.011774214704994403,11.774214704994403,late_oct_apr,Late Oct-Apr,baseline_oct_mar,Baseline Oct-Mar,"Pelletier et al. JAMA Network Open 2025 untreated infants: 2,535 RSV-associated hospitalizations among 215,301 untreated infants.","U.S. Census Bureau Population Estimates Program, Vintage 2023 Annual Resident Population Estimates by Single Year of Age and Sex, age under 1 year.",8.170683597671735,8.170683597671735,1.9682465757715715
nssp,"RSV ED visit percentage of total ED visits, all ages",2025-2026,Colorado,uptake_100,Uptake 100%; otherwise reference,0.6973289479519649,0.6993793066912671,62168,Age under 1 year,2023,"U.S. Census Bureau Population Estimates Program, Vintage 2023 Annual Resident Population Estimates by Single Year of Age and Sex","https://api.census.gov/data/2023/pep/charv?get=NAME,POP,AGE_DESC,YEAR&for=state:*&YEAR=2023&AGE=0001&SEX=0",0.0020503587393022604,0.011774214704994403,11.774214704994403,late_oct_apr,Late Oct-Apr,baseline_oct_mar,Baseline Oct-Mar,"Pelletier et al. JAMA Network Open 2025 untreated infants: 2,535 RSV-associated hospitalizations among 215,301 untreated infants.","U.S. Census Bureau Population Estimates Program, Vintage 2023 Annual Resident Population Estimates by Single Year of Age and Sex, age under 1 year.",1.50082031832116,1.50082031832116,2.414136401880646
nssp,"RSV ED visit percentage of total ED visits, all ages",2025-2026,Connecticut,uptake_100,Uptake 100%; otherwise reference,0.6706274098364713,0.6721393404384809,34935,Age under 1 year,2023,"U.S. Census Bureau Population Estimates Program, Vintage 2023 Annual Resident Population Estimates by Single Year of Age and Sex","https://api.census.gov/data/2023/pep/charv?get=NAME,POP,AGE_DESC,YEAR&for=state:*&YEAR=2023&AGE=0001&SEX=0",0.0015119306020096035,0.011774214704994403,11.774214704994403,late_oct_apr,Late Oct-Apr,baseline_oct_mar,Baseline Oct-Mar,"Pelletier et al. JAMA Network Open 2025 untreated infants: 2,535 RSV-associated hospitalizations among 215,301 untreated infants.","U.S. Census Bureau Population Estimates Program, Vintage 2023 Annual Resident Population Estimates by Single Year of Age and Sex, age under 1 year.",0.6219057267396757,0.6219057267396757,1.7801795527112514
nssp,"RSV ED visit percentage of total ED visits, all ages",2025-2026,Delaware,uptake_100,Uptake 100%; otherwise reference,0.647941823592066,0.6492134578662393,10745,Age under 1 year,2023,"U.S. Census Bureau Population Estimates Program, Vintage 2023 Annual Resident Population Estimates by Single Year of Age and Sex","https://api.census.gov/data/2023/pep/charv?get=NAME,POP,AGE_DESC,YEAR&for=state:*&YEAR=2023&AGE=0001&SEX=0",0.0012716342741733166,0.011774214704994403,11.774214704994403,late_oct_apr,Late Oct-Apr,baseline_oct_mar,Baseline Oct-Mar,"Pelletier et al. JAMA Network Open 2025 untreated infants: 2,535 RSV-associated hospitalizations among 215,301 untreated infants.","U.S. Census Bureau Population Estimates Program, Vintage 2023 Annual Resident Population Estimates by Single Year of Age and Sex, age under 1 year.",0.16087945845637153,0.16087945845637153,1.497249497034635
nssp,"RSV ED visit percentage of total ED visits, all ages",2025-2026,District of Columbia,uptake_100,Uptake 100%; otherwise reference,0.6117537901422166,0.6126339961598829,7791,Age under 1 year,2023,"U.S. Census Bureau Population Estimates Program, Vintage 2023 Annual Resident Population Estimates by Single Year of Age and Sex","https://api.census.gov/data/2023/pep/charv?get=NAME,POP,AGE_DESC,YEAR&for=state:*&YEAR=2023&AGE=0001&SEX=0",0.0008802060176662518,0.011774214704994403,11.774214704994403,late_oct_apr,Late Oct-Apr,baseline_oct_mar,Baseline Oct-Mar,"Pelletier et al. JAMA Network Open 2025 untreated infants: 2,535 RSV-associated hospitalizations among 215,301 untreated infants.","U.S. Census Bureau Population Estimates Program, Vintage 2023 Annual Resident Population Estimates by Single Year of Age and Sex, age under 1 year.",0.08074385655398858,0.08074385655398858,1.0363734636630546
nssp,"RSV ED visit percentage of total ED visits, all ages",2025-2026,Florida,uptake_100,Uptake 100%; otherwise reference,0.5376156718282241,0.5388353172987593,224670,Age under 1 year,2023,"U.S. Census Bureau Population Estimates Program, Vintage 2023 Annual Resident Population Estimates by Single Year of Age and Sex","https://api.census.gov/data/2023/pep/charv?get=NAME,POP,AGE_DESC,YEAR&for=state:*&YEAR=2023&AGE=0001&SEX=0",0.0012196454705352133,0.011774214704994403,11.774214704994403,late_oct_apr,Late Oct-Apr,baseline_oct_mar,Baseline Oct-Mar,"Pelletier et al. JAMA Network Open 2025 untreated infants: 2,535 RSV-associated hospitalizations among 215,301 untreated infants.","U.S. Census Bureau Population Estimates Program, Vintage 2023 Annual Resident Population Estimates by Single Year of Age and Sex, age under 1 year.",3.226343796343255,3.226343796343255,1.4360367634055529
nssp,"RSV ED visit percentage of total ED visits, all ages",2025-2026,Georgia,uptake_100,Uptake 100%; otherwise reference,0.6021138639388917,0.6030741153141171,125156,Age under 1 year,2023,"U.S. Census Bureau Population Estimates Program, Vintage 2023 Annual Resident Population Estimates by Single Year of Age and Sex","https://api.census.gov/data/2023/pep/charv?get=NAME,POP,AGE_DESC,YEAR&for=state:*&YEAR=2023&AGE=0001&SEX=0",0.0009602513752254849,0.011774214704994403,11.774214704994403,late_oct_apr,Late Oct-Apr,baseline_oct_mar,Baseline Oct-Mar,"Pelletier et al. JAMA Network Open 2025 untreated infants: 2,535 RSV-associated hospitalizations among 215,301 untreated infants.","U.S. Census Bureau Population Estimates Program, Vintage 2023 Annual Resident Population Estimates by Single Year of Age and Sex, age under 1 year.",1.415039500948452,1.415039500948452,1.1306205862671004
nssp,"RSV ED visit percentage of total ED visits, all ages",2025-2026,Hawaii,uptake_100,Uptake 100%; otherwise reference,0.6151196863665593,0.6173575269971794,15147,Age under 1 year,2023,"U.S. Census Bureau Population Estimates Program, Vintage 2023 Annual Resident Population Estimates by Single Year of Age and Sex","https://api.census.gov/data/2023/pep/charv?get=NAME,POP,AGE_DESC,YEAR&for=state:*&YEAR=2023&AGE=0001&SEX=0",0.002237840630620047,0.011774214704994403,11.774214704994403,late_oct_apr,Late Oct-Apr,baseline_oct_mar,Baseline Oct-Mar,"Pelletier et al. JAMA Network Open 2025 untreated infants: 2,535 RSV-associated hospitalizations among 215,301 untreated infants.","U.S. Census Bureau Population Estimates Program, Vintage 2023 Annual Resident Population Estimates by Single Year of Age and Sex, age under 1 year.",0.39910551686809825,0.39910551686809825,2.634881606048051
nssp,"RSV ED visit percentage of total ED visits, all ages",2025-2026,Idaho,uptake_100,Uptake 100%; otherwise reference,0.6890757147432872,0.6914742730642895,22331,Age under 1 year,2023,"U.S. Census Bureau Population Estimates Program, Vintage 2023 Annual Resident Population Estimates by Single Year of Age and Sex","https://api.census.gov/data/2023/pep/charv?get=NAME,POP,AGE_DESC,YEAR&for=state:*&YEAR=2023&AGE=0001&SEX=0",0.002398558321002331,0.011774214704994403,11.774214704994403,late_oct_apr,Late Oct-Apr,baseline_oct_mar,Baseline Oct-Mar,"Pelletier et al. JAMA Network Open 2025 untreated infants: 2,535 RSV-associated hospitalizations among 215,301 untreated infants.","U.S. Census Bureau Population Estimates Program, Vintage 2023 Annual Resident Population Estimates by Single Year of Age and Sex, age under 1 year.",0.6306529119429628,0.6306529119429628,2.8241140653932333
nssp,"RSV ED visit percentage of total ED visits, all ages",2025-2026,Illinois,uptake_100,Uptake 100%; otherwise reference,0.6735866007217058,0.6751025025925683,126792,Age under 1 year,2023,"U.S. Census Bureau Population Estimates Program, Vintage 2023 Annual Resident Population Estimates by Single Year of Age and Sex","https://api.census.gov/data/2023/pep/charv?get=NAME,POP,AGE_DESC,YEAR&for=state:*&YEAR=2023&AGE=0001&SEX=0",0.0015159018708624794,0.011774214704994403,11.774214704994403,late_oct_apr,Late Oct-Apr,baseline_oct_mar,Baseline Oct-Mar,"Pelletier et al. JAMA Network Open 2025 untreated infants: 2,535 RSV-associated hospitalizations among 215,301 untreated infants.","U.S. Census Bureau Population Estimates Program, Vintage 2023 Annual Resident Population Estimates by Single Year of Age and Sex, age under 1 year.",2.2630538713505253,2.2630538713505253,1.7848554099237532
nssp,"RSV ED visit percentage of total ED visits, all ages",2025-2026,Indiana,uptake_100,Uptake 100%; otherwise reference,0.6710987908984195,0.6731621043424514,79101,Age under 1 year,2023,"U.S. Census Bureau Population Estimates Program, Vintage 2023 Annual Resident Population Estimates by Single Year of Age and Sex","https://api.census.gov/data/2023/pep/charv?get=NAME,POP,AGE_DESC,YEAR&for=state:*&YEAR=2023&AGE=0001&SEX=0",0.002063313444031878,0.011774214704994403,11.774214704994403,late_oct_apr,Late Oct-Apr,baseline_oct_mar,Baseline Oct-Mar,"Pelletier et al. JAMA Network Open 2025 untreated infants: 2,535 RSV-associated hospitalizations among 215,301 untreated infants.","U.S. Census Bureau Population Estimates Program, Vintage 2023 Annual Resident Population Estimates by Single Year of Age and Sex, age under 1 year.",1.9216714274497568,1.9216714274497568,2.4293895493732784
nssp,"RSV ED visit percentage of total ED visits, all ages",2025-2026,Iowa,uptake_100,Uptake 100%; otherwise reference,0.6945299647248206,0.6967863928198573,36766,Age under 1 year,2023,"U.S. Census Bureau Population Estimates Program, Vintage 2023 Annual Resident Population Estimates by Single Year of Age and Sex","https://api.census.gov/data/2023/pep/charv?get=NAME,POP,AGE_DESC,YEAR&for=state:*&YEAR=2023&AGE=0001&SEX=0",0.0022564280950366777,0.011774214704994403,11.774214704994403,late_oct_apr,Late Oct-Apr,baseline_oct_mar,Baseline Oct-Mar,"Pelletier et al. JAMA Network Open 2025 untreated infants: 2,535 RSV-associated hospitalizations among 215,301 untreated infants.","U.S. Census Bureau Population Estimates Program, Vintage 2023 Annual Resident Population Estimates by Single Year of Age and Sex, age under 1 year.",0.9767869132090858,0.9767869132090858,2.6567668857343363
nssp,"RSV ED visit percentage of total ED visits, all ages",2025-2026,Kansas,uptake_100,Uptake 100%; otherwise reference,0.6848836219524298,0.6864695790021226,34590,Age under 1 year,2023,"U.S. Census Bureau Population Estimates Program, Vintage 2023 Annual Resident Population Estimates by Single Year of Age and Sex","https://api.census.gov/data/2023/pep/charv?get=NAME,POP,AGE_DESC,YEAR&for=state:*&YEAR=2023&AGE=0001&SEX=0",0.0015859570496927766,0.011774214704994403,11.774214704994403,late_oct_apr,Late Oct-Apr,baseline_oct_mar,Baseline Oct-Mar,"Pelletier et al. JAMA Network Open 2025 untreated infants: 2,535 RSV-associated hospitalizations among 215,301 untreated infants.","U.S. Census Bureau Population Estimates Program, Vintage 2023 Annual Resident Population Estimates by Single Year of Age and Sex, age under 1 year.",0.6459128650448254,0.6459128650448254,1.8673398815982232
nssp,"RSV ED visit percentage of total ED visits, all ages",2025-2026,Kentucky,uptake_100,Uptake 100%; otherwise reference,0.6527301949554645,0.6546497543955425,52111,Age under 1 year,2023,"U.S. Census Bureau Population Estimates Program, Vintage 2023 Annual Resident Population Estimates by Single Year of Age and Sex","https://api.census.gov/data/2023/pep/charv?get=NAME,POP,AGE_DESC,YEAR&for=state:*&YEAR=2023&AGE=0001&SEX=0",0.0019195594400780447,0.011774214704994403,11.774214704994403,late_oct_apr,Late Oct-Apr,baseline_oct_mar,Baseline Oct-Mar,"Pelletier et al. JAMA Network Open 2025 untreated infants: 2,535 RSV-associated hospitalizations among 215,301 untreated infants.","U.S. Census Bureau Population Estimates Program, Vintage 2023 Annual Resident Population Estimates by Single Year of Age and Sex, age under 1 year.",1.1777766041503412,1.1777766041503412,2.260130498647774
nssp,"RSV ED visit percentage of total ED visits, all ages",2025-2026,Louisiana,uptake_100,Uptake 100%; otherwise reference,0.6223062509046107,0.6232999762621981,55838,Age under 1 year,2023,"U.S. Census Bureau Population Estimates Program, Vintage 2023 Annual Resident Population Estimates by Single Year of Age and Sex","https://api.census.gov/data/2023/pep/charv?get=NAME,POP,AGE_DESC,YEAR&for=state:*&YEAR=2023&AGE=0001&SEX=0",0.0009937253575874605,0.011774214704994403,11.774214704994403,late_oct_apr,Late Oct-Apr,baseline_oct_mar,Baseline Oct-Mar,"Pelletier et al. JAMA Network Open 2025 untreated infants: 2,535 RSV-associated hospitalizations among 215,301 untreated infants.","U.S. Census Bureau Population Estimates Program, Vintage 2023 Annual Resident Population Estimates by Single Year of Age and Sex, age under 1 year.",0.6533233458234763,0.6533233458234763,1.17003357180321
nssp,"RSV ED visit percentage of total ED visits, all ages",2025-2026,Maine,uptake_100,Uptake 100%; otherwise reference,0.7093888445873507,0.7153169761080762,11892,Age under 1 year,2023,"U.S. Census Bureau Population Estimates Program, Vintage 2023 Annual Resident Population Estimates by Single Year of Age and Sex","https://api.census.gov/data/2023/pep/charv?get=NAME,POP,AGE_DESC,YEAR&for=state:*&YEAR=2023&AGE=0001&SEX=0",0.005928131520725466,0.011774214704994403,11.774214704994403,late_oct_apr,Late Oct-Apr,baseline_oct_mar,Baseline Oct-Mar,"Pelletier et al. JAMA Network Open 2025 untreated infants: 2,535 RSV-associated hospitalizations among 215,301 untreated infants.","U.S. Census Bureau Population Estimates Program, Vintage 2023 Annual Resident Population Estimates by Single Year of Age and Sex, age under 1 year.",0.830050817814557,0.830050817814557,6.9799093324466615
nssp,"RSV ED visit percentage of total ED visits, all ages",2025-2026,Maryland,uptake_100,Uptake 100%; otherwise reference,0.6301666838133984,0.6312114305733728,68060,Age under 1 year,2023,"U.S. Census Bureau Population Estimates Program, Vintage 2023 Annual Resident Population Estimates by Single Year of Age and Sex","https://api.census.gov/data/2023/pep/charv?get=NAME,POP,AGE_DESC,YEAR&for=state:*&YEAR=2023&AGE=0001&SEX=0",0.0010447467599744575,0.011774214704994403,11.774214704994403,late_oct_apr,Late Oct-Apr,baseline_oct_mar,Baseline Oct-Mar,"Pelletier et al. JAMA Network Open 2025 untreated infants: 2,535 RSV-associated hospitalizations among 215,301 untreated infants.","U.S. Census Bureau Population Estimates Program, Vintage 2023 Annual Resident Population Estimates by Single Year of Age and Sex, age under 1 year.",0.8372110055313402,0.8372110055313402,1.2301072664286516
nssp,"RSV ED visit percentage of total ED visits, all ages",2025-2026,Massachusetts,uptake_100,Uptake 100%; otherwise reference,0.6675906147843709,0.6691583047858406,69103,Age under 1 year,2023,"U.S. Census Bureau Population Estimates Program, Vintage 2023 Annual Resident Population Estimates by Single Year of Age and Sex","https://api.census.gov/data/2023/pep/charv?get=NAME,POP,AGE_DESC,YEAR&for=state:*&YEAR=2023&AGE=0001&SEX=0",0.0015676900014697237,0.011774214704994403,11.774214704994403,late_oct_apr,Late Oct-Apr,baseline_oct_mar,Baseline Oct-Mar,"Pelletier et al. JAMA Network Open 2025 untreated infants: 2,535 RSV-associated hospitalizations among 215,301 untreated infants.","U.S. Census Bureau Population Estimates Program, Vintage 2023 Annual Resident Population Estimates by Single Year of Age and Sex, age under 1 year.",1.275525194927071,1.275525194927071,1.845831866817752
nssp,"RSV ED visit percentage of total ED visits, all ages",2025-2026,Michigan,uptake_100,Uptake 100%; otherwise reference,0.6985948842296416,0.7017177753552806,101385,Age under 1 year,2023,"U.S. Census Bureau Population Estimates Program, Vintage 2023 Annual Resident Population Estimates by Single Year of Age and Sex","https://api.census.gov/data/2023/pep/charv?get=NAME,POP,AGE_DESC,YEAR&for=state:*&YEAR=2023&AGE=0001&SEX=0",0.0031228911256390157,0.011774214704994403,11.774214704994403,late_oct_apr,Late Oct-Apr,baseline_oct_mar,Baseline Oct-Mar,"Pelletier et al. JAMA Network Open 2025 untreated infants: 2,535 RSV-associated hospitalizations among 215,301 untreated infants.","U.S. Census Bureau Population Estimates Program, Vintage 2023 Annual Resident Population Estimates by Single Year of Age and Sex, age under 1 year.",3.7278849443593716,3.7278849443593716,3.6769590613595424
nssp,"RSV ED visit percentage of total ED visits, all ages",2025-2026,Minnesota,uptake_100,Uptake 100%; otherwise reference,0.6762965651529963,0.6790555447719013,63637,Age under 1 year,2023,"U.S. Census Bureau Population Estimates Program, Vintage 2023 Annual Resident Population Estimates by Single Year of Age and Sex","https://api.census.gov/data/2023/pep/charv?get=NAME,POP,AGE_DESC,YEAR&for=state:*&YEAR=2023&AGE=0001&SEX=0",0.002758979618905033,0.011774214704994403,11.774214704994403,late_oct_apr,Late Oct-Apr,baseline_oct_mar,Baseline Oct-Mar,"Pelletier et al. JAMA Network Open 2025 untreated infants: 2,535 RSV-associated hospitalizations among 215,301 untreated infants.","U.S. Census Bureau Population Estimates Program, Vintage 2023 Annual Resident Population Estimates by Single Year of Age and Sex, age under 1 year.",2.0672363885011675,2.0672363885011675,3.2484818399691497
nssp,"RSV ED visit percentage of total ED visits, all ages",2025-2026,Mississippi,uptake_100,Uptake 100%; otherwise reference,0.6432386277173184,0.6448493572038799,34372,Age under 1 year,2023,"U.S. Census Bureau Population Estimates Program, Vintage 2023 Annual Resident Population Estimates by Single Year of Age and Sex","https://api.census.gov/data/2023/pep/charv?get=NAME,POP,AGE_DESC,YEAR&for=state:*&YEAR=2023&AGE=0001&SEX=0",0.0016107294865614907,0.011774214704994403,11.774214704994403,late_oct_apr,Late Oct-Apr,baseline_oct_mar,Baseline Oct-Mar,"Pelletier et al. JAMA Network Open 2025 untreated infants: 2,535 RSV-associated hospitalizations among 215,301 untreated infants.","U.S. Census Bureau Population Estimates Program, Vintage 2023 Annual Resident Population Estimates by Single Year of Age and Sex, age under 1 year.",0.651867551246969,0.651867551246969,1.896507480644039
nssp,"RSV ED visit percentage of total ED visits, all ages",2025-2026,Montana,uptake_100,Uptake 100%; otherwise reference,0.7151887684294895,0.7207159354015661,11266,Age under 1 year,2023,"U.S. Census Bureau Population Estimates Program, Vintage 2023 Annual Resident Population Estimates by Single Year of Age and Sex","https://api.census.gov/data/2023/pep/charv?get=NAME,POP,AGE_DESC,YEAR&for=state:*&YEAR=2023&AGE=0001&SEX=0",0.005527166972076558,0.011774214704994403,11.774214704994403,late_oct_apr,Late Oct-Apr,baseline_oct_mar,Baseline Oct-Mar,"Pelletier et al. JAMA Network Open 2025 untreated infants: 2,535 RSV-associated hospitalizations among 215,301 untreated infants.","U.S. Census Bureau Population Estimates Program, Vintage 2023 Annual Resident Population Estimates by Single Year of Age and Sex, age under 1 year.",0.7331693185055442,0.7331693185055442,6.507805063958321
nssp,"RSV ED visit percentage of total ED visits, all ages",2025-2026,Nebraska,uptake_100,Uptake 100%; otherwise reference,0.7164110376962806,0.7211935080680455,24144,Age under 1 year,2023,"U.S. Census Bureau Population Estimates Program, Vintage 2023 Annual Resident Population Estimates by Single Year of Age and Sex","https://api.census.gov/data/2023/pep/charv?get=NAME,POP,AGE_DESC,YEAR&for=state:*&YEAR=2023&AGE=0001&SEX=0",0.004782470371764935,0.011774214704994403,11.774214704994403,late_oct_apr,Late Oct-Apr,baseline_oct_mar,Baseline Oct-Mar,"Pelletier et al. JAMA Network Open 2025 untreated infants: 2,535 RSV-associated hospitalizations among 215,301 untreated infants.","U.S. Census Bureau Population Estimates Program, Vintage 2023 Annual Resident Population Estimates by Single Year of Age and Sex, age under 1 year.",1.3595446074071846,1.3595446074071846,5.630983297743476
nssp,"RSV ED visit percentage of total ED visits, all ages",2025-2026,Nevada,uptake_100,Uptake 100%; otherwise reference,0.6861985023228242,0.6879379898645022,32716,Age under 1 year,2023,"U.S. Census Bureau Population Estimates Program, Vintage 2023 Annual Resident Population Estimates by Single Year of Age and Sex","https://api.census.gov/data/2023/pep/charv?get=NAME,POP,AGE_DESC,YEAR&for=state:*&YEAR=2023&AGE=0001&SEX=0",0.0017394875416779643,0.011774214704994403,11.774214704994403,late_oct_apr,Late Oct-Apr,baseline_oct_mar,Baseline Oct-Mar,"Pelletier et al. JAMA Network Open 2025 untreated infants: 2,535 RSV-associated hospitalizations among 215,301 untreated infants.","U.S. Census Bureau Population Estimates Program, Vintage 2023 Annual Resident Population Estimates by Single Year of Age and Sex, age under 1 year.",0.6700596608074796,0.6700596608074796,2.048109979237925
nssp,"RSV ED visit percentage of total ED visits, all ages",2025-2026,New Hampshire,uptake_100,Uptake 100%; otherwise reference,0.6831866569227336,0.685260137233492,12164,Age under 1 year,2023,"U.S. Census Bureau Population Estimates Program, Vintage 2023 Annual Resident Population Estimates by Single Year of Age and Sex","https://api.census.gov/data/2023/pep/charv?get=NAME,POP,AGE_DESC,YEAR&for=state:*&YEAR=2023&AGE=0001&SEX=0",0.00207348031075838,0.011774214704994403,11.774214704994403,late_oct_apr,Late Oct-Apr,baseline_oct_mar,Baseline Oct-Mar,"Pelletier et al. JAMA Network Open 2025 untreated infants: 2,535 RSV-associated hospitalizations among 215,301 untreated infants.","U.S. Census Bureau Population Estimates Program, Vintage 2023 Annual Resident Population Estimates by Single Year of Age and Sex, age under 1 year.",0.29696705917330557,0.29696705917330557,2.441360236544768
nssp,"RSV ED visit percentage of total ED visits, all ages",2025-2026,New Jersey,uptake_100,Uptake 100%; otherwise reference,0.6460002016392283,0.6471940845719159,102477,Age under 1 year,2023,"U.S. Census Bureau Population Estimates Program, Vintage 2023 Annual Resident Population Estimates by Single Year of Age and Sex","https://api.census.gov/data/2023/pep/charv?get=NAME,POP,AGE_DESC,YEAR&for=state:*&YEAR=2023&AGE=0001&SEX=0",0.0011938829326875178,0.011774214704994403,11.774214704994403,late_oct_apr,Late Oct-Apr,baseline_oct_mar,Baseline Oct-Mar,"Pelletier et al. JAMA Network Open 2025 untreated infants: 2,535 RSV-associated hospitalizations among 215,301 untreated infants.","U.S. Census Bureau Population Estimates Program, Vintage 2023 Annual Resident Population Estimates by Single Year of Age and Sex, age under 1 year.",1.4405226713827615,1.4405226713827615,1.4057033982091216
nssp,"RSV ED visit percentage of total ED visits, all ages",2025-2026,New Mexico,uptake_100,Uptake 100%; otherwise reference,0.7037528090413465,0.705937879527849,20589,Age under 1 year,2023,"U.S. Census Bureau Population Estimates Program, Vintage 2023 Annual Resident Population Estimates by Single Year of Age and Sex","https://api.census.gov/data/2023/pep/charv?get=NAME,POP,AGE_DESC,YEAR&for=state:*&YEAR=2023&AGE=0001&SEX=0",0.002185070486502516,0.011774214704994403,11.774214704994403,late_oct_apr,Late Oct-Apr,baseline_oct_mar,Baseline Oct-Mar,"Pelletier et al. JAMA Network Open 2025 untreated infants: 2,535 RSV-associated hospitalizations among 215,301 untreated infants.","U.S. Census Bureau Population Estimates Program, Vintage 2023 Annual Resident Population Estimates by Single Year of Age and Sex, age under 1 year.",0.5297032721251304,0.5297032721251304,2.57274890536272
nssp,"RSV ED visit percentage of total ED visits, all ages",2025-2026,New York,uptake_100,Uptake 100%; otherwise reference,0.6551857640245669,0.6566278072901058,209673,Age under 1 year,2023,"U.S. Census Bureau Population Estimates Program, Vintage 2023 Annual Resident Population Estimates by Single Year of Age and Sex","https://api.census.gov/data/2023/pep/charv?get=NAME,POP,AGE_DESC,YEAR&for=state:*&YEAR=2023&AGE=0001&SEX=0",0.0014420432655389837,0.011774214704994403,11.774214704994403,late_oct_apr,Late Oct-Apr,baseline_oct_mar,Baseline Oct-Mar,"Pelletier et al. JAMA Network Open 2025 untreated infants: 2,535 RSV-associated hospitalizations among 215,301 untreated infants.","U.S. Census Bureau Population Estimates Program, Vintage 2023 Annual Resident Population Estimates by Single Year of Age and Sex, age under 1 year.",3.5600225655566144,3.5600225655566144,1.6978927022347252
nssp,"RSV ED visit percentage of total ED visits, all ages",2025-2026,North Carolina,uptake_100,Uptake 100%; otherwise reference,0.6480607542576049,0.6494102566994329,120602,Age under 1 year,2023,"U.S. Census Bureau Population Estimates Program, Vintage 2023 Annual Resident Population Estimates by Single Year of Age and Sex","https://api.census.gov/data/2023/pep/charv?get=NAME,POP,AGE_DESC,YEAR&for=state:*&YEAR=2023&AGE=0001&SEX=0",0.0013495024418279655,0.011774214704994403,11.774214704994403,late_oct_apr,Late Oct-Apr,baseline_oct_mar,Baseline Oct-Mar,"Pelletier et al. JAMA Network Open 2025 untreated infants: 2,535 RSV-associated hospitalizations among 215,301 untreated infants.","U.S. Census Bureau Population Estimates Program, Vintage 2023 Annual Resident Population Estimates by Single Year of Age and Sex, age under 1 year.",1.9162851569595902,1.9162851569595902,1.5889331494996686
nssp,"RSV ED visit percentage of total ED visits, all ages",2025-2026,North Dakota,uptake_100,Uptake 100%; otherwise reference,0.7222070154707375,0.7268626114457626,9626,Age under 1 year,2023,"U.S. Census Bureau Population Estimates Program, Vintage 2023 Annual Resident Population Estimates by Single Year of Age and Sex","https://api.census.gov/data/2023/pep/charv?get=NAME,POP,AGE_DESC,YEAR&for=state:*&YEAR=2023&AGE=0001&SEX=0",0.004655595975025073,0.011774214704994403,11.774214704994403,late_oct_apr,Late Oct-Apr,baseline_oct_mar,Baseline Oct-Mar,"Pelletier et al. JAMA Network Open 2025 untreated infants: 2,535 RSV-associated hospitalizations among 215,301 untreated infants.","U.S. Census Bureau Population Estimates Program, Vintage 2023 Annual Resident Population Estimates by Single Year of Age and Sex, age under 1 year.",0.5276586869119995,0.5276586869119995,5.481598658965297
nssp,"RSV ED visit percentage of total ED visits, all ages",2025-2026,Ohio,uptake_100,Uptake 100%; otherwise reference,0.6787350007138071,0.6803522194578071,128059,Age under 1 year,2023,"U.S. Census Bureau Population Estimates Program, Vintage 2023 Annual Resident Population Estimates by Single Year of Age and Sex","https://api.census.gov/data/2023/pep/charv?get=NAME,POP,AGE_DESC,YEAR&for=state:*&YEAR=2023&AGE=0001&SEX=0",0.001617218744000004,0.011774214704994403,11.774214704994403,late_oct_apr,Late Oct-Apr,baseline_oct_mar,Baseline Oct-Mar,"Pelletier et al. JAMA Network Open 2025 untreated infants: 2,535 RSV-associated hospitalizations among 215,301 untreated infants.","U.S. Census Bureau Population Estimates Program, Vintage 2023 Annual Resident Population Estimates by Single Year of Age and Sex, age under 1 year.",2.4384329791123616,2.4384329791123616,1.9041480716797428
nssp,"RSV ED visit percentage of total ED visits, all ages",2025-2026,Oklahoma,uptake_100,Uptake 100%; otherwise reference,0.6738721028173233,0.6753786946727209,47714,Age under 1 year,2023,"U.S. Census Bureau Population Estimates Program, Vintage 2023 Annual Resident Population Estimates by Single Year of Age and Sex","https://api.census.gov/data/2023/pep/charv?get=NAME,POP,AGE_DESC,YEAR&for=state:*&YEAR=2023&AGE=0001&SEX=0",0.0015065918553975877,0.011774214704994403,11.774214704994403,late_oct_apr,Late Oct-Apr,baseline_oct_mar,Baseline Oct-Mar,"Pelletier et al. JAMA Network Open 2025 untreated infants: 2,535 RSV-associated hospitalizations among 215,301 untreated infants.","U.S. Census Bureau Population Estimates Program, Vintage 2023 Annual Resident Population Estimates by Single Year of Age and Sex, age under 1 year.",0.8463955912660811,0.8463955912660811,1.773893597824708
nssp,"RSV ED visit percentage of total ED visits, all ages",2025-2026,Oregon,uptake_100,Uptake 100%; otherwise reference,0.6985991747632759,0.7011934591740285,38904,Age under 1 year,2023,"U.S. Census Bureau Population Estimates Program, Vintage 2023 Annual Resident Population Estimates by Single Year of Age and Sex","https://api.census.gov/data/2023/pep/charv?get=NAME,POP,AGE_DESC,YEAR&for=state:*&YEAR=2023&AGE=0001&SEX=0",0.002594284410752601,0.011774214704994403,11.774214704994403,late_oct_apr,Late Oct-Apr,baseline_oct_mar,Baseline Oct-Mar,"Pelletier et al. JAMA Network Open 2025 untreated infants: 2,535 RSV-associated hospitalizations among 215,301 untreated infants.","U.S. Census Bureau Population Estimates Program, Vintage 2023 Annual Resident Population Estimates by Single Year of Age and Sex, age under 1 year.",1.1883484211436495,1.1883484211436495,3.0545661658021013
nssp,"RSV ED visit percentage of total ED visits, all ages",2025-2026,Pennsylvania,uptake_100,Uptake 100%; otherwise reference,0.6661505580539947,0.6676377067538324,128878,Age under 1 year,2023,"U.S. Census Bureau Population Estimates Program, Vintage 2023 Annual Resident Population Estimates by Single Year of Age and Sex","https://api.census.gov/data/2023/pep/charv?get=NAME,POP,AGE_DESC,YEAR&for=state:*&YEAR=2023&AGE=0001&SEX=0",0.0014871486998376815,0.011774214704994403,11.774214704994403,late_oct_apr,Late Oct-Apr,baseline_oct_mar,Baseline Oct-Mar,"Pelletier et al. JAMA Network Open 2025 untreated infants: 2,535 RSV-associated hospitalizations among 215,301 untreated infants.","U.S. Census Bureau Population Estimates Program, Vintage 2023 Annual Resident Population Estimates by Single Year of Age and Sex, age under 1 year.",2.2566548226413383,2.2566548226413383,1.7510008090142137
nssp,"RSV ED visit percentage of total ED visits, all ages",2025-2026,Rhode Island,uptake_100,Uptake 100%; otherwise reference,0.6598594411583772,0.6612955807733186,10018,Age under 1 year,2023,"U.S. Census Bureau Population Estimates Program, Vintage 2023 Annual Resident Population Estimates by Single Year of Age and Sex","https://api.census.gov/data/2023/pep/charv?get=NAME,POP,AGE_DESC,YEAR&for=state:*&YEAR=2023&AGE=0001&SEX=0",0.0014361396149413785,0.011774214704994403,11.774214704994403,late_oct_apr,Late Oct-Apr,baseline_oct_mar,Baseline Oct-Mar,"Pelletier et al. JAMA Network Open 2025 untreated infants: 2,535 RSV-associated hospitalizations among 215,301 untreated infants.","U.S. Census Bureau Population Estimates Program, Vintage 2023 Annual Resident Population Estimates by Single Year of Age and Sex, age under 1 year.",0.1693985312177858,0.1693985312177858,1.690941617266778
nssp,"RSV ED visit percentage of total ED visits, all ages",2025-2026,South Carolina,uptake_100,Uptake 100%; otherwise reference,0.6032854169565501,0.604106989615357,57279,Age under 1 year,2023,"U.S. Census Bureau Population Estimates Program, Vintage 2023 Annual Resident Population Estimates by Single Year of Age and Sex","https://api.census.gov/data/2023/pep/charv?get=NAME,POP,AGE_DESC,YEAR&for=state:*&YEAR=2023&AGE=0001&SEX=0",0.0008215726588068906,0.011774214704994403,11.774214704994403,late_oct_apr,Late Oct-Apr,baseline_oct_mar,Baseline Oct-Mar,"Pelletier et al. JAMA Network Open 2025 untreated infants: 2,535 RSV-associated hospitalizations among 215,301 untreated infants.","U.S. Census Bureau Population Estimates Program, Vintage 2023 Annual Resident Population Estimates by Single Year of Age and Sex, age under 1 year.",0.5540811252247623,0.5540811252247623,0.9673372880545441
nssp,"RSV ED visit percentage of total ED visits, all ages",2025-2026,South Dakota,uptake_100,Uptake 100%; otherwise reference,0.7118771835950628,0.7170410871796453,11434,Age under 1 year,2023,"U.S. Census Bureau Population Estimates Program, Vintage 2023 Annual Resident Population Estimates by Single Year of Age and Sex","https://api.census.gov/data/2023/pep/charv?get=NAME,POP,AGE_DESC,YEAR&for=state:*&YEAR=2023&AGE=0001&SEX=0",0.005163903584582519,0.011774214704994403,11.774214704994403,late_oct_apr,Late Oct-Apr,baseline_oct_mar,Baseline Oct-Mar,"Pelletier et al. JAMA Network Open 2025 untreated infants: 2,535 RSV-associated hospitalizations among 215,301 untreated infants.","U.S. Census Bureau Population Estimates Program, Vintage 2023 Annual Resident Population Estimates by Single Year of Age and Sex, age under 1 year.",0.6951975994604247,0.6951975994604247,6.08009095207648
nssp,"RSV ED visit percentage of total ED visits, all ages",2025-2026,Tennessee,uptake_100,Uptake 100%; otherwise reference,0.6448115985702354,0.6462189253534703,81959,Age under 1 year,2023,"U.S. Census Bureau Population Estimates Program, Vintage 2023 Annual Resident Population Estimates by Single Year of Age and Sex","https://api.census.gov/data/2023/pep/charv?get=NAME,POP,AGE_DESC,YEAR&for=state:*&YEAR=2023&AGE=0001&SEX=0",0.0014073267832348524,0.011774214704994403,11.774214704994403,late_oct_apr,Late Oct-Apr,baseline_oct_mar,Baseline Oct-Mar,"Pelletier et al. JAMA Network Open 2025 untreated infants: 2,535 RSV-associated hospitalizations among 215,301 untreated infants.","U.S. Census Bureau Population Estimates Program, Vintage 2023 Annual Resident Population Estimates by Single Year of Age and Sex, age under 1 year.",1.3580743750075523,1.3580743750075523,1.657016770589627
nssp,"RSV ED visit percentage of total ED visits, all ages",2025-2026,Texas,uptake_100,Uptake 100%; otherwise reference,0.6162962171565061,0.61732458358597,389814,Age under 1 year,2023,"U.S. Census Bureau Population Estimates Program, Vintage 2023 Annual Resident Population Estimates by Single Year of Age and Sex","https://api.census.gov/data/2023/pep/charv?get=NAME,POP,AGE_DESC,YEAR&for=state:*&YEAR=2023&AGE=0001&SEX=0",0.0010283664294639117,0.011774214704994403,11.774214704994403,late_oct_apr,Late Oct-Apr,baseline_oct_mar,Baseline Oct-Mar,"Pelletier et al. JAMA Network Open 2025 untreated infants: 2,535 RSV-associated hospitalizations among 215,301 untreated infants.","U.S. Census Bureau Population Estimates Program, Vintage 2023 Annual Resident Population Estimates by Single Year of Age and Sex, age under 1 year.",4.719948656480185,4.719948656480185,1.210820713591658
nssp,"RSV ED visit percentage of total ED visits, all ages",2025-2026,Utah,uptake_100,Uptake 100%; otherwise reference,0.7055056299876024,0.7076183658126929,45759,Age under 1 year,2023,"U.S. Census Bureau Population Estimates Program, Vintage 2023 Annual Resident Population Estimates by Single Year of Age and Sex","https://api.census.gov/data/2023/pep/charv?get=NAME,POP,AGE_DESC,YEAR&for=state:*&YEAR=2023&AGE=0001&SEX=0",0.002112735825090528,0.011774214704994403,11.774214704994403,late_oct_apr,Late Oct-Apr,baseline_oct_mar,Baseline Oct-Mar,"Pelletier et al. JAMA Network Open 2025 untreated infants: 2,535 RSV-associated hospitalizations among 215,301 untreated infants.","U.S. Census Bureau Population Estimates Program, Vintage 2023 Annual Resident Population Estimates by Single Year of Age and Sex, age under 1 year.",1.13829197104136,1.13829197104136,2.4875805219549383
nssp,"RSV ED visit percentage of total ED visits, all ages",2025-2026,Vermont,uptake_100,Uptake 100%; otherwise reference,0.7073882106232355,0.7103547126884626,5112,Age under 1 year,2023,"U.S. Census Bureau Population Estimates Program, Vintage 2023 Annual Resident Population Estimates by Single Year of Age and Sex","https://api.census.gov/data/2023/pep/charv?get=NAME,POP,AGE_DESC,YEAR&for=state:*&YEAR=2023&AGE=0001&SEX=0",0.0029665020652270835,0.011774214704994403,11.774214704994403,late_oct_apr,Late Oct-Apr,baseline_oct_mar,Baseline Oct-Mar,"Pelletier et al. JAMA Network Open 2025 untreated infants: 2,535 RSV-associated hospitalizations among 215,301 untreated infants.","U.S. Census Bureau Population Estimates Program, Vintage 2023 Annual Resident Population Estimates by Single Year of Age and Sex, age under 1 year.",0.17855312320470978,0.17855312320470978,3.4928232238792996
nssp,"RSV ED visit percentage of total ED visits, all ages",2025-2026,Virginia,uptake_100,Uptake 100%; otherwise reference,0.6161394794438882,0.6174034485500842,95290,Age under 1 year,2023,"U.S. Census Bureau Population Estimates Program, Vintage 2023 Annual Resident Population Estimates by Single Year of Age and Sex","https://api.census.gov/data/2023/pep/charv?get=NAME,POP,AGE_DESC,YEAR&for=state:*&YEAR=2023&AGE=0001&SEX=0",0.0012639691061959724,0.011774214704994403,11.774214704994403,late_oct_apr,Late Oct-Apr,baseline_oct_mar,Baseline Oct-Mar,"Pelletier et al. JAMA Network Open 2025 untreated infants: 2,535 RSV-associated hospitalizations among 215,301 untreated infants.","U.S. Census Bureau Population Estimates Program, Vintage 2023 Annual Resident Population Estimates by Single Year of Age and Sex, age under 1 year.",1.4181289961536498,1.4181289961536498,1.4882243636831252
nssp,"RSV ED visit percentage of total ED visits, all ages",2025-2026,Washington,uptake_100,Uptake 100%; otherwise reference,0.669956922769441,0.6717849191560373,82456,Age under 1 year,2023,"U.S. Census Bureau Population Estimates Program, Vintage 2023 Annual Resident Population Estimates by Single Year of Age and Sex","https://api.census.gov/data/2023/pep/charv?get=NAME,POP,AGE_DESC,YEAR&for=state:*&YEAR=2023&AGE=0001&SEX=0",0.0018279963865963644,0.011774214704994403,11.774214704994403,late_oct_apr,Late Oct-Apr,baseline_oct_mar,Baseline Oct-Mar,"Pelletier et al. JAMA Network Open 2025 untreated infants: 2,535 RSV-associated hospitalizations among 215,301 untreated infants.","U.S. Census Bureau Population Estimates Program, Vintage 2023 Annual Resident Population Estimates by Single Year of Age and Sex, age under 1 year.",1.7747187879333401,1.7747187879333401,2.152322193573955
nssp,"RSV ED visit percentage of total ED visits, all ages",2025-2026,West Virginia,uptake_100,Uptake 100%; otherwise reference,0.685183487648439,0.6881232628290869,17135,Age under 1 year,2023,"U.S. Census Bureau Population Estimates Program, Vintage 2023 Annual Resident Population Estimates by Single Year of Age and Sex","https://api.census.gov/data/2023/pep/charv?get=NAME,POP,AGE_DESC,YEAR&for=state:*&YEAR=2023&AGE=0001&SEX=0",0.002939775180647919,0.011774214704994403,11.774214704994403,late_oct_apr,Late Oct-Apr,baseline_oct_mar,Baseline Oct-Mar,"Pelletier et al. JAMA Network Open 2025 untreated infants: 2,535 RSV-associated hospitalizations among 215,301 untreated infants.","U.S. Census Bureau Population Estimates Program, Vintage 2023 Annual Resident Population Estimates by Single Year of Age and Sex, age under 1 year.",0.5931030792049431,0.5931030792049431,3.4613544161362304
nssp,"RSV ED visit percentage of total ED visits, all ages",2025-2026,Wisconsin,uptake_100,Uptake 100%; otherwise reference,0.7042937452951759,0.7072528020147604,59547,Age under 1 year,2023,"U.S. Census Bureau Population Estimates Program, Vintage 2023 Annual Resident Population Estimates by Single Year of Age and Sex","https://api.census.gov/data/2023/pep/charv?get=NAME,POP,AGE_DESC,YEAR&for=state:*&YEAR=2023&AGE=0001&SEX=0",0.0029590567195845185,0.011774214704994403,11.774214704994403,late_oct_apr,Late Oct-Apr,baseline_oct_mar,Baseline Oct-Mar,"Pelletier et al. JAMA Network Open 2025 untreated infants: 2,535 RSV-associated hospitalizations among 215,301 untreated infants.","U.S. Census Bureau Population Estimates Program, Vintage 2023 Annual Resident Population Estimates by Single Year of Age and Sex, age under 1 year.",2.0746513706179606,2.0746513706179606,3.484056914064454
nssp,"RSV ED visit percentage of total ED visits, all ages",2025-2026,Wyoming,uptake_100,Uptake 100%; otherwise reference,0.7141715475957023,0.718375769271375,5847,Age under 1 year,2023,"U.S. Census Bureau Population Estimates Program, Vintage 2023 Annual Resident Population Estimates by Single Year of Age and Sex","https://api.census.gov/data/2023/pep/charv?get=NAME,POP,AGE_DESC,YEAR&for=state:*&YEAR=2023&AGE=0001&SEX=0",0.0042042216756726924,0.011774214704994403,11.774214704994403,late_oct_apr,Late Oct-Apr,baseline_oct_mar,Baseline Oct-Mar,"Pelletier et al. JAMA Network Open 2025 untreated infants: 2,535 RSV-associated hospitalizations among 215,301 untreated infants.","U.S. Census Bureau Population Estimates Program, Vintage 2023 Annual Resident Population Estimates by Single Year of Age and Sex, age under 1 year.",0.2894347365330252,0.2894347365330252,4.950140867676163
nssp,"RSV ED visit percentage of total ED visits, all ages",2023-2024,Alabama,uptake_100,Uptake 100%; otherwise reference,0.4868544958819411,0.6223373055133238,57885,Age under 1 year,2023,"U.S. Census Bureau Population Estimates Program, Vintage 2023 Annual Resident Population Estimates by Single Year of Age and Sex","https://api.census.gov/data/2023/pep/charv?get=NAME,POP,AGE_DESC,YEAR&for=state:*&YEAR=2023&AGE=0001&SEX=0",0.1354828096313827,0.011774214704994403,11.774214704994403,extended_sep_apr,Extended Sep-Apr,baseline_oct_mar,Baseline Oct-Mar,"Pelletier et al. JAMA Network Open 2025 untreated infants: 2,535 RSV-associated hospitalizations among 215,301 untreated infants.","U.S. Census Bureau Population Estimates Program, Vintage 2023 Annual Resident Population Estimates by Single Year of Age and Sex, age under 1 year.",92.33836556299033,92.33836556299033,159.52036894357838
nssp,"RSV ED visit percentage of total ED visits, all ages",2023-2024,Alaska,uptake_100,Uptake 100%; otherwise reference,0.5895140737107054,0.6658706878108809,9224,Age under 1 year,2023,"U.S. Census Bureau Population Estimates Program, Vintage 2023 Annual Resident Population Estimates by Single Year of Age and Sex","https://api.census.gov/data/2023/pep/charv?get=NAME,POP,AGE_DESC,YEAR&for=state:*&YEAR=2023&AGE=0001&SEX=0",0.07635661410017547,0.011774214704994403,11.774214704994403,extended_sep_apr,Extended Sep-Apr,baseline_oct_mar,Baseline Oct-Mar,"Pelletier et al. JAMA Network Open 2025 untreated infants: 2,535 RSV-associated hospitalizations among 215,301 untreated infants.","U.S. Census Bureau Population Estimates Program, Vintage 2023 Annual Resident Population Estimates by Single Year of Age and Sex, age under 1 year.",8.29273729081468,8.29273729081468,89.9039168561869
nssp,"RSV ED visit percentage of total ED visits, all ages",2023-2024,Arizona,uptake_100,Uptake 100%; otherwise reference,0.6088154115751325,0.6775085206686434,78075,Age under 1 year,2023,"U.S. Census Bureau Population Estimates Program, Vintage 2023 Annual Resident Population Estimates by Single Year of Age and Sex","https://api.census.gov/data/2023/pep/charv?get=NAME,POP,AGE_DESC,YEAR&for=state:*&YEAR=2023&AGE=0001&SEX=0",0.0686931090935109,0.011774214704994403,11.774214704994403,extended_sep_apr,Extended Sep-Apr,baseline_oct_mar,Baseline Oct-Mar,"Pelletier et al. JAMA Network Open 2025 untreated infants: 2,535 RSV-associated hospitalizations among 215,301 untreated infants.","U.S. Census Bureau Population Estimates Program, Vintage 2023 Annual Resident Population Estimates by Single Year of Age and Sex, age under 1 year.",63.147638943348404,63.147638943348404,80.88074152206008
nssp,"RSV ED visit percentage of total ED visits, all ages",2023-2024,Arkansas,uptake_100,Uptake 100%; otherwise reference,0.5611674636439503,0.6529222729050412,35297,Age under 1 year,2023,"U.S. Census Bureau Population Estimates Program, Vintage 2023 Annual Resident Population Estimates by Single Year of Age and Sex","https://api.census.gov/data/2023/pep/charv?get=NAME,POP,AGE_DESC,YEAR&for=state:*&YEAR=2023&AGE=0001&SEX=0",0.09175480926109092,0.011774214704994403,11.774214704994403,extended_sep_apr,Extended Sep-Apr,baseline_oct_mar,Baseline Oct-Mar,"Pelletier et al. JAMA Network Open 2025 untreated infants: 2,535 RSV-associated hospitalizations among 215,301 untreated infants.","U.S. Census Bureau Population Estimates Program, Vintage 2023 Annual Resident Population Estimates by Single Year of Age and Sex, age under 1 year.",38.13279008081967,38.13279008081967,108.03408244558933
nssp,"RSV ED visit percentage of total ED visits, all ages",2023-2024,California,uptake_100,Uptake 100%; otherwise reference,0.579584977513125,0.6640241634911827,415125,Age under 1 year,2023,"U.S. Census Bureau Population Estimates Program, Vintage 2023 Annual Resident Population Estimates by Single Year of Age and Sex","https://api.census.gov/data/2023/pep/charv?get=NAME,POP,AGE_DESC,YEAR&for=state:*&YEAR=2023&AGE=0001&SEX=0",0.08443918597805766,0.011774214704994403,11.774214704994403,extended_sep_apr,Extended Sep-Apr,baseline_oct_mar,Baseline Oct-Mar,"Pelletier et al. JAMA Network Open 2025 untreated infants: 2,535 RSV-associated hospitalizations among 215,301 untreated infants.","U.S. Census Bureau Population Estimates Program, Vintage 2023 Annual Resident Population Estimates by Single Year of Age and Sex, age under 1 year.",412.7193943047031,412.7193943047031,99.42051052206038
nssp,"RSV ED visit percentage of total ED visits, all ages",2023-2024,Colorado,uptake_100,Uptake 100%; otherwise reference,0.6183023287080945,0.6815048749709239,62168,Age under 1 year,2023,"U.S. Census Bureau Population Estimates Program, Vintage 2023 Annual Resident Population Estimates by Single Year of Age and Sex","https://api.census.gov/data/2023/pep/charv?get=NAME,POP,AGE_DESC,YEAR&for=state:*&YEAR=2023&AGE=0001&SEX=0",0.0632025462628294,0.011774214704994403,11.774214704994403,extended_sep_apr,Extended Sep-Apr,baseline_oct_mar,Baseline Oct-Mar,"Pelletier et al. JAMA Network Open 2025 untreated infants: 2,535 RSV-associated hospitalizations among 215,301 untreated infants.","U.S. Census Bureau Population Estimates Program, Vintage 2023 Annual Resident Population Estimates by Single Year of Age and Sex, age under 1 year.",46.26296061398843,46.26296061398843,74.41603496008949
nssp,"RSV ED visit percentage of total ED visits, all ages",2023-2024,Connecticut,uptake_100,Uptake 100%; otherwise reference,0.5510728316692428,0.653580767323022,34935,Age under 1 year,2023,"U.S. Census Bureau Population Estimates Program, Vintage 2023 Annual Resident Population Estimates by Single Year of Age and Sex","https://api.census.gov/data/2023/pep/charv?get=NAME,POP,AGE_DESC,YEAR&for=state:*&YEAR=2023&AGE=0001&SEX=0",0.10250793565377914,0.011774214704994403,11.774214704994403,extended_sep_apr,Extended Sep-Apr,baseline_oct_mar,Baseline Oct-Mar,"Pelletier et al. JAMA Network Open 2025 untreated infants: 2,535 RSV-associated hospitalizations among 215,301 untreated infants.","U.S. Census Bureau Population Estimates Program, Vintage 2023 Annual Resident Population Estimates by Single Year of Age and Sex, age under 1 year.",42.16481373854916,42.16481373854916,120.69504433533464
nssp,"RSV ED visit percentage of total ED visits, all ages",2023-2024,Delaware,uptake_100,Uptake 100%; otherwise reference,0.5101534452970158,0.6386324013926673,10745,Age under 1 year,2023,"U.S. Census Bureau Population Estimates Program, Vintage 2023 Annual Resident Population Estimates by Single Year of Age and Sex","https://api.census.gov/data/2023/pep/charv?get=NAME,POP,AGE_DESC,YEAR&for=state:*&YEAR=2023&AGE=0001&SEX=0",0.12847895609565152,0.011774214704994403,11.774214704994403,extended_sep_apr,Extended Sep-Apr,baseline_oct_mar,Baseline Oct-Mar,"Pelletier et al. JAMA Network Open 2025 untreated infants: 2,535 RSV-associated hospitalizations among 215,301 untreated infants.","U.S. Census Bureau Population Estimates Program, Vintage 2023 Annual Resident Population Estimates by Single Year of Age and Sex, age under 1 year.",16.254378557974597,16.254378557974597,151.27388141437504
nssp,"RSV ED visit percentage of total ED visits, all ages",2023-2024,District of Columbia,uptake_100,Uptake 100%; otherwise reference,0.45020549050721265,0.6074400094328717,7791,Age under 1 year,2023,"U.S. Census Bureau Population Estimates Program, Vintage 2023 Annual Resident Population Estimates by Single Year of Age and Sex","https://api.census.gov/data/2023/pep/charv?get=NAME,POP,AGE_DESC,YEAR&for=state:*&YEAR=2023&AGE=0001&SEX=0",0.15723451892565904,0.011774214704994403,11.774214704994403,extended_sep_apr,Extended Sep-Apr,baseline_oct_mar,Baseline Oct-Mar,"Pelletier et al. JAMA Network Open 2025 untreated infants: 2,535 RSV-associated hospitalizations among 215,301 untreated infants.","U.S. Census Bureau Population Estimates Program, Vintage 2023 Annual Resident Population Estimates by Single Year of Age and Sex, age under 1 year.",14.423579465100476,14.423579465100476,185.13129848672156
nssp,"RSV ED visit percentage of total ED visits, all ages",2023-2024,Florida,uptake_100,Uptake 100%; otherwise reference,0.4025746871881973,0.5558829580527765,224670,Age under 1 year,2023,"U.S. Census Bureau Population Estimates Program, Vintage 2023 Annual Resident Population Estimates by Single Year of Age and Sex","https://api.census.gov/data/2023/pep/charv?get=NAME,POP,AGE_DESC,YEAR&for=state:*&YEAR=2023&AGE=0001&SEX=0",0.15330827086457927,0.011774214704994403,11.774214704994403,extended_sep_apr,Extended Sep-Apr,baseline_oct_mar,Baseline Oct-Mar,"Pelletier et al. JAMA Network Open 2025 untreated infants: 2,535 RSV-associated hospitalizations among 215,301 untreated infants.","U.S. Census Bureau Population Estimates Program, Vintage 2023 Annual Resident Population Estimates by Single Year of Age and Sex, age under 1 year.",405.54833398839406,405.54833398839406,180.50844972109942
nssp,"RSV ED visit percentage of total ED visits, all ages",2023-2024,Georgia,uptake_100,Uptake 100%; otherwise reference,0.4210296378978669,0.5840814437408206,125156,Age under 1 year,2023,"U.S. Census Bureau Population Estimates Program, Vintage 2023 Annual Resident Population Estimates by Single Year of Age and Sex","https://api.census.gov/data/2023/pep/charv?get=NAME,POP,AGE_DESC,YEAR&for=state:*&YEAR=2023&AGE=0001&SEX=0",0.1630518058429537,0.011774214704994403,11.774214704994403,extended_sep_apr,Extended Sep-Apr,baseline_oct_mar,Baseline Oct-Mar,"Pelletier et al. JAMA Network Open 2025 untreated infants: 2,535 RSV-associated hospitalizations among 215,301 untreated infants.","U.S. Census Bureau Population Estimates Program, Vintage 2023 Annual Resident Population Estimates by Single Year of Age and Sex, age under 1 year.",240.2753611413247,240.2753611413247,191.9806970031998
nssp,"RSV ED visit percentage of total ED visits, all ages",2023-2024,Hawaii,uptake_100,Uptake 100%; otherwise reference,0.49730239213499855,0.6239523462970841,15147,Age under 1 year,2023,"U.S. Census Bureau Population Estimates Program, Vintage 2023 Annual Resident Population Estimates by Single Year of Age and Sex","https://api.census.gov/data/2023/pep/charv?get=NAME,POP,AGE_DESC,YEAR&for=state:*&YEAR=2023&AGE=0001&SEX=0",0.12664995416208552,0.011774214704994403,11.774214704994403,extended_sep_apr,Extended Sep-Apr,baseline_oct_mar,Baseline Oct-Mar,"Pelletier et al. JAMA Network Open 2025 untreated infants: 2,535 RSV-associated hospitalizations among 215,301 untreated infants.","U.S. Census Bureau Population Estimates Program, Vintage 2023 Annual Resident Population Estimates by Single Year of Age and Sex, age under 1 year.",22.587263241875686,22.587263241875686,149.12037526820944
nssp,"RSV ED visit percentage of total ED visits, all ages",2023-2024,Idaho,uptake_100,Uptake 100%; otherwise reference,0.6384732406302841,0.6937295514322402,22331,Age under 1 year,2023,"U.S. Census Bureau Population Estimates Program, Vintage 2023 Annual Resident Population Estimates by Single Year of Age and Sex","https://api.census.gov/data/2023/pep/charv?get=NAME,POP,AGE_DESC,YEAR&for=state:*&YEAR=2023&AGE=0001&SEX=0",0.05525631080195614,0.011774214704994403,11.774214704994403,extended_sep_apr,Extended Sep-Apr,baseline_oct_mar,Baseline Oct-Mar,"Pelletier et al. JAMA Network Open 2025 untreated infants: 2,535 RSV-associated hospitalizations among 215,301 untreated infants.","U.S. Census Bureau Population Estimates Program, Vintage 2023 Annual Resident Population Estimates by Single Year of Age and Sex, age under 1 year.",14.528541167978199,14.528541167978199,65.05996671881331
nssp,"RSV ED visit percentage of total ED visits, all ages",2023-2024,Illinois,uptake_100,Uptake 100%; otherwise reference,0.565870277170257,0.6572781927586555,126792,Age under 1 year,2023,"U.S. Census Bureau Population Estimates Program, Vintage 2023 Annual Resident Population Estimates by Single Year of Age and Sex","https://api.census.gov/data/2023/pep/charv?get=NAME,POP,AGE_DESC,YEAR&for=state:*&YEAR=2023&AGE=0001&SEX=0",0.09140791558839856,0.011774214704994403,11.774214704994403,extended_sep_apr,Extended Sep-Apr,baseline_oct_mar,Baseline Oct-Mar,"Pelletier et al. JAMA Network Open 2025 untreated infants: 2,535 RSV-associated hospitalizations among 215,301 untreated infants.","U.S. Census Bureau Population Estimates Program, Vintage 2023 Annual Resident Population Estimates by Single Year of Age and Sex, age under 1 year.",136.46070449580805,136.46070449580805,107.62564238738095
nssp,"RSV ED visit percentage of total ED visits, all ages",2023-2024,Indiana,uptake_100,Uptake 100%; otherwise reference,0.5671595991713988,0.6560844319837263,79101,Age under 1 year,2023,"U.S. Census Bureau Population Estimates Program, Vintage 2023 Annual Resident Population Estimates by Single Year of Age and Sex","https://api.census.gov/data/2023/pep/charv?get=NAME,POP,AGE_DESC,YEAR&for=state:*&YEAR=2023&AGE=0001&SEX=0",0.08892483281232755,0.011774214704994403,11.774214704994403,extended_sep_apr,Extended Sep-Apr,baseline_oct_mar,Baseline Oct-Mar,"Pelletier et al. JAMA Network Open 2025 untreated infants: 2,535 RSV-associated hospitalizations among 215,301 untreated infants.","U.S. Census Bureau Population Estimates Program, Vintage 2023 Annual Resident Population Estimates by Single Year of Age and Sex, age under 1 year.",82.82033488439593,82.82033488439593,104.70200741380759
nssp,"RSV ED visit percentage of total ED visits, all ages",2023-2024,Iowa,uptake_100,Uptake 100%; otherwise reference,0.6234547811638332,0.6828880982126475,36766,Age under 1 year,2023,"U.S. Census Bureau Population Estimates Program, Vintage 2023 Annual Resident Population Estimates by Single Year of Age and Sex","https://api.census.gov/data/2023/pep/charv?get=NAME,POP,AGE_DESC,YEAR&for=state:*&YEAR=2023&AGE=0001&SEX=0",0.05943331704881427,0.011774214704994403,11.774214704994403,extended_sep_apr,Extended Sep-Apr,baseline_oct_mar,Baseline Oct-Mar,"Pelletier et al. JAMA Network Open 2025 untreated infants: 2,535 RSV-associated hospitalizations among 215,301 untreated infants.","U.S. Census Bureau Population Estimates Program, Vintage 2023 Annual Resident Population Estimates by Single Year of Age and Sex, age under 1 year.",25.728134847099827,25.728134847099827,69.97806355627436
nssp,"RSV ED visit percentage of total ED visits, all ages",2023-2024,Kansas,uptake_100,Uptake 100%; otherwise reference,0.6146608299593386,0.6754159916293638,34590,Age under 1 year,2023,"U.S. Census Bureau Population Estimates Program, Vintage 2023 Annual Resident Population Estimates by Single Year of Age and Sex","https://api.census.gov/data/2023/pep/charv?get=NAME,POP,AGE_DESC,YEAR&for=state:*&YEAR=2023&AGE=0001&SEX=0",0.06075516167002526,0.011774214704994403,11.774214704994403,extended_sep_apr,Extended Sep-Apr,baseline_oct_mar,Baseline Oct-Mar,"Pelletier et al. JAMA Network Open 2025 untreated infants: 2,535 RSV-associated hospitalizations among 215,301 untreated infants.","U.S. Census Bureau Population Estimates Program, Vintage 2023 Annual Resident Population Estimates by Single Year of Age and Sex, age under 1 year.",24.743759957528127,24.743759957528127,71.53443179395238
nssp,"RSV ED visit percentage of total ED visits, all ages",2023-2024,Kentucky,uptake_100,Uptake 100%; otherwise reference,0.5525810694218365,0.6478761470359495,52111,Age under 1 year,2023,"U.S. Census Bureau Population Estimates Program, Vintage 2023 Annual Resident Population Estimates by Single Year of Age and Sex","https://api.census.gov/data/2023/pep/charv?get=NAME,POP,AGE_DESC,YEAR&for=state:*&YEAR=2023&AGE=0001&SEX=0",0.09529507761411304,0.011774214704994403,11.774214704994403,extended_sep_apr,Extended Sep-Apr,baseline_oct_mar,Baseline Oct-Mar,"Pelletier et al. JAMA Network Open 2025 untreated infants: 2,535 RSV-associated hospitalizations among 215,301 untreated infants.","U.S. Census Bureau Population Estimates Program, Vintage 2023 Annual Resident Population Estimates by Single Year of Age and Sex, age under 1 year.",58.469829358360485,58.469829358360485,112.20247041576728
nssp,"RSV ED visit percentage of total ED visits, all ages",2023-2024,Louisiana,uptake_100,Uptake 100%; otherwise reference,0.48032128044948125,0.6187269765448442,55838,Age under 1 year,2023,"U.S. Census Bureau Population Estimates Program, Vintage 2023 Annual Resident Population Estimates by Single Year of Age and Sex","https://api.census.gov/data/2023/pep/charv?get=NAME,POP,AGE_DESC,YEAR&for=state:*&YEAR=2023&AGE=0001&SEX=0",0.13840569609536296,0.011774214704994403,11.774214704994403,extended_sep_apr,Extended Sep-Apr,baseline_oct_mar,Baseline Oct-Mar,"Pelletier et al. JAMA Network Open 2025 untreated infants: 2,535 RSV-associated hospitalizations among 215,301 untreated infants.","U.S. Census Bureau Population Estimates Program, Vintage 2023 Annual Resident Population Estimates by Single Year of Age and Sex, age under 1 year.",90.9946312264567,90.9946312264567,162.9618382221009
nssp,"RSV ED visit percentage of total ED visits, all ages",2023-2024,Maine,uptake_100,Uptake 100%; otherwise reference,0.6167625815521267,0.6820148417695665,11892,Age under 1 year,2023,"U.S. Census Bureau Population Estimates Program, Vintage 2023 Annual Resident Population Estimates by Single Year of Age and Sex","https://api.census.gov/data/2023/pep/charv?get=NAME,POP,AGE_DESC,YEAR&for=state:*&YEAR=2023&AGE=0001&SEX=0",0.0652522602174398,0.011774214704994403,11.774214704994403,extended_sep_apr,Extended Sep-Apr,baseline_oct_mar,Baseline Oct-Mar,"Pelletier et al. JAMA Network Open 2025 untreated infants: 2,535 RSV-associated hospitalizations among 215,301 untreated infants.","U.S. Census Bureau Population Estimates Program, Vintage 2023 Annual Resident Population Estimates by Single Year of Age and Sex, age under 1 year.",9.136553696282691,9.136553696282691,76.8294121786301
nssp,"RSV ED visit percentage of total ED visits, all ages",2023-2024,Maryland,uptake_100,Uptake 100%; otherwise reference,0.5175345766990961,0.6380671928003986,68060,Age under 1 year,2023,"U.S. Census Bureau Population Estimates Program, Vintage 2023 Annual Resident Population Estimates by Single Year of Age and Sex","https://api.census.gov/data/2023/pep/charv?get=NAME,POP,AGE_DESC,YEAR&for=state:*&YEAR=2023&AGE=0001&SEX=0",0.1205326161013025,0.011774214704994403,11.774214704994403,extended_sep_apr,Extended Sep-Apr,baseline_oct_mar,Baseline Oct-Mar,"Pelletier et al. JAMA Network Open 2025 untreated infants: 2,535 RSV-associated hospitalizations among 215,301 untreated infants.","U.S. Census Bureau Population Estimates Program, Vintage 2023 Annual Resident Population Estimates by Single Year of Age and Sex, age under 1 year.",96.58917987739116,96.58917987739116,141.91769009314012
nssp,"RSV ED visit percentage of total ED visits, all ages",2023-2024,Massachusetts,uptake_100,Uptake 100%; otherwise reference,0.5372671195729147,0.6440236840444481,69103,Age under 1 year,2023,"U.S. Census Bureau Population Estimates Program, Vintage 2023 Annual Resident Population Estimates by Single Year of Age and Sex","https://api.census.gov/data/2023/pep/charv?get=NAME,POP,AGE_DESC,YEAR&for=state:*&YEAR=2023&AGE=0001&SEX=0",0.10675656447153337,0.011774214704994403,11.774214704994403,extended_sep_apr,Extended Sep-Apr,baseline_oct_mar,Baseline Oct-Mar,"Pelletier et al. JAMA Network Open 2025 untreated infants: 2,535 RSV-associated hospitalizations among 215,301 untreated infants.","U.S. Census Bureau Population Estimates Program, Vintage 2023 Annual Resident Population Estimates by Single Year of Age and Sex, age under 1 year.",86.86072347188268,86.86072347188268,125.69747112554113
nssp,"RSV ED visit percentage of total ED visits, all ages",2023-2024,Michigan,uptake_100,Uptake 100%; otherwise reference,0.5986497041425259,0.6713214072362212,101385,Age under 1 year,2023,"U.S. Census Bureau Population Estimates Program, Vintage 2023 Annual Resident Population Estimates by Single Year of Age and Sex","https://api.census.gov/data/2023/pep/charv?get=NAME,POP,AGE_DESC,YEAR&for=state:*&YEAR=2023&AGE=0001&SEX=0",0.0726717030936953,0.011774214704994403,11.774214704994403,extended_sep_apr,Extended Sep-Apr,baseline_oct_mar,Baseline Oct-Mar,"Pelletier et al. JAMA Network Open 2025 untreated infants: 2,535 RSV-associated hospitalizations among 215,301 untreated infants.","U.S. Census Bureau Population Estimates Program, Vintage 2023 Annual Resident Population Estimates by Single Year of Age and Sex, age under 1 year.",86.75030186603328,86.75030186603328,85.56522352027746
nssp,"RSV ED visit percentage of total ED visits, all ages",2023-2024,Minnesota,uptake_100,Uptake 100%; otherwise reference,0.6172716336726909,0.6823027731040121,63637,Age under 1 year,2023,"U.S. Census Bureau Population Estimates Program, Vintage 2023 Annual Resident Population Estimates by Single Year of Age and Sex","https://api.census.gov/data/2023/pep/charv?get=NAME,POP,AGE_DESC,YEAR&for=state:*&YEAR=2023&AGE=0001&SEX=0",0.06503113943132122,0.011774214704994403,11.774214704994403,extended_sep_apr,Extended Sep-Apr,baseline_oct_mar,Baseline Oct-Mar,"Pelletier et al. JAMA Network Open 2025 untreated infants: 2,535 RSV-associated hospitalizations among 215,301 untreated infants.","U.S. Census Bureau Population Estimates Program, Vintage 2023 Annual Resident Population Estimates by Single Year of Age and Sex, age under 1 year.",48.726252596049974,48.726252596049974,76.56905981748037
nssp,"RSV ED visit percentage of total ED visits, all ages",2023-2024,Mississippi,uptake_100,Uptake 100%; otherwise reference,0.4225788643664646,0.5890430517989593,34372,Age under 1 year,2023,"U.S. Census Bureau Population Estimates Program, Vintage 2023 Annual Resident Population Estimates by Single Year of Age and Sex","https://api.census.gov/data/2023/pep/charv?get=NAME,POP,AGE_DESC,YEAR&for=state:*&YEAR=2023&AGE=0001&SEX=0",0.16646418743249475,0.011774214704994403,11.774214704994403,extended_sep_apr,Extended Sep-Apr,baseline_oct_mar,Baseline Oct-Mar,"Pelletier et al. JAMA Network Open 2025 untreated infants: 2,535 RSV-associated hospitalizations among 215,301 untreated infants.","U.S. Census Bureau Population Estimates Program, Vintage 2023 Annual Resident Population Estimates by Single Year of Age and Sex, age under 1 year.",67.36860729083963,67.36860729083963,195.99850835226243
nssp,"RSV ED visit percentage of total ED visits, all ages",2023-2024,Montana,uptake_100,Uptake 100%; otherwise reference,0.668591522533884,0.7085432324261169,11266,Age under 1 year,2023,"U.S. Census Bureau Population Estimates Program, Vintage 2023 Annual Resident Population Estimates by Single Year of Age and Sex","https://api.census.gov/data/2023/pep/charv?get=NAME,POP,AGE_DESC,YEAR&for=state:*&YEAR=2023&AGE=0001&SEX=0",0.039951709892232956,0.011774214704994403,11.774214704994403,extended_sep_apr,Extended Sep-Apr,baseline_oct_mar,Baseline Oct-Mar,"Pelletier et al. JAMA Network Open 2025 untreated infants: 2,535 RSV-associated hospitalizations among 215,301 untreated infants.","U.S. Census Bureau Population Estimates Program, Vintage 2023 Annual Resident Population Estimates by Single Year of Age and Sex, age under 1 year.",5.29952651381814,5.29952651381814,47.040001010279965
nssp,"RSV ED visit percentage of total ED visits, all ages",2023-2024,Nebraska,uptake_100,Uptake 100%; otherwise reference,0.6156237351983108,0.6785854321002315,24144,Age under 1 year,2023,"U.S. Census Bureau Population Estimates Program, Vintage 2023 Annual Resident Population Estimates by Single Year of Age and Sex","https://api.census.gov/data/2023/pep/charv?get=NAME,POP,AGE_DESC,YEAR&for=state:*&YEAR=2023&AGE=0001&SEX=0",0.06296169690192066,0.011774214704994403,11.774214704994403,extended_sep_apr,Extended Sep-Apr,baseline_oct_mar,Baseline Oct-Mar,"Pelletier et al. JAMA Network Open 2025 untreated infants: 2,535 RSV-associated hospitalizations among 215,301 untreated infants.","U.S. Census Bureau Population Estimates Program, Vintage 2023 Annual Resident Population Estimates by Single Year of Age and Sex, age under 1 year.",17.89853963373789,17.89853963373789,74.13245375139948
nssp,"RSV ED visit percentage of total ED visits, all ages",2023-2024,Nevada,uptake_100,Uptake 100%; otherwise reference,0.6033292941422957,0.6740357673413906,32716,Age under 1 year,2023,"U.S. Census Bureau Population Estimates Program, Vintage 2023 Annual Resident Population Estimates by Single Year of Age and Sex","https://api.census.gov/data/2023/pep/charv?get=NAME,POP,AGE_DESC,YEAR&for=state:*&YEAR=2023&AGE=0001&SEX=0",0.07070647319909484,0.011774214704994403,11.774214704994403,extended_sep_apr,Extended Sep-Apr,baseline_oct_mar,Baseline Oct-Mar,"Pelletier et al. JAMA Network Open 2025 untreated infants: 2,535 RSV-associated hospitalizations among 215,301 untreated infants.","U.S. Census Bureau Population Estimates Program, Vintage 2023 Annual Resident Population Estimates by Single Year of Age and Sex, age under 1 year.",27.236501736009423,27.236501736009423,83.25131964790752
nssp,"RSV ED visit percentage of total ED visits, all ages",2023-2024,New Hampshire,uptake_100,Uptake 100%; otherwise reference,0.5911861810170427,0.6678856242157541,12164,Age under 1 year,2023,"U.S. Census Bureau Population Estimates Program, Vintage 2023 Annual Resident Population Estimates by Single Year of Age and Sex","https://api.census.gov/data/2023/pep/charv?get=NAME,POP,AGE_DESC,YEAR&for=state:*&YEAR=2023&AGE=0001&SEX=0",0.07669944319871147,0.011774214704994403,11.774214704994403,extended_sep_apr,Extended Sep-Apr,baseline_oct_mar,Baseline Oct-Mar,"Pelletier et al. JAMA Network Open 2025 untreated infants: 2,535 RSV-associated hospitalizations among 215,301 untreated infants.","U.S. Census Bureau Population Estimates Program, Vintage 2023 Annual Resident Population Estimates by Single Year of Age and Sex, age under 1 year.",10.985012960465744,10.985012960465744,90.30757119751516
nssp,"RSV ED visit percentage of total ED visits, all ages",2023-2024,New Jersey,uptake_100,Uptake 100%; otherwise reference,0.5336381236563309,0.6445864386888146,102477,Age under 1 year,2023,"U.S. Census Bureau Population Estimates Program, Vintage 2023 Annual Resident Population Estimates by Single Year of Age and Sex","https://api.census.gov/data/2023/pep/charv?get=NAME,POP,AGE_DESC,YEAR&for=state:*&YEAR=2023&AGE=0001&SEX=0",0.1109483150324837,0.011774214704994403,11.774214704994403,extended_sep_apr,Extended Sep-Apr,baseline_oct_mar,Baseline Oct-Mar,"Pelletier et al. JAMA Network Open 2025 untreated infants: 2,535 RSV-associated hospitalizations among 215,301 untreated infants.","U.S. Census Bureau Population Estimates Program, Vintage 2023 Annual Resident Population Estimates by Single Year of Age and Sex, age under 1 year.",133.86870586736262,133.86870586736262,130.63292823498213
nssp,"RSV ED visit percentage of total ED visits, all ages",2023-2024,New Mexico,uptake_100,Uptake 100%; otherwise reference,0.6057260309901615,0.6768316073526122,20589,Age under 1 year,2023,"U.S. Census Bureau Population Estimates Program, Vintage 2023 Annual Resident Population Estimates by Single Year of Age and Sex","https://api.census.gov/data/2023/pep/charv?get=NAME,POP,AGE_DESC,YEAR&for=state:*&YEAR=2023&AGE=0001&SEX=0",0.07110557636245063,0.011774214704994403,11.774214704994403,extended_sep_apr,Extended Sep-Apr,baseline_oct_mar,Baseline Oct-Mar,"Pelletier et al. JAMA Network Open 2025 untreated infants: 2,535 RSV-associated hospitalizations among 215,301 untreated infants.","U.S. Census Bureau Population Estimates Program, Vintage 2023 Annual Resident Population Estimates by Single Year of Age and Sex, age under 1 year.",17.23736451441474,17.23736451441474,83.72123228138686
nssp,"RSV ED visit percentage of total ED visits, all ages",2023-2024,New York,uptake_100,Uptake 100%; otherwise reference,0.5615772142807377,0.655369074299872,209673,Age under 1 year,2023,"U.S. Census Bureau Population Estimates Program, Vintage 2023 Annual Resident Population Estimates by Single Year of Age and Sex","https://api.census.gov/data/2023/pep/charv?get=NAME,POP,AGE_DESC,YEAR&for=state:*&YEAR=2023&AGE=0001&SEX=0",0.09379186001913431,0.011774214704994403,11.774214704994403,extended_sep_apr,Extended Sep-Apr,baseline_oct_mar,Baseline Oct-Mar,"Pelletier et al. JAMA Network Open 2025 untreated infants: 2,535 RSV-associated hospitalizations among 215,301 untreated infants.","U.S. Census Bureau Population Estimates Program, Vintage 2023 Annual Resident Population Estimates by Single Year of Age and Sex, age under 1 year.",231.54724002600935,231.54724002600935,110.43254974460679
nssp,"RSV ED visit percentage of total ED visits, all ages",2023-2024,North Carolina,uptake_100,Uptake 100%; otherwise reference,0.5486122694289981,0.6506645388718856,120602,Age under 1 year,2023,"U.S. Census Bureau Population Estimates Program, Vintage 2023 Annual Resident Population Estimates by Single Year of Age and Sex","https://api.census.gov/data/2023/pep/charv?get=NAME,POP,AGE_DESC,YEAR&for=state:*&YEAR=2023&AGE=0001&SEX=0",0.10205226944288748,0.011774214704994403,11.774214704994403,extended_sep_apr,Extended Sep-Apr,baseline_oct_mar,Baseline Oct-Mar,"Pelletier et al. JAMA Network Open 2025 untreated infants: 2,535 RSV-associated hospitalizations among 215,301 untreated infants.","U.S. Census Bureau Population Estimates Program, Vintage 2023 Annual Resident Population Estimates by Single Year of Age and Sex, age under 1 year.",144.9135941558942,144.9135941558942,120.15853315524969
nssp,"RSV ED visit percentage of total ED visits, all ages",2023-2024,North Dakota,uptake_100,Uptake 100%; otherwise reference,0.6414365984964279,0.694938861001864,9626,Age under 1 year,2023,"U.S. Census Bureau Population Estimates Program, Vintage 2023 Annual Resident Population Estimates by Single Year of Age and Sex","https://api.census.gov/data/2023/pep/charv?get=NAME,POP,AGE_DESC,YEAR&for=state:*&YEAR=2023&AGE=0001&SEX=0",0.053502262505436105,0.011774214704994403,11.774214704994403,extended_sep_apr,Extended Sep-Apr,baseline_oct_mar,Baseline Oct-Mar,"Pelletier et al. JAMA Network Open 2025 untreated infants: 2,535 RSV-associated hospitalizations among 215,301 untreated infants.","U.S. Census Bureau Population Estimates Program, Vintage 2023 Annual Resident Population Estimates by Single Year of Age and Sex, age under 1 year.",6.063871034317466,6.063871034317466,62.99471259419765
nssp,"RSV ED visit percentage of total ED visits, all ages",2023-2024,Ohio,uptake_100,Uptake 100%; otherwise reference,0.5892024759696998,0.6662215881102341,128059,Age under 1 year,2023,"U.S. Census Bureau Population Estimates Program, Vintage 2023 Annual Resident Population Estimates by Single Year of Age and Sex","https://api.census.gov/data/2023/pep/charv?get=NAME,POP,AGE_DESC,YEAR&for=state:*&YEAR=2023&AGE=0001&SEX=0",0.07701911214053436,0.011774214704994403,11.774214704994403,extended_sep_apr,Extended Sep-Apr,baseline_oct_mar,Baseline Oct-Mar,"Pelletier et al. JAMA Network Open 2025 untreated infants: 2,535 RSV-associated hospitalizations among 215,301 untreated infants.","U.S. Census Bureau Population Estimates Program, Vintage 2023 Annual Resident Population Estimates by Single Year of Age and Sex, age under 1 year.",116.12896756372977,116.12896756372977,90.68395627306927
nssp,"RSV ED visit percentage of total ED visits, all ages",2023-2024,Oklahoma,uptake_100,Uptake 100%; otherwise reference,0.5878732483149981,0.6673785126103247,47714,Age under 1 year,2023,"U.S. Census Bureau Population Estimates Program, Vintage 2023 Annual Resident Population Estimates by Single Year of Age and Sex","https://api.census.gov/data/2023/pep/charv?get=NAME,POP,AGE_DESC,YEAR&for=state:*&YEAR=2023&AGE=0001&SEX=0",0.07950526429532656,0.011774214704994403,11.774214704994403,extended_sep_apr,Extended Sep-Apr,baseline_oct_mar,Baseline Oct-Mar,"Pelletier et al. JAMA Network Open 2025 untreated infants: 2,535 RSV-associated hospitalizations among 215,301 untreated infants.","U.S. Census Bureau Population Estimates Program, Vintage 2023 Annual Resident Population Estimates by Single Year of Age and Sex, age under 1 year.",44.66565044867475,44.66565044867475,93.61120519905005
nssp,"RSV ED visit percentage of total ED visits, all ages",2023-2024,Oregon,uptake_100,Uptake 100%; otherwise reference,0.6102631382164833,0.6771579572784144,38904,Age under 1 year,2023,"U.S. Census Bureau Population Estimates Program, Vintage 2023 Annual Resident Population Estimates by Single Year of Age and Sex","https://api.census.gov/data/2023/pep/charv?get=NAME,POP,AGE_DESC,YEAR&for=state:*&YEAR=2023&AGE=0001&SEX=0",0.06689481906193118,0.011774214704994403,11.774214704994403,extended_sep_apr,Extended Sep-Apr,baseline_oct_mar,Baseline Oct-Mar,"Pelletier et al. JAMA Network Open 2025 untreated infants: 2,535 RSV-associated hospitalizations among 215,301 untreated infants.","U.S. Census Bureau Population Estimates Program, Vintage 2023 Annual Resident Population Estimates by Single Year of Age and Sex, age under 1 year.",30.642111668810724,30.642111668810724,78.763396228693
nssp,"RSV ED visit percentage of total ED visits, all ages",2023-2024,Pennsylvania,uptake_100,Uptake 100%; otherwise reference,0.5749087875187735,0.6614231641421673,128878,Age under 1 year,2023,"U.S. Census Bureau Population Estimates Program, Vintage 2023 Annual Resident Population Estimates by Single Year of Age and Sex","https://api.census.gov/data/2023/pep/charv?get=NAME,POP,AGE_DESC,YEAR&for=state:*&YEAR=2023&AGE=0001&SEX=0",0.08651437662339378,0.011774214704994403,11.774214704994403,extended_sep_apr,Extended Sep-Apr,baseline_oct_mar,Baseline Oct-Mar,"Pelletier et al. JAMA Network Open 2025 untreated infants: 2,535 RSV-associated hospitalizations among 215,301 untreated infants.","U.S. Census Bureau Population Estimates Program, Vintage 2023 Annual Resident Population Estimates by Single Year of Age and Sex, age under 1 year.",131.28013712166097,131.28013712166097,101.86388454325872
nssp,"RSV ED visit percentage of total ED visits, all ages",2023-2024,Rhode Island,uptake_100,Uptake 100%; otherwise reference,0.5535380139625509,0.6502143348937719,10018,Age under 1 year,2023,"U.S. Census Bureau Population Estimates Program, Vintage 2023 Annual Resident Population Estimates by Single Year of Age and Sex","https://api.census.gov/data/2023/pep/charv?get=NAME,POP,AGE_DESC,YEAR&for=state:*&YEAR=2023&AGE=0001&SEX=0",0.09667632093122103,0.011774214704994403,11.774214704994403,extended_sep_apr,Extended Sep-Apr,baseline_oct_mar,Baseline Oct-Mar,"Pelletier et al. JAMA Network Open 2025 untreated infants: 2,535 RSV-associated hospitalizations among 215,301 untreated infants.","U.S. Census Bureau Population Estimates Program, Vintage 2023 Annual Resident Population Estimates by Single Year of Age and Sex, age under 1 year.",11.403366775003004,11.403366775003004,113.82877595331409
nssp,"RSV ED visit percentage of total ED visits, all ages",2023-2024,South Carolina,uptake_100,Uptake 100%; otherwise reference,0.4845940378995006,0.6205274144978558,57279,Age under 1 year,2023,"U.S. Census Bureau Population Estimates Program, Vintage 2023 Annual Resident Population Estimates by Single Year of Age and Sex","https://api.census.gov/data/2023/pep/charv?get=NAME,POP,AGE_DESC,YEAR&for=state:*&YEAR=2023&AGE=0001&SEX=0",0.13593337659835514,0.011774214704994403,11.774214704994403,extended_sep_apr,Extended Sep-Apr,baseline_oct_mar,Baseline Oct-Mar,"Pelletier et al. JAMA Network Open 2025 untreated infants: 2,535 RSV-associated hospitalizations among 215,301 untreated infants.","U.S. Census Bureau Population Estimates Program, Vintage 2023 Annual Resident Population Estimates by Single Year of Age and Sex, age under 1 year.",91.67554135820066,91.67554135820066,160.05087616438954
nssp,"RSV ED visit percentage of total ED visits, all ages",2023-2024,South Dakota,uptake_100,Uptake 100%; otherwise reference,0.6681329682576186,0.7075333610537884,11434,Age under 1 year,2023,"U.S. Census Bureau Population Estimates Program, Vintage 2023 Annual Resident Population Estimates by Single Year of Age and Sex","https://api.census.gov/data/2023/pep/charv?get=NAME,POP,AGE_DESC,YEAR&for=state:*&YEAR=2023&AGE=0001&SEX=0",0.0394003927961698,0.011774214704994403,11.774214704994403,extended_sep_apr,Extended Sep-Apr,baseline_oct_mar,Baseline Oct-Mar,"Pelletier et al. JAMA Network Open 2025 untreated infants: 2,535 RSV-associated hospitalizations among 215,301 untreated infants.","U.S. Census Bureau Population Estimates Program, Vintage 2023 Annual Resident Population Estimates by Single Year of Age and Sex, age under 1 year.",5.304331895636955,5.304331895636955,46.39086842432181
nssp,"RSV ED visit percentage of total ED visits, all ages",2023-2024,Tennessee,uptake_100,Uptake 100%; otherwise reference,0.4986695874305241,0.6252930578731452,81959,Age under 1 year,2023,"U.S. Census Bureau Population Estimates Program, Vintage 2023 Annual Resident Population Estimates by Single Year of Age and Sex","https://api.census.gov/data/2023/pep/charv?get=NAME,POP,AGE_DESC,YEAR&for=state:*&YEAR=2023&AGE=0001&SEX=0",0.12662347044262107,0.011774214704994403,11.774214704994403,extended_sep_apr,Extended Sep-Apr,baseline_oct_mar,Baseline Oct-Mar,"Pelletier et al. JAMA Network Open 2025 untreated infants: 2,535 RSV-associated hospitalizations among 215,301 untreated infants.","U.S. Census Bureau Population Estimates Program, Vintage 2023 Annual Resident Population Estimates by Single Year of Age and Sex, age under 1 year.",122.19201150096552,122.19201150096552,149.08919276829332
nssp,"RSV ED visit percentage of total ED visits, all ages",2023-2024,Texas,uptake_100,Uptake 100%; otherwise reference,0.48864088520793897,0.6181358061961987,389814,Age under 1 year,2023,"U.S. Census Bureau Population Estimates Program, Vintage 2023 Annual Resident Population Estimates by Single Year of Age and Sex","https://api.census.gov/data/2023/pep/charv?get=NAME,POP,AGE_DESC,YEAR&for=state:*&YEAR=2023&AGE=0001&SEX=0",0.1294949209882597,0.011774214704994403,11.774214704994403,extended_sep_apr,Extended Sep-Apr,baseline_oct_mar,Baseline Oct-Mar,"Pelletier et al. JAMA Network Open 2025 untreated infants: 2,535 RSV-associated hospitalizations among 215,301 untreated infants.","U.S. Census Bureau Population Estimates Program, Vintage 2023 Annual Resident Population Estimates by Single Year of Age and Sex, age under 1 year.",594.3497967530583,594.3497967530583,152.4701002922056
nssp,"RSV ED visit percentage of total ED visits, all ages",2023-2024,Utah,uptake_100,Uptake 100%; otherwise reference,0.6362889778675898,0.6959559188506669,45759,Age under 1 year,2023,"U.S. Census Bureau Population Estimates Program, Vintage 2023 Annual Resident Population Estimates by Single Year of Age and Sex","https://api.census.gov/data/2023/pep/charv?get=NAME,POP,AGE_DESC,YEAR&for=state:*&YEAR=2023&AGE=0001&SEX=0",0.05966694098307712,0.011774214704994403,11.774214704994403,extended_sep_apr,Extended Sep-Apr,baseline_oct_mar,Baseline Oct-Mar,"Pelletier et al. JAMA Network Open 2025 untreated infants: 2,535 RSV-associated hospitalizations among 215,301 untreated infants.","U.S. Census Bureau Population Estimates Program, Vintage 2023 Annual Resident Population Estimates by Single Year of Age and Sex, age under 1 year.",32.14713313943315,32.14713313943315,70.25313739249799
nssp,"RSV ED visit percentage of total ED visits, all ages",2023-2024,Vermont,uptake_100,Uptake 100%; otherwise reference,0.6319358425131245,0.6924219296706045,5112,Age under 1 year,2023,"U.S. Census Bureau Population Estimates Program, Vintage 2023 Annual Resident Population Estimates by Single Year of Age and Sex","https://api.census.gov/data/2023/pep/charv?get=NAME,POP,AGE_DESC,YEAR&for=state:*&YEAR=2023&AGE=0001&SEX=0",0.06048608715747994,0.011774214704994403,11.774214704994403,extended_sep_apr,Extended Sep-Apr,baseline_oct_mar,Baseline Oct-Mar,"Pelletier et al. JAMA Network Open 2025 untreated infants: 2,535 RSV-associated hospitalizations among 215,301 untreated infants.","U.S. Census Bureau Population Estimates Program, Vintage 2023 Annual Resident Population Estimates by Single Year of Age and Sex, age under 1 year.",3.6406446160938706,3.6406446160938706,71.21761768571734
nssp,"RSV ED visit percentage of total ED visits, all ages",2023-2024,Virginia,uptake_100,Uptake 100%; otherwise reference,0.5023559921649364,0.6286159088496578,95290,Age under 1 year,2023,"U.S. Census Bureau Population Estimates Program, Vintage 2023 Annual Resident Population Estimates by Single Year of Age and Sex","https://api.census.gov/data/2023/pep/charv?get=NAME,POP,AGE_DESC,YEAR&for=state:*&YEAR=2023&AGE=0001&SEX=0",0.12625991668472136,0.011774214704994403,11.774214704994403,extended_sep_apr,Extended Sep-Apr,baseline_oct_mar,Baseline Oct-Mar,"Pelletier et al. JAMA Network Open 2025 untreated infants: 2,535 RSV-associated hospitalizations among 215,301 untreated infants.","U.S. Census Bureau Population Estimates Program, Vintage 2023 Annual Resident Population Estimates by Single Year of Age and Sex, age under 1 year.",141.65919722628576,141.65919722628576,148.66113676806145
nssp,"RSV ED visit percentage of total ED visits, all ages",2023-2024,Washington,uptake_100,Uptake 100%; otherwise reference,0.6019991645351849,0.6744231838546482,82456,Age under 1 year,2023,"U.S. Census Bureau Population Estimates Program, Vintage 2023 Annual Resident Population Estimates by Single Year of Age and Sex","https://api.census.gov/data/2023/pep/charv?get=NAME,POP,AGE_DESC,YEAR&for=state:*&YEAR=2023&AGE=0001&SEX=0",0.0724240193194633,0.011774214704994403,11.774214704994403,extended_sep_apr,Extended Sep-Apr,baseline_oct_mar,Baseline Oct-Mar,"Pelletier et al. JAMA Network Open 2025 untreated infants: 2,535 RSV-associated hospitalizations among 215,301 untreated infants.","U.S. Census Bureau Population Estimates Program, Vintage 2023 Annual Resident Population Estimates by Single Year of Age and Sex, age under 1 year.",70.31319576250323,70.31319576250323,85.27359532660235
nssp,"RSV ED visit percentage of total ED visits, all ages",2023-2024,West Virginia,uptake_100,Uptake 100%; otherwise reference,0.600315835189434,0.6712337135153916,17135,Age under 1 year,2023,"U.S. Census Bureau Population Estimates Program, Vintage 2023 Annual Resident Population Estimates by Single Year of Age and Sex","https://api.census.gov/data/2023/pep/charv?get=NAME,POP,AGE_DESC,YEAR&for=state:*&YEAR=2023&AGE=0001&SEX=0",0.07091787832595764,0.011774214704994403,11.774214704994403,extended_sep_apr,Extended Sep-Apr,baseline_oct_mar,Baseline Oct-Mar,"Pelletier et al. JAMA Network Open 2025 untreated infants: 2,535 RSV-associated hospitalizations among 215,301 untreated infants.","U.S. Census Bureau Population Estimates Program, Vintage 2023 Annual Resident Population Estimates by Single Year of Age and Sex, age under 1 year.",14.30776485313979,14.30776485313979,83.50023258324943
nssp,"RSV ED visit percentage of total ED visits, all ages",2023-2024,Wisconsin,uptake_100,Uptake 100%; otherwise reference,0.6227371720386592,0.6853088775185151,59547,Age under 1 year,2023,"U.S. Census Bureau Population Estimates Program, Vintage 2023 Annual Resident Population Estimates by Single Year of Age and Sex","https://api.census.gov/data/2023/pep/charv?get=NAME,POP,AGE_DESC,YEAR&for=state:*&YEAR=2023&AGE=0001&SEX=0",0.06257170547985591,0.011774214704994403,11.774214704994403,extended_sep_apr,Extended Sep-Apr,baseline_oct_mar,Baseline Oct-Mar,"Pelletier et al. JAMA Network Open 2025 untreated infants: 2,535 RSV-associated hospitalizations among 215,301 untreated infants.","U.S. Census Bureau Population Estimates Program, Vintage 2023 Annual Resident Population Estimates by Single Year of Age and Sex, age under 1 year.",43.870221775915695,43.870221775915695,73.67326947774984
nssp,"RSV ED visit percentage of total ED visits, all ages",2023-2024,Wyoming,uptake_100,Uptake 100%; otherwise reference,0.6475170305845654,0.6947250996616982,5847,Age under 1 year,2023,"U.S. Census Bureau Population Estimates Program, Vintage 2023 Annual Resident Population Estimates by Single Year of Age and Sex","https://api.census.gov/data/2023/pep/charv?get=NAME,POP,AGE_DESC,YEAR&for=state:*&YEAR=2023&AGE=0001&SEX=0",0.04720806907713271,0.011774214704994403,11.774214704994403,extended_sep_apr,Extended Sep-Apr,baseline_oct_mar,Baseline Oct-Mar,"Pelletier et al. JAMA Network Open 2025 untreated infants: 2,535 RSV-associated hospitalizations among 215,301 untreated infants.","U.S. Census Bureau Population Estimates Program, Vintage 2023 Annual Resident Population Estimates by Single Year of Age and Sex, age under 1 year.",3.2499844417424826,3.2499844417424826,55.58379411223675
nssp,"RSV ED visit percentage of total ED visits, all ages",2024-2025,Alabama,uptake_100,Uptake 100%; otherwise reference,0.5604457494753251,0.646845831192645,57885,Age under 1 year,2023,"U.S. Census Bureau Population Estimates Program, Vintage 2023 Annual Resident Population Estimates by Single Year of Age and Sex","https://api.census.gov/data/2023/pep/charv?get=NAME,POP,AGE_DESC,YEAR&for=state:*&YEAR=2023&AGE=0001&SEX=0",0.08640008171731994,0.011774214704994403,11.774214704994403,extended_sep_apr,Extended Sep-Apr,baseline_oct_mar,Baseline Oct-Mar,"Pelletier et al. JAMA Network Open 2025 untreated infants: 2,535 RSV-associated hospitalizations among 215,301 untreated infants.","U.S. Census Bureau Population Estimates Program, Vintage 2023 Annual Resident Population Estimates by Single Year of Age and Sex, age under 1 year.",58.886011826832714,58.886011826832714,101.72931126687867
nssp,"RSV ED visit percentage of total ED visits, all ages",2024-2025,Alaska,uptake_100,Uptake 100%; otherwise reference,0.6142731493197894,0.6779530472833231,9224,Age under 1 year,2023,"U.S. Census Bureau Population Estimates Program, Vintage 2023 Annual Resident Population Estimates by Single Year of Age and Sex","https://api.census.gov/data/2023/pep/charv?get=NAME,POP,AGE_DESC,YEAR&for=state:*&YEAR=2023&AGE=0001&SEX=0",0.06367989796353368,0.011774214704994403,11.774214704994403,extended_sep_apr,Extended Sep-Apr,baseline_oct_mar,Baseline Oct-Mar,"Pelletier et al. JAMA Network Open 2025 untreated infants: 2,535 RSV-associated hospitalizations among 215,301 untreated infants.","U.S. Census Bureau Population Estimates Program, Vintage 2023 Annual Resident Population Estimates by Single Year of Age and Sex, age under 1 year.",6.915978016320343,6.915978016320343,74.97807910147814
nssp,"RSV ED visit percentage of total ED visits, all ages",2024-2025,Arizona,uptake_100,Uptake 100%; otherwise reference,0.6612744909213757,0.7123356475780914,78075,Age under 1 year,2023,"U.S. Census Bureau Population Estimates Program, Vintage 2023 Annual Resident Population Estimates by Single Year of Age and Sex","https://api.census.gov/data/2023/pep/charv?get=NAME,POP,AGE_DESC,YEAR&for=state:*&YEAR=2023&AGE=0001&SEX=0",0.051061156656715734,0.011774214704994403,11.774214704994403,extended_sep_apr,Extended Sep-Apr,baseline_oct_mar,Baseline Oct-Mar,"Pelletier et al. JAMA Network Open 2025 untreated infants: 2,535 RSV-associated hospitalizations among 215,301 untreated infants.","U.S. Census Bureau Population Estimates Program, Vintage 2023 Annual Resident Population Estimates by Single Year of Age and Sex, age under 1 year.",46.93908205841608,46.93908205841608,60.120502156152526
nssp,"RSV ED visit percentage of total ED visits, all ages",2024-2025,Arkansas,uptake_100,Uptake 100%; otherwise reference,0.6082427800180252,0.6727688914362783,35297,Age under 1 year,2023,"U.S. Census Bureau Population Estimates Program, Vintage 2023 Annual Resident Population Estimates by Single Year of Age and Sex","https://api.census.gov/data/2023/pep/charv?get=NAME,POP,AGE_DESC,YEAR&for=state:*&YEAR=2023&AGE=0001&SEX=0",0.06452611141825304,0.011774214704994403,11.774214704994403,extended_sep_apr,Extended Sep-Apr,baseline_oct_mar,Baseline Oct-Mar,"Pelletier et al. JAMA Network Open 2025 untreated infants: 2,535 RSV-associated hospitalizations among 215,301 untreated infants.","U.S. Census Bureau Population Estimates Program, Vintage 2023 Annual Resident Population Estimates by Single Year of Age and Sex, age under 1 year.",26.816694201196896,26.816694201196896,75.97442899169023
nssp,"RSV ED visit percentage of total ED visits, all ages",2024-2025,California,uptake_100,Uptake 100%; otherwise reference,0.6346756358348881,0.6914563300196536,415125,Age under 1 year,2023,"U.S. Census Bureau Population Estimates Program, Vintage 2023 Annual Resident Population Estimates by Single Year of Age and Sex","https://api.census.gov/data/2023/pep/charv?get=NAME,POP,AGE_DESC,YEAR&for=state:*&YEAR=2023&AGE=0001&SEX=0",0.0567806941847655,0.011774214704994403,11.774214704994403,extended_sep_apr,Extended Sep-Apr,baseline_oct_mar,Baseline Oct-Mar,"Pelletier et al. JAMA Network Open 2025 untreated infants: 2,535 RSV-associated hospitalizations among 215,301 untreated infants.","U.S. Census Bureau Population Estimates Program, Vintage 2023 Annual Resident Population Estimates by Single Year of Age and Sex, age under 1 year.",277.53102354902705,277.53102354902705,66.85480844300562
nssp,"RSV ED visit percentage of total ED visits, all ages",2024-2025,Colorado,uptake_100,Uptake 100%; otherwise reference,0.6688617223040874,0.7120104997697866,62168,Age under 1 year,2023,"U.S. Census Bureau Population Estimates Program, Vintage 2023 Annual Resident Population Estimates by Single Year of Age and Sex","https://api.census.gov/data/2023/pep/charv?get=NAME,POP,AGE_DESC,YEAR&for=state:*&YEAR=2023&AGE=0001&SEX=0",0.04314877746569923,0.011774214704994403,11.774214704994403,extended_sep_apr,Extended Sep-Apr,baseline_oct_mar,Baseline Oct-Mar,"Pelletier et al. JAMA Network Open 2025 untreated infants: 2,535 RSV-associated hospitalizations among 215,301 untreated infants.","U.S. Census Bureau Population Estimates Program, Vintage 2023 Annual Resident Population Estimates by Single Year of Age and Sex, age under 1 year.",31.58401536761173,31.58401536761173,50.8042970139167
nssp,"RSV ED visit percentage of total ED visits, all ages",2024-2025,Connecticut,uptake_100,Uptake 100%; otherwise reference,0.6000891811177507,0.6688363562554395,34935,Age under 1 year,2023,"U.S. Census Bureau Population Estimates Program, Vintage 2023 Annual Resident Population Estimates by Single Year of Age and Sex","https://api.census.gov/data/2023/pep/charv?get=NAME,POP,AGE_DESC,YEAR&for=state:*&YEAR=2023&AGE=0001&SEX=0",0.0687471751376888,0.011774214704994403,11.774214704994403,extended_sep_apr,Extended Sep-Apr,baseline_oct_mar,Baseline Oct-Mar,"Pelletier et al. JAMA Network Open 2025 untreated infants: 2,535 RSV-associated hospitalizations among 215,301 untreated infants.","U.S. Census Bureau Population Estimates Program, Vintage 2023 Annual Resident Population Estimates by Single Year of Age and Sex, age under 1 year.",28.27792615512689,28.27792615512689,80.9444000433001
nssp,"RSV ED visit percentage of total ED visits, all ages",2024-2025,Delaware,uptake_100,Uptake 100%; otherwise reference,0.5919464951019988,0.6627749856267628,10745,Age under 1 year,2023,"U.S. Census Bureau Population Estimates Program, Vintage 2023 Annual Resident Population Estimates by Single Year of Age and Sex","https://api.census.gov/data/2023/pep/charv?get=NAME,POP,AGE_DESC,YEAR&for=state:*&YEAR=2023&AGE=0001&SEX=0",0.07082849052476403,0.011774214704994403,11.774214704994403,extended_sep_apr,Extended Sep-Apr,baseline_oct_mar,Baseline Oct-Mar,"Pelletier et al. JAMA Network Open 2025 untreated infants: 2,535 RSV-associated hospitalizations among 215,301 untreated infants.","U.S. Census Bureau Population Estimates Program, Vintage 2023 Annual Resident Population Estimates by Single Year of Age and Sex, age under 1 year.",8.960791188420913,8.960791188420913,83.39498546692334
nssp,"RSV ED visit percentage of total ED visits, all ages",2024-2025,District of Columbia,uptake_100,Uptake 100%; otherwise reference,0.5873176949194805,0.661836824035761,7791,Age under 1 year,2023,"U.S. Census Bureau Population Estimates Program, Vintage 2023 Annual Resident Population Estimates by Single Year of Age and Sex","https://api.census.gov/data/2023/pep/charv?get=NAME,POP,AGE_DESC,YEAR&for=state:*&YEAR=2023&AGE=0001&SEX=0",0.07451912911628056,0.011774214704994403,11.774214704994403,extended_sep_apr,Extended Sep-Apr,baseline_oct_mar,Baseline Oct-Mar,"Pelletier et al. JAMA Network Open 2025 untreated infants: 2,535 RSV-associated hospitalizations among 215,301 untreated infants.","U.S. Census Bureau Population Estimates Program, Vintage 2023 Annual Resident Population Estimates by Single Year of Age and Sex, age under 1 year.",6.835856323552841,6.835856323552841,87.74042258442871
nssp,"RSV ED visit percentage of total ED visits, all ages",2024-2025,Florida,uptake_100,Uptake 100%; otherwise reference,0.5257146506958681,0.6248911996795976,224670,Age under 1 year,2023,"U.S. Census Bureau Population Estimates Program, Vintage 2023 Annual Resident Population Estimates by Single Year of Age and Sex","https://api.census.gov/data/2023/pep/charv?get=NAME,POP,AGE_DESC,YEAR&for=state:*&YEAR=2023&AGE=0001&SEX=0",0.09917654898372952,0.011774214704994403,11.774214704994403,extended_sep_apr,Extended Sep-Apr,baseline_oct_mar,Baseline Oct-Mar,"Pelletier et al. JAMA Network Open 2025 untreated infants: 2,535 RSV-associated hospitalizations among 215,301 untreated infants.","U.S. Census Bureau Population Estimates Program, Vintage 2023 Annual Resident Population Estimates by Single Year of Age and Sex, age under 1 year.",262.3529962489623,262.3529962489623,116.77259814348258
nssp,"RSV ED visit percentage of total ED visits, all ages",2024-2025,Georgia,uptake_100,Uptake 100%; otherwise reference,0.5491830140568298,0.6468199174222531,125156,Age under 1 year,2023,"U.S. Census Bureau Population Estimates Program, Vintage 2023 Annual Resident Population Estimates by Single Year of Age and Sex","https://api.census.gov/data/2023/pep/charv?get=NAME,POP,AGE_DESC,YEAR&for=state:*&YEAR=2023&AGE=0001&SEX=0",0.0976369033654233,0.011774214704994403,11.774214704994403,extended_sep_apr,Extended Sep-Apr,baseline_oct_mar,Baseline Oct-Mar,"Pelletier et al. JAMA Network Open 2025 untreated infants: 2,535 RSV-associated hospitalizations among 215,301 untreated infants.","U.S. Census Bureau Population Estimates Program, Vintage 2023 Annual Resident Population Estimates by Single Year of Age and Sex, age under 1 year.",143.879070186094,143.879070186094,114.95978633552846
nssp,"RSV ED visit percentage of total ED visits, all ages",2024-2025,Hawaii,uptake_100,Uptake 100%; otherwise reference,0.5662117680518342,0.6486131091495446,15147,Age under 1 year,2023,"U.S. Census Bureau Population Estimates Program, Vintage 2023 Annual Resident Population Estimates by Single Year of Age and Sex","https://api.census.gov/data/2023/pep/charv?get=NAME,POP,AGE_DESC,YEAR&for=state:*&YEAR=2023&AGE=0001&SEX=0",0.08240134109771047,0.011774214704994403,11.774214704994403,extended_sep_apr,Extended Sep-Apr,baseline_oct_mar,Baseline Oct-Mar,"Pelletier et al. JAMA Network Open 2025 untreated infants: 2,535 RSV-associated hospitalizations among 215,301 untreated infants.","U.S. Census Bureau Population Estimates Program, Vintage 2023 Annual Resident Population Estimates by Single Year of Age and Sex, age under 1 year.",14.69578726002223,14.69578726002223,97.02110820639223
nssp,"RSV ED visit percentage of total ED visits, all ages",2024-2025,Idaho,uptake_100,Uptake 100%; otherwise reference,0.6659075857212408,0.7147755249772045,22331,Age under 1 year,2023,"U.S. Census Bureau Population Estimates Program, Vintage 2023 Annual Resident Population Estimates by Single Year of Age and Sex","https://api.census.gov/data/2023/pep/charv?get=NAME,POP,AGE_DESC,YEAR&for=state:*&YEAR=2023&AGE=0001&SEX=0",0.04886793925596378,0.011774214704994403,11.774214704994403,extended_sep_apr,Extended Sep-Apr,baseline_oct_mar,Baseline Oct-Mar,"Pelletier et al. JAMA Network Open 2025 untreated infants: 2,535 RSV-associated hospitalizations among 215,301 untreated infants.","U.S. Census Bureau Population Estimates Program, Vintage 2023 Annual Resident Population Estimates by Single Year of Age and Sex, age under 1 year.",12.848846710363325,12.848846710363325,57.538160899034196
nssp,"RSV ED visit percentage of total ED visits, all ages",2024-2025,Illinois,uptake_100,Uptake 100%; otherwise reference,0.6172385641855835,0.6785735066159327,126792,Age under 1 year,2023,"U.S. Census Bureau Population Estimates Program, Vintage 2023 Annual Resident Population Estimates by Single Year of Age and Sex","https://api.census.gov/data/2023/pep/charv?get=NAME,POP,AGE_DESC,YEAR&for=state:*&YEAR=2023&AGE=0001&SEX=0",0.061334942430349204,0.011774214704994403,11.774214704994403,extended_sep_apr,Extended Sep-Apr,baseline_oct_mar,Baseline Oct-Mar,"Pelletier et al. JAMA Network Open 2025 untreated infants: 2,535 RSV-associated hospitalizations among 215,301 untreated infants.","U.S. Census Bureau Population Estimates Program, Vintage 2023 Annual Resident Population Estimates by Single Year of Age and Sex, age under 1 year.",91.56547767639472,91.56547767639472,72.21707810934028
nssp,"RSV ED visit percentage of total ED visits, all ages",2024-2025,Indiana,uptake_100,Uptake 100%; otherwise reference,0.6364207511018968,0.6909872483756236,79101,Age under 1 year,2023,"U.S. Census Bureau Population Estimates Program, Vintage 2023 Annual Resident Population Estimates by Single Year of Age and Sex","https://api.census.gov/data/2023/pep/charv?get=NAME,POP,AGE_DESC,YEAR&for=state:*&YEAR=2023&AGE=0001&SEX=0",0.054566497273726866,0.011774214704994403,11.774214704994403,extended_sep_apr,Extended Sep-Apr,baseline_oct_mar,Baseline Oct-Mar,"Pelletier et al. JAMA Network Open 2025 untreated infants: 2,535 RSV-associated hospitalizations among 215,301 untreated infants.","U.S. Census Bureau Population Estimates Program, Vintage 2023 Annual Resident Population Estimates by Single Year of Age and Sex, age under 1 year.",50.82062495654243,50.82062495654243,64.2477654600352
nssp,"RSV ED visit percentage of total ED visits, all ages",2024-2025,Iowa,uptake_100,Uptake 100%; otherwise reference,0.6629311351153214,0.7078898191927364,36766,Age under 1 year,2023,"U.S. Census Bureau Population Estimates Program, Vintage 2023 Annual Resident Population Estimates by Single Year of Age and Sex","https://api.census.gov/data/2023/pep/charv?get=NAME,POP,AGE_DESC,YEAR&for=state:*&YEAR=2023&AGE=0001&SEX=0",0.04495868407741499,0.011774214704994403,11.774214704994403,extended_sep_apr,Extended Sep-Apr,baseline_oct_mar,Baseline Oct-Mar,"Pelletier et al. JAMA Network Open 2025 untreated infants: 2,535 RSV-associated hospitalizations among 215,301 untreated infants.","U.S. Census Bureau Population Estimates Program, Vintage 2023 Annual Resident Population Estimates by Single Year of Age and Sex, age under 1 year.",19.462199721106927,19.462199721106927,52.93531991814973
nssp,"RSV ED visit percentage of total ED visits, all ages",2024-2025,Kansas,uptake_100,Uptake 100%; otherwise reference,0.6518529981627688,0.7020688041929557,34590,Age under 1 year,2023,"U.S. Census Bureau Population Estimates Program, Vintage 2023 Annual Resident Population Estimates by Single Year of Age and Sex","https://api.census.gov/data/2023/pep/charv?get=NAME,POP,AGE_DESC,YEAR&for=state:*&YEAR=2023&AGE=0001&SEX=0",0.05021580603018694,0.011774214704994403,11.774214704994403,extended_sep_apr,Extended Sep-Apr,baseline_oct_mar,Baseline Oct-Mar,"Pelletier et al. JAMA Network Open 2025 untreated infants: 2,535 RSV-associated hospitalizations among 215,301 untreated infants.","U.S. Census Bureau Population Estimates Program, Vintage 2023 Annual Resident Population Estimates by Single Year of Age and Sex, age under 1 year.",20.45139567290073,20.45139567290073,59.12516817837737
nssp,"RSV ED visit percentage of total ED visits, all ages",2024-2025,Kentucky,uptake_100,Uptake 100%; otherwise reference,0.6104421714717085,0.6677092065632093,52111,Age under 1 year,2023,"U.S. Census Bureau Population Estimates Program, Vintage 2023 Annual Resident Population Estimates by Single Year of Age and Sex","https://api.census.gov/data/2023/pep/charv?get=NAME,POP,AGE_DESC,YEAR&for=state:*&YEAR=2023&AGE=0001&SEX=0",0.05726703509150077,0.011774214704994403,11.774214704994403,extended_sep_apr,Extended Sep-Apr,baseline_oct_mar,Baseline Oct-Mar,"Pelletier et al. JAMA Network Open 2025 untreated infants: 2,535 RSV-associated hospitalizations among 215,301 untreated infants.","U.S. Census Bureau Population Estimates Program, Vintage 2023 Annual Resident Population Estimates by Single Year of Age and Sex, age under 1 year.",35.13711152236262,35.13711152236262,67.4274366685779
nssp,"RSV ED visit percentage of total ED visits, all ages",2024-2025,Louisiana,uptake_100,Uptake 100%; otherwise reference,0.5803724233294638,0.6598360723831989,55838,Age under 1 year,2023,"U.S. Census Bureau Population Estimates Program, Vintage 2023 Annual Resident Population Estimates by Single Year of Age and Sex","https://api.census.gov/data/2023/pep/charv?get=NAME,POP,AGE_DESC,YEAR&for=state:*&YEAR=2023&AGE=0001&SEX=0",0.07946364905373504,0.011774214704994403,11.774214704994403,extended_sep_apr,Extended Sep-Apr,baseline_oct_mar,Baseline Oct-Mar,"Pelletier et al. JAMA Network Open 2025 untreated infants: 2,535 RSV-associated hospitalizations among 215,301 untreated infants.","U.S. Census Bureau Population Estimates Program, Vintage 2023 Annual Resident Population Estimates by Single Year of Age and Sex, age under 1 year.",52.24326487669353,52.24326487669353,93.56220652010018
nssp,"RSV ED visit percentage of total ED visits, all ages",2024-2025,Maine,uptake_100,Uptake 100%; otherwise reference,0.6704683253937669,0.7088621157272619,11892,Age under 1 year,2023,"U.S. Census Bureau Population Estimates Program, Vintage 2023 Annual Resident Population Estimates by Single Year of Age and Sex","https://api.census.gov/data/2023/pep/charv?get=NAME,POP,AGE_DESC,YEAR&for=state:*&YEAR=2023&AGE=0001&SEX=0",0.03839379033349499,0.011774214704994403,11.774214704994403,extended_sep_apr,Extended Sep-Apr,baseline_oct_mar,Baseline Oct-Mar,"Pelletier et al. JAMA Network Open 2025 untreated infants: 2,535 RSV-associated hospitalizations among 215,301 untreated infants.","U.S. Census Bureau Population Estimates Program, Vintage 2023 Annual Resident Population Estimates by Single Year of Age and Sex, age under 1 year.",5.375858641782993,5.375858641782993,45.205673072510876
nssp,"RSV ED visit percentage of total ED visits, all ages",2024-2025,Maryland,uptake_100,Uptake 100%; otherwise reference,0.5774457448662134,0.6577971536849809,68060,Age under 1 year,2023,"U.S. Census Bureau Population Estimates Program, Vintage 2023 Annual Resident Population Estimates by Single Year of Age and Sex","https://api.census.gov/data/2023/pep/charv?get=NAME,POP,AGE_DESC,YEAR&for=state:*&YEAR=2023&AGE=0001&SEX=0",0.08035140881876757,0.011774214704994403,11.774214704994403,extended_sep_apr,Extended Sep-Apr,baseline_oct_mar,Baseline Oct-Mar,"Pelletier et al. JAMA Network Open 2025 untreated infants: 2,535 RSV-associated hospitalizations among 215,301 untreated infants.","U.S. Census Bureau Population Estimates Program, Vintage 2023 Annual Resident Population Estimates by Single Year of Age and Sex, age under 1 year.",64.38984675546146,64.38984675546146,94.607473928095
nssp,"RSV ED visit percentage of total ED visits, all ages",2024-2025,Massachusetts,uptake_100,Uptake 100%; otherwise reference,0.6070767997662087,0.6733760766895,69103,Age under 1 year,2023,"U.S. Census Bureau Population Estimates Program, Vintage 2023 Annual Resident Population Estimates by Single Year of Age and Sex","https://api.census.gov/data/2023/pep/charv?get=NAME,POP,AGE_DESC,YEAR&for=state:*&YEAR=2023&AGE=0001&SEX=0",0.0662992769232913,0.011774214704994403,11.774214704994403,extended_sep_apr,Extended Sep-Apr,baseline_oct_mar,Baseline Oct-Mar,"Pelletier et al. JAMA Network Open 2025 untreated infants: 2,535 RSV-associated hospitalizations among 215,301 untreated infants.","U.S. Census Bureau Population Estimates Program, Vintage 2023 Annual Resident Population Estimates by Single Year of Age and Sex, age under 1 year.",53.94331662626107,53.94331662626107,78.06219212807125
nssp,"RSV ED visit percentage of total ED visits, all ages",2024-2025,Michigan,uptake_100,Uptake 100%; otherwise reference,0.6364110668585591,0.6913660349609498,101385,Age under 1 year,2023,"U.S. Census Bureau Population Estimates Program, Vintage 2023 Annual Resident Population Estimates by Single Year of Age and Sex","https://api.census.gov/data/2023/pep/charv?get=NAME,POP,AGE_DESC,YEAR&for=state:*&YEAR=2023&AGE=0001&SEX=0",0.054954968102390755,0.011774214704994403,11.774214704994403,extended_sep_apr,Extended Sep-Apr,baseline_oct_mar,Baseline Oct-Mar,"Pelletier et al. JAMA Network Open 2025 untreated infants: 2,535 RSV-associated hospitalizations among 215,301 untreated infants.","U.S. Census Bureau Population Estimates Program, Vintage 2023 Annual Resident Population Estimates by Single Year of Age and Sex, age under 1 year.",65.60132581142473,65.60132581142473,64.70515935436677
nssp,"RSV ED visit percentage of total ED visits, all ages",2024-2025,Minnesota,uptake_100,Uptake 100%; otherwise reference,0.6676109619654915,0.7134721950992464,63637,Age under 1 year,2023,"U.S. Census Bureau Population Estimates Program, Vintage 2023 Annual Resident Population Estimates by Single Year of Age and Sex","https://api.census.gov/data/2023/pep/charv?get=NAME,POP,AGE_DESC,YEAR&for=state:*&YEAR=2023&AGE=0001&SEX=0",0.0458612331337549,0.011774214704994403,11.774214704994403,extended_sep_apr,Extended Sep-Apr,baseline_oct_mar,Baseline Oct-Mar,"Pelletier et al. JAMA Network Open 2025 untreated infants: 2,535 RSV-associated hospitalizations among 215,301 untreated infants.","U.S. Census Bureau Population Estimates Program, Vintage 2023 Annual Resident Population Estimates by Single Year of Age and Sex, age under 1 year.",34.36270761335293,34.36270761335293,53.998000555263346
nssp,"RSV ED visit percentage of total ED visits, all ages",2024-2025,Mississippi,uptake_100,Uptake 100%; otherwise reference,0.5461074800435721,0.6426951353360788,34372,Age under 1 year,2023,"U.S. Census Bureau Population Estimates Program, Vintage 2023 Annual Resident Population Estimates by Single Year of Age and Sex","https://api.census.gov/data/2023/pep/charv?get=NAME,POP,AGE_DESC,YEAR&for=state:*&YEAR=2023&AGE=0001&SEX=0",0.09658765529250668,0.011774214704994403,11.774214704994403,extended_sep_apr,Extended Sep-Apr,baseline_oct_mar,Baseline Oct-Mar,"Pelletier et al. JAMA Network Open 2025 untreated infants: 2,535 RSV-associated hospitalizations among 215,301 untreated infants.","U.S. Census Bureau Population Estimates Program, Vintage 2023 Annual Resident Population Estimates by Single Year of Age and Sex, age under 1 year.",39.089343593393664,39.089343593393664,113.72437912659628
nssp,"RSV ED visit percentage of total ED visits, all ages",2024-2025,Montana,uptake_100,Uptake 100%; otherwise reference,0.7034345223896444,0.7287273637426185,11266,Age under 1 year,2023,"U.S. Census Bureau Population Estimates Program, Vintage 2023 Annual Resident Population Estimates by Single Year of Age and Sex","https://api.census.gov/data/2023/pep/charv?get=NAME,POP,AGE_DESC,YEAR&for=state:*&YEAR=2023&AGE=0001&SEX=0",0.02529284135297405,0.011774214704994403,11.774214704994403,extended_sep_apr,Extended Sep-Apr,baseline_oct_mar,Baseline Oct-Mar,"Pelletier et al. JAMA Network Open 2025 untreated infants: 2,535 RSV-associated hospitalizations among 215,301 untreated infants.","U.S. Census Bureau Population Estimates Program, Vintage 2023 Annual Resident Population Estimates by Single Year of Age and Sex, age under 1 year.",3.355052480142801,3.355052480142801,29.78033445892776
nssp,"RSV ED visit percentage of total ED visits, all ages",2024-2025,Nebraska,uptake_100,Uptake 100%; otherwise reference,0.6769990444708228,0.7141441893803985,24144,Age under 1 year,2023,"U.S. Census Bureau Population Estimates Program, Vintage 2023 Annual Resident Population Estimates by Single Year of Age and Sex","https://api.census.gov/data/2023/pep/charv?get=NAME,POP,AGE_DESC,YEAR&for=state:*&YEAR=2023&AGE=0001&SEX=0",0.037145144909575656,0.011774214704994403,11.774214704994403,extended_sep_apr,Extended Sep-Apr,baseline_oct_mar,Baseline Oct-Mar,"Pelletier et al. JAMA Network Open 2025 untreated infants: 2,535 RSV-associated hospitalizations among 215,301 untreated infants.","U.S. Census Bureau Population Estimates Program, Vintage 2023 Annual Resident Population Estimates by Single Year of Age and Sex, age under 1 year.",10.559496981166909,10.559496981166909,43.735491141347374
nssp,"RSV ED visit percentage of total ED visits, all ages",2024-2025,Nevada,uptake_100,Uptake 100%; otherwise reference,0.6395606112491898,0.6959457521904444,32716,Age under 1 year,2023,"U.S. Census Bureau Population Estimates Program, Vintage 2023 Annual Resident Population Estimates by Single Year of Age and Sex","https://api.census.gov/data/2023/pep/charv?get=NAME,POP,AGE_DESC,YEAR&for=state:*&YEAR=2023&AGE=0001&SEX=0",0.056385140941254575,0.011774214704994403,11.774214704994403,extended_sep_apr,Extended Sep-Apr,baseline_oct_mar,Baseline Oct-Mar,"Pelletier et al. JAMA Network Open 2025 untreated infants: 2,535 RSV-associated hospitalizations among 215,301 untreated infants.","U.S. Census Bureau Population Estimates Program, Vintage 2023 Annual Resident Population Estimates by Single Year of Age and Sex, age under 1 year.",21.71984996065786,21.71984996065786,66.38907556137016
nssp,"RSV ED visit percentage of total ED visits, all ages",2024-2025,New Hampshire,uptake_100,Uptake 100%; otherwise reference,0.6357444697309104,0.6883735613653273,12164,Age under 1 year,2023,"U.S. Census Bureau Population Estimates Program, Vintage 2023 Annual Resident Population Estimates by Single Year of Age and Sex","https://api.census.gov/data/2023/pep/charv?get=NAME,POP,AGE_DESC,YEAR&for=state:*&YEAR=2023&AGE=0001&SEX=0",0.05262909163441698,0.011774214704994403,11.774214704994403,extended_sep_apr,Extended Sep-Apr,baseline_oct_mar,Baseline Oct-Mar,"Pelletier et al. JAMA Network Open 2025 untreated infants: 2,535 RSV-associated hospitalizations among 215,301 untreated infants.","U.S. Census Bureau Population Estimates Program, Vintage 2023 Annual Resident Population Estimates by Single Year of Age and Sex, age under 1 year.",7.5376199564291255,7.5376199564291255,61.96662246324504
nssp,"RSV ED visit percentage of total ED visits, all ages",2024-2025,New Jersey,uptake_100,Uptake 100%; otherwise reference,0.5882481421594112,0.6632579416444713,102477,Age under 1 year,2023,"U.S. Census Bureau Population Estimates Program, Vintage 2023 Annual Resident Population Estimates by Single Year of Age and Sex","https://api.census.gov/data/2023/pep/charv?get=NAME,POP,AGE_DESC,YEAR&for=state:*&YEAR=2023&AGE=0001&SEX=0",0.07500979948506004,0.011774214704994403,11.774214704994403,extended_sep_apr,Extended Sep-Apr,baseline_oct_mar,Baseline Oct-Mar,"Pelletier et al. JAMA Network Open 2025 untreated infants: 2,535 RSV-associated hospitalizations among 215,301 untreated infants.","U.S. Census Bureau Population Estimates Program, Vintage 2023 Annual Resident Population Estimates by Single Year of Age and Sex, age under 1 year.",90.50578894772207,90.50578894772207,88.31814841156755
nssp,"RSV ED visit percentage of total ED visits, all ages",2024-2025,New Mexico,uptake_100,Uptake 100%; otherwise reference,0.6806783267348179,0.7260419979011515,20589,Age under 1 year,2023,"U.S. Census Bureau Population Estimates Program, Vintage 2023 Annual Resident Population Estimates by Single Year of Age and Sex","https://api.census.gov/data/2023/pep/charv?get=NAME,POP,AGE_DESC,YEAR&for=state:*&YEAR=2023&AGE=0001&SEX=0",0.04536367116633366,0.011774214704994403,11.774214704994403,extended_sep_apr,Extended Sep-Apr,baseline_oct_mar,Baseline Oct-Mar,"Pelletier et al. JAMA Network Open 2025 untreated infants: 2,535 RSV-associated hospitalizations among 215,301 untreated infants.","U.S. Census Bureau Population Estimates Program, Vintage 2023 Annual Resident Population Estimates by Single Year of Age and Sex, age under 1 year.",10.997029707209723,10.997029707209723,53.41216041191765
nssp,"RSV ED visit percentage of total ED visits, all ages",2024-2025,New York,uptake_100,Uptake 100%; otherwise reference,0.599722030652634,0.6699780156895079,209673,Age under 1 year,2023,"U.S. Census Bureau Population Estimates Program, Vintage 2023 Annual Resident Population Estimates by Single Year of Age and Sex","https://api.census.gov/data/2023/pep/charv?get=NAME,POP,AGE_DESC,YEAR&for=state:*&YEAR=2023&AGE=0001&SEX=0",0.07025598503687391,0.011774214704994403,11.774214704994403,extended_sep_apr,Extended Sep-Apr,baseline_oct_mar,Baseline Oct-Mar,"Pelletier et al. JAMA Network Open 2025 untreated infants: 2,535 RSV-associated hospitalizations among 215,301 untreated infants.","U.S. Census Bureau Population Estimates Program, Vintage 2023 Annual Resident Population Estimates by Single Year of Age and Sex, age under 1 year.",173.44340358830763,173.44340358830763,82.72090521350276
nssp,"RSV ED visit percentage of total ED visits, all ages",2024-2025,North Carolina,uptake_100,Uptake 100%; otherwise reference,0.6242163107317726,0.6824617265406178,120602,Age under 1 year,2023,"U.S. Census Bureau Population Estimates Program, Vintage 2023 Annual Resident Population Estimates by Single Year of Age and Sex","https://api.census.gov/data/2023/pep/charv?get=NAME,POP,AGE_DESC,YEAR&for=state:*&YEAR=2023&AGE=0001&SEX=0",0.058245415808845125,0.011774214704994403,11.774214704994403,extended_sep_apr,Extended Sep-Apr,baseline_oct_mar,Baseline Oct-Mar,"Pelletier et al. JAMA Network Open 2025 untreated infants: 2,535 RSV-associated hospitalizations among 215,301 untreated infants.","U.S. Census Bureau Population Estimates Program, Vintage 2023 Annual Resident Population Estimates by Single Year of Age and Sex, age under 1 year.",82.70813176465377,82.70813176465377,68.57940313150178
nssp,"RSV ED visit percentage of total ED visits, all ages",2024-2025,North Dakota,uptake_100,Uptake 100%; otherwise reference,0.7002869545264634,0.7308995674006896,9626,Age under 1 year,2023,"U.S. Census Bureau Population Estimates Program, Vintage 2023 Annual Resident Population Estimates by Single Year of Age and Sex","https://api.census.gov/data/2023/pep/charv?get=NAME,POP,AGE_DESC,YEAR&for=state:*&YEAR=2023&AGE=0001&SEX=0",0.03061261287422623,0.011774214704994403,11.774214704994403,extended_sep_apr,Extended Sep-Apr,baseline_oct_mar,Baseline Oct-Mar,"Pelletier et al. JAMA Network Open 2025 untreated infants: 2,535 RSV-associated hospitalizations among 215,301 untreated infants.","U.S. Census Bureau Population Estimates Program, Vintage 2023 Annual Resident Population Estimates by Single Year of Age and Sex, age under 1 year.",3.469590402348561,3.469590402348561,36.04394766620155
nssp,"RSV ED visit percentage of total ED visits, all ages",2024-2025,Ohio,uptake_100,Uptake 100%; otherwise reference,0.6205452110361743,0.6803430108898807,128059,Age under 1 year,2023,"U.S. Census Bureau Population Estimates Program, Vintage 2023 Annual Resident Population Estimates by Single Year of Age and Sex","https://api.census.gov/data/2023/pep/charv?get=NAME,POP,AGE_DESC,YEAR&for=state:*&YEAR=2023&AGE=0001&SEX=0",0.05979779985370637,0.011774214704994403,11.774214704994403,extended_sep_apr,Extended Sep-Apr,baseline_oct_mar,Baseline Oct-Mar,"Pelletier et al. JAMA Network Open 2025 untreated infants: 2,535 RSV-associated hospitalizations among 215,301 untreated infants.","U.S. Census Bureau Population Estimates Program, Vintage 2023 Annual Resident Population Estimates by Single Year of Age and Sex, age under 1 year.",90.16277345449664,90.16277345449664,70.40721343638218
nssp,"RSV ED visit percentage of total ED visits, all ages",2024-2025,Oklahoma,uptake_100,Uptake 100%; otherwise reference,0.6484934447413738,0.704431798558764,47714,Age under 1 year,2023,"U.S. Census Bureau Population Estimates Program, Vintage 2023 Annual Resident Population Estimates by Single Year of Age and Sex","https://api.census.gov/data/2023/pep/charv?get=NAME,POP,AGE_DESC,YEAR&for=state:*&YEAR=2023&AGE=0001&SEX=0",0.05593835381739021,0.011774214704994403,11.774214704994403,extended_sep_apr,Extended Sep-Apr,baseline_oct_mar,Baseline Oct-Mar,"Pelletier et al. JAMA Network Open 2025 untreated infants: 2,535 RSV-associated hospitalizations among 215,301 untreated infants.","U.S. Census Bureau Population Estimates Program, Vintage 2023 Annual Resident Population Estimates by Single Year of Age and Sex, age under 1 year.",31.42588079452128,31.42588079452128,65.86301880898957
nssp,"RSV ED visit percentage of total ED visits, all ages",2024-2025,Oregon,uptake_100,Uptake 100%; otherwise reference,0.6663531430829784,0.714011202999973,38904,Age under 1 year,2023,"U.S. Census Bureau Population Estimates Program, Vintage 2023 Annual Resident Population Estimates by Single Year of Age and Sex","https://api.census.gov/data/2023/pep/charv?get=NAME,POP,AGE_DESC,YEAR&for=state:*&YEAR=2023&AGE=0001&SEX=0",0.047658059916994566,0.011774214704994403,11.774214704994403,extended_sep_apr,Extended Sep-Apr,baseline_oct_mar,Baseline Oct-Mar,"Pelletier et al. JAMA Network Open 2025 untreated infants: 2,535 RSV-associated hospitalizations among 215,301 untreated infants.","U.S. Census Bureau Population Estimates Program, Vintage 2023 Annual Resident Population Estimates by Single Year of Age and Sex, age under 1 year.",21.830443887492017,21.830443887492017,56.11362298861818
nssp,"RSV ED visit percentage of total ED visits, all ages",2024-2025,Pennsylvania,uptake_100,Uptake 100%; otherwise reference,0.6268301036062685,0.6863349154916917,128878,Age under 1 year,2023,"U.S. Census Bureau Population Estimates Program, Vintage 2023 Annual Resident Population Estimates by Single Year of Age and Sex","https://api.census.gov/data/2023/pep/charv?get=NAME,POP,AGE_DESC,YEAR&for=state:*&YEAR=2023&AGE=0001&SEX=0",0.059504811885423226,0.011774214704994403,11.774214704994403,extended_sep_apr,Extended Sep-Apr,baseline_oct_mar,Baseline Oct-Mar,"Pelletier et al. JAMA Network Open 2025 untreated infants: 2,535 RSV-associated hospitalizations among 215,301 untreated infants.","U.S. Census Bureau Population Estimates Program, Vintage 2023 Annual Resident Population Estimates by Single Year of Age and Sex, age under 1 year.",90.29481767779004,90.29481767779004,70.06224311192759
nssp,"RSV ED visit percentage of total ED visits, all ages",2024-2025,Rhode Island,uptake_100,Uptake 100%; otherwise reference,0.614447744011229,0.6788863218615142,10018,Age under 1 year,2023,"U.S. Census Bureau Population Estimates Program, Vintage 2023 Annual Resident Population Estimates by Single Year of Age and Sex","https://api.census.gov/data/2023/pep/charv?get=NAME,POP,AGE_DESC,YEAR&for=state:*&YEAR=2023&AGE=0001&SEX=0",0.06443857785028517,0.011774214704994403,11.774214704994403,extended_sep_apr,Extended Sep-Apr,baseline_oct_mar,Baseline Oct-Mar,"Pelletier et al. JAMA Network Open 2025 untreated infants: 2,535 RSV-associated hospitalizations among 215,301 untreated infants.","U.S. Census Bureau Population Estimates Program, Vintage 2023 Annual Resident Population Estimates by Single Year of Age and Sex, age under 1 year.",7.60079335465363,7.60079335465363,75.87136508937543
nssp,"RSV ED visit percentage of total ED visits, all ages",2024-2025,South Carolina,uptake_100,Uptake 100%; otherwise reference,0.5827467520490378,0.6582014814668643,57279,Age under 1 year,2023,"U.S. Census Bureau Population Estimates Program, Vintage 2023 Annual Resident Population Estimates by Single Year of Age and Sex","https://api.census.gov/data/2023/pep/charv?get=NAME,POP,AGE_DESC,YEAR&for=state:*&YEAR=2023&AGE=0001&SEX=0",0.0754547294178265,0.011774214704994403,11.774214704994403,extended_sep_apr,Extended Sep-Apr,baseline_oct_mar,Baseline Oct-Mar,"Pelletier et al. JAMA Network Open 2025 untreated infants: 2,535 RSV-associated hospitalizations among 215,301 untreated infants.","U.S. Census Bureau Population Estimates Program, Vintage 2023 Annual Resident Population Estimates by Single Year of Age and Sex, age under 1 year.",50.88781975787025,50.88781975787025,88.84201846727466
nssp,"RSV ED visit percentage of total ED visits, all ages",2024-2025,South Dakota,uptake_100,Uptake 100%; otherwise reference,0.6917120880875748,0.7186233218095015,11434,Age under 1 year,2023,"U.S. Census Bureau Population Estimates Program, Vintage 2023 Annual Resident Population Estimates by Single Year of Age and Sex","https://api.census.gov/data/2023/pep/charv?get=NAME,POP,AGE_DESC,YEAR&for=state:*&YEAR=2023&AGE=0001&SEX=0",0.02691123372192672,0.011774214704994403,11.774214704994403,extended_sep_apr,Extended Sep-Apr,baseline_oct_mar,Baseline Oct-Mar,"Pelletier et al. JAMA Network Open 2025 untreated infants: 2,535 RSV-associated hospitalizations among 215,301 untreated infants.","U.S. Census Bureau Population Estimates Program, Vintage 2023 Annual Resident Population Estimates by Single Year of Age and Sex, age under 1 year.",3.62296173341788,3.62296173341788,31.685864381825088
nssp,"RSV ED visit percentage of total ED visits, all ages",2024-2025,Tennessee,uptake_100,Uptake 100%; otherwise reference,0.5773628657972126,0.6593863603308068,81959,Age under 1 year,2023,"U.S. Census Bureau Population Estimates Program, Vintage 2023 Annual Resident Population Estimates by Single Year of Age and Sex","https://api.census.gov/data/2023/pep/charv?get=NAME,POP,AGE_DESC,YEAR&for=state:*&YEAR=2023&AGE=0001&SEX=0",0.08202349453359414,0.011774214704994403,11.774214704994403,extended_sep_apr,Extended Sep-Apr,baseline_oct_mar,Baseline Oct-Mar,"Pelletier et al. JAMA Network Open 2025 untreated infants: 2,535 RSV-associated hospitalizations among 215,301 untreated infants.","U.S. Census Bureau Population Estimates Program, Vintage 2023 Annual Resident Population Estimates by Single Year of Age and Sex, age under 1 year.",79.15290705872754,79.15290705872754,96.57622354924723
nssp,"RSV ED visit percentage of total ED visits, all ages",2024-2025,Texas,uptake_100,Uptake 100%; otherwise reference,0.5675616994783911,0.6554820640997833,389814,Age under 1 year,2023,"U.S. Census Bureau Population Estimates Program, Vintage 2023 Annual Resident Population Estimates by Single Year of Age and Sex","https://api.census.gov/data/2023/pep/charv?get=NAME,POP,AGE_DESC,YEAR&for=state:*&YEAR=2023&AGE=0001&SEX=0",0.08792036462139219,0.011774214704994403,11.774214704994403,extended_sep_apr,Extended Sep-Apr,baseline_oct_mar,Baseline Oct-Mar,"Pelletier et al. JAMA Network Open 2025 untreated infants: 2,535 RSV-associated hospitalizations among 215,301 untreated infants.","U.S. Census Bureau Population Estimates Program, Vintage 2023 Annual Resident Population Estimates by Single Year of Age and Sex, age under 1 year.",403.5328215530308,403.5328215530308,103.51932499936656
nssp,"RSV ED visit percentage of total ED visits, all ages",2024-2025,Utah,uptake_100,Uptake 100%; otherwise reference,0.6783241947944815,0.7239587508712392,45759,Age under 1 year,2023,"U.S. Census Bureau Population Estimates Program, Vintage 2023 Annual Resident Population Estimates by Single Year of Age and Sex","https://api.census.gov/data/2023/pep/charv?get=NAME,POP,AGE_DESC,YEAR&for=state:*&YEAR=2023&AGE=0001&SEX=0",0.045634556076757704,0.011774214704994403,11.774214704994403,extended_sep_apr,Extended Sep-Apr,baseline_oct_mar,Baseline Oct-Mar,"Pelletier et al. JAMA Network Open 2025 untreated infants: 2,535 RSV-associated hospitalizations among 215,301 untreated infants.","U.S. Census Bureau Population Estimates Program, Vintage 2023 Annual Resident Population Estimates by Single Year of Age and Sex, age under 1 year.",24.586816850130422,24.586816850130422,53.731106121485226
nssp,"RSV ED visit percentage of total ED visits, all ages",2024-2025,Vermont,uptake_100,Uptake 100%; otherwise reference,0.646485356582837,0.6950943711566633,5112,Age under 1 year,2023,"U.S. Census Bureau Population Estimates Program, Vintage 2023 Annual Resident Population Estimates by Single Year of Age and Sex","https://api.census.gov/data/2023/pep/charv?get=NAME,POP,AGE_DESC,YEAR&for=state:*&YEAR=2023&AGE=0001&SEX=0",0.04860901457382627,0.011774214704994403,11.774214704994403,extended_sep_apr,Extended Sep-Apr,baseline_oct_mar,Baseline Oct-Mar,"Pelletier et al. JAMA Network Open 2025 untreated infants: 2,535 RSV-associated hospitalizations among 215,301 untreated infants.","U.S. Census Bureau Population Estimates Program, Vintage 2023 Annual Resident Population Estimates by Single Year of Age and Sex, age under 1 year.",2.925766164061491,2.925766164061491,57.233297419043254
nssp,"RSV ED visit percentage of total ED visits, all ages",2024-2025,Virginia,uptake_100,Uptake 100%; otherwise reference,0.5912273367790658,0.6629079516166413,95290,Age under 1 year,2023,"U.S. Census Bureau Population Estimates Program, Vintage 2023 Annual Resident Population Estimates by Single Year of Age and Sex","https://api.census.gov/data/2023/pep/charv?get=NAME,POP,AGE_DESC,YEAR&for=state:*&YEAR=2023&AGE=0001&SEX=0",0.07168061483757548,0.011774214704994403,11.774214704994403,extended_sep_apr,Extended Sep-Apr,baseline_oct_mar,Baseline Oct-Mar,"Pelletier et al. JAMA Network Open 2025 untreated infants: 2,535 RSV-associated hospitalizations among 215,301 untreated infants.","U.S. Census Bureau Population Estimates Program, Vintage 2023 Annual Resident Population Estimates by Single Year of Age and Sex, age under 1 year.",80.42313523723628,80.42313523723628,84.39829492836213
nssp,"RSV ED visit percentage of total ED visits, all ages",2024-2025,Washington,uptake_100,Uptake 100%; otherwise reference,0.6419826906161984,0.6954534173387593,82456,Age under 1 year,2023,"U.S. Census Bureau Population Estimates Program, Vintage 2023 Annual Resident Population Estimates by Single Year of Age and Sex","https://api.census.gov/data/2023/pep/charv?get=NAME,POP,AGE_DESC,YEAR&for=state:*&YEAR=2023&AGE=0001&SEX=0",0.053470726722560924,0.011774214704994403,11.774214704994403,extended_sep_apr,Extended Sep-Apr,baseline_oct_mar,Baseline Oct-Mar,"Pelletier et al. JAMA Network Open 2025 untreated infants: 2,535 RSV-associated hospitalizations among 215,301 untreated infants.","U.S. Census Bureau Population Estimates Program, Vintage 2023 Annual Resident Population Estimates by Single Year of Age and Sex, age under 1 year.",51.91230355529791,51.91230355529791,62.9575816863514
nssp,"RSV ED visit percentage of total ED visits, all ages",2024-2025,West Virginia,uptake_100,Uptake 100%; otherwise reference,0.6598321152837023,0.6954660305029254,17135,Age under 1 year,2023,"U.S. Census Bureau Population Estimates Program, Vintage 2023 Annual Resident Population Estimates by Single Year of Age and Sex","https://api.census.gov/data/2023/pep/charv?get=NAME,POP,AGE_DESC,YEAR&for=state:*&YEAR=2023&AGE=0001&SEX=0",0.0356339152192231,0.011774214704994403,11.774214704994403,extended_sep_apr,Extended Sep-Apr,baseline_oct_mar,Baseline Oct-Mar,"Pelletier et al. JAMA Network Open 2025 untreated infants: 2,535 RSV-associated hospitalizations among 215,301 untreated infants.","U.S. Census Bureau Population Estimates Program, Vintage 2023 Annual Resident Population Estimates by Single Year of Age and Sex, age under 1 year.",7.1891840504589535,7.1891840504589535,41.95613685707005
nssp,"RSV ED visit percentage of total ED visits, all ages",2024-2025,Wisconsin,uptake_100,Uptake 100%; otherwise reference,0.6718280575770887,0.7141081824949356,59547,Age under 1 year,2023,"U.S. Census Bureau Population Estimates Program, Vintage 2023 Annual Resident Population Estimates by Single Year of Age and Sex","https://api.census.gov/data/2023/pep/charv?get=NAME,POP,AGE_DESC,YEAR&for=state:*&YEAR=2023&AGE=0001&SEX=0",0.04228012491784683,0.011774214704994403,11.774214704994403,extended_sep_apr,Extended Sep-Apr,baseline_oct_mar,Baseline Oct-Mar,"Pelletier et al. JAMA Network Open 2025 untreated infants: 2,535 RSV-associated hospitalizations among 215,301 untreated infants.","U.S. Census Bureau Population Estimates Program, Vintage 2023 Annual Resident Population Estimates by Single Year of Age and Sex, age under 1 year.",29.643405795555616,29.643405795555616,49.781526853671245
nssp,"RSV ED visit percentage of total ED visits, all ages",2024-2025,Wyoming,uptake_100,Uptake 100%; otherwise reference,0.6832514485661614,0.7149159349301162,5847,Age under 1 year,2023,"U.S. Census Bureau Population Estimates Program, Vintage 2023 Annual Resident Population Estimates by Single Year of Age and Sex","https://api.census.gov/data/2023/pep/charv?get=NAME,POP,AGE_DESC,YEAR&for=state:*&YEAR=2023&AGE=0001&SEX=0",0.0316644863639548,0.011774214704994403,11.774214704994403,extended_sep_apr,Extended Sep-Apr,baseline_oct_mar,Baseline Oct-Mar,"Pelletier et al. JAMA Network Open 2025 untreated infants: 2,535 RSV-associated hospitalizations among 215,301 untreated infants.","U.S. Census Bureau Population Estimates Program, Vintage 2023 Annual Resident Population Estimates by Single Year of Age and Sex, age under 1 year.",2.1799046233066246,2.1799046233066246,37.28244609725714
nssp,"RSV ED visit percentage of total ED visits, all ages",2025-2026,Alabama,uptake_100,Uptake 100%; otherwise reference,0.5802848808137551,0.6579109584794067,57885,Age under 1 year,2023,"U.S. Census Bureau Population Estimates Program, Vintage 2023 Annual Resident Population Estimates by Single Year of Age and Sex","https://api.census.gov/data/2023/pep/charv?get=NAME,POP,AGE_DESC,YEAR&for=state:*&YEAR=2023&AGE=0001&SEX=0",0.07762607766565166,0.011774214704994403,11.774214704994403,extended_sep_apr,Extended Sep-Apr,baseline_oct_mar,Baseline Oct-Mar,"Pelletier et al. JAMA Network Open 2025 untreated infants: 2,535 RSV-associated hospitalizations among 215,301 untreated infants.","U.S. Census Bureau Population Estimates Program, Vintage 2023 Annual Resident Population Estimates by Single Year of Age and Sex, age under 1 year.",52.90608569614197,52.90608569614197,91.39861051419534
nssp,"RSV ED visit percentage of total ED visits, all ages",2025-2026,Alaska,uptake_100,Uptake 100%; otherwise reference,0.6769396025375091,0.7190488209270268,9224,Age under 1 year,2023,"U.S. Census Bureau Population Estimates Program, Vintage 2023 Annual Resident Population Estimates by Single Year of Age and Sex","https://api.census.gov/data/2023/pep/charv?get=NAME,POP,AGE_DESC,YEAR&for=state:*&YEAR=2023&AGE=0001&SEX=0",0.042109218389517755,0.011774214704994403,11.774214704994403,extended_sep_apr,Extended Sep-Apr,baseline_oct_mar,Baseline Oct-Mar,"Pelletier et al. JAMA Network Open 2025 untreated infants: 2,535 RSV-associated hospitalizations among 215,301 untreated infants.","U.S. Census Bureau Population Estimates Program, Vintage 2023 Annual Resident Population Estimates by Single Year of Age and Sex, age under 1 year.",4.573286672555726,4.573286672555726,49.58029783776807
nssp,"RSV ED visit percentage of total ED visits, all ages",2025-2026,Arizona,uptake_100,Uptake 100%; otherwise reference,0.6949849584287535,0.722975257751854,78075,Age under 1 year,2023,"U.S. Census Bureau Population Estimates Program, Vintage 2023 Annual Resident Population Estimates by Single Year of Age and Sex","https://api.census.gov/data/2023/pep/charv?get=NAME,POP,AGE_DESC,YEAR&for=state:*&YEAR=2023&AGE=0001&SEX=0",0.027990299323100487,0.011774214704994403,11.774214704994403,extended_sep_apr,Extended Sep-Apr,baseline_oct_mar,Baseline Oct-Mar,"Pelletier et al. JAMA Network Open 2025 untreated infants: 2,535 RSV-associated hospitalizations among 215,301 untreated infants.","U.S. Census Bureau Population Estimates Program, Vintage 2023 Annual Resident Population Estimates by Single Year of Age and Sex, age under 1 year.",25.730693207746626,25.730693207746626,32.956379388724464
nssp,"RSV ED visit percentage of total ED visits, all ages",2025-2026,Arkansas,uptake_100,Uptake 100%; otherwise reference,0.6435980613054451,0.7025868986460667,35297,Age under 1 year,2023,"U.S. Census Bureau Population Estimates Program, Vintage 2023 Annual Resident Population Estimates by Single Year of Age and Sex","https://api.census.gov/data/2023/pep/charv?get=NAME,POP,AGE_DESC,YEAR&for=state:*&YEAR=2023&AGE=0001&SEX=0",0.05898883734062166,0.011774214704994403,11.774214704994403,extended_sep_apr,Extended Sep-Apr,baseline_oct_mar,Baseline Oct-Mar,"Pelletier et al. JAMA Network Open 2025 untreated infants: 2,535 RSV-associated hospitalizations among 215,301 untreated infants.","U.S. Census Bureau Population Estimates Program, Vintage 2023 Annual Resident Population Estimates by Single Year of Age and Sex, age under 1 year.",24.515433790732267,24.515433790732267,69.45472360464706
nssp,"RSV ED visit percentage of total ED visits, all ages",2025-2026,California,uptake_100,Uptake 100%; otherwise reference,0.6642767035097462,0.7112483043034428,415125,Age under 1 year,2023,"U.S. Census Bureau Population Estimates Program, Vintage 2023 Annual Resident Population Estimates by Single Year of Age and Sex","https://api.census.gov/data/2023/pep/charv?get=NAME,POP,AGE_DESC,YEAR&for=state:*&YEAR=2023&AGE=0001&SEX=0",0.046971600793696555,0.011774214704994403,11.774214704994403,extended_sep_apr,Extended Sep-Apr,baseline_oct_mar,Baseline Oct-Mar,"Pelletier et al. JAMA Network Open 2025 untreated infants: 2,535 RSV-associated hospitalizations among 215,301 untreated infants.","U.S. Census Bureau Population Estimates Program, Vintage 2023 Annual Resident Population Estimates by Single Year of Age and Sex, age under 1 year.",229.5864225187393,229.5864225187393,55.30537127822688
nssp,"RSV ED visit percentage of total ED visits, all ages",2025-2026,Colorado,uptake_100,Uptake 100%; otherwise reference,0.6973289479519649,0.7325710487641595,62168,Age under 1 year,2023,"U.S. Census Bureau Population Estimates Program, Vintage 2023 Annual Resident Population Estimates by Single Year of Age and Sex","https://api.census.gov/data/2023/pep/charv?get=NAME,POP,AGE_DESC,YEAR&for=state:*&YEAR=2023&AGE=0001&SEX=0",0.03524210081219459,0.011774214704994403,11.774214704994403,extended_sep_apr,Extended Sep-Apr,baseline_oct_mar,Baseline Oct-Mar,"Pelletier et al. JAMA Network Open 2025 untreated infants: 2,535 RSV-associated hospitalizations among 215,301 untreated infants.","U.S. Census Bureau Population Estimates Program, Vintage 2023 Annual Resident Population Estimates by Single Year of Age and Sex, age under 1 year.",25.79649109465767,25.79649109465767,41.49480616178367
nssp,"RSV ED visit percentage of total ED visits, all ages",2025-2026,Connecticut,uptake_100,Uptake 100%; otherwise reference,0.6706274098364713,0.7159474100477904,34935,Age under 1 year,2023,"U.S. Census Bureau Population Estimates Program, Vintage 2023 Annual Resident Population Estimates by Single Year of Age and Sex","https://api.census.gov/data/2023/pep/charv?get=NAME,POP,AGE_DESC,YEAR&for=state:*&YEAR=2023&AGE=0001&SEX=0",0.0453200002113191,0.011774214704994403,11.774214704994403,extended_sep_apr,Extended Sep-Apr,baseline_oct_mar,Baseline Oct-Mar,"Pelletier et al. JAMA Network Open 2025 untreated infants: 2,535 RSV-associated hospitalizations among 215,301 untreated infants.","U.S. Census Bureau Population Estimates Program, Vintage 2023 Annual Resident Population Estimates by Single Year of Age and Sex, age under 1 year.",18.641574970306497,18.641574970306497,53.36074129184628
nssp,"RSV ED visit percentage of total ED visits, all ages",2025-2026,Delaware,uptake_100,Uptake 100%; otherwise reference,0.647941823592066,0.7011179313630053,10745,Age under 1 year,2023,"U.S. Census Bureau Population Estimates Program, Vintage 2023 Annual Resident Population Estimates by Single Year of Age and Sex","https://api.census.gov/data/2023/pep/charv?get=NAME,POP,AGE_DESC,YEAR&for=state:*&YEAR=2023&AGE=0001&SEX=0",0.053176107770939285,0.011774214704994403,11.774214704994403,extended_sep_apr,Extended Sep-Apr,baseline_oct_mar,Baseline Oct-Mar,"Pelletier et al. JAMA Network Open 2025 untreated infants: 2,535 RSV-associated hospitalizations among 215,301 untreated infants.","U.S. Census Bureau Population Estimates Program, Vintage 2023 Annual Resident Population Estimates by Single Year of Age and Sex, age under 1 year.",6.727518748712471,6.727518748712471,62.61069100709605
nssp,"RSV ED visit percentage of total ED visits, all ages",2025-2026,District of Columbia,uptake_100,Uptake 100%; otherwise reference,0.6117537901422166,0.680486003244717,7791,Age under 1 year,2023,"U.S. Census Bureau Population Estimates Program, Vintage 2023 Annual Resident Population Estimates by Single Year of Age and Sex","https://api.census.gov/data/2023/pep/charv?get=NAME,POP,AGE_DESC,YEAR&for=state:*&YEAR=2023&AGE=0001&SEX=0",0.06873221310250033,0.011774214704994403,11.774214704994403,extended_sep_apr,Extended Sep-Apr,baseline_oct_mar,Baseline Oct-Mar,"Pelletier et al. JAMA Network Open 2025 untreated infants: 2,535 RSV-associated hospitalizations among 215,301 untreated infants.","U.S. Census Bureau Population Estimates Program, Vintage 2023 Annual Resident Population Estimates by Single Year of Age and Sex, age under 1 year.",6.305005696394528,6.305005696394528,80.92678342182684
nssp,"RSV ED visit percentage of total ED visits, all ages",2025-2026,Florida,uptake_100,Uptake 100%; otherwise reference,0.5376156718282241,0.6353238113724663,224670,Age under 1 year,2023,"U.S. Census Bureau Population Estimates Program, Vintage 2023 Annual Resident Population Estimates by Single Year of Age and Sex","https://api.census.gov/data/2023/pep/charv?get=NAME,POP,AGE_DESC,YEAR&for=state:*&YEAR=2023&AGE=0001&SEX=0",0.09770813954424218,0.011774214704994403,11.774214704994403,extended_sep_apr,Extended Sep-Apr,baseline_oct_mar,Baseline Oct-Mar,"Pelletier et al. JAMA Network Open 2025 untreated infants: 2,535 RSV-associated hospitalizations among 215,301 untreated infants.","U.S. Census Bureau Population Estimates Program, Vintage 2023 Annual Resident Population Estimates by Single Year of Age and Sex, age under 1 year.",258.46859393695036,258.46859393695036,115.04366134194615
nssp,"RSV ED visit percentage of total ED visits, all ages",2025-2026,Georgia,uptake_100,Uptake 100%; otherwise reference,0.6021138639388917,0.6759170956291309,125156,Age under 1 year,2023,"U.S. Census Bureau Population Estimates Program, Vintage 2023 Annual Resident Population Estimates by Single Year of Age and Sex","https://api.census.gov/data/2023/pep/charv?get=NAME,POP,AGE_DESC,YEAR&for=state:*&YEAR=2023&AGE=0001&SEX=0",0.07380323169023928,0.011774214704994403,11.774214704994403,extended_sep_apr,Extended Sep-Apr,baseline_oct_mar,Baseline Oct-Mar,"Pelletier et al. JAMA Network Open 2025 untreated infants: 2,535 RSV-associated hospitalizations among 215,301 untreated infants.","U.S. Census Bureau Population Estimates Program, Vintage 2023 Annual Resident Population Estimates by Single Year of Age and Sex, age under 1 year.",108.75744709536708,108.75744709536708,86.89750958433243
nssp,"RSV ED visit percentage of total ED visits, all ages",2025-2026,Hawaii,uptake_100,Uptake 100%; otherwise reference,0.6151196863665593,0.6732805804853015,15147,Age under 1 year,2023,"U.S. Census Bureau Population Estimates Program, Vintage 2023 Annual Resident Population Estimates by Single Year of Age and Sex","https://api.census.gov/data/2023/pep/charv?get=NAME,POP,AGE_DESC,YEAR&for=state:*&YEAR=2023&AGE=0001&SEX=0",0.058160894118742146,0.011774214704994403,11.774214704994403,extended_sep_apr,Extended Sep-Apr,baseline_oct_mar,Baseline Oct-Mar,"Pelletier et al. JAMA Network Open 2025 untreated infants: 2,535 RSV-associated hospitalizations among 215,301 untreated infants.","U.S. Census Bureau Population Estimates Program, Vintage 2023 Annual Resident Population Estimates by Single Year of Age and Sex, age under 1 year.",10.372648253481657,10.372648253481657,68.47988547885163
nssp,"RSV ED visit percentage of total ED visits, all ages",2025-2026,Idaho,uptake_100,Uptake 100%; otherwise reference,0.6890757147432872,0.7230878154665623,22331,Age under 1 year,2023,"U.S. Census Bureau Population Estimates Program, Vintage 2023 Annual Resident Population Estimates by Single Year of Age and Sex","https://api.census.gov/data/2023/pep/charv?get=NAME,POP,AGE_DESC,YEAR&for=state:*&YEAR=2023&AGE=0001&SEX=0",0.034012100723275096,0.011774214704994403,11.774214704994403,extended_sep_apr,Extended Sep-Apr,baseline_oct_mar,Baseline Oct-Mar,"Pelletier et al. JAMA Network Open 2025 untreated infants: 2,535 RSV-associated hospitalizations among 215,301 untreated infants.","U.S. Census Bureau Population Estimates Program, Vintage 2023 Annual Resident Population Estimates by Single Year of Age and Sex, age under 1 year.",8.942801254658317,8.942801254658317,40.04657764837364
nssp,"RSV ED visit percentage of total ED visits, all ages",2025-2026,Illinois,uptake_100,Uptake 100%; otherwise reference,0.6735866007217058,0.7175935152755032,126792,Age under 1 year,2023,"U.S. Census Bureau Population Estimates Program, Vintage 2023 Annual Resident Population Estimates by Single Year of Age and Sex","https://api.census.gov/data/2023/pep/charv?get=NAME,POP,AGE_DESC,YEAR&for=state:*&YEAR=2023&AGE=0001&SEX=0",0.04400691455379735,0.011774214704994403,11.774214704994403,extended_sep_apr,Extended Sep-Apr,baseline_oct_mar,Baseline Oct-Mar,"Pelletier et al. JAMA Network Open 2025 untreated infants: 2,535 RSV-associated hospitalizations among 215,301 untreated infants.","U.S. Census Bureau Population Estimates Program, Vintage 2023 Annual Resident Population Estimates by Single Year of Age and Sex, age under 1 year.",65.69687673153979,65.69687673153979,51.8146860460753
nssp,"RSV ED visit percentage of total ED visits, all ages",2025-2026,Indiana,uptake_100,Uptake 100%; otherwise reference,0.6710987908984195,0.7118910955686193,79101,Age under 1 year,2023,"U.S. Census Bureau Population Estimates Program, Vintage 2023 Annual Resident Population Estimates by Single Year of Age and Sex","https://api.census.gov/data/2023/pep/charv?get=NAME,POP,AGE_DESC,YEAR&for=state:*&YEAR=2023&AGE=0001&SEX=0",0.040792304670199786,0.011774214704994403,11.774214704994403,extended_sep_apr,Extended Sep-Apr,baseline_oct_mar,Baseline Oct-Mar,"Pelletier et al. JAMA Network Open 2025 untreated infants: 2,535 RSV-associated hospitalizations among 215,301 untreated infants.","U.S. Census Bureau Population Estimates Program, Vintage 2023 Annual Resident Population Estimates by Single Year of Age and Sex, age under 1 year.",37.99200095908312,37.99200095908312,48.02973534984782
nssp,"RSV ED visit percentage of total ED visits, all ages",2025-2026,Iowa,uptake_100,Uptake 100%; otherwise reference,0.6945299647248206,0.726759792015236,36766,Age under 1 year,2023,"U.S. Census Bureau Population Estimates Program, Vintage 2023 Annual Resident Population Estimates by Single Year of Age and Sex","https://api.census.gov/data/2023/pep/charv?get=NAME,POP,AGE_DESC,YEAR&for=state:*&YEAR=2023&AGE=0001&SEX=0",0.03222982729041535,0.011774214704994403,11.774214704994403,extended_sep_apr,Extended Sep-Apr,baseline_oct_mar,Baseline Oct-Mar,"Pelletier et al. JAMA Network Open 2025 untreated infants: 2,535 RSV-associated hospitalizations among 215,301 untreated infants.","U.S. Census Bureau Population Estimates Program, Vintage 2023 Annual Resident Population Estimates by Single Year of Age and Sex, age under 1 year.",13.951995005520013,13.951995005520013,37.94809064222383
nssp,"RSV ED visit percentage of total ED visits, all ages",2025-2026,Kansas,uptake_100,Uptake 100%; otherwise reference,0.6848836219524298,0.7243194736503829,34590,Age under 1 year,2023,"U.S. Census Bureau Population Estimates Program, Vintage 2023 Annual Resident Population Estimates by Single Year of Age and Sex","https://api.census.gov/data/2023/pep/charv?get=NAME,POP,AGE_DESC,YEAR&for=state:*&YEAR=2023&AGE=0001&SEX=0",0.03943585169795305,0.011774214704994403,11.774214704994403,extended_sep_apr,Extended Sep-Apr,baseline_oct_mar,Baseline Oct-Mar,"Pelletier et al. JAMA Network Open 2025 untreated infants: 2,535 RSV-associated hospitalizations among 215,301 untreated infants.","U.S. Census Bureau Population Estimates Program, Vintage 2023 Annual Resident Population Estimates by Single Year of Age and Sex, age under 1 year.",16.06104273797454,16.06104273797454,46.432618496601734
nssp,"RSV ED visit percentage of total ED visits, all ages",2025-2026,Kentucky,uptake_100,Uptake 100%; otherwise reference,0.6527301949554645,0.6991553807224107,52111,Age under 1 year,2023,"U.S. Census Bureau Population Estimates Program, Vintage 2023 Annual Resident Population Estimates by Single Year of Age and Sex","https://api.census.gov/data/2023/pep/charv?get=NAME,POP,AGE_DESC,YEAR&for=state:*&YEAR=2023&AGE=0001&SEX=0",0.04642518576694621,0.011774214704994403,11.774214704994403,extended_sep_apr,Extended Sep-Apr,baseline_oct_mar,Baseline Oct-Mar,"Pelletier et al. JAMA Network Open 2025 untreated infants: 2,535 RSV-associated hospitalizations among 215,301 untreated infants.","U.S. Census Bureau Population Estimates Program, Vintage 2023 Annual Resident Population Estimates by Single Year of Age and Sex, age under 1 year.",28.484920288490553,28.484920288490553,54.6620104939275
nssp,"RSV ED visit percentage of total ED visits, all ages",2025-2026,Louisiana,uptake_100,Uptake 100%; otherwise reference,0.6223062509046107,0.6886907488361913,55838,Age under 1 year,2023,"U.S. Census Bureau Population Estimates Program, Vintage 2023 Annual Resident Population Estimates by Single Year of Age and Sex","https://api.census.gov/data/2023/pep/charv?get=NAME,POP,AGE_DESC,YEAR&for=state:*&YEAR=2023&AGE=0001&SEX=0",0.06638449793158063,0.011774214704994403,11.774214704994403,extended_sep_apr,Extended Sep-Apr,baseline_oct_mar,Baseline Oct-Mar,"Pelletier et al. JAMA Network Open 2025 untreated infants: 2,535 RSV-associated hospitalizations among 215,301 untreated infants.","U.S. Census Bureau Population Estimates Program, Vintage 2023 Annual Resident Population Estimates by Single Year of Age and Sex, age under 1 year.",43.64439527312227,43.64439527312227,78.16253317296872
nssp,"RSV ED visit percentage of total ED visits, all ages",2025-2026,Maine,uptake_100,Uptake 100%; otherwise reference,0.7093888445873507,0.7123831472655906,11892,Age under 1 year,2023,"U.S. Census Bureau Population Estimates Program, Vintage 2023 Annual Resident Population Estimates by Single Year of Age and Sex","https://api.census.gov/data/2023/pep/charv?get=NAME,POP,AGE_DESC,YEAR&for=state:*&YEAR=2023&AGE=0001&SEX=0",0.0029943026782398574,0.011774214704994403,11.774214704994403,extended_sep_apr,Extended Sep-Apr,baseline_oct_mar,Baseline Oct-Mar,"Pelletier et al. JAMA Network Open 2025 untreated infants: 2,535 RSV-associated hospitalizations among 215,301 untreated infants.","U.S. Census Bureau Population Estimates Program, Vintage 2023 Annual Resident Population Estimates by Single Year of Age and Sex, age under 1 year.",0.41925915074049397,0.41925915074049397,3.5255562625335854
nssp,"RSV ED visit percentage of total ED visits, all ages",2025-2026,Maryland,uptake_100,Uptake 100%; otherwise reference,0.6301666838133984,0.6899539986990133,68060,Age under 1 year,2023,"U.S. Census Bureau Population Estimates Program, Vintage 2023 Annual Resident Population Estimates by Single Year of Age and Sex","https://api.census.gov/data/2023/pep/charv?get=NAME,POP,AGE_DESC,YEAR&for=state:*&YEAR=2023&AGE=0001&SEX=0",0.05978731488561495,0.011774214704994403,11.774214704994403,extended_sep_apr,Extended Sep-Apr,baseline_oct_mar,Baseline Oct-Mar,"Pelletier et al. JAMA Network Open 2025 untreated infants: 2,535 RSV-associated hospitalizations among 215,301 untreated infants.","U.S. Census Bureau Population Estimates Program, Vintage 2023 Annual Resident Population Estimates by Single Year of Age and Sex, age under 1 year.",47.91074730361291,47.91074730361291,70.39486820983383
nssp,"RSV ED visit percentage of total ED visits, all ages",2025-2026,Massachusetts,uptake_100,Uptake 100%; otherwise reference,0.6675906147843709,0.7147534093837217,69103,Age under 1 year,2023,"U.S. Census Bureau Population Estimates Program, Vintage 2023 Annual Resident Population Estimates by Single Year of Age and Sex","https://api.census.gov/data/2023/pep/charv?get=NAME,POP,AGE_DESC,YEAR&for=state:*&YEAR=2023&AGE=0001&SEX=0",0.0471627945993508,0.011774214704994403,11.774214704994403,extended_sep_apr,Extended Sep-Apr,baseline_oct_mar,Baseline Oct-Mar,"Pelletier et al. JAMA Network Open 2025 untreated infants: 2,535 RSV-associated hospitalizations among 215,301 untreated infants.","U.S. Census Bureau Population Estimates Program, Vintage 2023 Annual Resident Population Estimates by Single Year of Age and Sex, age under 1 year.",38.3732324109003,38.3732324109003,55.53048697003068
nssp,"RSV ED visit percentage of total ED visits, all ages",2025-2026,Michigan,uptake_100,Uptake 100%; otherwise reference,0.6985948842296416,0.7229216349621611,101385,Age under 1 year,2023,"U.S. Census Bureau Population Estimates Program, Vintage 2023 Annual Resident Population Estimates by Single Year of Age and Sex","https://api.census.gov/data/2023/pep/charv?get=NAME,POP,AGE_DESC,YEAR&for=state:*&YEAR=2023&AGE=0001&SEX=0",0.024326750732519553,0.011774214704994403,11.774214704994403,extended_sep_apr,Extended Sep-Apr,baseline_oct_mar,Baseline Oct-Mar,"Pelletier et al. JAMA Network Open 2025 untreated infants: 2,535 RSV-associated hospitalizations among 215,301 untreated infants.","U.S. Census Bureau Population Estimates Program, Vintage 2023 Annual Resident Population Estimates by Single Year of Age and Sex, age under 1 year.",29.039541934842905,29.039541934842905,28.64283861995651
nssp,"RSV ED visit percentage of total ED visits, all ages",2025-2026,Minnesota,uptake_100,Uptake 100%; otherwise reference,0.6762965651529963,0.7115204680480824,63637,Age under 1 year,2023,"U.S. Census Bureau Population Estimates Program, Vintage 2023 Annual Resident Population Estimates by Single Year of Age and Sex","https://api.census.gov/data/2023/pep/charv?get=NAME,POP,AGE_DESC,YEAR&for=state:*&YEAR=2023&AGE=0001&SEX=0",0.035223902895086145,0.011774214704994403,11.774214704994403,extended_sep_apr,Extended Sep-Apr,baseline_oct_mar,Baseline Oct-Mar,"Pelletier et al. JAMA Network Open 2025 untreated infants: 2,535 RSV-associated hospitalizations among 215,301 untreated infants.","U.S. Census Bureau Population Estimates Program, Vintage 2023 Annual Resident Population Estimates by Single Year of Age and Sex, age under 1 year.",26.3924145400728,26.3924145400728,41.473379543461824
nssp,"RSV ED visit percentage of total ED visits, all ages",2025-2026,Mississippi,uptake_100,Uptake 100%; otherwise reference,0.6432386277173184,0.6964510597497338,34372,Age under 1 year,2023,"U.S. Census Bureau Population Estimates Program, Vintage 2023 Annual Resident Population Estimates by Single Year of Age and Sex","https://api.census.gov/data/2023/pep/charv?get=NAME,POP,AGE_DESC,YEAR&for=state:*&YEAR=2023&AGE=0001&SEX=0",0.053212432032415324,0.011774214704994403,11.774214704994403,extended_sep_apr,Extended Sep-Apr,baseline_oct_mar,Baseline Oct-Mar,"Pelletier et al. JAMA Network Open 2025 untreated infants: 2,535 RSV-associated hospitalizations among 215,301 untreated infants.","U.S. Census Bureau Population Estimates Program, Vintage 2023 Annual Resident Population Estimates by Single Year of Age and Sex, age under 1 year.",21.535247261733254,21.535247261733254,62.65345997245797
nssp,"RSV ED visit percentage of total ED visits, all ages",2025-2026,Montana,uptake_100,Uptake 100%; otherwise reference,0.7151887684294895,0.7203381609733616,11266,Age under 1 year,2023,"U.S. Census Bureau Population Estimates Program, Vintage 2023 Annual Resident Population Estimates by Single Year of Age and Sex","https://api.census.gov/data/2023/pep/charv?get=NAME,POP,AGE_DESC,YEAR&for=state:*&YEAR=2023&AGE=0001&SEX=0",0.005149392543872033,0.011774214704994403,11.774214704994403,extended_sep_apr,Extended Sep-Apr,baseline_oct_mar,Baseline Oct-Mar,"Pelletier et al. JAMA Network Open 2025 untreated infants: 2,535 RSV-associated hospitalizations among 215,301 untreated infants.","U.S. Census Bureau Population Estimates Program, Vintage 2023 Annual Resident Population Estimates by Single Year of Age and Sex, age under 1 year.",0.6830581817378641,0.6830581817378641,6.063005341184663
nssp,"RSV ED visit percentage of total ED visits, all ages",2025-2026,Nebraska,uptake_100,Uptake 100%; otherwise reference,0.7164110376962806,0.7231516258640956,24144,Age under 1 year,2023,"U.S. Census Bureau Population Estimates Program, Vintage 2023 Annual Resident Population Estimates by Single Year of Age and Sex","https://api.census.gov/data/2023/pep/charv?get=NAME,POP,AGE_DESC,YEAR&for=state:*&YEAR=2023&AGE=0001&SEX=0",0.006740588167815087,0.011774214704994403,11.774214704994403,extended_sep_apr,Extended Sep-Apr,baseline_oct_mar,Baseline Oct-Mar,"Pelletier et al. JAMA Network Open 2025 untreated infants: 2,535 RSV-associated hospitalizations among 215,301 untreated infants.","U.S. Census Bureau Population Estimates Program, Vintage 2023 Annual Resident Population Estimates by Single Year of Age and Sex, age under 1 year.",1.9161917548741076,1.9161917548741076,7.936513232579968
nssp,"RSV ED visit percentage of total ED visits, all ages",2025-2026,Nevada,uptake_100,Uptake 100%; otherwise reference,0.6861985023228242,0.7268065102715556,32716,Age under 1 year,2023,"U.S. Census Bureau Population Estimates Program, Vintage 2023 Annual Resident Population Estimates by Single Year of Age and Sex","https://api.census.gov/data/2023/pep/charv?get=NAME,POP,AGE_DESC,YEAR&for=state:*&YEAR=2023&AGE=0001&SEX=0",0.04060800794873143,0.011774214704994403,11.774214704994403,extended_sep_apr,Extended Sep-Apr,baseline_oct_mar,Baseline Oct-Mar,"Pelletier et al. JAMA Network Open 2025 untreated infants: 2,535 RSV-associated hospitalizations among 215,301 untreated infants.","U.S. Census Bureau Population Estimates Program, Vintage 2023 Annual Resident Population Estimates by Single Year of Age and Sex, age under 1 year.",15.642416160076088,15.642416160076088,47.81274043304832
nssp,"RSV ED visit percentage of total ED visits, all ages",2025-2026,New Hampshire,uptake_100,Uptake 100%; otherwise reference,0.6831866569227336,0.7209367944651383,12164,Age under 1 year,2023,"U.S. Census Bureau Population Estimates Program, Vintage 2023 Annual Resident Population Estimates by Single Year of Age and Sex","https://api.census.gov/data/2023/pep/charv?get=NAME,POP,AGE_DESC,YEAR&for=state:*&YEAR=2023&AGE=0001&SEX=0",0.03775013754240464,0.011774214704994403,11.774214704994403,extended_sep_apr,Extended Sep-Apr,baseline_oct_mar,Baseline Oct-Mar,"Pelletier et al. JAMA Network Open 2025 untreated infants: 2,535 RSV-associated hospitalizations among 215,301 untreated infants.","U.S. Census Bureau Population Estimates Program, Vintage 2023 Annual Resident Population Estimates by Single Year of Age and Sex, age under 1 year.",5.406633123637148,5.406633123637148,44.4478224567342
nssp,"RSV ED visit percentage of total ED visits, all ages",2025-2026,New Jersey,uptake_100,Uptake 100%; otherwise reference,0.6460002016392283,0.7009048696458354,102477,Age under 1 year,2023,"U.S. Census Bureau Population Estimates Program, Vintage 2023 Annual Resident Population Estimates by Single Year of Age and Sex","https://api.census.gov/data/2023/pep/charv?get=NAME,POP,AGE_DESC,YEAR&for=state:*&YEAR=2023&AGE=0001&SEX=0",0.054904668006607094,0.011774214704994403,11.774214704994403,extended_sep_apr,Extended Sep-Apr,baseline_oct_mar,Baseline Oct-Mar,"Pelletier et al. JAMA Network Open 2025 untreated infants: 2,535 RSV-associated hospitalizations among 215,301 untreated infants.","U.S. Census Bureau Population Estimates Program, Vintage 2023 Annual Resident Population Estimates by Single Year of Age and Sex, age under 1 year.",66.2472147501269,66.2472147501269,64.6459349416229
nssp,"RSV ED visit percentage of total ED visits, all ages",2025-2026,New Mexico,uptake_100,Uptake 100%; otherwise reference,0.7037528090413465,0.7349601762070355,20589,Age under 1 year,2023,"U.S. Census Bureau Population Estimates Program, Vintage 2023 Annual Resident Population Estimates by Single Year of Age and Sex","https://api.census.gov/data/2023/pep/charv?get=NAME,POP,AGE_DESC,YEAR&for=state:*&YEAR=2023&AGE=0001&SEX=0",0.03120736716568895,0.011774214704994403,11.774214704994403,extended_sep_apr,Extended Sep-Apr,baseline_oct_mar,Baseline Oct-Mar,"Pelletier et al. JAMA Network Open 2025 untreated infants: 2,535 RSV-associated hospitalizations among 215,301 untreated infants.","U.S. Census Bureau Population Estimates Program, Vintage 2023 Annual Resident Population Estimates by Single Year of Age and Sex, age under 1 year.",7.565268307904884,7.565268307904884,36.744224138641435
nssp,"RSV ED visit percentage of total ED visits, all ages",2025-2026,New York,uptake_100,Uptake 100%; otherwise reference,0.6551857640245669,0.705249465091381,209673,Age under 1 year,2023,"U.S. Census Bureau Population Estimates Program, Vintage 2023 Annual Resident Population Estimates by Single Year of Age and Sex","https://api.census.gov/data/2023/pep/charv?get=NAME,POP,AGE_DESC,YEAR&for=state:*&YEAR=2023&AGE=0001&SEX=0",0.050063701066814126,0.011774214704994403,11.774214704994403,extended_sep_apr,Extended Sep-Apr,baseline_oct_mar,Baseline Oct-Mar,"Pelletier et al. JAMA Network Open 2025 untreated infants: 2,535 RSV-associated hospitalizations among 215,301 untreated infants.","U.S. Census Bureau Population Estimates Program, Vintage 2023 Annual Resident Population Estimates by Single Year of Age and Sex, age under 1 year.",123.59400704008968,123.59400704008968,58.94607652873269
nssp,"RSV ED visit percentage of total ED visits, all ages",2025-2026,North Carolina,uptake_100,Uptake 100%; otherwise reference,0.6480607542576049,0.69998614164578,120602,Age under 1 year,2023,"U.S. Census Bureau Population Estimates Program, Vintage 2023 Annual Resident Population Estimates by Single Year of Age and Sex","https://api.census.gov/data/2023/pep/charv?get=NAME,POP,AGE_DESC,YEAR&for=state:*&YEAR=2023&AGE=0001&SEX=0",0.05192538738817509,0.011774214704994403,11.774214704994403,extended_sep_apr,Extended Sep-Apr,baseline_oct_mar,Baseline Oct-Mar,"Pelletier et al. JAMA Network Open 2025 untreated infants: 2,535 RSV-associated hospitalizations among 215,301 untreated infants.","U.S. Census Bureau Population Estimates Program, Vintage 2023 Annual Resident Population Estimates by Single Year of Age and Sex, age under 1 year.",73.73373032697438,73.73373032697438,61.13806597483821
nssp,"RSV ED visit percentage of total ED visits, all ages",2025-2026,North Dakota,uptake_100,Uptake 100%; otherwise reference,0.7222070154707375,0.7254456587973866,9626,Age under 1 year,2023,"U.S. Census Bureau Population Estimates Program, Vintage 2023 Annual Resident Population Estimates by Single Year of Age and Sex","https://api.census.gov/data/2023/pep/charv?get=NAME,POP,AGE_DESC,YEAR&for=state:*&YEAR=2023&AGE=0001&SEX=0",0.0032386433266491377,0.011774214704994403,11.774214704994403,extended_sep_apr,Extended Sep-Apr,baseline_oct_mar,Baseline Oct-Mar,"Pelletier et al. JAMA Network Open 2025 untreated infants: 2,535 RSV-associated hospitalizations among 215,301 untreated infants.","U.S. Census Bureau Population Estimates Program, Vintage 2023 Annual Resident Population Estimates by Single Year of Age and Sex, age under 1 year.",0.36706327058519944,0.36706327058519944,3.813248188086427
nssp,"RSV ED visit percentage of total ED visits, all ages",2025-2026,Ohio,uptake_100,Uptake 100%; otherwise reference,0.6787350007138071,0.7191453425676925,128059,Age under 1 year,2023,"U.S. Census Bureau Population Estimates Program, Vintage 2023 Annual Resident Population Estimates by Single Year of Age and Sex","https://api.census.gov/data/2023/pep/charv?get=NAME,POP,AGE_DESC,YEAR&for=state:*&YEAR=2023&AGE=0001&SEX=0",0.04041034185388537,0.011774214704994403,11.774214704994403,extended_sep_apr,Extended Sep-Apr,baseline_oct_mar,Baseline Oct-Mar,"Pelletier et al. JAMA Network Open 2025 untreated infants: 2,535 RSV-associated hospitalizations among 215,301 untreated infants.","U.S. Census Bureau Population Estimates Program, Vintage 2023 Annual Resident Population Estimates by Single Year of Age and Sex, age under 1 year.",60.93047748753919,60.93047748753919,47.58000412898679
nssp,"RSV ED visit percentage of total ED visits, all ages",2025-2026,Oklahoma,uptake_100,Uptake 100%; otherwise reference,0.6738721028173233,0.718314102749161,47714,Age under 1 year,2023,"U.S. Census Bureau Population Estimates Program, Vintage 2023 Annual Resident Population Estimates by Single Year of Age and Sex","https://api.census.gov/data/2023/pep/charv?get=NAME,POP,AGE_DESC,YEAR&for=state:*&YEAR=2023&AGE=0001&SEX=0",0.04444199993183762,0.011774214704994403,11.774214704994403,extended_sep_apr,Extended Sep-Apr,baseline_oct_mar,Baseline Oct-Mar,"Pelletier et al. JAMA Network Open 2025 untreated infants: 2,535 RSV-associated hospitalizations among 215,301 untreated infants.","U.S. Census Bureau Population Estimates Program, Vintage 2023 Annual Resident Population Estimates by Single Year of Age and Sex, age under 1 year.",24.96728803795913,24.96728803795913,52.32696491168028
nssp,"RSV ED visit percentage of total ED visits, all ages",2025-2026,Oregon,uptake_100,Uptake 100%; otherwise reference,0.6985991747632759,0.727253329953586,38904,Age under 1 year,2023,"U.S. Census Bureau Population Estimates Program, Vintage 2023 Annual Resident Population Estimates by Single Year of Age and Sex","https://api.census.gov/data/2023/pep/charv?get=NAME,POP,AGE_DESC,YEAR&for=state:*&YEAR=2023&AGE=0001&SEX=0",0.028654155190310115,0.011774214704994403,11.774214704994403,extended_sep_apr,Extended Sep-Apr,baseline_oct_mar,Baseline Oct-Mar,"Pelletier et al. JAMA Network Open 2025 untreated infants: 2,535 RSV-associated hospitalizations among 215,301 untreated infants.","U.S. Census Bureau Population Estimates Program, Vintage 2023 Annual Resident Population Estimates by Single Year of Age and Sex, age under 1 year.",13.12543834379821,13.12543834379821,33.738017540094106
nssp,"RSV ED visit percentage of total ED visits, all ages",2025-2026,Pennsylvania,uptake_100,Uptake 100%; otherwise reference,0.6661505580539947,0.7114972552761576,128878,Age under 1 year,2023,"U.S. Census Bureau Population Estimates Program, Vintage 2023 Annual Resident Population Estimates by Single Year of Age and Sex","https://api.census.gov/data/2023/pep/charv?get=NAME,POP,AGE_DESC,YEAR&for=state:*&YEAR=2023&AGE=0001&SEX=0",0.04534669722216289,0.011774214704994403,11.774214704994403,extended_sep_apr,Extended Sep-Apr,baseline_oct_mar,Baseline Oct-Mar,"Pelletier et al. JAMA Network Open 2025 untreated infants: 2,535 RSV-associated hospitalizations among 215,301 untreated infants.","U.S. Census Bureau Population Estimates Program, Vintage 2023 Annual Resident Population Estimates by Single Year of Age and Sex, age under 1 year.",68.81076720063012,68.81076720063012,53.39217492561192
nssp,"RSV ED visit percentage of total ED visits, all ages",2025-2026,Rhode Island,uptake_100,Uptake 100%; otherwise reference,0.6598594411583772,0.7087680019365441,10018,Age under 1 year,2023,"U.S. Census Bureau Population Estimates Program, Vintage 2023 Annual Resident Population Estimates by Single Year of Age and Sex","https://api.census.gov/data/2023/pep/charv?get=NAME,POP,AGE_DESC,YEAR&for=state:*&YEAR=2023&AGE=0001&SEX=0",0.048908560778166854,0.011774214704994403,11.774214704994403,extended_sep_apr,Extended Sep-Apr,baseline_oct_mar,Baseline Oct-Mar,"Pelletier et al. JAMA Network Open 2025 untreated infants: 2,535 RSV-associated hospitalizations among 215,301 untreated infants.","U.S. Census Bureau Population Estimates Program, Vintage 2023 Annual Resident Population Estimates by Single Year of Age and Sex, age under 1 year.",5.768964433263306,5.768964433263306,57.58598955144047
nssp,"RSV ED visit percentage of total ED visits, all ages",2025-2026,South Carolina,uptake_100,Uptake 100%; otherwise reference,0.6032854169565501,0.6775707305474931,57279,Age under 1 year,2023,"U.S. Census Bureau Population Estimates Program, Vintage 2023 Annual Resident Population Estimates by Single Year of Age and Sex","https://api.census.gov/data/2023/pep/charv?get=NAME,POP,AGE_DESC,YEAR&for=state:*&YEAR=2023&AGE=0001&SEX=0",0.07428531359094293,0.011774214704994403,11.774214704994403,extended_sep_apr,Extended Sep-Apr,baseline_oct_mar,Baseline Oct-Mar,"Pelletier et al. JAMA Network Open 2025 untreated infants: 2,535 RSV-associated hospitalizations among 215,301 untreated infants.","U.S. Census Bureau Population Estimates Program, Vintage 2023 Annual Resident Population Estimates by Single Year of Age and Sex, age under 1 year.",50.09914789754292,50.09914789754292,87.46512316476009
nssp,"RSV ED visit percentage of total ED visits, all ages",2025-2026,South Dakota,uptake_100,Uptake 100%; otherwise reference,0.7118771835950628,0.7251270268310632,11434,Age under 1 year,2023,"U.S. Census Bureau Population Estimates Program, Vintage 2023 Annual Resident Population Estimates by Single Year of Age and Sex","https://api.census.gov/data/2023/pep/charv?get=NAME,POP,AGE_DESC,YEAR&for=state:*&YEAR=2023&AGE=0001&SEX=0",0.013249843236000425,0.011774214704994403,11.774214704994403,extended_sep_apr,Extended Sep-Apr,baseline_oct_mar,Baseline Oct-Mar,"Pelletier et al. JAMA Network Open 2025 untreated infants: 2,535 RSV-associated hospitalizations among 215,301 untreated infants.","U.S. Census Bureau Population Estimates Program, Vintage 2023 Annual Resident Population Estimates by Single Year of Age and Sex, age under 1 year.",1.7837783103456482,1.7837783103456482,15.600649906818683
nssp,"RSV ED visit percentage of total ED visits, all ages",2025-2026,Tennessee,uptake_100,Uptake 100%; otherwise reference,0.6448115985702354,0.697573129632452,81959,Age under 1 year,2023,"U.S. Census Bureau Population Estimates Program, Vintage 2023 Annual Resident Population Estimates by Single Year of Age and Sex","https://api.census.gov/data/2023/pep/charv?get=NAME,POP,AGE_DESC,YEAR&for=state:*&YEAR=2023&AGE=0001&SEX=0",0.05276153106221659,0.011774214704994403,11.774214704994403,extended_sep_apr,Extended Sep-Apr,baseline_oct_mar,Baseline Oct-Mar,"Pelletier et al. JAMA Network Open 2025 untreated infants: 2,535 RSV-associated hospitalizations among 215,301 untreated infants.","U.S. Census Bureau Population Estimates Program, Vintage 2023 Annual Resident Population Estimates by Single Year of Age and Sex, age under 1 year.",50.91502853165258,50.91502853165258,62.12255948907696
nssp,"RSV ED visit percentage of total ED visits, all ages",2025-2026,Texas,uptake_100,Uptake 100%; otherwise reference,0.6162962171565061,0.6834620833279027,389814,Age under 1 year,2023,"U.S. Census Bureau Population Estimates Program, Vintage 2023 Annual Resident Population Estimates by Single Year of Age and Sex","https://api.census.gov/data/2023/pep/charv?get=NAME,POP,AGE_DESC,YEAR&for=state:*&YEAR=2023&AGE=0001&SEX=0",0.06716586617139664,0.011774214704994403,11.774214704994403,extended_sep_apr,Extended Sep-Apr,baseline_oct_mar,Baseline Oct-Mar,"Pelletier et al. JAMA Network Open 2025 untreated infants: 2,535 RSV-associated hospitalizations among 215,301 untreated infants.","U.S. Census Bureau Population Estimates Program, Vintage 2023 Annual Resident Population Estimates by Single Year of Age and Sex, age under 1 year.",308.27478485686663,308.27478485686663,79.08253291489444
nssp,"RSV ED visit percentage of total ED visits, all ages",2025-2026,Utah,uptake_100,Uptake 100%; otherwise reference,0.7055056299876024,0.7357177666323588,45759,Age under 1 year,2023,"U.S. Census Bureau Population Estimates Program, Vintage 2023 Annual Resident Population Estimates by Single Year of Age and Sex","https://api.census.gov/data/2023/pep/charv?get=NAME,POP,AGE_DESC,YEAR&for=state:*&YEAR=2023&AGE=0001&SEX=0",0.030212136644756415,0.011774214704994403,11.774214704994403,extended_sep_apr,Extended Sep-Apr,baseline_oct_mar,Baseline Oct-Mar,"Pelletier et al. JAMA Network Open 2025 untreated infants: 2,535 RSV-associated hospitalizations among 215,301 untreated infants.","U.S. Census Bureau Population Estimates Program, Vintage 2023 Annual Resident Population Estimates by Single Year of Age and Sex, age under 1 year.",16.277582915155566,16.277582915155566,35.572418355199126
nssp,"RSV ED visit percentage of total ED visits, all ages",2025-2026,Vermont,uptake_100,Uptake 100%; otherwise reference,0.7073882106232355,0.7292754653713258,5112,Age under 1 year,2023,"U.S. Census Bureau Population Estimates Program, Vintage 2023 Annual Resident Population Estimates by Single Year of Age and Sex","https://api.census.gov/data/2023/pep/charv?get=NAME,POP,AGE_DESC,YEAR&for=state:*&YEAR=2023&AGE=0001&SEX=0",0.02188725474809028,0.011774214704994403,11.774214704994403,extended_sep_apr,Extended Sep-Apr,baseline_oct_mar,Baseline Oct-Mar,"Pelletier et al. JAMA Network Open 2025 untreated infants: 2,535 RSV-associated hospitalizations among 215,301 untreated infants.","U.S. Census Bureau Population Estimates Program, Vintage 2023 Annual Resident Population Estimates by Single Year of Age and Sex, age under 1 year.",1.3173891700457911,1.3173891700457911,25.770523670692313
nssp,"RSV ED visit percentage of total ED visits, all ages",2025-2026,Virginia,uptake_100,Uptake 100%; otherwise reference,0.6161394794438882,0.6813667484652788,95290,Age under 1 year,2023,"U.S. Census Bureau Population Estimates Program, Vintage 2023 Annual Resident Population Estimates by Single Year of Age and Sex","https://api.census.gov/data/2023/pep/charv?get=NAME,POP,AGE_DESC,YEAR&for=state:*&YEAR=2023&AGE=0001&SEX=0",0.06522726902139053,0.011774214704994403,11.774214704994403,extended_sep_apr,Extended Sep-Apr,baseline_oct_mar,Baseline Oct-Mar,"Pelletier et al. JAMA Network Open 2025 untreated infants: 2,535 RSV-associated hospitalizations among 215,301 untreated infants.","U.S. Census Bureau Population Estimates Program, Vintage 2023 Annual Resident Population Estimates by Single Year of Age and Sex, age under 1 year.",73.18270761975953,73.18270761975953,76.79998700782824
nssp,"RSV ED visit percentage of total ED visits, all ages",2025-2026,Washington,uptake_100,Uptake 100%; otherwise reference,0.669956922769441,0.7128648014441161,82456,Age under 1 year,2023,"U.S. Census Bureau Population Estimates Program, Vintage 2023 Annual Resident Population Estimates by Single Year of Age and Sex","https://api.census.gov/data/2023/pep/charv?get=NAME,POP,AGE_DESC,YEAR&for=state:*&YEAR=2023&AGE=0001&SEX=0",0.04290787867467516,0.011774214704994403,11.774214704994403,extended_sep_apr,Extended Sep-Apr,baseline_oct_mar,Baseline Oct-Mar,"Pelletier et al. JAMA Network Open 2025 untreated infants: 2,535 RSV-associated hospitalizations among 215,301 untreated infants.","U.S. Census Bureau Population Estimates Program, Vintage 2023 Annual Resident Population Estimates by Single Year of Age and Sex, age under 1 year.",41.65731343490051,41.65731343490051,50.520657605147605
nssp,"RSV ED visit percentage of total ED visits, all ages",2025-2026,West Virginia,uptake_100,Uptake 100%; otherwise reference,0.685183487648439,0.7151565513456191,17135,Age under 1 year,2023,"U.S. Census Bureau Population Estimates Program, Vintage 2023 Annual Resident Population Estimates by Single Year of Age and Sex","https://api.census.gov/data/2023/pep/charv?get=NAME,POP,AGE_DESC,YEAR&for=state:*&YEAR=2023&AGE=0001&SEX=0",0.029973063697180113,0.011774214704994403,11.774214704994403,extended_sep_apr,Extended Sep-Apr,baseline_oct_mar,Baseline Oct-Mar,"Pelletier et al. JAMA Network Open 2025 untreated infants: 2,535 RSV-associated hospitalizations among 215,301 untreated infants.","U.S. Census Bureau Population Estimates Program, Vintage 2023 Annual Resident Population Estimates by Single Year of Age and Sex, age under 1 year.",6.047100638520729,6.047100638520729,35.290928733707204
nssp,"RSV ED visit percentage of total ED visits, all ages",2025-2026,Wisconsin,uptake_100,Uptake 100%; otherwise reference,0.7042937452951759,0.728992598507992,59547,Age under 1 year,2023,"U.S. Census Bureau Population Estimates Program, Vintage 2023 Annual Resident Population Estimates by Single Year of Age and Sex","https://api.census.gov/data/2023/pep/charv?get=NAME,POP,AGE_DESC,YEAR&for=state:*&YEAR=2023&AGE=0001&SEX=0",0.024698853212816174,0.011774214704994403,11.774214704994403,extended_sep_apr,Extended Sep-Apr,baseline_oct_mar,Baseline Oct-Mar,"Pelletier et al. JAMA Network Open 2025 untreated infants: 2,535 RSV-associated hospitalizations among 215,301 untreated infants.","U.S. Census Bureau Population Estimates Program, Vintage 2023 Annual Resident Population Estimates by Single Year of Age and Sex, age under 1 year.",17.316839292575544,17.316839292575544,29.080960069483847
nssp,"RSV ED visit percentage of total ED visits, all ages",2025-2026,Wyoming,uptake_100,Uptake 100%; otherwise reference,0.7141715475957023,0.7289650634690179,5847,Age under 1 year,2023,"U.S. Census Bureau Population Estimates Program, Vintage 2023 Annual Resident Population Estimates by Single Year of Age and Sex","https://api.census.gov/data/2023/pep/charv?get=NAME,POP,AGE_DESC,YEAR&for=state:*&YEAR=2023&AGE=0001&SEX=0",0.014793515873315566,0.011774214704994403,11.774214704994403,extended_sep_apr,Extended Sep-Apr,baseline_oct_mar,Baseline Oct-Mar,"Pelletier et al. JAMA Network Open 2025 untreated infants: 2,535 RSV-associated hospitalizations among 215,301 untreated infants.","U.S. Census Bureau Population Estimates Program, Vintage 2023 Annual Resident Population Estimates by Single Year of Age and Sex, age under 1 year.",1.018442341888435,1.018442341888435,17.418203213416028
