datasource,metric_label,season,jurisdiction,scenario_id,scenario_label,baseline_population_activity_weighted_protection,early_population_activity_weighted_protection,infant_population_under1,age_desc,population_year,population_source,population_source_url,incremental_population_activity_weighted_protection,baseline_hospitalization_risk_per_infant_season,baseline_hospitalization_risk_per_1000_infants,comparison_window_name,comparison_window_label,baseline_window_name,baseline_window_label,hospitalization_burden_source,population_source_note,hospitalizations_averted_early_vs_baseline,hospitalizations_averted_vs_baseline,hospitalizations_averted_per_100k_infants
nssp,"RSV ED visit percentage of total ED visits, all ages",2023-2024,Alabama,uptake_100,Uptake 100%; otherwise reference,0.43032018158829616,0.4315919588522882,57885,Age under 1 year,2023,"U.S. Census Bureau Population Estimates Program, Vintage 2023 Annual Resident Population Estimates by Single Year of Age and Sex","https://api.census.gov/data/2023/pep/charv?get=NAME,POP,AGE_DESC,YEAR&for=state:*&YEAR=2023&AGE=0001&SEX=0",0.0012717772639920244,0.011774214704994403,11.774214704994403,late_oct_apr,Late Oct-Apr,baseline_oct_mar,Baseline Oct-Mar,"Pelletier et al. JAMA Network Open 2025 untreated infants: 2,535 RSV-associated hospitalizations among 215,301 untreated infants.","U.S. Census Bureau Population Estimates Program, Vintage 2023 Annual Resident Population Estimates by Single Year of Age and Sex, age under 1 year.",0.8667803261292368,0.8667803261292368,1.4974178563172444
nssp,"RSV ED visit percentage of total ED visits, all ages",2023-2024,Alaska,uptake_100,Uptake 100%; otherwise reference,0.5575130063749821,0.5593116095583482,9224,Age under 1 year,2023,"U.S. Census Bureau Population Estimates Program, Vintage 2023 Annual Resident Population Estimates by Single Year of Age and Sex","https://api.census.gov/data/2023/pep/charv?get=NAME,POP,AGE_DESC,YEAR&for=state:*&YEAR=2023&AGE=0001&SEX=0",0.0017986031833661098,0.011774214704994403,11.774214704994403,late_oct_apr,Late Oct-Apr,baseline_oct_mar,Baseline Oct-Mar,"Pelletier et al. JAMA Network Open 2025 untreated infants: 2,535 RSV-associated hospitalizations among 215,301 untreated infants.","U.S. Census Bureau Population Estimates Program, Vintage 2023 Annual Resident Population Estimates by Single Year of Age and Sex, age under 1 year.",0.19533793982155967,0.19533793982155967,2.1177140050038994
nssp,"RSV ED visit percentage of total ED visits, all ages",2023-2024,Arizona,uptake_100,Uptake 100%; otherwise reference,0.5832955122157074,0.5845428187473298,78075,Age under 1 year,2023,"U.S. Census Bureau Population Estimates Program, Vintage 2023 Annual Resident Population Estimates by Single Year of Age and Sex","https://api.census.gov/data/2023/pep/charv?get=NAME,POP,AGE_DESC,YEAR&for=state:*&YEAR=2023&AGE=0001&SEX=0",0.0012473065316224163,0.011774214704994403,11.774214704994403,late_oct_apr,Late Oct-Apr,baseline_oct_mar,Baseline Oct-Mar,"Pelletier et al. JAMA Network Open 2025 untreated infants: 2,535 RSV-associated hospitalizations among 215,301 untreated infants.","U.S. Census Bureau Population Estimates Program, Vintage 2023 Annual Resident Population Estimates by Single Year of Age and Sex, age under 1 year.",1.146613736806579,1.146613736806579,1.468605490626422
nssp,"RSV ED visit percentage of total ED visits, all ages",2023-2024,Arkansas,uptake_100,Uptake 100%; otherwise reference,0.5209489775713902,0.5219461548097617,35297,Age under 1 year,2023,"U.S. Census Bureau Population Estimates Program, Vintage 2023 Annual Resident Population Estimates by Single Year of Age and Sex","https://api.census.gov/data/2023/pep/charv?get=NAME,POP,AGE_DESC,YEAR&for=state:*&YEAR=2023&AGE=0001&SEX=0",0.0009971772383714494,0.011774214704994403,11.774214704994403,late_oct_apr,Late Oct-Apr,baseline_oct_mar,Baseline Oct-Mar,"Pelletier et al. JAMA Network Open 2025 untreated infants: 2,535 RSV-associated hospitalizations among 215,301 untreated infants.","U.S. Census Bureau Population Estimates Program, Vintage 2023 Annual Resident Population Estimates by Single Year of Age and Sex, age under 1 year.",0.4144213323575041,0.4144213323575041,1.174097890351883
nssp,"RSV ED visit percentage of total ED visits, all ages",2023-2024,California,uptake_100,Uptake 100%; otherwise reference,0.5453286743967269,0.5462100979870085,415125,Age under 1 year,2023,"U.S. Census Bureau Population Estimates Program, Vintage 2023 Annual Resident Population Estimates by Single Year of Age and Sex","https://api.census.gov/data/2023/pep/charv?get=NAME,POP,AGE_DESC,YEAR&for=state:*&YEAR=2023&AGE=0001&SEX=0",0.0008814235902815382,0.011774214704994403,11.774214704994403,late_oct_apr,Late Oct-Apr,baseline_oct_mar,Baseline Oct-Mar,"Pelletier et al. JAMA Network Open 2025 untreated infants: 2,535 RSV-associated hospitalizations among 215,301 untreated infants.","U.S. Census Bureau Population Estimates Program, Vintage 2023 Annual Resident Population Estimates by Single Year of Age and Sex, age under 1 year.",4.30819655700382,4.30819655700382,1.037807059802185
nssp,"RSV ED visit percentage of total ED visits, all ages",2023-2024,Colorado,uptake_100,Uptake 100%; otherwise reference,0.5951430652558237,0.5968905726960666,62168,Age under 1 year,2023,"U.S. Census Bureau Population Estimates Program, Vintage 2023 Annual Resident Population Estimates by Single Year of Age and Sex","https://api.census.gov/data/2023/pep/charv?get=NAME,POP,AGE_DESC,YEAR&for=state:*&YEAR=2023&AGE=0001&SEX=0",0.0017475074402428792,0.011774214704994403,11.774214704994403,late_oct_apr,Late Oct-Apr,baseline_oct_mar,Baseline Oct-Mar,"Pelletier et al. JAMA Network Open 2025 untreated infants: 2,535 RSV-associated hospitalizations among 215,301 untreated infants.","U.S. Census Bureau Population Estimates Program, Vintage 2023 Annual Resident Population Estimates by Single Year of Age and Sex, age under 1 year.",1.279139412270079,1.279139412270079,2.057552779999484
nssp,"RSV ED visit percentage of total ED visits, all ages",2023-2024,Connecticut,uptake_100,Uptake 100%; otherwise reference,0.5078791528816755,0.5082171310995119,34935,Age under 1 year,2023,"U.S. Census Bureau Population Estimates Program, Vintage 2023 Annual Resident Population Estimates by Single Year of Age and Sex","https://api.census.gov/data/2023/pep/charv?get=NAME,POP,AGE_DESC,YEAR&for=state:*&YEAR=2023&AGE=0001&SEX=0",0.0003379782178364321,0.011774214704994403,11.774214704994403,late_oct_apr,Late Oct-Apr,baseline_oct_mar,Baseline Oct-Mar,"Pelletier et al. JAMA Network Open 2025 untreated infants: 2,535 RSV-associated hospitalizations among 215,301 untreated infants.","U.S. Census Bureau Population Estimates Program, Vintage 2023 Annual Resident Population Estimates by Single Year of Age and Sex, age under 1 year.",0.1390213207579561,0.1390213207579561,0.3979428102417521
nssp,"RSV ED visit percentage of total ED visits, all ages",2023-2024,Delaware,uptake_100,Uptake 100%; otherwise reference,0.45638580355716757,0.45720590472397243,10745,Age under 1 year,2023,"U.S. Census Bureau Population Estimates Program, Vintage 2023 Annual Resident Population Estimates by Single Year of Age and Sex","https://api.census.gov/data/2023/pep/charv?get=NAME,POP,AGE_DESC,YEAR&for=state:*&YEAR=2023&AGE=0001&SEX=0",0.0008201011668048652,0.011774214704994403,11.774214704994403,late_oct_apr,Late Oct-Apr,baseline_oct_mar,Baseline Oct-Mar,"Pelletier et al. JAMA Network Open 2025 untreated infants: 2,535 RSV-associated hospitalizations among 215,301 untreated infants.","U.S. Census Bureau Population Estimates Program, Vintage 2023 Annual Resident Population Estimates by Single Year of Age and Sex, age under 1 year.",0.10375422735501293,0.10375422735501293,0.9656047217776913
nssp,"RSV ED visit percentage of total ED visits, all ages",2023-2024,District of Columbia,uptake_100,Uptake 100%; otherwise reference,0.3900432254770624,0.3907864507837942,7791,Age under 1 year,2023,"U.S. Census Bureau Population Estimates Program, Vintage 2023 Annual Resident Population Estimates by Single Year of Age and Sex","https://api.census.gov/data/2023/pep/charv?get=NAME,POP,AGE_DESC,YEAR&for=state:*&YEAR=2023&AGE=0001&SEX=0",0.0007432253067318206,0.011774214704994403,11.774214704994403,late_oct_apr,Late Oct-Apr,baseline_oct_mar,Baseline Oct-Mar,"Pelletier et al. JAMA Network Open 2025 untreated infants: 2,535 RSV-associated hospitalizations among 215,301 untreated infants.","U.S. Census Bureau Population Estimates Program, Vintage 2023 Annual Resident Population Estimates by Single Year of Age and Sex, age under 1 year.",0.06817821776901625,0.06817821776901625,0.8750894335645779
nssp,"RSV ED visit percentage of total ED visits, all ages",2023-2024,Florida,uptake_100,Uptake 100%; otherwise reference,0.3382208836692966,0.34018421160547496,224670,Age under 1 year,2023,"U.S. Census Bureau Population Estimates Program, Vintage 2023 Annual Resident Population Estimates by Single Year of Age and Sex","https://api.census.gov/data/2023/pep/charv?get=NAME,POP,AGE_DESC,YEAR&for=state:*&YEAR=2023&AGE=0001&SEX=0",0.0019633279361783718,0.011774214704994403,11.774214704994403,late_oct_apr,Late Oct-Apr,baseline_oct_mar,Baseline Oct-Mar,"Pelletier et al. JAMA Network Open 2025 untreated infants: 2,535 RSV-associated hospitalizations among 215,301 untreated infants.","U.S. Census Bureau Population Estimates Program, Vintage 2023 Annual Resident Population Estimates by Single Year of Age and Sex, age under 1 year.",5.193616555060712,5.193616555060712,2.31166446568777
nssp,"RSV ED visit percentage of total ED visits, all ages",2023-2024,Georgia,uptake_100,Uptake 100%; otherwise reference,0.35934255375428953,0.3609558496752822,125156,Age under 1 year,2023,"U.S. Census Bureau Population Estimates Program, Vintage 2023 Annual Resident Population Estimates by Single Year of Age and Sex","https://api.census.gov/data/2023/pep/charv?get=NAME,POP,AGE_DESC,YEAR&for=state:*&YEAR=2023&AGE=0001&SEX=0",0.0016132959209926856,0.011774214704994403,11.774214704994403,late_oct_apr,Late Oct-Apr,baseline_oct_mar,Baseline Oct-Mar,"Pelletier et al. JAMA Network Open 2025 untreated infants: 2,535 RSV-associated hospitalizations among 215,301 untreated infants.","U.S. Census Bureau Population Estimates Program, Vintage 2023 Annual Resident Population Estimates by Single Year of Age and Sex, age under 1 year.",2.3773748351962536,2.3773748351962536,1.8995292556459569
nssp,"RSV ED visit percentage of total ED visits, all ages",2023-2024,Hawaii,uptake_100,Uptake 100%; otherwise reference,0.444602192252885,0.4459355248996289,15147,Age under 1 year,2023,"U.S. Census Bureau Population Estimates Program, Vintage 2023 Annual Resident Population Estimates by Single Year of Age and Sex","https://api.census.gov/data/2023/pep/charv?get=NAME,POP,AGE_DESC,YEAR&for=state:*&YEAR=2023&AGE=0001&SEX=0",0.001333332646743901,0.011774214704994403,11.774214704994403,late_oct_apr,Late Oct-Apr,baseline_oct_mar,Baseline Oct-Mar,"Pelletier et al. JAMA Network Open 2025 untreated infants: 2,535 RSV-associated hospitalizations among 215,301 untreated infants.","U.S. Census Bureau Population Estimates Program, Vintage 2023 Annual Resident Population Estimates by Single Year of Age and Sex, age under 1 year.",0.23779191773294056,0.23779191773294056,1.5698944855941148
nssp,"RSV ED visit percentage of total ED visits, all ages",2023-2024,Idaho,uptake_100,Uptake 100%; otherwise reference,0.6224421102803095,0.6249562407358066,22331,Age under 1 year,2023,"U.S. Census Bureau Population Estimates Program, Vintage 2023 Annual Resident Population Estimates by Single Year of Age and Sex","https://api.census.gov/data/2023/pep/charv?get=NAME,POP,AGE_DESC,YEAR&for=state:*&YEAR=2023&AGE=0001&SEX=0",0.002514130455497088,0.011774214704994403,11.774214704994403,late_oct_apr,Late Oct-Apr,baseline_oct_mar,Baseline Oct-Mar,"Pelletier et al. JAMA Network Open 2025 untreated infants: 2,535 RSV-associated hospitalizations among 215,301 untreated infants.","U.S. Census Bureau Population Estimates Program, Vintage 2023 Annual Resident Population Estimates by Single Year of Age and Sex, age under 1 year.",0.6610402919455154,0.6610402919455154,2.960191177938809
nssp,"RSV ED visit percentage of total ED visits, all ages",2023-2024,Illinois,uptake_100,Uptake 100%; otherwise reference,0.5261542150049564,0.5276274512318859,126792,Age under 1 year,2023,"U.S. Census Bureau Population Estimates Program, Vintage 2023 Annual Resident Population Estimates by Single Year of Age and Sex","https://api.census.gov/data/2023/pep/charv?get=NAME,POP,AGE_DESC,YEAR&for=state:*&YEAR=2023&AGE=0001&SEX=0",0.0014732362269295196,0.011774214704994403,11.774214704994403,late_oct_apr,Late Oct-Apr,baseline_oct_mar,Baseline Oct-Mar,"Pelletier et al. JAMA Network Open 2025 untreated infants: 2,535 RSV-associated hospitalizations among 215,301 untreated infants.","U.S. Census Bureau Population Estimates Program, Vintage 2023 Annual Resident Population Estimates by Single Year of Age and Sex, age under 1 year.",2.1993593456480056,2.1993593456480056,1.7346199647044023
nssp,"RSV ED visit percentage of total ED visits, all ages",2023-2024,Indiana,uptake_100,Uptake 100%; otherwise reference,0.5287377418376428,0.5298628079686122,79101,Age under 1 year,2023,"U.S. Census Bureau Population Estimates Program, Vintage 2023 Annual Resident Population Estimates by Single Year of Age and Sex","https://api.census.gov/data/2023/pep/charv?get=NAME,POP,AGE_DESC,YEAR&for=state:*&YEAR=2023&AGE=0001&SEX=0",0.0011250661309694099,0.011774214704994403,11.774214704994403,late_oct_apr,Late Oct-Apr,baseline_oct_mar,Baseline Oct-Mar,"Pelletier et al. JAMA Network Open 2025 untreated infants: 2,535 RSV-associated hospitalizations among 215,301 untreated infants.","U.S. Census Bureau Population Estimates Program, Vintage 2023 Annual Resident Population Estimates by Single Year of Age and Sex, age under 1 year.",1.047832768273262,1.047832768273262,1.3246770183351186
nssp,"RSV ED visit percentage of total ED visits, all ages",2023-2024,Iowa,uptake_100,Uptake 100%; otherwise reference,0.6005005333535006,0.6023549781548674,36766,Age under 1 year,2023,"U.S. Census Bureau Population Estimates Program, Vintage 2023 Annual Resident Population Estimates by Single Year of Age and Sex","https://api.census.gov/data/2023/pep/charv?get=NAME,POP,AGE_DESC,YEAR&for=state:*&YEAR=2023&AGE=0001&SEX=0",0.0018544448013667614,0.011774214704994403,11.774214704994403,late_oct_apr,Late Oct-Apr,baseline_oct_mar,Baseline Oct-Mar,"Pelletier et al. JAMA Network Open 2025 untreated infants: 2,535 RSV-associated hospitalizations among 215,301 untreated infants.","U.S. Census Bureau Population Estimates Program, Vintage 2023 Annual Resident Population Estimates by Single Year of Age and Sex, age under 1 year.",0.8027720525320934,0.8027720525320934,2.1834631249852947
nssp,"RSV ED visit percentage of total ED visits, all ages",2023-2024,Kansas,uptake_100,Uptake 100%; otherwise reference,0.5920625777362061,0.5940405278183709,34590,Age under 1 year,2023,"U.S. Census Bureau Population Estimates Program, Vintage 2023 Annual Resident Population Estimates by Single Year of Age and Sex","https://api.census.gov/data/2023/pep/charv?get=NAME,POP,AGE_DESC,YEAR&for=state:*&YEAR=2023&AGE=0001&SEX=0",0.0019779500821648366,0.011774214704994403,11.774214704994403,late_oct_apr,Late Oct-Apr,baseline_oct_mar,Baseline Oct-Mar,"Pelletier et al. JAMA Network Open 2025 untreated infants: 2,535 RSV-associated hospitalizations among 215,301 untreated infants.","U.S. Census Bureau Population Estimates Program, Vintage 2023 Annual Resident Population Estimates by Single Year of Age and Sex, age under 1 year.",0.805559901344254,0.805559901344254,2.328880894317011
nssp,"RSV ED visit percentage of total ED visits, all ages",2023-2024,Kentucky,uptake_100,Uptake 100%; otherwise reference,0.5093292899966481,0.510171467737819,52111,Age under 1 year,2023,"U.S. Census Bureau Population Estimates Program, Vintage 2023 Annual Resident Population Estimates by Single Year of Age and Sex","https://api.census.gov/data/2023/pep/charv?get=NAME,POP,AGE_DESC,YEAR&for=state:*&YEAR=2023&AGE=0001&SEX=0",0.0008421777411709019,0.011774214704994403,11.774214704994403,late_oct_apr,Late Oct-Apr,baseline_oct_mar,Baseline Oct-Mar,"Pelletier et al. JAMA Network Open 2025 untreated infants: 2,535 RSV-associated hospitalizations among 215,301 untreated infants.","U.S. Census Bureau Population Estimates Program, Vintage 2023 Annual Resident Population Estimates by Single Year of Age and Sex, age under 1 year.",0.5167317142557157,0.5167317142557157,0.9915981544313405
nssp,"RSV ED visit percentage of total ED visits, all ages",2023-2024,Louisiana,uptake_100,Uptake 100%; otherwise reference,0.42280717648210714,0.4238388400603287,55838,Age under 1 year,2023,"U.S. Census Bureau Population Estimates Program, Vintage 2023 Annual Resident Population Estimates by Single Year of Age and Sex","https://api.census.gov/data/2023/pep/charv?get=NAME,POP,AGE_DESC,YEAR&for=state:*&YEAR=2023&AGE=0001&SEX=0",0.0010316635782215422,0.011774214704994403,11.774214704994403,late_oct_apr,Late Oct-Apr,baseline_oct_mar,Baseline Oct-Mar,"Pelletier et al. JAMA Network Open 2025 untreated infants: 2,535 RSV-associated hospitalizations among 215,301 untreated infants.","U.S. Census Bureau Population Estimates Program, Vintage 2023 Annual Resident Population Estimates by Single Year of Age and Sex, age under 1 year.",0.6782657758923055,0.6782657758923055,1.2147028473303227
nssp,"RSV ED visit percentage of total ED visits, all ages",2023-2024,Maine,uptake_100,Uptake 100%; otherwise reference,0.5947915738470295,0.5958883999798008,11892,Age under 1 year,2023,"U.S. Census Bureau Population Estimates Program, Vintage 2023 Annual Resident Population Estimates by Single Year of Age and Sex","https://api.census.gov/data/2023/pep/charv?get=NAME,POP,AGE_DESC,YEAR&for=state:*&YEAR=2023&AGE=0001&SEX=0",0.0010968261327712892,0.011774214704994403,11.774214704994403,late_oct_apr,Late Oct-Apr,baseline_oct_mar,Baseline Oct-Mar,"Pelletier et al. JAMA Network Open 2025 untreated infants: 2,535 RSV-associated hospitalizations among 215,301 untreated infants.","U.S. Census Bureau Population Estimates Program, Vintage 2023 Annual Resident Population Estimates by Single Year of Age and Sex, age under 1 year.",0.15357645580639412,0.15357645580639412,1.2914266381297856
nssp,"RSV ED visit percentage of total ED visits, all ages",2023-2024,Maryland,uptake_100,Uptake 100%; otherwise reference,0.46615920891818957,0.4670253756437592,68060,Age under 1 year,2023,"U.S. Census Bureau Population Estimates Program, Vintage 2023 Annual Resident Population Estimates by Single Year of Age and Sex","https://api.census.gov/data/2023/pep/charv?get=NAME,POP,AGE_DESC,YEAR&for=state:*&YEAR=2023&AGE=0001&SEX=0",0.0008661667255696059,0.011774214704994403,11.774214704994403,late_oct_apr,Late Oct-Apr,baseline_oct_mar,Baseline Oct-Mar,"Pelletier et al. JAMA Network Open 2025 untreated infants: 2,535 RSV-associated hospitalizations among 215,301 untreated infants.","U.S. Census Bureau Population Estimates Program, Vintage 2023 Annual Resident Population Estimates by Single Year of Age and Sex, age under 1 year.",0.6941053497879691,0.6941053497879691,1.0198432997178506
nssp,"RSV ED visit percentage of total ED visits, all ages",2023-2024,Massachusetts,uptake_100,Uptake 100%; otherwise reference,0.4905995167861359,0.4916469916604025,69103,Age under 1 year,2023,"U.S. Census Bureau Population Estimates Program, Vintage 2023 Annual Resident Population Estimates by Single Year of Age and Sex","https://api.census.gov/data/2023/pep/charv?get=NAME,POP,AGE_DESC,YEAR&for=state:*&YEAR=2023&AGE=0001&SEX=0",0.0010474748742665962,0.011774214704994403,11.774214704994403,late_oct_apr,Late Oct-Apr,baseline_oct_mar,Baseline Oct-Mar,"Pelletier et al. JAMA Network Open 2025 untreated infants: 2,535 RSV-associated hospitalizations among 215,301 untreated infants.","U.S. Census Bureau Population Estimates Program, Vintage 2023 Annual Resident Population Estimates by Single Year of Age and Sex, age under 1 year.",0.8522607096604058,0.8522607096604058,1.2333194067701923
nssp,"RSV ED visit percentage of total ED visits, all ages",2023-2024,Michigan,uptake_100,Uptake 100%; otherwise reference,0.570487557858022,0.5717425098497041,101385,Age under 1 year,2023,"U.S. Census Bureau Population Estimates Program, Vintage 2023 Annual Resident Population Estimates by Single Year of Age and Sex","https://api.census.gov/data/2023/pep/charv?get=NAME,POP,AGE_DESC,YEAR&for=state:*&YEAR=2023&AGE=0001&SEX=0",0.0012549519916821295,0.011774214704994403,11.774214704994403,late_oct_apr,Late Oct-Apr,baseline_oct_mar,Baseline Oct-Mar,"Pelletier et al. JAMA Network Open 2025 untreated infants: 2,535 RSV-associated hospitalizations among 215,301 untreated infants.","U.S. Census Bureau Population Estimates Program, Vintage 2023 Annual Resident Population Estimates by Single Year of Age and Sex, age under 1 year.",1.4980722822119923,1.4980722822119923,1.4776074194525743
nssp,"RSV ED visit percentage of total ED visits, all ages",2023-2024,Minnesota,uptake_100,Uptake 100%; otherwise reference,0.5931388206199968,0.5945316891558574,63637,Age under 1 year,2023,"U.S. Census Bureau Population Estimates Program, Vintage 2023 Annual Resident Population Estimates by Single Year of Age and Sex","https://api.census.gov/data/2023/pep/charv?get=NAME,POP,AGE_DESC,YEAR&for=state:*&YEAR=2023&AGE=0001&SEX=0",0.0013928685358606252,0.011774214704994403,11.774214704994403,late_oct_apr,Late Oct-Apr,baseline_oct_mar,Baseline Oct-Mar,"Pelletier et al. JAMA Network Open 2025 untreated infants: 2,535 RSV-associated hospitalizations among 215,301 untreated infants.","U.S. Census Bureau Population Estimates Program, Vintage 2023 Annual Resident Population Estimates by Single Year of Age and Sex, age under 1 year.",1.043642548860938,1.043642548860938,1.6399933197054197
nssp,"RSV ED visit percentage of total ED visits, all ages",2023-2024,Mississippi,uptake_100,Uptake 100%; otherwise reference,0.36133257537409263,0.3628183562888017,34372,Age under 1 year,2023,"U.S. Census Bureau Population Estimates Program, Vintage 2023 Annual Resident Population Estimates by Single Year of Age and Sex","https://api.census.gov/data/2023/pep/charv?get=NAME,POP,AGE_DESC,YEAR&for=state:*&YEAR=2023&AGE=0001&SEX=0",0.0014857809147090784,0.011774214704994403,11.774214704994403,late_oct_apr,Late Oct-Apr,baseline_oct_mar,Baseline Oct-Mar,"Pelletier et al. JAMA Network Open 2025 untreated infants: 2,535 RSV-associated hospitalizations among 215,301 untreated infants.","U.S. Census Bureau Population Estimates Program, Vintage 2023 Annual Resident Population Estimates by Single Year of Age and Sex, age under 1 year.",0.6013004509084054,0.6013004509084054,1.7493903494367666
nssp,"RSV ED visit percentage of total ED visits, all ages",2023-2024,Missouri,uptake_100,Uptake 100%; otherwise reference,0.5958613903634133,0.5959625851241015,67996,Age under 1 year,2023,"U.S. Census Bureau Population Estimates Program, Vintage 2023 Annual Resident Population Estimates by Single Year of Age and Sex","https://api.census.gov/data/2023/pep/charv?get=NAME,POP,AGE_DESC,YEAR&for=state:*&YEAR=2023&AGE=0001&SEX=0",0.00010119476068815025,0.011774214704994403,11.774214704994403,late_oct_apr,Late Oct-Apr,baseline_oct_mar,Baseline Oct-Mar,"Pelletier et al. JAMA Network Open 2025 untreated infants: 2,535 RSV-associated hospitalizations among 215,301 untreated infants.","U.S. Census Bureau Population Estimates Program, Vintage 2023 Annual Resident Population Estimates by Single Year of Age and Sex, age under 1 year.",0.0810164751213135,0.0810164751213135,0.11914888393628083
nssp,"RSV ED visit percentage of total ED visits, all ages",2023-2024,Montana,uptake_100,Uptake 100%; otherwise reference,0.6550682156889118,0.6583475904091429,11266,Age under 1 year,2023,"U.S. Census Bureau Population Estimates Program, Vintage 2023 Annual Resident Population Estimates by Single Year of Age and Sex","https://api.census.gov/data/2023/pep/charv?get=NAME,POP,AGE_DESC,YEAR&for=state:*&YEAR=2023&AGE=0001&SEX=0",0.0032793747202310986,0.011774214704994403,11.774214704994403,late_oct_apr,Late Oct-Apr,baseline_oct_mar,Baseline Oct-Mar,"Pelletier et al. JAMA Network Open 2025 untreated infants: 2,535 RSV-associated hospitalizations among 215,301 untreated infants.","U.S. Census Bureau Population Estimates Program, Vintage 2023 Annual Resident Population Estimates by Single Year of Age and Sex, age under 1 year.",0.43500349110185005,0.43500349110185005,3.861206205413191
nssp,"RSV ED visit percentage of total ED visits, all ages",2023-2024,Nebraska,uptake_100,Uptake 100%; otherwise reference,0.5896073015957382,0.5919374213921166,24144,Age under 1 year,2023,"U.S. Census Bureau Population Estimates Program, Vintage 2023 Annual Resident Population Estimates by Single Year of Age and Sex","https://api.census.gov/data/2023/pep/charv?get=NAME,POP,AGE_DESC,YEAR&for=state:*&YEAR=2023&AGE=0001&SEX=0",0.002330119796378427,0.011774214704994403,11.774214704994403,late_oct_apr,Late Oct-Apr,baseline_oct_mar,Baseline Oct-Mar,"Pelletier et al. JAMA Network Open 2025 untreated infants: 2,535 RSV-associated hospitalizations among 215,301 untreated infants.","U.S. Census Bureau Population Estimates Program, Vintage 2023 Annual Resident Population Estimates by Single Year of Age and Sex, age under 1 year.",0.6623986261330307,0.6623986261330307,2.7435330770917443
nssp,"RSV ED visit percentage of total ED visits, all ages",2023-2024,Nevada,uptake_100,Uptake 100%; otherwise reference,0.576564937136431,0.5781181525316863,32716,Age under 1 year,2023,"U.S. Census Bureau Population Estimates Program, Vintage 2023 Annual Resident Population Estimates by Single Year of Age and Sex","https://api.census.gov/data/2023/pep/charv?get=NAME,POP,AGE_DESC,YEAR&for=state:*&YEAR=2023&AGE=0001&SEX=0",0.0015532153952553251,0.011774214704994403,11.774214704994403,late_oct_apr,Late Oct-Apr,baseline_oct_mar,Baseline Oct-Mar,"Pelletier et al. JAMA Network Open 2025 untreated infants: 2,535 RSV-associated hospitalizations among 215,301 untreated infants.","U.S. Census Bureau Population Estimates Program, Vintage 2023 Annual Resident Population Estimates by Single Year of Age and Sex, age under 1 year.",0.5983066598463829,0.5983066598463829,1.8287891546838944
nssp,"RSV ED visit percentage of total ED visits, all ages",2023-2024,New Hampshire,uptake_100,Uptake 100%; otherwise reference,0.5585274538518473,0.5592661748833253,12164,Age under 1 year,2023,"U.S. Census Bureau Population Estimates Program, Vintage 2023 Annual Resident Population Estimates by Single Year of Age and Sex","https://api.census.gov/data/2023/pep/charv?get=NAME,POP,AGE_DESC,YEAR&for=state:*&YEAR=2023&AGE=0001&SEX=0",0.0007387210314779846,0.011774214704994403,11.774214704994403,late_oct_apr,Late Oct-Apr,baseline_oct_mar,Baseline Oct-Mar,"Pelletier et al. JAMA Network Open 2025 untreated infants: 2,535 RSV-associated hospitalizations among 215,301 untreated infants.","U.S. Census Bureau Population Estimates Program, Vintage 2023 Annual Resident Population Estimates by Single Year of Age and Sex, age under 1 year.",0.10580076942580217,0.10580076942580217,0.869786003171672
nssp,"RSV ED visit percentage of total ED visits, all ages",2023-2024,New Jersey,uptake_100,Uptake 100%; otherwise reference,0.48593807144371653,0.4868904844245561,102477,Age under 1 year,2023,"U.S. Census Bureau Population Estimates Program, Vintage 2023 Annual Resident Population Estimates by Single Year of Age and Sex","https://api.census.gov/data/2023/pep/charv?get=NAME,POP,AGE_DESC,YEAR&for=state:*&YEAR=2023&AGE=0001&SEX=0",0.0009524129808395898,0.011774214704994403,11.774214704994403,late_oct_apr,Late Oct-Apr,baseline_oct_mar,Baseline Oct-Mar,"Pelletier et al. JAMA Network Open 2025 untreated infants: 2,535 RSV-associated hospitalizations among 215,301 untreated infants.","U.S. Census Bureau Population Estimates Program, Vintage 2023 Annual Resident Population Estimates by Single Year of Age and Sex, age under 1 year.",1.1491683596902205,1.1491683596902205,1.1213914924229051
nssp,"RSV ED visit percentage of total ED visits, all ages",2023-2024,New Mexico,uptake_100,Uptake 100%; otherwise reference,0.5804597370345134,0.5812203872276682,20589,Age under 1 year,2023,"U.S. Census Bureau Population Estimates Program, Vintage 2023 Annual Resident Population Estimates by Single Year of Age and Sex","https://api.census.gov/data/2023/pep/charv?get=NAME,POP,AGE_DESC,YEAR&for=state:*&YEAR=2023&AGE=0001&SEX=0",0.0007606501931548548,0.011774214704994403,11.774214704994403,late_oct_apr,Late Oct-Apr,baseline_oct_mar,Baseline Oct-Mar,"Pelletier et al. JAMA Network Open 2025 untreated infants: 2,535 RSV-associated hospitalizations among 215,301 untreated infants.","U.S. Census Bureau Population Estimates Program, Vintage 2023 Annual Resident Population Estimates by Single Year of Age and Sex, age under 1 year.",0.1843962923601893,0.1843962923601893,0.8956058689600725
nssp,"RSV ED visit percentage of total ED visits, all ages",2023-2024,New York,uptake_100,Uptake 100%; otherwise reference,0.521219498751039,0.5222755456240296,209673,Age under 1 year,2023,"U.S. Census Bureau Population Estimates Program, Vintage 2023 Annual Resident Population Estimates by Single Year of Age and Sex","https://api.census.gov/data/2023/pep/charv?get=NAME,POP,AGE_DESC,YEAR&for=state:*&YEAR=2023&AGE=0001&SEX=0",0.001056046872990546,0.011774214704994403,11.774214704994403,late_oct_apr,Late Oct-Apr,baseline_oct_mar,Baseline Oct-Mar,"Pelletier et al. JAMA Network Open 2025 untreated infants: 2,535 RSV-associated hospitalizations among 215,301 untreated infants.","U.S. Census Bureau Population Estimates Program, Vintage 2023 Annual Resident Population Estimates by Single Year of Age and Sex, age under 1 year.",2.6070997923399055,2.6070997923399055,1.2434122621128643
nssp,"RSV ED visit percentage of total ED visits, all ages",2023-2024,North Carolina,uptake_100,Uptake 100%; otherwise reference,0.5044028461271254,0.5053525401117868,120602,Age under 1 year,2023,"U.S. Census Bureau Population Estimates Program, Vintage 2023 Annual Resident Population Estimates by Single Year of Age and Sex","https://api.census.gov/data/2023/pep/charv?get=NAME,POP,AGE_DESC,YEAR&for=state:*&YEAR=2023&AGE=0001&SEX=0",0.0009496939846613817,0.011774214704994403,11.774214704994403,late_oct_apr,Late Oct-Apr,baseline_oct_mar,Baseline Oct-Mar,"Pelletier et al. JAMA Network Open 2025 untreated infants: 2,535 RSV-associated hospitalizations among 215,301 untreated infants.","U.S. Census Bureau Population Estimates Program, Vintage 2023 Annual Resident Population Estimates by Single Year of Age and Sex, age under 1 year.",1.3485596098627979,1.3485596098627979,1.118190087944477
nssp,"RSV ED visit percentage of total ED visits, all ages",2023-2024,North Dakota,uptake_100,Uptake 100%; otherwise reference,0.6206683616286073,0.6226899093557305,9626,Age under 1 year,2023,"U.S. Census Bureau Population Estimates Program, Vintage 2023 Annual Resident Population Estimates by Single Year of Age and Sex","https://api.census.gov/data/2023/pep/charv?get=NAME,POP,AGE_DESC,YEAR&for=state:*&YEAR=2023&AGE=0001&SEX=0",0.002021547727123263,0.011774214704994403,11.774214704994403,late_oct_apr,Late Oct-Apr,baseline_oct_mar,Baseline Oct-Mar,"Pelletier et al. JAMA Network Open 2025 untreated infants: 2,535 RSV-associated hospitalizations among 215,301 untreated infants.","U.S. Census Bureau Population Estimates Program, Vintage 2023 Annual Resident Population Estimates by Single Year of Age and Sex, age under 1 year.",0.22911937052657438,0.22911937052657438,2.380213697554274
nssp,"RSV ED visit percentage of total ED visits, all ages",2023-2024,Ohio,uptake_100,Uptake 100%; otherwise reference,0.558028887213442,0.5592063078088845,128059,Age under 1 year,2023,"U.S. Census Bureau Population Estimates Program, Vintage 2023 Annual Resident Population Estimates by Single Year of Age and Sex","https://api.census.gov/data/2023/pep/charv?get=NAME,POP,AGE_DESC,YEAR&for=state:*&YEAR=2023&AGE=0001&SEX=0",0.0011774205954424577,0.011774214704994403,11.774214704994403,late_oct_apr,Late Oct-Apr,baseline_oct_mar,Baseline Oct-Mar,"Pelletier et al. JAMA Network Open 2025 untreated infants: 2,535 RSV-associated hospitalizations among 215,301 untreated infants.","U.S. Census Bureau Population Estimates Program, Vintage 2023 Annual Resident Population Estimates by Single Year of Age and Sex, age under 1 year.",1.7753078987396373,1.7753078987396373,1.3863202888821853
nssp,"RSV ED visit percentage of total ED visits, all ages",2023-2024,Oklahoma,uptake_100,Uptake 100%; otherwise reference,0.5556689254639742,0.556455484819725,47714,Age under 1 year,2023,"U.S. Census Bureau Population Estimates Program, Vintage 2023 Annual Resident Population Estimates by Single Year of Age and Sex","https://api.census.gov/data/2023/pep/charv?get=NAME,POP,AGE_DESC,YEAR&for=state:*&YEAR=2023&AGE=0001&SEX=0",0.0007865593557507822,0.011774214704994403,11.774214704994403,late_oct_apr,Late Oct-Apr,baseline_oct_mar,Baseline Oct-Mar,"Pelletier et al. JAMA Network Open 2025 untreated infants: 2,535 RSV-associated hospitalizations among 215,301 untreated infants.","U.S. Census Bureau Population Estimates Program, Vintage 2023 Annual Resident Population Estimates by Single Year of Age and Sex, age under 1 year.",0.44188501921833573,0.44188501921833573,0.9261118732831785
nssp,"RSV ED visit percentage of total ED visits, all ages",2023-2024,Oregon,uptake_100,Uptake 100%; otherwise reference,0.5856100587935748,0.5872564086822679,38904,Age under 1 year,2023,"U.S. Census Bureau Population Estimates Program, Vintage 2023 Annual Resident Population Estimates by Single Year of Age and Sex","https://api.census.gov/data/2023/pep/charv?get=NAME,POP,AGE_DESC,YEAR&for=state:*&YEAR=2023&AGE=0001&SEX=0",0.001646349888693166,0.011774214704994403,11.774214704994403,late_oct_apr,Late Oct-Apr,baseline_oct_mar,Baseline Oct-Mar,"Pelletier et al. JAMA Network Open 2025 untreated infants: 2,535 RSV-associated hospitalizations among 215,301 untreated infants.","U.S. Census Bureau Population Estimates Program, Vintage 2023 Annual Resident Population Estimates by Single Year of Age and Sex, age under 1 year.",0.7541336958930364,0.7541336958930364,1.9384477069016974
nssp,"RSV ED visit percentage of total ED visits, all ages",2023-2024,Pennsylvania,uptake_100,Uptake 100%; otherwise reference,0.5383603259032418,0.5391226530159576,128878,Age under 1 year,2023,"U.S. Census Bureau Population Estimates Program, Vintage 2023 Annual Resident Population Estimates by Single Year of Age and Sex","https://api.census.gov/data/2023/pep/charv?get=NAME,POP,AGE_DESC,YEAR&for=state:*&YEAR=2023&AGE=0001&SEX=0",0.0007623271127158437,0.011774214704994403,11.774214704994403,late_oct_apr,Late Oct-Apr,baseline_oct_mar,Baseline Oct-Mar,"Pelletier et al. JAMA Network Open 2025 untreated infants: 2,535 RSV-associated hospitalizations among 215,301 untreated infants.","U.S. Census Bureau Population Estimates Program, Vintage 2023 Annual Resident Population Estimates by Single Year of Age and Sex, age under 1 year.",1.1567835519933032,1.1567835519933032,0.8975803100554813
nssp,"RSV ED visit percentage of total ED visits, all ages",2023-2024,Rhode Island,uptake_100,Uptake 100%; otherwise reference,0.5107293465581052,0.511345174498331,10018,Age under 1 year,2023,"U.S. Census Bureau Population Estimates Program, Vintage 2023 Annual Resident Population Estimates by Single Year of Age and Sex","https://api.census.gov/data/2023/pep/charv?get=NAME,POP,AGE_DESC,YEAR&for=state:*&YEAR=2023&AGE=0001&SEX=0",0.0006158279402257438,0.011774214704994403,11.774214704994403,late_oct_apr,Late Oct-Apr,baseline_oct_mar,Baseline Oct-Mar,"Pelletier et al. JAMA Network Open 2025 untreated infants: 2,535 RSV-associated hospitalizations among 215,301 untreated infants.","U.S. Census Bureau Population Estimates Program, Vintage 2023 Annual Resident Population Estimates by Single Year of Age and Sex, age under 1 year.",0.07263941992253561,0.07263941992253561,0.7250890389552368
nssp,"RSV ED visit percentage of total ED visits, all ages",2023-2024,South Carolina,uptake_100,Uptake 100%; otherwise reference,0.4279839116841237,0.42894939154406875,57279,Age under 1 year,2023,"U.S. Census Bureau Population Estimates Program, Vintage 2023 Annual Resident Population Estimates by Single Year of Age and Sex","https://api.census.gov/data/2023/pep/charv?get=NAME,POP,AGE_DESC,YEAR&for=state:*&YEAR=2023&AGE=0001&SEX=0",0.0009654798599450509,0.011774214704994403,11.774214704994403,late_oct_apr,Late Oct-Apr,baseline_oct_mar,Baseline Oct-Mar,"Pelletier et al. JAMA Network Open 2025 untreated infants: 2,535 RSV-associated hospitalizations among 215,301 untreated infants.","U.S. Census Bureau Population Estimates Program, Vintage 2023 Annual Resident Population Estimates by Single Year of Age and Sex, age under 1 year.",0.6511343354062855,0.6511343354062855,1.1367767164340956
nssp,"RSV ED visit percentage of total ED visits, all ages",2023-2024,South Dakota,uptake_100,Uptake 100%; otherwise reference,0.6553678021866548,0.65931543894858,11434,Age under 1 year,2023,"U.S. Census Bureau Population Estimates Program, Vintage 2023 Annual Resident Population Estimates by Single Year of Age and Sex","https://api.census.gov/data/2023/pep/charv?get=NAME,POP,AGE_DESC,YEAR&for=state:*&YEAR=2023&AGE=0001&SEX=0",0.003947636761925222,0.011774214704994403,11.774214704994403,late_oct_apr,Late Oct-Apr,baseline_oct_mar,Baseline Oct-Mar,"Pelletier et al. JAMA Network Open 2025 untreated infants: 2,535 RSV-associated hospitalizations among 215,301 untreated infants.","U.S. Census Bureau Population Estimates Program, Vintage 2023 Annual Resident Population Estimates by Single Year of Age and Sex, age under 1 year.",0.5314560110351114,0.5314560110351114,4.648032281223644
nssp,"RSV ED visit percentage of total ED visits, all ages",2023-2024,Tennessee,uptake_100,Uptake 100%; otherwise reference,0.44494044863804705,0.44641311327022115,81959,Age under 1 year,2023,"U.S. Census Bureau Population Estimates Program, Vintage 2023 Annual Resident Population Estimates by Single Year of Age and Sex","https://api.census.gov/data/2023/pep/charv?get=NAME,POP,AGE_DESC,YEAR&for=state:*&YEAR=2023&AGE=0001&SEX=0",0.0014726646321741033,0.011774214704994403,11.774214704994403,late_oct_apr,Late Oct-Apr,baseline_oct_mar,Baseline Oct-Mar,"Pelletier et al. JAMA Network Open 2025 untreated infants: 2,535 RSV-associated hospitalizations among 215,301 untreated infants.","U.S. Census Bureau Population Estimates Program, Vintage 2023 Annual Resident Population Estimates by Single Year of Age and Sex, age under 1 year.",1.4211255862966246,1.4211255862966246,1.73394695676695
nssp,"RSV ED visit percentage of total ED visits, all ages",2023-2024,Texas,uptake_100,Uptake 100%; otherwise reference,0.4318648889772928,0.4333045878510317,389814,Age under 1 year,2023,"U.S. Census Bureau Population Estimates Program, Vintage 2023 Annual Resident Population Estimates by Single Year of Age and Sex","https://api.census.gov/data/2023/pep/charv?get=NAME,POP,AGE_DESC,YEAR&for=state:*&YEAR=2023&AGE=0001&SEX=0",0.0014396988737389038,0.011774214704994403,11.774214704994403,late_oct_apr,Late Oct-Apr,baseline_oct_mar,Baseline Oct-Mar,"Pelletier et al. JAMA Network Open 2025 untreated infants: 2,535 RSV-associated hospitalizations among 215,301 untreated infants.","U.S. Census Bureau Population Estimates Program, Vintage 2023 Annual Resident Population Estimates by Single Year of Age and Sex, age under 1 year.",6.6078632772778985,6.6078632772778985,1.6951323649940482
nssp,"RSV ED visit percentage of total ED visits, all ages",2023-2024,Utah,uptake_100,Uptake 100%; otherwise reference,0.6202834681578008,0.6214333907060351,45759,Age under 1 year,2023,"U.S. Census Bureau Population Estimates Program, Vintage 2023 Annual Resident Population Estimates by Single Year of Age and Sex","https://api.census.gov/data/2023/pep/charv?get=NAME,POP,AGE_DESC,YEAR&for=state:*&YEAR=2023&AGE=0001&SEX=0",0.0011499225482343167,0.011774214704994403,11.774214704994403,late_oct_apr,Late Oct-Apr,baseline_oct_mar,Baseline Oct-Mar,"Pelletier et al. JAMA Network Open 2025 untreated infants: 2,535 RSV-associated hospitalizations among 215,301 untreated infants.","U.S. Census Bureau Population Estimates Program, Vintage 2023 Annual Resident Population Estimates by Single Year of Age and Sex, age under 1 year.",0.6195510051136928,0.6195510051136928,1.3539434977025129
nssp,"RSV ED visit percentage of total ED visits, all ages",2023-2024,Vermont,uptake_100,Uptake 100%; otherwise reference,0.616081220751156,0.6174339789041938,5112,Age under 1 year,2023,"U.S. Census Bureau Population Estimates Program, Vintage 2023 Annual Resident Population Estimates by Single Year of Age and Sex","https://api.census.gov/data/2023/pep/charv?get=NAME,POP,AGE_DESC,YEAR&for=state:*&YEAR=2023&AGE=0001&SEX=0",0.001352758153037814,0.011774214704994403,11.774214704994403,late_oct_apr,Late Oct-Apr,baseline_oct_mar,Baseline Oct-Mar,"Pelletier et al. JAMA Network Open 2025 untreated infants: 2,535 RSV-associated hospitalizations among 215,301 untreated infants.","U.S. Census Bureau Population Estimates Program, Vintage 2023 Annual Resident Population Estimates by Single Year of Age and Sex, age under 1 year.",0.08142222316202798,0.08142222316202798,1.59276649377989
nssp,"RSV ED visit percentage of total ED visits, all ages",2023-2024,Virginia,uptake_100,Uptake 100%; otherwise reference,0.4489795295971759,0.44993608752834163,95290,Age under 1 year,2023,"U.S. Census Bureau Population Estimates Program, Vintage 2023 Annual Resident Population Estimates by Single Year of Age and Sex","https://api.census.gov/data/2023/pep/charv?get=NAME,POP,AGE_DESC,YEAR&for=state:*&YEAR=2023&AGE=0001&SEX=0",0.0009565579311657246,0.011774214704994403,11.774214704994403,late_oct_apr,Late Oct-Apr,baseline_oct_mar,Baseline Oct-Mar,"Pelletier et al. JAMA Network Open 2025 untreated infants: 2,535 RSV-associated hospitalizations among 215,301 untreated infants.","U.S. Census Bureau Population Estimates Program, Vintage 2023 Annual Resident Population Estimates by Single Year of Age and Sex, age under 1 year.",1.0732244419876975,1.0732244419876975,1.12627184593105
nssp,"RSV ED visit percentage of total ED visits, all ages",2023-2024,Washington,uptake_100,Uptake 100%; otherwise reference,0.5742026288976326,0.5753035094612785,82456,Age under 1 year,2023,"U.S. Census Bureau Population Estimates Program, Vintage 2023 Annual Resident Population Estimates by Single Year of Age and Sex","https://api.census.gov/data/2023/pep/charv?get=NAME,POP,AGE_DESC,YEAR&for=state:*&YEAR=2023&AGE=0001&SEX=0",0.0011008805636458785,0.011774214704994403,11.774214704994403,late_oct_apr,Late Oct-Apr,baseline_oct_mar,Baseline Oct-Mar,"Pelletier et al. JAMA Network Open 2025 untreated infants: 2,535 RSV-associated hospitalizations among 215,301 untreated infants.","U.S. Census Bureau Population Estimates Program, Vintage 2023 Annual Resident Population Estimates by Single Year of Age and Sex, age under 1 year.",1.0687950117947302,1.0687950117947302,1.296200412092183
nssp,"RSV ED visit percentage of total ED visits, all ages",2023-2024,West Virginia,uptake_100,Uptake 100%; otherwise reference,0.5744588114971995,0.5755176213102403,17135,Age under 1 year,2023,"U.S. Census Bureau Population Estimates Program, Vintage 2023 Annual Resident Population Estimates by Single Year of Age and Sex","https://api.census.gov/data/2023/pep/charv?get=NAME,POP,AGE_DESC,YEAR&for=state:*&YEAR=2023&AGE=0001&SEX=0",0.0010588098130408508,0.011774214704994403,11.774214704994403,late_oct_apr,Late Oct-Apr,baseline_oct_mar,Baseline Oct-Mar,"Pelletier et al. JAMA Network Open 2025 untreated infants: 2,535 RSV-associated hospitalizations among 215,301 untreated infants.","U.S. Census Bureau Population Estimates Program, Vintage 2023 Annual Resident Population Estimates by Single Year of Age and Sex, age under 1 year.",0.21361611749798254,0.21361611749798254,1.246665407049796
nssp,"RSV ED visit percentage of total ED visits, all ages",2023-2024,Wisconsin,uptake_100,Uptake 100%; otherwise reference,0.6020844413575154,0.6036643712440734,59547,Age under 1 year,2023,"U.S. Census Bureau Population Estimates Program, Vintage 2023 Annual Resident Population Estimates by Single Year of Age and Sex","https://api.census.gov/data/2023/pep/charv?get=NAME,POP,AGE_DESC,YEAR&for=state:*&YEAR=2023&AGE=0001&SEX=0",0.0015799298865579736,0.011774214704994403,11.774214704994403,late_oct_apr,Late Oct-Apr,baseline_oct_mar,Baseline Oct-Mar,"Pelletier et al. JAMA Network Open 2025 untreated infants: 2,535 RSV-associated hospitalizations among 215,301 untreated infants.","U.S. Census Bureau Population Estimates Program, Vintage 2023 Annual Resident Population Estimates by Single Year of Age and Sex, age under 1 year.",1.1077191197227254,1.1077191197227254,1.8602433703171033
nssp,"RSV ED visit percentage of total ED visits, all ages",2023-2024,Wyoming,uptake_100,Uptake 100%; otherwise reference,0.6295031606387208,0.634451807546672,5847,Age under 1 year,2023,"U.S. Census Bureau Population Estimates Program, Vintage 2023 Annual Resident Population Estimates by Single Year of Age and Sex","https://api.census.gov/data/2023/pep/charv?get=NAME,POP,AGE_DESC,YEAR&for=state:*&YEAR=2023&AGE=0001&SEX=0",0.00494864690795116,0.011774214704994403,11.774214704994403,late_oct_apr,Late Oct-Apr,baseline_oct_mar,Baseline Oct-Mar,"Pelletier et al. JAMA Network Open 2025 untreated infants: 2,535 RSV-associated hospitalizations among 215,301 untreated infants.","U.S. Census Bureau Population Estimates Program, Vintage 2023 Annual Resident Population Estimates by Single Year of Age and Sex, age under 1 year.",0.34068382318794793,0.34068382318794793,5.826643119342363
nssp,"RSV ED visit percentage of total ED visits, all ages",2024-2025,Alabama,uptake_100,Uptake 100%; otherwise reference,0.5202580149687683,0.5233425554928861,57885,Age under 1 year,2023,"U.S. Census Bureau Population Estimates Program, Vintage 2023 Annual Resident Population Estimates by Single Year of Age and Sex","https://api.census.gov/data/2023/pep/charv?get=NAME,POP,AGE_DESC,YEAR&for=state:*&YEAR=2023&AGE=0001&SEX=0",0.0030845405241177737,0.011774214704994403,11.774214704994403,late_oct_apr,Late Oct-Apr,baseline_oct_mar,Baseline Oct-Mar,"Pelletier et al. JAMA Network Open 2025 untreated infants: 2,535 RSV-associated hospitalizations among 215,301 untreated infants.","U.S. Census Bureau Population Estimates Program, Vintage 2023 Annual Resident Population Estimates by Single Year of Age and Sex, age under 1 year.",2.1022698841630008,2.1022698841630008,3.6318042397218635
nssp,"RSV ED visit percentage of total ED visits, all ages",2024-2025,Alaska,uptake_100,Uptake 100%; otherwise reference,0.5903894169051911,0.5920288809551765,9224,Age under 1 year,2023,"U.S. Census Bureau Population Estimates Program, Vintage 2023 Annual Resident Population Estimates by Single Year of Age and Sex","https://api.census.gov/data/2023/pep/charv?get=NAME,POP,AGE_DESC,YEAR&for=state:*&YEAR=2023&AGE=0001&SEX=0",0.001639464049985384,0.011774214704994403,11.774214704994403,late_oct_apr,Late Oct-Apr,baseline_oct_mar,Baseline Oct-Mar,"Pelletier et al. JAMA Network Open 2025 untreated infants: 2,535 RSV-associated hospitalizations among 215,301 untreated infants.","U.S. Census Bureau Population Estimates Program, Vintage 2023 Annual Resident Population Estimates by Single Year of Age and Sex, age under 1 year.",0.17805457751737336,0.17805457751737336,1.9303401725647589
nssp,"RSV ED visit percentage of total ED visits, all ages",2024-2025,Arizona,uptake_100,Uptake 100%; otherwise reference,0.6490766359811081,0.6511193916361024,78075,Age under 1 year,2023,"U.S. Census Bureau Population Estimates Program, Vintage 2023 Annual Resident Population Estimates by Single Year of Age and Sex","https://api.census.gov/data/2023/pep/charv?get=NAME,POP,AGE_DESC,YEAR&for=state:*&YEAR=2023&AGE=0001&SEX=0",0.0020427556549943438,0.011774214704994403,11.774214704994403,late_oct_apr,Late Oct-Apr,baseline_oct_mar,Baseline Oct-Mar,"Pelletier et al. JAMA Network Open 2025 untreated infants: 2,535 RSV-associated hospitalizations among 215,301 untreated infants.","U.S. Census Bureau Population Estimates Program, Vintage 2023 Annual Resident Population Estimates by Single Year of Age and Sex, age under 1 year.",1.8778476946714813,1.8778476946714813,2.405184367174488
nssp,"RSV ED visit percentage of total ED visits, all ages",2024-2025,Arkansas,uptake_100,Uptake 100%; otherwise reference,0.585418236111248,0.5874410589160094,35297,Age under 1 year,2023,"U.S. Census Bureau Population Estimates Program, Vintage 2023 Annual Resident Population Estimates by Single Year of Age and Sex","https://api.census.gov/data/2023/pep/charv?get=NAME,POP,AGE_DESC,YEAR&for=state:*&YEAR=2023&AGE=0001&SEX=0",0.002022822804761404,0.011774214704994403,11.774214704994403,late_oct_apr,Late Oct-Apr,baseline_oct_mar,Baseline Oct-Mar,"Pelletier et al. JAMA Network Open 2025 untreated infants: 2,535 RSV-associated hospitalizations among 215,301 untreated infants.","U.S. Census Bureau Population Estimates Program, Vintage 2023 Annual Resident Population Estimates by Single Year of Age and Sex, age under 1 year.",0.8406739440236767,0.8406739440236767,2.3817150013419743
nssp,"RSV ED visit percentage of total ED visits, all ages",2024-2025,California,uptake_100,Uptake 100%; otherwise reference,0.616204731327882,0.6186236180316312,415125,Age under 1 year,2023,"U.S. Census Bureau Population Estimates Program, Vintage 2023 Annual Resident Population Estimates by Single Year of Age and Sex","https://api.census.gov/data/2023/pep/charv?get=NAME,POP,AGE_DESC,YEAR&for=state:*&YEAR=2023&AGE=0001&SEX=0",0.0024188867037492345,0.011774214704994403,11.774214704994403,late_oct_apr,Late Oct-Apr,baseline_oct_mar,Baseline Oct-Mar,"Pelletier et al. JAMA Network Open 2025 untreated infants: 2,535 RSV-associated hospitalizations among 215,301 untreated infants.","U.S. Census Bureau Population Estimates Program, Vintage 2023 Annual Resident Population Estimates by Single Year of Age and Sex, age under 1 year.",11.82296399117949,11.82296399117949,2.848049139699968
nssp,"RSV ED visit percentage of total ED visits, all ages",2024-2025,Colorado,uptake_100,Uptake 100%; otherwise reference,0.6576513478090998,0.6608879201173583,62168,Age under 1 year,2023,"U.S. Census Bureau Population Estimates Program, Vintage 2023 Annual Resident Population Estimates by Single Year of Age and Sex","https://api.census.gov/data/2023/pep/charv?get=NAME,POP,AGE_DESC,YEAR&for=state:*&YEAR=2023&AGE=0001&SEX=0",0.0032365723082584674,0.011774214704994403,11.774214704994403,late_oct_apr,Late Oct-Apr,baseline_oct_mar,Baseline Oct-Mar,"Pelletier et al. JAMA Network Open 2025 untreated infants: 2,535 RSV-associated hospitalizations among 215,301 untreated infants.","U.S. Census Bureau Population Estimates Program, Vintage 2023 Annual Resident Population Estimates by Single Year of Age and Sex, age under 1 year.",2.369104190812454,2.369104190812454,3.8108097265674528
nssp,"RSV ED visit percentage of total ED visits, all ages",2024-2025,Connecticut,uptake_100,Uptake 100%; otherwise reference,0.5750196138937627,0.5767093354025099,34935,Age under 1 year,2023,"U.S. Census Bureau Population Estimates Program, Vintage 2023 Annual Resident Population Estimates by Single Year of Age and Sex","https://api.census.gov/data/2023/pep/charv?get=NAME,POP,AGE_DESC,YEAR&for=state:*&YEAR=2023&AGE=0001&SEX=0",0.001689721508747244,0.011774214704994403,11.774214704994403,late_oct_apr,Late Oct-Apr,baseline_oct_mar,Baseline Oct-Mar,"Pelletier et al. JAMA Network Open 2025 untreated infants: 2,535 RSV-associated hospitalizations among 215,301 untreated infants.","U.S. Census Bureau Population Estimates Program, Vintage 2023 Annual Resident Population Estimates by Single Year of Age and Sex, age under 1 year.",0.6950368498979831,0.6950368498979831,1.989514383563713
nssp,"RSV ED visit percentage of total ED visits, all ages",2024-2025,Delaware,uptake_100,Uptake 100%; otherwise reference,0.563960407064414,0.5655762901556783,10745,Age under 1 year,2023,"U.S. Census Bureau Population Estimates Program, Vintage 2023 Annual Resident Population Estimates by Single Year of Age and Sex","https://api.census.gov/data/2023/pep/charv?get=NAME,POP,AGE_DESC,YEAR&for=state:*&YEAR=2023&AGE=0001&SEX=0",0.0016158830912643696,0.011774214704994403,11.774214704994403,late_oct_apr,Late Oct-Apr,baseline_oct_mar,Baseline Oct-Mar,"Pelletier et al. JAMA Network Open 2025 untreated infants: 2,535 RSV-associated hospitalizations among 215,301 untreated infants.","U.S. Census Bureau Population Estimates Program, Vintage 2023 Annual Resident Population Estimates by Single Year of Age and Sex, age under 1 year.",0.2044317316159315,0.2044317316159315,1.9025754454716755
nssp,"RSV ED visit percentage of total ED visits, all ages",2024-2025,District of Columbia,uptake_100,Uptake 100%; otherwise reference,0.5566946817367577,0.5577427317367092,7791,Age under 1 year,2023,"U.S. Census Bureau Population Estimates Program, Vintage 2023 Annual Resident Population Estimates by Single Year of Age and Sex","https://api.census.gov/data/2023/pep/charv?get=NAME,POP,AGE_DESC,YEAR&for=state:*&YEAR=2023&AGE=0001&SEX=0",0.0010480499999514503,0.011774214704994403,11.774214704994403,late_oct_apr,Late Oct-Apr,baseline_oct_mar,Baseline Oct-Mar,"Pelletier et al. JAMA Network Open 2025 untreated infants: 2,535 RSV-associated hospitalizations among 215,301 untreated infants.","U.S. Census Bureau Population Estimates Program, Vintage 2023 Annual Resident Population Estimates by Single Year of Age and Sex, age under 1 year.",0.09614067293229346,0.09614067293229346,1.233996572099775
nssp,"RSV ED visit percentage of total ED visits, all ages",2024-2025,Florida,uptake_100,Uptake 100%; otherwise reference,0.4780411104461827,0.4820146302297366,224670,Age under 1 year,2023,"U.S. Census Bureau Population Estimates Program, Vintage 2023 Annual Resident Population Estimates by Single Year of Age and Sex","https://api.census.gov/data/2023/pep/charv?get=NAME,POP,AGE_DESC,YEAR&for=state:*&YEAR=2023&AGE=0001&SEX=0",0.003973519783553925,0.011774214704994403,11.774214704994403,late_oct_apr,Late Oct-Apr,baseline_oct_mar,Baseline Oct-Mar,"Pelletier et al. JAMA Network Open 2025 untreated infants: 2,535 RSV-associated hospitalizations among 215,301 untreated infants.","U.S. Census Bureau Population Estimates Program, Vintage 2023 Annual Resident Population Estimates by Single Year of Age and Sex, age under 1 year.",10.511202815102214,10.511202815102214,4.67850750661068
nssp,"RSV ED visit percentage of total ED visits, all ages",2024-2025,Georgia,uptake_100,Uptake 100%; otherwise reference,0.5054473422059966,0.5070969342260117,125156,Age under 1 year,2023,"U.S. Census Bureau Population Estimates Program, Vintage 2023 Annual Resident Population Estimates by Single Year of Age and Sex","https://api.census.gov/data/2023/pep/charv?get=NAME,POP,AGE_DESC,YEAR&for=state:*&YEAR=2023&AGE=0001&SEX=0",0.0016495920200150227,0.011774214704994403,11.774214704994403,late_oct_apr,Late Oct-Apr,baseline_oct_mar,Baseline Oct-Mar,"Pelletier et al. JAMA Network Open 2025 untreated infants: 2,535 RSV-associated hospitalizations among 215,301 untreated infants.","U.S. Census Bureau Population Estimates Program, Vintage 2023 Annual Resident Population Estimates by Single Year of Age and Sex, age under 1 year.",2.4308612609093987,2.4308612609093987,1.9422650619302304
nssp,"RSV ED visit percentage of total ED visits, all ages",2024-2025,Hawaii,uptake_100,Uptake 100%; otherwise reference,0.5282290833039887,0.5333630773342428,15147,Age under 1 year,2023,"U.S. Census Bureau Population Estimates Program, Vintage 2023 Annual Resident Population Estimates by Single Year of Age and Sex","https://api.census.gov/data/2023/pep/charv?get=NAME,POP,AGE_DESC,YEAR&for=state:*&YEAR=2023&AGE=0001&SEX=0",0.005133994030254163,0.011774214704994403,11.774214704994403,late_oct_apr,Late Oct-Apr,baseline_oct_mar,Baseline Oct-Mar,"Pelletier et al. JAMA Network Open 2025 untreated infants: 2,535 RSV-associated hospitalizations among 215,301 untreated infants.","U.S. Census Bureau Population Estimates Program, Vintage 2023 Annual Resident Population Estimates by Single Year of Age and Sex, age under 1 year.",0.9156171860525174,0.9156171860525174,6.0448748006372055
nssp,"RSV ED visit percentage of total ED visits, all ages",2024-2025,Idaho,uptake_100,Uptake 100%; otherwise reference,0.6490732076952273,0.6515546292681731,22331,Age under 1 year,2023,"U.S. Census Bureau Population Estimates Program, Vintage 2023 Annual Resident Population Estimates by Single Year of Age and Sex","https://api.census.gov/data/2023/pep/charv?get=NAME,POP,AGE_DESC,YEAR&for=state:*&YEAR=2023&AGE=0001&SEX=0",0.002481421572945841,0.011774214704994403,11.774214704994403,late_oct_apr,Late Oct-Apr,baseline_oct_mar,Baseline Oct-Mar,"Pelletier et al. JAMA Network Open 2025 untreated infants: 2,535 RSV-associated hospitalizations among 215,301 untreated infants.","U.S. Census Bureau Population Estimates Program, Vintage 2023 Annual Resident Population Estimates by Single Year of Age and Sex, age under 1 year.",0.6524401458299421,0.6524401458299421,2.9216790373469266
nssp,"RSV ED visit percentage of total ED visits, all ages",2024-2025,Illinois,uptake_100,Uptake 100%; otherwise reference,0.5949437171601174,0.5966106298054368,126792,Age under 1 year,2023,"U.S. Census Bureau Population Estimates Program, Vintage 2023 Annual Resident Population Estimates by Single Year of Age and Sex","https://api.census.gov/data/2023/pep/charv?get=NAME,POP,AGE_DESC,YEAR&for=state:*&YEAR=2023&AGE=0001&SEX=0",0.0016669126453193739,0.011774214704994403,11.774214704994403,late_oct_apr,Late Oct-Apr,baseline_oct_mar,Baseline Oct-Mar,"Pelletier et al. JAMA Network Open 2025 untreated infants: 2,535 RSV-associated hospitalizations among 215,301 untreated infants.","U.S. Census Bureau Population Estimates Program, Vintage 2023 Annual Resident Population Estimates by Single Year of Age and Sex, age under 1 year.",2.4884942671433468,2.4884942671433468,1.9626587380460494
nssp,"RSV ED visit percentage of total ED visits, all ages",2024-2025,Indiana,uptake_100,Uptake 100%; otherwise reference,0.6197768210632396,0.6217019545263689,79101,Age under 1 year,2023,"U.S. Census Bureau Population Estimates Program, Vintage 2023 Annual Resident Population Estimates by Single Year of Age and Sex","https://api.census.gov/data/2023/pep/charv?get=NAME,POP,AGE_DESC,YEAR&for=state:*&YEAR=2023&AGE=0001&SEX=0",0.0019251334631292805,0.011774214704994403,11.774214704994403,late_oct_apr,Late Oct-Apr,baseline_oct_mar,Baseline Oct-Mar,"Pelletier et al. JAMA Network Open 2025 untreated infants: 2,535 RSV-associated hospitalizations among 215,301 untreated infants.","U.S. Census Bureau Population Estimates Program, Vintage 2023 Annual Resident Population Estimates by Single Year of Age and Sex, age under 1 year.",1.7929772041294283,1.7929772041294283,2.2666934730653576
nssp,"RSV ED visit percentage of total ED visits, all ages",2024-2025,Iowa,uptake_100,Uptake 100%; otherwise reference,0.6501594244449502,0.652878991359682,36766,Age under 1 year,2023,"U.S. Census Bureau Population Estimates Program, Vintage 2023 Annual Resident Population Estimates by Single Year of Age and Sex","https://api.census.gov/data/2023/pep/charv?get=NAME,POP,AGE_DESC,YEAR&for=state:*&YEAR=2023&AGE=0001&SEX=0",0.0027195669147317414,0.011774214704994403,11.774214704994403,late_oct_apr,Late Oct-Apr,baseline_oct_mar,Baseline Oct-Mar,"Pelletier et al. JAMA Network Open 2025 untreated infants: 2,535 RSV-associated hospitalizations among 215,301 untreated infants.","U.S. Census Bureau Population Estimates Program, Vintage 2023 Annual Resident Population Estimates by Single Year of Age and Sex, age under 1 year.",1.1772754371165526,1.1772754371165526,3.202076475865073
nssp,"RSV ED visit percentage of total ED visits, all ages",2024-2025,Kansas,uptake_100,Uptake 100%; otherwise reference,0.6367355220848218,0.6391054120098376,34590,Age under 1 year,2023,"U.S. Census Bureau Population Estimates Program, Vintage 2023 Annual Resident Population Estimates by Single Year of Age and Sex","https://api.census.gov/data/2023/pep/charv?get=NAME,POP,AGE_DESC,YEAR&for=state:*&YEAR=2023&AGE=0001&SEX=0",0.0023698899250158556,0.011774214704994403,11.774214704994403,late_oct_apr,Late Oct-Apr,baseline_oct_mar,Baseline Oct-Mar,"Pelletier et al. JAMA Network Open 2025 untreated infants: 2,535 RSV-associated hospitalizations among 215,301 untreated infants.","U.S. Census Bureau Population Estimates Program, Vintage 2023 Annual Resident Population Estimates by Single Year of Age and Sex, age under 1 year.",0.9651852751021127,0.9651852751021127,2.7903592804339774
nssp,"RSV ED visit percentage of total ED visits, all ages",2024-2025,Kentucky,uptake_100,Uptake 100%; otherwise reference,0.5871120665049341,0.5910872093169277,52111,Age under 1 year,2023,"U.S. Census Bureau Population Estimates Program, Vintage 2023 Annual Resident Population Estimates by Single Year of Age and Sex","https://api.census.gov/data/2023/pep/charv?get=NAME,POP,AGE_DESC,YEAR&for=state:*&YEAR=2023&AGE=0001&SEX=0",0.003975142811993626,0.011774214704994403,11.774214704994403,late_oct_apr,Late Oct-Apr,baseline_oct_mar,Baseline Oct-Mar,"Pelletier et al. JAMA Network Open 2025 untreated infants: 2,535 RSV-associated hospitalizations among 215,301 untreated infants.","U.S. Census Bureau Population Estimates Program, Vintage 2023 Annual Resident Population Estimates by Single Year of Age and Sex, age under 1 year.",2.4390128820038726,2.4390128820038726,4.680418495142816
nssp,"RSV ED visit percentage of total ED visits, all ages",2024-2025,Louisiana,uptake_100,Uptake 100%; otherwise reference,0.5463745191623789,0.5480091078524558,55838,Age under 1 year,2023,"U.S. Census Bureau Population Estimates Program, Vintage 2023 Annual Resident Population Estimates by Single Year of Age and Sex","https://api.census.gov/data/2023/pep/charv?get=NAME,POP,AGE_DESC,YEAR&for=state:*&YEAR=2023&AGE=0001&SEX=0",0.0016345886900769324,0.011774214704994403,11.774214704994403,late_oct_apr,Late Oct-Apr,baseline_oct_mar,Baseline Oct-Mar,"Pelletier et al. JAMA Network Open 2025 untreated infants: 2,535 RSV-associated hospitalizations among 215,301 untreated infants.","U.S. Census Bureau Population Estimates Program, Vintage 2023 Annual Resident Population Estimates by Single Year of Age and Sex, age under 1 year.",1.074658047007002,1.074658047007002,1.9245998191321358
nssp,"RSV ED visit percentage of total ED visits, all ages",2024-2025,Maine,uptake_100,Uptake 100%; otherwise reference,0.660813836948933,0.6653264822770036,11892,Age under 1 year,2023,"U.S. Census Bureau Population Estimates Program, Vintage 2023 Annual Resident Population Estimates by Single Year of Age and Sex","https://api.census.gov/data/2023/pep/charv?get=NAME,POP,AGE_DESC,YEAR&for=state:*&YEAR=2023&AGE=0001&SEX=0",0.004512645328070608,0.011774214704994403,11.774214704994403,late_oct_apr,Late Oct-Apr,baseline_oct_mar,Baseline Oct-Mar,"Pelletier et al. JAMA Network Open 2025 untreated infants: 2,535 RSV-associated hospitalizations among 215,301 untreated infants.","U.S. Census Bureau Population Estimates Program, Vintage 2023 Annual Resident Population Estimates by Single Year of Age and Sex, age under 1 year.",0.6318559114244581,0.6318559114244581,5.313285498019325
nssp,"RSV ED visit percentage of total ED visits, all ages",2024-2025,Maryland,uptake_100,Uptake 100%; otherwise reference,0.542693317486885,0.5442327051612961,68060,Age under 1 year,2023,"U.S. Census Bureau Population Estimates Program, Vintage 2023 Annual Resident Population Estimates by Single Year of Age and Sex","https://api.census.gov/data/2023/pep/charv?get=NAME,POP,AGE_DESC,YEAR&for=state:*&YEAR=2023&AGE=0001&SEX=0",0.0015393876744110857,0.011774214704994403,11.774214704994403,late_oct_apr,Late Oct-Apr,baseline_oct_mar,Baseline Oct-Mar,"Pelletier et al. JAMA Network Open 2025 untreated infants: 2,535 RSV-associated hospitalizations among 215,301 untreated infants.","U.S. Census Bureau Population Estimates Program, Vintage 2023 Annual Resident Population Estimates by Single Year of Age and Sex, age under 1 year.",1.233593012365758,1.233593012365758,1.8125080992738143
nssp,"RSV ED visit percentage of total ED visits, all ages",2024-2025,Massachusetts,uptake_100,Uptake 100%; otherwise reference,0.5819891075475044,0.5834659467682385,69103,Age under 1 year,2023,"U.S. Census Bureau Population Estimates Program, Vintage 2023 Annual Resident Population Estimates by Single Year of Age and Sex","https://api.census.gov/data/2023/pep/charv?get=NAME,POP,AGE_DESC,YEAR&for=state:*&YEAR=2023&AGE=0001&SEX=0",0.0014768392207340497,0.011774214704994403,11.774214704994403,late_oct_apr,Late Oct-Apr,baseline_oct_mar,Baseline Oct-Mar,"Pelletier et al. JAMA Network Open 2025 untreated infants: 2,535 RSV-associated hospitalizations among 215,301 untreated infants.","U.S. Census Bureau Population Estimates Program, Vintage 2023 Annual Resident Population Estimates by Single Year of Age and Sex, age under 1 year.",1.2016059508810502,1.2016059508810502,1.7388622069679325
nssp,"RSV ED visit percentage of total ED visits, all ages",2024-2025,Michigan,uptake_100,Uptake 100%; otherwise reference,0.6183821289875302,0.6210497142416523,101385,Age under 1 year,2023,"U.S. Census Bureau Population Estimates Program, Vintage 2023 Annual Resident Population Estimates by Single Year of Age and Sex","https://api.census.gov/data/2023/pep/charv?get=NAME,POP,AGE_DESC,YEAR&for=state:*&YEAR=2023&AGE=0001&SEX=0",0.00266758525412214,0.011774214704994403,11.774214704994403,late_oct_apr,Late Oct-Apr,baseline_oct_mar,Baseline Oct-Mar,"Pelletier et al. JAMA Network Open 2025 untreated infants: 2,535 RSV-associated hospitalizations among 215,301 untreated infants.","U.S. Census Bureau Population Estimates Program, Vintage 2023 Annual Resident Population Estimates by Single Year of Age and Sex, age under 1 year.",3.1843732319045,3.1843732319045,3.1408721525911134
nssp,"RSV ED visit percentage of total ED visits, all ages",2024-2025,Minnesota,uptake_100,Uptake 100%; otherwise reference,0.6571105038080601,0.6594815246277383,63637,Age under 1 year,2023,"U.S. Census Bureau Population Estimates Program, Vintage 2023 Annual Resident Population Estimates by Single Year of Age and Sex","https://api.census.gov/data/2023/pep/charv?get=NAME,POP,AGE_DESC,YEAR&for=state:*&YEAR=2023&AGE=0001&SEX=0",0.0023710208196782157,0.011774214704994403,11.774214704994403,late_oct_apr,Late Oct-Apr,baseline_oct_mar,Baseline Oct-Mar,"Pelletier et al. JAMA Network Open 2025 untreated infants: 2,535 RSV-associated hospitalizations among 215,301 untreated infants.","U.S. Census Bureau Population Estimates Program, Vintage 2023 Annual Resident Population Estimates by Single Year of Age and Sex, age under 1 year.",1.7765482871808724,1.7765482871808724,2.791690820090313
nssp,"RSV ED visit percentage of total ED visits, all ages",2024-2025,Mississippi,uptake_100,Uptake 100%; otherwise reference,0.5009275835149745,0.5027120685055826,34372,Age under 1 year,2023,"U.S. Census Bureau Population Estimates Program, Vintage 2023 Annual Resident Population Estimates by Single Year of Age and Sex","https://api.census.gov/data/2023/pep/charv?get=NAME,POP,AGE_DESC,YEAR&for=state:*&YEAR=2023&AGE=0001&SEX=0",0.0017844849906081262,0.011774214704994403,11.774214704994403,late_oct_apr,Late Oct-Apr,baseline_oct_mar,Baseline Oct-Mar,"Pelletier et al. JAMA Network Open 2025 untreated infants: 2,535 RSV-associated hospitalizations among 215,301 untreated infants.","U.S. Census Bureau Population Estimates Program, Vintage 2023 Annual Resident Population Estimates by Single Year of Age and Sex, age under 1 year.",0.7221869784900606,0.7221869784900606,2.101090941726
nssp,"RSV ED visit percentage of total ED visits, all ages",2024-2025,Missouri,uptake_100,Uptake 100%; otherwise reference,0.6848361620187905,0.6944234238196175,67996,Age under 1 year,2023,"U.S. Census Bureau Population Estimates Program, Vintage 2023 Annual Resident Population Estimates by Single Year of Age and Sex","https://api.census.gov/data/2023/pep/charv?get=NAME,POP,AGE_DESC,YEAR&for=state:*&YEAR=2023&AGE=0001&SEX=0",0.00958726180082703,0.011774214704994403,11.774214704994403,late_oct_apr,Late Oct-Apr,baseline_oct_mar,Baseline Oct-Mar,"Pelletier et al. JAMA Network Open 2025 untreated infants: 2,535 RSV-associated hospitalizations among 215,301 untreated infants.","U.S. Census Bureau Population Estimates Program, Vintage 2023 Annual Resident Population Estimates by Single Year of Age and Sex, age under 1 year.",7.6755570336476495,7.6755570336476495,11.288247887592874
nssp,"RSV ED visit percentage of total ED visits, all ages",2024-2025,Montana,uptake_100,Uptake 100%; otherwise reference,0.6943842515520492,0.6990603317508546,11266,Age under 1 year,2023,"U.S. Census Bureau Population Estimates Program, Vintage 2023 Annual Resident Population Estimates by Single Year of Age and Sex","https://api.census.gov/data/2023/pep/charv?get=NAME,POP,AGE_DESC,YEAR&for=state:*&YEAR=2023&AGE=0001&SEX=0",0.004676080198805388,0.011774214704994403,11.774214704994403,late_oct_apr,Late Oct-Apr,baseline_oct_mar,Baseline Oct-Mar,"Pelletier et al. JAMA Network Open 2025 untreated infants: 2,535 RSV-associated hospitalizations among 215,301 untreated infants.","U.S. Census Bureau Population Estimates Program, Vintage 2023 Annual Resident Population Estimates by Single Year of Age and Sex, age under 1 year.",0.620274102439026,0.620274102439026,5.5057172238507555
nssp,"RSV ED visit percentage of total ED visits, all ages",2024-2025,Nebraska,uptake_100,Uptake 100%; otherwise reference,0.6658665784945098,0.6693343064259559,24144,Age under 1 year,2023,"U.S. Census Bureau Population Estimates Program, Vintage 2023 Annual Resident Population Estimates by Single Year of Age and Sex","https://api.census.gov/data/2023/pep/charv?get=NAME,POP,AGE_DESC,YEAR&for=state:*&YEAR=2023&AGE=0001&SEX=0",0.0034677279314461185,0.011774214704994403,11.774214704994403,late_oct_apr,Late Oct-Apr,baseline_oct_mar,Baseline Oct-Mar,"Pelletier et al. JAMA Network Open 2025 untreated infants: 2,535 RSV-associated hospitalizations among 215,301 untreated infants.","U.S. Census Bureau Population Estimates Program, Vintage 2023 Annual Resident Population Estimates by Single Year of Age and Sex, age under 1 year.",0.985794044221748,0.985794044221748,4.082977320335272
nssp,"RSV ED visit percentage of total ED visits, all ages",2024-2025,Nevada,uptake_100,Uptake 100%; otherwise reference,0.6227008454862586,0.6245026166713916,32716,Age under 1 year,2023,"U.S. Census Bureau Population Estimates Program, Vintage 2023 Annual Resident Population Estimates by Single Year of Age and Sex","https://api.census.gov/data/2023/pep/charv?get=NAME,POP,AGE_DESC,YEAR&for=state:*&YEAR=2023&AGE=0001&SEX=0",0.0018017711851330276,0.011774214704994403,11.774214704994403,late_oct_apr,Late Oct-Apr,baseline_oct_mar,Baseline Oct-Mar,"Pelletier et al. JAMA Network Open 2025 untreated infants: 2,535 RSV-associated hospitalizations among 215,301 untreated infants.","U.S. Census Bureau Population Estimates Program, Vintage 2023 Annual Resident Population Estimates by Single Year of Age and Sex, age under 1 year.",0.69405164465756,0.69405164465756,2.121444078302849
nssp,"RSV ED visit percentage of total ED visits, all ages",2024-2025,New Hampshire,uptake_100,Uptake 100%; otherwise reference,0.6204803748798755,0.622593565006933,12164,Age under 1 year,2023,"U.S. Census Bureau Population Estimates Program, Vintage 2023 Annual Resident Population Estimates by Single Year of Age and Sex","https://api.census.gov/data/2023/pep/charv?get=NAME,POP,AGE_DESC,YEAR&for=state:*&YEAR=2023&AGE=0001&SEX=0",0.0021131901270574627,0.011774214704994403,11.774214704994403,late_oct_apr,Late Oct-Apr,baseline_oct_mar,Baseline Oct-Mar,"Pelletier et al. JAMA Network Open 2025 untreated infants: 2,535 RSV-associated hospitalizations among 215,301 untreated infants.","U.S. Census Bureau Population Estimates Program, Vintage 2023 Annual Resident Population Estimates by Single Year of Age and Sex, age under 1 year.",0.30265436052141326,0.30265436052141326,2.488115426844897
nssp,"RSV ED visit percentage of total ED visits, all ages",2024-2025,New Jersey,uptake_100,Uptake 100%; otherwise reference,0.5569391934469241,0.5585097191197439,102477,Age under 1 year,2023,"U.S. Census Bureau Population Estimates Program, Vintage 2023 Annual Resident Population Estimates by Single Year of Age and Sex","https://api.census.gov/data/2023/pep/charv?get=NAME,POP,AGE_DESC,YEAR&for=state:*&YEAR=2023&AGE=0001&SEX=0",0.0015705256728197892,0.011774214704994403,11.774214704994403,late_oct_apr,Late Oct-Apr,baseline_oct_mar,Baseline Oct-Mar,"Pelletier et al. JAMA Network Open 2025 untreated infants: 2,535 RSV-associated hospitalizations among 215,301 untreated infants.","U.S. Census Bureau Population Estimates Program, Vintage 2023 Annual Resident Population Estimates by Single Year of Age and Sex, age under 1 year.",1.8949746040784698,1.8949746040784698,1.8491706471485991
nssp,"RSV ED visit percentage of total ED visits, all ages",2024-2025,New Mexico,uptake_100,Uptake 100%; otherwise reference,0.6719222928761872,0.6740155624371308,20589,Age under 1 year,2023,"U.S. Census Bureau Population Estimates Program, Vintage 2023 Annual Resident Population Estimates by Single Year of Age and Sex","https://api.census.gov/data/2023/pep/charv?get=NAME,POP,AGE_DESC,YEAR&for=state:*&YEAR=2023&AGE=0001&SEX=0",0.002093269560943578,0.011774214704994403,11.774214704994403,late_oct_apr,Late Oct-Apr,baseline_oct_mar,Baseline Oct-Mar,"Pelletier et al. JAMA Network Open 2025 untreated infants: 2,535 RSV-associated hospitalizations among 215,301 untreated infants.","U.S. Census Bureau Population Estimates Program, Vintage 2023 Annual Resident Population Estimates by Single Year of Age and Sex, age under 1 year.",0.5074489554094628,0.5074489554094628,2.4646605245979054
nssp,"RSV ED visit percentage of total ED visits, all ages",2024-2025,New York,uptake_100,Uptake 100%; otherwise reference,0.5710917355854872,0.5727443699020314,209673,Age under 1 year,2023,"U.S. Census Bureau Population Estimates Program, Vintage 2023 Annual Resident Population Estimates by Single Year of Age and Sex","https://api.census.gov/data/2023/pep/charv?get=NAME,POP,AGE_DESC,YEAR&for=state:*&YEAR=2023&AGE=0001&SEX=0",0.001652634316544166,0.011774214704994403,11.774214704994403,late_oct_apr,Late Oct-Apr,baseline_oct_mar,Baseline Oct-Mar,"Pelletier et al. JAMA Network Open 2025 untreated infants: 2,535 RSV-associated hospitalizations among 215,301 untreated infants.","U.S. Census Bureau Population Estimates Program, Vintage 2023 Annual Resident Population Estimates by Single Year of Age and Sex, age under 1 year.",4.079916046978976,4.079916046978976,1.9458471271832696
nssp,"RSV ED visit percentage of total ED visits, all ages",2024-2025,North Carolina,uptake_100,Uptake 100%; otherwise reference,0.6046810085986316,0.6068749571897608,120602,Age under 1 year,2023,"U.S. Census Bureau Population Estimates Program, Vintage 2023 Annual Resident Population Estimates by Single Year of Age and Sex","https://api.census.gov/data/2023/pep/charv?get=NAME,POP,AGE_DESC,YEAR&for=state:*&YEAR=2023&AGE=0001&SEX=0",0.0021939485911292023,0.011774214704994403,11.774214704994403,late_oct_apr,Late Oct-Apr,baseline_oct_mar,Baseline Oct-Mar,"Pelletier et al. JAMA Network Open 2025 untreated infants: 2,535 RSV-associated hospitalizations among 215,301 untreated infants.","U.S. Census Bureau Population Estimates Program, Vintage 2023 Annual Resident Population Estimates by Single Year of Age and Sex, age under 1 year.",3.115393488742757,3.115393488742757,2.5832021763675206
nssp,"RSV ED visit percentage of total ED visits, all ages",2024-2025,North Dakota,uptake_100,Uptake 100%; otherwise reference,0.6921439275772615,0.6956966217297991,9626,Age under 1 year,2023,"U.S. Census Bureau Population Estimates Program, Vintage 2023 Annual Resident Population Estimates by Single Year of Age and Sex","https://api.census.gov/data/2023/pep/charv?get=NAME,POP,AGE_DESC,YEAR&for=state:*&YEAR=2023&AGE=0001&SEX=0",0.003552694152537561,0.011774214704994403,11.774214704994403,late_oct_apr,Late Oct-Apr,baseline_oct_mar,Baseline Oct-Mar,"Pelletier et al. JAMA Network Open 2025 untreated infants: 2,535 RSV-associated hospitalizations among 215,301 untreated infants.","U.S. Census Bureau Population Estimates Program, Vintage 2023 Annual Resident Population Estimates by Single Year of Age and Sex, age under 1 year.",0.4026573486153537,0.4026573486153537,4.183018373315538
nssp,"RSV ED visit percentage of total ED visits, all ages",2024-2025,Ohio,uptake_100,Uptake 100%; otherwise reference,0.6005849005070945,0.602322735529299,128059,Age under 1 year,2023,"U.S. Census Bureau Population Estimates Program, Vintage 2023 Annual Resident Population Estimates by Single Year of Age and Sex","https://api.census.gov/data/2023/pep/charv?get=NAME,POP,AGE_DESC,YEAR&for=state:*&YEAR=2023&AGE=0001&SEX=0",0.0017378350222045924,0.011774214704994403,11.774214704994403,late_oct_apr,Late Oct-Apr,baseline_oct_mar,Baseline Oct-Mar,"Pelletier et al. JAMA Network Open 2025 untreated infants: 2,535 RSV-associated hospitalizations among 215,301 untreated infants.","U.S. Census Bureau Population Estimates Program, Vintage 2023 Annual Resident Population Estimates by Single Year of Age and Sex, age under 1 year.",2.6202974990995593,2.6202974990995593,2.0461642673295586
nssp,"RSV ED visit percentage of total ED visits, all ages",2024-2025,Oklahoma,uptake_100,Uptake 100%; otherwise reference,0.6368112361568633,0.6379725810526946,47714,Age under 1 year,2023,"U.S. Census Bureau Population Estimates Program, Vintage 2023 Annual Resident Population Estimates by Single Year of Age and Sex","https://api.census.gov/data/2023/pep/charv?get=NAME,POP,AGE_DESC,YEAR&for=state:*&YEAR=2023&AGE=0001&SEX=0",0.0011613448958313066,0.011774214704994403,11.774214704994403,late_oct_apr,Late Oct-Apr,baseline_oct_mar,Baseline Oct-Mar,"Pelletier et al. JAMA Network Open 2025 untreated infants: 2,535 RSV-associated hospitalizations among 215,301 untreated infants.","U.S. Census Bureau Population Estimates Program, Vintage 2023 Annual Resident Population Estimates by Single Year of Age and Sex, age under 1 year.",0.6524376168963048,0.6524376168963048,1.3673924150067165
nssp,"RSV ED visit percentage of total ED visits, all ages",2024-2025,Oregon,uptake_100,Uptake 100%; otherwise reference,0.6550335973424732,0.6572981468467173,38904,Age under 1 year,2023,"U.S. Census Bureau Population Estimates Program, Vintage 2023 Annual Resident Population Estimates by Single Year of Age and Sex","https://api.census.gov/data/2023/pep/charv?get=NAME,POP,AGE_DESC,YEAR&for=state:*&YEAR=2023&AGE=0001&SEX=0",0.00226454950424404,0.011774214704994403,11.774214704994403,late_oct_apr,Late Oct-Apr,baseline_oct_mar,Baseline Oct-Mar,"Pelletier et al. JAMA Network Open 2025 untreated infants: 2,535 RSV-associated hospitalizations among 215,301 untreated infants.","U.S. Census Bureau Population Estimates Program, Vintage 2023 Annual Resident Population Estimates by Single Year of Age and Sex, age under 1 year.",1.037308714810247,1.037308714810247,2.6663292073057963
nssp,"RSV ED visit percentage of total ED visits, all ages",2024-2025,Pennsylvania,uptake_100,Uptake 100%; otherwise reference,0.6074510977604043,0.6091255642266346,128878,Age under 1 year,2023,"U.S. Census Bureau Population Estimates Program, Vintage 2023 Annual Resident Population Estimates by Single Year of Age and Sex","https://api.census.gov/data/2023/pep/charv?get=NAME,POP,AGE_DESC,YEAR&for=state:*&YEAR=2023&AGE=0001&SEX=0",0.0016744664662302622,0.011774214704994403,11.774214704994403,late_oct_apr,Late Oct-Apr,baseline_oct_mar,Baseline Oct-Mar,"Pelletier et al. JAMA Network Open 2025 untreated infants: 2,535 RSV-associated hospitalizations among 215,301 untreated infants.","U.S. Census Bureau Population Estimates Program, Vintage 2023 Annual Resident Population Estimates by Single Year of Age and Sex, age under 1 year.",2.540897777594235,2.540897777594235,1.9715527689708368
nssp,"RSV ED visit percentage of total ED visits, all ages",2024-2025,Rhode Island,uptake_100,Uptake 100%; otherwise reference,0.5919201755938691,0.5934558829598748,10018,Age under 1 year,2023,"U.S. Census Bureau Population Estimates Program, Vintage 2023 Annual Resident Population Estimates by Single Year of Age and Sex","https://api.census.gov/data/2023/pep/charv?get=NAME,POP,AGE_DESC,YEAR&for=state:*&YEAR=2023&AGE=0001&SEX=0",0.001535707366005723,0.011774214704994403,11.774214704994403,late_oct_apr,Late Oct-Apr,baseline_oct_mar,Baseline Oct-Mar,"Pelletier et al. JAMA Network Open 2025 untreated infants: 2,535 RSV-associated hospitalizations among 215,301 untreated infants.","U.S. Census Bureau Population Estimates Program, Vintage 2023 Annual Resident Population Estimates by Single Year of Age and Sex, age under 1 year.",0.18114295398245311,0.18114295398245311,1.8081748251392806
nssp,"RSV ED visit percentage of total ED visits, all ages",2024-2025,South Carolina,uptake_100,Uptake 100%; otherwise reference,0.5496610972561254,0.5517406340009197,57279,Age under 1 year,2023,"U.S. Census Bureau Population Estimates Program, Vintage 2023 Annual Resident Population Estimates by Single Year of Age and Sex","https://api.census.gov/data/2023/pep/charv?get=NAME,POP,AGE_DESC,YEAR&for=state:*&YEAR=2023&AGE=0001&SEX=0",0.0020795367447942192,0.011774214704994403,11.774214704994403,late_oct_apr,Late Oct-Apr,baseline_oct_mar,Baseline Oct-Mar,"Pelletier et al. JAMA Network Open 2025 untreated infants: 2,535 RSV-associated hospitalizations among 215,301 untreated infants.","U.S. Census Bureau Population Estimates Program, Vintage 2023 Annual Resident Population Estimates by Single Year of Age and Sex, age under 1 year.",1.4024712813290574,1.4024712813290574,2.448491212013229
nssp,"RSV ED visit percentage of total ED visits, all ages",2024-2025,South Dakota,uptake_100,Uptake 100%; otherwise reference,0.6808420957098418,0.6860495255866977,11434,Age under 1 year,2023,"U.S. Census Bureau Population Estimates Program, Vintage 2023 Annual Resident Population Estimates by Single Year of Age and Sex","https://api.census.gov/data/2023/pep/charv?get=NAME,POP,AGE_DESC,YEAR&for=state:*&YEAR=2023&AGE=0001&SEX=0",0.005207429876855962,0.011774214704994403,11.774214704994403,late_oct_apr,Late Oct-Apr,baseline_oct_mar,Baseline Oct-Mar,"Pelletier et al. JAMA Network Open 2025 untreated infants: 2,535 RSV-associated hospitalizations among 215,301 untreated infants.","U.S. Census Bureau Population Estimates Program, Vintage 2023 Annual Resident Population Estimates by Single Year of Age and Sex, age under 1 year.",0.7010573862295375,0.7010573862295375,6.131339743130467
nssp,"RSV ED visit percentage of total ED visits, all ages",2024-2025,Tennessee,uptake_100,Uptake 100%; otherwise reference,0.5416792926424794,0.5434099318453872,81959,Age under 1 year,2023,"U.S. Census Bureau Population Estimates Program, Vintage 2023 Annual Resident Population Estimates by Single Year of Age and Sex","https://api.census.gov/data/2023/pep/charv?get=NAME,POP,AGE_DESC,YEAR&for=state:*&YEAR=2023&AGE=0001&SEX=0",0.0017306392029078355,0.011774214704994403,11.774214704994403,late_oct_apr,Late Oct-Apr,baseline_oct_mar,Baseline Oct-Mar,"Pelletier et al. JAMA Network Open 2025 untreated infants: 2,535 RSV-associated hospitalizations among 215,301 untreated infants.","U.S. Census Bureau Population Estimates Program, Vintage 2023 Annual Resident Population Estimates by Single Year of Age and Sex, age under 1 year.",1.6700717856375842,1.6700717856375842,2.037691755191723
nssp,"RSV ED visit percentage of total ED visits, all ages",2024-2025,Texas,uptake_100,Uptake 100%; otherwise reference,0.5289441303622833,0.5305003671890322,389814,Age under 1 year,2023,"U.S. Census Bureau Population Estimates Program, Vintage 2023 Annual Resident Population Estimates by Single Year of Age and Sex","https://api.census.gov/data/2023/pep/charv?get=NAME,POP,AGE_DESC,YEAR&for=state:*&YEAR=2023&AGE=0001&SEX=0",0.0015562368267488802,0.011774214704994403,11.774214704994403,late_oct_apr,Late Oct-Apr,baseline_oct_mar,Baseline Oct-Mar,"Pelletier et al. JAMA Network Open 2025 untreated infants: 2,535 RSV-associated hospitalizations among 215,301 untreated infants.","U.S. Census Bureau Population Estimates Program, Vintage 2023 Annual Resident Population Estimates by Single Year of Age and Sex, age under 1 year.",7.14274378191002,7.14274378191002,1.8323466529960493
nssp,"RSV ED visit percentage of total ED visits, all ages",2024-2025,Utah,uptake_100,Uptake 100%; otherwise reference,0.6676412298449083,0.6698084979501299,45759,Age under 1 year,2023,"U.S. Census Bureau Population Estimates Program, Vintage 2023 Annual Resident Population Estimates by Single Year of Age and Sex","https://api.census.gov/data/2023/pep/charv?get=NAME,POP,AGE_DESC,YEAR&for=state:*&YEAR=2023&AGE=0001&SEX=0",0.002167268105221609,0.011774214704994403,11.774214704994403,late_oct_apr,Late Oct-Apr,baseline_oct_mar,Baseline Oct-Mar,"Pelletier et al. JAMA Network Open 2025 untreated infants: 2,535 RSV-associated hospitalizations among 215,301 untreated infants.","U.S. Census Bureau Population Estimates Program, Vintage 2023 Annual Resident Population Estimates by Single Year of Age and Sex, age under 1 year.",1.167672670653025,1.167672670653025,2.551787999416563
nssp,"RSV ED visit percentage of total ED visits, all ages",2024-2025,Vermont,uptake_100,Uptake 100%; otherwise reference,0.6319880520599631,0.6345998938858537,5112,Age under 1 year,2023,"U.S. Census Bureau Population Estimates Program, Vintage 2023 Annual Resident Population Estimates by Single Year of Age and Sex","https://api.census.gov/data/2023/pep/charv?get=NAME,POP,AGE_DESC,YEAR&for=state:*&YEAR=2023&AGE=0001&SEX=0",0.0026118418258905818,0.011774214704994403,11.774214704994403,late_oct_apr,Late Oct-Apr,baseline_oct_mar,Baseline Oct-Mar,"Pelletier et al. JAMA Network Open 2025 untreated infants: 2,535 RSV-associated hospitalizations among 215,301 untreated infants.","U.S. Census Bureau Population Estimates Program, Vintage 2023 Annual Resident Population Estimates by Single Year of Age and Sex, age under 1 year.",0.15720619944815586,0.15720619944815586,3.0752386433520322
nssp,"RSV ED visit percentage of total ED visits, all ages",2024-2025,Virginia,uptake_100,Uptake 100%; otherwise reference,0.560358843777952,0.5628409006066328,95290,Age under 1 year,2023,"U.S. Census Bureau Population Estimates Program, Vintage 2023 Annual Resident Population Estimates by Single Year of Age and Sex","https://api.census.gov/data/2023/pep/charv?get=NAME,POP,AGE_DESC,YEAR&for=state:*&YEAR=2023&AGE=0001&SEX=0",0.0024820568286808564,0.011774214704994403,11.774214704994403,late_oct_apr,Late Oct-Apr,baseline_oct_mar,Baseline Oct-Mar,"Pelletier et al. JAMA Network Open 2025 untreated infants: 2,535 RSV-associated hospitalizations among 215,301 untreated infants.","U.S. Census Bureau Population Estimates Program, Vintage 2023 Annual Resident Population Estimates by Single Year of Age and Sex, age under 1 year.",2.784780689337319,2.784780689337319,2.9224270010885913
nssp,"RSV ED visit percentage of total ED visits, all ages",2024-2025,Washington,uptake_100,Uptake 100%; otherwise reference,0.6238287343308311,0.6262322832915536,82456,Age under 1 year,2023,"U.S. Census Bureau Population Estimates Program, Vintage 2023 Annual Resident Population Estimates by Single Year of Age and Sex","https://api.census.gov/data/2023/pep/charv?get=NAME,POP,AGE_DESC,YEAR&for=state:*&YEAR=2023&AGE=0001&SEX=0",0.002403548960722479,0.011774214704994403,11.774214704994403,late_oct_apr,Late Oct-Apr,baseline_oct_mar,Baseline Oct-Mar,"Pelletier et al. JAMA Network Open 2025 untreated infants: 2,535 RSV-associated hospitalizations among 215,301 untreated infants.","U.S. Census Bureau Population Estimates Program, Vintage 2023 Annual Resident Population Estimates by Single Year of Age and Sex, age under 1 year.",2.333496679528021,2.333496679528021,2.829990151751263
nssp,"RSV ED visit percentage of total ED visits, all ages",2024-2025,West Virginia,uptake_100,Uptake 100%; otherwise reference,0.6478855674985733,0.6528612588258078,17135,Age under 1 year,2023,"U.S. Census Bureau Population Estimates Program, Vintage 2023 Annual Resident Population Estimates by Single Year of Age and Sex","https://api.census.gov/data/2023/pep/charv?get=NAME,POP,AGE_DESC,YEAR&for=state:*&YEAR=2023&AGE=0001&SEX=0",0.0049756913272345216,0.011774214704994403,11.774214704994403,late_oct_apr,Late Oct-Apr,baseline_oct_mar,Baseline Oct-Mar,"Pelletier et al. JAMA Network Open 2025 untreated infants: 2,535 RSV-associated hospitalizations among 215,301 untreated infants.","U.S. Census Bureau Population Estimates Program, Vintage 2023 Annual Resident Population Estimates by Single Year of Age and Sex, age under 1 year.",1.0038515417038492,1.0038515417038492,5.858485799263782
nssp,"RSV ED visit percentage of total ED visits, all ages",2024-2025,Wisconsin,uptake_100,Uptake 100%; otherwise reference,0.6626717677196797,0.6654894275674509,59547,Age under 1 year,2023,"U.S. Census Bureau Population Estimates Program, Vintage 2023 Annual Resident Population Estimates by Single Year of Age and Sex","https://api.census.gov/data/2023/pep/charv?get=NAME,POP,AGE_DESC,YEAR&for=state:*&YEAR=2023&AGE=0001&SEX=0",0.002817659847771159,0.011774214704994403,11.774214704994403,late_oct_apr,Late Oct-Apr,baseline_oct_mar,Baseline Oct-Mar,"Pelletier et al. JAMA Network Open 2025 untreated infants: 2,535 RSV-associated hospitalizations among 215,301 untreated infants.","U.S. Census Bureau Population Estimates Program, Vintage 2023 Annual Resident Population Estimates by Single Year of Age and Sex, age under 1 year.",1.9755153141959436,1.9755153141959436,3.3175732013299473
nssp,"RSV ED visit percentage of total ED visits, all ages",2024-2025,Wyoming,uptake_100,Uptake 100%; otherwise reference,0.6722097069669839,0.6765418309153647,5847,Age under 1 year,2023,"U.S. Census Bureau Population Estimates Program, Vintage 2023 Annual Resident Population Estimates by Single Year of Age and Sex","https://api.census.gov/data/2023/pep/charv?get=NAME,POP,AGE_DESC,YEAR&for=state:*&YEAR=2023&AGE=0001&SEX=0",0.004332123948380784,0.011774214704994403,11.774214704994403,late_oct_apr,Late Oct-Apr,baseline_oct_mar,Baseline Oct-Mar,"Pelletier et al. JAMA Network Open 2025 untreated infants: 2,535 RSV-associated hospitalizations among 215,301 untreated infants.","U.S. Census Bureau Population Estimates Program, Vintage 2023 Annual Resident Population Estimates by Single Year of Age and Sex, age under 1 year.",0.29824001928427746,0.29824001928427746,5.1007357496883445
nssp,"RSV ED visit percentage of total ED visits, all ages",2025-2026,Alabama,uptake_100,Uptake 100%; otherwise reference,0.5357660535223885,0.5412697026140058,57885,Age under 1 year,2023,"U.S. Census Bureau Population Estimates Program, Vintage 2023 Annual Resident Population Estimates by Single Year of Age and Sex","https://api.census.gov/data/2023/pep/charv?get=NAME,POP,AGE_DESC,YEAR&for=state:*&YEAR=2023&AGE=0001&SEX=0",0.005503649091617269,0.011774214704994403,11.774214704994403,late_oct_apr,Late Oct-Apr,baseline_oct_mar,Baseline Oct-Mar,"Pelletier et al. JAMA Network Open 2025 untreated infants: 2,535 RSV-associated hospitalizations among 215,301 untreated infants.","U.S. Census Bureau Population Estimates Program, Vintage 2023 Annual Resident Population Estimates by Single Year of Age and Sex, age under 1 year.",3.7510143400101,3.7510143400101,6.480114606564913
nssp,"RSV ED visit percentage of total ED visits, all ages",2025-2026,Alaska,uptake_100,Uptake 100%; otherwise reference,0.6566011322926998,0.6614634630018632,9224,Age under 1 year,2023,"U.S. Census Bureau Population Estimates Program, Vintage 2023 Annual Resident Population Estimates by Single Year of Age and Sex","https://api.census.gov/data/2023/pep/charv?get=NAME,POP,AGE_DESC,YEAR&for=state:*&YEAR=2023&AGE=0001&SEX=0",0.0048623307091634205,0.011774214704994403,11.774214704994403,late_oct_apr,Late Oct-Apr,baseline_oct_mar,Baseline Oct-Mar,"Pelletier et al. JAMA Network Open 2025 untreated infants: 2,535 RSV-associated hospitalizations among 215,301 untreated infants.","U.S. Census Bureau Population Estimates Program, Vintage 2023 Annual Resident Population Estimates by Single Year of Age and Sex, age under 1 year.",0.5280751597923489,0.5280751597923489,5.725012573637781
nssp,"RSV ED visit percentage of total ED visits, all ages",2025-2026,Arizona,uptake_100,Uptake 100%; otherwise reference,0.6668978457007058,0.6772216807245608,78075,Age under 1 year,2023,"U.S. Census Bureau Population Estimates Program, Vintage 2023 Annual Resident Population Estimates by Single Year of Age and Sex","https://api.census.gov/data/2023/pep/charv?get=NAME,POP,AGE_DESC,YEAR&for=state:*&YEAR=2023&AGE=0001&SEX=0",0.010323835023855032,0.011774214704994403,11.774214704994403,late_oct_apr,Late Oct-Apr,baseline_oct_mar,Baseline Oct-Mar,"Pelletier et al. JAMA Network Open 2025 untreated infants: 2,535 RSV-associated hospitalizations among 215,301 untreated infants.","U.S. Census Bureau Population Estimates Program, Vintage 2023 Annual Resident Population Estimates by Single Year of Age and Sex, age under 1 year.",9.49041054044643,9.49041054044643,12.155505014981017
nssp,"RSV ED visit percentage of total ED visits, all ages",2025-2026,Arkansas,uptake_100,Uptake 100%; otherwise reference,0.6151770961272705,0.6194081257387075,35297,Age under 1 year,2023,"U.S. Census Bureau Population Estimates Program, Vintage 2023 Annual Resident Population Estimates by Single Year of Age and Sex","https://api.census.gov/data/2023/pep/charv?get=NAME,POP,AGE_DESC,YEAR&for=state:*&YEAR=2023&AGE=0001&SEX=0",0.004231029611437065,0.011774214704994403,11.774214704994403,late_oct_apr,Late Oct-Apr,baseline_oct_mar,Baseline Oct-Mar,"Pelletier et al. JAMA Network Open 2025 untreated infants: 2,535 RSV-associated hospitalizations among 215,301 untreated infants.","U.S. Census Bureau Population Estimates Program, Vintage 2023 Annual Resident Population Estimates by Single Year of Age and Sex, age under 1 year.",1.7583924515559866,1.7583924515559866,4.981705106824905
nssp,"RSV ED visit percentage of total ED visits, all ages",2025-2026,California,uptake_100,Uptake 100%; otherwise reference,0.6405254387448717,0.6453987553102531,415125,Age under 1 year,2023,"U.S. Census Bureau Population Estimates Program, Vintage 2023 Annual Resident Population Estimates by Single Year of Age and Sex","https://api.census.gov/data/2023/pep/charv?get=NAME,POP,AGE_DESC,YEAR&for=state:*&YEAR=2023&AGE=0001&SEX=0",0.00487331656538148,0.011774214704994403,11.774214704994403,late_oct_apr,Late Oct-Apr,baseline_oct_mar,Baseline Oct-Mar,"Pelletier et al. JAMA Network Open 2025 untreated infants: 2,535 RSV-associated hospitalizations among 215,301 untreated infants.","U.S. Census Bureau Population Estimates Program, Vintage 2023 Annual Resident Population Estimates by Single Year of Age and Sex, age under 1 year.",23.81965479442186,23.81965479442186,5.737947556620744
nssp,"RSV ED visit percentage of total ED visits, all ages",2025-2026,Colorado,uptake_100,Uptake 100%; otherwise reference,0.6801699230575908,0.6852166475222188,62168,Age under 1 year,2023,"U.S. Census Bureau Population Estimates Program, Vintage 2023 Annual Resident Population Estimates by Single Year of Age and Sex","https://api.census.gov/data/2023/pep/charv?get=NAME,POP,AGE_DESC,YEAR&for=state:*&YEAR=2023&AGE=0001&SEX=0",0.00504672446462795,0.011774214704994403,11.774214704994403,late_oct_apr,Late Oct-Apr,baseline_oct_mar,Baseline Oct-Mar,"Pelletier et al. JAMA Network Open 2025 untreated infants: 2,535 RSV-associated hospitalizations among 215,301 untreated infants.","U.S. Census Bureau Population Estimates Program, Vintage 2023 Annual Resident Population Estimates by Single Year of Age and Sex, age under 1 year.",3.6940982435393837,3.6940982435393837,5.9421217403477415
nssp,"RSV ED visit percentage of total ED visits, all ages",2025-2026,Connecticut,uptake_100,Uptake 100%; otherwise reference,0.6529440097073731,0.6566245397147379,34935,Age under 1 year,2023,"U.S. Census Bureau Population Estimates Program, Vintage 2023 Annual Resident Population Estimates by Single Year of Age and Sex","https://api.census.gov/data/2023/pep/charv?get=NAME,POP,AGE_DESC,YEAR&for=state:*&YEAR=2023&AGE=0001&SEX=0",0.0036805300073647906,0.011774214704994403,11.774214704994403,late_oct_apr,Late Oct-Apr,baseline_oct_mar,Baseline Oct-Mar,"Pelletier et al. JAMA Network Open 2025 untreated infants: 2,535 RSV-associated hospitalizations among 215,301 untreated infants.","U.S. Census Bureau Population Estimates Program, Vintage 2023 Annual Resident Population Estimates by Single Year of Age and Sex, age under 1 year.",1.513920470936301,1.513920470936301,4.3335350534887676
nssp,"RSV ED visit percentage of total ED visits, all ages",2025-2026,Delaware,uptake_100,Uptake 100%; otherwise reference,0.6287291411678266,0.6322708576337649,10745,Age under 1 year,2023,"U.S. Census Bureau Population Estimates Program, Vintage 2023 Annual Resident Population Estimates by Single Year of Age and Sex","https://api.census.gov/data/2023/pep/charv?get=NAME,POP,AGE_DESC,YEAR&for=state:*&YEAR=2023&AGE=0001&SEX=0",0.0035417164659382605,0.011774214704994403,11.774214704994403,late_oct_apr,Late Oct-Apr,baseline_oct_mar,Baseline Oct-Mar,"Pelletier et al. JAMA Network Open 2025 untreated infants: 2,535 RSV-associated hospitalizations among 215,301 untreated infants.","U.S. Census Bureau Population Estimates Program, Vintage 2023 Annual Resident Population Estimates by Single Year of Age and Sex, age under 1 year.",0.4480764938618682,0.4480764938618682,4.170093009417108
nssp,"RSV ED visit percentage of total ED visits, all ages",2025-2026,District of Columbia,uptake_100,Uptake 100%; otherwise reference,0.5831790713667471,0.5862124731228753,7791,Age under 1 year,2023,"U.S. Census Bureau Population Estimates Program, Vintage 2023 Annual Resident Population Estimates by Single Year of Age and Sex","https://api.census.gov/data/2023/pep/charv?get=NAME,POP,AGE_DESC,YEAR&for=state:*&YEAR=2023&AGE=0001&SEX=0",0.0030334017561282067,0.011774214704994403,11.774214704994403,late_oct_apr,Late Oct-Apr,baseline_oct_mar,Baseline Oct-Mar,"Pelletier et al. JAMA Network Open 2025 untreated infants: 2,535 RSV-associated hospitalizations among 215,301 untreated infants.","U.S. Census Bureau Population Estimates Program, Vintage 2023 Annual Resident Population Estimates by Single Year of Age and Sex, age under 1 year.",0.27826276048058407,0.27826276048058407,3.571592356316058
nssp,"RSV ED visit percentage of total ED visits, all ages",2025-2026,Florida,uptake_100,Uptake 100%; otherwise reference,0.4858826668563163,0.49077421465384885,224670,Age under 1 year,2023,"U.S. Census Bureau Population Estimates Program, Vintage 2023 Annual Resident Population Estimates by Single Year of Age and Sex","https://api.census.gov/data/2023/pep/charv?get=NAME,POP,AGE_DESC,YEAR&for=state:*&YEAR=2023&AGE=0001&SEX=0",0.004891547797532536,0.011774214704994403,11.774214704994403,late_oct_apr,Late Oct-Apr,baseline_oct_mar,Baseline Oct-Mar,"Pelletier et al. JAMA Network Open 2025 untreated infants: 2,535 RSV-associated hospitalizations among 215,301 untreated infants.","U.S. Census Bureau Population Estimates Program, Vintage 2023 Annual Resident Population Estimates by Single Year of Age and Sex, age under 1 year.",12.939674087552774,12.939674087552774,5.759413400789057
nssp,"RSV ED visit percentage of total ED visits, all ages",2025-2026,Georgia,uptake_100,Uptake 100%; otherwise reference,0.5669705632066459,0.5699905758999747,125156,Age under 1 year,2023,"U.S. Census Bureau Population Estimates Program, Vintage 2023 Annual Resident Population Estimates by Single Year of Age and Sex","https://api.census.gov/data/2023/pep/charv?get=NAME,POP,AGE_DESC,YEAR&for=state:*&YEAR=2023&AGE=0001&SEX=0",0.003020012693328855,0.011774214704994403,11.774214704994403,late_oct_apr,Late Oct-Apr,baseline_oct_mar,Baseline Oct-Mar,"Pelletier et al. JAMA Network Open 2025 untreated infants: 2,535 RSV-associated hospitalizations among 215,301 untreated infants.","U.S. Census Bureau Population Estimates Program, Vintage 2023 Annual Resident Population Estimates by Single Year of Age and Sex, age under 1 year.",4.4503318242294325,4.4503318242294325,3.555827786306236
nssp,"RSV ED visit percentage of total ED visits, all ages",2025-2026,Hawaii,uptake_100,Uptake 100%; otherwise reference,0.5703236240271535,0.5808152616044124,15147,Age under 1 year,2023,"U.S. Census Bureau Population Estimates Program, Vintage 2023 Annual Resident Population Estimates by Single Year of Age and Sex","https://api.census.gov/data/2023/pep/charv?get=NAME,POP,AGE_DESC,YEAR&for=state:*&YEAR=2023&AGE=0001&SEX=0",0.010491637577258905,0.011774214704994403,11.774214704994403,late_oct_apr,Late Oct-Apr,baseline_oct_mar,Baseline Oct-Mar,"Pelletier et al. JAMA Network Open 2025 untreated infants: 2,535 RSV-associated hospitalizations among 215,301 untreated infants.","U.S. Census Bureau Population Estimates Program, Vintage 2023 Annual Resident Population Estimates by Single Year of Age and Sex, age under 1 year.",1.871120928260425,1.871120928260425,12.353079344163367
nssp,"RSV ED visit percentage of total ED visits, all ages",2025-2026,Idaho,uptake_100,Uptake 100%; otherwise reference,0.6655587722581997,0.6719513136393012,22331,Age under 1 year,2023,"U.S. Census Bureau Population Estimates Program, Vintage 2023 Annual Resident Population Estimates by Single Year of Age and Sex","https://api.census.gov/data/2023/pep/charv?get=NAME,POP,AGE_DESC,YEAR&for=state:*&YEAR=2023&AGE=0001&SEX=0",0.0063925413811014575,0.011774214704994403,11.774214704994403,late_oct_apr,Late Oct-Apr,baseline_oct_mar,Baseline Oct-Mar,"Pelletier et al. JAMA Network Open 2025 untreated infants: 2,535 RSV-associated hospitalizations among 215,301 untreated infants.","U.S. Census Bureau Population Estimates Program, Vintage 2023 Annual Resident Population Estimates by Single Year of Age and Sex, age under 1 year.",1.6807908323124763,1.6807908323124763,7.526715473165002
nssp,"RSV ED visit percentage of total ED visits, all ages",2025-2026,Illinois,uptake_100,Uptake 100%; otherwise reference,0.6559811576920063,0.6600391931001933,126792,Age under 1 year,2023,"U.S. Census Bureau Population Estimates Program, Vintage 2023 Annual Resident Population Estimates by Single Year of Age and Sex","https://api.census.gov/data/2023/pep/charv?get=NAME,POP,AGE_DESC,YEAR&for=state:*&YEAR=2023&AGE=0001&SEX=0",0.004058035408187055,0.011774214704994403,11.774214704994403,late_oct_apr,Late Oct-Apr,baseline_oct_mar,Baseline Oct-Mar,"Pelletier et al. JAMA Network Open 2025 untreated infants: 2,535 RSV-associated hospitalizations among 215,301 untreated infants.","U.S. Census Bureau Population Estimates Program, Vintage 2023 Annual Resident Population Estimates by Single Year of Age and Sex, age under 1 year.",6.058144604934222,6.058144604934222,4.778018017646399
nssp,"RSV ED visit percentage of total ED visits, all ages",2025-2026,Indiana,uptake_100,Uptake 100%; otherwise reference,0.6471519911052636,0.6529336891278865,79101,Age under 1 year,2023,"U.S. Census Bureau Population Estimates Program, Vintage 2023 Annual Resident Population Estimates by Single Year of Age and Sex","https://api.census.gov/data/2023/pep/charv?get=NAME,POP,AGE_DESC,YEAR&for=state:*&YEAR=2023&AGE=0001&SEX=0",0.005781698022622961,0.011774214704994403,11.774214704994403,late_oct_apr,Late Oct-Apr,baseline_oct_mar,Baseline Oct-Mar,"Pelletier et al. JAMA Network Open 2025 untreated infants: 2,535 RSV-associated hospitalizations among 215,301 untreated infants.","U.S. Census Bureau Population Estimates Program, Vintage 2023 Annual Resident Population Estimates by Single Year of Age and Sex, age under 1 year.",5.3847969266882005,5.3847969266882005,6.807495387780433
nssp,"RSV ED visit percentage of total ED visits, all ages",2025-2026,Iowa,uptake_100,Uptake 100%; otherwise reference,0.6827897061139638,0.6867833949882399,36766,Age under 1 year,2023,"U.S. Census Bureau Population Estimates Program, Vintage 2023 Annual Resident Population Estimates by Single Year of Age and Sex","https://api.census.gov/data/2023/pep/charv?get=NAME,POP,AGE_DESC,YEAR&for=state:*&YEAR=2023&AGE=0001&SEX=0",0.003993688874276091,0.011774214704994403,11.774214704994403,late_oct_apr,Late Oct-Apr,baseline_oct_mar,Baseline Oct-Mar,"Pelletier et al. JAMA Network Open 2025 untreated infants: 2,535 RSV-associated hospitalizations among 215,301 untreated infants.","U.S. Census Bureau Population Estimates Program, Vintage 2023 Annual Resident Population Estimates by Single Year of Age and Sex, age under 1 year.",1.7288310832516038,1.7288310832516038,4.70225502706741
nssp,"RSV ED visit percentage of total ED visits, all ages",2025-2026,Kansas,uptake_100,Uptake 100%; otherwise reference,0.6663503761226056,0.670587580790251,34590,Age under 1 year,2023,"U.S. Census Bureau Population Estimates Program, Vintage 2023 Annual Resident Population Estimates by Single Year of Age and Sex","https://api.census.gov/data/2023/pep/charv?get=NAME,POP,AGE_DESC,YEAR&for=state:*&YEAR=2023&AGE=0001&SEX=0",0.004237204667645433,0.011774214704994403,11.774214704994403,late_oct_apr,Late Oct-Apr,baseline_oct_mar,Baseline Oct-Mar,"Pelletier et al. JAMA Network Open 2025 untreated infants: 2,535 RSV-associated hospitalizations among 215,301 untreated infants.","U.S. Census Bureau Population Estimates Program, Vintage 2023 Annual Resident Population Estimates by Single Year of Age and Sex, age under 1 year.",1.725686712127759,1.725686712127759,4.988975750586179
nssp,"RSV ED visit percentage of total ED visits, all ages",2025-2026,Kentucky,uptake_100,Uptake 100%; otherwise reference,0.6237440499351549,0.6305788369686747,52111,Age under 1 year,2023,"U.S. Census Bureau Population Estimates Program, Vintage 2023 Annual Resident Population Estimates by Single Year of Age and Sex","https://api.census.gov/data/2023/pep/charv?get=NAME,POP,AGE_DESC,YEAR&for=state:*&YEAR=2023&AGE=0001&SEX=0",0.006834787033519807,0.011774214704994403,11.774214704994403,late_oct_apr,Late Oct-Apr,baseline_oct_mar,Baseline Oct-Mar,"Pelletier et al. JAMA Network Open 2025 untreated infants: 2,535 RSV-associated hospitalizations among 215,301 untreated infants.","U.S. Census Bureau Population Estimates Program, Vintage 2023 Annual Resident Population Estimates by Single Year of Age and Sex, age under 1 year.",4.193593641519356,4.193593641519356,8.047424999557398
nssp,"RSV ED visit percentage of total ED visits, all ages",2025-2026,Louisiana,uptake_100,Uptake 100%; otherwise reference,0.5922453242932386,0.5960286840515294,55838,Age under 1 year,2023,"U.S. Census Bureau Population Estimates Program, Vintage 2023 Annual Resident Population Estimates by Single Year of Age and Sex","https://api.census.gov/data/2023/pep/charv?get=NAME,POP,AGE_DESC,YEAR&for=state:*&YEAR=2023&AGE=0001&SEX=0",0.003783359758290805,0.011774214704994403,11.774214704994403,late_oct_apr,Late Oct-Apr,baseline_oct_mar,Baseline Oct-Mar,"Pelletier et al. JAMA Network Open 2025 untreated infants: 2,535 RSV-associated hospitalizations among 215,301 untreated infants.","U.S. Census Bureau Population Estimates Program, Vintage 2023 Annual Resident Population Estimates by Single Year of Age and Sex, age under 1 year.",2.487364579023436,2.487364579023436,4.454609010035167
nssp,"RSV ED visit percentage of total ED visits, all ages",2025-2026,Maine,uptake_100,Uptake 100%; otherwise reference,0.6788812486568941,0.6926317211725895,11892,Age under 1 year,2023,"U.S. Census Bureau Population Estimates Program, Vintage 2023 Annual Resident Population Estimates by Single Year of Age and Sex","https://api.census.gov/data/2023/pep/charv?get=NAME,POP,AGE_DESC,YEAR&for=state:*&YEAR=2023&AGE=0001&SEX=0",0.013750472515695389,0.011774214704994403,11.774214704994403,late_oct_apr,Late Oct-Apr,baseline_oct_mar,Baseline Oct-Mar,"Pelletier et al. JAMA Network Open 2025 untreated infants: 2,535 RSV-associated hospitalizations among 215,301 untreated infants.","U.S. Census Bureau Population Estimates Program, Vintage 2023 Annual Resident Population Estimates by Single Year of Age and Sex, age under 1 year.",1.9253268786440128,1.9253268786440128,16.190101569492203
nssp,"RSV ED visit percentage of total ED visits, all ages",2025-2026,Maryland,uptake_100,Uptake 100%; otherwise reference,0.603710079434505,0.6066576757746533,68060,Age under 1 year,2023,"U.S. Census Bureau Population Estimates Program, Vintage 2023 Annual Resident Population Estimates by Single Year of Age and Sex","https://api.census.gov/data/2023/pep/charv?get=NAME,POP,AGE_DESC,YEAR&for=state:*&YEAR=2023&AGE=0001&SEX=0",0.002947596340148295,0.011774214704994403,11.774214704994403,late_oct_apr,Late Oct-Apr,baseline_oct_mar,Baseline Oct-Mar,"Pelletier et al. JAMA Network Open 2025 untreated infants: 2,535 RSV-associated hospitalizations among 215,301 untreated infants.","U.S. Census Bureau Population Estimates Program, Vintage 2023 Annual Resident Population Estimates by Single Year of Age and Sex, age under 1 year.",2.362065325664552,2.362065325664552,3.4705632172561742
nssp,"RSV ED visit percentage of total ED visits, all ages",2025-2026,Massachusetts,uptake_100,Uptake 100%; otherwise reference,0.6465086225337172,0.6509621732353452,69103,Age under 1 year,2023,"U.S. Census Bureau Population Estimates Program, Vintage 2023 Annual Resident Population Estimates by Single Year of Age and Sex","https://api.census.gov/data/2023/pep/charv?get=NAME,POP,AGE_DESC,YEAR&for=state:*&YEAR=2023&AGE=0001&SEX=0",0.004453550701628006,0.011774214704994403,11.774214704994403,late_oct_apr,Late Oct-Apr,baseline_oct_mar,Baseline Oct-Mar,"Pelletier et al. JAMA Network Open 2025 untreated infants: 2,535 RSV-associated hospitalizations among 215,301 untreated infants.","U.S. Census Bureau Population Estimates Program, Vintage 2023 Annual Resident Population Estimates by Single Year of Age and Sex, age under 1 year.",3.6235583064802523,3.6235583064802523,5.243706216054662
nssp,"RSV ED visit percentage of total ED visits, all ages",2025-2026,Michigan,uptake_100,Uptake 100%; otherwise reference,0.6779368426467051,0.685484013686491,101385,Age under 1 year,2023,"U.S. Census Bureau Population Estimates Program, Vintage 2023 Annual Resident Population Estimates by Single Year of Age and Sex","https://api.census.gov/data/2023/pep/charv?get=NAME,POP,AGE_DESC,YEAR&for=state:*&YEAR=2023&AGE=0001&SEX=0",0.0075471710397859715,0.011774214704994403,11.774214704994403,late_oct_apr,Late Oct-Apr,baseline_oct_mar,Baseline Oct-Mar,"Pelletier et al. JAMA Network Open 2025 untreated infants: 2,535 RSV-associated hospitalizations among 215,301 untreated infants.","U.S. Census Bureau Population Estimates Program, Vintage 2023 Annual Resident Population Estimates by Single Year of Age and Sex, age under 1 year.",9.009275110724879,9.009275110724879,8.886201223775588
nssp,"RSV ED visit percentage of total ED visits, all ages",2025-2026,Minnesota,uptake_100,Uptake 100%; otherwise reference,0.6510831694290447,0.658224831006328,63637,Age under 1 year,2023,"U.S. Census Bureau Population Estimates Program, Vintage 2023 Annual Resident Population Estimates by Single Year of Age and Sex","https://api.census.gov/data/2023/pep/charv?get=NAME,POP,AGE_DESC,YEAR&for=state:*&YEAR=2023&AGE=0001&SEX=0",0.007141661577283354,0.011774214704994403,11.774214704994403,late_oct_apr,Late Oct-Apr,baseline_oct_mar,Baseline Oct-Mar,"Pelletier et al. JAMA Network Open 2025 untreated infants: 2,535 RSV-associated hospitalizations among 215,301 untreated infants.","U.S. Census Bureau Population Estimates Program, Vintage 2023 Annual Resident Population Estimates by Single Year of Age and Sex, age under 1 year.",5.351073485921596,5.351073485921596,8.40874567613432
nssp,"RSV ED visit percentage of total ED visits, all ages",2025-2026,Mississippi,uptake_100,Uptake 100%; otherwise reference,0.6142332367904778,0.6202034597933477,34372,Age under 1 year,2023,"U.S. Census Bureau Population Estimates Program, Vintage 2023 Annual Resident Population Estimates by Single Year of Age and Sex","https://api.census.gov/data/2023/pep/charv?get=NAME,POP,AGE_DESC,YEAR&for=state:*&YEAR=2023&AGE=0001&SEX=0",0.005970223002869868,0.011774214704994403,11.774214704994403,late_oct_apr,Late Oct-Apr,baseline_oct_mar,Baseline Oct-Mar,"Pelletier et al. JAMA Network Open 2025 untreated infants: 2,535 RSV-associated hospitalizations among 215,301 untreated infants.","U.S. Census Bureau Population Estimates Program, Vintage 2023 Annual Resident Population Estimates by Single Year of Age and Sex, age under 1 year.",2.416168997804297,2.416168997804297,7.029468747248624
nssp,"RSV ED visit percentage of total ED visits, all ages",2025-2026,Missouri,uptake_100,Uptake 100%; otherwise reference,0.6473123479415938,0.6509237141908549,67996,Age under 1 year,2023,"U.S. Census Bureau Population Estimates Program, Vintage 2023 Annual Resident Population Estimates by Single Year of Age and Sex","https://api.census.gov/data/2023/pep/charv?get=NAME,POP,AGE_DESC,YEAR&for=state:*&YEAR=2023&AGE=0001&SEX=0",0.003611366249261172,0.011774214704994403,11.774214704994403,late_oct_apr,Late Oct-Apr,baseline_oct_mar,Baseline Oct-Mar,"Pelletier et al. JAMA Network Open 2025 untreated infants: 2,535 RSV-associated hospitalizations among 215,301 untreated infants.","U.S. Census Bureau Population Estimates Program, Vintage 2023 Annual Resident Population Estimates by Single Year of Age and Sex, age under 1 year.",2.8912580246012647,2.8912580246012647,4.252100159717138
nssp,"RSV ED visit percentage of total ED visits, all ages",2025-2026,Montana,uptake_100,Uptake 100%; otherwise reference,0.6811095903658739,0.696192341045092,11266,Age under 1 year,2023,"U.S. Census Bureau Population Estimates Program, Vintage 2023 Annual Resident Population Estimates by Single Year of Age and Sex","https://api.census.gov/data/2023/pep/charv?get=NAME,POP,AGE_DESC,YEAR&for=state:*&YEAR=2023&AGE=0001&SEX=0",0.015082750679218049,0.011774214704994403,11.774214704994403,late_oct_apr,Late Oct-Apr,baseline_oct_mar,Baseline Oct-Mar,"Pelletier et al. JAMA Network Open 2025 untreated infants: 2,535 RSV-associated hospitalizations among 215,301 untreated infants.","U.S. Census Bureau Population Estimates Program, Vintage 2023 Annual Resident Population Estimates by Single Year of Age and Sex, age under 1 year.",2.0007012801563255,2.0007012801563255,17.75875448390135
nssp,"RSV ED visit percentage of total ED visits, all ages",2025-2026,Nebraska,uptake_100,Uptake 100%; otherwise reference,0.6835780323535341,0.6964525391478023,24144,Age under 1 year,2023,"U.S. Census Bureau Population Estimates Program, Vintage 2023 Annual Resident Population Estimates by Single Year of Age and Sex","https://api.census.gov/data/2023/pep/charv?get=NAME,POP,AGE_DESC,YEAR&for=state:*&YEAR=2023&AGE=0001&SEX=0",0.012874506794268159,0.011774214704994403,11.774214704994403,late_oct_apr,Late Oct-Apr,baseline_oct_mar,Baseline Oct-Mar,"Pelletier et al. JAMA Network Open 2025 untreated infants: 2,535 RSV-associated hospitalizations among 215,301 untreated infants.","U.S. Census Bureau Population Estimates Program, Vintage 2023 Annual Resident Population Estimates by Single Year of Age and Sex, age under 1 year.",3.659921531038134,3.659921531038134,15.158720721662252
nssp,"RSV ED visit percentage of total ED visits, all ages",2025-2026,Nevada,uptake_100,Uptake 100%; otherwise reference,0.6663465362089613,0.6717050519360342,32716,Age under 1 year,2023,"U.S. Census Bureau Population Estimates Program, Vintage 2023 Annual Resident Population Estimates by Single Year of Age and Sex","https://api.census.gov/data/2023/pep/charv?get=NAME,POP,AGE_DESC,YEAR&for=state:*&YEAR=2023&AGE=0001&SEX=0",0.00535851572707291,0.011774214704994403,11.774214704994403,late_oct_apr,Late Oct-Apr,baseline_oct_mar,Baseline Oct-Mar,"Pelletier et al. JAMA Network Open 2025 untreated infants: 2,535 RSV-associated hospitalizations among 215,301 untreated infants.","U.S. Census Bureau Population Estimates Program, Vintage 2023 Annual Resident Population Estimates by Single Year of Age and Sex, age under 1 year.",2.0641281667648426,2.0641281667648426,6.3092314670645635
nssp,"RSV ED visit percentage of total ED visits, all ages",2025-2026,New Hampshire,uptake_100,Uptake 100%; otherwise reference,0.666790592820198,0.6715949342351628,12164,Age under 1 year,2023,"U.S. Census Bureau Population Estimates Program, Vintage 2023 Annual Resident Population Estimates by Single Year of Age and Sex","https://api.census.gov/data/2023/pep/charv?get=NAME,POP,AGE_DESC,YEAR&for=state:*&YEAR=2023&AGE=0001&SEX=0",0.0048043414149647745,0.011774214704994403,11.774214704994403,late_oct_apr,Late Oct-Apr,baseline_oct_mar,Baseline Oct-Mar,"Pelletier et al. JAMA Network Open 2025 untreated infants: 2,535 RSV-associated hospitalizations among 215,301 untreated infants.","U.S. Census Bureau Population Estimates Program, Vintage 2023 Annual Resident Population Estimates by Single Year of Age and Sex, age under 1 year.",0.6880852129937887,0.6880852129937887,5.656734733589187
nssp,"RSV ED visit percentage of total ED visits, all ages",2025-2026,New Jersey,uptake_100,Uptake 100%; otherwise reference,0.62298688708234,0.6262215910950164,102477,Age under 1 year,2023,"U.S. Census Bureau Population Estimates Program, Vintage 2023 Annual Resident Population Estimates by Single Year of Age and Sex","https://api.census.gov/data/2023/pep/charv?get=NAME,POP,AGE_DESC,YEAR&for=state:*&YEAR=2023&AGE=0001&SEX=0",0.003234704012676448,0.011774214704994403,11.774214704994403,late_oct_apr,Late Oct-Apr,baseline_oct_mar,Baseline Oct-Mar,"Pelletier et al. JAMA Network Open 2025 untreated infants: 2,535 RSV-associated hospitalizations among 215,301 untreated infants.","U.S. Census Bureau Population Estimates Program, Vintage 2023 Annual Resident Population Estimates by Single Year of Age and Sex, age under 1 year.",3.902949223827138,3.902949223827138,3.808609955235944
nssp,"RSV ED visit percentage of total ED visits, all ages",2025-2026,New Mexico,uptake_100,Uptake 100%; otherwise reference,0.6854375019397417,0.6908722280684438,20589,Age under 1 year,2023,"U.S. Census Bureau Population Estimates Program, Vintage 2023 Annual Resident Population Estimates by Single Year of Age and Sex","https://api.census.gov/data/2023/pep/charv?get=NAME,POP,AGE_DESC,YEAR&for=state:*&YEAR=2023&AGE=0001&SEX=0",0.005434726128702105,0.011774214704994403,11.774214704994403,late_oct_apr,Late Oct-Apr,baseline_oct_mar,Baseline Oct-Mar,"Pelletier et al. JAMA Network Open 2025 untreated infants: 2,535 RSV-associated hospitalizations among 215,301 untreated infants.","U.S. Census Bureau Population Estimates Program, Vintage 2023 Annual Resident Population Estimates by Single Year of Age and Sex, age under 1 year.",1.3174825394696177,1.3174825394696177,6.398963230218164
nssp,"RSV ED visit percentage of total ED visits, all ages",2025-2026,New York,uptake_100,Uptake 100%; otherwise reference,0.6326090358873523,0.6364066987764656,209673,Age under 1 year,2023,"U.S. Census Bureau Population Estimates Program, Vintage 2023 Annual Resident Population Estimates by Single Year of Age and Sex","https://api.census.gov/data/2023/pep/charv?get=NAME,POP,AGE_DESC,YEAR&for=state:*&YEAR=2023&AGE=0001&SEX=0",0.003797662889113318,0.011774214704994403,11.774214704994403,late_oct_apr,Late Oct-Apr,baseline_oct_mar,Baseline Oct-Mar,"Pelletier et al. JAMA Network Open 2025 untreated infants: 2,535 RSV-associated hospitalizations among 215,301 untreated infants.","U.S. Census Bureau Population Estimates Program, Vintage 2023 Annual Resident Population Estimates by Single Year of Age and Sex, age under 1 year.",9.375422988135616,9.375422988135616,4.471449823360956
nssp,"RSV ED visit percentage of total ED visits, all ages",2025-2026,North Carolina,uptake_100,Uptake 100%; otherwise reference,0.6218903586543036,0.6265761731039607,120602,Age under 1 year,2023,"U.S. Census Bureau Population Estimates Program, Vintage 2023 Annual Resident Population Estimates by Single Year of Age and Sex","https://api.census.gov/data/2023/pep/charv?get=NAME,POP,AGE_DESC,YEAR&for=state:*&YEAR=2023&AGE=0001&SEX=0",0.0046858144496571,0.011774214704994403,11.774214704994403,late_oct_apr,Late Oct-Apr,baseline_oct_mar,Baseline Oct-Mar,"Pelletier et al. JAMA Network Open 2025 untreated infants: 2,535 RSV-associated hospitalizations among 215,301 untreated infants.","U.S. Census Bureau Population Estimates Program, Vintage 2023 Annual Resident Population Estimates by Single Year of Age and Sex, age under 1 year.",6.653827662572958,6.653827662572958,5.517178539802789
nssp,"RSV ED visit percentage of total ED visits, all ages",2025-2026,North Dakota,uptake_100,Uptake 100%; otherwise reference,0.686462771672675,0.699468948629737,9626,Age under 1 year,2023,"U.S. Census Bureau Population Estimates Program, Vintage 2023 Annual Resident Population Estimates by Single Year of Age and Sex","https://api.census.gov/data/2023/pep/charv?get=NAME,POP,AGE_DESC,YEAR&for=state:*&YEAR=2023&AGE=0001&SEX=0",0.013006176957061966,0.011774214704994403,11.774214704994403,late_oct_apr,Late Oct-Apr,baseline_oct_mar,Baseline Oct-Mar,"Pelletier et al. JAMA Network Open 2025 untreated infants: 2,535 RSV-associated hospitalizations among 215,301 untreated infants.","U.S. Census Bureau Population Estimates Program, Vintage 2023 Annual Resident Population Estimates by Single Year of Age and Sex, age under 1 year.",1.4741017673621177,1.4741017673621177,15.313751998359836
nssp,"RSV ED visit percentage of total ED visits, all ages",2025-2026,Ohio,uptake_100,Uptake 100%; otherwise reference,0.6616165699787747,0.6657478257720348,128059,Age under 1 year,2023,"U.S. Census Bureau Population Estimates Program, Vintage 2023 Annual Resident Population Estimates by Single Year of Age and Sex","https://api.census.gov/data/2023/pep/charv?get=NAME,POP,AGE_DESC,YEAR&for=state:*&YEAR=2023&AGE=0001&SEX=0",0.004131255793260125,0.011774214704994403,11.774214704994403,late_oct_apr,Late Oct-Apr,baseline_oct_mar,Baseline Oct-Mar,"Pelletier et al. JAMA Network Open 2025 untreated infants: 2,535 RSV-associated hospitalizations among 215,301 untreated infants.","U.S. Census Bureau Population Estimates Program, Vintage 2023 Annual Resident Population Estimates by Single Year of Age and Sex, age under 1 year.",6.229083362290329,6.229083362290329,4.864229271109668
nssp,"RSV ED visit percentage of total ED visits, all ages",2025-2026,Oklahoma,uptake_100,Uptake 100%; otherwise reference,0.6547013423136773,0.6589445018020252,47714,Age under 1 year,2023,"U.S. Census Bureau Population Estimates Program, Vintage 2023 Annual Resident Population Estimates by Single Year of Age and Sex","https://api.census.gov/data/2023/pep/charv?get=NAME,POP,AGE_DESC,YEAR&for=state:*&YEAR=2023&AGE=0001&SEX=0",0.0042431594883479695,0.011774214704994403,11.774214704994403,late_oct_apr,Late Oct-Apr,baseline_oct_mar,Baseline Oct-Mar,"Pelletier et al. JAMA Network Open 2025 untreated infants: 2,535 RSV-associated hospitalizations among 215,301 untreated infants.","U.S. Census Bureau Population Estimates Program, Vintage 2023 Annual Resident Population Estimates by Single Year of Age and Sex, age under 1 year.",2.3837852774192774,2.3837852774192774,4.9959870843343195
nssp,"RSV ED visit percentage of total ED visits, all ages",2025-2026,Oregon,uptake_100,Uptake 100%; otherwise reference,0.6791814208681547,0.6859975380278519,38904,Age under 1 year,2023,"U.S. Census Bureau Population Estimates Program, Vintage 2023 Annual Resident Population Estimates by Single Year of Age and Sex","https://api.census.gov/data/2023/pep/charv?get=NAME,POP,AGE_DESC,YEAR&for=state:*&YEAR=2023&AGE=0001&SEX=0",0.00681611715969721,0.011774214704994403,11.774214704994403,late_oct_apr,Late Oct-Apr,baseline_oct_mar,Baseline Oct-Mar,"Pelletier et al. JAMA Network Open 2025 untreated infants: 2,535 RSV-associated hospitalizations among 215,301 untreated infants.","U.S. Census Bureau Population Estimates Program, Vintage 2023 Annual Resident Population Estimates by Single Year of Age and Sex, age under 1 year.",3.122218223832495,3.122218223832495,8.025442689267159
nssp,"RSV ED visit percentage of total ED visits, all ages",2025-2026,Pennsylvania,uptake_100,Uptake 100%; otherwise reference,0.646953340778853,0.6510178581490526,128878,Age under 1 year,2023,"U.S. Census Bureau Population Estimates Program, Vintage 2023 Annual Resident Population Estimates by Single Year of Age and Sex","https://api.census.gov/data/2023/pep/charv?get=NAME,POP,AGE_DESC,YEAR&for=state:*&YEAR=2023&AGE=0001&SEX=0",0.004064517370199527,0.011774214704994403,11.774214704994403,late_oct_apr,Late Oct-Apr,baseline_oct_mar,Baseline Oct-Mar,"Pelletier et al. JAMA Network Open 2025 untreated infants: 2,535 RSV-associated hospitalizations among 215,301 untreated infants.","U.S. Census Bureau Population Estimates Program, Vintage 2023 Annual Resident Population Estimates by Single Year of Age and Sex, age under 1 year.",6.167650031346144,6.167650031346144,4.785650018890846
nssp,"RSV ED visit percentage of total ED visits, all ages",2025-2026,Rhode Island,uptake_100,Uptake 100%; otherwise reference,0.639877757794089,0.6432824753121689,10018,Age under 1 year,2023,"U.S. Census Bureau Population Estimates Program, Vintage 2023 Annual Resident Population Estimates by Single Year of Age and Sex","https://api.census.gov/data/2023/pep/charv?get=NAME,POP,AGE_DESC,YEAR&for=state:*&YEAR=2023&AGE=0001&SEX=0",0.003404717518079914,0.011774214704994403,11.774214704994403,late_oct_apr,Late Oct-Apr,baseline_oct_mar,Baseline Oct-Mar,"Pelletier et al. JAMA Network Open 2025 untreated infants: 2,535 RSV-associated hospitalizations among 215,301 untreated infants.","U.S. Census Bureau Population Estimates Program, Vintage 2023 Annual Resident Population Estimates by Single Year of Age and Sex, age under 1 year.",0.4016003324285048,0.4016003324285048,4.008787506772857
nssp,"RSV ED visit percentage of total ED visits, all ages",2025-2026,South Carolina,uptake_100,Uptake 100%; otherwise reference,0.5699423397035794,0.5731497044072037,57279,Age under 1 year,2023,"U.S. Census Bureau Population Estimates Program, Vintage 2023 Annual Resident Population Estimates by Single Year of Age and Sex","https://api.census.gov/data/2023/pep/charv?get=NAME,POP,AGE_DESC,YEAR&for=state:*&YEAR=2023&AGE=0001&SEX=0",0.0032073647036242603,0.011774214704994403,11.774214704994403,late_oct_apr,Late Oct-Apr,baseline_oct_mar,Baseline Oct-Mar,"Pelletier et al. JAMA Network Open 2025 untreated infants: 2,535 RSV-associated hospitalizations among 215,301 untreated infants.","U.S. Census Bureau Population Estimates Program, Vintage 2023 Annual Resident Population Estimates by Single Year of Age and Sex, age under 1 year.",2.163095649471985,2.163095649471985,3.7764200657692784
nssp,"RSV ED visit percentage of total ED visits, all ages",2025-2026,South Dakota,uptake_100,Uptake 100%; otherwise reference,0.6837968740788427,0.6964311394047411,11434,Age under 1 year,2023,"U.S. Census Bureau Population Estimates Program, Vintage 2023 Annual Resident Population Estimates by Single Year of Age and Sex","https://api.census.gov/data/2023/pep/charv?get=NAME,POP,AGE_DESC,YEAR&for=state:*&YEAR=2023&AGE=0001&SEX=0",0.012634265325898397,0.011774214704994403,11.774214704994403,late_oct_apr,Late Oct-Apr,baseline_oct_mar,Baseline Oct-Mar,"Pelletier et al. JAMA Network Open 2025 untreated infants: 2,535 RSV-associated hospitalizations among 215,301 untreated infants.","U.S. Census Bureau Population Estimates Program, Vintage 2023 Annual Resident Population Estimates by Single Year of Age and Sex, age under 1 year.",1.7009052902796873,1.7009052902796873,14.875855258699382
nssp,"RSV ED visit percentage of total ED visits, all ages",2025-2026,Tennessee,uptake_100,Uptake 100%; otherwise reference,0.6173667088024389,0.6231339685673385,81959,Age under 1 year,2023,"U.S. Census Bureau Population Estimates Program, Vintage 2023 Annual Resident Population Estimates by Single Year of Age and Sex","https://api.census.gov/data/2023/pep/charv?get=NAME,POP,AGE_DESC,YEAR&for=state:*&YEAR=2023&AGE=0001&SEX=0",0.005767259764899557,0.011774214704994403,11.774214704994403,late_oct_apr,Late Oct-Apr,baseline_oct_mar,Baseline Oct-Mar,"Pelletier et al. JAMA Network Open 2025 untreated infants: 2,535 RSV-associated hospitalizations among 215,301 untreated infants.","U.S. Census Bureau Population Estimates Program, Vintage 2023 Annual Resident Population Estimates by Single Year of Age and Sex, age under 1 year.",5.5654221848310526,5.5654221848310526,6.790495473140293
nssp,"RSV ED visit percentage of total ED visits, all ages",2025-2026,Texas,uptake_100,Uptake 100%; otherwise reference,0.5822966179873057,0.5865891758985105,389814,Age under 1 year,2023,"U.S. Census Bureau Population Estimates Program, Vintage 2023 Annual Resident Population Estimates by Single Year of Age and Sex","https://api.census.gov/data/2023/pep/charv?get=NAME,POP,AGE_DESC,YEAR&for=state:*&YEAR=2023&AGE=0001&SEX=0",0.004292557911204753,0.011774214704994403,11.774214704994403,late_oct_apr,Late Oct-Apr,baseline_oct_mar,Baseline Oct-Mar,"Pelletier et al. JAMA Network Open 2025 untreated infants: 2,535 RSV-associated hospitalizations among 215,301 untreated infants.","U.S. Census Bureau Population Estimates Program, Vintage 2023 Annual Resident Population Estimates by Single Year of Age and Sex, age under 1 year.",19.701783688540047,19.701783688540047,5.054149848014706
nssp,"RSV ED visit percentage of total ED visits, all ages",2025-2026,Utah,uptake_100,Uptake 100%; otherwise reference,0.6866374131663362,0.6925796384287637,45759,Age under 1 year,2023,"U.S. Census Bureau Population Estimates Program, Vintage 2023 Annual Resident Population Estimates by Single Year of Age and Sex","https://api.census.gov/data/2023/pep/charv?get=NAME,POP,AGE_DESC,YEAR&for=state:*&YEAR=2023&AGE=0001&SEX=0",0.005942225262427492,0.011774214704994403,11.774214704994403,late_oct_apr,Late Oct-Apr,baseline_oct_mar,Baseline Oct-Mar,"Pelletier et al. JAMA Network Open 2025 untreated infants: 2,535 RSV-associated hospitalizations among 215,301 untreated infants.","U.S. Census Bureau Population Estimates Program, Vintage 2023 Annual Resident Population Estimates by Single Year of Age and Sex, age under 1 year.",3.2015300853103694,3.2015300853103694,6.9965036065263
nssp,"RSV ED visit percentage of total ED visits, all ages",2025-2026,Vermont,uptake_100,Uptake 100%; otherwise reference,0.6887703149764938,0.696169437972205,5112,Age under 1 year,2023,"U.S. Census Bureau Population Estimates Program, Vintage 2023 Annual Resident Population Estimates by Single Year of Age and Sex","https://api.census.gov/data/2023/pep/charv?get=NAME,POP,AGE_DESC,YEAR&for=state:*&YEAR=2023&AGE=0001&SEX=0",0.007399122995711216,0.011774214704994403,11.774214704994403,late_oct_apr,Late Oct-Apr,baseline_oct_mar,Baseline Oct-Mar,"Pelletier et al. JAMA Network Open 2025 untreated infants: 2,535 RSV-associated hospitalizations among 215,301 untreated infants.","U.S. Census Bureau Population Estimates Program, Vintage 2023 Annual Resident Population Estimates by Single Year of Age and Sex, age under 1 year.",0.44535162653220467,0.44535162653220467,8.711886278016525
nssp,"RSV ED visit percentage of total ED visits, all ages",2025-2026,Virginia,uptake_100,Uptake 100%; otherwise reference,0.5826755001733614,0.5880303282648635,95290,Age under 1 year,2023,"U.S. Census Bureau Population Estimates Program, Vintage 2023 Annual Resident Population Estimates by Single Year of Age and Sex","https://api.census.gov/data/2023/pep/charv?get=NAME,POP,AGE_DESC,YEAR&for=state:*&YEAR=2023&AGE=0001&SEX=0",0.005354828091502006,0.011774214704994403,11.774214704994403,late_oct_apr,Late Oct-Apr,baseline_oct_mar,Baseline Oct-Mar,"Pelletier et al. JAMA Network Open 2025 untreated infants: 2,535 RSV-associated hospitalizations among 215,301 untreated infants.","U.S. Census Bureau Population Estimates Program, Vintage 2023 Annual Resident Population Estimates by Single Year of Age and Sex, age under 1 year.",6.007929267220331,6.007929267220331,6.304889565768004
nssp,"RSV ED visit percentage of total ED visits, all ages",2025-2026,Washington,uptake_100,Uptake 100%; otherwise reference,0.649765005215362,0.6548716431359974,82456,Age under 1 year,2023,"U.S. Census Bureau Population Estimates Program, Vintage 2023 Annual Resident Population Estimates by Single Year of Age and Sex","https://api.census.gov/data/2023/pep/charv?get=NAME,POP,AGE_DESC,YEAR&for=state:*&YEAR=2023&AGE=0001&SEX=0",0.005106637920635482,0.011774214704994403,11.774214704994403,late_oct_apr,Late Oct-Apr,baseline_oct_mar,Baseline Oct-Mar,"Pelletier et al. JAMA Network Open 2025 untreated infants: 2,535 RSV-associated hospitalizations among 215,301 untreated infants.","U.S. Census Bureau Population Estimates Program, Vintage 2023 Annual Resident Population Estimates by Single Year of Age and Sex, age under 1 year.",4.957803159446715,4.957803159446715,6.0126651298228335
nssp,"RSV ED visit percentage of total ED visits, all ages",2025-2026,West Virginia,uptake_100,Uptake 100%; otherwise reference,0.6571230326890837,0.6664240144593836,17135,Age under 1 year,2023,"U.S. Census Bureau Population Estimates Program, Vintage 2023 Annual Resident Population Estimates by Single Year of Age and Sex","https://api.census.gov/data/2023/pep/charv?get=NAME,POP,AGE_DESC,YEAR&for=state:*&YEAR=2023&AGE=0001&SEX=0",0.009300981770299921,0.011774214704994403,11.774214704994403,late_oct_apr,Late Oct-Apr,baseline_oct_mar,Baseline Oct-Mar,"Pelletier et al. JAMA Network Open 2025 untreated infants: 2,535 RSV-associated hospitalizations among 215,301 untreated infants.","U.S. Census Bureau Population Estimates Program, Vintage 2023 Annual Resident Population Estimates by Single Year of Age and Sex, age under 1 year.",1.8764839447274049,1.8764839447274049,10.951175633075021
nssp,"RSV ED visit percentage of total ED visits, all ages",2025-2026,Wisconsin,uptake_100,Uptake 100%; otherwise reference,0.6834755096148,0.690751210707231,59547,Age under 1 year,2023,"U.S. Census Bureau Population Estimates Program, Vintage 2023 Annual Resident Population Estimates by Single Year of Age and Sex","https://api.census.gov/data/2023/pep/charv?get=NAME,POP,AGE_DESC,YEAR&for=state:*&YEAR=2023&AGE=0001&SEX=0",0.007275701092431031,0.011774214704994403,11.774214704994403,late_oct_apr,Late Oct-Apr,baseline_oct_mar,Baseline Oct-Mar,"Pelletier et al. JAMA Network Open 2025 untreated infants: 2,535 RSV-associated hospitalizations among 215,301 untreated infants.","U.S. Census Bureau Population Estimates Program, Vintage 2023 Annual Resident Population Estimates by Single Year of Age and Sex, age under 1 year.",5.101133460442102,5.101133460442102,8.566566679164529
nssp,"RSV ED visit percentage of total ED visits, all ages",2025-2026,Wyoming,uptake_100,Uptake 100%; otherwise reference,0.6880437559514864,0.6984195462016702,5847,Age under 1 year,2023,"U.S. Census Bureau Population Estimates Program, Vintage 2023 Annual Resident Population Estimates by Single Year of Age and Sex","https://api.census.gov/data/2023/pep/charv?get=NAME,POP,AGE_DESC,YEAR&for=state:*&YEAR=2023&AGE=0001&SEX=0",0.01037579025018387,0.011774214704994403,11.774214704994403,late_oct_apr,Late Oct-Apr,baseline_oct_mar,Baseline Oct-Mar,"Pelletier et al. JAMA Network Open 2025 untreated infants: 2,535 RSV-associated hospitalizations among 215,301 untreated infants.","U.S. Census Bureau Population Estimates Program, Vintage 2023 Annual Resident Population Estimates by Single Year of Age and Sex, age under 1 year.",0.7143091751705479,0.7143091751705479,12.216678213965247
