datasource,metric_label,season,jurisdiction,window_name,window_label,n_birth_cohorts,n_cohort_schedule_rows,share_receiving_ppx,median_person_activity_fractional_protection,q25_person_activity_fractional_protection,q75_person_activity_fractional_protection,mean_person_activity_fractional_protection,population_activity_weighted_protection,median_person_calendar_fractional_protection,mean_person_calendar_fractional_protection,total_activity_exposure_weight,uptake,efficacy_profile,protection_delay_days,protection_duration_days,eligibility_max_age_days,exposure_censor_age_days,birth_weight_scheme,allow_window_start_catchup
nhsn,"Pediatric RSV hospital admissions, ages 0-4",2024-2025,Alabama,baseline_oct_mar,Baseline Oct-Mar,509,2764,0.1310946491159135,0.13580574995004993,0.0,0.149309929903617,0.10012276710253003,0.13559383992676838,0.1274316393442623,0.09254002471903332,2605.7948717948716,0.185,piecewise_linear,6,210,244,244,uniform,False
nhsn,"Pediatric RSV hospital admissions, ages 0-4",2024-2025,Alabama,early_sep_mar,Early Sep-Mar,509,2884,0.14199838192534375,0.1460216846754708,0.09762089075317361,0.14886680972789346,0.1107193143391213,0.14011875111092637,0.1342982496969697,0.10735670026017795,2605.7948717948716,0.185,piecewise_linear,6,210,244,244,uniform,False
nhsn,"Pediatric RSV hospital admissions, ages 0-4",2024-2025,Alabama,extended_sep_apr,Extended Sep-Apr,509,3004,0.15290211473477403,0.1466404771050412,0.11381472659034514,0.14890842661385612,0.11827094458730658,0.14120511168571753,0.13629683431952663,0.1152090440818254,2605.794871794872,0.185,piecewise_linear,6,210,244,244,uniform,False
nhsn,"Pediatric RSV hospital admissions, ages 0-4",2024-2025,Alabama,late_oct_apr,Late Oct-Apr,509,2884,0.14199838192534378,0.14006065384615385,0.09560222851342207,0.14931620443367855,0.1076743973507153,0.13668020050155957,0.12802087454545455,0.10039236854068076,2605.7948717948716,0.185,piecewise_linear,6,210,244,244,uniform,False
nhsn,"Pediatric RSV hospital admissions, ages 0-4",2024-2025,Alaska,baseline_oct_mar,Baseline Oct-Mar,509,2764,0.1310946491159135,0.13530636856402023,0.0,0.14805516777451733,0.09914607933284898,0.13676248795811702,0.1274316393442623,0.09254002471903332,547.4358974358975,0.185,piecewise_linear,6,210,244,244,uniform,False
nhsn,"Pediatric RSV hospital admissions, ages 0-4",2024-2025,Alaska,early_sep_mar,Early Sep-Mar,509,2884,0.14199838192534375,0.14548410490665403,0.09164995454545455,0.14864768222326455,0.11051885832120588,0.14080869687083836,0.1342982496969697,0.10735670026017795,547.4358974358975,0.185,piecewise_linear,6,210,244,244,uniform,False
nhsn,"Pediatric RSV hospital admissions, ages 0-4",2024-2025,Alaska,extended_sep_apr,Extended Sep-Apr,509,3004,0.15290211473477403,0.1455382388280644,0.10437433888857046,0.14867051069701812,0.11616232502454171,0.14127237170244705,0.13629683431952663,0.1152090440818254,547.4358974358975,0.185,piecewise_linear,6,210,244,244,uniform,False
nhsn,"Pediatric RSV hospital admissions, ages 0-4",2024-2025,Alaska,late_oct_apr,Late Oct-Apr,509,2884,0.14199838192534378,0.1361128731725465,0.07628915384615384,0.14805770718228684,0.10478954603618479,0.1372261627897257,0.12802087454545455,0.10039236854068076,547.4358974358975,0.185,piecewise_linear,6,210,244,244,uniform,False
nhsn,"Pediatric RSV hospital admissions, ages 0-4",2024-2025,Arizona,baseline_oct_mar,Baseline Oct-Mar,509,2764,0.1310946491159135,0.14769582949437507,0.05350996069276672,0.14874652486454457,0.10753666407957009,0.1420956567793079,0.1274316393442623,0.09254002471903332,5683.948717948719,0.185,piecewise_linear,6,210,244,244,uniform,False
nhsn,"Pediatric RSV hospital admissions, ages 0-4",2024-2025,Arizona,early_sep_mar,Early Sep-Mar,509,2884,0.14199838192534375,0.14728506733390972,0.10122411943854355,0.1486203831369511,0.11401282883940049,0.14166631961351384,0.1342982496969697,0.10735670026017795,5683.948717948719,0.185,piecewise_linear,6,210,244,244,uniform,False
nhsn,"Pediatric RSV hospital admissions, ages 0-4",2024-2025,Arizona,extended_sep_apr,Extended Sep-Apr,509,3004,0.15290211473477403,0.14731860408725975,0.1238075143013849,0.14863029529303937,0.1199132491035828,0.14188910990006534,0.13629683431952663,0.1152090440818254,5683.948717948719,0.185,piecewise_linear,6,210,244,244,uniform,False
nhsn,"Pediatric RSV hospital admissions, ages 0-4",2024-2025,Arizona,late_oct_apr,Late Oct-Apr,509,2884,0.14199838192534378,0.14774059872486942,0.0903358648018648,0.14877451211061082,0.1134370843437524,0.14231844706585942,0.12802087454545455,0.10039236854068076,5683.948717948719,0.185,piecewise_linear,6,210,244,244,uniform,False
nhsn,"Pediatric RSV hospital admissions, ages 0-4",2024-2025,Arkansas,baseline_oct_mar,Baseline Oct-Mar,509,2764,0.1310946491159135,0.14228361364777148,0.0,0.1486120729040725,0.10548906137200299,0.1374335253403756,0.1274316393442623,0.09254002471903332,1101.128205128205,0.185,piecewise_linear,6,210,244,244,uniform,False
nhsn,"Pediatric RSV hospital admissions, ages 0-4",2024-2025,Arkansas,early_sep_mar,Early Sep-Mar,509,2884,0.14199838192534375,0.1446069523652818,0.11152870501247004,0.14847187474131285,0.11267289581276399,0.13806959791858972,0.1342982496969697,0.10735670026017795,1101.128205128205,0.185,piecewise_linear,6,210,244,244,uniform,False
nhsn,"Pediatric RSV hospital admissions, ages 0-4",2024-2025,Arkansas,extended_sep_apr,Extended Sep-Apr,509,3004,0.15290211473477403,0.14500159823982836,0.12300833153924728,0.1485136023749835,0.12004888347262804,0.13977195523884953,0.13629683431952663,0.1152090440818254,1101.128205128205,0.185,piecewise_linear,6,210,244,244,uniform,False
nhsn,"Pediatric RSV hospital admissions, ages 0-4",2024-2025,Arkansas,late_oct_apr,Late Oct-Apr,509,2884,0.14199838192534378,0.14342812896837678,0.10549577669736604,0.1487026933062597,0.11286504903186702,0.13913588266063542,0.12802087454545455,0.10039236854068076,1101.128205128205,0.185,piecewise_linear,6,210,244,244,uniform,False
nhsn,"Pediatric RSV hospital admissions, ages 0-4",2024-2025,California,baseline_oct_mar,Baseline Oct-Mar,509,2764,0.1310946491159135,0.14156995683518026,0.0,0.14851199164941042,0.09831648181361081,0.14017016672297697,0.1274316393442623,0.09254002471903332,13842.307692307693,0.185,piecewise_linear,6,210,244,244,uniform,False
nhsn,"Pediatric RSV hospital admissions, ages 0-4",2024-2025,California,early_sep_mar,Early Sep-Mar,509,2884,0.14199838192534375,0.14640883785771008,0.07623579111343202,0.14866529184706223,0.10771264768679946,0.14118254596393534,0.1342982496969697,0.10735670026017795,13842.307692307691,0.185,piecewise_linear,6,210,244,244,uniform,False
nhsn,"Pediatric RSV hospital admissions, ages 0-4",2024-2025,California,extended_sep_apr,Extended Sep-Apr,509,3004,0.15290211473477403,0.1464269189883494,0.09925559794221984,0.14866529184706223,0.11365188643229927,0.14168000322211846,0.13629683431952663,0.1152090440818254,13842.307692307693,0.185,piecewise_linear,6,210,244,244,uniform,False
nhsn,"Pediatric RSV hospital admissions, ages 0-4",2024-2025,California,late_oct_apr,Late Oct-Apr,509,2884,0.14199838192534378,0.14199945202349415,0.059201104104643736,0.14851685689460378,0.1042557205591106,0.14066762398116014,0.12802087454545455,0.10039236854068076,13842.307692307691,0.185,piecewise_linear,6,210,244,244,uniform,False
nhsn,"Pediatric RSV hospital admissions, ages 0-4",2024-2025,Colorado,baseline_oct_mar,Baseline Oct-Mar,509,2764,0.1310946491159135,0.14605363981463157,0.0,0.14825354470946,0.1041928380119568,0.14095095223615503,0.1274316393442623,0.09254002471903332,5912.307692307692,0.185,piecewise_linear,6,210,244,244,uniform,False
nhsn,"Pediatric RSV hospital admissions, ages 0-4",2024-2025,Colorado,early_sep_mar,Early Sep-Mar,509,2884,0.14199838192534375,0.14674288339250877,0.10679854657150373,0.14856662866040213,0.11336092311735319,0.1404314911431805,0.1342982496969697,0.10735670026017795,5912.307692307693,0.185,piecewise_linear,6,210,244,244,uniform,False
nhsn,"Pediatric RSV hospital admissions, ages 0-4",2024-2025,Colorado,extended_sep_apr,Extended Sep-Apr,509,3004,0.15290211473477403,0.14674288339250877,0.11917777552607549,0.14856662866040213,0.1190655810541083,0.14112356547540567,0.13629683431952663,0.1152090440818254,5912.307692307692,0.185,piecewise_linear,6,210,244,244,uniform,False
nhsn,"Pediatric RSV hospital admissions, ages 0-4",2024-2025,Colorado,late_oct_apr,Late Oct-Apr,509,2884,0.14199838192534378,0.14605363981463157,0.08410619429778023,0.14825354470946,0.10989749594871193,0.14164302656838018,0.12802087454545455,0.10039236854068076,5912.307692307692,0.185,piecewise_linear,6,210,244,244,uniform,False
nhsn,"Pediatric RSV hospital admissions, ages 0-4",2024-2025,Connecticut,baseline_oct_mar,Baseline Oct-Mar,509,2764,0.1310946491159135,0.13654280254172058,0.0,0.14841590383018807,0.09931962661364264,0.13703101787587596,0.1274316393442623,0.09254002471903332,1598.5128205128206,0.185,piecewise_linear,6,210,244,244,uniform,False
nhsn,"Pediatric RSV hospital admissions, ages 0-4",2024-2025,Connecticut,early_sep_mar,Early Sep-Mar,509,2884,0.14199838192534375,0.14618757859152473,0.0829228362619199,0.14889846110292146,0.11051713903401132,0.14159701670602304,0.1342982496969697,0.10735670026017795,1598.5128205128206,0.185,piecewise_linear,6,210,244,244,uniform,False
nhsn,"Pediatric RSV hospital admissions, ages 0-4",2024-2025,Connecticut,extended_sep_apr,Extended Sep-Apr,509,3004,0.15290211473477403,0.14627270532302497,0.10233798357921149,0.1489046617389734,0.11711050535301565,0.14186580154264544,0.13629683431952663,0.1152090440818254,1598.5128205128206,0.185,piecewise_linear,6,210,244,244,uniform,False
nhsn,"Pediatric RSV hospital admissions, ages 0-4",2024-2025,Connecticut,late_oct_apr,Late Oct-Apr,509,2884,0.14199838192534378,0.13770723326468615,0.07703220787633419,0.1484965471617208,0.10591299293264698,0.1372998027124984,0.12802087454545455,0.10039236854068076,1598.5128205128208,0.185,piecewise_linear,6,210,244,244,uniform,False
nhsn,"Pediatric RSV hospital admissions, ages 0-4",2024-2025,Delaware,baseline_oct_mar,Baseline Oct-Mar,509,2764,0.1310946491159135,0.14431605170206385,0.07561451912648756,0.1496182144070079,0.10625373405320698,0.14012730042537183,0.1274316393442623,0.09254002471903332,1636.0512820512822,0.185,piecewise_linear,6,210,244,244,uniform,False
nhsn,"Pediatric RSV hospital admissions, ages 0-4",2024-2025,Delaware,early_sep_mar,Early Sep-Mar,509,2884,0.14199838192534375,0.14733646341587048,0.097232144663978,0.1490768971786834,0.11369861990578843,0.14192858919101134,0.1342982496969697,0.10735670026017795,1636.051282051282,0.185,piecewise_linear,6,210,244,244,uniform,False
nhsn,"Pediatric RSV hospital admissions, ages 0-4",2024-2025,Delaware,extended_sep_apr,Extended Sep-Apr,509,3004,0.15290211473477403,0.1474671054313099,0.11039417360597312,0.14908580977722086,0.12052655093406457,0.14229472619534947,0.13629683431952663,0.1152090440818254,1636.0512820512822,0.185,piecewise_linear,6,210,244,244,uniform,False
nhsn,"Pediatric RSV hospital admissions, ages 0-4",2024-2025,Delaware,late_oct_apr,Late Oct-Apr,509,2884,0.14199838192534378,0.14510049160017802,0.0942308480662195,0.14962344752164133,0.11308166508148317,0.14049343742971002,0.12802087454545455,0.10039236854068076,1636.051282051282,0.185,piecewise_linear,6,210,244,244,uniform,False
nhsn,"Pediatric RSV hospital admissions, ages 0-4",2024-2025,District of Columbia,baseline_oct_mar,Baseline Oct-Mar,509,2764,0.1310946491159135,0.14783921818181817,0.14733467272727271,0.14862630909090913,0.12497458495306953,0.1413254980126083,0.1274316393442623,0.09254002471903332,46.92307692307692,0.185,piecewise_linear,6,210,244,244,uniform,False
nhsn,"Pediatric RSV hospital admissions, ages 0-4",2024-2025,District of Columbia,early_sep_mar,Early Sep-Mar,509,2884,0.14199838192534375,0.14733467272727271,0.13723232727272727,0.14862630909090913,0.12402953441707944,0.14011345099170328,0.1342982496969697,0.10735670026017795,46.92307692307692,0.185,piecewise_linear,6,210,244,244,uniform,False
nhsn,"Pediatric RSV hospital admissions, ages 0-4",2024-2025,District of Columbia,extended_sep_apr,Extended Sep-Apr,509,3004,0.15290211473477403,0.1476575818181818,0.1443931246753247,0.14892903636363639,0.13431048658780514,0.14101295225273733,0.13629683431952663,0.1152090440818254,46.92307692307692,0.185,piecewise_linear,6,210,244,244,uniform,False
nhsn,"Pediatric RSV hospital admissions, ages 0-4",2024-2025,District of Columbia,late_oct_apr,Late Oct-Apr,509,2884,0.14199838192534378,0.14798049090909093,0.1474154,0.14892903636363639,0.1352555371237952,0.14222499927364235,0.12802087454545455,0.10039236854068076,46.92307692307692,0.185,piecewise_linear,6,210,244,244,uniform,False
nhsn,"Pediatric RSV hospital admissions, ages 0-4",2024-2025,Florida,baseline_oct_mar,Baseline Oct-Mar,509,2764,0.1310946491159135,0.12928282103052627,0.0,0.147848190149173,0.09621153156142556,0.13097065017906315,0.1274316393442623,0.09254002471903332,10914.307692307691,0.185,piecewise_linear,6,210,244,244,uniform,False
nhsn,"Pediatric RSV hospital admissions, ages 0-4",2024-2025,Florida,early_sep_mar,Early Sep-Mar,509,2884,0.14199838192534375,0.14461112363812562,0.10116533485124468,0.14862042794386018,0.10850132924900188,0.13798616424620558,0.1342982496969697,0.10735670026017795,10914.307692307691,0.185,piecewise_linear,6,210,244,244,uniform,False
nhsn,"Pediatric RSV hospital admissions, ages 0-4",2024-2025,Florida,extended_sep_apr,Extended Sep-Apr,509,3004,0.15290211473477403,0.14524901877932442,0.11475430199527806,0.14866973222142035,0.11609930211549215,0.1397452219321378,0.13629683431952663,0.1152090440818254,10914.307692307691,0.185,piecewise_linear,6,210,244,244,uniform,False
nhsn,"Pediatric RSV hospital admissions, ages 0-4",2024-2025,Florida,late_oct_apr,Late Oct-Apr,509,2884,0.14199838192534378,0.1335143665347246,0.0942381783071888,0.14810959124016218,0.1038095044279158,0.1327297078649953,0.12802087454545455,0.10039236854068076,10914.307692307693,0.185,piecewise_linear,6,210,244,244,uniform,False
nhsn,"Pediatric RSV hospital admissions, ages 0-4",2024-2025,Georgia,baseline_oct_mar,Baseline Oct-Mar,509,2764,0.1310946491159135,0.12949798999219309,0.0,0.14979451869571264,0.09696619046418663,0.1356670239463189,0.1274316393442623,0.09254002471903332,6350.25641025641,0.185,piecewise_linear,6,210,244,244,uniform,False
nhsn,"Pediatric RSV hospital admissions, ages 0-4",2024-2025,Georgia,early_sep_mar,Early Sep-Mar,509,2884,0.14199838192534375,0.14690176468884278,0.08384782125936105,0.14909962201112545,0.10841848904609398,0.14198046133289843,0.1342982496969697,0.10735670026017795,6350.256410256409,0.185,piecewise_linear,6,210,244,244,uniform,False
nhsn,"Pediatric RSV hospital admissions, ages 0-4",2024-2025,Georgia,extended_sep_apr,Extended Sep-Apr,509,3004,0.15290211473477403,0.1469908029696016,0.10140671397455002,0.1491645764371976,0.11569437442720142,0.14248910777169543,0.13629683431952663,0.1152090440818254,6350.25641025641,0.185,piecewise_linear,6,210,244,244,uniform,False
nhsn,"Pediatric RSV hospital admissions, ages 0-4",2024-2025,Georgia,late_oct_apr,Late Oct-Apr,509,2884,0.14199838192534378,0.1343016379403756,0.08250640633595752,0.1498813606033179,0.10424207584529403,0.13617567038511597,0.12802087454545455,0.10039236854068076,6350.256410256409,0.185,piecewise_linear,6,210,244,244,uniform,False
nhsn,"Pediatric RSV hospital admissions, ages 0-4",2024-2025,Hawaii,baseline_oct_mar,Baseline Oct-Mar,509,2764,0.1310946491159135,0.12663720276612275,0.0,0.14547824579035423,0.09576094714606292,0.1285689156973167,0.1274316393442623,0.09254002471903332,841.4871794871794,0.185,piecewise_linear,6,210,244,244,uniform,False
nhsn,"Pediatric RSV hospital admissions, ages 0-4",2024-2025,Hawaii,early_sep_mar,Early Sep-Mar,509,2884,0.14199838192534375,0.1428503583795515,0.10071493834646368,0.1486587420154162,0.10937281753746952,0.13793902189818794,0.1342982496969697,0.10735670026017795,841.4871794871794,0.185,piecewise_linear,6,210,244,244,uniform,False
nhsn,"Pediatric RSV hospital admissions, ages 0-4",2024-2025,Hawaii,extended_sep_apr,Extended Sep-Apr,509,3004,0.15290211473477403,0.1434197631198347,0.11576585789292675,0.14877422486429653,0.11712729607691315,0.13949406479014878,0.13629683431952663,0.1152090440818254,841.4871794871794,0.185,piecewise_linear,6,210,244,244,uniform,False
nhsn,"Pediatric RSV hospital admissions, ages 0-4",2024-2025,Hawaii,late_oct_apr,Late Oct-Apr,509,2884,0.14199838192534378,0.13081763969943103,0.09222498147207983,0.14607689449305603,0.10351542568550656,0.1301239585892776,0.12802087454545455,0.10039236854068076,841.4871794871794,0.185,piecewise_linear,6,210,244,244,uniform,False
nhsn,"Pediatric RSV hospital admissions, ages 0-4",2024-2025,Idaho,baseline_oct_mar,Baseline Oct-Mar,509,2764,0.1310946491159135,0.147233946104509,0.0781820444698159,0.14824073473537336,0.10938355750698131,0.14137669209878284,0.1274316393442623,0.09254002471903332,1451.4871794871794,0.185,piecewise_linear,6,210,244,244,uniform,False
nhsn,"Pediatric RSV hospital admissions, ages 0-4",2024-2025,Idaho,early_sep_mar,Early Sep-Mar,509,2884,0.14199838192534375,0.1472545926352129,0.12635857620195634,0.1487044328188081,0.11737223485035413,0.14068873957941097,0.1342982496969697,0.10735670026017795,1451.4871794871797,0.185,piecewise_linear,6,210,244,244,uniform,False
nhsn,"Pediatric RSV hospital admissions, ages 0-4",2024-2025,Idaho,extended_sep_apr,Extended Sep-Apr,509,3004,0.15290211473477403,0.14729475559566707,0.13124815441774063,0.14872062369419436,0.12329792782775102,0.14124058926308827,0.13629683431952663,0.1152090440818254,1451.4871794871797,0.185,piecewise_linear,6,210,244,244,uniform,False
nhsn,"Pediatric RSV hospital admissions, ages 0-4",2024-2025,Idaho,late_oct_apr,Late Oct-Apr,509,2884,0.14199838192534378,0.14731996894269525,0.10812376308073005,0.1483254768643883,0.11530925048437819,0.14192854178246014,0.12802087454545455,0.10039236854068076,1451.4871794871794,0.185,piecewise_linear,6,210,244,244,uniform,False
nhsn,"Pediatric RSV hospital admissions, ages 0-4",2024-2025,Illinois,baseline_oct_mar,Baseline Oct-Mar,509,2764,0.1310946491159135,0.14241493397656366,0.0,0.14901875910663245,0.09882275377380013,0.14032914375336414,0.1274316393442623,0.09254002471903332,7476.410256410258,0.185,piecewise_linear,6,210,244,244,uniform,False
nhsn,"Pediatric RSV hospital admissions, ages 0-4",2024-2025,Illinois,early_sep_mar,Early Sep-Mar,509,2884,0.14199838192534375,0.146596420453236,0.07758934841538154,0.14888332856662603,0.1083438483555593,0.1417364880715889,0.1342982496969697,0.10735670026017795,7476.410256410256,0.185,piecewise_linear,6,210,244,244,uniform,False
nhsn,"Pediatric RSV hospital admissions, ages 0-4",2024-2025,Illinois,extended_sep_apr,Extended Sep-Apr,509,3004,0.15290211473477403,0.14670370676974198,0.09694141141899404,0.1489229137471772,0.1145947062254411,0.1420913993018241,0.13629683431952663,0.1152090440818254,7476.410256410257,0.185,piecewise_linear,6,210,244,244,uniform,False
nhsn,"Pediatric RSV hospital admissions, ages 0-4",2024-2025,Illinois,late_oct_apr,Late Oct-Apr,509,2884,0.14199838192534378,0.1435267790143196,0.06891687676873214,0.1490572004342826,0.10507361164368192,0.14068405498359937,0.12802087454545455,0.10039236854068076,7476.410256410256,0.185,piecewise_linear,6,210,244,244,uniform,False
nhsn,"Pediatric RSV hospital admissions, ages 0-4",2024-2025,Indiana,baseline_oct_mar,Baseline Oct-Mar,509,2764,0.1310946491159135,0.1440208812045695,0.0,0.1487354006313172,0.10288773329763935,0.14042820300339492,0.1274316393442623,0.09254002471903332,4257.48717948718,0.185,piecewise_linear,6,210,244,244,uniform,False
nhsn,"Pediatric RSV hospital admissions, ages 0-4",2024-2025,Indiana,early_sep_mar,Early Sep-Mar,509,2884,0.14199838192534375,0.14652272233693528,0.0959853988784244,0.14867111430426838,0.11196516097248942,0.1408988538531271,0.1342982496969697,0.10735670026017795,4257.48717948718,0.185,piecewise_linear,6,210,244,244,uniform,False
nhsn,"Pediatric RSV hospital admissions, ages 0-4",2024-2025,Indiana,extended_sep_apr,Extended Sep-Apr,509,3004,0.15290211473477403,0.1465642252906668,0.11276646830588767,0.14874627831529202,0.118829770437502,0.14152393354474935,0.13629683431952663,0.1152090440818254,4257.48717948718,0.185,piecewise_linear,6,210,244,244,uniform,False
nhsn,"Pediatric RSV hospital admissions, ages 0-4",2024-2025,Indiana,late_oct_apr,Late Oct-Apr,509,2884,0.14199838192534378,0.14474748314319583,0.08722649355500615,0.14881535367645923,0.10975234276265193,0.14105328269501716,0.12802087454545455,0.10039236854068076,4257.48717948718,0.185,piecewise_linear,6,210,244,244,uniform,False
nhsn,"Pediatric RSV hospital admissions, ages 0-4",2024-2025,Iowa,baseline_oct_mar,Baseline Oct-Mar,509,2764,0.1310946491159135,0.14547350494799974,0.0,0.1486036605767186,0.1039291230477994,0.1410225110065165,0.1274316393442623,0.09254002471903332,2155.333333333333,0.185,piecewise_linear,6,210,244,244,uniform,False
nhsn,"Pediatric RSV hospital admissions, ages 0-4",2024-2025,Iowa,early_sep_mar,Early Sep-Mar,509,2884,0.14199838192534375,0.1464581020716026,0.0974930677134332,0.1486619845998243,0.11186429793702499,0.1407775557819276,0.1342982496969697,0.10735670026017795,2155.3333333333335,0.185,piecewise_linear,6,210,244,244,uniform,False
nhsn,"Pediatric RSV hospital admissions, ages 0-4",2024-2025,Iowa,extended_sep_apr,Extended Sep-Apr,509,3004,0.15290211473477403,0.14649692197206063,0.11104536053151218,0.1486619845998243,0.11769063429176818,0.14138634465645217,0.13629683431952663,0.1152090440818254,2155.333333333333,0.185,piecewise_linear,6,210,244,244,uniform,False
nhsn,"Pediatric RSV hospital admissions, ages 0-4",2024-2025,Iowa,late_oct_apr,Late Oct-Apr,509,2884,0.14199838192534378,0.14568518604941572,0.08082936146062526,0.1486036605767186,0.10975545940254257,0.14163129988104103,0.12802087454545455,0.10039236854068076,2155.3333333333335,0.185,piecewise_linear,6,210,244,244,uniform,False
nhsn,"Pediatric RSV hospital admissions, ages 0-4",2024-2025,Kansas,baseline_oct_mar,Baseline Oct-Mar,509,2764,0.1310946491159135,0.14630622067454607,0.0,0.1481140850987938,0.10459415743150768,0.14092447138176964,0.1274316393442623,0.09254002471903332,1701.7435897435898,0.185,piecewise_linear,6,210,244,244,uniform,False
nhsn,"Pediatric RSV hospital admissions, ages 0-4",2024-2025,Kansas,early_sep_mar,Early Sep-Mar,509,2884,0.14199838192534375,0.14673677273278773,0.1031964071680991,0.14841880404858301,0.11362788435688617,0.1408410084623108,0.1342982496969697,0.10735670026017795,1701.7435897435898,0.185,piecewise_linear,6,210,244,244,uniform,False
nhsn,"Pediatric RSV hospital admissions, ages 0-4",2024-2025,Kansas,extended_sep_apr,Extended Sep-Apr,509,3004,0.15290211473477403,0.14679706040220872,0.11846805470085471,0.14843642555223366,0.12035430188246074,0.14136423666913295,0.13629683431952663,0.1152090440818254,1701.7435897435896,0.185,piecewise_linear,6,210,244,244,uniform,False
nhsn,"Pediatric RSV hospital admissions, ages 0-4",2024-2025,Kansas,late_oct_apr,Late Oct-Apr,509,2884,0.14199838192534378,0.14651082304276608,0.08982038231333883,0.1481305429529096,0.11132057495708225,0.14144769958859174,0.12802087454545455,0.10039236854068076,1701.7435897435898,0.185,piecewise_linear,6,210,244,244,uniform,False
nhsn,"Pediatric RSV hospital admissions, ages 0-4",2024-2025,Kentucky,baseline_oct_mar,Baseline Oct-Mar,509,2764,0.1310946491159135,0.14102539295389682,0.0,0.14846297440729206,0.10000775862148843,0.13830893868893984,0.1274316393442623,0.09254002471903332,3143.846153846154,0.185,piecewise_linear,6,210,244,244,uniform,False
nhsn,"Pediatric RSV hospital admissions, ages 0-4",2024-2025,Kentucky,early_sep_mar,Early Sep-Mar,509,2884,0.14199838192534375,0.14585306694000444,0.093572339184589,0.1486160648395722,0.10969086710645506,0.13983292834103256,0.1342982496969697,0.10735670026017795,3143.8461538461543,0.185,piecewise_linear,6,210,244,244,uniform,False
nhsn,"Pediatric RSV hospital admissions, ages 0-4",2024-2025,Kentucky,extended_sep_apr,Extended Sep-Apr,509,3004,0.15290211473477403,0.14618252526074332,0.10951970491739009,0.14866287849072551,0.11683044742930121,0.14091301135442652,0.13629683431952663,0.1152090440818254,3143.846153846154,0.185,piecewise_linear,6,210,244,244,uniform,False
nhsn,"Pediatric RSV hospital admissions, ages 0-4",2024-2025,Kentucky,late_oct_apr,Late Oct-Apr,509,2884,0.14199838192534378,0.1433807296325305,0.08720180015505212,0.1485752064086764,0.10714733894433458,0.13938902170233378,0.12802087454545455,0.10039236854068076,3143.846153846154,0.185,piecewise_linear,6,210,244,244,uniform,False
nhsn,"Pediatric RSV hospital admissions, ages 0-4",2024-2025,Louisiana,baseline_oct_mar,Baseline Oct-Mar,509,2764,0.1310946491159135,0.13407116267762445,0.0,0.1495123725455711,0.09790179128291805,0.13699003977117832,0.1274316393442623,0.09254002471903332,3231.4358974358975,0.185,piecewise_linear,6,210,244,244,uniform,False
nhsn,"Pediatric RSV hospital admissions, ages 0-4",2024-2025,Louisiana,early_sep_mar,Early Sep-Mar,509,2884,0.14199838192534375,0.1465095062546616,0.083544458763836,0.14911972224658132,0.10859674951311116,0.14129530342147187,0.1342982496969697,0.10735670026017795,3231.4358974358975,0.185,piecewise_linear,6,210,244,244,uniform,False
nhsn,"Pediatric RSV hospital admissions, ages 0-4",2024-2025,Louisiana,extended_sep_apr,Extended Sep-Apr,509,3004,0.15290211473477403,0.14689974887861337,0.10478869649934637,0.14922929006993008,0.11602470050385243,0.14194515924490908,0.13629683431952663,0.1152090440818254,3231.4358974358975,0.185,piecewise_linear,6,210,244,244,uniform,False
nhsn,"Pediatric RSV hospital admissions, ages 0-4",2024-2025,Louisiana,late_oct_apr,Late Oct-Apr,509,2884,0.14199838192534378,0.13859100110682507,0.08176212995337998,0.1495872281631412,0.10532974227365932,0.1376398955946155,0.12802087454545455,0.10039236854068076,3231.4358974358975,0.185,piecewise_linear,6,210,244,244,uniform,False
nhsn,"Pediatric RSV hospital admissions, ages 0-4",2024-2025,Maine,baseline_oct_mar,Baseline Oct-Mar,509,2764,0.1310946491159135,0.14706898702281324,0.09908393635514284,0.14857561630822008,0.11409474273668412,0.14129208443388258,0.1274316393442623,0.09254002471903332,475.48717948717956,0.185,piecewise_linear,6,210,244,244,uniform,False
nhsn,"Pediatric RSV hospital admissions, ages 0-4",2024-2025,Maine,early_sep_mar,Early Sep-Mar,509,2884,0.14199838192534375,0.14737480237154152,0.1267290561039442,0.14863960839160845,0.12087977249480437,0.14057265387107823,0.1342982496969697,0.10735670026017795,475.48717948717956,0.185,piecewise_linear,6,210,244,244,uniform,False
nhsn,"Pediatric RSV hospital admissions, ages 0-4",2024-2025,Maine,extended_sep_apr,Extended Sep-Apr,509,3004,0.15290211473477403,0.1474151660079051,0.13552910256410255,0.14866791592880318,0.12701410943921038,0.14118536796875256,0.13629683431952663,0.1152090440818254,475.48717948717956,0.185,piecewise_linear,6,210,244,244,uniform,False
nhsn,"Pediatric RSV hospital admissions, ages 0-4",2024-2025,Maine,late_oct_apr,Late Oct-Apr,509,2884,0.14199838192534378,0.14721100525132763,0.1154735149368176,0.14859484319398428,0.1202290796810901,0.14190479853155688,0.12802087454545455,0.10039236854068076,475.48717948717956,0.185,piecewise_linear,6,210,244,244,uniform,False
nhsn,"Pediatric RSV hospital admissions, ages 0-4",2024-2025,Maryland,baseline_oct_mar,Baseline Oct-Mar,509,2764,0.1310946491159135,0.12989359925104,0.0,0.14972950634797358,0.0953969827144582,0.13655190753460253,0.1274316393442623,0.09254002471903332,2311.74358974359,0.185,piecewise_linear,6,210,244,244,uniform,False
nhsn,"Pediatric RSV hospital admissions, ages 0-4",2024-2025,Maryland,early_sep_mar,Early Sep-Mar,509,2884,0.14199838192534375,0.14695703558378181,0.06989398068885139,0.14931211553714496,0.106384703769207,0.14208553211667216,0.1342982496969697,0.10735670026017795,2311.74358974359,0.185,piecewise_linear,6,210,244,244,uniform,False
nhsn,"Pediatric RSV hospital admissions, ages 0-4",2024-2025,Maryland,extended_sep_apr,Extended Sep-Apr,509,3004,0.15290211473477403,0.14721101040087833,0.09571244295178508,0.1494186443883985,0.11343137786558942,0.14244469184307348,0.13629683431952663,0.1152090440818254,2311.74358974359,0.185,piecewise_linear,6,210,244,244,uniform,False
nhsn,"Pediatric RSV hospital admissions, ages 0-4",2024-2025,Maryland,late_oct_apr,Late Oct-Apr,509,2884,0.14199838192534378,0.13472495519952685,0.06920446800844585,0.14987591698041688,0.10244365681084064,0.13691106726100385,0.12802087454545455,0.10039236854068076,2311.74358974359,0.185,piecewise_linear,6,210,244,244,uniform,False
nhsn,"Pediatric RSV hospital admissions, ages 0-4",2024-2025,Massachusetts,baseline_oct_mar,Baseline Oct-Mar,509,2764,0.1310946491159135,0.14583382478774176,0.08034657952681544,0.14951218582109868,0.10897207333644404,0.14119671791209037,0.1274316393442623,0.09254002471903332,4739.2307692307695,0.185,piecewise_linear,6,210,244,244,uniform,False
nhsn,"Pediatric RSV hospital admissions, ages 0-4",2024-2025,Massachusetts,early_sep_mar,Early Sep-Mar,509,2884,0.14199838192534375,0.146810700589371,0.10112591240497046,0.1489970669330669,0.11589260147738811,0.141490287191798,0.1342982496969697,0.10735670026017795,4739.2307692307695,0.185,piecewise_linear,6,210,244,244,uniform,False
nhsn,"Pediatric RSV hospital admissions, ages 0-4",2024-2025,Massachusetts,extended_sep_apr,Extended Sep-Apr,509,3004,0.15290211473477403,0.146810700589371,0.11847283966866468,0.1489970669330669,0.1225901367830487,0.14195158212609868,0.13629683431952663,0.1152090440818254,4739.2307692307695,0.185,piecewise_linear,6,210,244,244,uniform,False
nhsn,"Pediatric RSV hospital admissions, ages 0-4",2024-2025,Massachusetts,late_oct_apr,Late Oct-Apr,509,2884,0.14199838192534378,0.14595393162393164,0.09779428269017802,0.14951218582109868,0.11566960864210461,0.14165801284639104,0.12802087454545455,0.10039236854068076,4739.2307692307695,0.185,piecewise_linear,6,210,244,244,uniform,False
nhsn,"Pediatric RSV hospital admissions, ages 0-4",2024-2025,Michigan,baseline_oct_mar,Baseline Oct-Mar,509,2764,0.1310946491159135,0.1447278207676568,0.0,0.14766325075016404,0.09835252966624179,0.140491695732742,0.1274316393442623,0.09254002471903332,7911.2307692307695,0.185,piecewise_linear,6,210,244,244,uniform,False
nhsn,"Pediatric RSV hospital admissions, ages 0-4",2024-2025,Michigan,early_sep_mar,Early Sep-Mar,509,2884,0.14199838192534375,0.14642654771544247,0.06995289562855593,0.14807929176647527,0.10753997242081959,0.14070142604242447,0.1342982496969697,0.10735670026017795,7911.2307692307695,0.185,piecewise_linear,6,210,244,244,uniform,False
nhsn,"Pediatric RSV hospital admissions, ages 0-4",2024-2025,Michigan,extended_sep_apr,Extended Sep-Apr,509,3004,0.15290211473477403,0.14647053318139935,0.0975053853986944,0.14807929176647527,0.1137917109257518,0.14128022599561027,0.13629683431952663,0.1152090440818254,7911.2307692307695,0.185,piecewise_linear,6,210,244,244,uniform,False
nhsn,"Pediatric RSV hospital admissions, ages 0-4",2024-2025,Michigan,late_oct_apr,Late Oct-Apr,509,2884,0.14199838192534378,0.1448827833783231,0.060125767366274285,0.14766325075016404,0.10460426817117399,0.14107049568592783,0.12802087454545455,0.10039236854068076,7911.230769230769,0.185,piecewise_linear,6,210,244,244,uniform,False
nhsn,"Pediatric RSV hospital admissions, ages 0-4",2024-2025,Minnesota,baseline_oct_mar,Baseline Oct-Mar,509,2764,0.1310946491159135,0.14506202446382804,0.0,0.1480876467502388,0.10075053638166731,0.14094390126943424,0.1274316393442623,0.09254002471903332,4363.846153846154,0.185,piecewise_linear,6,210,244,244,uniform,False
nhsn,"Pediatric RSV hospital admissions, ages 0-4",2024-2025,Minnesota,early_sep_mar,Early Sep-Mar,509,2884,0.14199838192534375,0.14673931216527333,0.0841422729637722,0.14850450241275312,0.10982443397448052,0.14073998924608963,0.1342982496969697,0.10735670026017795,4363.846153846154,0.185,piecewise_linear,6,210,244,244,uniform,False
nhsn,"Pediatric RSV hospital admissions, ages 0-4",2024-2025,Minnesota,extended_sep_apr,Extended Sep-Apr,509,3004,0.15290211473477403,0.14673931216527333,0.10455941349170707,0.14850450241275312,0.11545874778738686,0.14129745577440828,0.13629683431952663,0.1152090440818254,4363.846153846154,0.185,piecewise_linear,6,210,244,244,uniform,False
nhsn,"Pediatric RSV hospital admissions, ages 0-4",2024-2025,Minnesota,late_oct_apr,Late Oct-Apr,509,2884,0.14199838192534378,0.14506202446382804,0.06664161836036306,0.1480876467502388,0.10638485019457367,0.14150136779775288,0.12802087454545455,0.10039236854068076,4363.846153846154,0.185,piecewise_linear,6,210,244,244,uniform,False
nhsn,"Pediatric RSV hospital admissions, ages 0-4",2024-2025,Mississippi,baseline_oct_mar,Baseline Oct-Mar,509,2764,0.1310946491159135,0.13733459221113614,0.0,0.14974338593285375,0.10069008041931156,0.13621219945196314,0.1274316393442623,0.09254002471903332,1711.128205128205,0.185,piecewise_linear,6,210,244,244,uniform,False
nhsn,"Pediatric RSV hospital admissions, ages 0-4",2024-2025,Mississippi,early_sep_mar,Early Sep-Mar,509,2884,0.14199838192534375,0.14661423870987964,0.09567499084759115,0.14951601783930357,0.11191542628713164,0.14113647817287414,0.1342982496969697,0.10735670026017795,1711.128205128205,0.185,piecewise_linear,6,210,244,244,uniform,False
nhsn,"Pediatric RSV hospital admissions, ages 0-4",2024-2025,Mississippi,extended_sep_apr,Extended Sep-Apr,509,3004,0.15290211473477403,0.1471429931467796,0.11355931184926185,0.1496643179257078,0.11975403018108664,0.14189771248104804,0.13629683431952663,0.1152090440818254,1711.128205128205,0.185,piecewise_linear,6,210,244,244,uniform,False
nhsn,"Pediatric RSV hospital admissions, ages 0-4",2024-2025,Mississippi,late_oct_apr,Late Oct-Apr,509,2884,0.14199838192534378,0.14021994929563458,0.09257636198869622,0.1498379264732639,0.10852868431326654,0.13697343376013707,0.12802087454545455,0.10039236854068076,1711.128205128205,0.185,piecewise_linear,6,210,244,244,uniform,False
nhsn,"Pediatric RSV hospital admissions, ages 0-4",2024-2025,Missouri,baseline_oct_mar,Baseline Oct-Mar,509,2764,0.1310946491159135,0.1430653576568995,0.0,0.1485619152216476,0.10207215288743741,0.137777181732686,0.1274316393442623,0.09254002471903332,3644.3589743589746,0.185,piecewise_linear,6,210,244,244,uniform,False
nhsn,"Pediatric RSV hospital admissions, ages 0-4",2024-2025,Missouri,early_sep_mar,Early Sep-Mar,509,2884,0.14199838192534375,0.1451913547785548,0.10298844636711746,0.148531849573516,0.11125894403210213,0.1385742044439841,0.1342982496969697,0.10735670026017795,3644.3589743589746,0.185,piecewise_linear,6,210,244,244,uniform,False
nhsn,"Pediatric RSV hospital admissions, ages 0-4",2024-2025,Missouri,extended_sep_apr,Extended Sep-Apr,509,3004,0.15290211473477403,0.145532445730725,0.11660441812745108,0.14857935439988068,0.1186230486236806,0.14005487630654073,0.13629683431952663,0.1152090440818254,3644.3589743589746,0.185,piecewise_linear,6,210,244,244,uniform,False
nhsn,"Pediatric RSV hospital admissions, ages 0-4",2024-2025,Missouri,late_oct_apr,Late Oct-Apr,509,2884,0.14199838192534378,0.14396928191595812,0.09650077550640848,0.14862009825032885,0.10943625747901589,0.13925785359524265,0.12802087454545455,0.10039236854068076,3644.3589743589746,0.185,piecewise_linear,6,210,244,244,uniform,False
nhsn,"Pediatric RSV hospital admissions, ages 0-4",2024-2025,Montana,baseline_oct_mar,Baseline Oct-Mar,509,2764,0.1310946491159135,0.14769993844313584,0.13849215057283143,0.14868827630226916,0.12066247072306101,0.14020926647034124,0.1274316393442623,0.09254002471903332,950.9743589743589,0.185,piecewise_linear,6,210,244,244,uniform,False
nhsn,"Pediatric RSV hospital admissions, ages 0-4",2024-2025,Montana,early_sep_mar,Early Sep-Mar,509,2884,0.14199838192534375,0.14706960273530614,0.135504954821774,0.14827937673659675,0.12070692944981873,0.13865959266194117,0.1342982496969697,0.10735670026017795,950.9743589743591,0.185,piecewise_linear,6,210,244,244,uniform,False
nhsn,"Pediatric RSV hospital admissions, ages 0-4",2024-2025,Montana,extended_sep_apr,Extended Sep-Apr,509,3004,0.15290211473477403,0.14711514936357606,0.1367407320718497,0.14830620824241547,0.12803391592988644,0.1401389006215614,0.13629683431952663,0.1152090440818254,950.974358974359,0.185,piecewise_linear,6,210,244,244,uniform,False
nhsn,"Pediatric RSV hospital admissions, ages 0-4",2024-2025,Montana,late_oct_apr,Late Oct-Apr,509,2884,0.14199838192534378,0.14774419511409642,0.14065787888755982,0.14876334930447255,0.12798945720312876,0.14168857442996144,0.12802087454545455,0.10039236854068076,950.974358974359,0.185,piecewise_linear,6,210,244,244,uniform,False
nhsn,"Pediatric RSV hospital admissions, ages 0-4",2024-2025,Nebraska,baseline_oct_mar,Baseline Oct-Mar,509,2764,0.1310946491159135,0.14718492172514314,0.06359901895802408,0.14868914752459284,0.10797938129112687,0.14084671472917412,0.1274316393442623,0.09254002471903332,1686.102564102564,0.185,piecewise_linear,6,210,244,244,uniform,False
nhsn,"Pediatric RSV hospital admissions, ages 0-4",2024-2025,Nebraska,early_sep_mar,Early Sep-Mar,509,2884,0.14199838192534375,0.14639445490599626,0.09911947819185891,0.14830806555666556,0.1118136882091905,0.13993725527205192,0.1342982496969697,0.10735670026017795,1686.1025641025644,0.185,piecewise_linear,6,210,244,244,uniform,False
nhsn,"Pediatric RSV hospital admissions, ages 0-4",2024-2025,Nebraska,extended_sep_apr,Extended Sep-Apr,509,3004,0.15290211473477403,0.14645643048095225,0.11926701660900332,0.14831806071945297,0.11819525217491225,0.1407761710056462,0.13629683431952663,0.1152090440818254,1686.102564102564,0.185,piecewise_linear,6,210,244,244,uniform,False
nhsn,"Pediatric RSV hospital admissions, ages 0-4",2024-2025,Nebraska,late_oct_apr,Late Oct-Apr,509,2884,0.14199838192534378,0.14720708388778744,0.1014479563894439,0.14873221149408972,0.11436094525684863,0.14168563046276833,0.12802087454545455,0.10039236854068076,1686.1025641025642,0.185,piecewise_linear,6,210,244,244,uniform,False
nhsn,"Pediatric RSV hospital admissions, ages 0-4",2024-2025,Nevada,baseline_oct_mar,Baseline Oct-Mar,509,2764,0.1310946491159135,0.14502493678720607,0.08180736428631609,0.1487658484890194,0.10879369365078564,0.14088701167090437,0.1274316393442623,0.09254002471903332,2011.4358974358975,0.185,piecewise_linear,6,210,244,244,uniform,False
nhsn,"Pediatric RSV hospital admissions, ages 0-4",2024-2025,Nevada,early_sep_mar,Early Sep-Mar,509,2884,0.14199838192534375,0.14698630051716619,0.1125402016447022,0.1488900322772096,0.11762487644304355,0.14146949169073017,0.1342982496969697,0.10735670026017795,2011.4358974358975,0.185,piecewise_linear,6,210,244,244,uniform,False
nhsn,"Pediatric RSV hospital admissions, ages 0-4",2024-2025,Nevada,extended_sep_apr,Extended Sep-Apr,509,3004,0.15290211473477403,0.14704377772944757,0.12710069311731295,0.14893662446549544,0.1241893600244516,0.14186835844460063,0.13629683431952663,0.1152090440818254,2011.4358974358977,0.185,piecewise_linear,6,210,244,244,uniform,False
nhsn,"Pediatric RSV hospital admissions, ages 0-4",2024-2025,Nevada,late_oct_apr,Late Oct-Apr,509,2884,0.14199838192534378,0.14562920349392303,0.10646275066978475,0.14878572891028102,0.11535817723219367,0.14128587842477486,0.12802087454545455,0.10039236854068076,2011.4358974358975,0.185,piecewise_linear,6,210,244,244,uniform,False
nhsn,"Pediatric RSV hospital admissions, ages 0-4",2024-2025,New Hampshire,baseline_oct_mar,Baseline Oct-Mar,509,2764,0.1310946491159135,0.14842242429533084,0.11011648922045694,0.1495771490308633,0.11849499477495672,0.1421348005850984,0.1274316393442623,0.09254002471903332,591.2307692307693,0.185,piecewise_linear,6,210,244,244,uniform,False
nhsn,"Pediatric RSV hospital admissions, ages 0-4",2024-2025,New Hampshire,early_sep_mar,Early Sep-Mar,509,2884,0.14199838192534375,0.1477670723654455,0.12193874882316129,0.14906761818181818,0.12283727652741389,0.14134386097992316,0.1342982496969697,0.10735670026017795,591.2307692307693,0.185,piecewise_linear,6,210,244,244,uniform,False
nhsn,"Pediatric RSV hospital admissions, ages 0-4",2024-2025,New Hampshire,extended_sep_apr,Extended Sep-Apr,509,3004,0.15290211473477403,0.1478107567656929,0.1334719183587497,0.1491088787878788,0.12998903375383491,0.14184323912357236,0.13629683431952663,0.1152090440818254,591.2307692307693,0.185,piecewise_linear,6,210,244,244,uniform,False
nhsn,"Pediatric RSV hospital admissions, ages 0-4",2024-2025,New Hampshire,late_oct_apr,Late Oct-Apr,509,2884,0.14199838192534378,0.14846620862470863,0.1199458959468625,0.14964760655849008,0.1256467520013777,0.14263417872874765,0.12802087454545455,0.10039236854068076,591.2307692307693,0.185,piecewise_linear,6,210,244,244,uniform,False
nhsn,"Pediatric RSV hospital admissions, ages 0-4",2024-2025,New Jersey,baseline_oct_mar,Baseline Oct-Mar,509,2764,0.1310946491159135,0.13548316741202723,0.0,0.14943326326805284,0.1003601014153335,0.13712333040728214,0.1274316393442623,0.09254002471903332,6525.4358974358975,0.185,piecewise_linear,6,210,244,244,uniform,False
nhsn,"Pediatric RSV hospital admissions, ages 0-4",2024-2025,New Jersey,early_sep_mar,Early Sep-Mar,509,2884,0.14199838192534375,0.14692543112556974,0.09051493220930794,0.14908967695221445,0.1111038061428099,0.14179745219798362,0.1342982496969697,0.10735670026017795,6525.435897435898,0.185,piecewise_linear,6,210,244,244,uniform,False
nhsn,"Pediatric RSV hospital admissions, ages 0-4",2024-2025,New Jersey,extended_sep_apr,Extended Sep-Apr,509,3004,0.15290211473477403,0.14706109980943713,0.10747433011741345,0.14908967695221445,0.1182011893813911,0.14225077649173878,0.13629683431952663,0.1152090440818254,6525.4358974358975,0.185,piecewise_linear,6,210,244,244,uniform,False
nhsn,"Pediatric RSV hospital admissions, ages 0-4",2024-2025,New Jersey,late_oct_apr,Late Oct-Apr,509,2884,0.14199838192534378,0.1399152681514357,0.08726479911807937,0.14943326326805284,0.10745748465391468,0.1375766547010373,0.12802087454545455,0.10039236854068076,6525.4358974358975,0.185,piecewise_linear,6,210,244,244,uniform,False
nhsn,"Pediatric RSV hospital admissions, ages 0-4",2024-2025,New Mexico,baseline_oct_mar,Baseline Oct-Mar,509,2764,0.1310946491159135,0.14745033637044774,0.057120280414719345,0.14850605245238857,0.10888796033330264,0.14150883202128614,0.1274316393442623,0.09254002471903332,2765.3333333333335,0.185,piecewise_linear,6,210,244,244,uniform,False
nhsn,"Pediatric RSV hospital admissions, ages 0-4",2024-2025,New Mexico,early_sep_mar,Early Sep-Mar,509,2884,0.14199838192534375,0.1471106860109343,0.12421392376312244,0.1484286198169132,0.11530971305816153,0.14092351375405282,0.1342982496969697,0.10735670026017795,2765.333333333333,0.185,piecewise_linear,6,210,244,244,uniform,False
nhsn,"Pediatric RSV hospital admissions, ages 0-4",2024-2025,New Mexico,extended_sep_apr,Extended Sep-Apr,509,3004,0.15290211473477403,0.14717126193937355,0.13123050400663167,0.14847924375261762,0.12183500616707134,0.14140276354750078,0.13629683431952663,0.1152090440818254,2765.333333333333,0.185,piecewise_linear,6,210,244,244,uniform,False
nhsn,"Pediatric RSV hospital admissions, ages 0-4",2024-2025,New Mexico,late_oct_apr,Late Oct-Apr,509,2884,0.14199838192534378,0.14754209715209263,0.1077707773887388,0.148525028112264,0.11541325344221247,0.14198808181473413,0.12802087454545455,0.10039236854068076,2765.333333333333,0.185,piecewise_linear,6,210,244,244,uniform,False
nhsn,"Pediatric RSV hospital admissions, ages 0-4",2024-2025,New York,baseline_oct_mar,Baseline Oct-Mar,509,2764,0.1310946491159135,0.1394537956513537,0.0,0.1492860897045405,0.09871045712787097,0.1390111097868589,0.1274316393442623,0.09254002471903332,13448.153846153846,0.185,piecewise_linear,6,210,244,244,uniform,False
nhsn,"Pediatric RSV hospital admissions, ages 0-4",2024-2025,New York,early_sep_mar,Early Sep-Mar,509,2884,0.14199838192534375,0.1465959921587351,0.08064666307723285,0.1489277983111627,0.10864360446780222,0.14156927249013646,0.1342982496969697,0.10735670026017795,13448.153846153848,0.185,piecewise_linear,6,210,244,244,uniform,False
nhsn,"Pediatric RSV hospital admissions, ages 0-4",2024-2025,New York,extended_sep_apr,Extended Sep-Apr,509,3004,0.15290211473477403,0.14661664727711798,0.099732000996219,0.1489277983111627,0.11535207824041149,0.14208256929553367,0.13629683431952663,0.1152090440818254,13448.153846153846,0.185,piecewise_linear,6,210,244,244,uniform,False
nhsn,"Pediatric RSV hospital admissions, ages 0-4",2024-2025,New York,late_oct_apr,Late Oct-Apr,509,2884,0.14199838192534378,0.14209938423044846,0.07697783299820582,0.1492860897045405,0.10541893090048023,0.13952440659225604,0.12802087454545455,0.10039236854068076,13448.153846153848,0.185,piecewise_linear,6,210,244,244,uniform,False
nhsn,"Pediatric RSV hospital admissions, ages 0-4",2024-2025,North Carolina,baseline_oct_mar,Baseline Oct-Mar,509,2764,0.1310946491159135,0.14456069126920984,0.0,0.1487136843201945,0.09857648031101285,0.14063775013333213,0.1274316393442623,0.09254002471903332,5993.641025641025,0.185,piecewise_linear,6,210,244,244,uniform,False
nhsn,"Pediatric RSV hospital admissions, ages 0-4",2024-2025,North Carolina,early_sep_mar,Early Sep-Mar,509,2884,0.14199838192534375,0.14611877665320147,0.07494256280450538,0.14856667247603475,0.10752254947967557,0.14092922036712582,0.1342982496969697,0.10735670026017795,5993.641025641025,0.185,piecewise_linear,6,210,244,244,uniform,False
nhsn,"Pediatric RSV hospital admissions, ages 0-4",2024-2025,North Carolina,extended_sep_apr,Extended Sep-Apr,509,3004,0.15290211473477403,0.14633272701704628,0.09795009467348109,0.14856667247603475,0.11419251752472932,0.1415544660586028,0.13629683431952663,0.1152090440818254,5993.641025641025,0.185,piecewise_linear,6,210,244,244,uniform,False
nhsn,"Pediatric RSV hospital admissions, ages 0-4",2024-2025,North Carolina,late_oct_apr,Late Oct-Apr,509,2884,0.14199838192534378,0.14518306764183025,0.07191665247380606,0.1487136843201945,0.10524644835606659,0.14126299582480914,0.12802087454545455,0.10039236854068076,5993.641025641025,0.185,piecewise_linear,6,210,244,244,uniform,False
nhsn,"Pediatric RSV hospital admissions, ages 0-4",2024-2025,North Dakota,baseline_oct_mar,Baseline Oct-Mar,509,2764,0.1310946491159135,0.14744061468841876,0.09861131777181303,0.14865468288233505,0.11230619685088096,0.14081358199607769,0.1274316393442623,0.09254002471903332,775.7948717948718,0.185,piecewise_linear,6,210,244,244,uniform,False
nhsn,"Pediatric RSV hospital admissions, ages 0-4",2024-2025,North Dakota,early_sep_mar,Early Sep-Mar,509,2884,0.14199838192534375,0.14620913527696794,0.09861131777181303,0.14810513831315414,0.1111443825500477,0.13924849231613318,0.1342982496969697,0.10735670026017795,775.7948717948718,0.185,piecewise_linear,6,210,244,244,uniform,False
nhsn,"Pediatric RSV hospital admissions, ages 0-4",2024-2025,North Dakota,extended_sep_apr,Extended Sep-Apr,509,3004,0.15290211473477403,0.14620913527696794,0.1200367229052355,0.14810513831315414,0.11688080668714895,0.14018087457837117,0.13629683431952663,0.1152090440818254,775.7948717948718,0.185,piecewise_linear,6,210,244,244,uniform,False
nhsn,"Pediatric RSV hospital admissions, ages 0-4",2024-2025,North Dakota,late_oct_apr,Late Oct-Apr,509,2884,0.14199838192534378,0.14744061468841876,0.1200367229052355,0.14865468288233505,0.1180426209879822,0.1417459642583157,0.12802087454545455,0.10039236854068076,775.7948717948718,0.185,piecewise_linear,6,210,244,244,uniform,False
nhsn,"Pediatric RSV hospital admissions, ages 0-4",2024-2025,Ohio,baseline_oct_mar,Baseline Oct-Mar,509,2764,0.1310946491159135,0.13841460369024347,0.0,0.1483792110507676,0.09868464511170238,0.13861330206253913,0.1274316393442623,0.09254002471903332,10235.48717948718,0.185,piecewise_linear,6,210,244,244,uniform,False
nhsn,"Pediatric RSV hospital admissions, ages 0-4",2024-2025,Ohio,early_sep_mar,Early Sep-Mar,509,2884,0.14199838192534375,0.14627554801981937,0.0843215194171602,0.14860097450457485,0.10887717354317795,0.1412681966242762,0.1342982496969697,0.10735670026017795,10235.48717948718,0.185,piecewise_linear,6,210,244,244,uniform,False
nhsn,"Pediatric RSV hospital admissions, ages 0-4",2024-2025,Ohio,extended_sep_apr,Extended Sep-Apr,509,3004,0.15290211473477403,0.1463020377683872,0.10242233177860492,0.14860097450457485,0.11515585885585683,0.14176760589828233,0.13629683431952663,0.1152090440818254,10235.48717948718,0.185,piecewise_linear,6,210,244,244,uniform,False
nhsn,"Pediatric RSV hospital admissions, ages 0-4",2024-2025,Ohio,late_oct_apr,Late Oct-Apr,509,2884,0.14199838192534378,0.14054643131868133,0.07475814796901742,0.1483792110507676,0.10496333042438127,0.13911271133654526,0.12802087454545455,0.10039236854068076,10235.487179487181,0.185,piecewise_linear,6,210,244,244,uniform,False
nhsn,"Pediatric RSV hospital admissions, ages 0-4",2024-2025,Oklahoma,baseline_oct_mar,Baseline Oct-Mar,509,2764,0.1310946491159135,0.14779221051410343,0.06487695561861408,0.14907837221385176,0.10737349604780613,0.14231726321357105,0.1274316393442623,0.09254002471903332,2252.3076923076924,0.185,piecewise_linear,6,210,244,244,uniform,False
nhsn,"Pediatric RSV hospital admissions, ages 0-4",2024-2025,Oklahoma,early_sep_mar,Early Sep-Mar,509,2884,0.14199838192534375,0.14718943199478343,0.09060803340997771,0.14858219029567576,0.11141846715870694,0.14170697665277956,0.1342982496969697,0.10735670026017795,2252.3076923076924,0.185,piecewise_linear,6,210,244,244,uniform,False
nhsn,"Pediatric RSV hospital admissions, ages 0-4",2024-2025,Oklahoma,extended_sep_apr,Extended Sep-Apr,509,3004,0.15290211473477403,0.14727051465305005,0.10232122004793513,0.14860201913919416,0.11697168792056896,0.14192857866346242,0.13629683431952663,0.1152090440818254,2252.3076923076924,0.185,piecewise_linear,6,210,244,244,uniform,False
nhsn,"Pediatric RSV hospital admissions, ages 0-4",2024-2025,Oklahoma,late_oct_apr,Late Oct-Apr,509,2884,0.14199838192534378,0.147825621860754,0.09098488247975532,0.1490955019134603,0.1129267168096681,0.1425388652242539,0.12802087454545455,0.10039236854068076,2252.3076923076924,0.185,piecewise_linear,6,210,244,244,uniform,False
nhsn,"Pediatric RSV hospital admissions, ages 0-4",2024-2025,Oregon,baseline_oct_mar,Baseline Oct-Mar,509,2764,0.1310946491159135,0.14627237374565133,0.0,0.14852365703246526,0.09918157874884148,0.1416352426091455,0.1274316393442623,0.09254002471903332,2233.5384615384614,0.185,piecewise_linear,6,210,244,244,uniform,False
nhsn,"Pediatric RSV hospital admissions, ages 0-4",2024-2025,Oregon,early_sep_mar,Early Sep-Mar,509,2884,0.14199838192534375,0.14617506008686584,0.06134681593937977,0.14834108487827344,0.10793766418743125,0.14105822438065943,0.1342982496969697,0.10735670026017795,2233.5384615384614,0.185,piecewise_linear,6,210,244,244,uniform,False
nhsn,"Pediatric RSV hospital admissions, ages 0-4",2024-2025,Oregon,extended_sep_apr,Extended Sep-Apr,509,3004,0.15290211473477403,0.1463535631008706,0.10241356089972274,0.148367038160313,0.11380816070035703,0.14146373532971404,0.13629683431952663,0.1152090440818254,2233.5384615384614,0.185,piecewise_linear,6,210,244,244,uniform,False
nhsn,"Pediatric RSV hospital admissions, ages 0-4",2024-2025,Oregon,late_oct_apr,Late Oct-Apr,509,2884,0.14199838192534378,0.14642616514211823,0.04567891345969041,0.1485779511946679,0.10505207526176727,0.14204075355820014,0.12802087454545455,0.10039236854068076,2233.5384615384614,0.185,piecewise_linear,6,210,244,244,uniform,False
nhsn,"Pediatric RSV hospital admissions, ages 0-4",2024-2025,Pennsylvania,baseline_oct_mar,Baseline Oct-Mar,509,2764,0.1310946491159135,0.14452051081073655,0.0,0.1488216105438306,0.10231755112843197,0.14097773651387616,0.1274316393442623,0.09254002471903332,11464.871794871795,0.185,piecewise_linear,6,210,244,244,uniform,False
nhsn,"Pediatric RSV hospital admissions, ages 0-4",2024-2025,Pennsylvania,early_sep_mar,Early Sep-Mar,509,2884,0.14199838192534375,0.14679855302287872,0.08805239505986029,0.14875763823812382,0.11131984179524744,0.14156693673111392,0.1342982496969697,0.10735670026017795,11464.871794871793,0.185,piecewise_linear,6,210,244,244,uniform,False
nhsn,"Pediatric RSV hospital admissions, ages 0-4",2024-2025,Pennsylvania,extended_sep_apr,Extended Sep-Apr,509,3004,0.15290211473477403,0.1468544605852674,0.10483998964001416,0.14879076399208854,0.11777813857420491,0.14197487356004215,0.13629683431952663,0.1152090440818254,11464.871794871795,0.185,piecewise_linear,6,210,244,244,uniform,False
nhsn,"Pediatric RSV hospital admissions, ages 0-4",2024-2025,Pennsylvania,late_oct_apr,Late Oct-Apr,509,2884,0.14199838192534378,0.1447177287448245,0.07863000609575611,0.14884693988639547,0.10877584790738942,0.14138567334280439,0.12802087454545455,0.10039236854068076,11464.871794871795,0.185,piecewise_linear,6,210,244,244,uniform,False
nhsn,"Pediatric RSV hospital admissions, ages 0-4",2024-2025,Rhode Island,baseline_oct_mar,Baseline Oct-Mar,509,2764,0.1310946491159135,0.14271918087749813,0.06688197255939225,0.14989609258497497,0.10625733756456048,0.1407757998272697,0.1274316393442623,0.09254002471903332,957.2307692307693,0.185,piecewise_linear,6,210,244,244,uniform,False
nhsn,"Pediatric RSV hospital admissions, ages 0-4",2024-2025,Rhode Island,early_sep_mar,Early Sep-Mar,509,2884,0.14199838192534375,0.14789116004510755,0.09120329184974318,0.14911437272727274,0.11376564054242443,0.14247762825468185,0.1342982496969697,0.10735670026017795,957.2307692307693,0.185,piecewise_linear,6,210,244,244,uniform,False
nhsn,"Pediatric RSV hospital admissions, ages 0-4",2024-2025,Rhode Island,extended_sep_apr,Extended Sep-Apr,509,3004,0.15290211473477403,0.1479681563707421,0.10683587965295575,0.1492726003996004,0.12090927914769159,0.1426328884210932,0.13629683431952663,0.1152090440818254,957.2307692307692,0.185,piecewise_linear,6,210,244,244,uniform,False
nhsn,"Pediatric RSV hospital admissions, ages 0-4",2024-2025,Rhode Island,late_oct_apr,Late Oct-Apr,509,2884,0.14199838192534378,0.1440673601632817,0.09038354911834577,0.15014897801414556,0.11340097616982768,0.14093105999368105,0.12802087454545455,0.10039236854068076,957.2307692307693,0.185,piecewise_linear,6,210,244,244,uniform,False
nhsn,"Pediatric RSV hospital admissions, ages 0-4",2024-2025,South Carolina,baseline_oct_mar,Baseline Oct-Mar,509,2764,0.1310946491159135,0.13335274070797942,0.0,0.14932576039616602,0.09798216420455379,0.13607973647640703,0.1274316393442623,0.09254002471903332,2743.4358974358975,0.185,piecewise_linear,6,210,244,244,uniform,False
nhsn,"Pediatric RSV hospital admissions, ages 0-4",2024-2025,South Carolina,early_sep_mar,Early Sep-Mar,509,2884,0.14199838192534375,0.146243780725963,0.08914496127191195,0.14917291652605463,0.10895308050781134,0.1409874692692682,0.1342982496969697,0.10735670026017795,2743.4358974358975,0.185,piecewise_linear,6,210,244,244,uniform,False
nhsn,"Pediatric RSV hospital admissions, ages 0-4",2024-2025,South Carolina,extended_sep_apr,Extended Sep-Apr,509,3004,0.15290211473477403,0.14658268924515203,0.10666021512591455,0.1492370536013986,0.11629078120035016,0.14176519610264848,0.13629683431952663,0.1152090440818254,2743.435897435897,0.185,piecewise_linear,6,210,244,244,uniform,False
nhsn,"Pediatric RSV hospital admissions, ages 0-4",2024-2025,South Carolina,late_oct_apr,Late Oct-Apr,509,2884,0.14199838192534378,0.13607496724219734,0.08666812367120061,0.1493656585737689,0.10531986489709261,0.13685746330978732,0.12802087454545455,0.10039236854068076,2743.435897435897,0.185,piecewise_linear,6,210,244,244,uniform,False
nhsn,"Pediatric RSV hospital admissions, ages 0-4",2024-2025,South Dakota,baseline_oct_mar,Baseline Oct-Mar,509,2764,0.1310946491159135,0.14572096627591158,0.06595217440783381,0.14794944797528053,0.10689657777702913,0.13989563296845414,0.1274316393442623,0.09254002471903332,816.4615384615386,0.185,piecewise_linear,6,210,244,244,uniform,False
nhsn,"Pediatric RSV hospital admissions, ages 0-4",2024-2025,South Dakota,early_sep_mar,Early Sep-Mar,509,2884,0.14199838192534375,0.14661139935449166,0.12076643098740752,0.14870007992007994,0.11689991195627639,0.1385110448856348,0.1342982496969697,0.10735670026017795,816.4615384615383,0.185,piecewise_linear,6,210,244,244,uniform,False
nhsn,"Pediatric RSV hospital admissions, ages 0-4",2024-2025,South Dakota,extended_sep_apr,Extended Sep-Apr,509,3004,0.15290211473477403,0.14670143156658838,0.1290010397124003,0.14876430047002176,0.12252895675741475,0.13971996462234237,0.13629683431952663,0.1152090440818254,816.4615384615385,0.185,piecewise_linear,6,210,244,244,uniform,False
nhsn,"Pediatric RSV hospital admissions, ages 0-4",2024-2025,South Dakota,late_oct_apr,Late Oct-Apr,509,2884,0.14199838192534378,0.14584182554287817,0.09968561438561441,0.14797208039652657,0.1125256225781675,0.14110455270516176,0.12802087454545455,0.10039236854068076,816.4615384615385,0.185,piecewise_linear,6,210,244,244,uniform,False
nhsn,"Pediatric RSV hospital admissions, ages 0-4",2024-2025,Tennessee,baseline_oct_mar,Baseline Oct-Mar,509,2764,0.1310946491159135,0.1333516625911493,0.0,0.14940677059693883,0.09701355783694952,0.13788069486840324,0.1274316393442623,0.09254002471903332,4789.282051282052,0.185,piecewise_linear,6,210,244,244,uniform,False
nhsn,"Pediatric RSV hospital admissions, ages 0-4",2024-2025,Tennessee,early_sep_mar,Early Sep-Mar,509,2884,0.14199838192534375,0.14631150062266501,0.07690277996523778,0.14910247584869793,0.10737860956851408,0.14154945046527798,0.1342982496969697,0.10735670026017795,4789.282051282052,0.185,piecewise_linear,6,210,244,244,uniform,False
nhsn,"Pediatric RSV hospital admissions, ages 0-4",2024-2025,Tennessee,extended_sep_apr,Extended Sep-Apr,509,3004,0.15290211473477403,0.14644512700699303,0.09906928242388144,0.14919979798744565,0.1141543286748634,0.14212498289285194,0.13629683431952663,0.1152090440818254,4789.282051282051,0.185,piecewise_linear,6,210,244,244,uniform,False
nhsn,"Pediatric RSV hospital admissions, ages 0-4",2024-2025,Tennessee,late_oct_apr,Late Oct-Apr,509,2884,0.14199838192534378,0.13747142364213813,0.07538021996185634,0.1494521838839275,0.1037892769432988,0.13845622729597715,0.12802087454545455,0.10039236854068076,4789.282051282053,0.185,piecewise_linear,6,210,244,244,uniform,False
nhsn,"Pediatric RSV hospital admissions, ages 0-4",2024-2025,Texas,baseline_oct_mar,Baseline Oct-Mar,509,2764,0.1310946491159135,0.12902086922433134,0.0,0.14901121303940626,0.09551964024017859,0.13591769830496248,0.1274316393442623,0.09254002471903332,23370.82051282051,0.185,piecewise_linear,6,210,244,244,uniform,False
nhsn,"Pediatric RSV hospital admissions, ages 0-4",2024-2025,Texas,early_sep_mar,Early Sep-Mar,509,2884,0.14199838192534375,0.14654071342873048,0.07521939104468899,0.14898147695707786,0.1067641664559627,0.14154694939679033,0.1342982496969697,0.10735670026017795,23370.82051282051,0.185,piecewise_linear,6,210,244,244,uniform,False
nhsn,"Pediatric RSV hospital admissions, ages 0-4",2024-2025,Texas,extended_sep_apr,Extended Sep-Apr,509,3004,0.15290211473477403,0.1465500862867204,0.09573653357190615,0.14898147695707786,0.11353359246318896,0.14200220405076117,0.13629683431952663,0.1152090440818254,23370.820512820515,0.185,piecewise_linear,6,210,244,244,uniform,False
nhsn,"Pediatric RSV hospital admissions, ages 0-4",2024-2025,Texas,late_oct_apr,Late Oct-Apr,509,2884,0.14199838192534378,0.13346952260305095,0.07068397252293881,0.14901121303940626,0.10228906624740484,0.13637295295893329,0.12802087454545455,0.10039236854068076,23370.820512820515,0.185,piecewise_linear,6,210,244,244,uniform,False
nhsn,"Pediatric RSV hospital admissions, ages 0-4",2024-2025,Utah,baseline_oct_mar,Baseline Oct-Mar,509,2764,0.1310946491159135,0.14626012589426898,0.0,0.1480000541321941,0.10543347788908065,0.14122032664238726,0.1274316393442623,0.09254002471903332,4682.923076923077,0.185,piecewise_linear,6,210,244,244,uniform,False
nhsn,"Pediatric RSV hospital admissions, ages 0-4",2024-2025,Utah,early_sep_mar,Early Sep-Mar,509,2884,0.14199838192534375,0.1469010641166467,0.10125549441035156,0.148473079893362,0.11356481695330971,0.140813033382736,0.1342982496969697,0.10735670026017795,4682.923076923076,0.185,piecewise_linear,6,210,244,244,uniform,False
nhsn,"Pediatric RSV hospital admissions, ages 0-4",2024-2025,Utah,extended_sep_apr,Extended Sep-Apr,509,3004,0.15290211473477403,0.14697091629491485,0.12542223395264593,0.14848563206813722,0.11967664765058471,0.14129999971789453,0.13629683431952663,0.1152090440818254,4682.923076923077,0.185,piecewise_linear,6,210,244,244,uniform,False
nhsn,"Pediatric RSV hospital admissions, ages 0-4",2024-2025,Utah,late_oct_apr,Late Oct-Apr,509,2884,0.14199838192534378,0.14649782568327352,0.08755368962888964,0.14802858432368096,0.11154530858635557,0.1417072929775458,0.12802087454545455,0.10039236854068076,4682.923076923077,0.185,piecewise_linear,6,210,244,244,uniform,False
nhsn,"Pediatric RSV hospital admissions, ages 0-4",2024-2025,Vermont,baseline_oct_mar,Baseline Oct-Mar,509,2764,0.1310946491159135,0.14803305210918113,0.12797470037654654,0.14953891311064235,0.12412306567245784,0.1417607000751857,0.1274316393442623,0.09254002471903332,193.94871794871796,0.185,piecewise_linear,6,210,244,244,uniform,False
nhsn,"Pediatric RSV hospital admissions, ages 0-4",2024-2025,Vermont,early_sep_mar,Early Sep-Mar,509,2884,0.14199838192534375,0.14775333333333335,0.1354293146853147,0.14913354545454546,0.12878157507555354,0.1410807809588083,0.1342982496969697,0.10735670026017795,193.94871794871796,0.185,piecewise_linear,6,210,244,244,uniform,False
nhsn,"Pediatric RSV hospital admissions, ages 0-4",2024-2025,Vermont,extended_sep_apr,Extended Sep-Apr,509,3004,0.15290211473477403,0.14775333333333335,0.13568540023428347,0.14913354545454546,0.13292927439444077,0.14151868458413588,0.13629683431952663,0.1152090440818254,193.94871794871798,0.185,piecewise_linear,6,210,244,244,uniform,False
nhsn,"Pediatric RSV hospital admissions, ages 0-4",2024-2025,Vermont,late_oct_apr,Late Oct-Apr,509,2884,0.14199838192534378,0.14803305210918113,0.1294779792140375,0.14953891311064235,0.1282707649913451,0.14219860370051332,0.12802087454545455,0.10039236854068076,193.94871794871793,0.185,piecewise_linear,6,210,244,244,uniform,False
nhsn,"Pediatric RSV hospital admissions, ages 0-4",2024-2025,Virginia,baseline_oct_mar,Baseline Oct-Mar,509,2764,0.1310946491159135,0.13182936216310587,0.0,0.14834754133652892,0.09598121557163475,0.13632438638147407,0.1274316393442623,0.09254002471903332,2389.948717948718,0.185,piecewise_linear,6,210,244,244,uniform,False
nhsn,"Pediatric RSV hospital admissions, ages 0-4",2024-2025,Virginia,early_sep_mar,Early Sep-Mar,509,2884,0.14199838192534375,0.1459322046185453,0.07566183052793103,0.14880684931397542,0.10692976430042787,0.1412665604337292,0.1342982496969697,0.10735670026017795,2389.948717948718,0.185,piecewise_linear,6,210,244,244,uniform,False
nhsn,"Pediatric RSV hospital admissions, ages 0-4",2024-2025,Virginia,extended_sep_apr,Extended Sep-Apr,509,3004,0.15290211473477403,0.14624692903295425,0.09760436061538465,0.1488320239778587,0.11370096555008943,0.14177705903009785,0.13629683431952663,0.1152090440818254,2389.948717948718,0.185,piecewise_linear,6,210,244,244,uniform,False
nhsn,"Pediatric RSV hospital admissions, ages 0-4",2024-2025,Virginia,late_oct_apr,Late Oct-Apr,509,2884,0.14199838192534378,0.13596750057763612,0.07362764105972767,0.14847317275187125,0.10275241682129628,0.1368348849778427,0.12802087454545455,0.10039236854068076,2389.9487179487182,0.185,piecewise_linear,6,210,244,244,uniform,False
nhsn,"Pediatric RSV hospital admissions, ages 0-4",2024-2025,Washington,baseline_oct_mar,Baseline Oct-Mar,509,2764,0.1310946491159135,0.14479376150937098,0.08385698955716882,0.14899742136437105,0.10794459063169656,0.1409223030263071,0.1274316393442623,0.09254002471903332,1545.3333333333333,0.185,piecewise_linear,6,210,244,244,uniform,False
nhsn,"Pediatric RSV hospital admissions, ages 0-4",2024-2025,Washington,early_sep_mar,Early Sep-Mar,509,2884,0.14199838192534375,0.1466218913619018,0.1081196084300315,0.14889509042782037,0.11495192655439151,0.14134434973995577,0.1342982496969697,0.10735670026017795,1545.3333333333333,0.185,piecewise_linear,6,210,244,244,uniform,False
nhsn,"Pediatric RSV hospital admissions, ages 0-4",2024-2025,Washington,extended_sep_apr,Extended Sep-Apr,509,3004,0.15290211473477403,0.14674961077946447,0.11431998490560534,0.14893753623529268,0.12039463148611682,0.14178147495822818,0.13629683431952663,0.1152090440818254,1545.3333333333335,0.185,piecewise_linear,6,210,244,244,uniform,False
nhsn,"Pediatric RSV hospital admissions, ages 0-4",2024-2025,Washington,late_oct_apr,Late Oct-Apr,509,2884,0.14199838192534378,0.1448980960893992,0.09416676806526805,0.14899992353631772,0.11338729556342186,0.14135942824457956,0.12802087454545455,0.10039236854068076,1545.3333333333333,0.185,piecewise_linear,6,210,244,244,uniform,False
nhsn,"Pediatric RSV hospital admissions, ages 0-4",2024-2025,West Virginia,baseline_oct_mar,Baseline Oct-Mar,509,2764,0.1310946491159135,0.14601650921748505,0.0,0.14857052886372424,0.10663226589548253,0.1397804586357571,0.1274316393442623,0.09254002471903332,2048.974358974359,0.185,piecewise_linear,6,210,244,244,uniform,False
nhsn,"Pediatric RSV hospital admissions, ages 0-4",2024-2025,West Virginia,early_sep_mar,Early Sep-Mar,509,2884,0.14199838192534375,0.14601650921748505,0.10720527708311281,0.14846287104481143,0.11271906403501537,0.13891473125305026,0.1342982496969697,0.10735670026017795,2048.974358974359,0.185,piecewise_linear,6,210,244,244,uniform,False
nhsn,"Pediatric RSV hospital admissions, ages 0-4",2024-2025,West Virginia,extended_sep_apr,Extended Sep-Apr,509,3004,0.15290211473477403,0.14615631904278925,0.11653602873236078,0.14846287104481143,0.11916711346532843,0.14018233671340768,0.13629683431952663,0.1152090440818254,2048.974358974359,0.185,piecewise_linear,6,210,244,244,uniform,False
nhsn,"Pediatric RSV hospital admissions, ages 0-4",2024-2025,West Virginia,late_oct_apr,Late Oct-Apr,509,2884,0.14199838192534378,0.1461140802027612,0.10247812002767549,0.14857052886372424,0.11308031532579563,0.1410480640961145,0.12802087454545455,0.10039236854068076,2048.9743589743593,0.185,piecewise_linear,6,210,244,244,uniform,False
nhsn,"Pediatric RSV hospital admissions, ages 0-4",2024-2025,Wisconsin,baseline_oct_mar,Baseline Oct-Mar,509,2764,0.1310946491159135,0.1462399245836729,0.0,0.14807205482845337,0.10232199804676383,0.14108806979463182,0.1274316393442623,0.09254002471903332,2837.2820512820513,0.185,piecewise_linear,6,210,244,244,uniform,False
nhsn,"Pediatric RSV hospital admissions, ages 0-4",2024-2025,Wisconsin,early_sep_mar,Early Sep-Mar,509,2884,0.14199838192534375,0.14668973022672693,0.09312489290038128,0.14840008856231726,0.1113637015102031,0.14068056876118754,0.1342982496969697,0.10735670026017795,2837.2820512820513,0.185,piecewise_linear,6,210,244,244,uniform,False
nhsn,"Pediatric RSV hospital admissions, ages 0-4",2024-2025,Wisconsin,extended_sep_apr,Extended Sep-Apr,509,3004,0.15290211473477403,0.1468018732306288,0.1115713941546472,0.14841191800982192,0.11747120137866682,0.14128249963062353,0.13629683431952663,0.1152090440818254,2837.2820512820517,0.185,piecewise_linear,6,210,244,244,uniform,False
nhsn,"Pediatric RSV hospital admissions, ages 0-4",2024-2025,Wisconsin,late_oct_apr,Late Oct-Apr,509,2884,0.14199838192534378,0.14631116508326114,0.0753107992180306,0.14808524839649662,0.10842949791522757,0.1416900006640678,0.12802087454545455,0.10039236854068076,2837.2820512820517,0.185,piecewise_linear,6,210,244,244,uniform,False
nhsn,"Pediatric RSV hospital admissions, ages 0-4",2024-2025,Wyoming,baseline_oct_mar,Baseline Oct-Mar,509,2764,0.1310946491159135,0.14580051627183227,0.10095567936548745,0.14792958233433237,0.11156397942958537,0.1403481585329328,0.1274316393442623,0.09254002471903332,844.6153846153846,0.185,piecewise_linear,6,210,244,244,uniform,False
nhsn,"Pediatric RSV hospital admissions, ages 0-4",2024-2025,Wyoming,early_sep_mar,Early Sep-Mar,509,2884,0.14199838192534375,0.14697473572490502,0.13418246668640807,0.14865838597325007,0.11992861387387171,0.13962737973629755,0.1342982496969697,0.10735670026017795,844.6153846153848,0.185,piecewise_linear,6,210,244,244,uniform,False
nhsn,"Pediatric RSV hospital admissions, ages 0-4",2024-2025,Wyoming,extended_sep_apr,Extended Sep-Apr,509,3004,0.15290211473477403,0.14705452425174825,0.13556106444126217,0.14874382743812203,0.12575146117764774,0.14049856665457056,0.13629683431952663,0.1152090440818254,844.6153846153845,0.185,piecewise_linear,6,210,244,244,uniform,False
nhsn,"Pediatric RSV hospital admissions, ages 0-4",2024-2025,Wyoming,late_oct_apr,Late Oct-Apr,509,2884,0.14199838192534378,0.1460197854118586,0.12203598579545456,0.14798995654226296,0.1173868267333614,0.14121934545120576,0.12802087454545455,0.10039236854068076,844.6153846153846,0.185,piecewise_linear,6,210,244,244,uniform,False
nhsn,"Pediatric RSV hospital admissions, ages 0-4",2025-2026,Alabama,baseline_oct_mar,Baseline Oct-Mar,480,2648,0.1390149508333333,0.11500391339244949,0.04706485598611915,0.13839066060910832,0.09341367954900101,0.12125805895608788,0.0833457247706422,0.08066927189436571,2166.714285714286,0.185,piecewise_linear,6,210,244,244,uniform,False
nhsn,"Pediatric RSV hospital admissions, ages 0-4",2025-2026,Alabama,early_sep_mar,Early Sep-Mar,480,2768,0.15057745083333332,0.13025543777121318,0.10007085857021172,0.14329256562524928,0.10593658605807967,0.13251796912106512,0.11124850931445605,0.09138075542502797,2166.714285714286,0.185,piecewise_linear,6,210,244,244,uniform,False
nhsn,"Pediatric RSV hospital admissions, ages 0-4",2025-2026,Alabama,extended_sep_apr,Extended Sep-Apr,480,2868,0.16140573208333328,0.1312038225808314,0.10094201573426574,0.14330806804186919,0.10903927034024924,0.1327038789801241,0.11124850931445605,0.09518194341379597,2166.714285714286,0.185,piecewise_linear,6,210,244,244,uniform,False
nhsn,"Pediatric RSV hospital admissions, ages 0-4",2025-2026,Alabama,late_oct_apr,Late Oct-Apr,480,2748,0.1498432320833333,0.11605373611388613,0.08073903477536615,0.13868476520731307,0.09651636383117057,0.12144396881514681,0.09909333515881709,0.08447045988313373,2166.7142857142862,0.185,piecewise_linear,6,210,244,244,uniform,False
nhsn,"Pediatric RSV hospital admissions, ages 0-4",2025-2026,Alaska,baseline_oct_mar,Baseline Oct-Mar,480,2648,0.1390149508333333,0.1299279348288473,0.06304069327731092,0.1465868437743731,0.09962606406464249,0.13369749508876297,0.0833457247706422,0.08066927189436571,243.24358974358975,0.185,piecewise_linear,6,210,244,244,uniform,False
nhsn,"Pediatric RSV hospital admissions, ages 0-4",2025-2026,Alaska,early_sep_mar,Early Sep-Mar,480,2768,0.15057745083333332,0.13656731686429513,0.10634153038073038,0.14435000322508543,0.10920530986970234,0.13598599925584728,0.11124850931445605,0.09138075542502797,243.24358974358972,0.185,piecewise_linear,6,210,244,244,uniform,False
nhsn,"Pediatric RSV hospital admissions, ages 0-4",2025-2026,Alaska,extended_sep_apr,Extended Sep-Apr,480,2868,0.16140573208333328,0.1366417042431253,0.11088123089300082,0.14446419686234818,0.11279447574964581,0.13696321638858014,0.11124850931445605,0.09518194341379597,243.24358974358975,0.185,piecewise_linear,6,210,244,244,uniform,False
nhsn,"Pediatric RSV hospital admissions, ages 0-4",2025-2026,Alaska,late_oct_apr,Late Oct-Apr,480,2748,0.1498432320833333,0.13118490424833384,0.07693183007566204,0.1465868437743731,0.10321522994458597,0.13467471222149585,0.09909333515881709,0.08447045988313373,243.24358974358975,0.185,piecewise_linear,6,210,244,244,uniform,False
nhsn,"Pediatric RSV hospital admissions, ages 0-4",2025-2026,Arizona,baseline_oct_mar,Baseline Oct-Mar,480,2648,0.1390149508333333,0.14098076496893663,0.049057486917174896,0.14612257650275748,0.10096671584938426,0.13889571283344634,0.0833457247706422,0.08066927189436571,2038.5897435897436,0.185,piecewise_linear,6,210,244,244,uniform,False
nhsn,"Pediatric RSV hospital admissions, ages 0-4",2025-2026,Arizona,early_sep_mar,Early Sep-Mar,480,2768,0.15057745083333332,0.14029129315433425,0.09304165213664585,0.14633517335586,0.10838886846260726,0.13856319977051385,0.11124850931445605,0.09138075542502797,2038.5897435897436,0.185,piecewise_linear,6,210,244,244,uniform,False
nhsn,"Pediatric RSV hospital admissions, ages 0-4",2025-2026,Arizona,extended_sep_apr,Extended Sep-Apr,480,2868,0.16140573208333328,0.14086460522720268,0.09537425314685317,0.14633517335586,0.11206175889170754,0.1393237318553713,0.11124850931445605,0.09518194341379597,2038.5897435897436,0.185,piecewise_linear,6,210,244,244,uniform,False
nhsn,"Pediatric RSV hospital admissions, ages 0-4",2025-2026,Arizona,late_oct_apr,Late Oct-Apr,480,2748,0.1498432320833333,0.14122850452949987,0.07756617521129178,0.14612257650275748,0.10463960627848454,0.1396562449183038,0.09909333515881709,0.08447045988313373,2038.5897435897436,0.185,piecewise_linear,6,210,244,244,uniform,False
nhsn,"Pediatric RSV hospital admissions, ages 0-4",2025-2026,Arkansas,baseline_oct_mar,Baseline Oct-Mar,480,2648,0.1390149508333333,0.12556610239995714,0.031738083387201035,0.14331678208526166,0.09823024146221596,0.132041066170613,0.0833457247706422,0.08066927189436571,1873.3223443223442,0.185,piecewise_linear,6,210,244,244,uniform,False
nhsn,"Pediatric RSV hospital admissions, ages 0-4",2025-2026,Arkansas,early_sep_mar,Early Sep-Mar,480,2768,0.15057745083333332,0.13801439325748238,0.11048842960579243,0.14510206256912186,0.10914903768090264,0.13781458655535817,0.11124850931445605,0.09138075542502797,1873.3223443223442,0.185,piecewise_linear,6,210,244,244,uniform,False
nhsn,"Pediatric RSV hospital admissions, ages 0-4",2025-2026,Arkansas,extended_sep_apr,Extended Sep-Apr,480,2868,0.16140573208333328,0.13801439325748238,0.11133421180050374,0.14510206256912186,0.11135083609241006,0.13792210932655452,0.11124850931445605,0.09518194341379597,1873.3223443223446,0.185,piecewise_linear,6,210,244,244,uniform,False
nhsn,"Pediatric RSV hospital admissions, ages 0-4",2025-2026,Arkansas,late_oct_apr,Late Oct-Apr,480,2748,0.1498432320833333,0.12582869655404333,0.07100284982605336,0.14331678208526166,0.10043203987372334,0.13214858894180934,0.09909333515881709,0.08447045988313373,1873.3223443223444,0.185,piecewise_linear,6,210,244,244,uniform,False
nhsn,"Pediatric RSV hospital admissions, ages 0-4",2025-2026,California,baseline_oct_mar,Baseline Oct-Mar,480,2648,0.1390149508333333,0.13759726531567934,0.04640603007156158,0.14616743365310925,0.10169159176326349,0.13764153996132575,0.0833457247706422,0.08066927189436571,9241.902930402932,0.185,piecewise_linear,6,210,244,244,uniform,False
nhsn,"Pediatric RSV hospital admissions, ages 0-4",2025-2026,California,early_sep_mar,Early Sep-Mar,480,2768,0.15057745083333332,0.14069893164725694,0.10129166185687512,0.14564596985461836,0.1092809842749394,0.13865763406590015,0.11124850931445605,0.09138075542502797,9241.902930402932,0.185,piecewise_linear,6,210,244,244,uniform,False
nhsn,"Pediatric RSV hospital admissions, ages 0-4",2025-2026,California,extended_sep_apr,Extended Sep-Apr,480,2868,0.16140573208333328,0.14069893164725694,0.10492593558608454,0.14564596985461836,0.11255804478505035,0.13910414631630294,0.11124850931445605,0.09518194341379597,9241.902930402928,0.185,piecewise_linear,6,210,244,244,uniform,False
nhsn,"Pediatric RSV hospital admissions, ages 0-4",2025-2026,California,late_oct_apr,Late Oct-Apr,480,2748,0.1498432320833333,0.13759726531567934,0.08166233119815933,0.14616743365310925,0.10496865227337444,0.1380880522117285,0.09909333515881709,0.08447045988313373,9241.90293040293,0.185,piecewise_linear,6,210,244,244,uniform,False
nhsn,"Pediatric RSV hospital admissions, ages 0-4",2025-2026,Colorado,baseline_oct_mar,Baseline Oct-Mar,480,2648,0.1390149508333333,0.1435774269213277,0.033875160549152156,0.1474525561205345,0.10443332648341738,0.1411608366784151,0.0833457247706422,0.08066927189436571,4499.285714285715,0.185,piecewise_linear,6,210,244,244,uniform,False
nhsn,"Pediatric RSV hospital admissions, ages 0-4",2025-2026,Colorado,early_sep_mar,Early Sep-Mar,480,2768,0.15057745083333332,0.14349844006059087,0.09158771827203946,0.1471152160956215,0.1103581398119406,0.14039481219625588,0.11124850931445605,0.09138075542502797,4499.285714285714,0.185,piecewise_linear,6,210,244,244,uniform,False
nhsn,"Pediatric RSV hospital admissions, ages 0-4",2025-2026,Colorado,extended_sep_apr,Extended Sep-Apr,480,2868,0.16140573208333328,0.14351834378518918,0.09995036718138475,0.1471152160956215,0.11398361274317705,0.14085776331432256,0.11124850931445605,0.09518194341379597,4499.285714285715,0.185,piecewise_linear,6,210,244,244,uniform,False
nhsn,"Pediatric RSV hospital admissions, ages 0-4",2025-2026,Colorado,late_oct_apr,Late Oct-Apr,480,2748,0.1498432320833333,0.14366870949914154,0.07214999999999999,0.1474525561205345,0.1080587994146538,0.1416237877964818,0.09909333515881709,0.08447045988313373,4499.285714285714,0.185,piecewise_linear,6,210,244,244,uniform,False
nhsn,"Pediatric RSV hospital admissions, ages 0-4",2025-2026,Connecticut,baseline_oct_mar,Baseline Oct-Mar,480,2648,0.1390149508333333,0.14421763665842355,0.035605657933615684,0.14766869679793893,0.10430882588664818,0.14116927794410972,0.0833457247706422,0.08066927189436571,1194.6666666666667,0.185,piecewise_linear,6,210,244,244,uniform,False
nhsn,"Pediatric RSV hospital admissions, ages 0-4",2025-2026,Connecticut,early_sep_mar,Early Sep-Mar,480,2768,0.15057745083333332,0.14353172187306368,0.08176505804195804,0.14690130359951195,0.1084345290229628,0.1406288656090531,0.11124850931445605,0.09138075542502797,1194.6666666666665,0.185,piecewise_linear,6,210,244,244,uniform,False
nhsn,"Pediatric RSV hospital admissions, ages 0-4",2025-2026,Connecticut,extended_sep_apr,Extended Sep-Apr,480,2868,0.16140573208333328,0.14353172187306368,0.08879421360457725,0.14690130359951195,0.11173668910912915,0.14091964800649337,0.11124850931445605,0.09518194341379597,1194.6666666666665,0.185,piecewise_linear,6,210,244,244,uniform,False
nhsn,"Pediatric RSV hospital admissions, ages 0-4",2025-2026,Connecticut,late_oct_apr,Late Oct-Apr,480,2748,0.1498432320833333,0.14421763665842355,0.07327871144110128,0.14766869679793893,0.10761098597281449,0.14146006034155,0.09909333515881709,0.08447045988313373,1194.6666666666665,0.185,piecewise_linear,6,210,244,244,uniform,False
nhsn,"Pediatric RSV hospital admissions, ages 0-4",2025-2026,Delaware,baseline_oct_mar,Baseline Oct-Mar,480,2648,0.1390149508333333,0.13681286333666337,0.011581813186813188,0.1461580016424856,0.10044240601748512,0.13814514196926655,0.0833457247706422,0.08066927189436571,1204.3589743589744,0.185,piecewise_linear,6,210,244,244,uniform,False
nhsn,"Pediatric RSV hospital admissions, ages 0-4",2025-2026,Delaware,early_sep_mar,Early Sep-Mar,480,2768,0.15057745083333332,0.14496385608081516,0.10097997078707457,0.14752255518960206,0.111225369877564,0.1411430605077175,0.11124850931445605,0.09138075542502797,1204.3589743589741,0.185,piecewise_linear,6,210,244,244,uniform,False
nhsn,"Pediatric RSV hospital admissions, ages 0-4",2025-2026,Delaware,extended_sep_apr,Extended Sep-Apr,480,2868,0.16140573208333328,0.14539186223776224,0.11026032808689867,0.14758723038841057,0.11599100771636911,0.14117636693080257,0.11124850931445605,0.09518194341379597,1204.3589743589744,0.185,piecewise_linear,6,210,244,244,uniform,False
nhsn,"Pediatric RSV hospital admissions, ages 0-4",2025-2026,Delaware,late_oct_apr,Late Oct-Apr,480,2748,0.1498432320833333,0.13753645864536082,0.07150054169944077,0.14643431319799605,0.10520804385629025,0.13817844839235166,0.09909333515881709,0.08447045988313373,1204.3589743589741,0.185,piecewise_linear,6,210,244,244,uniform,False
nhsn,"Pediatric RSV hospital admissions, ages 0-4",2025-2026,District of Columbia,baseline_oct_mar,Baseline Oct-Mar,480,2648,0.1390149508333333,0.12787397860962568,0.0,0.14776118181818185,0.0903531555193673,0.12467655374093045,0.0833457247706422,0.08066927189436571,25.025641025641022,0.185,piecewise_linear,6,210,244,244,uniform,False
nhsn,"Pediatric RSV hospital admissions, ages 0-4",2025-2026,District of Columbia,early_sep_mar,Early Sep-Mar,480,2768,0.15057745083333332,0.13085327838827837,0.028859999999999997,0.1495070939060939,0.10259680651627383,0.1309231449618018,0.11124850931445605,0.09138075542502797,25.025641025641022,0.185,piecewise_linear,6,210,244,244,uniform,False
nhsn,"Pediatric RSV hospital admissions, ages 0-4",2025-2026,District of Columbia,extended_sep_apr,Extended Sep-Apr,480,2868,0.16140573208333328,0.13085327838827837,0.028859999999999997,0.1495070939060939,0.10259680651627383,0.13092314496180182,0.11124850931445605,0.09518194341379597,25.025641025641022,0.185,piecewise_linear,6,210,244,244,uniform,False
nhsn,"Pediatric RSV hospital admissions, ages 0-4",2025-2026,District of Columbia,late_oct_apr,Late Oct-Apr,480,2748,0.1498432320833333,0.12787397860962568,0.0,0.14776118181818185,0.0903531555193673,0.12467655374093047,0.09909333515881709,0.08447045988313373,25.025641025641022,0.185,piecewise_linear,6,210,244,244,uniform,False
nhsn,"Pediatric RSV hospital admissions, ages 0-4",2025-2026,Florida,baseline_oct_mar,Baseline Oct-Mar,480,2648,0.1390149508333333,0.10312806080321825,0.04799791339810827,0.1317186927919303,0.08583227282001435,0.10252553020796785,0.0833457247706422,0.08066927189436571,11284.214285714286,0.185,piecewise_linear,6,210,244,244,uniform,False
nhsn,"Pediatric RSV hospital admissions, ages 0-4",2025-2026,Florida,early_sep_mar,Early Sep-Mar,480,2768,0.15057745083333332,0.12156760141191957,0.09244929388217128,0.1409057812590398,0.10170460287421236,0.12258504462341147,0.11124850931445605,0.09138075542502797,11284.214285714286,0.185,piecewise_linear,6,210,244,244,uniform,False
nhsn,"Pediatric RSV hospital admissions, ages 0-4",2025-2026,Florida,extended_sep_apr,Extended Sep-Apr,480,2868,0.16140573208333328,0.12240530642587501,0.09637014806058632,0.14095690201208372,0.10546598611523693,0.12280779738935532,0.11124850931445605,0.09518194341379597,11284.214285714286,0.185,piecewise_linear,6,210,244,244,uniform,False
nhsn,"Pediatric RSV hospital admissions, ages 0-4",2025-2026,Florida,late_oct_apr,Late Oct-Apr,480,2748,0.1498432320833333,0.10541778044863448,0.06201921243070655,0.13247607895625138,0.08959365606103889,0.10274828297391173,0.09909333515881709,0.08447045988313373,11284.214285714286,0.185,piecewise_linear,6,210,244,244,uniform,False
nhsn,"Pediatric RSV hospital admissions, ages 0-4",2025-2026,Georgia,baseline_oct_mar,Baseline Oct-Mar,480,2648,0.1390149508333333,0.12141932995639891,0.03702766878124607,0.1414743923442051,0.09574734785712115,0.12751808056358777,0.0833457247706422,0.08066927189436571,5752.347985347985,0.185,piecewise_linear,6,210,244,244,uniform,False
nhsn,"Pediatric RSV hospital admissions, ages 0-4",2025-2026,Georgia,early_sep_mar,Early Sep-Mar,480,2768,0.15057745083333332,0.13464512364266815,0.10040437275103536,0.14419426998635926,0.10700100400286704,0.13560218456131395,0.11124850931445605,0.09138075542502797,5752.347985347986,0.185,piecewise_linear,6,210,244,244,uniform,False
nhsn,"Pediatric RSV hospital admissions, ages 0-4",2025-2026,Georgia,extended_sep_apr,Extended Sep-Apr,480,2868,0.16140573208333328,0.13519147803788686,0.10760824431983111,0.14431334261670964,0.11108896404220082,0.13583028601502833,0.11124850931445605,0.09518194341379597,5752.347985347986,0.185,piecewise_linear,6,210,244,244,uniform,False
nhsn,"Pediatric RSV hospital admissions, ages 0-4",2025-2026,Georgia,late_oct_apr,Late Oct-Apr,480,2748,0.1498432320833333,0.12294655722326454,0.07648151720139156,0.1418175019237563,0.09983530789645496,0.12774618201730215,0.09909333515881709,0.08447045988313373,5752.347985347986,0.185,piecewise_linear,6,210,244,244,uniform,False
nhsn,"Pediatric RSV hospital admissions, ages 0-4",2025-2026,Hawaii,baseline_oct_mar,Baseline Oct-Mar,480,2648,0.1390149508333333,0.11903103476135513,0.02578026685041343,0.14076410664335667,0.09230306221873337,0.12346215043354995,0.0833457247706422,0.08066927189436571,636.0018315018315,0.185,piecewise_linear,6,210,244,244,uniform,False
nhsn,"Pediatric RSV hospital admissions, ages 0-4",2025-2026,Hawaii,early_sep_mar,Early Sep-Mar,480,2768,0.15057745083333332,0.12852035634757994,0.08808384202556067,0.14327001451378812,0.10326492848991996,0.13150042276848542,0.11124850931445605,0.09138075542502797,636.0018315018316,0.185,piecewise_linear,6,210,244,244,uniform,False
nhsn,"Pediatric RSV hospital admissions, ages 0-4",2025-2026,Hawaii,extended_sep_apr,Extended Sep-Apr,480,2868,0.16140573208333328,0.12959860182330757,0.09093686047629346,0.14347312883902927,0.10771311430814096,0.13177012190286633,0.11124850931445605,0.09518194341379597,636.0018315018315,0.185,piecewise_linear,6,210,244,244,uniform,False
nhsn,"Pediatric RSV hospital admissions, ages 0-4",2025-2026,Hawaii,late_oct_apr,Late Oct-Apr,480,2748,0.1498432320833333,0.12111859417580642,0.07130376755971303,0.14153631707877257,0.09675124803695435,0.12373184956793079,0.09909333515881709,0.08447045988313373,636.0018315018316,0.185,piecewise_linear,6,210,244,244,uniform,False
nhsn,"Pediatric RSV hospital admissions, ages 0-4",2025-2026,Idaho,baseline_oct_mar,Baseline Oct-Mar,480,2648,0.1390149508333333,0.14476923476523476,0.11469747210840582,0.14731833578970052,0.11208508855627672,0.14046739567224806,0.0833457247706422,0.08066927189436571,797.6923076923076,0.185,piecewise_linear,6,210,244,244,uniform,False
nhsn,"Pediatric RSV hospital admissions, ages 0-4",2025-2026,Idaho,early_sep_mar,Early Sep-Mar,480,2768,0.15057745083333332,0.14648455636046376,0.13395611298505417,0.1484400824386881,0.12364945894355947,0.1407849141553556,0.11124850931445605,0.09138075542502797,797.6923076923076,0.185,piecewise_linear,6,210,244,244,uniform,False
nhsn,"Pediatric RSV hospital admissions, ages 0-4",2025-2026,Idaho,extended_sep_apr,Extended Sep-Apr,480,2868,0.16140573208333328,0.14648455636046376,0.13516262373340945,0.1484400824386881,0.12696387547287427,0.1411481510602058,0.11124850931445605,0.09518194341379597,797.6923076923077,0.185,piecewise_linear,6,210,244,244,uniform,False
nhsn,"Pediatric RSV hospital admissions, ages 0-4",2025-2026,Idaho,late_oct_apr,Late Oct-Apr,480,2748,0.1498432320833333,0.14476923476523476,0.11898959955040274,0.14731833578970052,0.1153995050855915,0.14083063257709827,0.09909333515881709,0.08447045988313373,797.6923076923076,0.185,piecewise_linear,6,210,244,244,uniform,False
nhsn,"Pediatric RSV hospital admissions, ages 0-4",2025-2026,Illinois,baseline_oct_mar,Baseline Oct-Mar,480,2648,0.1390149508333333,0.13899428050785,0.04552932658309226,0.1465946324815385,0.10323063669102932,0.1396332483204864,0.0833457247706422,0.08066927189436571,4627.318681318681,0.185,piecewise_linear,6,210,244,244,uniform,False
nhsn,"Pediatric RSV hospital admissions, ages 0-4",2025-2026,Illinois,early_sep_mar,Early Sep-Mar,480,2768,0.15057745083333332,0.14263755191674624,0.10634963415410069,0.1465214551960533,0.11055253525548416,0.1397651655706662,0.11124850931445605,0.09138075542502797,4627.318681318682,0.185,piecewise_linear,6,210,244,244,uniform,False
nhsn,"Pediatric RSV hospital admissions, ages 0-4",2025-2026,Illinois,extended_sep_apr,Extended Sep-Apr,480,2868,0.16140573208333328,0.1426636822520168,0.10763158703847592,0.1465214551960533,0.11379190464571795,0.1401759626661983,0.11124850931445605,0.09518194341379597,4627.318681318682,0.185,piecewise_linear,6,210,244,244,uniform,False
nhsn,"Pediatric RSV hospital admissions, ages 0-4",2025-2026,Illinois,late_oct_apr,Late Oct-Apr,480,2748,0.1498432320833333,0.13919318349140375,0.078702093582574,0.1465946324815385,0.1064700060812631,0.14004404541601853,0.09909333515881709,0.08447045988313373,4627.318681318681,0.185,piecewise_linear,6,210,244,244,uniform,False
nhsn,"Pediatric RSV hospital admissions, ages 0-4",2025-2026,Indiana,baseline_oct_mar,Baseline Oct-Mar,480,2648,0.1390149508333333,0.1370183381430988,0.04259879120879121,0.14543913612394138,0.10129967341171621,0.1372738008015886,0.0833457247706422,0.08066927189436571,2898.0769230769233,0.185,piecewise_linear,6,210,244,244,uniform,False
nhsn,"Pediatric RSV hospital admissions, ages 0-4",2025-2026,Indiana,early_sep_mar,Early Sep-Mar,480,2768,0.15057745083333332,0.14090418826645604,0.10177617814685314,0.14544618272729842,0.1093112751361724,0.1386199025141007,0.11124850931445605,0.09138075542502797,2898.076923076923,0.185,piecewise_linear,6,210,244,244,uniform,False
nhsn,"Pediatric RSV hospital admissions, ages 0-4",2025-2026,Indiana,extended_sep_apr,Extended Sep-Apr,480,2868,0.16140573208333328,0.14092730753405616,0.10536727866013987,0.14544618272729842,0.11297229961448765,0.13906997414709057,0.11124850931445605,0.09518194341379597,2898.076923076923,0.185,piecewise_linear,6,210,244,244,uniform,False
nhsn,"Pediatric RSV hospital admissions, ages 0-4",2025-2026,Indiana,late_oct_apr,Late Oct-Apr,480,2748,0.1498432320833333,0.13739254593584554,0.08078173977318018,0.14543913612394138,0.10496069789003146,0.1377238724345785,0.09909333515881709,0.08447045988313373,2898.076923076923,0.185,piecewise_linear,6,210,244,244,uniform,False
nhsn,"Pediatric RSV hospital admissions, ages 0-4",2025-2026,Iowa,baseline_oct_mar,Baseline Oct-Mar,480,2648,0.1390149508333333,0.14134285478727543,0.03897415428184151,0.14683386436143667,0.10181587108524927,0.1396160609478065,0.0833457247706422,0.08066927189436571,1729.5201465201467,0.185,piecewise_linear,6,210,244,244,uniform,False
nhsn,"Pediatric RSV hospital admissions, ages 0-4",2025-2026,Iowa,early_sep_mar,Early Sep-Mar,480,2768,0.15057745083333332,0.14025107653094565,0.08264715098549184,0.14572001670211876,0.10685075162634138,0.13909973548362098,0.11124850931445605,0.09138075542502797,1729.5201465201467,0.185,piecewise_linear,6,210,244,244,uniform,False
nhsn,"Pediatric RSV hospital admissions, ages 0-4",2025-2026,Iowa,extended_sep_apr,Extended Sep-Apr,480,2868,0.16140573208333328,0.14025107653094565,0.0866565618227926,0.14572001670211876,0.11016631481887217,0.1395591016545996,0.11124850931445605,0.09518194341379597,1729.5201465201467,0.185,piecewise_linear,6,210,244,244,uniform,False
nhsn,"Pediatric RSV hospital admissions, ages 0-4",2025-2026,Iowa,late_oct_apr,Late Oct-Apr,480,2748,0.1498432320833333,0.14134285478727543,0.07629349957734573,0.14683386436143667,0.10513143427778004,0.14007542711878504,0.09909333515881709,0.08447045988313373,1729.5201465201467,0.185,piecewise_linear,6,210,244,244,uniform,False
nhsn,"Pediatric RSV hospital admissions, ages 0-4",2025-2026,Kansas,baseline_oct_mar,Baseline Oct-Mar,480,2648,0.1390149508333333,0.14060102283653847,0.03671031809496851,0.14682126800986953,0.10300360103494785,0.14002399697030582,0.0833457247706422,0.08066927189436571,1260.1538461538462,0.185,piecewise_linear,6,210,244,244,uniform,False
nhsn,"Pediatric RSV hospital admissions, ages 0-4",2025-2026,Kansas,early_sep_mar,Early Sep-Mar,480,2768,0.15057745083333332,0.14238256515645265,0.10136152283011106,0.1465354720983536,0.11020541288028948,0.13999496388257443,0.11124850931445605,0.09138075542502797,1260.1538461538462,0.185,piecewise_linear,6,210,244,244,uniform,False
nhsn,"Pediatric RSV hospital admissions, ages 0-4",2025-2026,Kansas,extended_sep_apr,Extended Sep-Apr,480,2868,0.16140573208333328,0.14238256515645265,0.1050306874795863,0.1465354720983536,0.11311500416990515,0.14032070504939606,0.11124850931445605,0.09518194341379597,1260.1538461538462,0.185,piecewise_linear,6,210,244,244,uniform,False
nhsn,"Pediatric RSV hospital admissions, ages 0-4",2025-2026,Kansas,late_oct_apr,Late Oct-Apr,480,2748,0.1498432320833333,0.14060102283653847,0.06882294067556059,0.14682126800986953,0.10591319232456352,0.14034973813712745,0.09909333515881709,0.08447045988313373,1260.1538461538462,0.185,piecewise_linear,6,210,244,244,uniform,False
nhsn,"Pediatric RSV hospital admissions, ages 0-4",2025-2026,Kentucky,baseline_oct_mar,Baseline Oct-Mar,480,2648,0.1390149508333333,0.13024245077816665,0.04074554587339744,0.1446776894423224,0.09962182245161308,0.13404951195679837,0.0833457247706422,0.08066927189436571,1484.8223443223442,0.185,piecewise_linear,6,210,244,244,uniform,False
nhsn,"Pediatric RSV hospital admissions, ages 0-4",2025-2026,Kentucky,early_sep_mar,Early Sep-Mar,480,2768,0.15057745083333332,0.1385315769389846,0.09546389722420437,0.14447829456371655,0.10743052993985286,0.13686753914293354,0.11124850931445605,0.09138075542502797,1484.8223443223442,0.185,piecewise_linear,6,210,244,244,uniform,False
nhsn,"Pediatric RSV hospital admissions, ages 0-4",2025-2026,Kentucky,extended_sep_apr,Extended Sep-Apr,480,2868,0.16140573208333328,0.1388217668679323,0.103030230943834,0.14469872697693723,0.11164836173198796,0.13730559616567384,0.11124850931445605,0.09518194341379597,1484.8223443223446,0.185,piecewise_linear,6,210,244,244,uniform,False
nhsn,"Pediatric RSV hospital admissions, ages 0-4",2025-2026,Kentucky,late_oct_apr,Late Oct-Apr,480,2748,0.1498432320833333,0.13219324004189642,0.08814005847953216,0.14490849206255402,0.10383965424374818,0.13448756897953873,0.09909333515881709,0.08447045988313373,1484.8223443223444,0.185,piecewise_linear,6,210,244,244,uniform,False
nhsn,"Pediatric RSV hospital admissions, ages 0-4",2025-2026,Louisiana,baseline_oct_mar,Baseline Oct-Mar,480,2648,0.1390149508333333,0.12925251235108146,0.0229260118006993,0.14466285733456424,0.0983397593636086,0.1345988838211726,0.0833457247706422,0.08066927189436571,3383.445054945055,0.185,piecewise_linear,6,210,244,244,uniform,False
nhsn,"Pediatric RSV hospital admissions, ages 0-4",2025-2026,Louisiana,early_sep_mar,Early Sep-Mar,480,2768,0.15057745083333332,0.1402649357920551,0.09529991170635455,0.14574353947534852,0.10720428986033606,0.13841437046727928,0.11124850931445605,0.09138075542502797,3383.445054945055,0.185,piecewise_linear,6,210,244,244,uniform,False
nhsn,"Pediatric RSV hospital admissions, ages 0-4",2025-2026,Louisiana,extended_sep_apr,Extended Sep-Apr,480,2868,0.16140573208333328,0.14052073611032534,0.10229036717913467,0.14586558922086496,0.11108170918314939,0.13855441973797905,0.11124850931445605,0.09518194341379597,3383.445054945055,0.185,piecewise_linear,6,210,244,244,uniform,False
nhsn,"Pediatric RSV hospital admissions, ages 0-4",2025-2026,Louisiana,late_oct_apr,Late Oct-Apr,480,2748,0.1498432320833333,0.12968502506768487,0.06688889439598202,0.14499583010313127,0.10221717868642193,0.13473893309187238,0.09909333515881709,0.08447045988313373,3383.445054945055,0.185,piecewise_linear,6,210,244,244,uniform,False
nhsn,"Pediatric RSV hospital admissions, ages 0-4",2025-2026,Maine,baseline_oct_mar,Baseline Oct-Mar,480,2648,0.1390149508333333,0.13074634941145813,0.0167456442687747,0.1445951617062183,0.09530110669523925,0.13345805516577677,0.0833457247706422,0.08066927189436571,172.04945054945054,0.185,piecewise_linear,6,210,244,244,uniform,False
nhsn,"Pediatric RSV hospital admissions, ages 0-4",2025-2026,Maine,early_sep_mar,Early Sep-Mar,480,2768,0.15057745083333332,0.13110113230769233,0.05898721611721612,0.14444490861062015,0.10128485853159512,0.13434104198634528,0.11124850931445605,0.09138075542502797,172.04945054945057,0.185,piecewise_linear,6,210,244,244,uniform,False
nhsn,"Pediatric RSV hospital admissions, ages 0-4",2025-2026,Maine,extended_sep_apr,Extended Sep-Apr,480,2868,0.16140573208333328,0.13216558000181633,0.06806069143356644,0.1447595579514825,0.10564137333984082,0.1352484529985651,0.11124850931445605,0.09518194341379597,172.04945054945057,0.185,piecewise_linear,6,210,244,244,uniform,False
nhsn,"Pediatric RSV hospital admissions, ages 0-4",2025-2026,Maine,late_oct_apr,Late Oct-Apr,480,2748,0.1498432320833333,0.1321072011188811,0.05656233383121734,0.1447595579514825,0.09965762150348492,0.13436546617799666,0.09909333515881709,0.08447045988313373,172.04945054945057,0.185,piecewise_linear,6,210,244,244,uniform,False
nhsn,"Pediatric RSV hospital admissions, ages 0-4",2025-2026,Maryland,baseline_oct_mar,Baseline Oct-Mar,480,2648,0.1390149508333333,0.12570041830289685,0.021235038850038853,0.14332524397628682,0.09633643867314484,0.13149972601611484,0.0833457247706422,0.08066927189436571,1629.2619047619046,0.185,piecewise_linear,6,210,244,244,uniform,False
nhsn,"Pediatric RSV hospital admissions, ages 0-4",2025-2026,Maryland,early_sep_mar,Early Sep-Mar,480,2768,0.15057745083333332,0.13621877310657257,0.09293603933833386,0.14586192699212766,0.10566796003501,0.13671048381627227,0.11124850931445605,0.09138075542502797,1629.2619047619048,0.185,piecewise_linear,6,210,244,244,uniform,False
nhsn,"Pediatric RSV hospital admissions, ages 0-4",2025-2026,Maryland,extended_sep_apr,Extended Sep-Apr,480,2868,0.16140573208333328,0.1364651519512051,0.09555351999369886,0.14595916072668866,0.10838771306398744,0.13676100297745353,0.11124850931445605,0.09518194341379597,1629.2619047619048,0.185,piecewise_linear,6,210,244,244,uniform,False
nhsn,"Pediatric RSV hospital admissions, ages 0-4",2025-2026,Maryland,late_oct_apr,Late Oct-Apr,480,2748,0.1498432320833333,0.12656305072995416,0.0588681755298371,0.14339268450364578,0.09905619170212229,0.1315502451772961,0.09909333515881709,0.08447045988313373,1629.2619047619048,0.185,piecewise_linear,6,210,244,244,uniform,False
nhsn,"Pediatric RSV hospital admissions, ages 0-4",2025-2026,Massachusetts,baseline_oct_mar,Baseline Oct-Mar,480,2648,0.1390149508333333,0.12961342829341432,0.051275305940436375,0.14361180542290117,0.0970095777988878,0.13227848073904974,0.0833457247706422,0.08066927189436571,3485.5476190476193,0.185,piecewise_linear,6,210,244,244,uniform,False
nhsn,"Pediatric RSV hospital admissions, ages 0-4",2025-2026,Massachusetts,early_sep_mar,Early Sep-Mar,480,2768,0.15057745083333332,0.1376192726963815,0.10034834995636455,0.14475505506393235,0.10893464597107899,0.13682058240150238,0.11124850931445605,0.09138075542502797,3485.5476190476193,0.185,piecewise_linear,6,210,244,244,uniform,False
nhsn,"Pediatric RSV hospital admissions, ages 0-4",2025-2026,Massachusetts,extended_sep_apr,Extended Sep-Apr,480,2868,0.16140573208333328,0.13762295876246347,0.10324093529442108,0.14475505506393235,0.11216482635272242,0.137296922213398,0.11124850931445605,0.09518194341379597,3485.5476190476193,0.185,piecewise_linear,6,210,244,244,uniform,False
nhsn,"Pediatric RSV hospital admissions, ages 0-4",2025-2026,Massachusetts,late_oct_apr,Late Oct-Apr,480,2748,0.1498432320833333,0.12986403913850622,0.0750959709586019,0.14361180542290117,0.10023975818053121,0.13275482055094537,0.09909333515881709,0.08447045988313373,3485.5476190476193,0.185,piecewise_linear,6,210,244,244,uniform,False
nhsn,"Pediatric RSV hospital admissions, ages 0-4",2025-2026,Michigan,baseline_oct_mar,Baseline Oct-Mar,480,2648,0.1390149508333333,0.1416824921170428,0.04566415012854422,0.14730463916909273,0.10466224432954746,0.14006227924961306,0.0833457247706422,0.08066927189436571,4188.304029304029,0.185,piecewise_linear,6,210,244,244,uniform,False
nhsn,"Pediatric RSV hospital admissions, ages 0-4",2025-2026,Michigan,early_sep_mar,Early Sep-Mar,480,2768,0.15057745083333332,0.14281096842052524,0.11917077888986016,0.1470667569130618,0.11280140795867746,0.1397831759476433,0.11124850931445605,0.09138075542502797,4188.30402930403,0.185,piecewise_linear,6,210,244,244,uniform,False
nhsn,"Pediatric RSV hospital admissions, ages 0-4",2025-2026,Michigan,extended_sep_apr,Extended Sep-Apr,480,2868,0.16140573208333328,0.14281096842052524,0.12060963330681294,0.1470667569130618,0.11563280308425689,0.14031051676127518,0.11124850931445605,0.09518194341379597,4188.304029304029,0.185,piecewise_linear,6,210,244,244,uniform,False
nhsn,"Pediatric RSV hospital admissions, ages 0-4",2025-2026,Michigan,late_oct_apr,Late Oct-Apr,480,2748,0.1498432320833333,0.1416824921170428,0.07778000007687694,0.14730463916909273,0.10749363945512687,0.1405896200632449,0.09909333515881709,0.08447045988313373,4188.304029304029,0.185,piecewise_linear,6,210,244,244,uniform,False
nhsn,"Pediatric RSV hospital admissions, ages 0-4",2025-2026,Minnesota,baseline_oct_mar,Baseline Oct-Mar,480,2648,0.1390149508333333,0.13607162756127805,0.044397367558136044,0.14527838534150506,0.09959819295831887,0.13588331262441594,0.0833457247706422,0.08066927189436571,3398.5018315018315,0.185,piecewise_linear,6,210,244,244,uniform,False
nhsn,"Pediatric RSV hospital admissions, ages 0-4",2025-2026,Minnesota,early_sep_mar,Early Sep-Mar,480,2768,0.15057745083333332,0.13712330937898612,0.0884505345416915,0.14448091277176986,0.10657600968557719,0.13715159851498063,0.11124850931445605,0.09138075542502797,3398.5018315018315,0.185,piecewise_linear,6,210,244,244,uniform,False
nhsn,"Pediatric RSV hospital admissions, ages 0-4",2025-2026,Minnesota,extended_sep_apr,Extended Sep-Apr,480,2868,0.16140573208333328,0.13755830693790264,0.09480710683122189,0.14448091277176986,0.11031189873534432,0.13768810894965,0.11124850931445605,0.09518194341379597,3398.5018315018315,0.185,piecewise_linear,6,210,244,244,uniform,False
nhsn,"Pediatric RSV hospital admissions, ages 0-4",2025-2026,Minnesota,late_oct_apr,Late Oct-Apr,480,2748,0.1498432320833333,0.1364320551570257,0.07939517881557172,0.14527838534150506,0.10333408200808598,0.13641982305908532,0.09909333515881709,0.08447045988313373,3398.5018315018315,0.185,piecewise_linear,6,210,244,244,uniform,False
nhsn,"Pediatric RSV hospital admissions, ages 0-4",2025-2026,Mississippi,baseline_oct_mar,Baseline Oct-Mar,480,2648,0.1390149508333333,0.1368245378401889,0.015188657604610373,0.1464651693259792,0.10051898216492852,0.13901132371887243,0.0833457247706422,0.08066927189436571,1340.2820512820513,0.185,piecewise_linear,6,210,244,244,uniform,False
nhsn,"Pediatric RSV hospital admissions, ages 0-4",2025-2026,Mississippi,early_sep_mar,Early Sep-Mar,480,2768,0.15057745083333332,0.14371080219072965,0.09989546714802053,0.14698824144847403,0.10916537728538443,0.1406852309540181,0.11124850931445605,0.09138075542502797,1340.2820512820513,0.185,piecewise_linear,6,210,244,244,uniform,False
nhsn,"Pediatric RSV hospital admissions, ages 0-4",2025-2026,Mississippi,extended_sep_apr,Extended Sep-Apr,480,2868,0.16140573208333328,0.1439585771544441,0.10585320512820513,0.14703232530614926,0.11225686812621773,0.14077321454376732,0.11124850931445605,0.09518194341379597,1340.2820512820513,0.185,piecewise_linear,6,210,244,244,uniform,False
nhsn,"Pediatric RSV hospital admissions, ages 0-4",2025-2026,Mississippi,late_oct_apr,Late Oct-Apr,480,2748,0.1498432320833333,0.1373053414416193,0.05854827898537001,0.1464846696707049,0.1036104730057618,0.13909930730862163,0.09909333515881709,0.08447045988313373,1340.2820512820513,0.185,piecewise_linear,6,210,244,244,uniform,False
nhsn,"Pediatric RSV hospital admissions, ages 0-4",2025-2026,Missouri,baseline_oct_mar,Baseline Oct-Mar,480,2648,0.1390149508333333,0.13821557118204378,0.04180545094232791,0.14637413573809369,0.10120881152374074,0.13864271196056405,0.0833457247706422,0.08066927189436571,2029.441391941392,0.185,piecewise_linear,6,210,244,244,uniform,False
nhsn,"Pediatric RSV hospital admissions, ages 0-4",2025-2026,Missouri,early_sep_mar,Early Sep-Mar,480,2768,0.15057745083333332,0.14144959787229816,0.09631117521061618,0.1464925879799643,0.108812908610773,0.13949818033186326,0.11124850931445605,0.09138075542502797,2029.441391941392,0.185,piecewise_linear,6,210,244,244,uniform,False
nhsn,"Pediatric RSV hospital admissions, ages 0-4",2025-2026,Missouri,extended_sep_apr,Extended Sep-Apr,480,2868,0.16140573208333328,0.14144959787229816,0.09860099493321049,0.1464925879799643,0.11136060034140423,0.1397345782756292,0.11124850931445605,0.09518194341379597,2029.441391941392,0.185,piecewise_linear,6,210,244,244,uniform,False
nhsn,"Pediatric RSV hospital admissions, ages 0-4",2025-2026,Missouri,late_oct_apr,Late Oct-Apr,480,2748,0.1498432320833333,0.13821557118204378,0.07410347031669237,0.14637413573809369,0.10375650325437195,0.13887910990433003,0.09909333515881709,0.08447045988313373,2029.4413919413919,0.185,piecewise_linear,6,210,244,244,uniform,False
nhsn,"Pediatric RSV hospital admissions, ages 0-4",2025-2026,Montana,baseline_oct_mar,Baseline Oct-Mar,480,2648,0.1390149508333333,0.14537635740845586,0.1145675904417365,0.14750717875874125,0.11454455887431926,0.14009104305750303,0.0833457247706422,0.08066927189436571,506.7692307692307,0.185,piecewise_linear,6,210,244,244,uniform,False
nhsn,"Pediatric RSV hospital admissions, ages 0-4",2025-2026,Montana,early_sep_mar,Early Sep-Mar,480,2768,0.15057745083333332,0.14689018204295703,0.1347964640218936,0.14887513339785216,0.1255297773881522,0.13840665101018504,0.11124850931445605,0.09138075542502797,506.7692307692308,0.185,piecewise_linear,6,210,244,244,uniform,False
nhsn,"Pediatric RSV hospital admissions, ages 0-4",2025-2026,Montana,extended_sep_apr,Extended Sep-Apr,480,2868,0.16140573208333328,0.14689018204295703,0.13483353470140969,0.14887513339785216,0.12866074399220606,0.1393826045865621,0.11124850931445605,0.09518194341379597,506.7692307692308,0.185,piecewise_linear,6,210,244,244,uniform,False
nhsn,"Pediatric RSV hospital admissions, ages 0-4",2025-2026,Montana,late_oct_apr,Late Oct-Apr,480,2748,0.1498432320833333,0.14537635740845586,0.11669948228043144,0.14750717875874125,0.1176755254783731,0.1410669966338801,0.09909333515881709,0.08447045988313373,506.76923076923083,0.185,piecewise_linear,6,210,244,244,uniform,False
nhsn,"Pediatric RSV hospital admissions, ages 0-4",2025-2026,Nebraska,baseline_oct_mar,Baseline Oct-Mar,480,2648,0.1390149508333333,0.13533561538461542,0.037617770122034835,0.14647511332291238,0.09752651538305014,0.13678488791239254,0.0833457247706422,0.08066927189436571,967.9230769230769,0.185,piecewise_linear,6,210,244,244,uniform,False
nhsn,"Pediatric RSV hospital admissions, ages 0-4",2025-2026,Nebraska,early_sep_mar,Early Sep-Mar,480,2768,0.15057745083333332,0.134246337236611,0.07227916117216118,0.14591185405726348,0.10336904407665047,0.13671945997173585,0.11124850931445605,0.09138075542502797,967.9230769230769,0.185,piecewise_linear,6,210,244,244,uniform,False
nhsn,"Pediatric RSV hospital admissions, ages 0-4",2025-2026,Nebraska,extended_sep_apr,Extended Sep-Apr,480,2868,0.16140573208333328,0.13465560439560437,0.07619508348352678,0.1460163981539787,0.10728726354358391,0.1375287617493246,0.11124850931445605,0.09518194341379597,967.9230769230769,0.185,piecewise_linear,6,210,244,244,uniform,False
nhsn,"Pediatric RSV hospital admissions, ages 0-4",2025-2026,Nebraska,late_oct_apr,Late Oct-Apr,480,2748,0.1498432320833333,0.1361769015503111,0.06755564646464648,0.14651144076993242,0.10144473484998356,0.1375941896899813,0.09909333515881709,0.08447045988313373,967.9230769230769,0.185,piecewise_linear,6,210,244,244,uniform,False
nhsn,"Pediatric RSV hospital admissions, ages 0-4",2025-2026,Nevada,baseline_oct_mar,Baseline Oct-Mar,480,2648,0.1390149508333333,0.14082515911730256,0.024846182747887947,0.1467784535617555,0.10235961161591753,0.14028972421002775,0.0833457247706422,0.08066927189436571,1432.4743589743591,0.185,piecewise_linear,6,210,244,244,uniform,False
nhsn,"Pediatric RSV hospital admissions, ages 0-4",2025-2026,Nevada,early_sep_mar,Early Sep-Mar,480,2768,0.15057745083333332,0.14391341904485014,0.10669733606500453,0.14679699690156714,0.11064014551773929,0.14049465191077068,0.11124850931445605,0.09138075542502797,1432.4743589743591,0.185,piecewise_linear,6,210,244,244,uniform,False
nhsn,"Pediatric RSV hospital admissions, ages 0-4",2025-2026,Nevada,extended_sep_apr,Extended Sep-Apr,480,2868,0.16140573208333328,0.14403142608813504,0.111139574034661,0.14680247204664498,0.114454441458405,0.14080471179745302,0.11124850931445605,0.09518194341379597,1432.4743589743591,0.185,piecewise_linear,6,210,244,244,uniform,False
nhsn,"Pediatric RSV hospital admissions, ages 0-4",2025-2026,Nevada,late_oct_apr,Late Oct-Apr,480,2748,0.1498432320833333,0.14202472528953905,0.0699481118881119,0.1467793409846118,0.10617390755658321,0.14059978409671012,0.09909333515881709,0.08447045988313373,1432.474358974359,0.185,piecewise_linear,6,210,244,244,uniform,False
nhsn,"Pediatric RSV hospital admissions, ages 0-4",2025-2026,New Hampshire,baseline_oct_mar,Baseline Oct-Mar,480,2648,0.1390149508333333,0.14108647031734406,0.08128055781427874,0.1467237309292649,0.10805720944920617,0.1398674900406025,0.0833457247706422,0.08066927189436571,322.2051282051282,0.185,piecewise_linear,6,210,244,244,uniform,False
nhsn,"Pediatric RSV hospital admissions, ages 0-4",2025-2026,New Hampshire,early_sep_mar,Early Sep-Mar,480,2768,0.15057745083333332,0.1459748042643631,0.13109527206075175,0.1478984951519069,0.11967186628199619,0.14123867291956615,0.11124850931445605,0.09138075542502797,322.20512820512823,0.185,piecewise_linear,6,210,244,244,uniform,False
nhsn,"Pediatric RSV hospital admissions, ages 0-4",2025-2026,New Hampshire,extended_sep_apr,Extended Sep-Apr,480,2868,0.16140573208333328,0.1460829634755489,0.13289382284382284,0.14796392384161006,0.12384311512305908,0.14144311828321096,0.11124850931445605,0.09518194341379597,322.2051282051282,0.185,piecewise_linear,6,210,244,244,uniform,False
nhsn,"Pediatric RSV hospital admissions, ages 0-4",2025-2026,New Hampshire,late_oct_apr,Late Oct-Apr,480,2748,0.1498432320833333,0.14147073003025343,0.10378855769230769,0.1467586981546232,0.11222845829026908,0.1400719354042473,0.09909333515881709,0.08447045988313373,322.2051282051282,0.185,piecewise_linear,6,210,244,244,uniform,False
nhsn,"Pediatric RSV hospital admissions, ages 0-4",2025-2026,New Jersey,baseline_oct_mar,Baseline Oct-Mar,480,2648,0.1390149508333333,0.12933571166700944,0.033659336390060184,0.14422608258869865,0.09865385956757032,0.13385842331215514,0.0833457247706422,0.08066927189436571,4965.503663003663,0.185,piecewise_linear,6,210,244,244,uniform,False
nhsn,"Pediatric RSV hospital admissions, ages 0-4",2025-2026,New Jersey,early_sep_mar,Early Sep-Mar,480,2768,0.15057745083333332,0.1399140955453534,0.10187375254041289,0.14570057742736017,0.10850480534431559,0.1383503113298879,0.11124850931445605,0.09138075542502797,4965.503663003663,0.185,piecewise_linear,6,210,244,244,uniform,False
nhsn,"Pediatric RSV hospital admissions, ages 0-4",2025-2026,New Jersey,extended_sep_apr,Extended Sep-Apr,480,2868,0.16140573208333328,0.14025966685200558,0.10794465810443478,0.14570373383939342,0.11229212964773783,0.13855673834643162,0.11124850931445605,0.09518194341379597,4965.503663003663,0.185,piecewise_linear,6,210,244,244,uniform,False
nhsn,"Pediatric RSV hospital admissions, ages 0-4",2025-2026,New Jersey,late_oct_apr,Late Oct-Apr,480,2748,0.1498432320833333,0.12992097766591384,0.07311092916984006,0.14424102608847858,0.10244118387099252,0.13406485032869883,0.09909333515881709,0.08447045988313373,4965.503663003663,0.185,piecewise_linear,6,210,244,244,uniform,False
nhsn,"Pediatric RSV hospital admissions, ages 0-4",2025-2026,New Mexico,baseline_oct_mar,Baseline Oct-Mar,480,2648,0.1390149508333333,0.14667009394204283,0.03092142857142857,0.1477440273281323,0.10377344373131671,0.14149747513592248,0.0833457247706422,0.08066927189436571,1932.6282051282053,0.185,piecewise_linear,6,210,244,244,uniform,False
nhsn,"Pediatric RSV hospital admissions, ages 0-4",2025-2026,New Mexico,early_sep_mar,Early Sep-Mar,480,2768,0.15057745083333332,0.1432932779810863,0.07893096153846155,0.14734405812004808,0.10805381437722958,0.1403522014914768,0.11124850931445605,0.09138075542502797,1932.628205128205,0.185,piecewise_linear,6,210,244,244,uniform,False
nhsn,"Pediatric RSV hospital admissions, ages 0-4",2025-2026,New Mexico,extended_sep_apr,Extended Sep-Apr,480,2868,0.16140573208333328,0.14353397469376722,0.08168461538461538,0.14735476475968132,0.11148783895925307,0.14086284154259285,0.11124850931445605,0.09518194341379597,1932.6282051282055,0.185,piecewise_linear,6,210,244,244,uniform,False
nhsn,"Pediatric RSV hospital admissions, ages 0-4",2025-2026,New Mexico,late_oct_apr,Late Oct-Apr,480,2748,0.1498432320833333,0.1467384414676233,0.06677817146963165,0.14776019515711558,0.10720746831334022,0.14200811518703857,0.09909333515881709,0.08447045988313373,1932.628205128205,0.185,piecewise_linear,6,210,244,244,uniform,False
nhsn,"Pediatric RSV hospital admissions, ages 0-4",2025-2026,New York,baseline_oct_mar,Baseline Oct-Mar,480,2648,0.1390149508333333,0.1290300727622657,0.03721819331013946,0.14277902249974533,0.09787872564330559,0.1323088328601884,0.0833457247706422,0.08066927189436571,11003.311355311354,0.185,piecewise_linear,6,210,244,244,uniform,False
nhsn,"Pediatric RSV hospital admissions, ages 0-4",2025-2026,New York,early_sep_mar,Early Sep-Mar,480,2768,0.15057745083333332,0.1364499267066317,0.09233761796908042,0.1442037466922237,0.10608840909679673,0.13603719181326165,0.11124850931445605,0.09138075542502797,11003.311355311356,0.185,piecewise_linear,6,210,244,244,uniform,False
nhsn,"Pediatric RSV hospital admissions, ages 0-4",2025-2026,New York,extended_sep_apr,Extended Sep-Apr,480,2868,0.16140573208333328,0.1364519770570463,0.09583994204425712,0.1442037466922237,0.10928815400475825,0.13627128103246544,0.11124850931445605,0.09518194341379597,11003.311355311354,0.185,piecewise_linear,6,210,244,244,uniform,False
nhsn,"Pediatric RSV hospital admissions, ages 0-4",2025-2026,New York,late_oct_apr,Late Oct-Apr,480,2748,0.1498432320833333,0.1293753290254209,0.07215,0.14277902249974533,0.10107847055126709,0.13254292207939214,0.09909333515881709,0.08447045988313373,11003.311355311356,0.185,piecewise_linear,6,210,244,244,uniform,False
nhsn,"Pediatric RSV hospital admissions, ages 0-4",2025-2026,North Carolina,baseline_oct_mar,Baseline Oct-Mar,480,2648,0.1390149508333333,0.1346230667514304,0.032011694616063555,0.146394376102555,0.10121438889428322,0.13751783203659615,0.0833457247706422,0.08066927189436571,4258.690476190477,0.185,piecewise_linear,6,210,244,244,uniform,False
nhsn,"Pediatric RSV hospital admissions, ages 0-4",2025-2026,North Carolina,early_sep_mar,Early Sep-Mar,480,2768,0.15057745083333332,0.14187205784524032,0.09621070504220514,0.14591841731468533,0.10842069316764723,0.139110504324225,0.11124850931445605,0.09138075542502797,4258.690476190476,0.185,piecewise_linear,6,210,244,244,uniform,False
nhsn,"Pediatric RSV hospital admissions, ages 0-4",2025-2026,North Carolina,extended_sep_apr,Extended Sep-Apr,480,2868,0.16140573208333328,0.1423165761127944,0.10142220748679329,0.14602803107256668,0.11232222809792537,0.1394031541359818,0.11124850931445605,0.09518194341379597,4258.690476190476,0.185,piecewise_linear,6,210,244,244,uniform,False
nhsn,"Pediatric RSV hospital admissions, ages 0-4",2025-2026,North Carolina,late_oct_apr,Late Oct-Apr,480,2748,0.1498432320833333,0.13506703410515777,0.07765003202252294,0.14645651646335217,0.10511592382456132,0.13781048184835298,0.09909333515881709,0.08447045988313373,4258.690476190476,0.185,piecewise_linear,6,210,244,244,uniform,False
nhsn,"Pediatric RSV hospital admissions, ages 0-4",2025-2026,North Dakota,baseline_oct_mar,Baseline Oct-Mar,480,2648,0.1390149508333333,0.13784147136398955,0.0421516013986014,0.14691559256135403,0.10022026724621287,0.13789368052770887,0.0833457247706422,0.08066927189436571,505.5,0.185,piecewise_linear,6,210,244,244,uniform,False
nhsn,"Pediatric RSV hospital admissions, ages 0-4",2025-2026,North Dakota,early_sep_mar,Early Sep-Mar,480,2768,0.15057745083333332,0.13315018364902814,0.05894280334816699,0.14649061694280563,0.10216448544912184,0.13542926579624154,0.11124850931445605,0.09138075542502797,505.5,0.185,piecewise_linear,6,210,244,244,uniform,False
nhsn,"Pediatric RSV hospital admissions, ages 0-4",2025-2026,North Dakota,extended_sep_apr,Extended Sep-Apr,480,2868,0.16140573208333328,0.13331608226732616,0.07008171253979667,0.14649061694280563,0.10544126857862336,0.13678840209325505,0.11124850931445605,0.09518194341379597,505.5,0.185,piecewise_linear,6,210,244,244,uniform,False
nhsn,"Pediatric RSV hospital admissions, ages 0-4",2025-2026,North Dakota,late_oct_apr,Late Oct-Apr,480,2748,0.1498432320833333,0.13784147136398955,0.07008171253979667,0.14691559256135403,0.10349705037571436,0.13925281682472238,0.09909333515881709,0.08447045988313373,505.5,0.185,piecewise_linear,6,210,244,244,uniform,False
nhsn,"Pediatric RSV hospital admissions, ages 0-4",2025-2026,Ohio,baseline_oct_mar,Baseline Oct-Mar,480,2648,0.1390149508333333,0.1363962575284099,0.033761011017284605,0.14709796537333633,0.10177944202610073,0.13901425966360578,0.0833457247706422,0.08066927189436571,6534.478021978022,0.185,piecewise_linear,6,210,244,244,uniform,False
nhsn,"Pediatric RSV hospital admissions, ages 0-4",2025-2026,Ohio,early_sep_mar,Early Sep-Mar,480,2768,0.15057745083333332,0.14190609227713868,0.08869679184202527,0.14610918576037532,0.10794145974557191,0.13966667307644673,0.11124850931445605,0.09138075542502797,6534.478021978022,0.185,piecewise_linear,6,210,244,244,uniform,False
nhsn,"Pediatric RSV hospital admissions, ages 0-4",2025-2026,Ohio,extended_sep_apr,Extended Sep-Apr,480,2868,0.16140573208333328,0.14190609227713868,0.09533976452119308,0.14610918576037532,0.11120118276308702,0.1399113692672417,0.11124850931445605,0.09518194341379597,6534.478021978022,0.185,piecewise_linear,6,210,244,244,uniform,False
nhsn,"Pediatric RSV hospital admissions, ages 0-4",2025-2026,Ohio,late_oct_apr,Late Oct-Apr,480,2748,0.1498432320833333,0.1365286617269055,0.06941982916441894,0.14709796537333633,0.10503916504361582,0.13925895585440076,0.09909333515881709,0.08447045988313373,6534.478021978022,0.185,piecewise_linear,6,210,244,244,uniform,False
nhsn,"Pediatric RSV hospital admissions, ages 0-4",2025-2026,Oklahoma,baseline_oct_mar,Baseline Oct-Mar,480,2648,0.1390149508333333,0.13908000479019111,0.006067038864277083,0.14658313984776833,0.09886979354960385,0.13933134049370777,0.0833457247706422,0.08066927189436571,1033.5,0.185,piecewise_linear,6,210,244,244,uniform,False
nhsn,"Pediatric RSV hospital admissions, ages 0-4",2025-2026,Oklahoma,early_sep_mar,Early Sep-Mar,480,2768,0.15057745083333332,0.13986842838183716,0.060192596153846166,0.14629655499102395,0.10303771079508565,0.13960085988092882,0.11124850931445605,0.09138075542502797,1033.5,0.185,piecewise_linear,6,210,244,244,uniform,False
nhsn,"Pediatric RSV hospital admissions, ages 0-4",2025-2026,Oklahoma,extended_sep_apr,Extended Sep-Apr,480,2868,0.16140573208333328,0.14033315744208402,0.06317572115384616,0.14646663461538464,0.1076817376048696,0.139726993515198,0.11124850931445605,0.09518194341379597,1033.5,0.185,piecewise_linear,6,210,244,244,uniform,False
nhsn,"Pediatric RSV hospital admissions, ages 0-4",2025-2026,Oklahoma,late_oct_apr,Late Oct-Apr,480,2748,0.1498432320833333,0.13997646496424926,0.04700500448095595,0.14665175598606342,0.10351382035938779,0.13945747412797693,0.09909333515881709,0.08447045988313373,1033.5,0.185,piecewise_linear,6,210,244,244,uniform,False
nhsn,"Pediatric RSV hospital admissions, ages 0-4",2025-2026,Oregon,baseline_oct_mar,Baseline Oct-Mar,480,2648,0.1390149508333333,0.14346966175296502,0.06006450406531267,0.14725886476583125,0.10572550691801863,0.14055168288600725,0.0833457247706422,0.08066927189436571,838.3589743589743,0.185,piecewise_linear,6,210,244,244,uniform,False
nhsn,"Pediatric RSV hospital admissions, ages 0-4",2025-2026,Oregon,early_sep_mar,Early Sep-Mar,480,2768,0.15057745083333332,0.14558196134091897,0.12254529563719864,0.1474244798171753,0.11603264088570912,0.1409818951665649,0.11124850931445605,0.09138075542502797,838.3589743589744,0.185,piecewise_linear,6,210,244,244,uniform,False
nhsn,"Pediatric RSV hospital admissions, ages 0-4",2025-2026,Oregon,extended_sep_apr,Extended Sep-Apr,480,2868,0.16140573208333328,0.14562726445569354,0.12875329044927677,0.14743910576784985,0.11993306914270528,0.14127059464117886,0.11124850931445605,0.09518194341379597,838.3589743589744,0.185,piecewise_linear,6,210,244,244,uniform,False
nhsn,"Pediatric RSV hospital admissions, ages 0-4",2025-2026,Oregon,late_oct_apr,Late Oct-Apr,480,2748,0.1498432320833333,0.14359994920552224,0.08793265538151887,0.14726030328999357,0.10962593517501476,0.1408403823606212,0.09909333515881709,0.08447045988313373,838.3589743589744,0.185,piecewise_linear,6,210,244,244,uniform,False
nhsn,"Pediatric RSV hospital admissions, ages 0-4",2025-2026,Pennsylvania,baseline_oct_mar,Baseline Oct-Mar,480,2648,0.1390149508333333,0.13499300116033036,0.06129441913439636,0.145248344855065,0.10219181151235784,0.1369472156064884,0.0833457247706422,0.08066927189436571,8037.186813186814,0.185,piecewise_linear,6,210,244,244,uniform,False
nhsn,"Pediatric RSV hospital admissions, ages 0-4",2025-2026,Pennsylvania,early_sep_mar,Early Sep-Mar,480,2768,0.15057745083333332,0.1413810468851249,0.10532227411769517,0.14584089667148148,0.11077629539096653,0.1391161843355408,0.11124850931445605,0.09138075542502797,8037.186813186814,0.185,piecewise_linear,6,210,244,244,uniform,False
nhsn,"Pediatric RSV hospital admissions, ages 0-4",2025-2026,Pennsylvania,extended_sep_apr,Extended Sep-Apr,480,2868,0.16140573208333328,0.1413810468851249,0.10643826150270184,0.14584089667148148,0.1129145932546793,0.13930770335992226,0.11124850931445605,0.09518194341379597,8037.186813186813,0.185,piecewise_linear,6,210,244,244,uniform,False
nhsn,"Pediatric RSV hospital admissions, ages 0-4",2025-2026,Pennsylvania,late_oct_apr,Late Oct-Apr,480,2748,0.1498432320833333,0.1350408266823926,0.07610344365456521,0.145248344855065,0.10433010937607061,0.13713873463086984,0.09909333515881709,0.08447045988313373,8037.186813186813,0.185,piecewise_linear,6,210,244,244,uniform,False
nhsn,"Pediatric RSV hospital admissions, ages 0-4",2025-2026,Rhode Island,baseline_oct_mar,Baseline Oct-Mar,480,2648,0.1390149508333333,0.14125726714026715,0.08620728228872994,0.14763347016529896,0.10754468254611431,0.13925663031287214,0.0833457247706422,0.08066927189436571,610.0,0.185,piecewise_linear,6,210,244,244,uniform,False
nhsn,"Pediatric RSV hospital admissions, ages 0-4",2025-2026,Rhode Island,early_sep_mar,Early Sep-Mar,480,2768,0.15057745083333332,0.14588801227440223,0.12202633402717684,0.14781904727468506,0.11822776251452786,0.1412059949628173,0.11124850931445605,0.09138075542502797,610.0,0.185,piecewise_linear,6,210,244,244,uniform,False
nhsn,"Pediatric RSV hospital admissions, ages 0-4",2025-2026,Rhode Island,extended_sep_apr,Extended Sep-Apr,480,2868,0.16140573208333328,0.14588801227440223,0.12202633402717684,0.14781904727468506,0.1200862419139585,0.14134233586697412,0.11124850931445605,0.09518194341379597,610.0,0.185,piecewise_linear,6,210,244,244,uniform,False
nhsn,"Pediatric RSV hospital admissions, ages 0-4",2025-2026,Rhode Island,late_oct_apr,Late Oct-Apr,480,2748,0.1498432320833333,0.14125726714026715,0.0911453402366864,0.14763347016529896,0.10940316194554493,0.1393929712170289,0.09909333515881709,0.08447045988313373,610.0,0.185,piecewise_linear,6,210,244,244,uniform,False
nhsn,"Pediatric RSV hospital admissions, ages 0-4",2025-2026,South Carolina,baseline_oct_mar,Baseline Oct-Mar,480,2648,0.1390149508333333,0.1264055982905983,0.045316919817470665,0.14437941150700453,0.09761873491853051,0.13029827760811694,0.0833457247706422,0.08066927189436571,2108.3369963369964,0.185,piecewise_linear,6,210,244,244,uniform,False
nhsn,"Pediatric RSV hospital admissions, ages 0-4",2025-2026,South Carolina,early_sep_mar,Early Sep-Mar,480,2768,0.15057745083333332,0.13951621196045333,0.09679453892406806,0.14657233661241306,0.10992990997544859,0.138742316132426,0.11124850931445605,0.09138075542502797,2108.3369963369964,0.185,piecewise_linear,6,210,244,244,uniform,False
nhsn,"Pediatric RSV hospital admissions, ages 0-4",2025-2026,South Carolina,extended_sep_apr,Extended Sep-Apr,480,2868,0.16140573208333328,0.13995823846505256,0.10506748871112441,0.14659323546817035,0.11390419603495854,0.13894517085534705,0.11124850931445605,0.09518194341379597,2108.3369963369964,0.185,piecewise_linear,6,210,244,244,uniform,False
nhsn,"Pediatric RSV hospital admissions, ages 0-4",2025-2026,South Carolina,late_oct_apr,Late Oct-Apr,480,2748,0.1498432320833333,0.12770354308159282,0.07718188765182186,0.14444474876306493,0.10159302097804046,0.130501132331038,0.09909333515881709,0.08447045988313373,2108.3369963369964,0.185,piecewise_linear,6,210,244,244,uniform,False
nhsn,"Pediatric RSV hospital admissions, ages 0-4",2025-2026,South Dakota,baseline_oct_mar,Baseline Oct-Mar,480,2648,0.1390149508333333,0.14402231272061272,0.031105108064141303,0.14757965370343942,0.10162203581473274,0.14079795521396418,0.0833457247706422,0.08066927189436571,615.8333333333334,0.185,piecewise_linear,6,210,244,244,uniform,False
nhsn,"Pediatric RSV hospital admissions, ages 0-4",2025-2026,South Dakota,early_sep_mar,Early Sep-Mar,480,2768,0.15057745083333332,0.14049687723387724,0.07476421078921079,0.14710138811451115,0.10476524833812031,0.13970607687222625,0.11124850931445605,0.09138075542502797,615.8333333333333,0.185,piecewise_linear,6,210,244,244,uniform,False
nhsn,"Pediatric RSV hospital admissions, ages 0-4",2025-2026,South Dakota,extended_sep_apr,Extended Sep-Apr,480,2868,0.16140573208333328,0.14087881199428845,0.07801307692307692,0.14718896085357944,0.1086771595988482,0.14036801770977944,0.11124850931445605,0.09518194341379597,615.8333333333334,0.185,piecewise_linear,6,210,244,244,uniform,False
nhsn,"Pediatric RSV hospital admissions, ages 0-4",2025-2026,South Dakota,late_oct_apr,Late Oct-Apr,480,2748,0.1498432320833333,0.14438923849834379,0.076832315980316,0.14758291032301032,0.10553394707546065,0.14145989605151735,0.09909333515881709,0.08447045988313373,615.8333333333335,0.185,piecewise_linear,6,210,244,244,uniform,False
nhsn,"Pediatric RSV hospital admissions, ages 0-4",2025-2026,Tennessee,baseline_oct_mar,Baseline Oct-Mar,480,2648,0.1390149508333333,0.13598717585373543,0.040019890591301226,0.14637163018800736,0.10182328239930678,0.1383948839133254,0.0833457247706422,0.08066927189436571,3084.776556776557,0.185,piecewise_linear,6,210,244,244,uniform,False
nhsn,"Pediatric RSV hospital admissions, ages 0-4",2025-2026,Tennessee,early_sep_mar,Early Sep-Mar,480,2768,0.15057745083333332,0.14183601865788137,0.0988216558389298,0.1458855159879402,0.10890492969104927,0.1392470660854549,0.11124850931445605,0.09138075542502797,3084.776556776557,0.185,piecewise_linear,6,210,244,244,uniform,False
nhsn,"Pediatric RSV hospital admissions, ages 0-4",2025-2026,Tennessee,extended_sep_apr,Extended Sep-Apr,480,2868,0.16140573208333328,0.14251142498923675,0.10288347557551934,0.14596553204084917,0.11329047369473028,0.1396929265535897,0.11124850931445605,0.09518194341379597,3084.7765567765564,0.185,piecewise_linear,6,210,244,244,uniform,False
nhsn,"Pediatric RSV hospital admissions, ages 0-4",2025-2026,Tennessee,late_oct_apr,Late Oct-Apr,480,2748,0.1498432320833333,0.13742318118859623,0.08368199560904213,0.14661534583301458,0.1062088264029878,0.13884074438146018,0.09909333515881709,0.08447045988313373,3084.776556776557,0.185,piecewise_linear,6,210,244,244,uniform,False
nhsn,"Pediatric RSV hospital admissions, ages 0-4",2025-2026,Texas,baseline_oct_mar,Baseline Oct-Mar,480,2648,0.1390149508333333,0.12902409918011015,0.024664728320960352,0.14391781115013247,0.09798437861623423,0.13290501033302626,0.0833457247706422,0.08066927189436571,18669.882783882786,0.185,piecewise_linear,6,210,244,244,uniform,False
nhsn,"Pediatric RSV hospital admissions, ages 0-4",2025-2026,Texas,early_sep_mar,Early Sep-Mar,480,2768,0.15057745083333332,0.13879427815905468,0.10209714990916924,0.14557572467191515,0.10852215664853973,0.13841444542629247,0.11124850931445605,0.09138075542502797,18669.882783882786,0.185,piecewise_linear,6,210,244,244,uniform,False
nhsn,"Pediatric RSV hospital admissions, ages 0-4",2025-2026,Texas,extended_sep_apr,Extended Sep-Apr,480,2868,0.16140573208333328,0.13952727620294095,0.10995009507928119,0.14560576965802607,0.11240878618396266,0.1385752240326351,0.11124850931445605,0.09518194341379597,18669.882783882782,0.185,piecewise_linear,6,210,244,244,uniform,False
nhsn,"Pediatric RSV hospital admissions, ages 0-4",2025-2026,Texas,late_oct_apr,Late Oct-Apr,480,2748,0.1498432320833333,0.1294886310322128,0.07020230603243859,0.14423079760933133,0.10187100815165714,0.1330657889393689,0.09909333515881709,0.08447045988313373,18669.882783882782,0.185,piecewise_linear,6,210,244,244,uniform,False
nhsn,"Pediatric RSV hospital admissions, ages 0-4",2025-2026,Utah,baseline_oct_mar,Baseline Oct-Mar,480,2648,0.1390149508333333,0.1402073197481252,0.02284153225806452,0.1473000299733936,0.10006732085421638,0.1399811539243834,0.0833457247706422,0.08066927189436571,694.7619047619047,0.185,piecewise_linear,6,210,244,244,uniform,False
nhsn,"Pediatric RSV hospital admissions, ages 0-4",2025-2026,Utah,early_sep_mar,Early Sep-Mar,480,2768,0.15057745083333332,0.1401040078274947,0.053506273066556094,0.1471367509736344,0.10345348669834885,0.1396227933717532,0.11124850931445605,0.09138075542502797,694.7619047619048,0.185,piecewise_linear,6,210,244,244,uniform,False
nhsn,"Pediatric RSV hospital admissions, ages 0-4",2025-2026,Utah,extended_sep_apr,Extended Sep-Apr,480,2868,0.16140573208333328,0.14036601944507107,0.07047894653263403,0.1472056097311779,0.10727666974406365,0.13999305724909483,0.11124850931445605,0.09518194341379597,694.7619047619048,0.185,piecewise_linear,6,210,244,244,uniform,False
nhsn,"Pediatric RSV hospital admissions, ages 0-4",2025-2026,Utah,late_oct_apr,Late Oct-Apr,480,2748,0.1498432320833333,0.14087243193699509,0.06175425613730533,0.14732391246652893,0.10389050389993114,0.14035141780172497,0.09909333515881709,0.08447045988313373,694.7619047619048,0.185,piecewise_linear,6,210,244,244,uniform,False
nhsn,"Pediatric RSV hospital admissions, ages 0-4",2025-2026,Vermont,baseline_oct_mar,Baseline Oct-Mar,480,2648,0.1390149508333333,0.14772497326203213,0.14671951921781923,0.14909555614973266,0.13080327800173233,0.14038161102032937,0.0833457247706422,0.08066927189436571,125.12820512820514,0.185,piecewise_linear,6,210,244,244,uniform,False
nhsn,"Pediatric RSV hospital admissions, ages 0-4",2025-2026,Vermont,early_sep_mar,Early Sep-Mar,480,2768,0.15057745083333332,0.14727437190082646,0.13859712272727273,0.14831954545454545,0.12826835342337214,0.13725649454133573,0.11124850931445605,0.09138075542502797,125.12820512820515,0.185,piecewise_linear,6,210,244,244,uniform,False
nhsn,"Pediatric RSV hospital admissions, ages 0-4",2025-2026,Vermont,extended_sep_apr,Extended Sep-Apr,480,2868,0.16140573208333328,0.1472851490486258,0.1391134482213439,0.14833098181818183,0.1339595758002491,0.1391106996169978,0.11124850931445605,0.09518194341379597,125.12820512820514,0.185,piecewise_linear,6,210,244,244,uniform,False
nhsn,"Pediatric RSV hospital admissions, ages 0-4",2025-2026,Vermont,late_oct_apr,Late Oct-Apr,480,2748,0.1498432320833333,0.14774722249625374,0.14707752272727273,0.14909555614973266,0.13649450037860925,0.1422358160959914,0.09909333515881709,0.08447045988313373,125.12820512820514,0.185,piecewise_linear,6,210,244,244,uniform,False
nhsn,"Pediatric RSV hospital admissions, ages 0-4",2025-2026,Virginia,baseline_oct_mar,Baseline Oct-Mar,480,2648,0.1390149508333333,0.12434611895553342,0.05278682452323051,0.14287307873103763,0.09693071854421327,0.1294447026387507,0.0833457247706422,0.08066927189436571,1862.3846153846157,0.185,piecewise_linear,6,210,244,244,uniform,False
nhsn,"Pediatric RSV hospital admissions, ages 0-4",2025-2026,Virginia,early_sep_mar,Early Sep-Mar,480,2768,0.15057745083333332,0.13927402898411198,0.10144998738965952,0.14627849124859496,0.10991283174375736,0.1377986826330555,0.11124850931445605,0.09138075542502797,1862.3846153846155,0.185,piecewise_linear,6,210,244,244,uniform,False
nhsn,"Pediatric RSV hospital admissions, ages 0-4",2025-2026,Virginia,extended_sep_apr,Extended Sep-Apr,480,2868,0.16140573208333328,0.13994220484226041,0.1063033310967248,0.14632706216270142,0.11405263801059652,0.13810263554142233,0.11124850931445605,0.09518194341379597,1862.3846153846152,0.185,piecewise_linear,6,210,244,244,uniform,False
nhsn,"Pediatric RSV hospital admissions, ages 0-4",2025-2026,Virginia,late_oct_apr,Late Oct-Apr,480,2748,0.1498432320833333,0.1256441339440441,0.07884042440318302,0.14318797907984976,0.10107052481105244,0.12974865554711754,0.09909333515881709,0.08447045988313373,1862.3846153846157,0.185,piecewise_linear,6,210,244,244,uniform,False
nhsn,"Pediatric RSV hospital admissions, ages 0-4",2025-2026,Washington,baseline_oct_mar,Baseline Oct-Mar,480,2648,0.1390149508333333,0.13453934976044363,0.04255312682991749,0.14458835374525972,0.10035976232667122,0.13547378971282747,0.0833457247706422,0.08066927189436571,906.0641025641025,0.185,piecewise_linear,6,210,244,244,uniform,False
nhsn,"Pediatric RSV hospital admissions, ages 0-4",2025-2026,Washington,early_sep_mar,Early Sep-Mar,480,2768,0.15057745083333332,0.13935091963252844,0.10648004164197385,0.14587707370181877,0.1100387135497887,0.13849883077671182,0.11124850931445605,0.09138075542502797,906.0641025641027,0.185,piecewise_linear,6,210,244,244,uniform,False
nhsn,"Pediatric RSV hospital admissions, ages 0-4",2025-2026,Washington,extended_sep_apr,Extended Sep-Apr,480,2868,0.16140573208333328,0.13935091963252844,0.10691400038143672,0.14587707370181877,0.1125223294374254,0.1387476349550021,0.11124850931445605,0.09518194341379597,906.0641025641025,0.185,piecewise_linear,6,210,244,244,uniform,False
nhsn,"Pediatric RSV hospital admissions, ages 0-4",2025-2026,Washington,late_oct_apr,Late Oct-Apr,480,2748,0.1498432320833333,0.13453934976044363,0.07466310794044666,0.14458835374525972,0.10284337821430792,0.13572259389111774,0.09909333515881709,0.08447045988313373,906.0641025641027,0.185,piecewise_linear,6,210,244,244,uniform,False
nhsn,"Pediatric RSV hospital admissions, ages 0-4",2025-2026,West Virginia,baseline_oct_mar,Baseline Oct-Mar,480,2648,0.1390149508333333,0.13903105753718703,0.06470054583624914,0.14685505275870434,0.10353818279733405,0.13774641773024135,0.0833457247706422,0.08066927189436571,1333.3589743589744,0.185,piecewise_linear,6,210,244,244,uniform,False
nhsn,"Pediatric RSV hospital admissions, ages 0-4",2025-2026,West Virginia,early_sep_mar,Early Sep-Mar,480,2768,0.15057745083333332,0.1392878759930546,0.09757112309249455,0.14578772335954202,0.10932288407487394,0.13725224705611927,0.11124850931445605,0.09138075542502797,1333.3589743589746,0.185,piecewise_linear,6,210,244,244,uniform,False
nhsn,"Pediatric RSV hospital admissions, ages 0-4",2025-2026,West Virginia,extended_sep_apr,Extended Sep-Apr,480,2868,0.16140573208333328,0.13931718856143857,0.10128497267759562,0.14578772335954202,0.1127385479037009,0.13823167733334768,0.11124850931445605,0.09518194341379597,1333.3589743589746,0.185,piecewise_linear,6,210,244,244,uniform,False
nhsn,"Pediatric RSV hospital admissions, ages 0-4",2025-2026,West Virginia,late_oct_apr,Late Oct-Apr,480,2748,0.1498432320833333,0.1391647094846901,0.09383433270515674,0.14685505275870434,0.10695384662616102,0.13872584800746976,0.09909333515881709,0.08447045988313373,1333.3589743589746,0.185,piecewise_linear,6,210,244,244,uniform,False
nhsn,"Pediatric RSV hospital admissions, ages 0-4",2025-2026,Wisconsin,baseline_oct_mar,Baseline Oct-Mar,480,2648,0.1390149508333333,0.14167055039525692,0.03675048076923077,0.14695419590458964,0.10219844746831618,0.13953529355301522,0.0833457247706422,0.08066927189436571,1914.3369963369967,0.185,piecewise_linear,6,210,244,244,uniform,False
nhsn,"Pediatric RSV hospital admissions, ages 0-4",2025-2026,Wisconsin,early_sep_mar,Early Sep-Mar,480,2768,0.15057745083333332,0.14108626687735343,0.09524259416165232,0.14654848270050558,0.10900113094021117,0.13945160243089333,0.11124850931445605,0.09138075542502797,1914.3369963369964,0.185,piecewise_linear,6,210,244,244,uniform,False
nhsn,"Pediatric RSV hospital admissions, ages 0-4",2025-2026,Wisconsin,extended_sep_apr,Extended Sep-Apr,480,2868,0.16140573208333328,0.14108626687735343,0.09991918909661768,0.14654848270050558,0.11238988752555937,0.13993758398707057,0.11124850931445605,0.09518194341379597,1914.3369963369964,0.185,piecewise_linear,6,210,244,244,uniform,False
nhsn,"Pediatric RSV hospital admissions, ages 0-4",2025-2026,Wisconsin,late_oct_apr,Late Oct-Apr,480,2748,0.1498432320833333,0.14167055039525692,0.07413483694228588,0.14695419590458964,0.10558720405366435,0.14002127510919246,0.09909333515881709,0.08447045988313373,1914.3369963369964,0.185,piecewise_linear,6,210,244,244,uniform,False
nhsn,"Pediatric RSV hospital admissions, ages 0-4",2025-2026,Wyoming,baseline_oct_mar,Baseline Oct-Mar,480,2648,0.1390149508333333,0.14782072650912306,0.14711687147335423,0.14880795513592365,0.131644965335411,0.14135112706371378,0.0833457247706422,0.08066927189436571,544.3076923076924,0.185,piecewise_linear,6,210,244,244,uniform,False
nhsn,"Pediatric RSV hospital admissions, ages 0-4",2025-2026,Wyoming,early_sep_mar,Early Sep-Mar,480,2768,0.15057745083333332,0.14735905329153606,0.14104160015629066,0.14833037073220898,0.12975691067705097,0.13921186972915275,0.11124850931445605,0.09138075542502797,544.3076923076923,0.185,piecewise_linear,6,210,244,244,uniform,False
nhsn,"Pediatric RSV hospital admissions, ages 0-4",2025-2026,Wyoming,extended_sep_apr,Extended Sep-Apr,480,2868,0.16140573208333328,0.14735905329153606,0.14104160015629066,0.14833037073220898,0.1332649534613439,0.1400629814140102,0.11124850931445605,0.09518194341379597,544.3076923076924,0.185,piecewise_linear,6,210,244,244,uniform,False
nhsn,"Pediatric RSV hospital admissions, ages 0-4",2025-2026,Wyoming,late_oct_apr,Late Oct-Apr,480,2748,0.1498432320833333,0.14782072650912306,0.14711687147335423,0.14880795513592365,0.13515300811970393,0.14220223874857124,0.09909333515881709,0.08447045988313373,544.3076923076923,0.185,piecewise_linear,6,210,244,244,uniform,False
