datasource,season,jurisdiction,window_name,window_label,birth_month,median_person_activity_fractional_protection,mean_person_activity_fractional_protection,share_receiving_ppx,total_activity_exposure_weight
nhsn,2024-2025,Alabama,baseline_oct_mar,Baseline Oct-Mar,2024-02,0.0,0.0,0.0,0.6263736263736264
nhsn,2024-2025,Alabama,baseline_oct_mar,Baseline Oct-Mar,2024-03,0.0,0.028670705294847318,0.03425483870967742,38.155677655677664
nhsn,2024-2025,Alabama,baseline_oct_mar,Baseline Oct-Mar,2024-04,0.1533202196234774,0.15159283200736604,0.18499999999999991,153.33699633699632
nhsn,2024-2025,Alabama,baseline_oct_mar,Baseline Oct-Mar,2024-05,0.13153520734466786,0.1296772249850006,0.18499999999999997,250.43772893772893
nhsn,2024-2025,Alabama,baseline_oct_mar,Baseline Oct-Mar,2024-06,0.15144962749973645,0.15006871752622344,0.18499999999999991,272.7893772893773
nhsn,2024-2025,Alabama,baseline_oct_mar,Baseline Oct-Mar,2024-07,0.13461735094155083,0.13249456153042236,0.18499999999999997,298.4926739926739
nhsn,2024-2025,Alabama,baseline_oct_mar,Baseline Oct-Mar,2024-08,0.15092674905794679,0.1506621499922938,0.18499999999999997,311.7344322344321
nhsn,2024-2025,Alabama,baseline_oct_mar,Baseline Oct-Mar,2024-09,0.14903690252678325,0.1489878317704934,0.18499999999999991,310.10622710622715
nhsn,2024-2025,Alabama,baseline_oct_mar,Baseline Oct-Mar,2024-10,0.1471930216715418,0.1449043960435565,0.185,327.23809523809524
nhsn,2024-2025,Alabama,baseline_oct_mar,Baseline Oct-Mar,2024-11,0.13373420479009984,0.12789718785610035,0.18499999999999997,282.3644688644689
nhsn,2024-2025,Alabama,baseline_oct_mar,Baseline Oct-Mar,2024-12,0.11748321622968062,0.11561048029611133,0.185,170.7197802197802
nhsn,2024-2025,Alabama,baseline_oct_mar,Baseline Oct-Mar,2025-01,0.12781635506598663,0.12576399851023903,0.185,78.94505494505495
nhsn,2024-2025,Alabama,baseline_oct_mar,Baseline Oct-Mar,2025-02,0.1323276258869336,0.13019925431472534,0.185,44.33150183150183
nhsn,2024-2025,Alabama,baseline_oct_mar,Baseline Oct-Mar,2025-03,0.12966535960630277,0.09346788722283733,0.12500891612903228,33.014652014652015
nhsn,2024-2025,Alabama,baseline_oct_mar,Baseline Oct-Mar,2025-04,0.0,0.0,0.0,19.267399267399266
nhsn,2024-2025,Alabama,baseline_oct_mar,Baseline Oct-Mar,2025-05,0.0,0.0,0.0,10.926739926739925
nhsn,2024-2025,Alabama,baseline_oct_mar,Baseline Oct-Mar,2025-06,0.0,0.0,0.0,3.3076923076923075
nhsn,2024-2025,Alabama,early_sep_mar,Early Sep-Mar,2024-02,0.0,0.06158008471416203,0.04108541666666665,0.6263736263736264
nhsn,2024-2025,Alabama,early_sep_mar,Early Sep-Mar,2024-03,0.15030046131637534,0.14834873932810494,0.1814790322580645,38.155677655677664
nhsn,2024-2025,Alabama,early_sep_mar,Early Sep-Mar,2024-04,0.1533202196234774,0.15259488454549638,0.18499999999999991,153.33699633699632
nhsn,2024-2025,Alabama,early_sep_mar,Early Sep-Mar,2024-05,0.1487852116435753,0.14907635322414867,0.18499999999999997,250.43772893772893
nhsn,2024-2025,Alabama,early_sep_mar,Early Sep-Mar,2024-06,0.15144962749973645,0.15070700970960835,0.18499999999999991,272.7893772893773
nhsn,2024-2025,Alabama,early_sep_mar,Early Sep-Mar,2024-07,0.14840238696132058,0.14850253459548024,0.18499999999999997,298.4926739926739
nhsn,2024-2025,Alabama,early_sep_mar,Early Sep-Mar,2024-08,0.14699204215015757,0.1463161969167382,0.18499999999999997,311.7344322344321
nhsn,2024-2025,Alabama,early_sep_mar,Early Sep-Mar,2024-09,0.14536199144192657,0.14589999987737526,0.18499999999999997,310.10622710622715
nhsn,2024-2025,Alabama,early_sep_mar,Early Sep-Mar,2024-10,0.1471930216715418,0.1449043960435565,0.185,327.23809523809524
nhsn,2024-2025,Alabama,early_sep_mar,Early Sep-Mar,2024-11,0.13373420479009984,0.12789718785610035,0.18499999999999997,282.3644688644689
nhsn,2024-2025,Alabama,early_sep_mar,Early Sep-Mar,2024-12,0.11748321622968062,0.11561048029611133,0.185,170.7197802197802
nhsn,2024-2025,Alabama,early_sep_mar,Early Sep-Mar,2025-01,0.12781635506598663,0.12576399851023903,0.185,78.94505494505495
nhsn,2024-2025,Alabama,early_sep_mar,Early Sep-Mar,2025-02,0.1323276258869336,0.13019925431472534,0.185,44.33150183150183
nhsn,2024-2025,Alabama,early_sep_mar,Early Sep-Mar,2025-03,0.12966535960630277,0.09346788722283733,0.12500891612903228,33.014652014652015
nhsn,2024-2025,Alabama,early_sep_mar,Early Sep-Mar,2025-04,0.0,0.0,0.0,19.267399267399266
nhsn,2024-2025,Alabama,early_sep_mar,Early Sep-Mar,2025-05,0.0,0.0,0.0,10.926739926739925
nhsn,2024-2025,Alabama,early_sep_mar,Early Sep-Mar,2025-06,0.0,0.0,0.0,3.3076923076923075
nhsn,2024-2025,Alabama,extended_sep_apr,Extended Sep-Apr,2024-02,0.0,0.06158008471416203,0.04108541666666665,0.6263736263736264
nhsn,2024-2025,Alabama,extended_sep_apr,Extended Sep-Apr,2024-03,0.15030046131637534,0.14834873932810494,0.1814790322580645,38.155677655677664
nhsn,2024-2025,Alabama,extended_sep_apr,Extended Sep-Apr,2024-04,0.1533202196234774,0.15259488454549638,0.18499999999999991,153.33699633699632
nhsn,2024-2025,Alabama,extended_sep_apr,Extended Sep-Apr,2024-05,0.1487852116435753,0.14907635322414867,0.18499999999999997,250.43772893772893
nhsn,2024-2025,Alabama,extended_sep_apr,Extended Sep-Apr,2024-06,0.15144962749973645,0.15070700970960835,0.18499999999999991,272.7893772893773
nhsn,2024-2025,Alabama,extended_sep_apr,Extended Sep-Apr,2024-07,0.14840238696132058,0.14850253459548024,0.18499999999999997,298.4926739926739
nhsn,2024-2025,Alabama,extended_sep_apr,Extended Sep-Apr,2024-08,0.14699204215015757,0.1463161969167382,0.18499999999999997,311.7344322344321
nhsn,2024-2025,Alabama,extended_sep_apr,Extended Sep-Apr,2024-09,0.14536199144192657,0.14589999987737526,0.18499999999999997,310.10622710622715
nhsn,2024-2025,Alabama,extended_sep_apr,Extended Sep-Apr,2024-10,0.1471930216715418,0.1449043960435565,0.185,327.23809523809524
nhsn,2024-2025,Alabama,extended_sep_apr,Extended Sep-Apr,2024-11,0.13373420479009984,0.12789718785610035,0.18499999999999997,282.3644688644689
nhsn,2024-2025,Alabama,extended_sep_apr,Extended Sep-Apr,2024-12,0.11748321622968062,0.11561048029611133,0.185,170.7197802197802
nhsn,2024-2025,Alabama,extended_sep_apr,Extended Sep-Apr,2025-01,0.12781635506598663,0.12576399851023903,0.185,78.94505494505495
nhsn,2024-2025,Alabama,extended_sep_apr,Extended Sep-Apr,2025-02,0.1323276258869336,0.13019925431472534,0.185,44.33150183150183
nhsn,2024-2025,Alabama,extended_sep_apr,Extended Sep-Apr,2025-03,0.1314812968142968,0.1280567779079153,0.185,33.014652014652015
nhsn,2024-2025,Alabama,extended_sep_apr,Extended Sep-Apr,2025-04,0.12029229847144006,0.08886004538714347,0.12300921333333335,19.267399267399266
nhsn,2024-2025,Alabama,extended_sep_apr,Extended Sep-Apr,2025-05,0.0,0.0,0.0,10.926739926739925
nhsn,2024-2025,Alabama,extended_sep_apr,Extended Sep-Apr,2025-06,0.0,0.0,0.0,3.3076923076923075
nhsn,2024-2025,Alabama,late_oct_apr,Late Oct-Apr,2024-02,0.0,0.0,0.0,0.6263736263736264
nhsn,2024-2025,Alabama,late_oct_apr,Late Oct-Apr,2024-03,0.0,0.028670705294847318,0.03425483870967742,38.155677655677664
nhsn,2024-2025,Alabama,late_oct_apr,Late Oct-Apr,2024-04,0.1533202196234774,0.15159283200736604,0.18499999999999991,153.33699633699632
nhsn,2024-2025,Alabama,late_oct_apr,Late Oct-Apr,2024-05,0.13153520734466786,0.1296772249850006,0.18499999999999997,250.43772893772893
nhsn,2024-2025,Alabama,late_oct_apr,Late Oct-Apr,2024-06,0.15144962749973645,0.15006871752622344,0.18499999999999991,272.7893772893773
nhsn,2024-2025,Alabama,late_oct_apr,Late Oct-Apr,2024-07,0.13461735094155083,0.13249456153042236,0.18499999999999997,298.4926739926739
nhsn,2024-2025,Alabama,late_oct_apr,Late Oct-Apr,2024-08,0.15092674905794679,0.1506621499922938,0.18499999999999997,311.7344322344321
nhsn,2024-2025,Alabama,late_oct_apr,Late Oct-Apr,2024-09,0.14903690252678325,0.1489878317704934,0.18499999999999991,310.10622710622715
nhsn,2024-2025,Alabama,late_oct_apr,Late Oct-Apr,2024-10,0.1471930216715418,0.1449043960435565,0.185,327.23809523809524
nhsn,2024-2025,Alabama,late_oct_apr,Late Oct-Apr,2024-11,0.13373420479009984,0.12789718785610035,0.18499999999999997,282.3644688644689
nhsn,2024-2025,Alabama,late_oct_apr,Late Oct-Apr,2024-12,0.11748321622968062,0.11561048029611133,0.185,170.7197802197802
nhsn,2024-2025,Alabama,late_oct_apr,Late Oct-Apr,2025-01,0.12781635506598663,0.12576399851023903,0.185,78.94505494505495
nhsn,2024-2025,Alabama,late_oct_apr,Late Oct-Apr,2025-02,0.1323276258869336,0.13019925431472534,0.185,44.33150183150183
nhsn,2024-2025,Alabama,late_oct_apr,Late Oct-Apr,2025-03,0.1314812968142968,0.1280567779079153,0.185,33.014652014652015
nhsn,2024-2025,Alabama,late_oct_apr,Late Oct-Apr,2025-04,0.12029229847144006,0.08886004538714347,0.12300921333333335,19.267399267399266
nhsn,2024-2025,Alabama,late_oct_apr,Late Oct-Apr,2025-05,0.0,0.0,0.0,10.926739926739925
nhsn,2024-2025,Alabama,late_oct_apr,Late Oct-Apr,2025-06,0.0,0.0,0.0,3.3076923076923075
nhsn,2024-2025,Alaska,baseline_oct_mar,Baseline Oct-Mar,2024-02,0.0,0.0,0.0,0.6721611721611721
nhsn,2024-2025,Alaska,baseline_oct_mar,Baseline Oct-Mar,2024-03,0.0,0.02841343746839614,0.03425483870967742,6.494505494505495
nhsn,2024-2025,Alaska,baseline_oct_mar,Baseline Oct-Mar,2024-04,0.14546489935064935,0.1419557061879813,0.18499999999999991,17.2985347985348
nhsn,2024-2025,Alaska,baseline_oct_mar,Baseline Oct-Mar,2024-05,0.12480235378439224,0.12862645612411425,0.18499999999999997,38.95787545787547
nhsn,2024-2025,Alaska,baseline_oct_mar,Baseline Oct-Mar,2024-06,0.1476168943938743,0.14597055648989576,0.18499999999999991,52.65384615384616
nhsn,2024-2025,Alaska,baseline_oct_mar,Baseline Oct-Mar,2024-07,0.13397866810608744,0.13638704653410344,0.18499999999999997,63.747252747252745
nhsn,2024-2025,Alaska,baseline_oct_mar,Baseline Oct-Mar,2024-08,0.1483199152083309,0.14762664838074227,0.18499999999999997,67.72710622710625
nhsn,2024-2025,Alaska,baseline_oct_mar,Baseline Oct-Mar,2024-09,0.14848240074953947,0.14827922970297458,0.18499999999999991,66.67948717948718
nhsn,2024-2025,Alaska,baseline_oct_mar,Baseline Oct-Mar,2024-10,0.1469731424746166,0.14500838539024385,0.185,68.67032967032966
nhsn,2024-2025,Alaska,baseline_oct_mar,Baseline Oct-Mar,2024-11,0.14427278403517882,0.142090164792952,0.18499999999999997,60.89377289377289
nhsn,2024-2025,Alaska,baseline_oct_mar,Baseline Oct-Mar,2024-12,0.13484055563819877,0.12760852494374578,0.185,51.32234432234432
nhsn,2024-2025,Alaska,baseline_oct_mar,Baseline Oct-Mar,2025-01,0.12618203221418353,0.12186680556663478,0.185,29.972527472527474
nhsn,2024-2025,Alaska,baseline_oct_mar,Baseline Oct-Mar,2025-02,0.10697049622516787,0.10912360693352008,0.185,13.692307692307692
nhsn,2024-2025,Alaska,baseline_oct_mar,Baseline Oct-Mar,2025-03,0.11329741724941726,0.08939748786323186,0.12500891612903228,5.943223443223443
nhsn,2024-2025,Alaska,baseline_oct_mar,Baseline Oct-Mar,2025-04,0.0,0.0,0.0,1.9029304029304033
nhsn,2024-2025,Alaska,baseline_oct_mar,Baseline Oct-Mar,2025-05,0.0,0.0,0.0,0.6666666666666667
nhsn,2024-2025,Alaska,baseline_oct_mar,Baseline Oct-Mar,2025-06,0.0,0.0,0.0,0.14102564102564102
nhsn,2024-2025,Alaska,early_sep_mar,Early Sep-Mar,2024-02,0.0,0.034009750789611465,0.04108541666666665,0.6721611721611721
nhsn,2024-2025,Alaska,early_sep_mar,Early Sep-Mar,2024-03,0.15247275700523252,0.14982764352689132,0.1814790322580645,6.494505494505495
nhsn,2024-2025,Alaska,early_sep_mar,Early Sep-Mar,2024-04,0.14867051069701812,0.1465284715167637,0.18499999999999991,17.2985347985348
nhsn,2024-2025,Alaska,early_sep_mar,Early Sep-Mar,2024-05,0.14906999903263404,0.14888302035887488,0.18499999999999997,38.95787545787547
nhsn,2024-2025,Alaska,early_sep_mar,Early Sep-Mar,2024-06,0.14803056128538128,0.14762098044275757,0.18499999999999991,52.65384615384616
nhsn,2024-2025,Alaska,early_sep_mar,Early Sep-Mar,2024-07,0.1481951934421961,0.1481683503613331,0.18499999999999997,63.747252747252745
nhsn,2024-2025,Alaska,early_sep_mar,Early Sep-Mar,2024-08,0.14609681482564257,0.1451663663571933,0.18499999999999997,67.72710622710625
nhsn,2024-2025,Alaska,early_sep_mar,Early Sep-Mar,2024-09,0.1472217279616935,0.14647424126402925,0.18499999999999997,66.67948717948717
nhsn,2024-2025,Alaska,early_sep_mar,Early Sep-Mar,2024-10,0.1469731424746166,0.14500838539024385,0.185,68.67032967032966
nhsn,2024-2025,Alaska,early_sep_mar,Early Sep-Mar,2024-11,0.14427278403517882,0.142090164792952,0.18499999999999997,60.89377289377289
nhsn,2024-2025,Alaska,early_sep_mar,Early Sep-Mar,2024-12,0.13484055563819877,0.12760852494374578,0.185,51.32234432234432
nhsn,2024-2025,Alaska,early_sep_mar,Early Sep-Mar,2025-01,0.12618203221418353,0.12186680556663478,0.185,29.972527472527474
nhsn,2024-2025,Alaska,early_sep_mar,Early Sep-Mar,2025-02,0.10697049622516787,0.10912360693352008,0.185,13.692307692307692
nhsn,2024-2025,Alaska,early_sep_mar,Early Sep-Mar,2025-03,0.11329741724941726,0.08939748786323186,0.12500891612903228,5.943223443223443
nhsn,2024-2025,Alaska,early_sep_mar,Early Sep-Mar,2025-04,0.0,0.0,0.0,1.9029304029304033
nhsn,2024-2025,Alaska,early_sep_mar,Early Sep-Mar,2025-05,0.0,0.0,0.0,0.6666666666666667
nhsn,2024-2025,Alaska,early_sep_mar,Early Sep-Mar,2025-06,0.0,0.0,0.0,0.14102564102564102
nhsn,2024-2025,Alaska,extended_sep_apr,Extended Sep-Apr,2024-02,0.0,0.034009750789611465,0.04108541666666665,0.6721611721611721
nhsn,2024-2025,Alaska,extended_sep_apr,Extended Sep-Apr,2024-03,0.15247275700523252,0.14982764352689132,0.1814790322580645,6.494505494505495
nhsn,2024-2025,Alaska,extended_sep_apr,Extended Sep-Apr,2024-04,0.14867051069701812,0.1465284715167637,0.18499999999999991,17.2985347985348
nhsn,2024-2025,Alaska,extended_sep_apr,Extended Sep-Apr,2024-05,0.14906999903263404,0.14888302035887488,0.18499999999999997,38.95787545787547
nhsn,2024-2025,Alaska,extended_sep_apr,Extended Sep-Apr,2024-06,0.14803056128538128,0.14762098044275757,0.18499999999999991,52.65384615384616
nhsn,2024-2025,Alaska,extended_sep_apr,Extended Sep-Apr,2024-07,0.1481951934421961,0.1481683503613331,0.18499999999999997,63.747252747252745
nhsn,2024-2025,Alaska,extended_sep_apr,Extended Sep-Apr,2024-08,0.14609681482564257,0.1451663663571933,0.18499999999999997,67.72710622710625
nhsn,2024-2025,Alaska,extended_sep_apr,Extended Sep-Apr,2024-09,0.1472217279616935,0.14647424126402925,0.18499999999999997,66.67948717948717
nhsn,2024-2025,Alaska,extended_sep_apr,Extended Sep-Apr,2024-10,0.1469731424746166,0.14500838539024385,0.185,68.67032967032966
nhsn,2024-2025,Alaska,extended_sep_apr,Extended Sep-Apr,2024-11,0.14427278403517882,0.142090164792952,0.18499999999999997,60.89377289377289
nhsn,2024-2025,Alaska,extended_sep_apr,Extended Sep-Apr,2024-12,0.13484055563819877,0.12760852494374578,0.185,51.32234432234432
nhsn,2024-2025,Alaska,extended_sep_apr,Extended Sep-Apr,2025-01,0.12618203221418353,0.12186680556663478,0.185,29.972527472527474
nhsn,2024-2025,Alaska,extended_sep_apr,Extended Sep-Apr,2025-02,0.10697049622516787,0.10912360693352008,0.185,13.692307692307692
nhsn,2024-2025,Alaska,extended_sep_apr,Extended Sep-Apr,2025-03,0.11647200127145584,0.11110532989776194,0.185,5.943223443223443
nhsn,2024-2025,Alaska,extended_sep_apr,Extended Sep-Apr,2025-04,0.07692876039749726,0.0706857638360265,0.12300921333333335,1.9029304029304028
nhsn,2024-2025,Alaska,extended_sep_apr,Extended Sep-Apr,2025-05,0.0,0.0,0.0,0.6666666666666667
nhsn,2024-2025,Alaska,extended_sep_apr,Extended Sep-Apr,2025-06,0.0,0.0,0.0,0.14102564102564102
nhsn,2024-2025,Alaska,late_oct_apr,Late Oct-Apr,2024-02,0.0,0.0,0.0,0.6721611721611721
nhsn,2024-2025,Alaska,late_oct_apr,Late Oct-Apr,2024-03,0.0,0.02841343746839614,0.03425483870967742,6.494505494505495
nhsn,2024-2025,Alaska,late_oct_apr,Late Oct-Apr,2024-04,0.14546489935064935,0.1419557061879813,0.18499999999999991,17.2985347985348
nhsn,2024-2025,Alaska,late_oct_apr,Late Oct-Apr,2024-05,0.12480235378439224,0.12862645612411425,0.18499999999999997,38.95787545787547
nhsn,2024-2025,Alaska,late_oct_apr,Late Oct-Apr,2024-06,0.1476168943938743,0.14597055648989576,0.18499999999999991,52.65384615384616
nhsn,2024-2025,Alaska,late_oct_apr,Late Oct-Apr,2024-07,0.13397866810608744,0.13638704653410344,0.18499999999999997,63.747252747252745
nhsn,2024-2025,Alaska,late_oct_apr,Late Oct-Apr,2024-08,0.1483199152083309,0.14762664838074227,0.18499999999999997,67.72710622710625
nhsn,2024-2025,Alaska,late_oct_apr,Late Oct-Apr,2024-09,0.14848240074953947,0.14827922970297458,0.18499999999999991,66.67948717948718
nhsn,2024-2025,Alaska,late_oct_apr,Late Oct-Apr,2024-10,0.1469731424746166,0.14500838539024385,0.185,68.67032967032966
nhsn,2024-2025,Alaska,late_oct_apr,Late Oct-Apr,2024-11,0.14427278403517882,0.142090164792952,0.18499999999999997,60.89377289377289
nhsn,2024-2025,Alaska,late_oct_apr,Late Oct-Apr,2024-12,0.13484055563819877,0.12760852494374578,0.185,51.32234432234432
nhsn,2024-2025,Alaska,late_oct_apr,Late Oct-Apr,2025-01,0.12618203221418353,0.12186680556663478,0.185,29.972527472527474
nhsn,2024-2025,Alaska,late_oct_apr,Late Oct-Apr,2025-02,0.10697049622516787,0.10912360693352008,0.185,13.692307692307692
nhsn,2024-2025,Alaska,late_oct_apr,Late Oct-Apr,2025-03,0.11647200127145584,0.11110532989776194,0.185,5.943223443223443
nhsn,2024-2025,Alaska,late_oct_apr,Late Oct-Apr,2025-04,0.07692876039749726,0.0706857638360265,0.12300921333333335,1.9029304029304028
nhsn,2024-2025,Alaska,late_oct_apr,Late Oct-Apr,2025-05,0.0,0.0,0.0,0.6666666666666667
nhsn,2024-2025,Alaska,late_oct_apr,Late Oct-Apr,2025-06,0.0,0.0,0.0,0.14102564102564102
nhsn,2024-2025,Arizona,baseline_oct_mar,Baseline Oct-Mar,2024-02,,,0.0,0.0
nhsn,2024-2025,Arizona,baseline_oct_mar,Baseline Oct-Mar,2024-03,0.0,0.032513121320100445,0.03425483870967742,4.91025641025641
nhsn,2024-2025,Arizona,baseline_oct_mar,Baseline Oct-Mar,2024-04,0.15206648058072197,0.15255398471680953,0.18499999999999991,47.179487179487175
nhsn,2024-2025,Arizona,baseline_oct_mar,Baseline Oct-Mar,2024-05,0.1486029011284961,0.14844383748616474,0.18499999999999997,201.4505494505495
nhsn,2024-2025,Arizona,baseline_oct_mar,Baseline Oct-Mar,2024-06,0.1487987466549888,0.1487708386074911,0.18499999999999991,456.17765567765565
nhsn,2024-2025,Arizona,baseline_oct_mar,Baseline Oct-Mar,2024-07,0.1481215258363563,0.14827987811430504,0.18499999999999997,669.9065934065934
nhsn,2024-2025,Arizona,baseline_oct_mar,Baseline Oct-Mar,2024-08,0.14816439382477878,0.14820485599921562,0.18499999999999997,713.2783882783882
nhsn,2024-2025,Arizona,baseline_oct_mar,Baseline Oct-Mar,2024-09,0.14777896727951162,0.14773211504429754,0.18499999999999991,697.7380952380952
nhsn,2024-2025,Arizona,baseline_oct_mar,Baseline Oct-Mar,2024-10,0.14826046493871084,0.1482196567665456,0.185,722.0128205128206
nhsn,2024-2025,Arizona,baseline_oct_mar,Baseline Oct-Mar,2024-11,0.1486203831369511,0.14765625285509365,0.18499999999999997,693.9358974358975
nhsn,2024-2025,Arizona,baseline_oct_mar,Baseline Oct-Mar,2024-12,0.14406615011146415,0.14069715863426643,0.185,671.4358974358973
nhsn,2024-2025,Arizona,baseline_oct_mar,Baseline Oct-Mar,2025-01,0.13387974875857112,0.12409114181604612,0.185,513.9652014652015
nhsn,2024-2025,Arizona,baseline_oct_mar,Baseline Oct-Mar,2025-02,0.0963243374240204,0.09478409985198234,0.185,225.7912087912088
nhsn,2024-2025,Arizona,baseline_oct_mar,Baseline Oct-Mar,2025-03,0.08198963577847772,0.07065757818185203,0.12500891612903228,55.492673992674
nhsn,2024-2025,Arizona,baseline_oct_mar,Baseline Oct-Mar,2025-04,0.0,0.0,0.0,9.217948717948719
nhsn,2024-2025,Arizona,baseline_oct_mar,Baseline Oct-Mar,2025-05,0.0,0.0,0.0,1.315018315018315
nhsn,2024-2025,Arizona,baseline_oct_mar,Baseline Oct-Mar,2025-06,0.0,0.0,0.0,0.14102564102564102
nhsn,2024-2025,Arizona,early_sep_mar,Early Sep-Mar,2024-02,,,0.04108541666666665,0.0
nhsn,2024-2025,Arizona,early_sep_mar,Early Sep-Mar,2024-03,0.14943141843231397,0.1503672251333551,0.1814790322580645,4.91025641025641
nhsn,2024-2025,Arizona,early_sep_mar,Early Sep-Mar,2024-04,0.15151626577021948,0.15169306516268768,0.18499999999999991,47.179487179487175
nhsn,2024-2025,Arizona,early_sep_mar,Early Sep-Mar,2024-05,0.14826384700582207,0.14837462076807598,0.18499999999999997,201.4505494505495
nhsn,2024-2025,Arizona,early_sep_mar,Early Sep-Mar,2024-06,0.14854509456030693,0.14846991787048258,0.18499999999999991,456.17765567765565
nhsn,2024-2025,Arizona,early_sep_mar,Early Sep-Mar,2024-07,0.14752304673129504,0.14752518457304273,0.18499999999999997,669.9065934065934
nhsn,2024-2025,Arizona,early_sep_mar,Early Sep-Mar,2024-08,0.14659933861551294,0.1462638684269188,0.18499999999999997,713.2783882783882
nhsn,2024-2025,Arizona,early_sep_mar,Early Sep-Mar,2024-09,0.14654939552533455,0.14649462109089492,0.18499999999999997,697.7380952380952
nhsn,2024-2025,Arizona,early_sep_mar,Early Sep-Mar,2024-10,0.14826046493871084,0.1482196567665456,0.185,722.0128205128206
nhsn,2024-2025,Arizona,early_sep_mar,Early Sep-Mar,2024-11,0.1486203831369511,0.14765625285509365,0.18499999999999997,693.9358974358975
nhsn,2024-2025,Arizona,early_sep_mar,Early Sep-Mar,2024-12,0.14406615011146415,0.14069715863426643,0.185,671.4358974358973
nhsn,2024-2025,Arizona,early_sep_mar,Early Sep-Mar,2025-01,0.13387974875857112,0.12409114181604612,0.185,513.9652014652015
nhsn,2024-2025,Arizona,early_sep_mar,Early Sep-Mar,2025-02,0.0963243374240204,0.09478409985198234,0.185,225.7912087912088
nhsn,2024-2025,Arizona,early_sep_mar,Early Sep-Mar,2025-03,0.08198963577847772,0.07065757818185203,0.12500891612903228,55.492673992674
nhsn,2024-2025,Arizona,early_sep_mar,Early Sep-Mar,2025-04,0.0,0.0,0.0,9.217948717948719
nhsn,2024-2025,Arizona,early_sep_mar,Early Sep-Mar,2025-05,0.0,0.0,0.0,1.315018315018315
nhsn,2024-2025,Arizona,early_sep_mar,Early Sep-Mar,2025-06,0.0,0.0,0.0,0.14102564102564102
nhsn,2024-2025,Arizona,extended_sep_apr,Extended Sep-Apr,2024-02,,,0.04108541666666665,0.0
nhsn,2024-2025,Arizona,extended_sep_apr,Extended Sep-Apr,2024-03,0.14943141843231397,0.1503672251333551,0.1814790322580645,4.91025641025641
nhsn,2024-2025,Arizona,extended_sep_apr,Extended Sep-Apr,2024-04,0.15151626577021948,0.15169306516268768,0.18499999999999991,47.179487179487175
nhsn,2024-2025,Arizona,extended_sep_apr,Extended Sep-Apr,2024-05,0.14826384700582207,0.14837462076807598,0.18499999999999997,201.4505494505495
nhsn,2024-2025,Arizona,extended_sep_apr,Extended Sep-Apr,2024-06,0.14854509456030693,0.14846991787048258,0.18499999999999991,456.17765567765565
nhsn,2024-2025,Arizona,extended_sep_apr,Extended Sep-Apr,2024-07,0.14752304673129504,0.14752518457304273,0.18499999999999997,669.9065934065934
nhsn,2024-2025,Arizona,extended_sep_apr,Extended Sep-Apr,2024-08,0.14659933861551294,0.1462638684269188,0.18499999999999997,713.2783882783882
nhsn,2024-2025,Arizona,extended_sep_apr,Extended Sep-Apr,2024-09,0.14654939552533455,0.14649462109089492,0.18499999999999997,697.7380952380952
nhsn,2024-2025,Arizona,extended_sep_apr,Extended Sep-Apr,2024-10,0.14826046493871084,0.1482196567665456,0.185,722.0128205128206
nhsn,2024-2025,Arizona,extended_sep_apr,Extended Sep-Apr,2024-11,0.1486203831369511,0.14765625285509365,0.18499999999999997,693.9358974358975
nhsn,2024-2025,Arizona,extended_sep_apr,Extended Sep-Apr,2024-12,0.14406615011146415,0.14069715863426643,0.185,671.4358974358973
nhsn,2024-2025,Arizona,extended_sep_apr,Extended Sep-Apr,2025-01,0.13387974875857112,0.12409114181604612,0.185,513.9652014652015
nhsn,2024-2025,Arizona,extended_sep_apr,Extended Sep-Apr,2025-02,0.0963243374240204,0.09478409985198234,0.185,225.7912087912088
nhsn,2024-2025,Arizona,extended_sep_apr,Extended Sep-Apr,2025-03,0.08433896982812585,0.08710745742528467,0.185,55.492673992674
nhsn,2024-2025,Arizona,extended_sep_apr,Extended Sep-Apr,2025-04,0.084783018000518,0.07485166689422405,0.12300921333333335,9.217948717948717
nhsn,2024-2025,Arizona,extended_sep_apr,Extended Sep-Apr,2025-05,0.0,0.0,0.0,1.315018315018315
nhsn,2024-2025,Arizona,extended_sep_apr,Extended Sep-Apr,2025-06,0.0,0.0,0.0,0.14102564102564102
nhsn,2024-2025,Arizona,late_oct_apr,Late Oct-Apr,2024-02,,,0.0,0.0
nhsn,2024-2025,Arizona,late_oct_apr,Late Oct-Apr,2024-03,0.0,0.032513121320100445,0.03425483870967742,4.91025641025641
nhsn,2024-2025,Arizona,late_oct_apr,Late Oct-Apr,2024-04,0.15206648058072197,0.15255398471680953,0.18499999999999991,47.179487179487175
nhsn,2024-2025,Arizona,late_oct_apr,Late Oct-Apr,2024-05,0.1486029011284961,0.14844383748616474,0.18499999999999997,201.4505494505495
nhsn,2024-2025,Arizona,late_oct_apr,Late Oct-Apr,2024-06,0.1487987466549888,0.1487708386074911,0.18499999999999991,456.17765567765565
nhsn,2024-2025,Arizona,late_oct_apr,Late Oct-Apr,2024-07,0.1481215258363563,0.14827987811430504,0.18499999999999997,669.9065934065934
nhsn,2024-2025,Arizona,late_oct_apr,Late Oct-Apr,2024-08,0.14816439382477878,0.14820485599921562,0.18499999999999997,713.2783882783882
nhsn,2024-2025,Arizona,late_oct_apr,Late Oct-Apr,2024-09,0.14777896727951162,0.14773211504429754,0.18499999999999991,697.7380952380952
nhsn,2024-2025,Arizona,late_oct_apr,Late Oct-Apr,2024-10,0.14826046493871084,0.1482196567665456,0.185,722.0128205128206
nhsn,2024-2025,Arizona,late_oct_apr,Late Oct-Apr,2024-11,0.1486203831369511,0.14765625285509365,0.18499999999999997,693.9358974358975
nhsn,2024-2025,Arizona,late_oct_apr,Late Oct-Apr,2024-12,0.14406615011146415,0.14069715863426643,0.185,671.4358974358973
nhsn,2024-2025,Arizona,late_oct_apr,Late Oct-Apr,2025-01,0.13387974875857112,0.12409114181604612,0.185,513.9652014652015
nhsn,2024-2025,Arizona,late_oct_apr,Late Oct-Apr,2025-02,0.0963243374240204,0.09478409985198234,0.185,225.7912087912088
nhsn,2024-2025,Arizona,late_oct_apr,Late Oct-Apr,2025-03,0.08433896982812585,0.08710745742528467,0.185,55.492673992674
nhsn,2024-2025,Arizona,late_oct_apr,Late Oct-Apr,2025-04,0.084783018000518,0.07485166689422405,0.12300921333333335,9.217948717948717
nhsn,2024-2025,Arizona,late_oct_apr,Late Oct-Apr,2025-05,0.0,0.0,0.0,1.315018315018315
nhsn,2024-2025,Arizona,late_oct_apr,Late Oct-Apr,2025-06,0.0,0.0,0.0,0.14102564102564102
nhsn,2024-2025,Arkansas,baseline_oct_mar,Baseline Oct-Mar,2024-02,,,0.0,0.0
nhsn,2024-2025,Arkansas,baseline_oct_mar,Baseline Oct-Mar,2024-03,0.0,0.032744940558611754,0.03425483870967742,5.717948717948718
nhsn,2024-2025,Arkansas,baseline_oct_mar,Baseline Oct-Mar,2024-04,0.1538989025974026,0.15317227798702882,0.18499999999999991,25.86630036630037
nhsn,2024-2025,Arkansas,baseline_oct_mar,Baseline Oct-Mar,2024-05,0.1344168512733373,0.13628608491200964,0.18499999999999997,54.23443223443224
nhsn,2024-2025,Arkansas,baseline_oct_mar,Baseline Oct-Mar,2024-06,0.15024858824913404,0.14985774760899584,0.18499999999999991,80.16849816849816
nhsn,2024-2025,Arkansas,baseline_oct_mar,Baseline Oct-Mar,2024-07,0.14203768778121106,0.14244250668888328,0.18499999999999997,112.84615384615385
nhsn,2024-2025,Arkansas,baseline_oct_mar,Baseline Oct-Mar,2024-08,0.14903101119401774,0.14911887219679082,0.18499999999999997,127.10622710622714
nhsn,2024-2025,Arkansas,baseline_oct_mar,Baseline Oct-Mar,2024-09,0.14714174716946157,0.1464115551274947,0.18499999999999991,129.3040293040293
nhsn,2024-2025,Arkansas,baseline_oct_mar,Baseline Oct-Mar,2024-10,0.14382328307680883,0.14369290766205017,0.185,139.0
nhsn,2024-2025,Arkansas,baseline_oct_mar,Baseline Oct-Mar,2024-11,0.14397185694906964,0.1415679213072174,0.18499999999999997,129.66666666666666
nhsn,2024-2025,Arkansas,baseline_oct_mar,Baseline Oct-Mar,2024-12,0.13691210733095757,0.13623232885724237,0.185,112.64468864468866
nhsn,2024-2025,Arkansas,baseline_oct_mar,Baseline Oct-Mar,2025-01,0.14192224034078016,0.13492579336622887,0.185,84.95421245421245
nhsn,2024-2025,Arkansas,baseline_oct_mar,Baseline Oct-Mar,2025-02,0.11949692289228923,0.11694089680201103,0.185,51.56043956043956
nhsn,2024-2025,Arkansas,baseline_oct_mar,Baseline Oct-Mar,2025-03,0.12152848580729617,0.08799489191268223,0.12500891612903228,27.6996336996337
nhsn,2024-2025,Arkansas,baseline_oct_mar,Baseline Oct-Mar,2025-04,0.0,0.0,0.0,12.7985347985348
nhsn,2024-2025,Arkansas,baseline_oct_mar,Baseline Oct-Mar,2025-05,0.0,0.0,0.0,6.573260073260075
nhsn,2024-2025,Arkansas,baseline_oct_mar,Baseline Oct-Mar,2025-06,0.0,0.0,0.0,0.9871794871794872
nhsn,2024-2025,Arkansas,early_sep_mar,Early Sep-Mar,2024-02,,,0.04108541666666665,0.0
nhsn,2024-2025,Arkansas,early_sep_mar,Early Sep-Mar,2024-03,0.1494922470862471,0.15049499844959266,0.1814790322580645,5.717948717948718
nhsn,2024-2025,Arkansas,early_sep_mar,Early Sep-Mar,2024-04,0.15358198879062115,0.15346080924110872,0.18499999999999991,25.86630036630037
nhsn,2024-2025,Arkansas,early_sep_mar,Early Sep-Mar,2024-05,0.14853821075476245,0.1488111151856709,0.18499999999999997,54.23443223443224
nhsn,2024-2025,Arkansas,early_sep_mar,Early Sep-Mar,2024-06,0.15000027932997237,0.14986323741087373,0.18499999999999991,80.16849816849816
nhsn,2024-2025,Arkansas,early_sep_mar,Early Sep-Mar,2024-07,0.14777511403980634,0.14782839868917344,0.18499999999999997,112.84615384615385
nhsn,2024-2025,Arkansas,early_sep_mar,Early Sep-Mar,2024-08,0.14468526899913967,0.14371789344285305,0.18499999999999997,127.10622710622714
nhsn,2024-2025,Arkansas,early_sep_mar,Early Sep-Mar,2024-09,0.14220705445126663,0.1423963525325083,0.18499999999999997,129.3040293040293
nhsn,2024-2025,Arkansas,early_sep_mar,Early Sep-Mar,2024-10,0.14382328307680883,0.14369290766205017,0.185,139.0
nhsn,2024-2025,Arkansas,early_sep_mar,Early Sep-Mar,2024-11,0.14397185694906964,0.1415679213072174,0.18499999999999997,129.66666666666666
nhsn,2024-2025,Arkansas,early_sep_mar,Early Sep-Mar,2024-12,0.13691210733095757,0.13623232885724237,0.185,112.64468864468866
nhsn,2024-2025,Arkansas,early_sep_mar,Early Sep-Mar,2025-01,0.14192224034078016,0.13492579336622887,0.185,84.95421245421245
nhsn,2024-2025,Arkansas,early_sep_mar,Early Sep-Mar,2025-02,0.11949692289228923,0.11694089680201103,0.185,51.56043956043956
nhsn,2024-2025,Arkansas,early_sep_mar,Early Sep-Mar,2025-03,0.12152848580729617,0.08799489191268223,0.12500891612903228,27.6996336996337
nhsn,2024-2025,Arkansas,early_sep_mar,Early Sep-Mar,2025-04,0.0,0.0,0.0,12.7985347985348
nhsn,2024-2025,Arkansas,early_sep_mar,Early Sep-Mar,2025-05,0.0,0.0,0.0,6.573260073260075
nhsn,2024-2025,Arkansas,early_sep_mar,Early Sep-Mar,2025-06,0.0,0.0,0.0,0.9871794871794872
nhsn,2024-2025,Arkansas,extended_sep_apr,Extended Sep-Apr,2024-02,,,0.04108541666666665,0.0
nhsn,2024-2025,Arkansas,extended_sep_apr,Extended Sep-Apr,2024-03,0.1494922470862471,0.15049499844959266,0.1814790322580645,5.717948717948718
nhsn,2024-2025,Arkansas,extended_sep_apr,Extended Sep-Apr,2024-04,0.15358198879062115,0.15346080924110872,0.18499999999999991,25.86630036630037
nhsn,2024-2025,Arkansas,extended_sep_apr,Extended Sep-Apr,2024-05,0.14853821075476245,0.1488111151856709,0.18499999999999997,54.23443223443224
nhsn,2024-2025,Arkansas,extended_sep_apr,Extended Sep-Apr,2024-06,0.15000027932997237,0.14986323741087373,0.18499999999999991,80.16849816849816
nhsn,2024-2025,Arkansas,extended_sep_apr,Extended Sep-Apr,2024-07,0.14777511403980634,0.14782839868917344,0.18499999999999997,112.84615384615385
nhsn,2024-2025,Arkansas,extended_sep_apr,Extended Sep-Apr,2024-08,0.14468526899913967,0.14371789344285305,0.18499999999999997,127.10622710622714
nhsn,2024-2025,Arkansas,extended_sep_apr,Extended Sep-Apr,2024-09,0.14220705445126663,0.1423963525325083,0.18499999999999997,129.3040293040293
nhsn,2024-2025,Arkansas,extended_sep_apr,Extended Sep-Apr,2024-10,0.14382328307680883,0.14369290766205017,0.185,139.0
nhsn,2024-2025,Arkansas,extended_sep_apr,Extended Sep-Apr,2024-11,0.14397185694906964,0.1415679213072174,0.18499999999999997,129.66666666666666
nhsn,2024-2025,Arkansas,extended_sep_apr,Extended Sep-Apr,2024-12,0.13691210733095757,0.13623232885724237,0.185,112.64468864468866
nhsn,2024-2025,Arkansas,extended_sep_apr,Extended Sep-Apr,2025-01,0.14192224034078016,0.13492579336622887,0.185,84.95421245421245
nhsn,2024-2025,Arkansas,extended_sep_apr,Extended Sep-Apr,2025-02,0.11949692289228923,0.11694089680201103,0.185,51.56043956043956
nhsn,2024-2025,Arkansas,extended_sep_apr,Extended Sep-Apr,2025-03,0.12281466612143223,0.11760609482702579,0.185,27.6996336996337
nhsn,2024-2025,Arkansas,extended_sep_apr,Extended Sep-Apr,2025-04,0.12161411940714154,0.08766342580166556,0.12300921333333335,12.7985347985348
nhsn,2024-2025,Arkansas,extended_sep_apr,Extended Sep-Apr,2025-05,0.0,0.0,0.0,6.573260073260075
nhsn,2024-2025,Arkansas,extended_sep_apr,Extended Sep-Apr,2025-06,0.0,0.0,0.0,0.9871794871794872
nhsn,2024-2025,Arkansas,late_oct_apr,Late Oct-Apr,2024-02,,,0.0,0.0
nhsn,2024-2025,Arkansas,late_oct_apr,Late Oct-Apr,2024-03,0.0,0.032744940558611754,0.03425483870967742,5.717948717948718
nhsn,2024-2025,Arkansas,late_oct_apr,Late Oct-Apr,2024-04,0.1538989025974026,0.15317227798702882,0.18499999999999991,25.86630036630037
nhsn,2024-2025,Arkansas,late_oct_apr,Late Oct-Apr,2024-05,0.1344168512733373,0.13628608491200964,0.18499999999999997,54.23443223443224
nhsn,2024-2025,Arkansas,late_oct_apr,Late Oct-Apr,2024-06,0.15024858824913404,0.14985774760899584,0.18499999999999991,80.16849816849816
nhsn,2024-2025,Arkansas,late_oct_apr,Late Oct-Apr,2024-07,0.14203768778121106,0.14244250668888328,0.18499999999999997,112.84615384615385
nhsn,2024-2025,Arkansas,late_oct_apr,Late Oct-Apr,2024-08,0.14903101119401774,0.14911887219679082,0.18499999999999997,127.10622710622714
nhsn,2024-2025,Arkansas,late_oct_apr,Late Oct-Apr,2024-09,0.14714174716946157,0.1464115551274947,0.18499999999999991,129.3040293040293
nhsn,2024-2025,Arkansas,late_oct_apr,Late Oct-Apr,2024-10,0.14382328307680883,0.14369290766205017,0.185,139.0
nhsn,2024-2025,Arkansas,late_oct_apr,Late Oct-Apr,2024-11,0.14397185694906964,0.1415679213072174,0.18499999999999997,129.66666666666666
nhsn,2024-2025,Arkansas,late_oct_apr,Late Oct-Apr,2024-12,0.13691210733095757,0.13623232885724237,0.185,112.64468864468866
nhsn,2024-2025,Arkansas,late_oct_apr,Late Oct-Apr,2025-01,0.14192224034078016,0.13492579336622887,0.185,84.95421245421245
nhsn,2024-2025,Arkansas,late_oct_apr,Late Oct-Apr,2025-02,0.11949692289228923,0.11694089680201103,0.185,51.56043956043956
nhsn,2024-2025,Arkansas,late_oct_apr,Late Oct-Apr,2025-03,0.12281466612143223,0.11760609482702579,0.185,27.6996336996337
nhsn,2024-2025,Arkansas,late_oct_apr,Late Oct-Apr,2025-04,0.12161411940714154,0.08766342580166556,0.12300921333333335,12.7985347985348
nhsn,2024-2025,Arkansas,late_oct_apr,Late Oct-Apr,2025-05,0.0,0.0,0.0,6.573260073260075
nhsn,2024-2025,Arkansas,late_oct_apr,Late Oct-Apr,2025-06,0.0,0.0,0.0,0.9871794871794872
nhsn,2024-2025,California,baseline_oct_mar,Baseline Oct-Mar,2024-02,0.0,0.0,0.0,2.853479853479853
nhsn,2024-2025,California,baseline_oct_mar,Baseline Oct-Mar,2024-03,0.0,0.028713215808600114,0.03425483870967742,75.05677655677655
nhsn,2024-2025,California,baseline_oct_mar,Baseline Oct-Mar,2024-04,0.15157964737608434,0.15025752374422593,0.18499999999999991,380.7673992673993
nhsn,2024-2025,California,baseline_oct_mar,Baseline Oct-Mar,2024-05,0.14144958630596616,0.1407060522696742,0.18499999999999997,894.0311355311355
nhsn,2024-2025,California,baseline_oct_mar,Baseline Oct-Mar,2024-06,0.1492524933410173,0.14886084316026052,0.18499999999999991,1258.6630036630036
nhsn,2024-2025,California,baseline_oct_mar,Baseline Oct-Mar,2024-07,0.14482411530836917,0.1439928836905107,0.18499999999999997,1590.3516483516485
nhsn,2024-2025,California,baseline_oct_mar,Baseline Oct-Mar,2024-08,0.1488112537118043,0.14875946335382903,0.18499999999999997,1711.0805860805863
nhsn,2024-2025,California,baseline_oct_mar,Baseline Oct-Mar,2024-09,0.14812309636930898,0.14803607160239846,0.18499999999999991,1688.8369963369964
nhsn,2024-2025,California,baseline_oct_mar,Baseline Oct-Mar,2024-10,0.14785712670829124,0.14737289205749327,0.185,1752.8553113553114
nhsn,2024-2025,California,baseline_oct_mar,Baseline Oct-Mar,2024-11,0.14618925210314457,0.14216023684633053,0.18499999999999997,1627.3498168498168
nhsn,2024-2025,California,baseline_oct_mar,Baseline Oct-Mar,2024-12,0.13188864603211617,0.13003692591489044,0.185,1356.5439560439559
nhsn,2024-2025,California,baseline_oct_mar,Baseline Oct-Mar,2025-01,0.12842900214440042,0.12394346980531955,0.185,849.8223443223444
nhsn,2024-2025,California,baseline_oct_mar,Baseline Oct-Mar,2025-02,0.11415625257468007,0.11076415247779103,0.185,413.4010989010989
nhsn,2024-2025,California,baseline_oct_mar,Baseline Oct-Mar,2025-03,0.10277348624640889,0.08041873300785365,0.12500891612903228,174.83333333333334
nhsn,2024-2025,California,baseline_oct_mar,Baseline Oct-Mar,2025-04,0.0,0.0,0.0,48.78021978021978
nhsn,2024-2025,California,baseline_oct_mar,Baseline Oct-Mar,2025-05,0.0,0.0,0.0,14.426739926739929
nhsn,2024-2025,California,baseline_oct_mar,Baseline Oct-Mar,2025-06,0.0,0.0,0.0,2.6538461538461537
nhsn,2024-2025,California,early_sep_mar,Early Sep-Mar,2024-02,0.0,0.0337368926587651,0.04108541666666665,2.853479853479853
nhsn,2024-2025,California,early_sep_mar,Early Sep-Mar,2024-03,0.15105995982150838,0.14892984004902465,0.1814790322580645,75.05677655677655
nhsn,2024-2025,California,early_sep_mar,Early Sep-Mar,2024-04,0.15157964737608434,0.15105516169003097,0.18499999999999991,380.7673992673993
nhsn,2024-2025,California,early_sep_mar,Early Sep-Mar,2024-05,0.14861717303204117,0.14869780893660772,0.18499999999999997,894.0311355311355
nhsn,2024-2025,California,early_sep_mar,Early Sep-Mar,2024-06,0.1492524933410173,0.1490378651272867,0.18499999999999991,1258.6630036630036
nhsn,2024-2025,California,early_sep_mar,Early Sep-Mar,2024-07,0.14794108481368864,0.14794208648701837,0.18499999999999997,1590.3516483516485
nhsn,2024-2025,California,early_sep_mar,Early Sep-Mar,2024-08,0.14630338349637315,0.14583484799479599,0.18499999999999997,1711.0805860805863
nhsn,2024-2025,California,early_sep_mar,Early Sep-Mar,2024-09,0.14598252686229132,0.14595277792132932,0.18499999999999997,1688.8369963369964
nhsn,2024-2025,California,early_sep_mar,Early Sep-Mar,2024-10,0.14785712670829124,0.14737289205749327,0.185,1752.8553113553114
nhsn,2024-2025,California,early_sep_mar,Early Sep-Mar,2024-11,0.14618925210314457,0.14216023684633053,0.18499999999999997,1627.3498168498168
nhsn,2024-2025,California,early_sep_mar,Early Sep-Mar,2024-12,0.13188864603211617,0.13003692591489044,0.185,1356.5439560439559
nhsn,2024-2025,California,early_sep_mar,Early Sep-Mar,2025-01,0.12842900214440042,0.12394346980531955,0.185,849.8223443223444
nhsn,2024-2025,California,early_sep_mar,Early Sep-Mar,2025-02,0.11415625257468007,0.11076415247779103,0.185,413.4010989010989
nhsn,2024-2025,California,early_sep_mar,Early Sep-Mar,2025-03,0.10277348624640889,0.08041873300785365,0.12500891612903228,174.83333333333334
nhsn,2024-2025,California,early_sep_mar,Early Sep-Mar,2025-04,0.0,0.0,0.0,48.78021978021978
nhsn,2024-2025,California,early_sep_mar,Early Sep-Mar,2025-05,0.0,0.0,0.0,14.426739926739929
nhsn,2024-2025,California,early_sep_mar,Early Sep-Mar,2025-06,0.0,0.0,0.0,2.6538461538461537
nhsn,2024-2025,California,extended_sep_apr,Extended Sep-Apr,2024-02,0.0,0.0337368926587651,0.04108541666666665,2.853479853479853
nhsn,2024-2025,California,extended_sep_apr,Extended Sep-Apr,2024-03,0.15105995982150838,0.14892984004902465,0.1814790322580645,75.05677655677655
nhsn,2024-2025,California,extended_sep_apr,Extended Sep-Apr,2024-04,0.15157964737608434,0.15105516169003097,0.18499999999999991,380.7673992673993
nhsn,2024-2025,California,extended_sep_apr,Extended Sep-Apr,2024-05,0.14861717303204117,0.14869780893660772,0.18499999999999997,894.0311355311355
nhsn,2024-2025,California,extended_sep_apr,Extended Sep-Apr,2024-06,0.1492524933410173,0.1490378651272867,0.18499999999999991,1258.6630036630036
nhsn,2024-2025,California,extended_sep_apr,Extended Sep-Apr,2024-07,0.14794108481368864,0.14794208648701837,0.18499999999999997,1590.3516483516485
nhsn,2024-2025,California,extended_sep_apr,Extended Sep-Apr,2024-08,0.14630338349637315,0.14583484799479599,0.18499999999999997,1711.0805860805863
nhsn,2024-2025,California,extended_sep_apr,Extended Sep-Apr,2024-09,0.14598252686229132,0.14595277792132932,0.18499999999999997,1688.8369963369964
nhsn,2024-2025,California,extended_sep_apr,Extended Sep-Apr,2024-10,0.14785712670829124,0.14737289205749327,0.185,1752.8553113553114
nhsn,2024-2025,California,extended_sep_apr,Extended Sep-Apr,2024-11,0.14618925210314457,0.14216023684633053,0.18499999999999997,1627.3498168498168
nhsn,2024-2025,California,extended_sep_apr,Extended Sep-Apr,2024-12,0.13188864603211617,0.13003692591489044,0.185,1356.5439560439559
nhsn,2024-2025,California,extended_sep_apr,Extended Sep-Apr,2025-01,0.12842900214440042,0.12394346980531955,0.185,849.8223443223444
nhsn,2024-2025,California,extended_sep_apr,Extended Sep-Apr,2025-02,0.11415625257468007,0.11076415247779103,0.185,413.4010989010989
nhsn,2024-2025,California,extended_sep_apr,Extended Sep-Apr,2025-03,0.10416433733559673,0.10149485595175894,0.185,174.83333333333334
nhsn,2024-2025,California,extended_sep_apr,Extended Sep-Apr,2025-04,0.09708670222970747,0.07899042367327755,0.12300921333333335,48.78021978021978
nhsn,2024-2025,California,extended_sep_apr,Extended Sep-Apr,2025-05,0.0,0.0,0.0,14.426739926739929
nhsn,2024-2025,California,extended_sep_apr,Extended Sep-Apr,2025-06,0.0,0.0,0.0,2.6538461538461537
nhsn,2024-2025,California,late_oct_apr,Late Oct-Apr,2024-02,0.0,0.0,0.0,2.853479853479853
nhsn,2024-2025,California,late_oct_apr,Late Oct-Apr,2024-03,0.0,0.028713215808600114,0.03425483870967742,75.05677655677655
nhsn,2024-2025,California,late_oct_apr,Late Oct-Apr,2024-04,0.15157964737608434,0.15025752374422593,0.18499999999999991,380.7673992673993
nhsn,2024-2025,California,late_oct_apr,Late Oct-Apr,2024-05,0.14144958630596616,0.1407060522696742,0.18499999999999997,894.0311355311355
nhsn,2024-2025,California,late_oct_apr,Late Oct-Apr,2024-06,0.1492524933410173,0.14886084316026052,0.18499999999999991,1258.6630036630036
nhsn,2024-2025,California,late_oct_apr,Late Oct-Apr,2024-07,0.14482411530836917,0.1439928836905107,0.18499999999999997,1590.3516483516485
nhsn,2024-2025,California,late_oct_apr,Late Oct-Apr,2024-08,0.1488112537118043,0.14875946335382903,0.18499999999999997,1711.0805860805863
nhsn,2024-2025,California,late_oct_apr,Late Oct-Apr,2024-09,0.14812309636930898,0.14803607160239846,0.18499999999999991,1688.8369963369964
nhsn,2024-2025,California,late_oct_apr,Late Oct-Apr,2024-10,0.14785712670829124,0.14737289205749327,0.185,1752.8553113553114
nhsn,2024-2025,California,late_oct_apr,Late Oct-Apr,2024-11,0.14618925210314457,0.14216023684633053,0.18499999999999997,1627.3498168498168
nhsn,2024-2025,California,late_oct_apr,Late Oct-Apr,2024-12,0.13188864603211617,0.13003692591489044,0.185,1356.5439560439559
nhsn,2024-2025,California,late_oct_apr,Late Oct-Apr,2025-01,0.12842900214440042,0.12394346980531955,0.185,849.8223443223444
nhsn,2024-2025,California,late_oct_apr,Late Oct-Apr,2025-02,0.11415625257468007,0.11076415247779103,0.185,413.4010989010989
nhsn,2024-2025,California,late_oct_apr,Late Oct-Apr,2025-03,0.10416433733559673,0.10149485595175894,0.185,174.83333333333334
nhsn,2024-2025,California,late_oct_apr,Late Oct-Apr,2025-04,0.09708670222970747,0.07899042367327755,0.12300921333333335,48.78021978021978
nhsn,2024-2025,California,late_oct_apr,Late Oct-Apr,2025-05,0.0,0.0,0.0,14.426739926739929
nhsn,2024-2025,California,late_oct_apr,Late Oct-Apr,2025-06,0.0,0.0,0.0,2.6538461538461537
nhsn,2024-2025,Colorado,baseline_oct_mar,Baseline Oct-Mar,2024-02,0.0,0.0,0.0,0.750915750915751
nhsn,2024-2025,Colorado,baseline_oct_mar,Baseline Oct-Mar,2024-03,0.0,0.028273408217805038,0.03425483870967742,10.736263736263737
nhsn,2024-2025,Colorado,baseline_oct_mar,Baseline Oct-Mar,2024-04,0.14973133803914815,0.14956919833158913,0.18499999999999991,60.94139194139194
nhsn,2024-2025,Colorado,baseline_oct_mar,Baseline Oct-Mar,2024-05,0.1447142317879472,0.14489344749247426,0.18499999999999997,218.38461538461536
nhsn,2024-2025,Colorado,baseline_oct_mar,Baseline Oct-Mar,2024-06,0.14852337491382456,0.14851045471404406,0.18499999999999991,423.1611721611722
nhsn,2024-2025,Colorado,baseline_oct_mar,Baseline Oct-Mar,2024-07,0.1472915667341864,0.14713693001584738,0.18499999999999997,630.9432234432236
nhsn,2024-2025,Colorado,baseline_oct_mar,Baseline Oct-Mar,2024-08,0.14802052946764216,0.14803695575855666,0.18499999999999997,722.6318681318681
nhsn,2024-2025,Colorado,baseline_oct_mar,Baseline Oct-Mar,2024-09,0.14721214640488406,0.14705343399817564,0.18499999999999991,722.9249084249084
nhsn,2024-2025,Colorado,baseline_oct_mar,Baseline Oct-Mar,2024-10,0.14769829419191186,0.14746559419422872,0.185,750.2527472527472
nhsn,2024-2025,Colorado,baseline_oct_mar,Baseline Oct-Mar,2024-11,0.1483178559835639,0.14715557103430016,0.18499999999999997,716.2600732600733
nhsn,2024-2025,Colorado,baseline_oct_mar,Baseline Oct-Mar,2024-12,0.1427925316724208,0.13986329112139853,0.185,685.9578754578754
nhsn,2024-2025,Colorado,baseline_oct_mar,Baseline Oct-Mar,2025-01,0.1342734183206189,0.12874893067450519,0.185,526.4120879120878
nhsn,2024-2025,Colorado,baseline_oct_mar,Baseline Oct-Mar,2025-02,0.11678142213357871,0.11309368775841012,0.185,283.49633699633694
nhsn,2024-2025,Colorado,baseline_oct_mar,Baseline Oct-Mar,2025-03,0.1025953556765278,0.08044666672699662,0.12500891612903228,124.94322344322345
nhsn,2024-2025,Colorado,baseline_oct_mar,Baseline Oct-Mar,2025-04,0.0,0.0,0.0,29.7014652014652
nhsn,2024-2025,Colorado,baseline_oct_mar,Baseline Oct-Mar,2025-05,0.0,0.0,0.0,4.706959706959706
nhsn,2024-2025,Colorado,baseline_oct_mar,Baseline Oct-Mar,2025-06,0.0,0.0,0.0,0.10256410256410256
nhsn,2024-2025,Colorado,early_sep_mar,Early Sep-Mar,2024-02,0.0,0.03408532341663741,0.04108541666666665,0.750915750915751
nhsn,2024-2025,Colorado,early_sep_mar,Early Sep-Mar,2024-03,0.15091793365330325,0.14923836505691296,0.1814790322580645,10.736263736263737
nhsn,2024-2025,Colorado,early_sep_mar,Early Sep-Mar,2024-04,0.14973133803914815,0.14985816891027534,0.18499999999999991,60.94139194139194
nhsn,2024-2025,Colorado,early_sep_mar,Early Sep-Mar,2024-05,0.1484148307939708,0.1484583359468684,0.18499999999999997,218.38461538461536
nhsn,2024-2025,Colorado,early_sep_mar,Early Sep-Mar,2024-06,0.14851277679294989,0.14839526455141006,0.18499999999999991,423.1611721611722
nhsn,2024-2025,Colorado,early_sep_mar,Early Sep-Mar,2024-07,0.14758297075957555,0.14758192811888038,0.18499999999999997,630.9432234432236
nhsn,2024-2025,Colorado,early_sep_mar,Early Sep-Mar,2024-08,0.14485271009456308,0.14376099189794972,0.18499999999999997,722.6318681318681
nhsn,2024-2025,Colorado,early_sep_mar,Early Sep-Mar,2024-09,0.14458807811045882,0.14402340370946864,0.18499999999999997,722.9249084249084
nhsn,2024-2025,Colorado,early_sep_mar,Early Sep-Mar,2024-10,0.14769829419191186,0.14746559419422872,0.185,750.2527472527472
nhsn,2024-2025,Colorado,early_sep_mar,Early Sep-Mar,2024-11,0.1483178559835639,0.14715557103430016,0.18499999999999997,716.2600732600733
nhsn,2024-2025,Colorado,early_sep_mar,Early Sep-Mar,2024-12,0.1427925316724208,0.13986329112139853,0.185,685.9578754578754
nhsn,2024-2025,Colorado,early_sep_mar,Early Sep-Mar,2025-01,0.1342734183206189,0.12874893067450519,0.185,526.4120879120878
nhsn,2024-2025,Colorado,early_sep_mar,Early Sep-Mar,2025-02,0.11678142213357871,0.11309368775841012,0.185,283.49633699633694
nhsn,2024-2025,Colorado,early_sep_mar,Early Sep-Mar,2025-03,0.1025953556765278,0.08044666672699662,0.12500891612903228,124.94322344322345
nhsn,2024-2025,Colorado,early_sep_mar,Early Sep-Mar,2025-04,0.0,0.0,0.0,29.7014652014652
nhsn,2024-2025,Colorado,early_sep_mar,Early Sep-Mar,2025-05,0.0,0.0,0.0,4.706959706959706
nhsn,2024-2025,Colorado,early_sep_mar,Early Sep-Mar,2025-06,0.0,0.0,0.0,0.10256410256410256
nhsn,2024-2025,Colorado,extended_sep_apr,Extended Sep-Apr,2024-02,0.0,0.03408532341663741,0.04108541666666665,0.750915750915751
nhsn,2024-2025,Colorado,extended_sep_apr,Extended Sep-Apr,2024-03,0.15091793365330325,0.14923836505691296,0.1814790322580645,10.736263736263737
nhsn,2024-2025,Colorado,extended_sep_apr,Extended Sep-Apr,2024-04,0.14973133803914815,0.14985816891027534,0.18499999999999991,60.94139194139194
nhsn,2024-2025,Colorado,extended_sep_apr,Extended Sep-Apr,2024-05,0.1484148307939708,0.1484583359468684,0.18499999999999997,218.38461538461536
nhsn,2024-2025,Colorado,extended_sep_apr,Extended Sep-Apr,2024-06,0.14851277679294989,0.14839526455141006,0.18499999999999991,423.1611721611722
nhsn,2024-2025,Colorado,extended_sep_apr,Extended Sep-Apr,2024-07,0.14758297075957555,0.14758192811888038,0.18499999999999997,630.9432234432236
nhsn,2024-2025,Colorado,extended_sep_apr,Extended Sep-Apr,2024-08,0.14485271009456308,0.14376099189794972,0.18499999999999997,722.6318681318681
nhsn,2024-2025,Colorado,extended_sep_apr,Extended Sep-Apr,2024-09,0.14458807811045882,0.14402340370946864,0.18499999999999997,722.9249084249084
nhsn,2024-2025,Colorado,extended_sep_apr,Extended Sep-Apr,2024-10,0.14769829419191186,0.14746559419422872,0.185,750.2527472527472
nhsn,2024-2025,Colorado,extended_sep_apr,Extended Sep-Apr,2024-11,0.1483178559835639,0.14715557103430016,0.18499999999999997,716.2600732600733
nhsn,2024-2025,Colorado,extended_sep_apr,Extended Sep-Apr,2024-12,0.1427925316724208,0.13986329112139853,0.185,685.9578754578754
nhsn,2024-2025,Colorado,extended_sep_apr,Extended Sep-Apr,2025-01,0.1342734183206189,0.12874893067450519,0.185,526.4120879120878
nhsn,2024-2025,Colorado,extended_sep_apr,Extended Sep-Apr,2025-02,0.11678142213357871,0.11309368775841012,0.185,283.49633699633694
nhsn,2024-2025,Colorado,extended_sep_apr,Extended Sep-Apr,2025-03,0.1025953556765278,0.09880941809300102,0.185,124.94322344322345
nhsn,2024-2025,Colorado,extended_sep_apr,Extended Sep-Apr,2025-04,0.09370798616103522,0.0738209260263453,0.12300921333333335,29.701465201465204
nhsn,2024-2025,Colorado,extended_sep_apr,Extended Sep-Apr,2025-05,0.0,0.0,0.0,4.706959706959706
nhsn,2024-2025,Colorado,extended_sep_apr,Extended Sep-Apr,2025-06,0.0,0.0,0.0,0.10256410256410256
nhsn,2024-2025,Colorado,late_oct_apr,Late Oct-Apr,2024-02,0.0,0.0,0.0,0.750915750915751
nhsn,2024-2025,Colorado,late_oct_apr,Late Oct-Apr,2024-03,0.0,0.028273408217805038,0.03425483870967742,10.736263736263737
nhsn,2024-2025,Colorado,late_oct_apr,Late Oct-Apr,2024-04,0.14973133803914815,0.14956919833158913,0.18499999999999991,60.94139194139194
nhsn,2024-2025,Colorado,late_oct_apr,Late Oct-Apr,2024-05,0.1447142317879472,0.14489344749247426,0.18499999999999997,218.38461538461536
nhsn,2024-2025,Colorado,late_oct_apr,Late Oct-Apr,2024-06,0.14852337491382456,0.14851045471404406,0.18499999999999991,423.1611721611722
nhsn,2024-2025,Colorado,late_oct_apr,Late Oct-Apr,2024-07,0.1472915667341864,0.14713693001584738,0.18499999999999997,630.9432234432236
nhsn,2024-2025,Colorado,late_oct_apr,Late Oct-Apr,2024-08,0.14802052946764216,0.14803695575855666,0.18499999999999997,722.6318681318681
nhsn,2024-2025,Colorado,late_oct_apr,Late Oct-Apr,2024-09,0.14721214640488406,0.14705343399817564,0.18499999999999991,722.9249084249084
nhsn,2024-2025,Colorado,late_oct_apr,Late Oct-Apr,2024-10,0.14769829419191186,0.14746559419422872,0.185,750.2527472527472
nhsn,2024-2025,Colorado,late_oct_apr,Late Oct-Apr,2024-11,0.1483178559835639,0.14715557103430016,0.18499999999999997,716.2600732600733
nhsn,2024-2025,Colorado,late_oct_apr,Late Oct-Apr,2024-12,0.1427925316724208,0.13986329112139853,0.185,685.9578754578754
nhsn,2024-2025,Colorado,late_oct_apr,Late Oct-Apr,2025-01,0.1342734183206189,0.12874893067450519,0.185,526.4120879120878
nhsn,2024-2025,Colorado,late_oct_apr,Late Oct-Apr,2025-02,0.11678142213357871,0.11309368775841012,0.185,283.49633699633694
nhsn,2024-2025,Colorado,late_oct_apr,Late Oct-Apr,2025-03,0.1025953556765278,0.09880941809300102,0.185,124.94322344322345
nhsn,2024-2025,Colorado,late_oct_apr,Late Oct-Apr,2025-04,0.09370798616103522,0.0738209260263453,0.12300921333333335,29.701465201465204
nhsn,2024-2025,Colorado,late_oct_apr,Late Oct-Apr,2025-05,0.0,0.0,0.0,4.706959706959706
nhsn,2024-2025,Colorado,late_oct_apr,Late Oct-Apr,2025-06,0.0,0.0,0.0,0.10256410256410256
nhsn,2024-2025,Connecticut,baseline_oct_mar,Baseline Oct-Mar,2024-02,0.0,0.0,0.0,2.163003663003663
nhsn,2024-2025,Connecticut,baseline_oct_mar,Baseline Oct-Mar,2024-03,0.0,0.029139949092651815,0.03425483870967742,21.10622710622711
nhsn,2024-2025,Connecticut,baseline_oct_mar,Baseline Oct-Mar,2024-04,0.1443108987021562,0.1444450601406868,0.18499999999999991,74.6025641025641
nhsn,2024-2025,Connecticut,baseline_oct_mar,Baseline Oct-Mar,2024-05,0.13438193215582175,0.13397977524321955,0.18499999999999997,156.18681318681317
nhsn,2024-2025,Connecticut,baseline_oct_mar,Baseline Oct-Mar,2024-06,0.1469207445301671,0.14631804440087542,0.18499999999999991,177.05677655677653
nhsn,2024-2025,Connecticut,baseline_oct_mar,Baseline Oct-Mar,2024-07,0.1372478652293968,0.1368133016421085,0.18499999999999997,194.40109890109886
nhsn,2024-2025,Connecticut,baseline_oct_mar,Baseline Oct-Mar,2024-08,0.1490836394405594,0.14787192236737712,0.18499999999999997,200.1135531135531
nhsn,2024-2025,Connecticut,baseline_oct_mar,Baseline Oct-Mar,2024-09,0.1493279644076396,0.1491121007138153,0.18499999999999991,195.22893772893778
nhsn,2024-2025,Connecticut,baseline_oct_mar,Baseline Oct-Mar,2024-10,0.1467888079744316,0.14571398361314494,0.185,200.33516483516485
nhsn,2024-2025,Connecticut,baseline_oct_mar,Baseline Oct-Mar,2024-11,0.1443162343848744,0.1376440610691293,0.18499999999999997,175.72893772893775
nhsn,2024-2025,Connecticut,baseline_oct_mar,Baseline Oct-Mar,2024-12,0.11670447518535836,0.11130209175203645,0.185,124.48717948717949
nhsn,2024-2025,Connecticut,baseline_oct_mar,Baseline Oct-Mar,2025-01,0.11655088304911462,0.11324458299941086,0.185,45.28388278388279
nhsn,2024-2025,Connecticut,baseline_oct_mar,Baseline Oct-Mar,2025-02,0.11892589735819735,0.1157444294031528,0.185,18.117216117216117
nhsn,2024-2025,Connecticut,baseline_oct_mar,Baseline Oct-Mar,2025-03,0.09712529230769232,0.0819845795621197,0.12500891612903228,8.965201465201464
nhsn,2024-2025,Connecticut,baseline_oct_mar,Baseline Oct-Mar,2025-04,0.0,0.0,0.0,3.02014652014652
nhsn,2024-2025,Connecticut,baseline_oct_mar,Baseline Oct-Mar,2025-05,0.0,0.0,0.0,1.3827838827838828
nhsn,2024-2025,Connecticut,baseline_oct_mar,Baseline Oct-Mar,2025-06,0.0,0.0,0.0,0.33333333333333337
nhsn,2024-2025,Connecticut,early_sep_mar,Early Sep-Mar,2024-02,0.0,0.0474183787448443,0.04108541666666665,2.163003663003663
nhsn,2024-2025,Connecticut,early_sep_mar,Early Sep-Mar,2024-03,0.15306319615013964,0.15049727267319224,0.1814790322580645,21.10622710622711
nhsn,2024-2025,Connecticut,early_sep_mar,Early Sep-Mar,2024-04,0.1485287502819761,0.1472040737548346,0.18499999999999991,74.6025641025641
nhsn,2024-2025,Connecticut,early_sep_mar,Early Sep-Mar,2024-05,0.14903015209731046,0.14896398105214828,0.18499999999999997,156.18681318681317
nhsn,2024-2025,Connecticut,early_sep_mar,Early Sep-Mar,2024-06,0.1481500113206033,0.14770198733183443,0.18499999999999991,177.05677655677653
nhsn,2024-2025,Connecticut,early_sep_mar,Early Sep-Mar,2024-07,0.14845948794280348,0.1484258495883283,0.18499999999999997,194.40109890109886
nhsn,2024-2025,Connecticut,early_sep_mar,Early Sep-Mar,2024-08,0.14746879954775763,0.1474081179467738,0.18499999999999997,200.1135531135531
nhsn,2024-2025,Connecticut,early_sep_mar,Early Sep-Mar,2024-09,0.14784475101624212,0.14783831623903843,0.18499999999999997,195.22893772893775
nhsn,2024-2025,Connecticut,early_sep_mar,Early Sep-Mar,2024-10,0.1467888079744316,0.14571398361314494,0.185,200.33516483516485
nhsn,2024-2025,Connecticut,early_sep_mar,Early Sep-Mar,2024-11,0.1443162343848744,0.1376440610691293,0.18499999999999997,175.72893772893775
nhsn,2024-2025,Connecticut,early_sep_mar,Early Sep-Mar,2024-12,0.11670447518535836,0.11130209175203645,0.185,124.48717948717949
nhsn,2024-2025,Connecticut,early_sep_mar,Early Sep-Mar,2025-01,0.11655088304911462,0.11324458299941086,0.185,45.28388278388279
nhsn,2024-2025,Connecticut,early_sep_mar,Early Sep-Mar,2025-02,0.11892589735819735,0.1157444294031528,0.185,18.117216117216117
nhsn,2024-2025,Connecticut,early_sep_mar,Early Sep-Mar,2025-03,0.09712529230769232,0.0819845795621197,0.12500891612903228,8.965201465201464
nhsn,2024-2025,Connecticut,early_sep_mar,Early Sep-Mar,2025-04,0.0,0.0,0.0,3.02014652014652
nhsn,2024-2025,Connecticut,early_sep_mar,Early Sep-Mar,2025-05,0.0,0.0,0.0,1.3827838827838828
nhsn,2024-2025,Connecticut,early_sep_mar,Early Sep-Mar,2025-06,0.0,0.0,0.0,0.33333333333333337
nhsn,2024-2025,Connecticut,extended_sep_apr,Extended Sep-Apr,2024-02,0.0,0.0474183787448443,0.04108541666666665,2.163003663003663
nhsn,2024-2025,Connecticut,extended_sep_apr,Extended Sep-Apr,2024-03,0.15306319615013964,0.15049727267319224,0.1814790322580645,21.10622710622711
nhsn,2024-2025,Connecticut,extended_sep_apr,Extended Sep-Apr,2024-04,0.1485287502819761,0.1472040737548346,0.18499999999999991,74.6025641025641
nhsn,2024-2025,Connecticut,extended_sep_apr,Extended Sep-Apr,2024-05,0.14903015209731046,0.14896398105214828,0.18499999999999997,156.18681318681317
nhsn,2024-2025,Connecticut,extended_sep_apr,Extended Sep-Apr,2024-06,0.1481500113206033,0.14770198733183443,0.18499999999999991,177.05677655677653
nhsn,2024-2025,Connecticut,extended_sep_apr,Extended Sep-Apr,2024-07,0.14845948794280348,0.1484258495883283,0.18499999999999997,194.40109890109886
nhsn,2024-2025,Connecticut,extended_sep_apr,Extended Sep-Apr,2024-08,0.14746879954775763,0.1474081179467738,0.18499999999999997,200.1135531135531
nhsn,2024-2025,Connecticut,extended_sep_apr,Extended Sep-Apr,2024-09,0.14784475101624212,0.14783831623903843,0.18499999999999997,195.22893772893775
nhsn,2024-2025,Connecticut,extended_sep_apr,Extended Sep-Apr,2024-10,0.1467888079744316,0.14571398361314494,0.185,200.33516483516485
nhsn,2024-2025,Connecticut,extended_sep_apr,Extended Sep-Apr,2024-11,0.1443162343848744,0.1376440610691293,0.18499999999999997,175.72893772893775
nhsn,2024-2025,Connecticut,extended_sep_apr,Extended Sep-Apr,2024-12,0.11670447518535836,0.11130209175203645,0.185,124.48717948717949
nhsn,2024-2025,Connecticut,extended_sep_apr,Extended Sep-Apr,2025-01,0.11655088304911462,0.11324458299941086,0.185,45.28388278388279
nhsn,2024-2025,Connecticut,extended_sep_apr,Extended Sep-Apr,2025-02,0.11892589735819735,0.1157444294031528,0.185,18.117216117216117
nhsn,2024-2025,Connecticut,extended_sep_apr,Extended Sep-Apr,2025-03,0.10729156163544484,0.10649756543557505,0.185,8.965201465201464
nhsn,2024-2025,Connecticut,extended_sep_apr,Extended Sep-Apr,2025-04,0.10342738508158508,0.08192200671989991,0.12300921333333335,3.02014652014652
nhsn,2024-2025,Connecticut,extended_sep_apr,Extended Sep-Apr,2025-05,0.0,0.0,0.0,1.3827838827838828
nhsn,2024-2025,Connecticut,extended_sep_apr,Extended Sep-Apr,2025-06,0.0,0.0,0.0,0.33333333333333337
nhsn,2024-2025,Connecticut,late_oct_apr,Late Oct-Apr,2024-02,0.0,0.0,0.0,2.163003663003663
nhsn,2024-2025,Connecticut,late_oct_apr,Late Oct-Apr,2024-03,0.0,0.029139949092651815,0.03425483870967742,21.10622710622711
nhsn,2024-2025,Connecticut,late_oct_apr,Late Oct-Apr,2024-04,0.1443108987021562,0.1444450601406868,0.18499999999999991,74.6025641025641
nhsn,2024-2025,Connecticut,late_oct_apr,Late Oct-Apr,2024-05,0.13438193215582175,0.13397977524321955,0.18499999999999997,156.18681318681317
nhsn,2024-2025,Connecticut,late_oct_apr,Late Oct-Apr,2024-06,0.1469207445301671,0.14631804440087542,0.18499999999999991,177.05677655677653
nhsn,2024-2025,Connecticut,late_oct_apr,Late Oct-Apr,2024-07,0.1372478652293968,0.1368133016421085,0.18499999999999997,194.40109890109886
nhsn,2024-2025,Connecticut,late_oct_apr,Late Oct-Apr,2024-08,0.1490836394405594,0.14787192236737712,0.18499999999999997,200.1135531135531
nhsn,2024-2025,Connecticut,late_oct_apr,Late Oct-Apr,2024-09,0.1493279644076396,0.1491121007138153,0.18499999999999991,195.22893772893778
nhsn,2024-2025,Connecticut,late_oct_apr,Late Oct-Apr,2024-10,0.1467888079744316,0.14571398361314494,0.185,200.33516483516485
nhsn,2024-2025,Connecticut,late_oct_apr,Late Oct-Apr,2024-11,0.1443162343848744,0.1376440610691293,0.18499999999999997,175.72893772893775
nhsn,2024-2025,Connecticut,late_oct_apr,Late Oct-Apr,2024-12,0.11670447518535836,0.11130209175203645,0.185,124.48717948717949
nhsn,2024-2025,Connecticut,late_oct_apr,Late Oct-Apr,2025-01,0.11655088304911462,0.11324458299941086,0.185,45.28388278388279
nhsn,2024-2025,Connecticut,late_oct_apr,Late Oct-Apr,2025-02,0.11892589735819735,0.1157444294031528,0.185,18.117216117216117
nhsn,2024-2025,Connecticut,late_oct_apr,Late Oct-Apr,2025-03,0.10729156163544484,0.10649756543557505,0.185,8.965201465201464
nhsn,2024-2025,Connecticut,late_oct_apr,Late Oct-Apr,2025-04,0.10342738508158508,0.08192200671989991,0.12300921333333335,3.02014652014652
nhsn,2024-2025,Connecticut,late_oct_apr,Late Oct-Apr,2025-05,0.0,0.0,0.0,1.3827838827838828
nhsn,2024-2025,Connecticut,late_oct_apr,Late Oct-Apr,2025-06,0.0,0.0,0.0,0.33333333333333337
nhsn,2024-2025,Delaware,baseline_oct_mar,Baseline Oct-Mar,2024-02,,,0.0,0.0
nhsn,2024-2025,Delaware,baseline_oct_mar,Baseline Oct-Mar,2024-03,0.0,0.03271516098567396,0.03425483870967742,13.269230769230766
nhsn,2024-2025,Delaware,baseline_oct_mar,Baseline Oct-Mar,2024-04,0.1526850628815629,0.15281465763060512,0.18499999999999991,76.48717948717947
nhsn,2024-2025,Delaware,baseline_oct_mar,Baseline Oct-Mar,2024-05,0.14341521183998926,0.14060517671965395,0.18499999999999997,161.28937728937728
nhsn,2024-2025,Delaware,baseline_oct_mar,Baseline Oct-Mar,2024-06,0.15043489491924003,0.15033561773726992,0.18499999999999991,178.97985347985346
nhsn,2024-2025,Delaware,baseline_oct_mar,Baseline Oct-Mar,2024-07,0.14431605170206385,0.14183126696721612,0.18499999999999997,196.29304029304035
nhsn,2024-2025,Delaware,baseline_oct_mar,Baseline Oct-Mar,2024-08,0.14994166628616104,0.15015337398294787,0.18499999999999997,203.69597069597071
nhsn,2024-2025,Delaware,baseline_oct_mar,Baseline Oct-Mar,2024-09,0.14877515667385338,0.14896544019789196,0.18499999999999991,199.44688644688645
nhsn,2024-2025,Delaware,baseline_oct_mar,Baseline Oct-Mar,2024-10,0.14893564592004555,0.14816164980000526,0.185,207.5641025641026
nhsn,2024-2025,Delaware,baseline_oct_mar,Baseline Oct-Mar,2024-11,0.1426182979555941,0.13604613608265692,0.18499999999999997,187.88461538461542
nhsn,2024-2025,Delaware,baseline_oct_mar,Baseline Oct-Mar,2024-12,0.11186348686187336,0.10855854592279325,0.185,127.16666666666666
nhsn,2024-2025,Delaware,baseline_oct_mar,Baseline Oct-Mar,2025-01,0.11957703045136682,0.11750425075149074,0.185,45.027472527472526
nhsn,2024-2025,Delaware,baseline_oct_mar,Baseline Oct-Mar,2025-02,0.12733714410079713,0.12267665986000843,0.185,20.653846153846157
nhsn,2024-2025,Delaware,baseline_oct_mar,Baseline Oct-Mar,2025-03,0.10812341068885865,0.08535936265271639,0.12500891612903228,11.904761904761907
nhsn,2024-2025,Delaware,baseline_oct_mar,Baseline Oct-Mar,2025-04,0.0,0.0,0.0,4.2234432234432235
nhsn,2024-2025,Delaware,baseline_oct_mar,Baseline Oct-Mar,2025-05,0.0,0.0,0.0,1.8315018315018312
nhsn,2024-2025,Delaware,baseline_oct_mar,Baseline Oct-Mar,2025-06,0.0,0.0,0.0,0.33333333333333337
nhsn,2024-2025,Delaware,early_sep_mar,Early Sep-Mar,2024-02,,,0.04108541666666665,0.0
nhsn,2024-2025,Delaware,early_sep_mar,Early Sep-Mar,2024-03,0.1495150494423609,0.1505649765874086,0.1814790322580645,13.269230769230766
nhsn,2024-2025,Delaware,early_sep_mar,Early Sep-Mar,2024-04,0.152541205330901,0.1526987088811397,0.18499999999999991,76.48717948717947
nhsn,2024-2025,Delaware,early_sep_mar,Early Sep-Mar,2024-05,0.1485248388866036,0.1487586320150851,0.18499999999999997,161.28937728937728
nhsn,2024-2025,Delaware,early_sep_mar,Early Sep-Mar,2024-06,0.150212289937377,0.1502108361483388,0.18499999999999991,178.97985347985346
nhsn,2024-2025,Delaware,early_sep_mar,Early Sep-Mar,2024-07,0.14823422082415852,0.14831524675913813,0.18499999999999997,196.29304029304035
nhsn,2024-2025,Delaware,early_sep_mar,Early Sep-Mar,2024-08,0.14719939431245865,0.14680268366296872,0.18499999999999997,203.69597069597071
nhsn,2024-2025,Delaware,early_sep_mar,Early Sep-Mar,2024-09,0.14739793042746152,0.14737042334029135,0.18499999999999997,199.44688644688645
nhsn,2024-2025,Delaware,early_sep_mar,Early Sep-Mar,2024-10,0.14893564592004555,0.14816164980000526,0.185,207.5641025641026
nhsn,2024-2025,Delaware,early_sep_mar,Early Sep-Mar,2024-11,0.1426182979555941,0.13604613608265692,0.18499999999999997,187.88461538461542
nhsn,2024-2025,Delaware,early_sep_mar,Early Sep-Mar,2024-12,0.11186348686187336,0.10855854592279325,0.185,127.16666666666666
nhsn,2024-2025,Delaware,early_sep_mar,Early Sep-Mar,2025-01,0.11957703045136682,0.11750425075149074,0.185,45.027472527472526
nhsn,2024-2025,Delaware,early_sep_mar,Early Sep-Mar,2025-02,0.12733714410079713,0.12267665986000843,0.185,20.653846153846157
nhsn,2024-2025,Delaware,early_sep_mar,Early Sep-Mar,2025-03,0.10812341068885865,0.08535936265271639,0.12500891612903228,11.904761904761907
nhsn,2024-2025,Delaware,early_sep_mar,Early Sep-Mar,2025-04,0.0,0.0,0.0,4.2234432234432235
nhsn,2024-2025,Delaware,early_sep_mar,Early Sep-Mar,2025-05,0.0,0.0,0.0,1.8315018315018312
nhsn,2024-2025,Delaware,early_sep_mar,Early Sep-Mar,2025-06,0.0,0.0,0.0,0.33333333333333337
nhsn,2024-2025,Delaware,extended_sep_apr,Extended Sep-Apr,2024-02,,,0.04108541666666665,0.0
nhsn,2024-2025,Delaware,extended_sep_apr,Extended Sep-Apr,2024-03,0.1495150494423609,0.1505649765874086,0.1814790322580645,13.269230769230766
nhsn,2024-2025,Delaware,extended_sep_apr,Extended Sep-Apr,2024-04,0.152541205330901,0.1526987088811397,0.18499999999999991,76.48717948717947
nhsn,2024-2025,Delaware,extended_sep_apr,Extended Sep-Apr,2024-05,0.1485248388866036,0.1487586320150851,0.18499999999999997,161.28937728937728
nhsn,2024-2025,Delaware,extended_sep_apr,Extended Sep-Apr,2024-06,0.150212289937377,0.1502108361483388,0.18499999999999991,178.97985347985346
nhsn,2024-2025,Delaware,extended_sep_apr,Extended Sep-Apr,2024-07,0.14823422082415852,0.14831524675913813,0.18499999999999997,196.29304029304035
nhsn,2024-2025,Delaware,extended_sep_apr,Extended Sep-Apr,2024-08,0.14719939431245865,0.14680268366296872,0.18499999999999997,203.69597069597071
nhsn,2024-2025,Delaware,extended_sep_apr,Extended Sep-Apr,2024-09,0.14739793042746152,0.14737042334029135,0.18499999999999997,199.44688644688645
nhsn,2024-2025,Delaware,extended_sep_apr,Extended Sep-Apr,2024-10,0.14893564592004555,0.14816164980000526,0.185,207.5641025641026
nhsn,2024-2025,Delaware,extended_sep_apr,Extended Sep-Apr,2024-11,0.1426182979555941,0.13604613608265692,0.18499999999999997,187.88461538461542
nhsn,2024-2025,Delaware,extended_sep_apr,Extended Sep-Apr,2024-12,0.11186348686187336,0.10855854592279325,0.185,127.16666666666666
nhsn,2024-2025,Delaware,extended_sep_apr,Extended Sep-Apr,2025-01,0.11957703045136682,0.11750425075149074,0.185,45.027472527472526
nhsn,2024-2025,Delaware,extended_sep_apr,Extended Sep-Apr,2025-02,0.12733714410079713,0.12267665986000843,0.185,20.653846153846157
nhsn,2024-2025,Delaware,extended_sep_apr,Extended Sep-Apr,2025-03,0.11543593515951506,0.11001556686371355,0.185,11.904761904761907
nhsn,2024-2025,Delaware,extended_sep_apr,Extended Sep-Apr,2025-04,0.09732680002453686,0.08081004865546836,0.12300921333333335,4.2234432234432235
nhsn,2024-2025,Delaware,extended_sep_apr,Extended Sep-Apr,2025-05,0.0,0.0,0.0,1.8315018315018312
nhsn,2024-2025,Delaware,extended_sep_apr,Extended Sep-Apr,2025-06,0.0,0.0,0.0,0.33333333333333337
nhsn,2024-2025,Delaware,late_oct_apr,Late Oct-Apr,2024-02,,,0.0,0.0
nhsn,2024-2025,Delaware,late_oct_apr,Late Oct-Apr,2024-03,0.0,0.03271516098567396,0.03425483870967742,13.269230769230766
nhsn,2024-2025,Delaware,late_oct_apr,Late Oct-Apr,2024-04,0.1526850628815629,0.15281465763060512,0.18499999999999991,76.48717948717947
nhsn,2024-2025,Delaware,late_oct_apr,Late Oct-Apr,2024-05,0.14341521183998926,0.14060517671965395,0.18499999999999997,161.28937728937728
nhsn,2024-2025,Delaware,late_oct_apr,Late Oct-Apr,2024-06,0.15043489491924003,0.15033561773726992,0.18499999999999991,178.97985347985346
nhsn,2024-2025,Delaware,late_oct_apr,Late Oct-Apr,2024-07,0.14431605170206385,0.14183126696721612,0.18499999999999997,196.29304029304035
nhsn,2024-2025,Delaware,late_oct_apr,Late Oct-Apr,2024-08,0.14994166628616104,0.15015337398294787,0.18499999999999997,203.69597069597071
nhsn,2024-2025,Delaware,late_oct_apr,Late Oct-Apr,2024-09,0.14877515667385338,0.14896544019789196,0.18499999999999991,199.44688644688645
nhsn,2024-2025,Delaware,late_oct_apr,Late Oct-Apr,2024-10,0.14893564592004555,0.14816164980000526,0.185,207.5641025641026
nhsn,2024-2025,Delaware,late_oct_apr,Late Oct-Apr,2024-11,0.1426182979555941,0.13604613608265692,0.18499999999999997,187.88461538461542
nhsn,2024-2025,Delaware,late_oct_apr,Late Oct-Apr,2024-12,0.11186348686187336,0.10855854592279325,0.185,127.16666666666666
nhsn,2024-2025,Delaware,late_oct_apr,Late Oct-Apr,2025-01,0.11957703045136682,0.11750425075149074,0.185,45.027472527472526
nhsn,2024-2025,Delaware,late_oct_apr,Late Oct-Apr,2025-02,0.12733714410079713,0.12267665986000843,0.185,20.653846153846157
nhsn,2024-2025,Delaware,late_oct_apr,Late Oct-Apr,2025-03,0.11543593515951506,0.11001556686371355,0.185,11.904761904761907
nhsn,2024-2025,Delaware,late_oct_apr,Late Oct-Apr,2025-04,0.09732680002453686,0.08081004865546836,0.12300921333333335,4.2234432234432235
nhsn,2024-2025,Delaware,late_oct_apr,Late Oct-Apr,2025-05,0.0,0.0,0.0,1.8315018315018312
nhsn,2024-2025,Delaware,late_oct_apr,Late Oct-Apr,2025-06,0.0,0.0,0.0,0.33333333333333337
nhsn,2024-2025,District of Columbia,baseline_oct_mar,Baseline Oct-Mar,2024-02,,,0.0,0.0
nhsn,2024-2025,District of Columbia,baseline_oct_mar,Baseline Oct-Mar,2024-03,,,0.03425483870967742,0.0
nhsn,2024-2025,District of Columbia,baseline_oct_mar,Baseline Oct-Mar,2024-04,,,0.18499999999999991,0.0
nhsn,2024-2025,District of Columbia,baseline_oct_mar,Baseline Oct-Mar,2024-05,,,0.18499999999999997,0.0
nhsn,2024-2025,District of Columbia,baseline_oct_mar,Baseline Oct-Mar,2024-06,0.1478901598746081,0.14794581765394232,0.18499999999999991,1.6666666666666665
nhsn,2024-2025,District of Columbia,baseline_oct_mar,Baseline Oct-Mar,2024-07,0.1482455454545455,0.14813618063334544,0.18499999999999997,5.512820512820511
nhsn,2024-2025,District of Columbia,baseline_oct_mar,Baseline Oct-Mar,2024-08,0.14764009090909092,0.14761584022230295,0.18499999999999997,5.679487179487179
nhsn,2024-2025,District of Columbia,baseline_oct_mar,Baseline Oct-Mar,2024-09,0.1473952181818182,0.1474199543636364,0.18499999999999991,5.76923076923077
nhsn,2024-2025,District of Columbia,baseline_oct_mar,Baseline Oct-Mar,2024-10,0.14775849090909088,0.14775955166545454,0.185,5.961538461538463
nhsn,2024-2025,District of Columbia,baseline_oct_mar,Baseline Oct-Mar,2024-11,0.14836394545454545,0.14837519247112008,0.18499999999999997,5.76923076923077
nhsn,2024-2025,District of Columbia,baseline_oct_mar,Baseline Oct-Mar,2024-12,0.1489895818181818,0.15006756064663218,0.185,5.961538461538463
nhsn,2024-2025,District of Columbia,baseline_oct_mar,Baseline Oct-Mar,2025-01,0.15780432234432237,0.14857594058208,0.185,5.961538461538463
nhsn,2024-2025,District of Columbia,baseline_oct_mar,Baseline Oct-Mar,2025-02,0.06764777272727272,0.08008167544457002,0.185,3.8827838827838828
nhsn,2024-2025,District of Columbia,baseline_oct_mar,Baseline Oct-Mar,2025-03,0.1193593550893551,0.09387103961833825,0.12500891612903228,0.46336996336996333
nhsn,2024-2025,District of Columbia,baseline_oct_mar,Baseline Oct-Mar,2025-04,0.0,0.0,0.0,0.2948717948717948
nhsn,2024-2025,District of Columbia,baseline_oct_mar,Baseline Oct-Mar,2025-05,,,0.0,0.0
nhsn,2024-2025,District of Columbia,baseline_oct_mar,Baseline Oct-Mar,2025-06,,,0.0,0.0
nhsn,2024-2025,District of Columbia,early_sep_mar,Early Sep-Mar,2024-02,,,0.04108541666666665,0.0
nhsn,2024-2025,District of Columbia,early_sep_mar,Early Sep-Mar,2024-03,,,0.1814790322580645,0.0
nhsn,2024-2025,District of Columbia,early_sep_mar,Early Sep-Mar,2024-04,,,0.18499999999999991,0.0
nhsn,2024-2025,District of Columbia,early_sep_mar,Early Sep-Mar,2024-05,,,0.18499999999999997,0.0
nhsn,2024-2025,District of Columbia,early_sep_mar,Early Sep-Mar,2024-06,0.14780154545454546,0.1476177319266696,0.18499999999999991,1.6666666666666665
nhsn,2024-2025,District of Columbia,early_sep_mar,Early Sep-Mar,2024-07,0.14703463636363637,0.14704890145445976,0.18499999999999997,5.512820512820511
nhsn,2024-2025,District of Columbia,early_sep_mar,Early Sep-Mar,2024-08,0.14675209090909092,0.14423130359011507,0.18499999999999997,5.679487179487179
nhsn,2024-2025,District of Columbia,early_sep_mar,Early Sep-Mar,2024-09,0.1415734363636364,0.14217901546936668,0.18499999999999997,5.76923076923077
nhsn,2024-2025,District of Columbia,early_sep_mar,Early Sep-Mar,2024-10,0.14775849090909088,0.14775955166545454,0.185,5.961538461538463
nhsn,2024-2025,District of Columbia,early_sep_mar,Early Sep-Mar,2024-11,0.14836394545454545,0.14837519247112008,0.18499999999999997,5.76923076923077
nhsn,2024-2025,District of Columbia,early_sep_mar,Early Sep-Mar,2024-12,0.1489895818181818,0.15006756064663218,0.185,5.961538461538463
nhsn,2024-2025,District of Columbia,early_sep_mar,Early Sep-Mar,2025-01,0.15780432234432237,0.14857594058208,0.185,5.961538461538463
nhsn,2024-2025,District of Columbia,early_sep_mar,Early Sep-Mar,2025-02,0.06764777272727272,0.08008167544457002,0.185,3.8827838827838828
nhsn,2024-2025,District of Columbia,early_sep_mar,Early Sep-Mar,2025-03,0.1193593550893551,0.09387103961833825,0.12500891612903228,0.46336996336996333
nhsn,2024-2025,District of Columbia,early_sep_mar,Early Sep-Mar,2025-04,0.0,0.0,0.0,0.2948717948717948
nhsn,2024-2025,District of Columbia,early_sep_mar,Early Sep-Mar,2025-05,,,0.0,0.0
nhsn,2024-2025,District of Columbia,early_sep_mar,Early Sep-Mar,2025-06,,,0.0,0.0
nhsn,2024-2025,District of Columbia,extended_sep_apr,Extended Sep-Apr,2024-02,,,0.04108541666666665,0.0
nhsn,2024-2025,District of Columbia,extended_sep_apr,Extended Sep-Apr,2024-03,,,0.1814790322580645,0.0
nhsn,2024-2025,District of Columbia,extended_sep_apr,Extended Sep-Apr,2024-04,,,0.18499999999999991,0.0
nhsn,2024-2025,District of Columbia,extended_sep_apr,Extended Sep-Apr,2024-05,,,0.18499999999999997,0.0
nhsn,2024-2025,District of Columbia,extended_sep_apr,Extended Sep-Apr,2024-06,0.14780154545454546,0.1476177319266696,0.18499999999999991,1.6666666666666665
nhsn,2024-2025,District of Columbia,extended_sep_apr,Extended Sep-Apr,2024-07,0.14703463636363637,0.14704890145445976,0.18499999999999997,5.512820512820511
nhsn,2024-2025,District of Columbia,extended_sep_apr,Extended Sep-Apr,2024-08,0.14675209090909092,0.14423130359011507,0.18499999999999997,5.679487179487179
nhsn,2024-2025,District of Columbia,extended_sep_apr,Extended Sep-Apr,2024-09,0.1415734363636364,0.14217901546936668,0.18499999999999997,5.76923076923077
nhsn,2024-2025,District of Columbia,extended_sep_apr,Extended Sep-Apr,2024-10,0.14775849090909088,0.14775955166545454,0.185,5.961538461538463
nhsn,2024-2025,District of Columbia,extended_sep_apr,Extended Sep-Apr,2024-11,0.14836394545454545,0.14837519247112008,0.18499999999999997,5.76923076923077
nhsn,2024-2025,District of Columbia,extended_sep_apr,Extended Sep-Apr,2024-12,0.1489895818181818,0.15006756064663218,0.185,5.961538461538463
nhsn,2024-2025,District of Columbia,extended_sep_apr,Extended Sep-Apr,2025-01,0.15780432234432237,0.14857594058208,0.185,5.961538461538463
nhsn,2024-2025,District of Columbia,extended_sep_apr,Extended Sep-Apr,2025-02,0.06764777272727272,0.08008167544457002,0.185,3.8827838827838828
nhsn,2024-2025,District of Columbia,extended_sep_apr,Extended Sep-Apr,2025-03,0.15602615384615387,0.1401383375450424,0.185,0.46336996336996333
nhsn,2024-2025,District of Columbia,extended_sep_apr,Extended Sep-Apr,2025-04,0.04122857142857143,0.07136994072709216,0.12300921333333335,0.2948717948717948
nhsn,2024-2025,District of Columbia,extended_sep_apr,Extended Sep-Apr,2025-05,,,0.0,0.0
nhsn,2024-2025,District of Columbia,extended_sep_apr,Extended Sep-Apr,2025-06,,,0.0,0.0
nhsn,2024-2025,District of Columbia,late_oct_apr,Late Oct-Apr,2024-02,,,0.0,0.0
nhsn,2024-2025,District of Columbia,late_oct_apr,Late Oct-Apr,2024-03,,,0.03425483870967742,0.0
nhsn,2024-2025,District of Columbia,late_oct_apr,Late Oct-Apr,2024-04,,,0.18499999999999991,0.0
nhsn,2024-2025,District of Columbia,late_oct_apr,Late Oct-Apr,2024-05,,,0.18499999999999997,0.0
nhsn,2024-2025,District of Columbia,late_oct_apr,Late Oct-Apr,2024-06,0.1478901598746081,0.14794581765394232,0.18499999999999991,1.6666666666666665
nhsn,2024-2025,District of Columbia,late_oct_apr,Late Oct-Apr,2024-07,0.1482455454545455,0.14813618063334544,0.18499999999999997,5.512820512820511
nhsn,2024-2025,District of Columbia,late_oct_apr,Late Oct-Apr,2024-08,0.14764009090909092,0.14761584022230295,0.18499999999999997,5.679487179487179
nhsn,2024-2025,District of Columbia,late_oct_apr,Late Oct-Apr,2024-09,0.1473952181818182,0.1474199543636364,0.18499999999999991,5.76923076923077
nhsn,2024-2025,District of Columbia,late_oct_apr,Late Oct-Apr,2024-10,0.14775849090909088,0.14775955166545454,0.185,5.961538461538463
nhsn,2024-2025,District of Columbia,late_oct_apr,Late Oct-Apr,2024-11,0.14836394545454545,0.14837519247112008,0.18499999999999997,5.76923076923077
nhsn,2024-2025,District of Columbia,late_oct_apr,Late Oct-Apr,2024-12,0.1489895818181818,0.15006756064663218,0.185,5.961538461538463
nhsn,2024-2025,District of Columbia,late_oct_apr,Late Oct-Apr,2025-01,0.15780432234432237,0.14857594058208,0.185,5.961538461538463
nhsn,2024-2025,District of Columbia,late_oct_apr,Late Oct-Apr,2025-02,0.06764777272727272,0.08008167544457002,0.185,3.8827838827838828
nhsn,2024-2025,District of Columbia,late_oct_apr,Late Oct-Apr,2025-03,0.15602615384615387,0.1401383375450424,0.185,0.46336996336996333
nhsn,2024-2025,District of Columbia,late_oct_apr,Late Oct-Apr,2025-04,0.04122857142857143,0.07136994072709216,0.12300921333333335,0.2948717948717948
nhsn,2024-2025,District of Columbia,late_oct_apr,Late Oct-Apr,2025-05,,,0.0,0.0
nhsn,2024-2025,District of Columbia,late_oct_apr,Late Oct-Apr,2025-06,,,0.0,0.0
nhsn,2024-2025,Florida,baseline_oct_mar,Baseline Oct-Mar,2024-02,0.0,0.0,0.0,12.714285714285714
nhsn,2024-2025,Florida,baseline_oct_mar,Baseline Oct-Mar,2024-03,0.0,0.02866765551262703,0.03425483870967742,212.3754578754578
nhsn,2024-2025,Florida,baseline_oct_mar,Baseline Oct-Mar,2024-04,0.1507276890609174,0.146238619216096,0.18499999999999991,567.4322344322344
nhsn,2024-2025,Florida,baseline_oct_mar,Baseline Oct-Mar,2024-05,0.11270994099167209,0.11733999521938429,0.18499999999999997,887.0054945054944
nhsn,2024-2025,Florida,baseline_oct_mar,Baseline Oct-Mar,2024-06,0.14981957191507478,0.14682278583091515,0.18499999999999991,1020.3571428571429
nhsn,2024-2025,Florida,baseline_oct_mar,Baseline Oct-Mar,2024-07,0.12277561257188382,0.12489412869964679,0.18499999999999997,1174.7179487179487
nhsn,2024-2025,Florida,baseline_oct_mar,Baseline Oct-Mar,2024-08,0.14951909507431427,0.1492254841279799,0.18499999999999997,1256.3223443223442
nhsn,2024-2025,Florida,baseline_oct_mar,Baseline Oct-Mar,2024-09,0.14804561263595184,0.14746144931815658,0.18499999999999991,1271.4468864468863
nhsn,2024-2025,Florida,baseline_oct_mar,Baseline Oct-Mar,2024-10,0.14325176488068947,0.1402939913290565,0.185,1353.6556776556777
nhsn,2024-2025,Florida,baseline_oct_mar,Baseline Oct-Mar,2024-11,0.13564074278693272,0.13088143762941987,0.18499999999999997,1131.0750915750916
nhsn,2024-2025,Florida,baseline_oct_mar,Baseline Oct-Mar,2024-12,0.1307867749736357,0.12728161277314948,0.185,794.5622710622711
nhsn,2024-2025,Florida,baseline_oct_mar,Baseline Oct-Mar,2025-01,0.1338115065429893,0.13022110746751656,0.185,492.47985347985343
nhsn,2024-2025,Florida,baseline_oct_mar,Baseline Oct-Mar,2025-02,0.13455537077499466,0.12969370332513713,0.185,299.8901098901099
nhsn,2024-2025,Florida,baseline_oct_mar,Baseline Oct-Mar,2025-03,0.12840771263924633,0.09169270589722493,0.12500891612903228,215.3882783882784
nhsn,2024-2025,Florida,baseline_oct_mar,Baseline Oct-Mar,2025-04,0.0,0.0,0.0,129.09157509157507
nhsn,2024-2025,Florida,baseline_oct_mar,Baseline Oct-Mar,2025-05,0.0,0.0,0.0,75.51098901098902
nhsn,2024-2025,Florida,baseline_oct_mar,Baseline Oct-Mar,2025-06,0.0,0.0,0.0,20.282051282051285
nhsn,2024-2025,Florida,early_sep_mar,Early Sep-Mar,2024-02,0.0,0.03390232958387578,0.04108541666666665,12.714285714285714
nhsn,2024-2025,Florida,early_sep_mar,Early Sep-Mar,2024-03,0.1516365174587009,0.14929794336013485,0.1814790322580645,212.3754578754578
nhsn,2024-2025,Florida,early_sep_mar,Early Sep-Mar,2024-04,0.1507276890609174,0.15027751827494923,0.18499999999999991,567.4322344322344
nhsn,2024-2025,Florida,early_sep_mar,Early Sep-Mar,2024-05,0.14924352336314498,0.14934001082367301,0.18499999999999997,887.0054945054944
nhsn,2024-2025,Florida,early_sep_mar,Early Sep-Mar,2024-06,0.14981957191507478,0.149329650865739,0.18499999999999991,1020.3571428571429
nhsn,2024-2025,Florida,early_sep_mar,Early Sep-Mar,2024-07,0.14850823991993797,0.14854486091023855,0.18499999999999997,1174.7179487179487
nhsn,2024-2025,Florida,early_sep_mar,Early Sep-Mar,2024-08,0.14661400403523583,0.14568233992488502,0.18499999999999997,1256.3223443223442
nhsn,2024-2025,Florida,early_sep_mar,Early Sep-Mar,2024-09,0.14337378738491788,0.14381490114865425,0.18499999999999997,1271.4468864468865
nhsn,2024-2025,Florida,early_sep_mar,Early Sep-Mar,2024-10,0.14325176488068947,0.1402939913290565,0.185,1353.6556776556777
nhsn,2024-2025,Florida,early_sep_mar,Early Sep-Mar,2024-11,0.13564074278693272,0.13088143762941987,0.18499999999999997,1131.0750915750916
nhsn,2024-2025,Florida,early_sep_mar,Early Sep-Mar,2024-12,0.1307867749736357,0.12728161277314948,0.185,794.5622710622711
nhsn,2024-2025,Florida,early_sep_mar,Early Sep-Mar,2025-01,0.1338115065429893,0.13022110746751656,0.185,492.47985347985343
nhsn,2024-2025,Florida,early_sep_mar,Early Sep-Mar,2025-02,0.13455537077499466,0.12969370332513713,0.185,299.8901098901099
nhsn,2024-2025,Florida,early_sep_mar,Early Sep-Mar,2025-03,0.12840771263924633,0.09169270589722493,0.12500891612903228,215.3882783882784
nhsn,2024-2025,Florida,early_sep_mar,Early Sep-Mar,2025-04,0.0,0.0,0.0,129.09157509157507
nhsn,2024-2025,Florida,early_sep_mar,Early Sep-Mar,2025-05,0.0,0.0,0.0,75.51098901098902
nhsn,2024-2025,Florida,early_sep_mar,Early Sep-Mar,2025-06,0.0,0.0,0.0,20.282051282051285
nhsn,2024-2025,Florida,extended_sep_apr,Extended Sep-Apr,2024-02,0.0,0.03390232958387578,0.04108541666666665,12.714285714285714
nhsn,2024-2025,Florida,extended_sep_apr,Extended Sep-Apr,2024-03,0.1516365174587009,0.14929794336013485,0.1814790322580645,212.3754578754578
nhsn,2024-2025,Florida,extended_sep_apr,Extended Sep-Apr,2024-04,0.1507276890609174,0.15027751827494923,0.18499999999999991,567.4322344322344
nhsn,2024-2025,Florida,extended_sep_apr,Extended Sep-Apr,2024-05,0.14924352336314498,0.14934001082367301,0.18499999999999997,887.0054945054944
nhsn,2024-2025,Florida,extended_sep_apr,Extended Sep-Apr,2024-06,0.14981957191507478,0.149329650865739,0.18499999999999991,1020.3571428571429
nhsn,2024-2025,Florida,extended_sep_apr,Extended Sep-Apr,2024-07,0.14850823991993797,0.14854486091023855,0.18499999999999997,1174.7179487179487
nhsn,2024-2025,Florida,extended_sep_apr,Extended Sep-Apr,2024-08,0.14661400403523583,0.14568233992488502,0.18499999999999997,1256.3223443223442
nhsn,2024-2025,Florida,extended_sep_apr,Extended Sep-Apr,2024-09,0.14337378738491788,0.14381490114865425,0.18499999999999997,1271.4468864468865
nhsn,2024-2025,Florida,extended_sep_apr,Extended Sep-Apr,2024-10,0.14325176488068947,0.1402939913290565,0.185,1353.6556776556777
nhsn,2024-2025,Florida,extended_sep_apr,Extended Sep-Apr,2024-11,0.13564074278693272,0.13088143762941987,0.18499999999999997,1131.0750915750916
nhsn,2024-2025,Florida,extended_sep_apr,Extended Sep-Apr,2024-12,0.1307867749736357,0.12728161277314948,0.185,794.5622710622711
nhsn,2024-2025,Florida,extended_sep_apr,Extended Sep-Apr,2025-01,0.1338115065429893,0.13022110746751656,0.185,492.47985347985343
nhsn,2024-2025,Florida,extended_sep_apr,Extended Sep-Apr,2025-02,0.13455537077499466,0.12969370332513713,0.185,299.8901098901099
nhsn,2024-2025,Florida,extended_sep_apr,Extended Sep-Apr,2025-03,0.13065029816827833,0.12747716299804807,0.185,215.3882783882784
nhsn,2024-2025,Florida,extended_sep_apr,Extended Sep-Apr,2025-04,0.13265358376479972,0.0919350006306003,0.12300921333333335,129.0915750915751
nhsn,2024-2025,Florida,extended_sep_apr,Extended Sep-Apr,2025-05,0.0,0.0,0.0,75.51098901098902
nhsn,2024-2025,Florida,extended_sep_apr,Extended Sep-Apr,2025-06,0.0,0.0,0.0,20.282051282051285
nhsn,2024-2025,Florida,late_oct_apr,Late Oct-Apr,2024-02,0.0,0.0,0.0,12.714285714285714
nhsn,2024-2025,Florida,late_oct_apr,Late Oct-Apr,2024-03,0.0,0.02866765551262703,0.03425483870967742,212.3754578754578
nhsn,2024-2025,Florida,late_oct_apr,Late Oct-Apr,2024-04,0.1507276890609174,0.146238619216096,0.18499999999999991,567.4322344322344
nhsn,2024-2025,Florida,late_oct_apr,Late Oct-Apr,2024-05,0.11270994099167209,0.11733999521938429,0.18499999999999997,887.0054945054944
nhsn,2024-2025,Florida,late_oct_apr,Late Oct-Apr,2024-06,0.14981957191507478,0.14682278583091515,0.18499999999999991,1020.3571428571429
nhsn,2024-2025,Florida,late_oct_apr,Late Oct-Apr,2024-07,0.12277561257188382,0.12489412869964679,0.18499999999999997,1174.7179487179487
nhsn,2024-2025,Florida,late_oct_apr,Late Oct-Apr,2024-08,0.14951909507431427,0.1492254841279799,0.18499999999999997,1256.3223443223442
nhsn,2024-2025,Florida,late_oct_apr,Late Oct-Apr,2024-09,0.14804561263595184,0.14746144931815658,0.18499999999999991,1271.4468864468863
nhsn,2024-2025,Florida,late_oct_apr,Late Oct-Apr,2024-10,0.14325176488068947,0.1402939913290565,0.185,1353.6556776556777
nhsn,2024-2025,Florida,late_oct_apr,Late Oct-Apr,2024-11,0.13564074278693272,0.13088143762941987,0.18499999999999997,1131.0750915750916
nhsn,2024-2025,Florida,late_oct_apr,Late Oct-Apr,2024-12,0.1307867749736357,0.12728161277314948,0.185,794.5622710622711
nhsn,2024-2025,Florida,late_oct_apr,Late Oct-Apr,2025-01,0.1338115065429893,0.13022110746751656,0.185,492.47985347985343
nhsn,2024-2025,Florida,late_oct_apr,Late Oct-Apr,2025-02,0.13455537077499466,0.12969370332513713,0.185,299.8901098901099
nhsn,2024-2025,Florida,late_oct_apr,Late Oct-Apr,2025-03,0.13065029816827833,0.12747716299804807,0.185,215.3882783882784
nhsn,2024-2025,Florida,late_oct_apr,Late Oct-Apr,2025-04,0.13265358376479972,0.0919350006306003,0.12300921333333335,129.0915750915751
nhsn,2024-2025,Florida,late_oct_apr,Late Oct-Apr,2025-05,0.0,0.0,0.0,75.51098901098902
nhsn,2024-2025,Florida,late_oct_apr,Late Oct-Apr,2025-06,0.0,0.0,0.0,20.282051282051285
nhsn,2024-2025,Georgia,baseline_oct_mar,Baseline Oct-Mar,2024-02,0.0,0.0,0.0,1.6245421245421245
nhsn,2024-2025,Georgia,baseline_oct_mar,Baseline Oct-Mar,2024-03,0.0,0.028556850801628512,0.03425483870967742,116.97802197802196
nhsn,2024-2025,Georgia,baseline_oct_mar,Baseline Oct-Mar,2024-04,0.15373282688975892,0.1522029081802613,0.18499999999999991,433.2600732600732
nhsn,2024-2025,Georgia,baseline_oct_mar,Baseline Oct-Mar,2024-05,0.12627604495590783,0.12550673412245267,0.18499999999999997,670.6813186813187
nhsn,2024-2025,Georgia,baseline_oct_mar,Baseline Oct-Mar,2024-06,0.15170000596819758,0.15062577240056482,0.18499999999999991,711.2124542124543
nhsn,2024-2025,Georgia,baseline_oct_mar,Baseline Oct-Mar,2024-07,0.12933167842320642,0.12811770071644676,0.18499999999999997,765.6684981684982
nhsn,2024-2025,Georgia,baseline_oct_mar,Baseline Oct-Mar,2024-08,0.15126040032309654,0.1514327768635217,0.18499999999999997,784.7692307692307
nhsn,2024-2025,Georgia,baseline_oct_mar,Baseline Oct-Mar,2024-09,0.14956321251749252,0.14970594074099253,0.18499999999999991,770.5879120879122
nhsn,2024-2025,Georgia,baseline_oct_mar,Baseline Oct-Mar,2024-10,0.14972070705702922,0.14636703421139063,0.185,802.1428571428571
nhsn,2024-2025,Georgia,baseline_oct_mar,Baseline Oct-Mar,2024-11,0.12841122327752805,0.1235252982735465,0.18499999999999997,663.9981684981685
nhsn,2024-2025,Georgia,baseline_oct_mar,Baseline Oct-Mar,2024-12,0.11074135297388818,0.10913259985946429,0.185,354.4505494505495
nhsn,2024-2025,Georgia,baseline_oct_mar,Baseline Oct-Mar,2025-01,0.12088699404185764,0.11993660074791791,0.185,132.16300366300365
nhsn,2024-2025,Georgia,baseline_oct_mar,Baseline Oct-Mar,2025-02,0.12905288913642468,0.12429294001342216,0.185,64.81318681318682
nhsn,2024-2025,Georgia,baseline_oct_mar,Baseline Oct-Mar,2025-03,0.12897213467539329,0.09143446734765874,0.12500891612903228,41.88461538461539
nhsn,2024-2025,Georgia,baseline_oct_mar,Baseline Oct-Mar,2025-04,0.0,0.0,0.0,22.023809523809526
nhsn,2024-2025,Georgia,baseline_oct_mar,Baseline Oct-Mar,2025-05,0.0,0.0,0.0,10.985347985347987
nhsn,2024-2025,Georgia,baseline_oct_mar,Baseline Oct-Mar,2025-06,0.0,0.0,0.0,3.0128205128205128
nhsn,2024-2025,Georgia,early_sep_mar,Early Sep-Mar,2024-02,0.0,0.04760665769250892,0.04108541666666665,1.6245421245421245
nhsn,2024-2025,Georgia,early_sep_mar,Early Sep-Mar,2024-03,0.15001351082062206,0.14822666860277048,0.1814790322580645,116.97802197802196
nhsn,2024-2025,Georgia,early_sep_mar,Early Sep-Mar,2024-04,0.15353176322087309,0.15323349860234134,0.18499999999999991,433.2600732600732
nhsn,2024-2025,Georgia,early_sep_mar,Early Sep-Mar,2024-05,0.14879374208763907,0.1491652764695501,0.18499999999999997,670.6813186813187
nhsn,2024-2025,Georgia,early_sep_mar,Early Sep-Mar,2024-06,0.15152283774715272,0.1513537102164873,0.18499999999999991,711.2124542124543
nhsn,2024-2025,Georgia,early_sep_mar,Early Sep-Mar,2024-07,0.14847589019116042,0.14862136508968452,0.18499999999999997,765.6684981684982
nhsn,2024-2025,Georgia,early_sep_mar,Early Sep-Mar,2024-08,0.14755124185971066,0.1473420409030842,0.18499999999999997,784.7692307692307
nhsn,2024-2025,Georgia,early_sep_mar,Early Sep-Mar,2024-09,0.14696688132561786,0.14753943790141055,0.18499999999999997,770.5879120879121
nhsn,2024-2025,Georgia,early_sep_mar,Early Sep-Mar,2024-10,0.14972070705702922,0.14636703421139063,0.185,802.1428571428571
nhsn,2024-2025,Georgia,early_sep_mar,Early Sep-Mar,2024-11,0.12841122327752805,0.1235252982735465,0.18499999999999997,663.9981684981685
nhsn,2024-2025,Georgia,early_sep_mar,Early Sep-Mar,2024-12,0.11074135297388818,0.10913259985946429,0.185,354.4505494505495
nhsn,2024-2025,Georgia,early_sep_mar,Early Sep-Mar,2025-01,0.12088699404185764,0.11993660074791791,0.185,132.16300366300365
nhsn,2024-2025,Georgia,early_sep_mar,Early Sep-Mar,2025-02,0.12905288913642468,0.12429294001342216,0.185,64.81318681318682
nhsn,2024-2025,Georgia,early_sep_mar,Early Sep-Mar,2025-03,0.12897213467539329,0.09143446734765874,0.12500891612903228,41.88461538461539
nhsn,2024-2025,Georgia,early_sep_mar,Early Sep-Mar,2025-04,0.0,0.0,0.0,22.023809523809526
nhsn,2024-2025,Georgia,early_sep_mar,Early Sep-Mar,2025-05,0.0,0.0,0.0,10.985347985347987
nhsn,2024-2025,Georgia,early_sep_mar,Early Sep-Mar,2025-06,0.0,0.0,0.0,3.0128205128205128
nhsn,2024-2025,Georgia,extended_sep_apr,Extended Sep-Apr,2024-02,0.0,0.04760665769250892,0.04108541666666665,1.6245421245421245
nhsn,2024-2025,Georgia,extended_sep_apr,Extended Sep-Apr,2024-03,0.15001351082062206,0.14822666860277048,0.1814790322580645,116.97802197802196
nhsn,2024-2025,Georgia,extended_sep_apr,Extended Sep-Apr,2024-04,0.15353176322087309,0.15323349860234134,0.18499999999999991,433.2600732600732
nhsn,2024-2025,Georgia,extended_sep_apr,Extended Sep-Apr,2024-05,0.14879374208763907,0.1491652764695501,0.18499999999999997,670.6813186813187
nhsn,2024-2025,Georgia,extended_sep_apr,Extended Sep-Apr,2024-06,0.15152283774715272,0.1513537102164873,0.18499999999999991,711.2124542124543
nhsn,2024-2025,Georgia,extended_sep_apr,Extended Sep-Apr,2024-07,0.14847589019116042,0.14862136508968452,0.18499999999999997,765.6684981684982
nhsn,2024-2025,Georgia,extended_sep_apr,Extended Sep-Apr,2024-08,0.14755124185971066,0.1473420409030842,0.18499999999999997,784.7692307692307
nhsn,2024-2025,Georgia,extended_sep_apr,Extended Sep-Apr,2024-09,0.14696688132561786,0.14753943790141055,0.18499999999999997,770.5879120879121
nhsn,2024-2025,Georgia,extended_sep_apr,Extended Sep-Apr,2024-10,0.14972070705702922,0.14636703421139063,0.185,802.1428571428571
nhsn,2024-2025,Georgia,extended_sep_apr,Extended Sep-Apr,2024-11,0.12841122327752805,0.1235252982735465,0.18499999999999997,663.9981684981685
nhsn,2024-2025,Georgia,extended_sep_apr,Extended Sep-Apr,2024-12,0.11074135297388818,0.10913259985946429,0.185,354.4505494505495
nhsn,2024-2025,Georgia,extended_sep_apr,Extended Sep-Apr,2025-01,0.12088699404185764,0.11993660074791791,0.185,132.16300366300365
nhsn,2024-2025,Georgia,extended_sep_apr,Extended Sep-Apr,2025-02,0.12905288913642468,0.12429294001342216,0.185,64.81318681318682
nhsn,2024-2025,Georgia,extended_sep_apr,Extended Sep-Apr,2025-03,0.12897213467539329,0.12326867839142662,0.185,41.88461538461539
nhsn,2024-2025,Georgia,extended_sep_apr,Extended Sep-Apr,2025-04,0.1184929944337272,0.08885446396530423,0.12300921333333335,22.023809523809522
nhsn,2024-2025,Georgia,extended_sep_apr,Extended Sep-Apr,2025-05,0.0,0.0,0.0,10.985347985347987
nhsn,2024-2025,Georgia,extended_sep_apr,Extended Sep-Apr,2025-06,0.0,0.0,0.0,3.0128205128205128
nhsn,2024-2025,Georgia,late_oct_apr,Late Oct-Apr,2024-02,0.0,0.0,0.0,1.6245421245421245
nhsn,2024-2025,Georgia,late_oct_apr,Late Oct-Apr,2024-03,0.0,0.028556850801628512,0.03425483870967742,116.97802197802196
nhsn,2024-2025,Georgia,late_oct_apr,Late Oct-Apr,2024-04,0.15373282688975892,0.1522029081802613,0.18499999999999991,433.2600732600732
nhsn,2024-2025,Georgia,late_oct_apr,Late Oct-Apr,2024-05,0.12627604495590783,0.12550673412245267,0.18499999999999997,670.6813186813187
nhsn,2024-2025,Georgia,late_oct_apr,Late Oct-Apr,2024-06,0.15170000596819758,0.15062577240056482,0.18499999999999991,711.2124542124543
nhsn,2024-2025,Georgia,late_oct_apr,Late Oct-Apr,2024-07,0.12933167842320642,0.12811770071644676,0.18499999999999997,765.6684981684982
nhsn,2024-2025,Georgia,late_oct_apr,Late Oct-Apr,2024-08,0.15126040032309654,0.1514327768635217,0.18499999999999997,784.7692307692307
nhsn,2024-2025,Georgia,late_oct_apr,Late Oct-Apr,2024-09,0.14956321251749252,0.14970594074099253,0.18499999999999991,770.5879120879122
nhsn,2024-2025,Georgia,late_oct_apr,Late Oct-Apr,2024-10,0.14972070705702922,0.14636703421139063,0.185,802.1428571428571
nhsn,2024-2025,Georgia,late_oct_apr,Late Oct-Apr,2024-11,0.12841122327752805,0.1235252982735465,0.18499999999999997,663.9981684981685
nhsn,2024-2025,Georgia,late_oct_apr,Late Oct-Apr,2024-12,0.11074135297388818,0.10913259985946429,0.185,354.4505494505495
nhsn,2024-2025,Georgia,late_oct_apr,Late Oct-Apr,2025-01,0.12088699404185764,0.11993660074791791,0.185,132.16300366300365
nhsn,2024-2025,Georgia,late_oct_apr,Late Oct-Apr,2025-02,0.12905288913642468,0.12429294001342216,0.185,64.81318681318682
nhsn,2024-2025,Georgia,late_oct_apr,Late Oct-Apr,2025-03,0.12897213467539329,0.12326867839142662,0.185,41.88461538461539
nhsn,2024-2025,Georgia,late_oct_apr,Late Oct-Apr,2025-04,0.1184929944337272,0.08885446396530423,0.12300921333333335,22.023809523809522
nhsn,2024-2025,Georgia,late_oct_apr,Late Oct-Apr,2025-05,0.0,0.0,0.0,10.985347985347987
nhsn,2024-2025,Georgia,late_oct_apr,Late Oct-Apr,2025-06,0.0,0.0,0.0,3.0128205128205128
nhsn,2024-2025,Hawaii,baseline_oct_mar,Baseline Oct-Mar,2024-02,0.0,0.0,0.0,2.2637362637362637
nhsn,2024-2025,Hawaii,baseline_oct_mar,Baseline Oct-Mar,2024-03,0.0,0.028940320259012657,0.03425483870967742,19.99267399267399
nhsn,2024-2025,Hawaii,baseline_oct_mar,Baseline Oct-Mar,2024-04,0.1400017477168501,0.13824527049898358,0.18499999999999991,43.54761904761905
nhsn,2024-2025,Hawaii,baseline_oct_mar,Baseline Oct-Mar,2024-05,0.10282147809239943,0.11089226894099251,0.18499999999999997,68.16666666666666
nhsn,2024-2025,Hawaii,baseline_oct_mar,Baseline Oct-Mar,2024-06,0.1439224795368566,0.1424012098931734,0.18499999999999991,79.88827838827838
nhsn,2024-2025,Hawaii,baseline_oct_mar,Baseline Oct-Mar,2024-07,0.11623867917073777,0.1208967464329586,0.18499999999999997,92.69047619047619
nhsn,2024-2025,Hawaii,baseline_oct_mar,Baseline Oct-Mar,2024-08,0.14760328280139698,0.14641214481995854,0.18499999999999997,98.08058608058609
nhsn,2024-2025,Hawaii,baseline_oct_mar,Baseline Oct-Mar,2024-09,0.14618696248679655,0.14674660742115597,0.18499999999999991,99.07509157509158
nhsn,2024-2025,Hawaii,baseline_oct_mar,Baseline Oct-Mar,2024-10,0.1423251928312125,0.1390618992866734,0.185,103.20146520146523
nhsn,2024-2025,Hawaii,baseline_oct_mar,Baseline Oct-Mar,2024-11,0.13529129831522582,0.13256960410927876,0.18499999999999997,83.74725274725276
nhsn,2024-2025,Hawaii,baseline_oct_mar,Baseline Oct-Mar,2024-12,0.13488837973443563,0.128434613079676,0.185,61.54945054945055
nhsn,2024-2025,Hawaii,baseline_oct_mar,Baseline Oct-Mar,2025-01,0.13176785663200435,0.12818364462395915,0.185,38.07142857142857
nhsn,2024-2025,Hawaii,baseline_oct_mar,Baseline Oct-Mar,2025-02,0.12531052284663127,0.12469083810119705,0.185,22.014652014652015
nhsn,2024-2025,Hawaii,baseline_oct_mar,Baseline Oct-Mar,2025-03,0.12863833616383616,0.09336453167974759,0.12500891612903228,14.45054945054945
nhsn,2024-2025,Hawaii,baseline_oct_mar,Baseline Oct-Mar,2025-04,0.0,0.0,0.0,8.723443223443224
nhsn,2024-2025,Hawaii,baseline_oct_mar,Baseline Oct-Mar,2025-05,0.0,0.0,0.0,4.767399267399268
nhsn,2024-2025,Hawaii,baseline_oct_mar,Baseline Oct-Mar,2025-06,0.0,0.0,0.0,1.2564102564102564
nhsn,2024-2025,Hawaii,early_sep_mar,Early Sep-Mar,2024-02,0.0,0.04758653615509046,0.04108541666666665,2.2637362637362637
nhsn,2024-2025,Hawaii,early_sep_mar,Early Sep-Mar,2024-03,0.15271940764714736,0.15047909526238912,0.1814790322580645,19.99267399267399
nhsn,2024-2025,Hawaii,early_sep_mar,Early Sep-Mar,2024-04,0.14706061056568892,0.14435334902610056,0.18499999999999991,43.54761904761905
nhsn,2024-2025,Hawaii,early_sep_mar,Early Sep-Mar,2024-05,0.14979099082167835,0.1496000369162254,0.18499999999999997,68.16666666666666
nhsn,2024-2025,Hawaii,early_sep_mar,Early Sep-Mar,2024-06,0.14767108374329857,0.14598001243482236,0.18499999999999991,79.88827838827838
nhsn,2024-2025,Hawaii,early_sep_mar,Early Sep-Mar,2024-07,0.14878450917618966,0.14865831100228183,0.18499999999999997,92.69047619047619
nhsn,2024-2025,Hawaii,early_sep_mar,Early Sep-Mar,2024-08,0.14682664591665642,0.146046583008789,0.18499999999999997,98.08058608058609
nhsn,2024-2025,Hawaii,early_sep_mar,Early Sep-Mar,2024-09,0.14364651763122374,0.14396868981938749,0.18499999999999997,99.07509157509158
nhsn,2024-2025,Hawaii,early_sep_mar,Early Sep-Mar,2024-10,0.1423251928312125,0.1390618992866734,0.185,103.20146520146523
nhsn,2024-2025,Hawaii,early_sep_mar,Early Sep-Mar,2024-11,0.13529129831522582,0.13256960410927876,0.18499999999999997,83.74725274725276
nhsn,2024-2025,Hawaii,early_sep_mar,Early Sep-Mar,2024-12,0.13488837973443563,0.128434613079676,0.185,61.54945054945055
nhsn,2024-2025,Hawaii,early_sep_mar,Early Sep-Mar,2025-01,0.13176785663200435,0.12818364462395915,0.185,38.07142857142857
nhsn,2024-2025,Hawaii,early_sep_mar,Early Sep-Mar,2025-02,0.12531052284663127,0.12469083810119705,0.185,22.014652014652015
nhsn,2024-2025,Hawaii,early_sep_mar,Early Sep-Mar,2025-03,0.12863833616383616,0.09336453167974759,0.12500891612903228,14.45054945054945
nhsn,2024-2025,Hawaii,early_sep_mar,Early Sep-Mar,2025-04,0.0,0.0,0.0,8.723443223443224
nhsn,2024-2025,Hawaii,early_sep_mar,Early Sep-Mar,2025-05,0.0,0.0,0.0,4.767399267399268
nhsn,2024-2025,Hawaii,early_sep_mar,Early Sep-Mar,2025-06,0.0,0.0,0.0,1.2564102564102564
nhsn,2024-2025,Hawaii,extended_sep_apr,Extended Sep-Apr,2024-02,0.0,0.04758653615509046,0.04108541666666665,2.2637362637362637
nhsn,2024-2025,Hawaii,extended_sep_apr,Extended Sep-Apr,2024-03,0.15271940764714736,0.15047909526238912,0.1814790322580645,19.99267399267399
nhsn,2024-2025,Hawaii,extended_sep_apr,Extended Sep-Apr,2024-04,0.14706061056568892,0.14435334902610056,0.18499999999999991,43.54761904761905
nhsn,2024-2025,Hawaii,extended_sep_apr,Extended Sep-Apr,2024-05,0.14979099082167835,0.1496000369162254,0.18499999999999997,68.16666666666666
nhsn,2024-2025,Hawaii,extended_sep_apr,Extended Sep-Apr,2024-06,0.14767108374329857,0.14598001243482236,0.18499999999999991,79.88827838827838
nhsn,2024-2025,Hawaii,extended_sep_apr,Extended Sep-Apr,2024-07,0.14878450917618966,0.14865831100228183,0.18499999999999997,92.69047619047619
nhsn,2024-2025,Hawaii,extended_sep_apr,Extended Sep-Apr,2024-08,0.14682664591665642,0.146046583008789,0.18499999999999997,98.08058608058609
nhsn,2024-2025,Hawaii,extended_sep_apr,Extended Sep-Apr,2024-09,0.14364651763122374,0.14396868981938749,0.18499999999999997,99.07509157509158
nhsn,2024-2025,Hawaii,extended_sep_apr,Extended Sep-Apr,2024-10,0.1423251928312125,0.1390618992866734,0.185,103.20146520146523
nhsn,2024-2025,Hawaii,extended_sep_apr,Extended Sep-Apr,2024-11,0.13529129831522582,0.13256960410927876,0.18499999999999997,83.74725274725276
nhsn,2024-2025,Hawaii,extended_sep_apr,Extended Sep-Apr,2024-12,0.13488837973443563,0.128434613079676,0.185,61.54945054945055
nhsn,2024-2025,Hawaii,extended_sep_apr,Extended Sep-Apr,2025-01,0.13176785663200435,0.12818364462395915,0.185,38.07142857142857
nhsn,2024-2025,Hawaii,extended_sep_apr,Extended Sep-Apr,2025-02,0.12531052284663127,0.12469083810119705,0.185,22.014652014652015
nhsn,2024-2025,Hawaii,extended_sep_apr,Extended Sep-Apr,2025-03,0.13158820877806407,0.12880188554652836,0.185,14.45054945054945
nhsn,2024-2025,Hawaii,extended_sep_apr,Extended Sep-Apr,2025-04,0.12876199960552268,0.09313967523101653,0.12300921333333335,8.723443223443223
nhsn,2024-2025,Hawaii,extended_sep_apr,Extended Sep-Apr,2025-05,0.0,0.0,0.0,4.767399267399268
nhsn,2024-2025,Hawaii,extended_sep_apr,Extended Sep-Apr,2025-06,0.0,0.0,0.0,1.2564102564102564
nhsn,2024-2025,Hawaii,late_oct_apr,Late Oct-Apr,2024-02,0.0,0.0,0.0,2.2637362637362637
nhsn,2024-2025,Hawaii,late_oct_apr,Late Oct-Apr,2024-03,0.0,0.028940320259012657,0.03425483870967742,19.99267399267399
nhsn,2024-2025,Hawaii,late_oct_apr,Late Oct-Apr,2024-04,0.1400017477168501,0.13824527049898358,0.18499999999999991,43.54761904761905
nhsn,2024-2025,Hawaii,late_oct_apr,Late Oct-Apr,2024-05,0.10282147809239943,0.11089226894099251,0.18499999999999997,68.16666666666666
nhsn,2024-2025,Hawaii,late_oct_apr,Late Oct-Apr,2024-06,0.1439224795368566,0.1424012098931734,0.18499999999999991,79.88827838827838
nhsn,2024-2025,Hawaii,late_oct_apr,Late Oct-Apr,2024-07,0.11623867917073777,0.1208967464329586,0.18499999999999997,92.69047619047619
nhsn,2024-2025,Hawaii,late_oct_apr,Late Oct-Apr,2024-08,0.14760328280139698,0.14641214481995854,0.18499999999999997,98.08058608058609
nhsn,2024-2025,Hawaii,late_oct_apr,Late Oct-Apr,2024-09,0.14618696248679655,0.14674660742115597,0.18499999999999991,99.07509157509158
nhsn,2024-2025,Hawaii,late_oct_apr,Late Oct-Apr,2024-10,0.1423251928312125,0.1390618992866734,0.185,103.20146520146523
nhsn,2024-2025,Hawaii,late_oct_apr,Late Oct-Apr,2024-11,0.13529129831522582,0.13256960410927876,0.18499999999999997,83.74725274725276
nhsn,2024-2025,Hawaii,late_oct_apr,Late Oct-Apr,2024-12,0.13488837973443563,0.128434613079676,0.185,61.54945054945055
nhsn,2024-2025,Hawaii,late_oct_apr,Late Oct-Apr,2025-01,0.13176785663200435,0.12818364462395915,0.185,38.07142857142857
nhsn,2024-2025,Hawaii,late_oct_apr,Late Oct-Apr,2025-02,0.12531052284663127,0.12469083810119705,0.185,22.014652014652015
nhsn,2024-2025,Hawaii,late_oct_apr,Late Oct-Apr,2025-03,0.13158820877806407,0.12880188554652836,0.185,14.45054945054945
nhsn,2024-2025,Hawaii,late_oct_apr,Late Oct-Apr,2025-04,0.12876199960552268,0.09313967523101653,0.12300921333333335,8.723443223443223
nhsn,2024-2025,Hawaii,late_oct_apr,Late Oct-Apr,2025-05,0.0,0.0,0.0,4.767399267399268
nhsn,2024-2025,Hawaii,late_oct_apr,Late Oct-Apr,2025-06,0.0,0.0,0.0,1.2564102564102564
nhsn,2024-2025,Idaho,baseline_oct_mar,Baseline Oct-Mar,2024-02,0.0,0.0,0.0,0.010989010989010988
nhsn,2024-2025,Idaho,baseline_oct_mar,Baseline Oct-Mar,2024-03,0.0,0.028999798066742116,0.03425483870967742,1.4633699633699635
nhsn,2024-2025,Idaho,baseline_oct_mar,Baseline Oct-Mar,2024-04,0.1522642270906177,0.15148470193822883,0.18499999999999991,9.864468864468863
nhsn,2024-2025,Idaho,baseline_oct_mar,Baseline Oct-Mar,2024-05,0.14748802558936908,0.14749125508022648,0.18499999999999997,44.87362637362637
nhsn,2024-2025,Idaho,baseline_oct_mar,Baseline Oct-Mar,2024-06,0.14860562132988964,0.14856557018404,0.18499999999999991,91.0952380952381
nhsn,2024-2025,Idaho,baseline_oct_mar,Baseline Oct-Mar,2024-07,0.14807998488501725,0.14804706639753618,0.18499999999999997,153.32600732600736
nhsn,2024-2025,Idaho,baseline_oct_mar,Baseline Oct-Mar,2024-08,0.14805118420603786,0.14798807513918924,0.18499999999999997,178.76923076923075
nhsn,2024-2025,Idaho,baseline_oct_mar,Baseline Oct-Mar,2024-09,0.14712642853068475,0.1470008113392481,0.18499999999999991,177.48168498168502
nhsn,2024-2025,Idaho,baseline_oct_mar,Baseline Oct-Mar,2024-10,0.1476169576242723,0.14738664748802666,0.185,184.35347985347988
nhsn,2024-2025,Idaho,baseline_oct_mar,Baseline Oct-Mar,2024-11,0.1489422302927794,0.1482302848978214,0.18499999999999997,177.00549450549454
nhsn,2024-2025,Idaho,baseline_oct_mar,Baseline Oct-Mar,2024-12,0.14229313072982652,0.14054980498772612,0.185,173.68864468864467
nhsn,2024-2025,Idaho,baseline_oct_mar,Baseline Oct-Mar,2025-01,0.14116950906405684,0.13446245662838938,0.185,138.3003663003663
nhsn,2024-2025,Idaho,baseline_oct_mar,Baseline Oct-Mar,2025-02,0.11244963647761634,0.10971157603395433,0.185,81.72893772893774
nhsn,2024-2025,Idaho,baseline_oct_mar,Baseline Oct-Mar,2025-03,0.08797216573583017,0.07771219221311232,0.12500891612903228,32.446886446886445
nhsn,2024-2025,Idaho,baseline_oct_mar,Baseline Oct-Mar,2025-04,0.0,0.0,0.0,5.8791208791208796
nhsn,2024-2025,Idaho,baseline_oct_mar,Baseline Oct-Mar,2025-05,0.0,0.0,0.0,1.1483516483516485
nhsn,2024-2025,Idaho,baseline_oct_mar,Baseline Oct-Mar,2025-06,0.0,0.0,0.0,0.05128205128205128
nhsn,2024-2025,Idaho,early_sep_mar,Early Sep-Mar,2024-02,0.0,0.06123376982905983,0.04108541666666665,0.010989010989010988
nhsn,2024-2025,Idaho,early_sep_mar,Early Sep-Mar,2024-03,0.15060338061938064,0.14868407342120196,0.1814790322580645,1.4633699633699635
nhsn,2024-2025,Idaho,early_sep_mar,Early Sep-Mar,2024-04,0.1522642270906177,0.15216897701337218,0.18499999999999991,9.864468864468863
nhsn,2024-2025,Idaho,early_sep_mar,Early Sep-Mar,2024-05,0.14832409551424186,0.14836413175999186,0.18499999999999997,44.87362637362637
nhsn,2024-2025,Idaho,early_sep_mar,Early Sep-Mar,2024-06,0.14860562132988964,0.14847989588940885,0.18499999999999991,91.0952380952381
nhsn,2024-2025,Idaho,early_sep_mar,Early Sep-Mar,2024-07,0.14745102939625027,0.14745045108777285,0.18499999999999997,153.32600732600736
nhsn,2024-2025,Idaho,early_sep_mar,Early Sep-Mar,2024-08,0.14453200635748395,0.14413254954041957,0.18499999999999997,178.76923076923075
nhsn,2024-2025,Idaho,early_sep_mar,Early Sep-Mar,2024-09,0.14499806086152284,0.14466073272445162,0.18499999999999997,177.48168498168496
nhsn,2024-2025,Idaho,early_sep_mar,Early Sep-Mar,2024-10,0.1476169576242723,0.14738664748802666,0.185,184.35347985347988
nhsn,2024-2025,Idaho,early_sep_mar,Early Sep-Mar,2024-11,0.1489422302927794,0.1482302848978214,0.18499999999999997,177.00549450549454
nhsn,2024-2025,Idaho,early_sep_mar,Early Sep-Mar,2024-12,0.14229313072982652,0.14054980498772612,0.185,173.68864468864467
nhsn,2024-2025,Idaho,early_sep_mar,Early Sep-Mar,2025-01,0.14116950906405684,0.13446245662838938,0.185,138.3003663003663
nhsn,2024-2025,Idaho,early_sep_mar,Early Sep-Mar,2025-02,0.11244963647761634,0.10971157603395433,0.185,81.72893772893774
nhsn,2024-2025,Idaho,early_sep_mar,Early Sep-Mar,2025-03,0.08797216573583017,0.07771219221311232,0.12500891612903228,32.446886446886445
nhsn,2024-2025,Idaho,early_sep_mar,Early Sep-Mar,2025-04,0.0,0.0,0.0,5.8791208791208796
nhsn,2024-2025,Idaho,early_sep_mar,Early Sep-Mar,2025-05,0.0,0.0,0.0,1.1483516483516485
nhsn,2024-2025,Idaho,early_sep_mar,Early Sep-Mar,2025-06,0.0,0.0,0.0,0.05128205128205128
nhsn,2024-2025,Idaho,extended_sep_apr,Extended Sep-Apr,2024-02,0.0,0.06123376982905983,0.04108541666666665,0.010989010989010988
nhsn,2024-2025,Idaho,extended_sep_apr,Extended Sep-Apr,2024-03,0.15060338061938064,0.14868407342120196,0.1814790322580645,1.4633699633699635
nhsn,2024-2025,Idaho,extended_sep_apr,Extended Sep-Apr,2024-04,0.1522642270906177,0.15216897701337218,0.18499999999999991,9.864468864468863
nhsn,2024-2025,Idaho,extended_sep_apr,Extended Sep-Apr,2024-05,0.14832409551424186,0.14836413175999186,0.18499999999999997,44.87362637362637
nhsn,2024-2025,Idaho,extended_sep_apr,Extended Sep-Apr,2024-06,0.14860562132988964,0.14847989588940885,0.18499999999999991,91.0952380952381
nhsn,2024-2025,Idaho,extended_sep_apr,Extended Sep-Apr,2024-07,0.14745102939625027,0.14745045108777285,0.18499999999999997,153.32600732600736
nhsn,2024-2025,Idaho,extended_sep_apr,Extended Sep-Apr,2024-08,0.14453200635748395,0.14413254954041957,0.18499999999999997,178.76923076923075
nhsn,2024-2025,Idaho,extended_sep_apr,Extended Sep-Apr,2024-09,0.14499806086152284,0.14466073272445162,0.18499999999999997,177.48168498168496
nhsn,2024-2025,Idaho,extended_sep_apr,Extended Sep-Apr,2024-10,0.1476169576242723,0.14738664748802666,0.185,184.35347985347988
nhsn,2024-2025,Idaho,extended_sep_apr,Extended Sep-Apr,2024-11,0.1489422302927794,0.1482302848978214,0.18499999999999997,177.00549450549454
nhsn,2024-2025,Idaho,extended_sep_apr,Extended Sep-Apr,2024-12,0.14229313072982652,0.14054980498772612,0.185,173.68864468864467
nhsn,2024-2025,Idaho,extended_sep_apr,Extended Sep-Apr,2025-01,0.14116950906405684,0.13446245662838938,0.185,138.3003663003663
nhsn,2024-2025,Idaho,extended_sep_apr,Extended Sep-Apr,2025-02,0.11244963647761634,0.10971157603395433,0.185,81.72893772893774
nhsn,2024-2025,Idaho,extended_sep_apr,Extended Sep-Apr,2025-03,0.08797216573583017,0.09164141924339578,0.185,32.446886446886445
nhsn,2024-2025,Idaho,extended_sep_apr,Extended Sep-Apr,2025-04,0.09257217810465398,0.07784975275018587,0.12300921333333335,5.8791208791208796
nhsn,2024-2025,Idaho,extended_sep_apr,Extended Sep-Apr,2025-05,0.0,0.0,0.0,1.1483516483516485
nhsn,2024-2025,Idaho,extended_sep_apr,Extended Sep-Apr,2025-06,0.0,0.0,0.0,0.05128205128205128
nhsn,2024-2025,Idaho,late_oct_apr,Late Oct-Apr,2024-02,0.0,0.0,0.0,0.010989010989010988
nhsn,2024-2025,Idaho,late_oct_apr,Late Oct-Apr,2024-03,0.0,0.028999798066742116,0.03425483870967742,1.4633699633699635
nhsn,2024-2025,Idaho,late_oct_apr,Late Oct-Apr,2024-04,0.1522642270906177,0.15148470193822883,0.18499999999999991,9.864468864468863
nhsn,2024-2025,Idaho,late_oct_apr,Late Oct-Apr,2024-05,0.14748802558936908,0.14749125508022648,0.18499999999999997,44.87362637362637
nhsn,2024-2025,Idaho,late_oct_apr,Late Oct-Apr,2024-06,0.14860562132988964,0.14856557018404,0.18499999999999991,91.0952380952381
nhsn,2024-2025,Idaho,late_oct_apr,Late Oct-Apr,2024-07,0.14807998488501725,0.14804706639753618,0.18499999999999997,153.32600732600736
nhsn,2024-2025,Idaho,late_oct_apr,Late Oct-Apr,2024-08,0.14805118420603786,0.14798807513918924,0.18499999999999997,178.76923076923075
nhsn,2024-2025,Idaho,late_oct_apr,Late Oct-Apr,2024-09,0.14712642853068475,0.1470008113392481,0.18499999999999991,177.48168498168502
nhsn,2024-2025,Idaho,late_oct_apr,Late Oct-Apr,2024-10,0.1476169576242723,0.14738664748802666,0.185,184.35347985347988
nhsn,2024-2025,Idaho,late_oct_apr,Late Oct-Apr,2024-11,0.1489422302927794,0.1482302848978214,0.18499999999999997,177.00549450549454
nhsn,2024-2025,Idaho,late_oct_apr,Late Oct-Apr,2024-12,0.14229313072982652,0.14054980498772612,0.185,173.68864468864467
nhsn,2024-2025,Idaho,late_oct_apr,Late Oct-Apr,2025-01,0.14116950906405684,0.13446245662838938,0.185,138.3003663003663
nhsn,2024-2025,Idaho,late_oct_apr,Late Oct-Apr,2025-02,0.11244963647761634,0.10971157603395433,0.185,81.72893772893774
nhsn,2024-2025,Idaho,late_oct_apr,Late Oct-Apr,2025-03,0.08797216573583017,0.09164141924339578,0.185,32.446886446886445
nhsn,2024-2025,Idaho,late_oct_apr,Late Oct-Apr,2025-04,0.09257217810465398,0.07784975275018587,0.12300921333333335,5.8791208791208796
nhsn,2024-2025,Idaho,late_oct_apr,Late Oct-Apr,2025-05,0.0,0.0,0.0,1.1483516483516485
nhsn,2024-2025,Idaho,late_oct_apr,Late Oct-Apr,2025-06,0.0,0.0,0.0,0.05128205128205128
nhsn,2024-2025,Illinois,baseline_oct_mar,Baseline Oct-Mar,2024-02,0.0,0.0,0.0,1.915750915750916
nhsn,2024-2025,Illinois,baseline_oct_mar,Baseline Oct-Mar,2024-03,0.0,0.028401672750885853,0.03425483870967742,49.67399267399268
nhsn,2024-2025,Illinois,baseline_oct_mar,Baseline Oct-Mar,2024-04,0.15120114790262973,0.15120330185993502,0.18499999999999991,288.5970695970696
nhsn,2024-2025,Illinois,baseline_oct_mar,Baseline Oct-Mar,2024-05,0.1443299520704541,0.14173245393894127,0.18499999999999997,663.0274725274725
nhsn,2024-2025,Illinois,baseline_oct_mar,Baseline Oct-Mar,2024-06,0.14957430376733422,0.14946101306627188,0.18499999999999991,795.7600732600733
nhsn,2024-2025,Illinois,baseline_oct_mar,Baseline Oct-Mar,2024-07,0.14553737770035832,0.14329855305779787,0.18499999999999997,895.021978021978
nhsn,2024-2025,Illinois,baseline_oct_mar,Baseline Oct-Mar,2024-08,0.1492067586139661,0.14923665037938413,0.18499999999999997,931.6263736263737
nhsn,2024-2025,Illinois,baseline_oct_mar,Baseline Oct-Mar,2024-09,0.14845747417141195,0.14835683097724867,0.18499999999999991,913.7875457875459
nhsn,2024-2025,Illinois,baseline_oct_mar,Baseline Oct-Mar,2024-10,0.1487812501806227,0.14819189165675173,0.185,947.2472527472528
nhsn,2024-2025,Illinois,baseline_oct_mar,Baseline Oct-Mar,2024-11,0.1445769538787992,0.1392004684353227,0.18499999999999997,869.7912087912089
nhsn,2024-2025,Illinois,baseline_oct_mar,Baseline Oct-Mar,2024-12,0.12099682408766248,0.11644689624898497,0.185,644.8498168498169
nhsn,2024-2025,Illinois,baseline_oct_mar,Baseline Oct-Mar,2025-01,0.11950658555544802,0.11475573783030141,0.185,278.46336996337
nhsn,2024-2025,Illinois,baseline_oct_mar,Baseline Oct-Mar,2025-02,0.1204218290282986,0.11494704351506163,0.185,114.87362637362637
nhsn,2024-2025,Illinois,baseline_oct_mar,Baseline Oct-Mar,2025-03,0.11259750352138967,0.08515732948735938,0.12500891612903228,56.562271062271066
nhsn,2024-2025,Illinois,baseline_oct_mar,Baseline Oct-Mar,2025-04,0.0,0.0,0.0,18.617216117216117
nhsn,2024-2025,Illinois,baseline_oct_mar,Baseline Oct-Mar,2025-05,0.0,0.0,0.0,6.082417582417582
nhsn,2024-2025,Illinois,baseline_oct_mar,Baseline Oct-Mar,2025-06,0.0,0.0,0.0,0.5128205128205128
nhsn,2024-2025,Illinois,early_sep_mar,Early Sep-Mar,2024-02,0.0,0.03390935832586366,0.04108541666666665,1.915750915750916
nhsn,2024-2025,Illinois,early_sep_mar,Early Sep-Mar,2024-03,0.1503736218334195,0.14872831510355936,0.1814790322580645,49.67399267399268
nhsn,2024-2025,Illinois,early_sep_mar,Early Sep-Mar,2024-04,0.15114929936538948,0.15107958586498366,0.18499999999999991,288.5970695970696
nhsn,2024-2025,Illinois,early_sep_mar,Early Sep-Mar,2024-05,0.14857680652425942,0.14868318037479977,0.18499999999999997,663.0274725274725
nhsn,2024-2025,Illinois,early_sep_mar,Early Sep-Mar,2024-06,0.1495079909773831,0.1493089363768945,0.18499999999999991,795.7600732600733
nhsn,2024-2025,Illinois,early_sep_mar,Early Sep-Mar,2024-07,0.14816790161513752,0.14819917471123253,0.18499999999999997,895.021978021978
nhsn,2024-2025,Illinois,early_sep_mar,Early Sep-Mar,2024-08,0.1468999476679438,0.14666906985279055,0.18499999999999997,931.6263736263737
nhsn,2024-2025,Illinois,early_sep_mar,Early Sep-Mar,2024-09,0.14692071893167574,0.1468940294231044,0.18499999999999997,913.7875457875458
nhsn,2024-2025,Illinois,early_sep_mar,Early Sep-Mar,2024-10,0.1487812501806227,0.14819189165675173,0.185,947.2472527472528
nhsn,2024-2025,Illinois,early_sep_mar,Early Sep-Mar,2024-11,0.1445769538787992,0.1392004684353227,0.18499999999999997,869.7912087912089
nhsn,2024-2025,Illinois,early_sep_mar,Early Sep-Mar,2024-12,0.12099682408766248,0.11644689624898497,0.185,644.8498168498169
nhsn,2024-2025,Illinois,early_sep_mar,Early Sep-Mar,2025-01,0.11950658555544802,0.11475573783030141,0.185,278.46336996337
nhsn,2024-2025,Illinois,early_sep_mar,Early Sep-Mar,2025-02,0.1204218290282986,0.11494704351506163,0.185,114.87362637362637
nhsn,2024-2025,Illinois,early_sep_mar,Early Sep-Mar,2025-03,0.11259750352138967,0.08515732948735938,0.12500891612903228,56.562271062271066
nhsn,2024-2025,Illinois,early_sep_mar,Early Sep-Mar,2025-04,0.0,0.0,0.0,18.617216117216117
nhsn,2024-2025,Illinois,early_sep_mar,Early Sep-Mar,2025-05,0.0,0.0,0.0,6.082417582417582
nhsn,2024-2025,Illinois,early_sep_mar,Early Sep-Mar,2025-06,0.0,0.0,0.0,0.5128205128205128
nhsn,2024-2025,Illinois,extended_sep_apr,Extended Sep-Apr,2024-02,0.0,0.03390935832586366,0.04108541666666665,1.915750915750916
nhsn,2024-2025,Illinois,extended_sep_apr,Extended Sep-Apr,2024-03,0.1503736218334195,0.14872831510355936,0.1814790322580645,49.67399267399268
nhsn,2024-2025,Illinois,extended_sep_apr,Extended Sep-Apr,2024-04,0.15114929936538948,0.15107958586498366,0.18499999999999991,288.5970695970696
nhsn,2024-2025,Illinois,extended_sep_apr,Extended Sep-Apr,2024-05,0.14857680652425942,0.14868318037479977,0.18499999999999997,663.0274725274725
nhsn,2024-2025,Illinois,extended_sep_apr,Extended Sep-Apr,2024-06,0.1495079909773831,0.1493089363768945,0.18499999999999991,795.7600732600733
nhsn,2024-2025,Illinois,extended_sep_apr,Extended Sep-Apr,2024-07,0.14816790161513752,0.14819917471123253,0.18499999999999997,895.021978021978
nhsn,2024-2025,Illinois,extended_sep_apr,Extended Sep-Apr,2024-08,0.1468999476679438,0.14666906985279055,0.18499999999999997,931.6263736263737
nhsn,2024-2025,Illinois,extended_sep_apr,Extended Sep-Apr,2024-09,0.14692071893167574,0.1468940294231044,0.18499999999999997,913.7875457875458
nhsn,2024-2025,Illinois,extended_sep_apr,Extended Sep-Apr,2024-10,0.1487812501806227,0.14819189165675173,0.185,947.2472527472528
nhsn,2024-2025,Illinois,extended_sep_apr,Extended Sep-Apr,2024-11,0.1445769538787992,0.1392004684353227,0.18499999999999997,869.7912087912089
nhsn,2024-2025,Illinois,extended_sep_apr,Extended Sep-Apr,2024-12,0.12099682408766248,0.11644689624898497,0.185,644.8498168498169
nhsn,2024-2025,Illinois,extended_sep_apr,Extended Sep-Apr,2025-01,0.11950658555544802,0.11475573783030141,0.185,278.46336996337
nhsn,2024-2025,Illinois,extended_sep_apr,Extended Sep-Apr,2025-02,0.1204218290282986,0.11494704351506163,0.185,114.87362637362637
nhsn,2024-2025,Illinois,extended_sep_apr,Extended Sep-Apr,2025-03,0.11259750352138967,0.1078152031150399,0.185,56.562271062271066
nhsn,2024-2025,Illinois,extended_sep_apr,Extended Sep-Apr,2025-04,0.1036178857675276,0.08118455227408533,0.12300921333333335,18.617216117216117
nhsn,2024-2025,Illinois,extended_sep_apr,Extended Sep-Apr,2025-05,0.0,0.0,0.0,6.082417582417582
nhsn,2024-2025,Illinois,extended_sep_apr,Extended Sep-Apr,2025-06,0.0,0.0,0.0,0.5128205128205128
nhsn,2024-2025,Illinois,late_oct_apr,Late Oct-Apr,2024-02,0.0,0.0,0.0,1.915750915750916
nhsn,2024-2025,Illinois,late_oct_apr,Late Oct-Apr,2024-03,0.0,0.028401672750885853,0.03425483870967742,49.67399267399268
nhsn,2024-2025,Illinois,late_oct_apr,Late Oct-Apr,2024-04,0.15120114790262973,0.15120330185993502,0.18499999999999991,288.5970695970696
nhsn,2024-2025,Illinois,late_oct_apr,Late Oct-Apr,2024-05,0.1443299520704541,0.14173245393894127,0.18499999999999997,663.0274725274725
nhsn,2024-2025,Illinois,late_oct_apr,Late Oct-Apr,2024-06,0.14957430376733422,0.14946101306627188,0.18499999999999991,795.7600732600733
nhsn,2024-2025,Illinois,late_oct_apr,Late Oct-Apr,2024-07,0.14553737770035832,0.14329855305779787,0.18499999999999997,895.021978021978
nhsn,2024-2025,Illinois,late_oct_apr,Late Oct-Apr,2024-08,0.1492067586139661,0.14923665037938413,0.18499999999999997,931.6263736263737
nhsn,2024-2025,Illinois,late_oct_apr,Late Oct-Apr,2024-09,0.14845747417141195,0.14835683097724867,0.18499999999999991,913.7875457875459
nhsn,2024-2025,Illinois,late_oct_apr,Late Oct-Apr,2024-10,0.1487812501806227,0.14819189165675173,0.185,947.2472527472528
nhsn,2024-2025,Illinois,late_oct_apr,Late Oct-Apr,2024-11,0.1445769538787992,0.1392004684353227,0.18499999999999997,869.7912087912089
nhsn,2024-2025,Illinois,late_oct_apr,Late Oct-Apr,2024-12,0.12099682408766248,0.11644689624898497,0.185,644.8498168498169
nhsn,2024-2025,Illinois,late_oct_apr,Late Oct-Apr,2025-01,0.11950658555544802,0.11475573783030141,0.185,278.46336996337
nhsn,2024-2025,Illinois,late_oct_apr,Late Oct-Apr,2025-02,0.1204218290282986,0.11494704351506163,0.185,114.87362637362637
nhsn,2024-2025,Illinois,late_oct_apr,Late Oct-Apr,2025-03,0.11259750352138967,0.1078152031150399,0.185,56.562271062271066
nhsn,2024-2025,Illinois,late_oct_apr,Late Oct-Apr,2025-04,0.1036178857675276,0.08118455227408533,0.12300921333333335,18.617216117216117
nhsn,2024-2025,Illinois,late_oct_apr,Late Oct-Apr,2025-05,0.0,0.0,0.0,6.082417582417582
nhsn,2024-2025,Illinois,late_oct_apr,Late Oct-Apr,2025-06,0.0,0.0,0.0,0.5128205128205128
nhsn,2024-2025,Indiana,baseline_oct_mar,Baseline Oct-Mar,2024-02,0.0,0.0,0.0,0.48168498168498164
nhsn,2024-2025,Indiana,baseline_oct_mar,Baseline Oct-Mar,2024-03,0.0,0.02861577628178251,0.03425483870967742,17.41575091575091
nhsn,2024-2025,Indiana,baseline_oct_mar,Baseline Oct-Mar,2024-04,0.15161441136015175,0.15149307574683551,0.18499999999999991,97.15384615384616
nhsn,2024-2025,Indiana,baseline_oct_mar,Baseline Oct-Mar,2024-05,0.1440208812045695,0.14305743322394252,0.18499999999999997,269.72344322344316
nhsn,2024-2025,Indiana,baseline_oct_mar,Baseline Oct-Mar,2024-06,0.14928342111110107,0.14912957779928318,0.18499999999999991,389.14835164835165
nhsn,2024-2025,Indiana,baseline_oct_mar,Baseline Oct-Mar,2024-07,0.14635322401627862,0.1453509446947891,0.18499999999999997,488.992673992674
nhsn,2024-2025,Indiana,baseline_oct_mar,Baseline Oct-Mar,2024-08,0.14890151663330198,0.1487472493969281,0.18499999999999997,522.7673992673992
nhsn,2024-2025,Indiana,baseline_oct_mar,Baseline Oct-Mar,2024-09,0.14765966851877432,0.14759010143144827,0.18499999999999991,517.8296703296703
nhsn,2024-2025,Indiana,baseline_oct_mar,Baseline Oct-Mar,2024-10,0.14766535089123392,0.14732221453263192,0.185,539.5347985347986
nhsn,2024-2025,Indiana,baseline_oct_mar,Baseline Oct-Mar,2024-11,0.14701712367888115,0.1440082378331829,0.18499999999999997,506.1318681318681
nhsn,2024-2025,Indiana,baseline_oct_mar,Baseline Oct-Mar,2024-12,0.13307829290839707,0.12926031721514716,0.185,437.62820512820514
nhsn,2024-2025,Indiana,baseline_oct_mar,Baseline Oct-Mar,2025-01,0.12953769077675573,0.12251230952718442,0.185,266.34432234432234
nhsn,2024-2025,Indiana,baseline_oct_mar,Baseline Oct-Mar,2025-02,0.11709069591064673,0.11107241851571241,0.185,124.96153846153845
nhsn,2024-2025,Indiana,baseline_oct_mar,Baseline Oct-Mar,2025-03,0.10520062635589264,0.08134525017551594,0.12500891612903228,53.858974358974365
nhsn,2024-2025,Indiana,baseline_oct_mar,Baseline Oct-Mar,2025-04,0.0,0.0,0.0,18.32600732600733
nhsn,2024-2025,Indiana,baseline_oct_mar,Baseline Oct-Mar,2025-05,0.0,0.0,0.0,6.291208791208793
nhsn,2024-2025,Indiana,baseline_oct_mar,Baseline Oct-Mar,2025-06,0.0,0.0,0.0,0.8974358974358976
nhsn,2024-2025,Indiana,early_sep_mar,Early Sep-Mar,2024-02,0.0,0.06161797445669953,0.04108541666666665,0.48168498168498164
nhsn,2024-2025,Indiana,early_sep_mar,Early Sep-Mar,2024-03,0.15028994378996596,0.14858429326817058,0.1814790322580645,17.41575091575091
nhsn,2024-2025,Indiana,early_sep_mar,Early Sep-Mar,2024-04,0.15161441136015175,0.151473141513522,0.18499999999999991,97.15384615384616
nhsn,2024-2025,Indiana,early_sep_mar,Early Sep-Mar,2024-05,0.14849538173041912,0.14859931984825117,0.18499999999999997,269.72344322344316
nhsn,2024-2025,Indiana,early_sep_mar,Early Sep-Mar,2024-06,0.14926247152753963,0.14899266742435474,0.18499999999999991,389.14835164835165
nhsn,2024-2025,Indiana,early_sep_mar,Early Sep-Mar,2024-07,0.14787863910644558,0.14788751743506778,0.18499999999999997,488.992673992674
nhsn,2024-2025,Indiana,early_sep_mar,Early Sep-Mar,2024-08,0.1464949310947673,0.14594029990966392,0.18499999999999997,522.7673992673992
nhsn,2024-2025,Indiana,early_sep_mar,Early Sep-Mar,2024-09,0.14526638084814814,0.14545241697251649,0.18499999999999997,517.8296703296703
nhsn,2024-2025,Indiana,early_sep_mar,Early Sep-Mar,2024-10,0.14766535089123392,0.14732221453263192,0.185,539.5347985347986
nhsn,2024-2025,Indiana,early_sep_mar,Early Sep-Mar,2024-11,0.14701712367888115,0.1440082378331829,0.18499999999999997,506.1318681318681
nhsn,2024-2025,Indiana,early_sep_mar,Early Sep-Mar,2024-12,0.13307829290839707,0.12926031721514716,0.185,437.62820512820514
nhsn,2024-2025,Indiana,early_sep_mar,Early Sep-Mar,2025-01,0.12953769077675573,0.12251230952718442,0.185,266.34432234432234
nhsn,2024-2025,Indiana,early_sep_mar,Early Sep-Mar,2025-02,0.11709069591064673,0.11107241851571241,0.185,124.96153846153845
nhsn,2024-2025,Indiana,early_sep_mar,Early Sep-Mar,2025-03,0.10520062635589264,0.08134525017551594,0.12500891612903228,53.858974358974365
nhsn,2024-2025,Indiana,early_sep_mar,Early Sep-Mar,2025-04,0.0,0.0,0.0,18.32600732600733
nhsn,2024-2025,Indiana,early_sep_mar,Early Sep-Mar,2025-05,0.0,0.0,0.0,6.291208791208793
nhsn,2024-2025,Indiana,early_sep_mar,Early Sep-Mar,2025-06,0.0,0.0,0.0,0.8974358974358976
nhsn,2024-2025,Indiana,extended_sep_apr,Extended Sep-Apr,2024-02,0.0,0.06161797445669953,0.04108541666666665,0.48168498168498164
nhsn,2024-2025,Indiana,extended_sep_apr,Extended Sep-Apr,2024-03,0.15028994378996596,0.14858429326817058,0.1814790322580645,17.41575091575091
nhsn,2024-2025,Indiana,extended_sep_apr,Extended Sep-Apr,2024-04,0.15161441136015175,0.151473141513522,0.18499999999999991,97.15384615384616
nhsn,2024-2025,Indiana,extended_sep_apr,Extended Sep-Apr,2024-05,0.14849538173041912,0.14859931984825117,0.18499999999999997,269.72344322344316
nhsn,2024-2025,Indiana,extended_sep_apr,Extended Sep-Apr,2024-06,0.14926247152753963,0.14899266742435474,0.18499999999999991,389.14835164835165
nhsn,2024-2025,Indiana,extended_sep_apr,Extended Sep-Apr,2024-07,0.14787863910644558,0.14788751743506778,0.18499999999999997,488.992673992674
nhsn,2024-2025,Indiana,extended_sep_apr,Extended Sep-Apr,2024-08,0.1464949310947673,0.14594029990966392,0.18499999999999997,522.7673992673992
nhsn,2024-2025,Indiana,extended_sep_apr,Extended Sep-Apr,2024-09,0.14526638084814814,0.14545241697251649,0.18499999999999997,517.8296703296703
nhsn,2024-2025,Indiana,extended_sep_apr,Extended Sep-Apr,2024-10,0.14766535089123392,0.14732221453263192,0.185,539.5347985347986
nhsn,2024-2025,Indiana,extended_sep_apr,Extended Sep-Apr,2024-11,0.14701712367888115,0.1440082378331829,0.18499999999999997,506.1318681318681
nhsn,2024-2025,Indiana,extended_sep_apr,Extended Sep-Apr,2024-12,0.13307829290839707,0.12926031721514716,0.185,437.62820512820514
nhsn,2024-2025,Indiana,extended_sep_apr,Extended Sep-Apr,2025-01,0.12953769077675573,0.12251230952718442,0.185,266.34432234432234
nhsn,2024-2025,Indiana,extended_sep_apr,Extended Sep-Apr,2025-02,0.11709069591064673,0.11107241851571241,0.185,124.96153846153845
nhsn,2024-2025,Indiana,extended_sep_apr,Extended Sep-Apr,2025-03,0.10758610173626998,0.1060962759710449,0.185,53.858974358974365
nhsn,2024-2025,Indiana,extended_sep_apr,Extended Sep-Apr,2025-04,0.10973911332041453,0.08608825397549133,0.12300921333333335,18.32600732600733
nhsn,2024-2025,Indiana,extended_sep_apr,Extended Sep-Apr,2025-05,0.0,0.0,0.0,6.291208791208793
nhsn,2024-2025,Indiana,extended_sep_apr,Extended Sep-Apr,2025-06,0.0,0.0,0.0,0.8974358974358976
nhsn,2024-2025,Indiana,late_oct_apr,Late Oct-Apr,2024-02,0.0,0.0,0.0,0.48168498168498164
nhsn,2024-2025,Indiana,late_oct_apr,Late Oct-Apr,2024-03,0.0,0.02861577628178251,0.03425483870967742,17.41575091575091
nhsn,2024-2025,Indiana,late_oct_apr,Late Oct-Apr,2024-04,0.15161441136015175,0.15149307574683551,0.18499999999999991,97.15384615384616
nhsn,2024-2025,Indiana,late_oct_apr,Late Oct-Apr,2024-05,0.1440208812045695,0.14305743322394252,0.18499999999999997,269.72344322344316
nhsn,2024-2025,Indiana,late_oct_apr,Late Oct-Apr,2024-06,0.14928342111110107,0.14912957779928318,0.18499999999999991,389.14835164835165
nhsn,2024-2025,Indiana,late_oct_apr,Late Oct-Apr,2024-07,0.14635322401627862,0.1453509446947891,0.18499999999999997,488.992673992674
nhsn,2024-2025,Indiana,late_oct_apr,Late Oct-Apr,2024-08,0.14890151663330198,0.1487472493969281,0.18499999999999997,522.7673992673992
nhsn,2024-2025,Indiana,late_oct_apr,Late Oct-Apr,2024-09,0.14765966851877432,0.14759010143144827,0.18499999999999991,517.8296703296703
nhsn,2024-2025,Indiana,late_oct_apr,Late Oct-Apr,2024-10,0.14766535089123392,0.14732221453263192,0.185,539.5347985347986
nhsn,2024-2025,Indiana,late_oct_apr,Late Oct-Apr,2024-11,0.14701712367888115,0.1440082378331829,0.18499999999999997,506.1318681318681
nhsn,2024-2025,Indiana,late_oct_apr,Late Oct-Apr,2024-12,0.13307829290839707,0.12926031721514716,0.185,437.62820512820514
nhsn,2024-2025,Indiana,late_oct_apr,Late Oct-Apr,2025-01,0.12953769077675573,0.12251230952718442,0.185,266.34432234432234
nhsn,2024-2025,Indiana,late_oct_apr,Late Oct-Apr,2025-02,0.11709069591064673,0.11107241851571241,0.185,124.96153846153845
nhsn,2024-2025,Indiana,late_oct_apr,Late Oct-Apr,2025-03,0.10758610173626998,0.1060962759710449,0.185,53.858974358974365
nhsn,2024-2025,Indiana,late_oct_apr,Late Oct-Apr,2025-04,0.10973911332041453,0.08608825397549133,0.12300921333333335,18.32600732600733
nhsn,2024-2025,Indiana,late_oct_apr,Late Oct-Apr,2025-05,0.0,0.0,0.0,6.291208791208793
nhsn,2024-2025,Indiana,late_oct_apr,Late Oct-Apr,2025-06,0.0,0.0,0.0,0.8974358974358976
nhsn,2024-2025,Iowa,baseline_oct_mar,Baseline Oct-Mar,2024-02,0.0,0.0,0.0,0.010989010989010988
nhsn,2024-2025,Iowa,baseline_oct_mar,Baseline Oct-Mar,2024-03,0.0,0.028593061356840366,0.03425483870967742,5.0787545787545785
nhsn,2024-2025,Iowa,baseline_oct_mar,Baseline Oct-Mar,2024-04,0.15297955039710612,0.1525546770601707,0.18499999999999991,26.435897435897438
nhsn,2024-2025,Iowa,baseline_oct_mar,Baseline Oct-Mar,2024-05,0.14277790593894346,0.14340236063937398,0.18499999999999997,89.34432234432234
nhsn,2024-2025,Iowa,baseline_oct_mar,Baseline Oct-Mar,2024-06,0.1491082194417709,0.14896201176970267,0.18499999999999991,166.7967032967033
nhsn,2024-2025,Iowa,baseline_oct_mar,Baseline Oct-Mar,2024-07,0.14651107478447126,0.14646161206512656,0.18499999999999997,236.07509157509156
nhsn,2024-2025,Iowa,baseline_oct_mar,Baseline Oct-Mar,2024-08,0.14842740588100425,0.14842017668297627,0.18499999999999997,264.7142857142858
nhsn,2024-2025,Iowa,baseline_oct_mar,Baseline Oct-Mar,2024-09,0.14734018111332414,0.1473337412543484,0.18499999999999991,263.8901098901099
nhsn,2024-2025,Iowa,baseline_oct_mar,Baseline Oct-Mar,2024-10,0.14814308751418775,0.14776685233345932,0.185,273.507326007326
nhsn,2024-2025,Iowa,baseline_oct_mar,Baseline Oct-Mar,2024-11,0.14758124465087155,0.14641614162165542,0.18499999999999997,259.92857142857144
nhsn,2024-2025,Iowa,baseline_oct_mar,Baseline Oct-Mar,2024-12,0.14280484925557083,0.13887645261966175,0.185,245.6923076923077
nhsn,2024-2025,Iowa,baseline_oct_mar,Baseline Oct-Mar,2025-01,0.1276919901458835,0.12530081930789677,0.185,181.8040293040293
nhsn,2024-2025,Iowa,baseline_oct_mar,Baseline Oct-Mar,2025-02,0.1171086071857685,0.1129551584349969,0.185,91.5915750915751
nhsn,2024-2025,Iowa,baseline_oct_mar,Baseline Oct-Mar,2025-03,0.09997244080267559,0.07913577660659675,0.12500891612903228,39.34432234432235
nhsn,2024-2025,Iowa,baseline_oct_mar,Baseline Oct-Mar,2025-04,0.0,0.0,0.0,9.45970695970696
nhsn,2024-2025,Iowa,baseline_oct_mar,Baseline Oct-Mar,2025-05,0.0,0.0,0.0,1.3388278388278387
nhsn,2024-2025,Iowa,baseline_oct_mar,Baseline Oct-Mar,2025-06,0.0,0.0,0.0,0.32051282051282043
nhsn,2024-2025,Iowa,early_sep_mar,Early Sep-Mar,2024-02,0.0,0.06123376982905983,0.04108541666666665,0.010989010989010988
nhsn,2024-2025,Iowa,early_sep_mar,Early Sep-Mar,2024-03,0.14982613742964354,0.1478354946097766,0.1814790322580645,5.0787545787545785
nhsn,2024-2025,Iowa,early_sep_mar,Early Sep-Mar,2024-04,0.15288243579148125,0.15281508109264058,0.18499999999999991,26.435897435897438
nhsn,2024-2025,Iowa,early_sep_mar,Early Sep-Mar,2024-05,0.14836538329107382,0.14850755274719704,0.18499999999999997,89.34432234432234
nhsn,2024-2025,Iowa,early_sep_mar,Early Sep-Mar,2024-06,0.1490622654793953,0.1488582502912324,0.18499999999999991,166.7967032967033
nhsn,2024-2025,Iowa,early_sep_mar,Early Sep-Mar,2024-07,0.14761316322853374,0.14763238521415328,0.18499999999999997,236.07509157509156
nhsn,2024-2025,Iowa,early_sep_mar,Early Sep-Mar,2024-08,0.14531250830551737,0.14443523581055417,0.18499999999999997,264.7142857142858
nhsn,2024-2025,Iowa,early_sep_mar,Early Sep-Mar,2024-09,0.14475735139279328,0.14454799369023622,0.18499999999999997,263.8901098901099
nhsn,2024-2025,Iowa,early_sep_mar,Early Sep-Mar,2024-10,0.14814308751418775,0.14776685233345932,0.185,273.507326007326
nhsn,2024-2025,Iowa,early_sep_mar,Early Sep-Mar,2024-11,0.14758124465087155,0.14641614162165542,0.18499999999999997,259.92857142857144
nhsn,2024-2025,Iowa,early_sep_mar,Early Sep-Mar,2024-12,0.14280484925557083,0.13887645261966175,0.185,245.6923076923077
nhsn,2024-2025,Iowa,early_sep_mar,Early Sep-Mar,2025-01,0.1276919901458835,0.12530081930789677,0.185,181.8040293040293
nhsn,2024-2025,Iowa,early_sep_mar,Early Sep-Mar,2025-02,0.1171086071857685,0.1129551584349969,0.185,91.5915750915751
nhsn,2024-2025,Iowa,early_sep_mar,Early Sep-Mar,2025-03,0.09997244080267559,0.07913577660659675,0.12500891612903228,39.34432234432235
nhsn,2024-2025,Iowa,early_sep_mar,Early Sep-Mar,2025-04,0.0,0.0,0.0,9.45970695970696
nhsn,2024-2025,Iowa,early_sep_mar,Early Sep-Mar,2025-05,0.0,0.0,0.0,1.3388278388278387
nhsn,2024-2025,Iowa,early_sep_mar,Early Sep-Mar,2025-06,0.0,0.0,0.0,0.32051282051282043
nhsn,2024-2025,Iowa,extended_sep_apr,Extended Sep-Apr,2024-02,0.0,0.06123376982905983,0.04108541666666665,0.010989010989010988
nhsn,2024-2025,Iowa,extended_sep_apr,Extended Sep-Apr,2024-03,0.14982613742964354,0.1478354946097766,0.1814790322580645,5.0787545787545785
nhsn,2024-2025,Iowa,extended_sep_apr,Extended Sep-Apr,2024-04,0.15288243579148125,0.15281508109264058,0.18499999999999991,26.435897435897438
nhsn,2024-2025,Iowa,extended_sep_apr,Extended Sep-Apr,2024-05,0.14836538329107382,0.14850755274719704,0.18499999999999997,89.34432234432234
nhsn,2024-2025,Iowa,extended_sep_apr,Extended Sep-Apr,2024-06,0.1490622654793953,0.1488582502912324,0.18499999999999991,166.7967032967033
nhsn,2024-2025,Iowa,extended_sep_apr,Extended Sep-Apr,2024-07,0.14761316322853374,0.14763238521415328,0.18499999999999997,236.07509157509156
nhsn,2024-2025,Iowa,extended_sep_apr,Extended Sep-Apr,2024-08,0.14531250830551737,0.14443523581055417,0.18499999999999997,264.7142857142858
nhsn,2024-2025,Iowa,extended_sep_apr,Extended Sep-Apr,2024-09,0.14475735139279328,0.14454799369023622,0.18499999999999997,263.8901098901099
nhsn,2024-2025,Iowa,extended_sep_apr,Extended Sep-Apr,2024-10,0.14814308751418775,0.14776685233345932,0.185,273.507326007326
nhsn,2024-2025,Iowa,extended_sep_apr,Extended Sep-Apr,2024-11,0.14758124465087155,0.14641614162165542,0.18499999999999997,259.92857142857144
nhsn,2024-2025,Iowa,extended_sep_apr,Extended Sep-Apr,2024-12,0.14280484925557083,0.13887645261966175,0.185,245.6923076923077
nhsn,2024-2025,Iowa,extended_sep_apr,Extended Sep-Apr,2025-01,0.1276919901458835,0.12530081930789677,0.185,181.8040293040293
nhsn,2024-2025,Iowa,extended_sep_apr,Extended Sep-Apr,2025-02,0.1171086071857685,0.1129551584349969,0.185,91.5915750915751
nhsn,2024-2025,Iowa,extended_sep_apr,Extended Sep-Apr,2025-03,0.1017464241265427,0.09850334884744508,0.185,39.34432234432235
nhsn,2024-2025,Iowa,extended_sep_apr,Extended Sep-Apr,2025-04,0.08935278308073252,0.07476191338827917,0.12300921333333335,9.459706959706962
nhsn,2024-2025,Iowa,extended_sep_apr,Extended Sep-Apr,2025-05,0.0,0.0,0.0,1.3388278388278387
nhsn,2024-2025,Iowa,extended_sep_apr,Extended Sep-Apr,2025-06,0.0,0.0,0.0,0.32051282051282043
nhsn,2024-2025,Iowa,late_oct_apr,Late Oct-Apr,2024-02,0.0,0.0,0.0,0.010989010989010988
nhsn,2024-2025,Iowa,late_oct_apr,Late Oct-Apr,2024-03,0.0,0.028593061356840366,0.03425483870967742,5.0787545787545785
nhsn,2024-2025,Iowa,late_oct_apr,Late Oct-Apr,2024-04,0.15297955039710612,0.1525546770601707,0.18499999999999991,26.435897435897438
nhsn,2024-2025,Iowa,late_oct_apr,Late Oct-Apr,2024-05,0.14277790593894346,0.14340236063937398,0.18499999999999997,89.34432234432234
nhsn,2024-2025,Iowa,late_oct_apr,Late Oct-Apr,2024-06,0.1491082194417709,0.14896201176970267,0.18499999999999991,166.7967032967033
nhsn,2024-2025,Iowa,late_oct_apr,Late Oct-Apr,2024-07,0.14651107478447126,0.14646161206512656,0.18499999999999997,236.07509157509156
nhsn,2024-2025,Iowa,late_oct_apr,Late Oct-Apr,2024-08,0.14842740588100425,0.14842017668297627,0.18499999999999997,264.7142857142858
nhsn,2024-2025,Iowa,late_oct_apr,Late Oct-Apr,2024-09,0.14734018111332414,0.1473337412543484,0.18499999999999991,263.8901098901099
nhsn,2024-2025,Iowa,late_oct_apr,Late Oct-Apr,2024-10,0.14814308751418775,0.14776685233345932,0.185,273.507326007326
nhsn,2024-2025,Iowa,late_oct_apr,Late Oct-Apr,2024-11,0.14758124465087155,0.14641614162165542,0.18499999999999997,259.92857142857144
nhsn,2024-2025,Iowa,late_oct_apr,Late Oct-Apr,2024-12,0.14280484925557083,0.13887645261966175,0.185,245.6923076923077
nhsn,2024-2025,Iowa,late_oct_apr,Late Oct-Apr,2025-01,0.1276919901458835,0.12530081930789677,0.185,181.8040293040293
nhsn,2024-2025,Iowa,late_oct_apr,Late Oct-Apr,2025-02,0.1171086071857685,0.1129551584349969,0.185,91.5915750915751
nhsn,2024-2025,Iowa,late_oct_apr,Late Oct-Apr,2025-03,0.1017464241265427,0.09850334884744508,0.185,39.34432234432235
nhsn,2024-2025,Iowa,late_oct_apr,Late Oct-Apr,2025-04,0.08935278308073252,0.07476191338827917,0.12300921333333335,9.459706959706962
nhsn,2024-2025,Iowa,late_oct_apr,Late Oct-Apr,2025-05,0.0,0.0,0.0,1.3388278388278387
nhsn,2024-2025,Iowa,late_oct_apr,Late Oct-Apr,2025-06,0.0,0.0,0.0,0.32051282051282043
nhsn,2024-2025,Kansas,baseline_oct_mar,Baseline Oct-Mar,2024-02,0.0,0.0,0.0,0.20146520146520147
nhsn,2024-2025,Kansas,baseline_oct_mar,Baseline Oct-Mar,2024-03,0.0,0.028913449137959638,0.03425483870967742,3.3369963369963367
nhsn,2024-2025,Kansas,baseline_oct_mar,Baseline Oct-Mar,2024-04,0.1493733551630851,0.14930963312463122,0.18499999999999991,18.63919413919414
nhsn,2024-2025,Kansas,baseline_oct_mar,Baseline Oct-Mar,2024-05,0.14653309925895,0.14582287383566736,0.18499999999999997,77.86446886446885
nhsn,2024-2025,Kansas,baseline_oct_mar,Baseline Oct-Mar,2024-06,0.1485178835057595,0.14846853330543902,0.18499999999999991,136.68864468864467
nhsn,2024-2025,Kansas,baseline_oct_mar,Baseline Oct-Mar,2024-07,0.14777633667403203,0.14730245009490867,0.18499999999999997,193.82051282051282
nhsn,2024-2025,Kansas,baseline_oct_mar,Baseline Oct-Mar,2024-08,0.1481123567766462,0.14811625287444838,0.18499999999999997,210.0915750915751
nhsn,2024-2025,Kansas,baseline_oct_mar,Baseline Oct-Mar,2024-09,0.147715341860222,0.14747237811867694,0.18499999999999991,206.6263736263736
nhsn,2024-2025,Kansas,baseline_oct_mar,Baseline Oct-Mar,2024-10,0.1468045772543246,0.14691985922498868,0.185,215.5915750915751
nhsn,2024-2025,Kansas,baseline_oct_mar,Baseline Oct-Mar,2024-11,0.14832209259266105,0.14741731994236956,0.18499999999999997,205.93406593406593
nhsn,2024-2025,Kansas,baseline_oct_mar,Baseline Oct-Mar,2024-12,0.14282773502801427,0.1355472657165718,0.185,196.12087912087912
nhsn,2024-2025,Kansas,baseline_oct_mar,Baseline Oct-Mar,2025-01,0.1314670456021551,0.12651941567732372,0.185,136.27106227106228
nhsn,2024-2025,Kansas,baseline_oct_mar,Baseline Oct-Mar,2025-02,0.11414299150938667,0.10565569895439779,0.185,67.63186813186815
nhsn,2024-2025,Kansas,baseline_oct_mar,Baseline Oct-Mar,2025-03,0.08779782442735411,0.07477437598969823,0.12500891612903228,23.514652014652015
nhsn,2024-2025,Kansas,baseline_oct_mar,Baseline Oct-Mar,2025-04,0.0,0.0,0.0,6.168498168498168
nhsn,2024-2025,Kansas,baseline_oct_mar,Baseline Oct-Mar,2025-05,0.0,0.0,0.0,2.8058608058608066
nhsn,2024-2025,Kansas,baseline_oct_mar,Baseline Oct-Mar,2025-06,0.0,0.0,0.0,0.4358974358974359
nhsn,2024-2025,Kansas,early_sep_mar,Early Sep-Mar,2024-02,0.0,0.06159562142274116,0.04108541666666665,0.20146520146520147
nhsn,2024-2025,Kansas,early_sep_mar,Early Sep-Mar,2024-03,0.15144760170711646,0.14969687466014264,0.1814790322580645,3.3369963369963367
nhsn,2024-2025,Kansas,early_sep_mar,Early Sep-Mar,2024-04,0.1493733551630851,0.14971090507962978,0.18499999999999991,18.63919413919414
nhsn,2024-2025,Kansas,early_sep_mar,Early Sep-Mar,2024-05,0.14842609698996653,0.14841597312671653,0.18499999999999997,77.86446886446885
nhsn,2024-2025,Kansas,early_sep_mar,Early Sep-Mar,2024-06,0.1485178835057595,0.14835838017587893,0.18499999999999991,136.68864468864467
nhsn,2024-2025,Kansas,early_sep_mar,Early Sep-Mar,2024-07,0.14764348805734545,0.14763116105240967,0.18499999999999997,193.82051282051282
nhsn,2024-2025,Kansas,early_sep_mar,Early Sep-Mar,2024-08,0.14616423768216516,0.14590560345370057,0.18499999999999997,210.0915750915751
nhsn,2024-2025,Kansas,early_sep_mar,Early Sep-Mar,2024-09,0.1460878665749835,0.14594573462757507,0.18499999999999997,206.62637362637363
nhsn,2024-2025,Kansas,early_sep_mar,Early Sep-Mar,2024-10,0.1468045772543246,0.14691985922498868,0.185,215.5915750915751
nhsn,2024-2025,Kansas,early_sep_mar,Early Sep-Mar,2024-11,0.14832209259266105,0.14741731994236956,0.18499999999999997,205.93406593406593
nhsn,2024-2025,Kansas,early_sep_mar,Early Sep-Mar,2024-12,0.14282773502801427,0.1355472657165718,0.185,196.12087912087912
nhsn,2024-2025,Kansas,early_sep_mar,Early Sep-Mar,2025-01,0.1314670456021551,0.12651941567732372,0.185,136.27106227106228
nhsn,2024-2025,Kansas,early_sep_mar,Early Sep-Mar,2025-02,0.11414299150938667,0.10565569895439779,0.185,67.63186813186815
nhsn,2024-2025,Kansas,early_sep_mar,Early Sep-Mar,2025-03,0.08779782442735411,0.07477437598969823,0.12500891612903228,23.514652014652015
nhsn,2024-2025,Kansas,early_sep_mar,Early Sep-Mar,2025-04,0.0,0.0,0.0,6.168498168498168
nhsn,2024-2025,Kansas,early_sep_mar,Early Sep-Mar,2025-05,0.0,0.0,0.0,2.8058608058608066
nhsn,2024-2025,Kansas,early_sep_mar,Early Sep-Mar,2025-06,0.0,0.0,0.0,0.4358974358974359
nhsn,2024-2025,Kansas,extended_sep_apr,Extended Sep-Apr,2024-02,0.0,0.06159562142274116,0.04108541666666665,0.20146520146520147
nhsn,2024-2025,Kansas,extended_sep_apr,Extended Sep-Apr,2024-03,0.15144760170711646,0.14969687466014264,0.1814790322580645,3.3369963369963367
nhsn,2024-2025,Kansas,extended_sep_apr,Extended Sep-Apr,2024-04,0.1493733551630851,0.14971090507962978,0.18499999999999991,18.63919413919414
nhsn,2024-2025,Kansas,extended_sep_apr,Extended Sep-Apr,2024-05,0.14842609698996653,0.14841597312671653,0.18499999999999997,77.86446886446885
nhsn,2024-2025,Kansas,extended_sep_apr,Extended Sep-Apr,2024-06,0.1485178835057595,0.14835838017587893,0.18499999999999991,136.68864468864467
nhsn,2024-2025,Kansas,extended_sep_apr,Extended Sep-Apr,2024-07,0.14764348805734545,0.14763116105240967,0.18499999999999997,193.82051282051282
nhsn,2024-2025,Kansas,extended_sep_apr,Extended Sep-Apr,2024-08,0.14616423768216516,0.14590560345370057,0.18499999999999997,210.0915750915751
nhsn,2024-2025,Kansas,extended_sep_apr,Extended Sep-Apr,2024-09,0.1460878665749835,0.14594573462757507,0.18499999999999997,206.62637362637363
nhsn,2024-2025,Kansas,extended_sep_apr,Extended Sep-Apr,2024-10,0.1468045772543246,0.14691985922498868,0.185,215.5915750915751
nhsn,2024-2025,Kansas,extended_sep_apr,Extended Sep-Apr,2024-11,0.14832209259266105,0.14741731994236956,0.18499999999999997,205.93406593406593
nhsn,2024-2025,Kansas,extended_sep_apr,Extended Sep-Apr,2024-12,0.14282773502801427,0.1355472657165718,0.185,196.12087912087912
nhsn,2024-2025,Kansas,extended_sep_apr,Extended Sep-Apr,2025-01,0.1314670456021551,0.12651941567732372,0.185,136.27106227106228
nhsn,2024-2025,Kansas,extended_sep_apr,Extended Sep-Apr,2025-02,0.11414299150938667,0.10565569895439779,0.185,67.63186813186815
nhsn,2024-2025,Kansas,extended_sep_apr,Extended Sep-Apr,2025-03,0.09353785553283193,0.096999221507328,0.185,23.514652014652015
nhsn,2024-2025,Kansas,extended_sep_apr,Extended Sep-Apr,2025-04,0.11266499704295704,0.08488122062516137,0.12300921333333335,6.16849816849817
nhsn,2024-2025,Kansas,extended_sep_apr,Extended Sep-Apr,2025-05,0.0,0.0,0.0,2.8058608058608066
nhsn,2024-2025,Kansas,extended_sep_apr,Extended Sep-Apr,2025-06,0.0,0.0,0.0,0.4358974358974359
nhsn,2024-2025,Kansas,late_oct_apr,Late Oct-Apr,2024-02,0.0,0.0,0.0,0.20146520146520147
nhsn,2024-2025,Kansas,late_oct_apr,Late Oct-Apr,2024-03,0.0,0.028913449137959638,0.03425483870967742,3.3369963369963367
nhsn,2024-2025,Kansas,late_oct_apr,Late Oct-Apr,2024-04,0.1493733551630851,0.14930963312463122,0.18499999999999991,18.63919413919414
nhsn,2024-2025,Kansas,late_oct_apr,Late Oct-Apr,2024-05,0.14653309925895,0.14582287383566736,0.18499999999999997,77.86446886446885
nhsn,2024-2025,Kansas,late_oct_apr,Late Oct-Apr,2024-06,0.1485178835057595,0.14846853330543902,0.18499999999999991,136.68864468864467
nhsn,2024-2025,Kansas,late_oct_apr,Late Oct-Apr,2024-07,0.14777633667403203,0.14730245009490867,0.18499999999999997,193.82051282051282
nhsn,2024-2025,Kansas,late_oct_apr,Late Oct-Apr,2024-08,0.1481123567766462,0.14811625287444838,0.18499999999999997,210.0915750915751
nhsn,2024-2025,Kansas,late_oct_apr,Late Oct-Apr,2024-09,0.147715341860222,0.14747237811867694,0.18499999999999991,206.6263736263736
nhsn,2024-2025,Kansas,late_oct_apr,Late Oct-Apr,2024-10,0.1468045772543246,0.14691985922498868,0.185,215.5915750915751
nhsn,2024-2025,Kansas,late_oct_apr,Late Oct-Apr,2024-11,0.14832209259266105,0.14741731994236956,0.18499999999999997,205.93406593406593
nhsn,2024-2025,Kansas,late_oct_apr,Late Oct-Apr,2024-12,0.14282773502801427,0.1355472657165718,0.185,196.12087912087912
nhsn,2024-2025,Kansas,late_oct_apr,Late Oct-Apr,2025-01,0.1314670456021551,0.12651941567732372,0.185,136.27106227106228
nhsn,2024-2025,Kansas,late_oct_apr,Late Oct-Apr,2025-02,0.11414299150938667,0.10565569895439779,0.185,67.63186813186815
nhsn,2024-2025,Kansas,late_oct_apr,Late Oct-Apr,2025-03,0.09353785553283193,0.096999221507328,0.185,23.514652014652015
nhsn,2024-2025,Kansas,late_oct_apr,Late Oct-Apr,2025-04,0.11266499704295704,0.08488122062516137,0.12300921333333335,6.16849816849817
nhsn,2024-2025,Kansas,late_oct_apr,Late Oct-Apr,2025-05,0.0,0.0,0.0,2.8058608058608066
nhsn,2024-2025,Kansas,late_oct_apr,Late Oct-Apr,2025-06,0.0,0.0,0.0,0.4358974358974359
nhsn,2024-2025,Kentucky,baseline_oct_mar,Baseline Oct-Mar,2024-02,0.0,0.0,0.0,1.2326007326007324
nhsn,2024-2025,Kentucky,baseline_oct_mar,Baseline Oct-Mar,2024-03,0.0,0.02869312017786887,0.03425483870967742,22.562271062271062
nhsn,2024-2025,Kentucky,baseline_oct_mar,Baseline Oct-Mar,2024-04,0.15031271579890698,0.1497100183017303,0.18499999999999991,105.63553113553114
nhsn,2024-2025,Kentucky,baseline_oct_mar,Baseline Oct-Mar,2024-05,0.13915689353423982,0.13949468448696264,0.18499999999999997,245.96153846153845
nhsn,2024-2025,Kentucky,baseline_oct_mar,Baseline Oct-Mar,2024-06,0.14916754185908437,0.14876224927609133,0.18499999999999991,299.00549450549454
nhsn,2024-2025,Kentucky,baseline_oct_mar,Baseline Oct-Mar,2024-07,0.14238901210332472,0.14207400736095177,0.18499999999999997,351.2619047619047
nhsn,2024-2025,Kentucky,baseline_oct_mar,Baseline Oct-Mar,2024-08,0.14888224457219848,0.14886719168764023,0.18499999999999997,376.4725274725274
nhsn,2024-2025,Kentucky,baseline_oct_mar,Baseline Oct-Mar,2024-09,0.14768579647046584,0.1470338430756018,0.18499999999999991,378.11172161172163
nhsn,2024-2025,Kentucky,baseline_oct_mar,Baseline Oct-Mar,2024-10,0.1469456798296206,0.1460785802880424,0.185,396.08241758241763
nhsn,2024-2025,Kentucky,baseline_oct_mar,Baseline Oct-Mar,2024-11,0.1453377020760426,0.14046424986083875,0.18499999999999997,364.13553113553115
nhsn,2024-2025,Kentucky,baseline_oct_mar,Baseline Oct-Mar,2024-12,0.1257634198837613,0.12177377317620494,0.185,287.7472527472528
nhsn,2024-2025,Kentucky,baseline_oct_mar,Baseline Oct-Mar,2025-01,0.13086176632179808,0.12613303803288786,0.185,150.3956043956044
nhsn,2024-2025,Kentucky,baseline_oct_mar,Baseline Oct-Mar,2025-02,0.12701074892485037,0.12209553332222561,0.185,81.63736263736263
nhsn,2024-2025,Kentucky,baseline_oct_mar,Baseline Oct-Mar,2025-03,0.12070963440704376,0.08901815574224807,0.12500891612903228,49.217948717948715
nhsn,2024-2025,Kentucky,baseline_oct_mar,Baseline Oct-Mar,2025-04,0.0,0.0,0.0,22.979853479853478
nhsn,2024-2025,Kentucky,baseline_oct_mar,Baseline Oct-Mar,2025-05,0.0,0.0,0.0,9.316849816849818
nhsn,2024-2025,Kentucky,baseline_oct_mar,Baseline Oct-Mar,2025-06,0.0,0.0,0.0,2.0897435897435894
nhsn,2024-2025,Kentucky,early_sep_mar,Early Sep-Mar,2024-02,0.0,0.04754261382785268,0.04108541666666665,1.2326007326007324
nhsn,2024-2025,Kentucky,early_sep_mar,Early Sep-Mar,2024-03,0.15101914355383267,0.14922609793070976,0.1814790322580645,22.562271062271062
nhsn,2024-2025,Kentucky,early_sep_mar,Early Sep-Mar,2024-04,0.15031271579890698,0.15045565074784875,0.18499999999999991,105.63553113553114
nhsn,2024-2025,Kentucky,early_sep_mar,Early Sep-Mar,2024-05,0.14867447005175183,0.14875263752733878,0.18499999999999997,245.96153846153845
nhsn,2024-2025,Kentucky,early_sep_mar,Early Sep-Mar,2024-06,0.14916754185908437,0.14901440711709774,0.18499999999999991,299.00549450549454
nhsn,2024-2025,Kentucky,early_sep_mar,Early Sep-Mar,2024-07,0.14813681812684346,0.1481499822762281,0.18499999999999997,351.2619047619047
nhsn,2024-2025,Kentucky,early_sep_mar,Early Sep-Mar,2024-08,0.1463193072588836,0.1455929450173025,0.18499999999999997,376.4725274725274
nhsn,2024-2025,Kentucky,early_sep_mar,Early Sep-Mar,2024-09,0.14350241227143007,0.1441135059283747,0.18499999999999997,378.11172161172163
nhsn,2024-2025,Kentucky,early_sep_mar,Early Sep-Mar,2024-10,0.1469456798296206,0.1460785802880424,0.185,396.08241758241763
nhsn,2024-2025,Kentucky,early_sep_mar,Early Sep-Mar,2024-11,0.1453377020760426,0.14046424986083875,0.18499999999999997,364.13553113553115
nhsn,2024-2025,Kentucky,early_sep_mar,Early Sep-Mar,2024-12,0.1257634198837613,0.12177377317620494,0.185,287.7472527472528
nhsn,2024-2025,Kentucky,early_sep_mar,Early Sep-Mar,2025-01,0.13086176632179808,0.12613303803288786,0.185,150.3956043956044
nhsn,2024-2025,Kentucky,early_sep_mar,Early Sep-Mar,2025-02,0.12701074892485037,0.12209553332222561,0.185,81.63736263736263
nhsn,2024-2025,Kentucky,early_sep_mar,Early Sep-Mar,2025-03,0.12070963440704376,0.08901815574224807,0.12500891612903228,49.217948717948715
nhsn,2024-2025,Kentucky,early_sep_mar,Early Sep-Mar,2025-04,0.0,0.0,0.0,22.979853479853478
nhsn,2024-2025,Kentucky,early_sep_mar,Early Sep-Mar,2025-05,0.0,0.0,0.0,9.316849816849818
nhsn,2024-2025,Kentucky,early_sep_mar,Early Sep-Mar,2025-06,0.0,0.0,0.0,2.0897435897435894
nhsn,2024-2025,Kentucky,extended_sep_apr,Extended Sep-Apr,2024-02,0.0,0.04754261382785268,0.04108541666666665,1.2326007326007324
nhsn,2024-2025,Kentucky,extended_sep_apr,Extended Sep-Apr,2024-03,0.15101914355383267,0.14922609793070976,0.1814790322580645,22.562271062271062
nhsn,2024-2025,Kentucky,extended_sep_apr,Extended Sep-Apr,2024-04,0.15031271579890698,0.15045565074784875,0.18499999999999991,105.63553113553114
nhsn,2024-2025,Kentucky,extended_sep_apr,Extended Sep-Apr,2024-05,0.14867447005175183,0.14875263752733878,0.18499999999999997,245.96153846153845
nhsn,2024-2025,Kentucky,extended_sep_apr,Extended Sep-Apr,2024-06,0.14916754185908437,0.14901440711709774,0.18499999999999991,299.00549450549454
nhsn,2024-2025,Kentucky,extended_sep_apr,Extended Sep-Apr,2024-07,0.14813681812684346,0.1481499822762281,0.18499999999999997,351.2619047619047
nhsn,2024-2025,Kentucky,extended_sep_apr,Extended Sep-Apr,2024-08,0.1463193072588836,0.1455929450173025,0.18499999999999997,376.4725274725274
nhsn,2024-2025,Kentucky,extended_sep_apr,Extended Sep-Apr,2024-09,0.14350241227143007,0.1441135059283747,0.18499999999999997,378.11172161172163
nhsn,2024-2025,Kentucky,extended_sep_apr,Extended Sep-Apr,2024-10,0.1469456798296206,0.1460785802880424,0.185,396.08241758241763
nhsn,2024-2025,Kentucky,extended_sep_apr,Extended Sep-Apr,2024-11,0.1453377020760426,0.14046424986083875,0.18499999999999997,364.13553113553115
nhsn,2024-2025,Kentucky,extended_sep_apr,Extended Sep-Apr,2024-12,0.1257634198837613,0.12177377317620494,0.185,287.7472527472528
nhsn,2024-2025,Kentucky,extended_sep_apr,Extended Sep-Apr,2025-01,0.13086176632179808,0.12613303803288786,0.185,150.3956043956044
nhsn,2024-2025,Kentucky,extended_sep_apr,Extended Sep-Apr,2025-02,0.12701074892485037,0.12209553332222561,0.185,81.63736263736263
nhsn,2024-2025,Kentucky,extended_sep_apr,Extended Sep-Apr,2025-03,0.12263320710324162,0.11860827049084846,0.185,49.217948717948715
nhsn,2024-2025,Kentucky,extended_sep_apr,Extended Sep-Apr,2025-04,0.12482827764403177,0.08889252549540536,0.12300921333333335,22.979853479853478
nhsn,2024-2025,Kentucky,extended_sep_apr,Extended Sep-Apr,2025-05,0.0,0.0,0.0,9.316849816849818
nhsn,2024-2025,Kentucky,extended_sep_apr,Extended Sep-Apr,2025-06,0.0,0.0,0.0,2.0897435897435894
nhsn,2024-2025,Kentucky,late_oct_apr,Late Oct-Apr,2024-02,0.0,0.0,0.0,1.2326007326007324
nhsn,2024-2025,Kentucky,late_oct_apr,Late Oct-Apr,2024-03,0.0,0.02869312017786887,0.03425483870967742,22.562271062271062
nhsn,2024-2025,Kentucky,late_oct_apr,Late Oct-Apr,2024-04,0.15031271579890698,0.1497100183017303,0.18499999999999991,105.63553113553114
nhsn,2024-2025,Kentucky,late_oct_apr,Late Oct-Apr,2024-05,0.13915689353423982,0.13949468448696264,0.18499999999999997,245.96153846153845
nhsn,2024-2025,Kentucky,late_oct_apr,Late Oct-Apr,2024-06,0.14916754185908437,0.14876224927609133,0.18499999999999991,299.00549450549454
nhsn,2024-2025,Kentucky,late_oct_apr,Late Oct-Apr,2024-07,0.14238901210332472,0.14207400736095177,0.18499999999999997,351.2619047619047
nhsn,2024-2025,Kentucky,late_oct_apr,Late Oct-Apr,2024-08,0.14888224457219848,0.14886719168764023,0.18499999999999997,376.4725274725274
nhsn,2024-2025,Kentucky,late_oct_apr,Late Oct-Apr,2024-09,0.14768579647046584,0.1470338430756018,0.18499999999999991,378.11172161172163
nhsn,2024-2025,Kentucky,late_oct_apr,Late Oct-Apr,2024-10,0.1469456798296206,0.1460785802880424,0.185,396.08241758241763
nhsn,2024-2025,Kentucky,late_oct_apr,Late Oct-Apr,2024-11,0.1453377020760426,0.14046424986083875,0.18499999999999997,364.13553113553115
nhsn,2024-2025,Kentucky,late_oct_apr,Late Oct-Apr,2024-12,0.1257634198837613,0.12177377317620494,0.185,287.7472527472528
nhsn,2024-2025,Kentucky,late_oct_apr,Late Oct-Apr,2025-01,0.13086176632179808,0.12613303803288786,0.185,150.3956043956044
nhsn,2024-2025,Kentucky,late_oct_apr,Late Oct-Apr,2025-02,0.12701074892485037,0.12209553332222561,0.185,81.63736263736263
nhsn,2024-2025,Kentucky,late_oct_apr,Late Oct-Apr,2025-03,0.12263320710324162,0.11860827049084846,0.185,49.217948717948715
nhsn,2024-2025,Kentucky,late_oct_apr,Late Oct-Apr,2025-04,0.12482827764403177,0.08889252549540536,0.12300921333333335,22.979853479853478
nhsn,2024-2025,Kentucky,late_oct_apr,Late Oct-Apr,2025-05,0.0,0.0,0.0,9.316849816849818
nhsn,2024-2025,Kentucky,late_oct_apr,Late Oct-Apr,2025-06,0.0,0.0,0.0,2.0897435897435894
nhsn,2024-2025,Louisiana,baseline_oct_mar,Baseline Oct-Mar,2024-02,0.0,0.0,0.0,1.3443223443223442
nhsn,2024-2025,Louisiana,baseline_oct_mar,Baseline Oct-Mar,2024-03,0.0,0.02868633325461902,0.03425483870967742,44.591575091575095
nhsn,2024-2025,Louisiana,baseline_oct_mar,Baseline Oct-Mar,2024-04,0.15219742923742927,0.15080929949186028,0.18499999999999991,179.85164835164838
nhsn,2024-2025,Louisiana,baseline_oct_mar,Baseline Oct-Mar,2024-05,0.13100816081983085,0.13189158442583326,0.18499999999999997,316.0567765567766
nhsn,2024-2025,Louisiana,baseline_oct_mar,Baseline Oct-Mar,2024-06,0.15067744791106333,0.1494741342587489,0.18499999999999991,352.0274725274725
nhsn,2024-2025,Louisiana,baseline_oct_mar,Baseline Oct-Mar,2024-07,0.13513120690735317,0.13470648972028082,0.18499999999999997,386.1483516483517
nhsn,2024-2025,Louisiana,baseline_oct_mar,Baseline Oct-Mar,2024-08,0.15037075444291984,0.15015819367068067,0.18499999999999997,396.33150183150184
nhsn,2024-2025,Louisiana,baseline_oct_mar,Baseline Oct-Mar,2024-09,0.148960788020505,0.14881861365253063,0.18499999999999991,391.3663003663004
nhsn,2024-2025,Louisiana,baseline_oct_mar,Baseline Oct-Mar,2024-10,0.14836346602729494,0.14628206201324465,0.185,407.6611721611722
nhsn,2024-2025,Louisiana,baseline_oct_mar,Baseline Oct-Mar,2024-11,0.13857558638353884,0.13114765712468351,0.18499999999999997,352.9157509157509
nhsn,2024-2025,Louisiana,baseline_oct_mar,Baseline Oct-Mar,2024-12,0.11528460525309478,0.11307478704623324,0.185,222.08608058608058
nhsn,2024-2025,Louisiana,baseline_oct_mar,Baseline Oct-Mar,2025-01,0.1245743678406004,0.11869547320973922,0.185,91.94871794871796
nhsn,2024-2025,Louisiana,baseline_oct_mar,Baseline Oct-Mar,2025-02,0.1211078579743302,0.11820398771679469,0.185,42.166666666666664
nhsn,2024-2025,Louisiana,baseline_oct_mar,Baseline Oct-Mar,2025-03,0.1296779576949768,0.0935856067277533,0.12500891612903228,24.8003663003663
nhsn,2024-2025,Louisiana,baseline_oct_mar,Baseline Oct-Mar,2025-04,0.0,0.0,0.0,14.20879120879121
nhsn,2024-2025,Louisiana,baseline_oct_mar,Baseline Oct-Mar,2025-05,0.0,0.0,0.0,6.4945054945054945
nhsn,2024-2025,Louisiana,baseline_oct_mar,Baseline Oct-Mar,2025-06,0.0,0.0,0.0,1.4358974358974357
nhsn,2024-2025,Louisiana,early_sep_mar,Early Sep-Mar,2024-02,0.0,0.04740193845008568,0.04108541666666665,1.3443223443223442
nhsn,2024-2025,Louisiana,early_sep_mar,Early Sep-Mar,2024-03,0.1505338194593409,0.14869348746999753,0.1814790322580645,44.591575091575095
nhsn,2024-2025,Louisiana,early_sep_mar,Early Sep-Mar,2024-04,0.15219742923742927,0.15190411241416274,0.18499999999999991,179.85164835164838
nhsn,2024-2025,Louisiana,early_sep_mar,Early Sep-Mar,2024-05,0.1487946620503679,0.1490190930227425,0.18499999999999997,316.0567765567766
nhsn,2024-2025,Louisiana,early_sep_mar,Early Sep-Mar,2024-06,0.15067744791106333,0.1501161332563165,0.18499999999999991,352.0274725274725
nhsn,2024-2025,Louisiana,early_sep_mar,Early Sep-Mar,2024-07,0.1483689945392148,0.14845534232288785,0.18499999999999997,386.1483516483517
nhsn,2024-2025,Louisiana,early_sep_mar,Early Sep-Mar,2024-08,0.14722778054038516,0.14694300336537297,0.18499999999999997,396.33150183150184
nhsn,2024-2025,Louisiana,early_sep_mar,Early Sep-Mar,2024-09,0.1462978935349353,0.1465924017162701,0.18499999999999997,391.3663003663004
nhsn,2024-2025,Louisiana,early_sep_mar,Early Sep-Mar,2024-10,0.14836346602729494,0.14628206201324465,0.185,407.6611721611722
nhsn,2024-2025,Louisiana,early_sep_mar,Early Sep-Mar,2024-11,0.13857558638353884,0.13114765712468351,0.18499999999999997,352.9157509157509
nhsn,2024-2025,Louisiana,early_sep_mar,Early Sep-Mar,2024-12,0.11528460525309478,0.11307478704623324,0.185,222.08608058608058
nhsn,2024-2025,Louisiana,early_sep_mar,Early Sep-Mar,2025-01,0.1245743678406004,0.11869547320973922,0.185,91.94871794871796
nhsn,2024-2025,Louisiana,early_sep_mar,Early Sep-Mar,2025-02,0.1211078579743302,0.11820398771679469,0.185,42.166666666666664
nhsn,2024-2025,Louisiana,early_sep_mar,Early Sep-Mar,2025-03,0.1296779576949768,0.0935856067277533,0.12500891612903228,24.8003663003663
nhsn,2024-2025,Louisiana,early_sep_mar,Early Sep-Mar,2025-04,0.0,0.0,0.0,14.20879120879121
nhsn,2024-2025,Louisiana,early_sep_mar,Early Sep-Mar,2025-05,0.0,0.0,0.0,6.4945054945054945
nhsn,2024-2025,Louisiana,early_sep_mar,Early Sep-Mar,2025-06,0.0,0.0,0.0,1.4358974358974357
nhsn,2024-2025,Louisiana,extended_sep_apr,Extended Sep-Apr,2024-02,0.0,0.04740193845008568,0.04108541666666665,1.3443223443223442
nhsn,2024-2025,Louisiana,extended_sep_apr,Extended Sep-Apr,2024-03,0.1505338194593409,0.14869348746999753,0.1814790322580645,44.591575091575095
nhsn,2024-2025,Louisiana,extended_sep_apr,Extended Sep-Apr,2024-04,0.15219742923742927,0.15190411241416274,0.18499999999999991,179.85164835164838
nhsn,2024-2025,Louisiana,extended_sep_apr,Extended Sep-Apr,2024-05,0.1487946620503679,0.1490190930227425,0.18499999999999997,316.0567765567766
nhsn,2024-2025,Louisiana,extended_sep_apr,Extended Sep-Apr,2024-06,0.15067744791106333,0.1501161332563165,0.18499999999999991,352.0274725274725
nhsn,2024-2025,Louisiana,extended_sep_apr,Extended Sep-Apr,2024-07,0.1483689945392148,0.14845534232288785,0.18499999999999997,386.1483516483517
nhsn,2024-2025,Louisiana,extended_sep_apr,Extended Sep-Apr,2024-08,0.14722778054038516,0.14694300336537297,0.18499999999999997,396.33150183150184
nhsn,2024-2025,Louisiana,extended_sep_apr,Extended Sep-Apr,2024-09,0.1462978935349353,0.1465924017162701,0.18499999999999997,391.3663003663004
nhsn,2024-2025,Louisiana,extended_sep_apr,Extended Sep-Apr,2024-10,0.14836346602729494,0.14628206201324465,0.185,407.6611721611722
nhsn,2024-2025,Louisiana,extended_sep_apr,Extended Sep-Apr,2024-11,0.13857558638353884,0.13114765712468351,0.18499999999999997,352.9157509157509
nhsn,2024-2025,Louisiana,extended_sep_apr,Extended Sep-Apr,2024-12,0.11528460525309478,0.11307478704623324,0.185,222.08608058608058
nhsn,2024-2025,Louisiana,extended_sep_apr,Extended Sep-Apr,2025-01,0.1245743678406004,0.11869547320973922,0.185,91.94871794871796
nhsn,2024-2025,Louisiana,extended_sep_apr,Extended Sep-Apr,2025-02,0.1211078579743302,0.11820398771679469,0.185,42.166666666666664
nhsn,2024-2025,Louisiana,extended_sep_apr,Extended Sep-Apr,2025-03,0.13241854158207383,0.1279733535923288,0.185,24.8003663003663
nhsn,2024-2025,Louisiana,extended_sep_apr,Extended Sep-Apr,2025-04,0.12171717264335664,0.0887603748183429,0.12300921333333335,14.20879120879121
nhsn,2024-2025,Louisiana,extended_sep_apr,Extended Sep-Apr,2025-05,0.0,0.0,0.0,6.4945054945054945
nhsn,2024-2025,Louisiana,extended_sep_apr,Extended Sep-Apr,2025-06,0.0,0.0,0.0,1.4358974358974357
nhsn,2024-2025,Louisiana,late_oct_apr,Late Oct-Apr,2024-02,0.0,0.0,0.0,1.3443223443223442
nhsn,2024-2025,Louisiana,late_oct_apr,Late Oct-Apr,2024-03,0.0,0.02868633325461902,0.03425483870967742,44.591575091575095
nhsn,2024-2025,Louisiana,late_oct_apr,Late Oct-Apr,2024-04,0.15219742923742927,0.15080929949186028,0.18499999999999991,179.85164835164838
nhsn,2024-2025,Louisiana,late_oct_apr,Late Oct-Apr,2024-05,0.13100816081983085,0.13189158442583326,0.18499999999999997,316.0567765567766
nhsn,2024-2025,Louisiana,late_oct_apr,Late Oct-Apr,2024-06,0.15067744791106333,0.1494741342587489,0.18499999999999991,352.0274725274725
nhsn,2024-2025,Louisiana,late_oct_apr,Late Oct-Apr,2024-07,0.13513120690735317,0.13470648972028082,0.18499999999999997,386.1483516483517
nhsn,2024-2025,Louisiana,late_oct_apr,Late Oct-Apr,2024-08,0.15037075444291984,0.15015819367068067,0.18499999999999997,396.33150183150184
nhsn,2024-2025,Louisiana,late_oct_apr,Late Oct-Apr,2024-09,0.148960788020505,0.14881861365253063,0.18499999999999991,391.3663003663004
nhsn,2024-2025,Louisiana,late_oct_apr,Late Oct-Apr,2024-10,0.14836346602729494,0.14628206201324465,0.185,407.6611721611722
nhsn,2024-2025,Louisiana,late_oct_apr,Late Oct-Apr,2024-11,0.13857558638353884,0.13114765712468351,0.18499999999999997,352.9157509157509
nhsn,2024-2025,Louisiana,late_oct_apr,Late Oct-Apr,2024-12,0.11528460525309478,0.11307478704623324,0.185,222.08608058608058
nhsn,2024-2025,Louisiana,late_oct_apr,Late Oct-Apr,2025-01,0.1245743678406004,0.11869547320973922,0.185,91.94871794871796
nhsn,2024-2025,Louisiana,late_oct_apr,Late Oct-Apr,2025-02,0.1211078579743302,0.11820398771679469,0.185,42.166666666666664
nhsn,2024-2025,Louisiana,late_oct_apr,Late Oct-Apr,2025-03,0.13241854158207383,0.1279733535923288,0.185,24.8003663003663
nhsn,2024-2025,Louisiana,late_oct_apr,Late Oct-Apr,2025-04,0.12171717264335664,0.0887603748183429,0.12300921333333335,14.20879120879121
nhsn,2024-2025,Louisiana,late_oct_apr,Late Oct-Apr,2025-05,0.0,0.0,0.0,6.4945054945054945
nhsn,2024-2025,Louisiana,late_oct_apr,Late Oct-Apr,2025-06,0.0,0.0,0.0,1.4358974358974357
nhsn,2024-2025,Maine,baseline_oct_mar,Baseline Oct-Mar,2024-02,,,0.0,0.0
nhsn,2024-2025,Maine,baseline_oct_mar,Baseline Oct-Mar,2024-03,0.0,0.03302413439638113,0.03425483870967742,0.6025641025641025
nhsn,2024-2025,Maine,baseline_oct_mar,Baseline Oct-Mar,2024-04,0.15234838489510488,0.1521745603148536,0.18499999999999991,3.758241758241758
nhsn,2024-2025,Maine,baseline_oct_mar,Baseline Oct-Mar,2024-05,0.14630715591226956,0.1462909924403176,0.18499999999999997,18.58608058608059
nhsn,2024-2025,Maine,baseline_oct_mar,Baseline Oct-Mar,2024-06,0.14871265081939608,0.14867391211198988,0.18499999999999991,40.78388278388278
nhsn,2024-2025,Maine,baseline_oct_mar,Baseline Oct-Mar,2024-07,0.14786005151370368,0.14772513931419326,0.18499999999999997,52.81501831501832
nhsn,2024-2025,Maine,baseline_oct_mar,Baseline Oct-Mar,2024-08,0.14829020719570282,0.14829857936356286,0.18499999999999997,58.35164835164835
nhsn,2024-2025,Maine,baseline_oct_mar,Baseline Oct-Mar,2024-09,0.1475647895927602,0.14724664630032352,0.18499999999999991,58.06410256410257
nhsn,2024-2025,Maine,baseline_oct_mar,Baseline Oct-Mar,2024-10,0.14774282869761815,0.1475303254931287,0.185,60.41025641025641
nhsn,2024-2025,Maine,baseline_oct_mar,Baseline Oct-Mar,2024-11,0.148360027308898,0.14777327992377134,0.18499999999999997,57.858974358974365
nhsn,2024-2025,Maine,baseline_oct_mar,Baseline Oct-Mar,2024-12,0.14846401656741695,0.14145949965311808,0.185,56.417582417582416
nhsn,2024-2025,Maine,baseline_oct_mar,Baseline Oct-Mar,2025-01,0.11930542444418027,0.1159926789490842,0.185,41.001831501831504
nhsn,2024-2025,Maine,baseline_oct_mar,Baseline Oct-Mar,2025-02,0.11698941114767589,0.11258144393897308,0.185,16.413919413919412
nhsn,2024-2025,Maine,baseline_oct_mar,Baseline Oct-Mar,2025-03,0.11199651934079906,0.08709863130399687,0.12500891612903228,7.80952380952381
nhsn,2024-2025,Maine,baseline_oct_mar,Baseline Oct-Mar,2025-04,0.0,0.0,0.0,2.1648351648351647
nhsn,2024-2025,Maine,baseline_oct_mar,Baseline Oct-Mar,2025-05,0.0,0.0,0.0,0.4487179487179487
nhsn,2024-2025,Maine,baseline_oct_mar,Baseline Oct-Mar,2025-06,,,0.0,0.0
nhsn,2024-2025,Maine,early_sep_mar,Early Sep-Mar,2024-02,,,0.04108541666666665,0.0
nhsn,2024-2025,Maine,early_sep_mar,Early Sep-Mar,2024-03,0.1498987357642358,0.1509373646006317,0.1814790322580645,0.6025641025641025
nhsn,2024-2025,Maine,early_sep_mar,Early Sep-Mar,2024-04,0.15226724830099478,0.15259837732373252,0.18499999999999991,3.758241758241758
nhsn,2024-2025,Maine,early_sep_mar,Early Sep-Mar,2024-05,0.14818520661039516,0.14838137672572557,0.18499999999999997,18.58608058608059
nhsn,2024-2025,Maine,early_sep_mar,Early Sep-Mar,2024-06,0.14863960839160845,0.14853994230192968,0.18499999999999991,40.78388278388278
nhsn,2024-2025,Maine,early_sep_mar,Early Sep-Mar,2024-07,0.14761782278481012,0.14762328087160964,0.18499999999999997,52.81501831501832
nhsn,2024-2025,Maine,early_sep_mar,Early Sep-Mar,2024-08,0.1437834015151515,0.1434725152870161,0.18499999999999997,58.35164835164835
nhsn,2024-2025,Maine,early_sep_mar,Early Sep-Mar,2024-09,0.14578673286581842,0.14463779049658007,0.18499999999999997,58.06410256410257
nhsn,2024-2025,Maine,early_sep_mar,Early Sep-Mar,2024-10,0.14774282869761815,0.1475303254931287,0.185,60.41025641025641
nhsn,2024-2025,Maine,early_sep_mar,Early Sep-Mar,2024-11,0.148360027308898,0.14777327992377134,0.18499999999999997,57.858974358974365
nhsn,2024-2025,Maine,early_sep_mar,Early Sep-Mar,2024-12,0.14846401656741695,0.14145949965311808,0.185,56.417582417582416
nhsn,2024-2025,Maine,early_sep_mar,Early Sep-Mar,2025-01,0.11930542444418027,0.1159926789490842,0.185,41.001831501831504
nhsn,2024-2025,Maine,early_sep_mar,Early Sep-Mar,2025-02,0.11698941114767589,0.11258144393897308,0.185,16.413919413919412
nhsn,2024-2025,Maine,early_sep_mar,Early Sep-Mar,2025-03,0.11199651934079906,0.08709863130399687,0.12500891612903228,7.80952380952381
nhsn,2024-2025,Maine,early_sep_mar,Early Sep-Mar,2025-04,0.0,0.0,0.0,2.1648351648351647
nhsn,2024-2025,Maine,early_sep_mar,Early Sep-Mar,2025-05,0.0,0.0,0.0,0.4487179487179487
nhsn,2024-2025,Maine,early_sep_mar,Early Sep-Mar,2025-06,,,0.0,0.0
nhsn,2024-2025,Maine,extended_sep_apr,Extended Sep-Apr,2024-02,,,0.04108541666666665,0.0
nhsn,2024-2025,Maine,extended_sep_apr,Extended Sep-Apr,2024-03,0.1498987357642358,0.1509373646006317,0.1814790322580645,0.6025641025641025
nhsn,2024-2025,Maine,extended_sep_apr,Extended Sep-Apr,2024-04,0.15226724830099478,0.15259837732373252,0.18499999999999991,3.758241758241758
nhsn,2024-2025,Maine,extended_sep_apr,Extended Sep-Apr,2024-05,0.14818520661039516,0.14838137672572557,0.18499999999999997,18.58608058608059
nhsn,2024-2025,Maine,extended_sep_apr,Extended Sep-Apr,2024-06,0.14863960839160845,0.14853994230192968,0.18499999999999991,40.78388278388278
nhsn,2024-2025,Maine,extended_sep_apr,Extended Sep-Apr,2024-07,0.14761782278481012,0.14762328087160964,0.18499999999999997,52.81501831501832
nhsn,2024-2025,Maine,extended_sep_apr,Extended Sep-Apr,2024-08,0.1437834015151515,0.1434725152870161,0.18499999999999997,58.35164835164835
nhsn,2024-2025,Maine,extended_sep_apr,Extended Sep-Apr,2024-09,0.14578673286581842,0.14463779049658007,0.18499999999999997,58.06410256410257
nhsn,2024-2025,Maine,extended_sep_apr,Extended Sep-Apr,2024-10,0.14774282869761815,0.1475303254931287,0.185,60.41025641025641
nhsn,2024-2025,Maine,extended_sep_apr,Extended Sep-Apr,2024-11,0.148360027308898,0.14777327992377134,0.18499999999999997,57.858974358974365
nhsn,2024-2025,Maine,extended_sep_apr,Extended Sep-Apr,2024-12,0.14846401656741695,0.14145949965311808,0.185,56.417582417582416
nhsn,2024-2025,Maine,extended_sep_apr,Extended Sep-Apr,2025-01,0.11930542444418027,0.1159926789490842,0.185,41.001831501831504
nhsn,2024-2025,Maine,extended_sep_apr,Extended Sep-Apr,2025-02,0.11698941114767589,0.11258144393897308,0.185,16.413919413919412
nhsn,2024-2025,Maine,extended_sep_apr,Extended Sep-Apr,2025-03,0.11199651934079906,0.10661028968501787,0.185,7.80952380952381
nhsn,2024-2025,Maine,extended_sep_apr,Extended Sep-Apr,2025-04,0.0628573076923077,0.07103509557978051,0.12300921333333335,2.164835164835165
nhsn,2024-2025,Maine,extended_sep_apr,Extended Sep-Apr,2025-05,0.0,0.0,0.0,0.4487179487179487
nhsn,2024-2025,Maine,extended_sep_apr,Extended Sep-Apr,2025-06,,,0.0,0.0
nhsn,2024-2025,Maine,late_oct_apr,Late Oct-Apr,2024-02,,,0.0,0.0
nhsn,2024-2025,Maine,late_oct_apr,Late Oct-Apr,2024-03,0.0,0.03302413439638113,0.03425483870967742,0.6025641025641025
nhsn,2024-2025,Maine,late_oct_apr,Late Oct-Apr,2024-04,0.15234838489510488,0.1521745603148536,0.18499999999999991,3.758241758241758
nhsn,2024-2025,Maine,late_oct_apr,Late Oct-Apr,2024-05,0.14630715591226956,0.1462909924403176,0.18499999999999997,18.58608058608059
nhsn,2024-2025,Maine,late_oct_apr,Late Oct-Apr,2024-06,0.14871265081939608,0.14867391211198988,0.18499999999999991,40.78388278388278
nhsn,2024-2025,Maine,late_oct_apr,Late Oct-Apr,2024-07,0.14786005151370368,0.14772513931419326,0.18499999999999997,52.81501831501832
nhsn,2024-2025,Maine,late_oct_apr,Late Oct-Apr,2024-08,0.14829020719570282,0.14829857936356286,0.18499999999999997,58.35164835164835
nhsn,2024-2025,Maine,late_oct_apr,Late Oct-Apr,2024-09,0.1475647895927602,0.14724664630032352,0.18499999999999991,58.06410256410257
nhsn,2024-2025,Maine,late_oct_apr,Late Oct-Apr,2024-10,0.14774282869761815,0.1475303254931287,0.185,60.41025641025641
nhsn,2024-2025,Maine,late_oct_apr,Late Oct-Apr,2024-11,0.148360027308898,0.14777327992377134,0.18499999999999997,57.858974358974365
nhsn,2024-2025,Maine,late_oct_apr,Late Oct-Apr,2024-12,0.14846401656741695,0.14145949965311808,0.185,56.417582417582416
nhsn,2024-2025,Maine,late_oct_apr,Late Oct-Apr,2025-01,0.11930542444418027,0.1159926789490842,0.185,41.001831501831504
nhsn,2024-2025,Maine,late_oct_apr,Late Oct-Apr,2025-02,0.11698941114767589,0.11258144393897308,0.185,16.413919413919412
nhsn,2024-2025,Maine,late_oct_apr,Late Oct-Apr,2025-03,0.11199651934079906,0.10661028968501787,0.185,7.80952380952381
nhsn,2024-2025,Maine,late_oct_apr,Late Oct-Apr,2025-04,0.0628573076923077,0.07103509557978051,0.12300921333333335,2.164835164835165
nhsn,2024-2025,Maine,late_oct_apr,Late Oct-Apr,2025-05,0.0,0.0,0.0,0.4487179487179487
nhsn,2024-2025,Maine,late_oct_apr,Late Oct-Apr,2025-06,,,0.0,0.0
nhsn,2024-2025,Maryland,baseline_oct_mar,Baseline Oct-Mar,2024-02,0.0,0.0,0.0,0.5256410256410257
nhsn,2024-2025,Maryland,baseline_oct_mar,Baseline Oct-Mar,2024-03,0.0,0.028633463646824318,0.03425483870967742,37.93589743589743
nhsn,2024-2025,Maryland,baseline_oct_mar,Baseline Oct-Mar,2024-04,0.15353431769650802,0.15142392722720313,0.18499999999999991,140.3040293040293
nhsn,2024-2025,Maryland,baseline_oct_mar,Baseline Oct-Mar,2024-05,0.1286327947111013,0.1292574971483002,0.18499999999999997,241.58791208791212
nhsn,2024-2025,Maryland,baseline_oct_mar,Baseline Oct-Mar,2024-06,0.1512817087390482,0.14975855956247672,0.18499999999999991,260.97985347985343
nhsn,2024-2025,Maryland,baseline_oct_mar,Baseline Oct-Mar,2024-07,0.13244972036260247,0.13186646385646345,0.18499999999999997,282.3223443223443
nhsn,2024-2025,Maryland,baseline_oct_mar,Baseline Oct-Mar,2024-08,0.15094939415455633,0.15092144935773646,0.18499999999999997,287.9725274725275
nhsn,2024-2025,Maryland,baseline_oct_mar,Baseline Oct-Mar,2024-09,0.149502004018339,0.1498479492429348,0.18499999999999991,280.48717948717945
nhsn,2024-2025,Maryland,baseline_oct_mar,Baseline Oct-Mar,2024-10,0.14987601295031658,0.14617020086172375,0.185,291.3974358974359
nhsn,2024-2025,Maryland,baseline_oct_mar,Baseline Oct-Mar,2024-11,0.13503806423687836,0.12934162713204483,0.18499999999999997,246.38461538461542
nhsn,2024-2025,Maryland,baseline_oct_mar,Baseline Oct-Mar,2024-12,0.10714217862804788,0.10682436522485832,0.185,146.62637362637363
nhsn,2024-2025,Maryland,baseline_oct_mar,Baseline Oct-Mar,2025-01,0.12094805860805863,0.11600089334806958,0.185,50.49084249084249
nhsn,2024-2025,Maryland,baseline_oct_mar,Baseline Oct-Mar,2025-02,0.11647250906847163,0.11538854275563512,0.185,21.664835164835168
nhsn,2024-2025,Maryland,baseline_oct_mar,Baseline Oct-Mar,2025-03,0.12273434597698028,0.09081028299349715,0.12500891612903228,11.631868131868133
nhsn,2024-2025,Maryland,baseline_oct_mar,Baseline Oct-Mar,2025-04,0.0,0.0,0.0,5.688644688644688
nhsn,2024-2025,Maryland,baseline_oct_mar,Baseline Oct-Mar,2025-05,0.0,0.0,0.0,3.9358974358974352
nhsn,2024-2025,Maryland,baseline_oct_mar,Baseline Oct-Mar,2025-06,0.0,0.0,0.0,1.8076923076923075
nhsn,2024-2025,Maryland,early_sep_mar,Early Sep-Mar,2024-02,0.0,0.03407133586603153,0.04108541666666665,0.5256410256410257
nhsn,2024-2025,Maryland,early_sep_mar,Early Sep-Mar,2024-03,0.15042476838313204,0.1483234422795282,0.1814790322580645,37.93589743589743
nhsn,2024-2025,Maryland,early_sep_mar,Early Sep-Mar,2024-04,0.15353431769650802,0.15310180474337276,0.18499999999999991,140.3040293040293
nhsn,2024-2025,Maryland,early_sep_mar,Early Sep-Mar,2024-05,0.14875978426147987,0.1490514381371365,0.18499999999999997,241.58791208791212
nhsn,2024-2025,Maryland,early_sep_mar,Early Sep-Mar,2024-06,0.1512817087390482,0.15085915785462486,0.18499999999999991,260.97985347985343
nhsn,2024-2025,Maryland,early_sep_mar,Early Sep-Mar,2024-07,0.1483988554965822,0.14852399992418164,0.18499999999999997,282.3223443223443
nhsn,2024-2025,Maryland,early_sep_mar,Early Sep-Mar,2024-08,0.14759447800251954,0.14754871256524582,0.18499999999999997,287.9725274725275
nhsn,2024-2025,Maryland,early_sep_mar,Early Sep-Mar,2024-09,0.14820525531672799,0.14837639577736952,0.18499999999999997,280.48717948717945
nhsn,2024-2025,Maryland,early_sep_mar,Early Sep-Mar,2024-10,0.14987601295031658,0.14617020086172375,0.185,291.3974358974359
nhsn,2024-2025,Maryland,early_sep_mar,Early Sep-Mar,2024-11,0.13503806423687836,0.12934162713204483,0.18499999999999997,246.38461538461542
nhsn,2024-2025,Maryland,early_sep_mar,Early Sep-Mar,2024-12,0.10714217862804788,0.10682436522485832,0.185,146.62637362637363
nhsn,2024-2025,Maryland,early_sep_mar,Early Sep-Mar,2025-01,0.12094805860805863,0.11600089334806958,0.185,50.49084249084249
nhsn,2024-2025,Maryland,early_sep_mar,Early Sep-Mar,2025-02,0.11647250906847163,0.11538854275563512,0.185,21.664835164835168
nhsn,2024-2025,Maryland,early_sep_mar,Early Sep-Mar,2025-03,0.12273434597698028,0.09081028299349715,0.12500891612903228,11.631868131868133
nhsn,2024-2025,Maryland,early_sep_mar,Early Sep-Mar,2025-04,0.0,0.0,0.0,5.688644688644688
nhsn,2024-2025,Maryland,early_sep_mar,Early Sep-Mar,2025-05,0.0,0.0,0.0,3.9358974358974352
nhsn,2024-2025,Maryland,early_sep_mar,Early Sep-Mar,2025-06,0.0,0.0,0.0,1.8076923076923075
nhsn,2024-2025,Maryland,extended_sep_apr,Extended Sep-Apr,2024-02,0.0,0.03407133586603153,0.04108541666666665,0.5256410256410257
nhsn,2024-2025,Maryland,extended_sep_apr,Extended Sep-Apr,2024-03,0.15042476838313204,0.1483234422795282,0.1814790322580645,37.93589743589743
nhsn,2024-2025,Maryland,extended_sep_apr,Extended Sep-Apr,2024-04,0.15353431769650802,0.15310180474337276,0.18499999999999991,140.3040293040293
nhsn,2024-2025,Maryland,extended_sep_apr,Extended Sep-Apr,2024-05,0.14875978426147987,0.1490514381371365,0.18499999999999997,241.58791208791212
nhsn,2024-2025,Maryland,extended_sep_apr,Extended Sep-Apr,2024-06,0.1512817087390482,0.15085915785462486,0.18499999999999991,260.97985347985343
nhsn,2024-2025,Maryland,extended_sep_apr,Extended Sep-Apr,2024-07,0.1483988554965822,0.14852399992418164,0.18499999999999997,282.3223443223443
nhsn,2024-2025,Maryland,extended_sep_apr,Extended Sep-Apr,2024-08,0.14759447800251954,0.14754871256524582,0.18499999999999997,287.9725274725275
nhsn,2024-2025,Maryland,extended_sep_apr,Extended Sep-Apr,2024-09,0.14820525531672799,0.14837639577736952,0.18499999999999997,280.48717948717945
nhsn,2024-2025,Maryland,extended_sep_apr,Extended Sep-Apr,2024-10,0.14987601295031658,0.14617020086172375,0.185,291.3974358974359
nhsn,2024-2025,Maryland,extended_sep_apr,Extended Sep-Apr,2024-11,0.13503806423687836,0.12934162713204483,0.18499999999999997,246.38461538461542
nhsn,2024-2025,Maryland,extended_sep_apr,Extended Sep-Apr,2024-12,0.10714217862804788,0.10682436522485832,0.185,146.62637362637363
nhsn,2024-2025,Maryland,extended_sep_apr,Extended Sep-Apr,2025-01,0.12094805860805863,0.11600089334806958,0.185,50.49084249084249
nhsn,2024-2025,Maryland,extended_sep_apr,Extended Sep-Apr,2025-02,0.11647250906847163,0.11538854275563512,0.185,21.664835164835168
nhsn,2024-2025,Maryland,extended_sep_apr,Extended Sep-Apr,2025-03,0.12273434597698028,0.11988171275869902,0.185,11.631868131868133
nhsn,2024-2025,Maryland,extended_sep_apr,Extended Sep-Apr,2025-04,0.11927527376327375,0.08951809307791336,0.12300921333333335,5.68864468864469
nhsn,2024-2025,Maryland,extended_sep_apr,Extended Sep-Apr,2025-05,0.0,0.0,0.0,3.9358974358974352
nhsn,2024-2025,Maryland,extended_sep_apr,Extended Sep-Apr,2025-06,0.0,0.0,0.0,1.8076923076923075
nhsn,2024-2025,Maryland,late_oct_apr,Late Oct-Apr,2024-02,0.0,0.0,0.0,0.5256410256410257
nhsn,2024-2025,Maryland,late_oct_apr,Late Oct-Apr,2024-03,0.0,0.028633463646824318,0.03425483870967742,37.93589743589743
nhsn,2024-2025,Maryland,late_oct_apr,Late Oct-Apr,2024-04,0.15353431769650802,0.15142392722720313,0.18499999999999991,140.3040293040293
nhsn,2024-2025,Maryland,late_oct_apr,Late Oct-Apr,2024-05,0.1286327947111013,0.1292574971483002,0.18499999999999997,241.58791208791212
nhsn,2024-2025,Maryland,late_oct_apr,Late Oct-Apr,2024-06,0.1512817087390482,0.14975855956247672,0.18499999999999991,260.97985347985343
nhsn,2024-2025,Maryland,late_oct_apr,Late Oct-Apr,2024-07,0.13244972036260247,0.13186646385646345,0.18499999999999997,282.3223443223443
nhsn,2024-2025,Maryland,late_oct_apr,Late Oct-Apr,2024-08,0.15094939415455633,0.15092144935773646,0.18499999999999997,287.9725274725275
nhsn,2024-2025,Maryland,late_oct_apr,Late Oct-Apr,2024-09,0.149502004018339,0.1498479492429348,0.18499999999999991,280.48717948717945
nhsn,2024-2025,Maryland,late_oct_apr,Late Oct-Apr,2024-10,0.14987601295031658,0.14617020086172375,0.185,291.3974358974359
nhsn,2024-2025,Maryland,late_oct_apr,Late Oct-Apr,2024-11,0.13503806423687836,0.12934162713204483,0.18499999999999997,246.38461538461542
nhsn,2024-2025,Maryland,late_oct_apr,Late Oct-Apr,2024-12,0.10714217862804788,0.10682436522485832,0.185,146.62637362637363
nhsn,2024-2025,Maryland,late_oct_apr,Late Oct-Apr,2025-01,0.12094805860805863,0.11600089334806958,0.185,50.49084249084249
nhsn,2024-2025,Maryland,late_oct_apr,Late Oct-Apr,2025-02,0.11647250906847163,0.11538854275563512,0.185,21.664835164835168
nhsn,2024-2025,Maryland,late_oct_apr,Late Oct-Apr,2025-03,0.12273434597698028,0.11988171275869902,0.185,11.631868131868133
nhsn,2024-2025,Maryland,late_oct_apr,Late Oct-Apr,2025-04,0.11927527376327375,0.08951809307791336,0.12300921333333335,5.68864468864469
nhsn,2024-2025,Maryland,late_oct_apr,Late Oct-Apr,2025-05,0.0,0.0,0.0,3.9358974358974352
nhsn,2024-2025,Maryland,late_oct_apr,Late Oct-Apr,2025-06,0.0,0.0,0.0,1.8076923076923075
nhsn,2024-2025,Massachusetts,baseline_oct_mar,Baseline Oct-Mar,2024-02,,,0.0,0.0
nhsn,2024-2025,Massachusetts,baseline_oct_mar,Baseline Oct-Mar,2024-03,0.0,0.03253560451256922,0.03425483870967742,18.66666666666667
nhsn,2024-2025,Massachusetts,baseline_oct_mar,Baseline Oct-Mar,2024-04,0.15312342549626412,0.15308423376466618,0.18499999999999991,129.10073260073258
nhsn,2024-2025,Massachusetts,baseline_oct_mar,Baseline Oct-Mar,2024-05,0.14761315890606347,0.14437858078546845,0.18499999999999997,356.11355311355305
nhsn,2024-2025,Massachusetts,baseline_oct_mar,Baseline Oct-Mar,2024-06,0.14972498019650768,0.14977972131340067,0.18499999999999991,482.0805860805861
nhsn,2024-2025,Massachusetts,baseline_oct_mar,Baseline Oct-Mar,2024-07,0.14793608216978274,0.1455703139811136,0.18499999999999997,558.3498168498168
nhsn,2024-2025,Massachusetts,baseline_oct_mar,Baseline Oct-Mar,2024-08,0.14905721938363145,0.1492175702121856,0.18499999999999997,587.1593406593406
nhsn,2024-2025,Massachusetts,baseline_oct_mar,Baseline Oct-Mar,2024-09,0.1479952671443484,0.1479770800089202,0.18499999999999991,580.4139194139194
nhsn,2024-2025,Massachusetts,baseline_oct_mar,Baseline Oct-Mar,2024-10,0.14910661255114524,0.14860503802864192,0.185,602.0769230769232
nhsn,2024-2025,Massachusetts,baseline_oct_mar,Baseline Oct-Mar,2024-11,0.14591734623751354,0.14194580472710513,0.18499999999999997,564.0256410256411
nhsn,2024-2025,Massachusetts,baseline_oct_mar,Baseline Oct-Mar,2024-12,0.13505647081740282,0.1256439815645614,0.185,465.8772893772894
nhsn,2024-2025,Massachusetts,baseline_oct_mar,Baseline Oct-Mar,2025-01,0.11843828545233047,0.11347724722224149,0.185,238.61538461538458
nhsn,2024-2025,Massachusetts,baseline_oct_mar,Baseline Oct-Mar,2025-02,0.11639849674637096,0.11329760039323991,0.185,93.56776556776558
nhsn,2024-2025,Massachusetts,baseline_oct_mar,Baseline Oct-Mar,2025-03,0.1145143725802095,0.08577676522163966,0.12500891612903228,45.03663003663004
nhsn,2024-2025,Massachusetts,baseline_oct_mar,Baseline Oct-Mar,2025-04,0.0,0.0,0.0,15.3992673992674
nhsn,2024-2025,Massachusetts,baseline_oct_mar,Baseline Oct-Mar,2025-05,0.0,0.0,0.0,2.6959706959706957
nhsn,2024-2025,Massachusetts,baseline_oct_mar,Baseline Oct-Mar,2025-06,0.0,0.0,0.0,0.05128205128205128
nhsn,2024-2025,Massachusetts,early_sep_mar,Early Sep-Mar,2024-02,,,0.04108541666666665,0.0
nhsn,2024-2025,Massachusetts,early_sep_mar,Early Sep-Mar,2024-03,0.1494306493667387,0.15030183885953283,0.1814790322580645,18.66666666666667
nhsn,2024-2025,Massachusetts,early_sep_mar,Early Sep-Mar,2024-04,0.15195664733126565,0.15225907912739584,0.18499999999999991,129.10073260073258
nhsn,2024-2025,Massachusetts,early_sep_mar,Early Sep-Mar,2024-05,0.1484459377470356,0.14857767883204478,0.18499999999999997,356.11355311355305
nhsn,2024-2025,Massachusetts,early_sep_mar,Early Sep-Mar,2024-06,0.1494258615728534,0.14937314517114625,0.18499999999999991,482.0805860805861
nhsn,2024-2025,Massachusetts,early_sep_mar,Early Sep-Mar,2024-07,0.14796177364948568,0.14800980662223784,0.18499999999999997,558.3498168498168
nhsn,2024-2025,Massachusetts,early_sep_mar,Early Sep-Mar,2024-08,0.14661207721663239,0.14594850060597872,0.18499999999999997,587.1593406593406
nhsn,2024-2025,Massachusetts,early_sep_mar,Early Sep-Mar,2024-09,0.14591161929549976,0.1458521262531098,0.18499999999999997,580.4139194139194
nhsn,2024-2025,Massachusetts,early_sep_mar,Early Sep-Mar,2024-10,0.14910661255114524,0.14860503802864192,0.185,602.0769230769232
nhsn,2024-2025,Massachusetts,early_sep_mar,Early Sep-Mar,2024-11,0.14591734623751354,0.14194580472710513,0.18499999999999997,564.0256410256411
nhsn,2024-2025,Massachusetts,early_sep_mar,Early Sep-Mar,2024-12,0.13505647081740282,0.1256439815645614,0.185,465.8772893772894
nhsn,2024-2025,Massachusetts,early_sep_mar,Early Sep-Mar,2025-01,0.11843828545233047,0.11347724722224149,0.185,238.61538461538458
nhsn,2024-2025,Massachusetts,early_sep_mar,Early Sep-Mar,2025-02,0.11639849674637096,0.11329760039323991,0.185,93.56776556776558
nhsn,2024-2025,Massachusetts,early_sep_mar,Early Sep-Mar,2025-03,0.1145143725802095,0.08577676522163966,0.12500891612903228,45.03663003663004
nhsn,2024-2025,Massachusetts,early_sep_mar,Early Sep-Mar,2025-04,0.0,0.0,0.0,15.3992673992674
nhsn,2024-2025,Massachusetts,early_sep_mar,Early Sep-Mar,2025-05,0.0,0.0,0.0,2.6959706959706957
nhsn,2024-2025,Massachusetts,early_sep_mar,Early Sep-Mar,2025-06,0.0,0.0,0.0,0.05128205128205128
nhsn,2024-2025,Massachusetts,extended_sep_apr,Extended Sep-Apr,2024-02,,,0.04108541666666665,0.0
nhsn,2024-2025,Massachusetts,extended_sep_apr,Extended Sep-Apr,2024-03,0.1494306493667387,0.15030183885953283,0.1814790322580645,18.66666666666667
nhsn,2024-2025,Massachusetts,extended_sep_apr,Extended Sep-Apr,2024-04,0.15195664733126565,0.15225907912739584,0.18499999999999991,129.10073260073258
nhsn,2024-2025,Massachusetts,extended_sep_apr,Extended Sep-Apr,2024-05,0.1484459377470356,0.14857767883204478,0.18499999999999997,356.11355311355305
nhsn,2024-2025,Massachusetts,extended_sep_apr,Extended Sep-Apr,2024-06,0.1494258615728534,0.14937314517114625,0.18499999999999991,482.0805860805861
nhsn,2024-2025,Massachusetts,extended_sep_apr,Extended Sep-Apr,2024-07,0.14796177364948568,0.14800980662223784,0.18499999999999997,558.3498168498168
nhsn,2024-2025,Massachusetts,extended_sep_apr,Extended Sep-Apr,2024-08,0.14661207721663239,0.14594850060597872,0.18499999999999997,587.1593406593406
nhsn,2024-2025,Massachusetts,extended_sep_apr,Extended Sep-Apr,2024-09,0.14591161929549976,0.1458521262531098,0.18499999999999997,580.4139194139194
nhsn,2024-2025,Massachusetts,extended_sep_apr,Extended Sep-Apr,2024-10,0.14910661255114524,0.14860503802864192,0.185,602.0769230769232
nhsn,2024-2025,Massachusetts,extended_sep_apr,Extended Sep-Apr,2024-11,0.14591734623751354,0.14194580472710513,0.18499999999999997,564.0256410256411
nhsn,2024-2025,Massachusetts,extended_sep_apr,Extended Sep-Apr,2024-12,0.13505647081740282,0.1256439815645614,0.185,465.8772893772894
nhsn,2024-2025,Massachusetts,extended_sep_apr,Extended Sep-Apr,2025-01,0.11843828545233047,0.11347724722224149,0.185,238.61538461538458
nhsn,2024-2025,Massachusetts,extended_sep_apr,Extended Sep-Apr,2025-02,0.11639849674637096,0.11329760039323991,0.185,93.56776556776558
nhsn,2024-2025,Massachusetts,extended_sep_apr,Extended Sep-Apr,2025-03,0.11531372940927687,0.11007791307992798,0.185,45.03663003663004
nhsn,2024-2025,Massachusetts,extended_sep_apr,Extended Sep-Apr,2025-04,0.09154164663461539,0.07758435523323094,0.12300921333333335,15.399267399267398
nhsn,2024-2025,Massachusetts,extended_sep_apr,Extended Sep-Apr,2025-05,0.0,0.0,0.0,2.6959706959706957
nhsn,2024-2025,Massachusetts,extended_sep_apr,Extended Sep-Apr,2025-06,0.0,0.0,0.0,0.05128205128205128
nhsn,2024-2025,Massachusetts,late_oct_apr,Late Oct-Apr,2024-02,,,0.0,0.0
nhsn,2024-2025,Massachusetts,late_oct_apr,Late Oct-Apr,2024-03,0.0,0.03253560451256922,0.03425483870967742,18.66666666666667
nhsn,2024-2025,Massachusetts,late_oct_apr,Late Oct-Apr,2024-04,0.15312342549626412,0.15308423376466618,0.18499999999999991,129.10073260073258
nhsn,2024-2025,Massachusetts,late_oct_apr,Late Oct-Apr,2024-05,0.14761315890606347,0.14437858078546845,0.18499999999999997,356.11355311355305
nhsn,2024-2025,Massachusetts,late_oct_apr,Late Oct-Apr,2024-06,0.14972498019650768,0.14977972131340067,0.18499999999999991,482.0805860805861
nhsn,2024-2025,Massachusetts,late_oct_apr,Late Oct-Apr,2024-07,0.14793608216978274,0.1455703139811136,0.18499999999999997,558.3498168498168
nhsn,2024-2025,Massachusetts,late_oct_apr,Late Oct-Apr,2024-08,0.14905721938363145,0.1492175702121856,0.18499999999999997,587.1593406593406
nhsn,2024-2025,Massachusetts,late_oct_apr,Late Oct-Apr,2024-09,0.1479952671443484,0.1479770800089202,0.18499999999999991,580.4139194139194
nhsn,2024-2025,Massachusetts,late_oct_apr,Late Oct-Apr,2024-10,0.14910661255114524,0.14860503802864192,0.185,602.0769230769232
nhsn,2024-2025,Massachusetts,late_oct_apr,Late Oct-Apr,2024-11,0.14591734623751354,0.14194580472710513,0.18499999999999997,564.0256410256411
nhsn,2024-2025,Massachusetts,late_oct_apr,Late Oct-Apr,2024-12,0.13505647081740282,0.1256439815645614,0.185,465.8772893772894
nhsn,2024-2025,Massachusetts,late_oct_apr,Late Oct-Apr,2025-01,0.11843828545233047,0.11347724722224149,0.185,238.61538461538458
nhsn,2024-2025,Massachusetts,late_oct_apr,Late Oct-Apr,2025-02,0.11639849674637096,0.11329760039323991,0.185,93.56776556776558
nhsn,2024-2025,Massachusetts,late_oct_apr,Late Oct-Apr,2025-03,0.11531372940927687,0.11007791307992798,0.185,45.03663003663004
nhsn,2024-2025,Massachusetts,late_oct_apr,Late Oct-Apr,2025-04,0.09154164663461539,0.07758435523323094,0.12300921333333335,15.399267399267398
nhsn,2024-2025,Massachusetts,late_oct_apr,Late Oct-Apr,2025-05,0.0,0.0,0.0,2.6959706959706957
nhsn,2024-2025,Massachusetts,late_oct_apr,Late Oct-Apr,2025-06,0.0,0.0,0.0,0.05128205128205128
nhsn,2024-2025,Michigan,baseline_oct_mar,Baseline Oct-Mar,2024-02,0.0,0.0,0.0,3.0384615384615383
nhsn,2024-2025,Michigan,baseline_oct_mar,Baseline Oct-Mar,2024-03,0.0,0.027377513437114358,0.03425483870967742,22.525641025641022
nhsn,2024-2025,Michigan,baseline_oct_mar,Baseline Oct-Mar,2024-04,0.14667262402340112,0.14628142459809915,0.18499999999999991,120.39194139194139
nhsn,2024-2025,Michigan,baseline_oct_mar,Baseline Oct-Mar,2024-05,0.14504268761726077,0.14474126214599506,0.18499999999999997,434.8901098901099
nhsn,2024-2025,Michigan,baseline_oct_mar,Baseline Oct-Mar,2024-06,0.1482026303190975,0.1480593322273755,0.18499999999999991,700.7179487179487
nhsn,2024-2025,Michigan,baseline_oct_mar,Baseline Oct-Mar,2024-07,0.14692000294942859,0.14666620922440188,0.18499999999999997,914.0897435897438
nhsn,2024-2025,Michigan,baseline_oct_mar,Baseline Oct-Mar,2024-08,0.14803623278931372,0.14801970819790128,0.18499999999999997,973.6080586080586
nhsn,2024-2025,Michigan,baseline_oct_mar,Baseline Oct-Mar,2024-09,0.14764406081580017,0.14750286900273396,0.18499999999999991,961.3278388278388
nhsn,2024-2025,Michigan,baseline_oct_mar,Baseline Oct-Mar,2024-10,0.14714331948732504,0.1471231168350427,0.185,998.948717948718
nhsn,2024-2025,Michigan,baseline_oct_mar,Baseline Oct-Mar,2024-11,0.147796132130942,0.14632341465870174,0.18499999999999997,950.3846153846155
nhsn,2024-2025,Michigan,baseline_oct_mar,Baseline Oct-Mar,2024-12,0.14113912755777638,0.13293718681234012,0.185,876.4010989010989
nhsn,2024-2025,Michigan,baseline_oct_mar,Baseline Oct-Mar,2025-01,0.1276326855667561,0.12143619420094787,0.185,559.3168498168498
nhsn,2024-2025,Michigan,baseline_oct_mar,Baseline Oct-Mar,2025-02,0.1078543228972256,0.1053454574229309,0.185,253.51465201465203
nhsn,2024-2025,Michigan,baseline_oct_mar,Baseline Oct-Mar,2025-03,0.10453575045579172,0.08223924713553733,0.12500891612903228,94.65201465201466
nhsn,2024-2025,Michigan,baseline_oct_mar,Baseline Oct-Mar,2025-04,0.0,0.0,0.0,32.056776556776555
nhsn,2024-2025,Michigan,baseline_oct_mar,Baseline Oct-Mar,2025-05,0.0,0.0,0.0,12.173992673992675
nhsn,2024-2025,Michigan,baseline_oct_mar,Baseline Oct-Mar,2025-06,0.0,0.0,0.0,3.1923076923076925
nhsn,2024-2025,Michigan,early_sep_mar,Early Sep-Mar,2024-02,0.0,0.034495351742559174,0.04108541666666665,3.0384615384615383
nhsn,2024-2025,Michigan,early_sep_mar,Early Sep-Mar,2024-03,0.15226611341181756,0.14941008400239242,0.1814790322580645,22.525641025641022
nhsn,2024-2025,Michigan,early_sep_mar,Early Sep-Mar,2024-04,0.14748032874268585,0.14751788880602212,0.18499999999999991,120.39194139194139
nhsn,2024-2025,Michigan,early_sep_mar,Early Sep-Mar,2024-05,0.14842214797997827,0.1484355676368434,0.18499999999999997,434.8901098901099
nhsn,2024-2025,Michigan,early_sep_mar,Early Sep-Mar,2024-06,0.1482026303190975,0.14816488472528044,0.18499999999999991,700.7179487179487
nhsn,2024-2025,Michigan,early_sep_mar,Early Sep-Mar,2024-07,0.1478174023726507,0.1477970339291877,0.18499999999999997,914.0897435897438
nhsn,2024-2025,Michigan,early_sep_mar,Early Sep-Mar,2024-08,0.1464047062422841,0.1458088892684722,0.18499999999999997,973.6080586080586
nhsn,2024-2025,Michigan,early_sep_mar,Early Sep-Mar,2024-09,0.14589409124519698,0.14564307174632996,0.18499999999999997,961.3278388278388
nhsn,2024-2025,Michigan,early_sep_mar,Early Sep-Mar,2024-10,0.14714331948732504,0.1471231168350427,0.185,998.948717948718
nhsn,2024-2025,Michigan,early_sep_mar,Early Sep-Mar,2024-11,0.147796132130942,0.14632341465870174,0.18499999999999997,950.3846153846155
nhsn,2024-2025,Michigan,early_sep_mar,Early Sep-Mar,2024-12,0.14113912755777638,0.13293718681234012,0.185,876.4010989010989
nhsn,2024-2025,Michigan,early_sep_mar,Early Sep-Mar,2025-01,0.1276326855667561,0.12143619420094787,0.185,559.3168498168498
nhsn,2024-2025,Michigan,early_sep_mar,Early Sep-Mar,2025-02,0.1078543228972256,0.1053454574229309,0.185,253.51465201465203
nhsn,2024-2025,Michigan,early_sep_mar,Early Sep-Mar,2025-03,0.10453575045579172,0.08223924713553733,0.12500891612903228,94.65201465201466
nhsn,2024-2025,Michigan,early_sep_mar,Early Sep-Mar,2025-04,0.0,0.0,0.0,32.056776556776555
nhsn,2024-2025,Michigan,early_sep_mar,Early Sep-Mar,2025-05,0.0,0.0,0.0,12.173992673992675
nhsn,2024-2025,Michigan,early_sep_mar,Early Sep-Mar,2025-06,0.0,0.0,0.0,3.1923076923076925
nhsn,2024-2025,Michigan,extended_sep_apr,Extended Sep-Apr,2024-02,0.0,0.034495351742559174,0.04108541666666665,3.0384615384615383
nhsn,2024-2025,Michigan,extended_sep_apr,Extended Sep-Apr,2024-03,0.15226611341181756,0.14941008400239242,0.1814790322580645,22.525641025641022
nhsn,2024-2025,Michigan,extended_sep_apr,Extended Sep-Apr,2024-04,0.14748032874268585,0.14751788880602212,0.18499999999999991,120.39194139194139
nhsn,2024-2025,Michigan,extended_sep_apr,Extended Sep-Apr,2024-05,0.14842214797997827,0.1484355676368434,0.18499999999999997,434.8901098901099
nhsn,2024-2025,Michigan,extended_sep_apr,Extended Sep-Apr,2024-06,0.1482026303190975,0.14816488472528044,0.18499999999999991,700.7179487179487
nhsn,2024-2025,Michigan,extended_sep_apr,Extended Sep-Apr,2024-07,0.1478174023726507,0.1477970339291877,0.18499999999999997,914.0897435897438
nhsn,2024-2025,Michigan,extended_sep_apr,Extended Sep-Apr,2024-08,0.1464047062422841,0.1458088892684722,0.18499999999999997,973.6080586080586
nhsn,2024-2025,Michigan,extended_sep_apr,Extended Sep-Apr,2024-09,0.14589409124519698,0.14564307174632996,0.18499999999999997,961.3278388278388
nhsn,2024-2025,Michigan,extended_sep_apr,Extended Sep-Apr,2024-10,0.14714331948732504,0.1471231168350427,0.185,998.948717948718
nhsn,2024-2025,Michigan,extended_sep_apr,Extended Sep-Apr,2024-11,0.147796132130942,0.14632341465870174,0.18499999999999997,950.3846153846155
nhsn,2024-2025,Michigan,extended_sep_apr,Extended Sep-Apr,2024-12,0.14113912755777638,0.13293718681234012,0.185,876.4010989010989
nhsn,2024-2025,Michigan,extended_sep_apr,Extended Sep-Apr,2025-01,0.1276326855667561,0.12143619420094787,0.185,559.3168498168498
nhsn,2024-2025,Michigan,extended_sep_apr,Extended Sep-Apr,2025-02,0.1078543228972256,0.1053454574229309,0.185,253.51465201465203
nhsn,2024-2025,Michigan,extended_sep_apr,Extended Sep-Apr,2025-03,0.10898997576898627,0.10674889000763028,0.185,94.65201465201466
nhsn,2024-2025,Michigan,extended_sep_apr,Extended Sep-Apr,2025-04,0.0972901066756652,0.0807445323325204,0.12300921333333335,32.056776556776555
nhsn,2024-2025,Michigan,extended_sep_apr,Extended Sep-Apr,2025-05,0.0,0.0,0.0,12.173992673992675
nhsn,2024-2025,Michigan,extended_sep_apr,Extended Sep-Apr,2025-06,0.0,0.0,0.0,3.1923076923076925
nhsn,2024-2025,Michigan,late_oct_apr,Late Oct-Apr,2024-02,0.0,0.0,0.0,3.0384615384615383
nhsn,2024-2025,Michigan,late_oct_apr,Late Oct-Apr,2024-03,0.0,0.027377513437114358,0.03425483870967742,22.525641025641022
nhsn,2024-2025,Michigan,late_oct_apr,Late Oct-Apr,2024-04,0.14667262402340112,0.14628142459809915,0.18499999999999991,120.39194139194139
nhsn,2024-2025,Michigan,late_oct_apr,Late Oct-Apr,2024-05,0.14504268761726077,0.14474126214599506,0.18499999999999997,434.8901098901099
nhsn,2024-2025,Michigan,late_oct_apr,Late Oct-Apr,2024-06,0.1482026303190975,0.1480593322273755,0.18499999999999991,700.7179487179487
nhsn,2024-2025,Michigan,late_oct_apr,Late Oct-Apr,2024-07,0.14692000294942859,0.14666620922440188,0.18499999999999997,914.0897435897438
nhsn,2024-2025,Michigan,late_oct_apr,Late Oct-Apr,2024-08,0.14803623278931372,0.14801970819790128,0.18499999999999997,973.6080586080586
nhsn,2024-2025,Michigan,late_oct_apr,Late Oct-Apr,2024-09,0.14764406081580017,0.14750286900273396,0.18499999999999991,961.3278388278388
nhsn,2024-2025,Michigan,late_oct_apr,Late Oct-Apr,2024-10,0.14714331948732504,0.1471231168350427,0.185,998.948717948718
nhsn,2024-2025,Michigan,late_oct_apr,Late Oct-Apr,2024-11,0.147796132130942,0.14632341465870174,0.18499999999999997,950.3846153846155
nhsn,2024-2025,Michigan,late_oct_apr,Late Oct-Apr,2024-12,0.14113912755777638,0.13293718681234012,0.185,876.4010989010989
nhsn,2024-2025,Michigan,late_oct_apr,Late Oct-Apr,2025-01,0.1276326855667561,0.12143619420094787,0.185,559.3168498168498
nhsn,2024-2025,Michigan,late_oct_apr,Late Oct-Apr,2025-02,0.1078543228972256,0.1053454574229309,0.185,253.51465201465203
nhsn,2024-2025,Michigan,late_oct_apr,Late Oct-Apr,2025-03,0.10898997576898627,0.10674889000763028,0.185,94.65201465201466
nhsn,2024-2025,Michigan,late_oct_apr,Late Oct-Apr,2025-04,0.0972901066756652,0.0807445323325204,0.12300921333333335,32.056776556776555
nhsn,2024-2025,Michigan,late_oct_apr,Late Oct-Apr,2025-05,0.0,0.0,0.0,12.173992673992675
nhsn,2024-2025,Michigan,late_oct_apr,Late Oct-Apr,2025-06,0.0,0.0,0.0,3.1923076923076925
nhsn,2024-2025,Minnesota,baseline_oct_mar,Baseline Oct-Mar,2024-02,0.0,0.0,0.0,0.5146520146520146
nhsn,2024-2025,Minnesota,baseline_oct_mar,Baseline Oct-Mar,2024-03,0.0,0.028965289446201664,0.03425483870967742,9.498168498168498
nhsn,2024-2025,Minnesota,baseline_oct_mar,Baseline Oct-Mar,2024-04,0.1503371753739084,0.1488291165504787,0.18499999999999991,47.401098901098905
nhsn,2024-2025,Minnesota,baseline_oct_mar,Baseline Oct-Mar,2024-05,0.14438618795690292,0.1445691388641298,0.18499999999999997,183.00915750915755
nhsn,2024-2025,Minnesota,baseline_oct_mar,Baseline Oct-Mar,2024-06,0.14862820356913645,0.14834427138807085,0.18499999999999991,333.3333333333333
nhsn,2024-2025,Minnesota,baseline_oct_mar,Baseline Oct-Mar,2024-07,0.14692002728565773,0.1469797059887363,0.18499999999999997,481.3882783882785
nhsn,2024-2025,Minnesota,baseline_oct_mar,Baseline Oct-Mar,2024-08,0.1481339591546344,0.14811197683950086,0.18499999999999997,537.430402930403
nhsn,2024-2025,Minnesota,baseline_oct_mar,Baseline Oct-Mar,2024-09,0.1475575201952284,0.147480346243907,0.18499999999999991,532.7967032967033
nhsn,2024-2025,Minnesota,baseline_oct_mar,Baseline Oct-Mar,2024-10,0.14748249829484406,0.14734681885949674,0.185,552.6978021978023
nhsn,2024-2025,Minnesota,baseline_oct_mar,Baseline Oct-Mar,2024-11,0.14812219906185722,0.147215680054961,0.18499999999999997,527.1227106227107
nhsn,2024-2025,Minnesota,baseline_oct_mar,Baseline Oct-Mar,2024-12,0.14282060883532316,0.13803707404671714,0.185,503.6684981684982
nhsn,2024-2025,Minnesota,baseline_oct_mar,Baseline Oct-Mar,2025-01,0.13256484259740262,0.12669842997584196,0.185,366.1135531135531
nhsn,2024-2025,Minnesota,baseline_oct_mar,Baseline Oct-Mar,2025-02,0.11576030384488548,0.1106434812968266,0.185,189.5934065934066
nhsn,2024-2025,Minnesota,baseline_oct_mar,Baseline Oct-Mar,2025-03,0.0988409170026571,0.07808735179109595,0.12500891612903228,76.32417582417582
nhsn,2024-2025,Minnesota,baseline_oct_mar,Baseline Oct-Mar,2025-04,0.0,0.0,0.0,17.59340659340659
nhsn,2024-2025,Minnesota,baseline_oct_mar,Baseline Oct-Mar,2025-05,0.0,0.0,0.0,4.155677655677655
nhsn,2024-2025,Minnesota,baseline_oct_mar,Baseline Oct-Mar,2025-06,0.0,0.0,0.0,1.2051282051282053
nhsn,2024-2025,Minnesota,early_sep_mar,Early Sep-Mar,2024-02,0.0,0.04762591858861976,0.04108541666666665,0.5146520146520146
nhsn,2024-2025,Minnesota,early_sep_mar,Early Sep-Mar,2024-03,0.15206395972992529,0.14952530610925427,0.1814790322580645,9.498168498168498
nhsn,2024-2025,Minnesota,early_sep_mar,Early Sep-Mar,2024-04,0.1503371753739084,0.15022275163180263,0.18499999999999991,47.401098901098905
nhsn,2024-2025,Minnesota,early_sep_mar,Early Sep-Mar,2024-05,0.14843915207231792,0.1484460131794477,0.18499999999999997,183.00915750915755
nhsn,2024-2025,Minnesota,early_sep_mar,Early Sep-Mar,2024-06,0.14862820356913645,0.14842704679582394,0.18499999999999991,333.3333333333333
nhsn,2024-2025,Minnesota,early_sep_mar,Early Sep-Mar,2024-07,0.1476247745676857,0.14761694741232734,0.18499999999999997,481.3882783882785
nhsn,2024-2025,Minnesota,early_sep_mar,Early Sep-Mar,2024-08,0.14559144086904574,0.14472209728934096,0.18499999999999997,537.430402930403
nhsn,2024-2025,Minnesota,early_sep_mar,Early Sep-Mar,2024-09,0.14552393132573177,0.14511207366082468,0.18499999999999997,532.7967032967033
nhsn,2024-2025,Minnesota,early_sep_mar,Early Sep-Mar,2024-10,0.14748249829484406,0.14734681885949674,0.185,552.6978021978023
nhsn,2024-2025,Minnesota,early_sep_mar,Early Sep-Mar,2024-11,0.14812219906185722,0.147215680054961,0.18499999999999997,527.1227106227107
nhsn,2024-2025,Minnesota,early_sep_mar,Early Sep-Mar,2024-12,0.14282060883532316,0.13803707404671714,0.185,503.6684981684982
nhsn,2024-2025,Minnesota,early_sep_mar,Early Sep-Mar,2025-01,0.13256484259740262,0.12669842997584196,0.185,366.1135531135531
nhsn,2024-2025,Minnesota,early_sep_mar,Early Sep-Mar,2025-02,0.11576030384488548,0.1106434812968266,0.185,189.5934065934066
nhsn,2024-2025,Minnesota,early_sep_mar,Early Sep-Mar,2025-03,0.0988409170026571,0.07808735179109595,0.12500891612903228,76.32417582417582
nhsn,2024-2025,Minnesota,early_sep_mar,Early Sep-Mar,2025-04,0.0,0.0,0.0,17.59340659340659
nhsn,2024-2025,Minnesota,early_sep_mar,Early Sep-Mar,2025-05,0.0,0.0,0.0,4.155677655677655
nhsn,2024-2025,Minnesota,early_sep_mar,Early Sep-Mar,2025-06,0.0,0.0,0.0,1.2051282051282053
nhsn,2024-2025,Minnesota,extended_sep_apr,Extended Sep-Apr,2024-02,0.0,0.04762591858861976,0.04108541666666665,0.5146520146520146
nhsn,2024-2025,Minnesota,extended_sep_apr,Extended Sep-Apr,2024-03,0.15206395972992529,0.14952530610925427,0.1814790322580645,9.498168498168498
nhsn,2024-2025,Minnesota,extended_sep_apr,Extended Sep-Apr,2024-04,0.1503371753739084,0.15022275163180263,0.18499999999999991,47.401098901098905
nhsn,2024-2025,Minnesota,extended_sep_apr,Extended Sep-Apr,2024-05,0.14843915207231792,0.1484460131794477,0.18499999999999997,183.00915750915755
nhsn,2024-2025,Minnesota,extended_sep_apr,Extended Sep-Apr,2024-06,0.14862820356913645,0.14842704679582394,0.18499999999999991,333.3333333333333
nhsn,2024-2025,Minnesota,extended_sep_apr,Extended Sep-Apr,2024-07,0.1476247745676857,0.14761694741232734,0.18499999999999997,481.3882783882785
nhsn,2024-2025,Minnesota,extended_sep_apr,Extended Sep-Apr,2024-08,0.14559144086904574,0.14472209728934096,0.18499999999999997,537.430402930403
nhsn,2024-2025,Minnesota,extended_sep_apr,Extended Sep-Apr,2024-09,0.14552393132573177,0.14511207366082468,0.18499999999999997,532.7967032967033
nhsn,2024-2025,Minnesota,extended_sep_apr,Extended Sep-Apr,2024-10,0.14748249829484406,0.14734681885949674,0.185,552.6978021978023
nhsn,2024-2025,Minnesota,extended_sep_apr,Extended Sep-Apr,2024-11,0.14812219906185722,0.147215680054961,0.18499999999999997,527.1227106227107
nhsn,2024-2025,Minnesota,extended_sep_apr,Extended Sep-Apr,2024-12,0.14282060883532316,0.13803707404671714,0.185,503.6684981684982
nhsn,2024-2025,Minnesota,extended_sep_apr,Extended Sep-Apr,2025-01,0.13256484259740262,0.12669842997584196,0.185,366.1135531135531
nhsn,2024-2025,Minnesota,extended_sep_apr,Extended Sep-Apr,2025-02,0.11576030384488548,0.1106434812968266,0.185,189.5934065934066
nhsn,2024-2025,Minnesota,extended_sep_apr,Extended Sep-Apr,2025-03,0.1008399612366581,0.09668570568315815,0.185,76.32417582417582
nhsn,2024-2025,Minnesota,extended_sep_apr,Extended Sep-Apr,2025-04,0.09520934260878011,0.07506255211416873,0.12300921333333335,17.59340659340659
nhsn,2024-2025,Minnesota,extended_sep_apr,Extended Sep-Apr,2025-05,0.0,0.0,0.0,4.155677655677655
nhsn,2024-2025,Minnesota,extended_sep_apr,Extended Sep-Apr,2025-06,0.0,0.0,0.0,1.2051282051282053
nhsn,2024-2025,Minnesota,late_oct_apr,Late Oct-Apr,2024-02,0.0,0.0,0.0,0.5146520146520146
nhsn,2024-2025,Minnesota,late_oct_apr,Late Oct-Apr,2024-03,0.0,0.028965289446201664,0.03425483870967742,9.498168498168498
nhsn,2024-2025,Minnesota,late_oct_apr,Late Oct-Apr,2024-04,0.1503371753739084,0.1488291165504787,0.18499999999999991,47.401098901098905
nhsn,2024-2025,Minnesota,late_oct_apr,Late Oct-Apr,2024-05,0.14438618795690292,0.1445691388641298,0.18499999999999997,183.00915750915755
nhsn,2024-2025,Minnesota,late_oct_apr,Late Oct-Apr,2024-06,0.14862820356913645,0.14834427138807085,0.18499999999999991,333.3333333333333
nhsn,2024-2025,Minnesota,late_oct_apr,Late Oct-Apr,2024-07,0.14692002728565773,0.1469797059887363,0.18499999999999997,481.3882783882785
nhsn,2024-2025,Minnesota,late_oct_apr,Late Oct-Apr,2024-08,0.1481339591546344,0.14811197683950086,0.18499999999999997,537.430402930403
nhsn,2024-2025,Minnesota,late_oct_apr,Late Oct-Apr,2024-09,0.1475575201952284,0.147480346243907,0.18499999999999991,532.7967032967033
nhsn,2024-2025,Minnesota,late_oct_apr,Late Oct-Apr,2024-10,0.14748249829484406,0.14734681885949674,0.185,552.6978021978023
nhsn,2024-2025,Minnesota,late_oct_apr,Late Oct-Apr,2024-11,0.14812219906185722,0.147215680054961,0.18499999999999997,527.1227106227107
nhsn,2024-2025,Minnesota,late_oct_apr,Late Oct-Apr,2024-12,0.14282060883532316,0.13803707404671714,0.185,503.6684981684982
nhsn,2024-2025,Minnesota,late_oct_apr,Late Oct-Apr,2025-01,0.13256484259740262,0.12669842997584196,0.185,366.1135531135531
nhsn,2024-2025,Minnesota,late_oct_apr,Late Oct-Apr,2025-02,0.11576030384488548,0.1106434812968266,0.185,189.5934065934066
nhsn,2024-2025,Minnesota,late_oct_apr,Late Oct-Apr,2025-03,0.1008399612366581,0.09668570568315815,0.185,76.32417582417582
nhsn,2024-2025,Minnesota,late_oct_apr,Late Oct-Apr,2025-04,0.09520934260878011,0.07506255211416873,0.12300921333333335,17.59340659340659
nhsn,2024-2025,Minnesota,late_oct_apr,Late Oct-Apr,2025-05,0.0,0.0,0.0,4.155677655677655
nhsn,2024-2025,Minnesota,late_oct_apr,Late Oct-Apr,2025-06,0.0,0.0,0.0,1.2051282051282053
nhsn,2024-2025,Mississippi,baseline_oct_mar,Baseline Oct-Mar,2024-02,0.0,0.0,0.0,0.9853479853479854
nhsn,2024-2025,Mississippi,baseline_oct_mar,Baseline Oct-Mar,2024-03,0.0,0.028624709108350365,0.03425483870967742,26.489010989010996
nhsn,2024-2025,Mississippi,baseline_oct_mar,Baseline Oct-Mar,2024-04,0.15178912852012852,0.15042310953466798,0.18499999999999991,107.25641025641026
nhsn,2024-2025,Mississippi,baseline_oct_mar,Baseline Oct-Mar,2024-05,0.1318700981336372,0.13051737311261286,0.18499999999999997,175.83150183150178
nhsn,2024-2025,Mississippi,baseline_oct_mar,Baseline Oct-Mar,2024-06,0.15036287435455062,0.14940922394678316,0.18499999999999991,188.05311355311355
nhsn,2024-2025,Mississippi,baseline_oct_mar,Baseline Oct-Mar,2024-07,0.13438962544929875,0.1327102560735647,0.18499999999999997,202.478021978022
nhsn,2024-2025,Mississippi,baseline_oct_mar,Baseline Oct-Mar,2024-08,0.15015026781919663,0.15017419284119302,0.18499999999999997,208.63369963369962
nhsn,2024-2025,Mississippi,baseline_oct_mar,Baseline Oct-Mar,2024-09,0.14899930293512198,0.14891789262108351,0.18499999999999991,207.05494505494508
nhsn,2024-2025,Mississippi,baseline_oct_mar,Baseline Oct-Mar,2024-10,0.14800978021638048,0.14594587047317514,0.185,215.7765567765568
nhsn,2024-2025,Mississippi,baseline_oct_mar,Baseline Oct-Mar,2024-11,0.13602773707433183,0.12792363338065138,0.18499999999999997,184.03113553113553
nhsn,2024-2025,Mississippi,baseline_oct_mar,Baseline Oct-Mar,2024-12,0.11485551415937573,0.10967054755765668,0.185,105.21794871794873
nhsn,2024-2025,Mississippi,baseline_oct_mar,Baseline Oct-Mar,2025-01,0.1228998047660494,0.12006460593046911,0.185,40.32967032967033
nhsn,2024-2025,Mississippi,baseline_oct_mar,Baseline Oct-Mar,2025-02,0.14002765041804163,0.13328818606592782,0.185,20.831501831501832
nhsn,2024-2025,Mississippi,baseline_oct_mar,Baseline Oct-Mar,2025-03,0.11339527148938018,0.08888838846047768,0.12500891612903228,15.205128205128208
nhsn,2024-2025,Mississippi,baseline_oct_mar,Baseline Oct-Mar,2025-04,0.0,0.0,0.0,8.77106227106227
nhsn,2024-2025,Mississippi,baseline_oct_mar,Baseline Oct-Mar,2025-05,0.0,0.0,0.0,3.6062271062271067
nhsn,2024-2025,Mississippi,baseline_oct_mar,Baseline Oct-Mar,2025-06,0.0,0.0,0.0,0.5769230769230769
nhsn,2024-2025,Mississippi,early_sep_mar,Early Sep-Mar,2024-02,0.0,0.047657738276277846,0.04108541666666665,0.9853479853479854
nhsn,2024-2025,Mississippi,early_sep_mar,Early Sep-Mar,2024-03,0.15064978857043296,0.1488274949691875,0.1814790322580645,26.489010989010996
nhsn,2024-2025,Mississippi,early_sep_mar,Early Sep-Mar,2024-04,0.15178912852012852,0.151466262751764,0.18499999999999991,107.25641025641026
nhsn,2024-2025,Mississippi,early_sep_mar,Early Sep-Mar,2024-05,0.14887089715479324,0.14906663657184624,0.18499999999999997,175.83150183150178
nhsn,2024-2025,Mississippi,early_sep_mar,Early Sep-Mar,2024-06,0.15036287435455062,0.1501022182553738,0.18499999999999991,188.05311355311355
nhsn,2024-2025,Mississippi,early_sep_mar,Early Sep-Mar,2024-07,0.1485016826604346,0.1485725290848704,0.18499999999999997,202.478021978022
nhsn,2024-2025,Mississippi,early_sep_mar,Early Sep-Mar,2024-08,0.14757072321686013,0.14711515536169728,0.18499999999999997,208.63369963369962
nhsn,2024-2025,Mississippi,early_sep_mar,Early Sep-Mar,2024-09,0.14554755867075503,0.14616752517510317,0.18499999999999997,207.05494505494505
nhsn,2024-2025,Mississippi,early_sep_mar,Early Sep-Mar,2024-10,0.14800978021638048,0.14594587047317514,0.185,215.7765567765568
nhsn,2024-2025,Mississippi,early_sep_mar,Early Sep-Mar,2024-11,0.13602773707433183,0.12792363338065138,0.18499999999999997,184.03113553113553
nhsn,2024-2025,Mississippi,early_sep_mar,Early Sep-Mar,2024-12,0.11485551415937573,0.10967054755765668,0.185,105.21794871794873
nhsn,2024-2025,Mississippi,early_sep_mar,Early Sep-Mar,2025-01,0.1228998047660494,0.12006460593046911,0.185,40.32967032967033
nhsn,2024-2025,Mississippi,early_sep_mar,Early Sep-Mar,2025-02,0.14002765041804163,0.13328818606592782,0.185,20.831501831501832
nhsn,2024-2025,Mississippi,early_sep_mar,Early Sep-Mar,2025-03,0.11339527148938018,0.08888838846047768,0.12500891612903228,15.205128205128208
nhsn,2024-2025,Mississippi,early_sep_mar,Early Sep-Mar,2025-04,0.0,0.0,0.0,8.77106227106227
nhsn,2024-2025,Mississippi,early_sep_mar,Early Sep-Mar,2025-05,0.0,0.0,0.0,3.6062271062271067
nhsn,2024-2025,Mississippi,early_sep_mar,Early Sep-Mar,2025-06,0.0,0.0,0.0,0.5769230769230769
nhsn,2024-2025,Mississippi,extended_sep_apr,Extended Sep-Apr,2024-02,0.0,0.047657738276277846,0.04108541666666665,0.9853479853479854
nhsn,2024-2025,Mississippi,extended_sep_apr,Extended Sep-Apr,2024-03,0.15064978857043296,0.1488274949691875,0.1814790322580645,26.489010989010996
nhsn,2024-2025,Mississippi,extended_sep_apr,Extended Sep-Apr,2024-04,0.15178912852012852,0.151466262751764,0.18499999999999991,107.25641025641026
nhsn,2024-2025,Mississippi,extended_sep_apr,Extended Sep-Apr,2024-05,0.14887089715479324,0.14906663657184624,0.18499999999999997,175.83150183150178
nhsn,2024-2025,Mississippi,extended_sep_apr,Extended Sep-Apr,2024-06,0.15036287435455062,0.1501022182553738,0.18499999999999991,188.05311355311355
nhsn,2024-2025,Mississippi,extended_sep_apr,Extended Sep-Apr,2024-07,0.1485016826604346,0.1485725290848704,0.18499999999999997,202.478021978022
nhsn,2024-2025,Mississippi,extended_sep_apr,Extended Sep-Apr,2024-08,0.14757072321686013,0.14711515536169728,0.18499999999999997,208.63369963369962
nhsn,2024-2025,Mississippi,extended_sep_apr,Extended Sep-Apr,2024-09,0.14554755867075503,0.14616752517510317,0.18499999999999997,207.05494505494505
nhsn,2024-2025,Mississippi,extended_sep_apr,Extended Sep-Apr,2024-10,0.14800978021638048,0.14594587047317514,0.185,215.7765567765568
nhsn,2024-2025,Mississippi,extended_sep_apr,Extended Sep-Apr,2024-11,0.13602773707433183,0.12792363338065138,0.18499999999999997,184.03113553113553
nhsn,2024-2025,Mississippi,extended_sep_apr,Extended Sep-Apr,2024-12,0.11485551415937573,0.10967054755765668,0.185,105.21794871794873
nhsn,2024-2025,Mississippi,extended_sep_apr,Extended Sep-Apr,2025-01,0.1228998047660494,0.12006460593046911,0.185,40.32967032967033
nhsn,2024-2025,Mississippi,extended_sep_apr,Extended Sep-Apr,2025-02,0.14002765041804163,0.13328818606592782,0.185,20.831501831501832
nhsn,2024-2025,Mississippi,extended_sep_apr,Extended Sep-Apr,2025-03,0.1326506795618175,0.1262487963725736,0.185,15.205128205128208
nhsn,2024-2025,Mississippi,extended_sep_apr,Extended Sep-Apr,2025-04,0.12122762256973796,0.088902201832502,0.12300921333333335,8.771062271062272
nhsn,2024-2025,Mississippi,extended_sep_apr,Extended Sep-Apr,2025-05,0.0,0.0,0.0,3.6062271062271067
nhsn,2024-2025,Mississippi,extended_sep_apr,Extended Sep-Apr,2025-06,0.0,0.0,0.0,0.5769230769230769
nhsn,2024-2025,Mississippi,late_oct_apr,Late Oct-Apr,2024-02,0.0,0.0,0.0,0.9853479853479854
nhsn,2024-2025,Mississippi,late_oct_apr,Late Oct-Apr,2024-03,0.0,0.028624709108350365,0.03425483870967742,26.489010989010996
nhsn,2024-2025,Mississippi,late_oct_apr,Late Oct-Apr,2024-04,0.15178912852012852,0.15042310953466798,0.18499999999999991,107.25641025641026
nhsn,2024-2025,Mississippi,late_oct_apr,Late Oct-Apr,2024-05,0.1318700981336372,0.13051737311261286,0.18499999999999997,175.83150183150178
nhsn,2024-2025,Mississippi,late_oct_apr,Late Oct-Apr,2024-06,0.15036287435455062,0.14940922394678316,0.18499999999999991,188.05311355311355
nhsn,2024-2025,Mississippi,late_oct_apr,Late Oct-Apr,2024-07,0.13438962544929875,0.1327102560735647,0.18499999999999997,202.478021978022
nhsn,2024-2025,Mississippi,late_oct_apr,Late Oct-Apr,2024-08,0.15015026781919663,0.15017419284119302,0.18499999999999997,208.63369963369962
nhsn,2024-2025,Mississippi,late_oct_apr,Late Oct-Apr,2024-09,0.14899930293512198,0.14891789262108351,0.18499999999999991,207.05494505494508
nhsn,2024-2025,Mississippi,late_oct_apr,Late Oct-Apr,2024-10,0.14800978021638048,0.14594587047317514,0.185,215.7765567765568
nhsn,2024-2025,Mississippi,late_oct_apr,Late Oct-Apr,2024-11,0.13602773707433183,0.12792363338065138,0.18499999999999997,184.03113553113553
nhsn,2024-2025,Mississippi,late_oct_apr,Late Oct-Apr,2024-12,0.11485551415937573,0.10967054755765668,0.185,105.21794871794873
nhsn,2024-2025,Mississippi,late_oct_apr,Late Oct-Apr,2025-01,0.1228998047660494,0.12006460593046911,0.185,40.32967032967033
nhsn,2024-2025,Mississippi,late_oct_apr,Late Oct-Apr,2025-02,0.14002765041804163,0.13328818606592782,0.185,20.831501831501832
nhsn,2024-2025,Mississippi,late_oct_apr,Late Oct-Apr,2025-03,0.1326506795618175,0.1262487963725736,0.185,15.205128205128208
nhsn,2024-2025,Mississippi,late_oct_apr,Late Oct-Apr,2025-04,0.12122762256973796,0.088902201832502,0.12300921333333335,8.771062271062272
nhsn,2024-2025,Mississippi,late_oct_apr,Late Oct-Apr,2025-05,0.0,0.0,0.0,3.6062271062271067
nhsn,2024-2025,Mississippi,late_oct_apr,Late Oct-Apr,2025-06,0.0,0.0,0.0,0.5769230769230769
nhsn,2024-2025,Missouri,baseline_oct_mar,Baseline Oct-Mar,2024-02,0.0,0.0,0.0,0.16666666666666666
nhsn,2024-2025,Missouri,baseline_oct_mar,Baseline Oct-Mar,2024-03,0.0,0.028583765932023688,0.03425483870967742,19.57692307692308
nhsn,2024-2025,Missouri,baseline_oct_mar,Baseline Oct-Mar,2024-04,0.15290720359521748,0.1522263511410023,0.18499999999999991,90.75274725274724
nhsn,2024-2025,Missouri,baseline_oct_mar,Baseline Oct-Mar,2024-05,0.13942614648909346,0.13891013612605493,0.18499999999999997,219.39194139194143
nhsn,2024-2025,Missouri,baseline_oct_mar,Baseline Oct-Mar,2024-06,0.14984682960585854,0.14946551088841462,0.18499999999999991,313.98351648351644
nhsn,2024-2025,Missouri,baseline_oct_mar,Baseline Oct-Mar,2024-07,0.14409282058881687,0.14295465147143652,0.18499999999999997,392.0329670329671
nhsn,2024-2025,Missouri,baseline_oct_mar,Baseline Oct-Mar,2024-08,0.14918420726159656,0.1490918310523739,0.18499999999999997,426.19963369963364
nhsn,2024-2025,Missouri,baseline_oct_mar,Baseline Oct-Mar,2024-09,0.14748542253816785,0.14699857920091564,0.18499999999999991,429.92124542124543
nhsn,2024-2025,Missouri,baseline_oct_mar,Baseline Oct-Mar,2024-10,0.14482945307387665,0.14471234142425393,0.185,457.58974358974353
nhsn,2024-2025,Missouri,baseline_oct_mar,Baseline Oct-Mar,2024-11,0.14355969143693278,0.1411008346852789,0.18499999999999997,428.5641025641026
nhsn,2024-2025,Missouri,baseline_oct_mar,Baseline Oct-Mar,2024-12,0.13687135289926625,0.13218004912622303,0.185,367.2802197802198
nhsn,2024-2025,Missouri,baseline_oct_mar,Baseline Oct-Mar,2025-01,0.1287464080668624,0.12502728041232058,0.185,239.56043956043953
nhsn,2024-2025,Missouri,baseline_oct_mar,Baseline Oct-Mar,2025-02,0.12551329497831917,0.12102834978369036,0.185,124.91941391941393
nhsn,2024-2025,Missouri,baseline_oct_mar,Baseline Oct-Mar,2025-03,0.12184181481444693,0.08832006083821196,0.12500891612903228,72.63919413919413
nhsn,2024-2025,Missouri,baseline_oct_mar,Baseline Oct-Mar,2025-04,0.0,0.0,0.0,36.743589743589745
nhsn,2024-2025,Missouri,baseline_oct_mar,Baseline Oct-Mar,2025-05,0.0,0.0,0.0,19.459706959706956
nhsn,2024-2025,Missouri,baseline_oct_mar,Baseline Oct-Mar,2025-06,0.0,0.0,0.0,5.576923076923077
nhsn,2024-2025,Missouri,early_sep_mar,Early Sep-Mar,2024-02,0.0,0.061469489208308366,0.04108541666666665,0.16666666666666666
nhsn,2024-2025,Missouri,early_sep_mar,Early Sep-Mar,2024-03,0.15009016311665382,0.14809128980652173,0.1814790322580645,19.57692307692308
nhsn,2024-2025,Missouri,early_sep_mar,Early Sep-Mar,2024-04,0.15290720359521748,0.15254998531357064,0.18499999999999991,90.75274725274724
nhsn,2024-2025,Missouri,early_sep_mar,Early Sep-Mar,2024-05,0.14853646149266272,0.1486958969847912,0.18499999999999997,219.39194139194143
nhsn,2024-2025,Missouri,early_sep_mar,Early Sep-Mar,2024-06,0.14984682960585854,0.1494593523266195,0.18499999999999991,313.98351648351644
nhsn,2024-2025,Missouri,early_sep_mar,Early Sep-Mar,2024-07,0.147906356261938,0.1479319937746741,0.18499999999999997,392.0329670329671
nhsn,2024-2025,Missouri,early_sep_mar,Early Sep-Mar,2024-08,0.14586978951467353,0.14474774144362607,0.18499999999999997,426.19963369963364
nhsn,2024-2025,Missouri,early_sep_mar,Early Sep-Mar,2024-09,0.14327719672744738,0.1435159057323589,0.18499999999999997,429.92124542124543
nhsn,2024-2025,Missouri,early_sep_mar,Early Sep-Mar,2024-10,0.14482945307387665,0.14471234142425393,0.185,457.58974358974353
nhsn,2024-2025,Missouri,early_sep_mar,Early Sep-Mar,2024-11,0.14355969143693278,0.1411008346852789,0.18499999999999997,428.5641025641026
nhsn,2024-2025,Missouri,early_sep_mar,Early Sep-Mar,2024-12,0.13687135289926625,0.13218004912622303,0.185,367.2802197802198
nhsn,2024-2025,Missouri,early_sep_mar,Early Sep-Mar,2025-01,0.1287464080668624,0.12502728041232058,0.185,239.56043956043953
nhsn,2024-2025,Missouri,early_sep_mar,Early Sep-Mar,2025-02,0.12551329497831917,0.12102834978369036,0.185,124.91941391941393
nhsn,2024-2025,Missouri,early_sep_mar,Early Sep-Mar,2025-03,0.12184181481444693,0.08832006083821196,0.12500891612903228,72.63919413919413
nhsn,2024-2025,Missouri,early_sep_mar,Early Sep-Mar,2025-04,0.0,0.0,0.0,36.743589743589745
nhsn,2024-2025,Missouri,early_sep_mar,Early Sep-Mar,2025-05,0.0,0.0,0.0,19.459706959706956
nhsn,2024-2025,Missouri,early_sep_mar,Early Sep-Mar,2025-06,0.0,0.0,0.0,5.576923076923077
nhsn,2024-2025,Missouri,extended_sep_apr,Extended Sep-Apr,2024-02,0.0,0.061469489208308366,0.04108541666666665,0.16666666666666666
nhsn,2024-2025,Missouri,extended_sep_apr,Extended Sep-Apr,2024-03,0.15009016311665382,0.14809128980652173,0.1814790322580645,19.57692307692308
nhsn,2024-2025,Missouri,extended_sep_apr,Extended Sep-Apr,2024-04,0.15290720359521748,0.15254998531357064,0.18499999999999991,90.75274725274724
nhsn,2024-2025,Missouri,extended_sep_apr,Extended Sep-Apr,2024-05,0.14853646149266272,0.1486958969847912,0.18499999999999997,219.39194139194143
nhsn,2024-2025,Missouri,extended_sep_apr,Extended Sep-Apr,2024-06,0.14984682960585854,0.1494593523266195,0.18499999999999991,313.98351648351644
nhsn,2024-2025,Missouri,extended_sep_apr,Extended Sep-Apr,2024-07,0.147906356261938,0.1479319937746741,0.18499999999999997,392.0329670329671
nhsn,2024-2025,Missouri,extended_sep_apr,Extended Sep-Apr,2024-08,0.14586978951467353,0.14474774144362607,0.18499999999999997,426.19963369963364
nhsn,2024-2025,Missouri,extended_sep_apr,Extended Sep-Apr,2024-09,0.14327719672744738,0.1435159057323589,0.18499999999999997,429.92124542124543
nhsn,2024-2025,Missouri,extended_sep_apr,Extended Sep-Apr,2024-10,0.14482945307387665,0.14471234142425393,0.185,457.58974358974353
nhsn,2024-2025,Missouri,extended_sep_apr,Extended Sep-Apr,2024-11,0.14355969143693278,0.1411008346852789,0.18499999999999997,428.5641025641026
nhsn,2024-2025,Missouri,extended_sep_apr,Extended Sep-Apr,2024-12,0.13687135289926625,0.13218004912622303,0.185,367.2802197802198
nhsn,2024-2025,Missouri,extended_sep_apr,Extended Sep-Apr,2025-01,0.1287464080668624,0.12502728041232058,0.185,239.56043956043953
nhsn,2024-2025,Missouri,extended_sep_apr,Extended Sep-Apr,2025-02,0.12551329497831917,0.12102834978369036,0.185,124.91941391941393
nhsn,2024-2025,Missouri,extended_sep_apr,Extended Sep-Apr,2025-03,0.12309921979635355,0.12064771134519227,0.185,72.63919413919413
nhsn,2024-2025,Missouri,extended_sep_apr,Extended Sep-Apr,2025-04,0.12287312477116381,0.08810248690383189,0.12300921333333335,36.743589743589745
nhsn,2024-2025,Missouri,extended_sep_apr,Extended Sep-Apr,2025-05,0.0,0.0,0.0,19.459706959706956
nhsn,2024-2025,Missouri,extended_sep_apr,Extended Sep-Apr,2025-06,0.0,0.0,0.0,5.576923076923077
nhsn,2024-2025,Missouri,late_oct_apr,Late Oct-Apr,2024-02,0.0,0.0,0.0,0.16666666666666666
nhsn,2024-2025,Missouri,late_oct_apr,Late Oct-Apr,2024-03,0.0,0.028583765932023688,0.03425483870967742,19.57692307692308
nhsn,2024-2025,Missouri,late_oct_apr,Late Oct-Apr,2024-04,0.15290720359521748,0.1522263511410023,0.18499999999999991,90.75274725274724
nhsn,2024-2025,Missouri,late_oct_apr,Late Oct-Apr,2024-05,0.13942614648909346,0.13891013612605493,0.18499999999999997,219.39194139194143
nhsn,2024-2025,Missouri,late_oct_apr,Late Oct-Apr,2024-06,0.14984682960585854,0.14946551088841462,0.18499999999999991,313.98351648351644
nhsn,2024-2025,Missouri,late_oct_apr,Late Oct-Apr,2024-07,0.14409282058881687,0.14295465147143652,0.18499999999999997,392.0329670329671
nhsn,2024-2025,Missouri,late_oct_apr,Late Oct-Apr,2024-08,0.14918420726159656,0.1490918310523739,0.18499999999999997,426.19963369963364
nhsn,2024-2025,Missouri,late_oct_apr,Late Oct-Apr,2024-09,0.14748542253816785,0.14699857920091564,0.18499999999999991,429.92124542124543
nhsn,2024-2025,Missouri,late_oct_apr,Late Oct-Apr,2024-10,0.14482945307387665,0.14471234142425393,0.185,457.58974358974353
nhsn,2024-2025,Missouri,late_oct_apr,Late Oct-Apr,2024-11,0.14355969143693278,0.1411008346852789,0.18499999999999997,428.5641025641026
nhsn,2024-2025,Missouri,late_oct_apr,Late Oct-Apr,2024-12,0.13687135289926625,0.13218004912622303,0.185,367.2802197802198
nhsn,2024-2025,Missouri,late_oct_apr,Late Oct-Apr,2025-01,0.1287464080668624,0.12502728041232058,0.185,239.56043956043953
nhsn,2024-2025,Missouri,late_oct_apr,Late Oct-Apr,2025-02,0.12551329497831917,0.12102834978369036,0.185,124.91941391941393
nhsn,2024-2025,Missouri,late_oct_apr,Late Oct-Apr,2025-03,0.12309921979635355,0.12064771134519227,0.185,72.63919413919413
nhsn,2024-2025,Missouri,late_oct_apr,Late Oct-Apr,2025-04,0.12287312477116381,0.08810248690383189,0.12300921333333335,36.743589743589745
nhsn,2024-2025,Missouri,late_oct_apr,Late Oct-Apr,2025-05,0.0,0.0,0.0,19.459706959706956
nhsn,2024-2025,Missouri,late_oct_apr,Late Oct-Apr,2025-06,0.0,0.0,0.0,5.576923076923077
nhsn,2024-2025,Montana,baseline_oct_mar,Baseline Oct-Mar,2024-02,,,0.0,0.0
nhsn,2024-2025,Montana,baseline_oct_mar,Baseline Oct-Mar,2024-03,0.0,0.06137273946445223,0.03425483870967742,0.038461538461538464
nhsn,2024-2025,Montana,baseline_oct_mar,Baseline Oct-Mar,2024-04,0.15101988307692307,0.15218482765408967,0.18499999999999991,0.8388278388278387
nhsn,2024-2025,Montana,baseline_oct_mar,Baseline Oct-Mar,2024-05,0.1503870752017214,0.15033506154068876,0.18499999999999997,9.50915750915751
nhsn,2024-2025,Montana,baseline_oct_mar,Baseline Oct-Mar,2024-06,0.14825550699300702,0.14834612147753315,0.18499999999999991,34.52380952380952
nhsn,2024-2025,Montana,baseline_oct_mar,Baseline Oct-Mar,2024-07,0.1484712585901875,0.14834497536935992,0.18499999999999997,84.82417582417582
nhsn,2024-2025,Montana,baseline_oct_mar,Baseline Oct-Mar,2024-08,0.1475777235067164,0.147564888106876,0.18499999999999997,111.26739926739928
nhsn,2024-2025,Montana,baseline_oct_mar,Baseline Oct-Mar,2024-09,0.14522875546936284,0.1449197537760703,0.18499999999999991,116.06227106227107
nhsn,2024-2025,Montana,baseline_oct_mar,Baseline Oct-Mar,2024-10,0.14760921753246753,0.14683898940477585,0.185,120.82051282051282
nhsn,2024-2025,Montana,baseline_oct_mar,Baseline Oct-Mar,2024-11,0.1483374235271308,0.14841525236046482,0.18499999999999997,116.88461538461539
nhsn,2024-2025,Montana,baseline_oct_mar,Baseline Oct-Mar,2024-12,0.14889364155976037,0.14706798264614693,0.185,119.88095238095238
nhsn,2024-2025,Montana,baseline_oct_mar,Baseline Oct-Mar,2025-01,0.1466717985336342,0.141440903375324,0.185,110.82783882783883
nhsn,2024-2025,Montana,baseline_oct_mar,Baseline Oct-Mar,2025-02,0.1250578984701573,0.11883733544443187,0.185,77.11172161172162
nhsn,2024-2025,Montana,baseline_oct_mar,Baseline Oct-Mar,2025-03,0.09480143766968327,0.07872621794474469,0.12500891612903228,37.430402930402934
nhsn,2024-2025,Montana,baseline_oct_mar,Baseline Oct-Mar,2025-04,0.0,0.0,0.0,9.789377289377288
nhsn,2024-2025,Montana,baseline_oct_mar,Baseline Oct-Mar,2025-05,0.0,0.0,0.0,1.164835164835165
nhsn,2024-2025,Montana,baseline_oct_mar,Baseline Oct-Mar,2025-06,,,0.0,0.0
nhsn,2024-2025,Montana,early_sep_mar,Early Sep-Mar,2024-02,,,0.04108541666666665,0.0
nhsn,2024-2025,Montana,early_sep_mar,Early Sep-Mar,2024-03,0.14904272727272727,0.14929306446445223,0.1814790322580645,0.038461538461538464
nhsn,2024-2025,Montana,early_sep_mar,Early Sep-Mar,2024-04,0.1506555477855478,0.15095950802262656,0.18499999999999991,0.8388278388278387
nhsn,2024-2025,Montana,early_sep_mar,Early Sep-Mar,2024-05,0.14809742133512244,0.14818635560943097,0.18499999999999997,9.50915750915751
nhsn,2024-2025,Montana,early_sep_mar,Early Sep-Mar,2024-06,0.14819393368170297,0.1480979219672479,0.18499999999999991,34.52380952380952
nhsn,2024-2025,Montana,early_sep_mar,Early Sep-Mar,2024-07,0.1471404487391131,0.14715502798565328,0.18499999999999997,84.82417582417582
nhsn,2024-2025,Montana,early_sep_mar,Early Sep-Mar,2024-08,0.14317434890071087,0.14159665124597368,0.18499999999999997,111.26739926739928
nhsn,2024-2025,Montana,early_sep_mar,Early Sep-Mar,2024-09,0.13852467332667334,0.13905615972861496,0.18499999999999997,116.06227106227107
nhsn,2024-2025,Montana,early_sep_mar,Early Sep-Mar,2024-10,0.14760921753246753,0.14683898940477585,0.185,120.82051282051282
nhsn,2024-2025,Montana,early_sep_mar,Early Sep-Mar,2024-11,0.1483374235271308,0.14841525236046482,0.18499999999999997,116.88461538461539
nhsn,2024-2025,Montana,early_sep_mar,Early Sep-Mar,2024-12,0.14889364155976037,0.14706798264614693,0.185,119.88095238095238
nhsn,2024-2025,Montana,early_sep_mar,Early Sep-Mar,2025-01,0.1466717985336342,0.141440903375324,0.185,110.82783882783883
nhsn,2024-2025,Montana,early_sep_mar,Early Sep-Mar,2025-02,0.1250578984701573,0.11883733544443187,0.185,77.11172161172162
nhsn,2024-2025,Montana,early_sep_mar,Early Sep-Mar,2025-03,0.09480143766968327,0.07872621794474469,0.12500891612903228,37.430402930402934
nhsn,2024-2025,Montana,early_sep_mar,Early Sep-Mar,2025-04,0.0,0.0,0.0,9.789377289377288
nhsn,2024-2025,Montana,early_sep_mar,Early Sep-Mar,2025-05,0.0,0.0,0.0,1.164835164835165
nhsn,2024-2025,Montana,early_sep_mar,Early Sep-Mar,2025-06,,,0.0,0.0
nhsn,2024-2025,Montana,extended_sep_apr,Extended Sep-Apr,2024-02,,,0.04108541666666665,0.0
nhsn,2024-2025,Montana,extended_sep_apr,Extended Sep-Apr,2024-03,0.14904272727272727,0.14929306446445223,0.1814790322580645,0.038461538461538464
nhsn,2024-2025,Montana,extended_sep_apr,Extended Sep-Apr,2024-04,0.1506555477855478,0.15095950802262656,0.18499999999999991,0.8388278388278387
nhsn,2024-2025,Montana,extended_sep_apr,Extended Sep-Apr,2024-05,0.14809742133512244,0.14818635560943097,0.18499999999999997,9.50915750915751
nhsn,2024-2025,Montana,extended_sep_apr,Extended Sep-Apr,2024-06,0.14819393368170297,0.1480979219672479,0.18499999999999991,34.52380952380952
nhsn,2024-2025,Montana,extended_sep_apr,Extended Sep-Apr,2024-07,0.1471404487391131,0.14715502798565328,0.18499999999999997,84.82417582417582
nhsn,2024-2025,Montana,extended_sep_apr,Extended Sep-Apr,2024-08,0.14317434890071087,0.14159665124597368,0.18499999999999997,111.26739926739928
nhsn,2024-2025,Montana,extended_sep_apr,Extended Sep-Apr,2024-09,0.13852467332667334,0.13905615972861496,0.18499999999999997,116.06227106227107
nhsn,2024-2025,Montana,extended_sep_apr,Extended Sep-Apr,2024-10,0.14760921753246753,0.14683898940477585,0.185,120.82051282051282
nhsn,2024-2025,Montana,extended_sep_apr,Extended Sep-Apr,2024-11,0.1483374235271308,0.14841525236046482,0.18499999999999997,116.88461538461539
nhsn,2024-2025,Montana,extended_sep_apr,Extended Sep-Apr,2024-12,0.14889364155976037,0.14706798264614693,0.185,119.88095238095238
nhsn,2024-2025,Montana,extended_sep_apr,Extended Sep-Apr,2025-01,0.1466717985336342,0.141440903375324,0.185,110.82783882783883
nhsn,2024-2025,Montana,extended_sep_apr,Extended Sep-Apr,2025-02,0.1250578984701573,0.11883733544443187,0.185,77.11172161172162
nhsn,2024-2025,Montana,extended_sep_apr,Extended Sep-Apr,2025-03,0.10001494482904032,0.09942347087647539,0.185,37.430402930402934
nhsn,2024-2025,Montana,extended_sep_apr,Extended Sep-Apr,2025-04,0.0989516097902098,0.08241181377150429,0.12300921333333335,9.78937728937729
nhsn,2024-2025,Montana,extended_sep_apr,Extended Sep-Apr,2025-05,0.0,0.0,0.0,1.164835164835165
nhsn,2024-2025,Montana,extended_sep_apr,Extended Sep-Apr,2025-06,,,0.0,0.0
nhsn,2024-2025,Montana,late_oct_apr,Late Oct-Apr,2024-02,,,0.0,0.0
nhsn,2024-2025,Montana,late_oct_apr,Late Oct-Apr,2024-03,0.0,0.06137273946445223,0.03425483870967742,0.038461538461538464
nhsn,2024-2025,Montana,late_oct_apr,Late Oct-Apr,2024-04,0.15101988307692307,0.15218482765408967,0.18499999999999991,0.8388278388278387
nhsn,2024-2025,Montana,late_oct_apr,Late Oct-Apr,2024-05,0.1503870752017214,0.15033506154068876,0.18499999999999997,9.50915750915751
nhsn,2024-2025,Montana,late_oct_apr,Late Oct-Apr,2024-06,0.14825550699300702,0.14834612147753315,0.18499999999999991,34.52380952380952
nhsn,2024-2025,Montana,late_oct_apr,Late Oct-Apr,2024-07,0.1484712585901875,0.14834497536935992,0.18499999999999997,84.82417582417582
nhsn,2024-2025,Montana,late_oct_apr,Late Oct-Apr,2024-08,0.1475777235067164,0.147564888106876,0.18499999999999997,111.26739926739928
nhsn,2024-2025,Montana,late_oct_apr,Late Oct-Apr,2024-09,0.14522875546936284,0.1449197537760703,0.18499999999999991,116.06227106227107
nhsn,2024-2025,Montana,late_oct_apr,Late Oct-Apr,2024-10,0.14760921753246753,0.14683898940477585,0.185,120.82051282051282
nhsn,2024-2025,Montana,late_oct_apr,Late Oct-Apr,2024-11,0.1483374235271308,0.14841525236046482,0.18499999999999997,116.88461538461539
nhsn,2024-2025,Montana,late_oct_apr,Late Oct-Apr,2024-12,0.14889364155976037,0.14706798264614693,0.185,119.88095238095238
nhsn,2024-2025,Montana,late_oct_apr,Late Oct-Apr,2025-01,0.1466717985336342,0.141440903375324,0.185,110.82783882783883
nhsn,2024-2025,Montana,late_oct_apr,Late Oct-Apr,2025-02,0.1250578984701573,0.11883733544443187,0.185,77.11172161172162
nhsn,2024-2025,Montana,late_oct_apr,Late Oct-Apr,2025-03,0.10001494482904032,0.09942347087647539,0.185,37.430402930402934
nhsn,2024-2025,Montana,late_oct_apr,Late Oct-Apr,2025-04,0.0989516097902098,0.08241181377150429,0.12300921333333335,9.78937728937729
nhsn,2024-2025,Montana,late_oct_apr,Late Oct-Apr,2025-05,0.0,0.0,0.0,1.164835164835165
nhsn,2024-2025,Montana,late_oct_apr,Late Oct-Apr,2025-06,,,0.0,0.0
nhsn,2024-2025,Nebraska,baseline_oct_mar,Baseline Oct-Mar,2024-02,,,0.0,0.0
nhsn,2024-2025,Nebraska,baseline_oct_mar,Baseline Oct-Mar,2024-03,0.0,0.043745099416500226,0.03425483870967742,0.7564102564102563
nhsn,2024-2025,Nebraska,baseline_oct_mar,Baseline Oct-Mar,2024-04,0.1513041073926074,0.1523722703877573,0.18499999999999991,9.47985347985348
nhsn,2024-2025,Nebraska,baseline_oct_mar,Baseline Oct-Mar,2024-05,0.15009876574759423,0.14957218865563482,0.18499999999999997,45.89010989010989
nhsn,2024-2025,Nebraska,baseline_oct_mar,Baseline Oct-Mar,2024-06,0.14868179788870134,0.14868757763481363,0.18499999999999991,107.16849816849816
nhsn,2024-2025,Nebraska,baseline_oct_mar,Baseline Oct-Mar,2024-07,0.14880163574843608,0.1485399604126196,0.18499999999999997,174.42490842490847
nhsn,2024-2025,Nebraska,baseline_oct_mar,Baseline Oct-Mar,2024-08,0.14793903496103214,0.14795452326124206,0.18499999999999997,204.4798534798535
nhsn,2024-2025,Nebraska,baseline_oct_mar,Baseline Oct-Mar,2024-09,0.14702057882770686,0.1469439046913031,0.18499999999999991,204.03113553113553
nhsn,2024-2025,Nebraska,baseline_oct_mar,Baseline Oct-Mar,2024-10,0.14667645078545183,0.14675295249676806,0.185,213.3974358974359
nhsn,2024-2025,Nebraska,baseline_oct_mar,Baseline Oct-Mar,2024-11,0.1480590749245442,0.14766245540126824,0.18499999999999997,206.55128205128207
nhsn,2024-2025,Nebraska,baseline_oct_mar,Baseline Oct-Mar,2024-12,0.1451761448488186,0.14249336424217274,0.185,203.95787545787547
nhsn,2024-2025,Nebraska,baseline_oct_mar,Baseline Oct-Mar,2025-01,0.13721744661279314,0.1313940181554926,0.185,166.71794871794873
nhsn,2024-2025,Nebraska,baseline_oct_mar,Baseline Oct-Mar,2025-02,0.12199133092125265,0.1141649419542222,0.185,93.37728937728937
nhsn,2024-2025,Nebraska,baseline_oct_mar,Baseline Oct-Mar,2025-03,0.0886576197081874,0.07654202908225233,0.12500891612903228,41.501831501831504
nhsn,2024-2025,Nebraska,baseline_oct_mar,Baseline Oct-Mar,2025-04,0.0,0.0,0.0,9.926739926739927
nhsn,2024-2025,Nebraska,baseline_oct_mar,Baseline Oct-Mar,2025-05,0.0,0.0,0.0,3.5567765567765566
nhsn,2024-2025,Nebraska,baseline_oct_mar,Baseline Oct-Mar,2025-06,0.0,0.0,0.0,0.8846153846153846
nhsn,2024-2025,Nebraska,early_sep_mar,Early Sep-Mar,2024-02,,,0.04108541666666665,0.0
nhsn,2024-2025,Nebraska,early_sep_mar,Early Sep-Mar,2024-03,0.1491591320901321,0.15013189721977202,0.1814790322580645,0.7564102564102563
nhsn,2024-2025,Nebraska,early_sep_mar,Early Sep-Mar,2024-04,0.15100687363277748,0.15133922814287273,0.18499999999999991,9.47985347985348
nhsn,2024-2025,Nebraska,early_sep_mar,Early Sep-Mar,2024-05,0.14821215284887973,0.1483290283869579,0.18499999999999997,45.89010989010989
nhsn,2024-2025,Nebraska,early_sep_mar,Early Sep-Mar,2024-06,0.14845535909328766,0.14837957240408267,0.18499999999999991,107.16849816849816
nhsn,2024-2025,Nebraska,early_sep_mar,Early Sep-Mar,2024-07,0.14742148935260413,0.14743227929854494,0.18499999999999997,174.42490842490847
nhsn,2024-2025,Nebraska,early_sep_mar,Early Sep-Mar,2024-08,0.14503443523049186,0.14431862133454657,0.18499999999999997,204.4798534798535
nhsn,2024-2025,Nebraska,early_sep_mar,Early Sep-Mar,2024-09,0.1444842610879686,0.1441287710232384,0.18499999999999997,204.03113553113553
nhsn,2024-2025,Nebraska,early_sep_mar,Early Sep-Mar,2024-10,0.14667645078545183,0.14675295249676806,0.185,213.3974358974359
nhsn,2024-2025,Nebraska,early_sep_mar,Early Sep-Mar,2024-11,0.1480590749245442,0.14766245540126824,0.18499999999999997,206.55128205128207
nhsn,2024-2025,Nebraska,early_sep_mar,Early Sep-Mar,2024-12,0.1451761448488186,0.14249336424217274,0.185,203.95787545787547
nhsn,2024-2025,Nebraska,early_sep_mar,Early Sep-Mar,2025-01,0.13721744661279314,0.1313940181554926,0.185,166.71794871794873
nhsn,2024-2025,Nebraska,early_sep_mar,Early Sep-Mar,2025-02,0.12199133092125265,0.1141649419542222,0.185,93.37728937728937
nhsn,2024-2025,Nebraska,early_sep_mar,Early Sep-Mar,2025-03,0.0886576197081874,0.07654202908225233,0.12500891612903228,41.501831501831504
nhsn,2024-2025,Nebraska,early_sep_mar,Early Sep-Mar,2025-04,0.0,0.0,0.0,9.926739926739927
nhsn,2024-2025,Nebraska,early_sep_mar,Early Sep-Mar,2025-05,0.0,0.0,0.0,3.5567765567765566
nhsn,2024-2025,Nebraska,early_sep_mar,Early Sep-Mar,2025-06,0.0,0.0,0.0,0.8846153846153846
nhsn,2024-2025,Nebraska,extended_sep_apr,Extended Sep-Apr,2024-02,,,0.04108541666666665,0.0
nhsn,2024-2025,Nebraska,extended_sep_apr,Extended Sep-Apr,2024-03,0.1491591320901321,0.15013189721977202,0.1814790322580645,0.7564102564102563
nhsn,2024-2025,Nebraska,extended_sep_apr,Extended Sep-Apr,2024-04,0.15100687363277748,0.15133922814287273,0.18499999999999991,9.47985347985348
nhsn,2024-2025,Nebraska,extended_sep_apr,Extended Sep-Apr,2024-05,0.14821215284887973,0.1483290283869579,0.18499999999999997,45.89010989010989
nhsn,2024-2025,Nebraska,extended_sep_apr,Extended Sep-Apr,2024-06,0.14845535909328766,0.14837957240408267,0.18499999999999991,107.16849816849816
nhsn,2024-2025,Nebraska,extended_sep_apr,Extended Sep-Apr,2024-07,0.14742148935260413,0.14743227929854494,0.18499999999999997,174.42490842490847
nhsn,2024-2025,Nebraska,extended_sep_apr,Extended Sep-Apr,2024-08,0.14503443523049186,0.14431862133454657,0.18499999999999997,204.4798534798535
nhsn,2024-2025,Nebraska,extended_sep_apr,Extended Sep-Apr,2024-09,0.1444842610879686,0.1441287710232384,0.18499999999999997,204.03113553113553
nhsn,2024-2025,Nebraska,extended_sep_apr,Extended Sep-Apr,2024-10,0.14667645078545183,0.14675295249676806,0.185,213.3974358974359
nhsn,2024-2025,Nebraska,extended_sep_apr,Extended Sep-Apr,2024-11,0.1480590749245442,0.14766245540126824,0.18499999999999997,206.55128205128207
nhsn,2024-2025,Nebraska,extended_sep_apr,Extended Sep-Apr,2024-12,0.1451761448488186,0.14249336424217274,0.185,203.95787545787547
nhsn,2024-2025,Nebraska,extended_sep_apr,Extended Sep-Apr,2025-01,0.13721744661279314,0.1313940181554926,0.185,166.71794871794873
nhsn,2024-2025,Nebraska,extended_sep_apr,Extended Sep-Apr,2025-02,0.12199133092125265,0.1141649419542222,0.185,93.37728937728937
nhsn,2024-2025,Nebraska,extended_sep_apr,Extended Sep-Apr,2025-03,0.09458247606393606,0.09615780075561575,0.185,41.501831501831504
nhsn,2024-2025,Nebraska,extended_sep_apr,Extended Sep-Apr,2025-04,0.10267327412587411,0.08055907992926171,0.12300921333333335,9.926739926739927
nhsn,2024-2025,Nebraska,extended_sep_apr,Extended Sep-Apr,2025-05,0.0,0.0,0.0,3.5567765567765566
nhsn,2024-2025,Nebraska,extended_sep_apr,Extended Sep-Apr,2025-06,0.0,0.0,0.0,0.8846153846153846
nhsn,2024-2025,Nebraska,late_oct_apr,Late Oct-Apr,2024-02,,,0.0,0.0
nhsn,2024-2025,Nebraska,late_oct_apr,Late Oct-Apr,2024-03,0.0,0.043745099416500226,0.03425483870967742,0.7564102564102563
nhsn,2024-2025,Nebraska,late_oct_apr,Late Oct-Apr,2024-04,0.1513041073926074,0.1523722703877573,0.18499999999999991,9.47985347985348
nhsn,2024-2025,Nebraska,late_oct_apr,Late Oct-Apr,2024-05,0.15009876574759423,0.14957218865563482,0.18499999999999997,45.89010989010989
nhsn,2024-2025,Nebraska,late_oct_apr,Late Oct-Apr,2024-06,0.14868179788870134,0.14868757763481363,0.18499999999999991,107.16849816849816
nhsn,2024-2025,Nebraska,late_oct_apr,Late Oct-Apr,2024-07,0.14880163574843608,0.1485399604126196,0.18499999999999997,174.42490842490847
nhsn,2024-2025,Nebraska,late_oct_apr,Late Oct-Apr,2024-08,0.14793903496103214,0.14795452326124206,0.18499999999999997,204.4798534798535
nhsn,2024-2025,Nebraska,late_oct_apr,Late Oct-Apr,2024-09,0.14702057882770686,0.1469439046913031,0.18499999999999991,204.03113553113553
nhsn,2024-2025,Nebraska,late_oct_apr,Late Oct-Apr,2024-10,0.14667645078545183,0.14675295249676806,0.185,213.3974358974359
nhsn,2024-2025,Nebraska,late_oct_apr,Late Oct-Apr,2024-11,0.1480590749245442,0.14766245540126824,0.18499999999999997,206.55128205128207
nhsn,2024-2025,Nebraska,late_oct_apr,Late Oct-Apr,2024-12,0.1451761448488186,0.14249336424217274,0.185,203.95787545787547
nhsn,2024-2025,Nebraska,late_oct_apr,Late Oct-Apr,2025-01,0.13721744661279314,0.1313940181554926,0.185,166.71794871794873
nhsn,2024-2025,Nebraska,late_oct_apr,Late Oct-Apr,2025-02,0.12199133092125265,0.1141649419542222,0.185,93.37728937728937
nhsn,2024-2025,Nebraska,late_oct_apr,Late Oct-Apr,2025-03,0.09458247606393606,0.09615780075561575,0.185,41.501831501831504
nhsn,2024-2025,Nebraska,late_oct_apr,Late Oct-Apr,2025-04,0.10267327412587411,0.08055907992926171,0.12300921333333335,9.926739926739927
nhsn,2024-2025,Nebraska,late_oct_apr,Late Oct-Apr,2025-05,0.0,0.0,0.0,3.5567765567765566
nhsn,2024-2025,Nebraska,late_oct_apr,Late Oct-Apr,2025-06,0.0,0.0,0.0,0.8846153846153846
nhsn,2024-2025,Nevada,baseline_oct_mar,Baseline Oct-Mar,2024-02,0.0,0.0,0.0,0.06593406593406592
nhsn,2024-2025,Nevada,baseline_oct_mar,Baseline Oct-Mar,2024-03,0.0,0.028682144455328244,0.03425483870967742,8.152014652014651
nhsn,2024-2025,Nevada,baseline_oct_mar,Baseline Oct-Mar,2024-04,0.1519502135171796,0.1516359391443655,0.18499999999999991,41.76190476190476
nhsn,2024-2025,Nevada,baseline_oct_mar,Baseline Oct-Mar,2024-05,0.1433775657000342,0.14165361217894465,0.18499999999999997,111.37545787545787
nhsn,2024-2025,Nevada,baseline_oct_mar,Baseline Oct-Mar,2024-06,0.14908911954030465,0.1490556879271761,0.18499999999999991,181.77289377289378
nhsn,2024-2025,Nevada,baseline_oct_mar,Baseline Oct-Mar,2024-07,0.14646423229369285,0.14509851685303157,0.18499999999999997,234.6978021978022
nhsn,2024-2025,Nevada,baseline_oct_mar,Baseline Oct-Mar,2024-08,0.14868487233426417,0.1487258163572779,0.18499999999999997,250.0641025641026
nhsn,2024-2025,Nevada,baseline_oct_mar,Baseline Oct-Mar,2024-09,0.14775570980192992,0.14785385719014887,0.18499999999999991,246.46886446886447
nhsn,2024-2025,Nevada,baseline_oct_mar,Baseline Oct-Mar,2024-10,0.1482561955804693,0.14779777470486263,0.185,255.44139194139197
nhsn,2024-2025,Nevada,baseline_oct_mar,Baseline Oct-Mar,2024-11,0.14654147094279255,0.1442597074133843,0.18499999999999997,239.1996336996337
nhsn,2024-2025,Nevada,baseline_oct_mar,Baseline Oct-Mar,2024-12,0.1377261150999274,0.13373318079552035,0.185,211.3168498168498
nhsn,2024-2025,Nevada,baseline_oct_mar,Baseline Oct-Mar,2025-01,0.1329467603799634,0.121935403682023,0.185,141.95787545787545
nhsn,2024-2025,Nevada,baseline_oct_mar,Baseline Oct-Mar,2025-02,0.10850444896757601,0.10335359803325833,0.185,60.79120879120879
nhsn,2024-2025,Nevada,baseline_oct_mar,Baseline Oct-Mar,2025-03,0.1014935978667797,0.07969750530133167,0.12500891612903228,21.714285714285715
nhsn,2024-2025,Nevada,baseline_oct_mar,Baseline Oct-Mar,2025-04,0.0,0.0,0.0,5.635531135531135
nhsn,2024-2025,Nevada,baseline_oct_mar,Baseline Oct-Mar,2025-05,0.0,0.0,0.0,1.02014652014652
nhsn,2024-2025,Nevada,baseline_oct_mar,Baseline Oct-Mar,2025-06,,,0.0,0.0
nhsn,2024-2025,Nevada,early_sep_mar,Early Sep-Mar,2024-02,0.0,0.06123376982905983,0.04108541666666665,0.06593406593406592
nhsn,2024-2025,Nevada,early_sep_mar,Early Sep-Mar,2024-03,0.15032038834694722,0.14835212820922022,0.1814790322580645,8.152014652014651
nhsn,2024-2025,Nevada,early_sep_mar,Early Sep-Mar,2024-04,0.1519502135171796,0.1520415869850987,0.18499999999999991,41.76190476190476
nhsn,2024-2025,Nevada,early_sep_mar,Early Sep-Mar,2024-05,0.1485112097549361,0.14859635101170043,0.18499999999999997,111.37545787545787
nhsn,2024-2025,Nevada,early_sep_mar,Early Sep-Mar,2024-06,0.14908911954030465,0.14901939799309252,0.18499999999999991,181.77289377289378
nhsn,2024-2025,Nevada,early_sep_mar,Early Sep-Mar,2024-07,0.14779037607879486,0.14779832932095704,0.18499999999999997,234.6978021978022
nhsn,2024-2025,Nevada,early_sep_mar,Early Sep-Mar,2024-08,0.14637396173765438,0.14597759447401656,0.18499999999999997,250.0641025641026
nhsn,2024-2025,Nevada,early_sep_mar,Early Sep-Mar,2024-09,0.14601722570129133,0.14598946817152572,0.18499999999999997,246.46886446886447
nhsn,2024-2025,Nevada,early_sep_mar,Early Sep-Mar,2024-10,0.1482561955804693,0.14779777470486263,0.185,255.44139194139197
nhsn,2024-2025,Nevada,early_sep_mar,Early Sep-Mar,2024-11,0.14654147094279255,0.1442597074133843,0.18499999999999997,239.1996336996337
nhsn,2024-2025,Nevada,early_sep_mar,Early Sep-Mar,2024-12,0.1377261150999274,0.13373318079552035,0.185,211.3168498168498
nhsn,2024-2025,Nevada,early_sep_mar,Early Sep-Mar,2025-01,0.1329467603799634,0.121935403682023,0.185,141.95787545787545
nhsn,2024-2025,Nevada,early_sep_mar,Early Sep-Mar,2025-02,0.10850444896757601,0.10335359803325833,0.185,60.79120879120879
nhsn,2024-2025,Nevada,early_sep_mar,Early Sep-Mar,2025-03,0.1014935978667797,0.07969750530133167,0.12500891612903228,21.714285714285715
nhsn,2024-2025,Nevada,early_sep_mar,Early Sep-Mar,2025-04,0.0,0.0,0.0,5.635531135531135
nhsn,2024-2025,Nevada,early_sep_mar,Early Sep-Mar,2025-05,0.0,0.0,0.0,1.02014652014652
nhsn,2024-2025,Nevada,early_sep_mar,Early Sep-Mar,2025-06,,,0.0,0.0
nhsn,2024-2025,Nevada,extended_sep_apr,Extended Sep-Apr,2024-02,0.0,0.06123376982905983,0.04108541666666665,0.06593406593406592
nhsn,2024-2025,Nevada,extended_sep_apr,Extended Sep-Apr,2024-03,0.15032038834694722,0.14835212820922022,0.1814790322580645,8.152014652014651
nhsn,2024-2025,Nevada,extended_sep_apr,Extended Sep-Apr,2024-04,0.1519502135171796,0.1520415869850987,0.18499999999999991,41.76190476190476
nhsn,2024-2025,Nevada,extended_sep_apr,Extended Sep-Apr,2024-05,0.1485112097549361,0.14859635101170043,0.18499999999999997,111.37545787545787
nhsn,2024-2025,Nevada,extended_sep_apr,Extended Sep-Apr,2024-06,0.14908911954030465,0.14901939799309252,0.18499999999999991,181.77289377289378
nhsn,2024-2025,Nevada,extended_sep_apr,Extended Sep-Apr,2024-07,0.14779037607879486,0.14779832932095704,0.18499999999999997,234.6978021978022
nhsn,2024-2025,Nevada,extended_sep_apr,Extended Sep-Apr,2024-08,0.14637396173765438,0.14597759447401656,0.18499999999999997,250.0641025641026
nhsn,2024-2025,Nevada,extended_sep_apr,Extended Sep-Apr,2024-09,0.14601722570129133,0.14598946817152572,0.18499999999999997,246.46886446886447
nhsn,2024-2025,Nevada,extended_sep_apr,Extended Sep-Apr,2024-10,0.1482561955804693,0.14779777470486263,0.185,255.44139194139197
nhsn,2024-2025,Nevada,extended_sep_apr,Extended Sep-Apr,2024-11,0.14654147094279255,0.1442597074133843,0.18499999999999997,239.1996336996337
nhsn,2024-2025,Nevada,extended_sep_apr,Extended Sep-Apr,2024-12,0.1377261150999274,0.13373318079552035,0.185,211.3168498168498
nhsn,2024-2025,Nevada,extended_sep_apr,Extended Sep-Apr,2025-01,0.1329467603799634,0.121935403682023,0.185,141.95787545787545
nhsn,2024-2025,Nevada,extended_sep_apr,Extended Sep-Apr,2025-02,0.10850444896757601,0.10335359803325833,0.185,60.79120879120879
nhsn,2024-2025,Nevada,extended_sep_apr,Extended Sep-Apr,2025-03,0.10329601609916562,0.09981427834601181,0.185,21.714285714285715
nhsn,2024-2025,Nevada,extended_sep_apr,Extended Sep-Apr,2025-04,0.0971033203125,0.07986808276875403,0.12300921333333335,5.635531135531135
nhsn,2024-2025,Nevada,extended_sep_apr,Extended Sep-Apr,2025-05,0.0,0.0,0.0,1.02014652014652
nhsn,2024-2025,Nevada,extended_sep_apr,Extended Sep-Apr,2025-06,,,0.0,0.0
nhsn,2024-2025,Nevada,late_oct_apr,Late Oct-Apr,2024-02,0.0,0.0,0.0,0.06593406593406592
nhsn,2024-2025,Nevada,late_oct_apr,Late Oct-Apr,2024-03,0.0,0.028682144455328244,0.03425483870967742,8.152014652014651
nhsn,2024-2025,Nevada,late_oct_apr,Late Oct-Apr,2024-04,0.1519502135171796,0.1516359391443655,0.18499999999999991,41.76190476190476
nhsn,2024-2025,Nevada,late_oct_apr,Late Oct-Apr,2024-05,0.1433775657000342,0.14165361217894465,0.18499999999999997,111.37545787545787
nhsn,2024-2025,Nevada,late_oct_apr,Late Oct-Apr,2024-06,0.14908911954030465,0.1490556879271761,0.18499999999999991,181.77289377289378
nhsn,2024-2025,Nevada,late_oct_apr,Late Oct-Apr,2024-07,0.14646423229369285,0.14509851685303157,0.18499999999999997,234.6978021978022
nhsn,2024-2025,Nevada,late_oct_apr,Late Oct-Apr,2024-08,0.14868487233426417,0.1487258163572779,0.18499999999999997,250.0641025641026
nhsn,2024-2025,Nevada,late_oct_apr,Late Oct-Apr,2024-09,0.14775570980192992,0.14785385719014887,0.18499999999999991,246.46886446886447
nhsn,2024-2025,Nevada,late_oct_apr,Late Oct-Apr,2024-10,0.1482561955804693,0.14779777470486263,0.185,255.44139194139197
nhsn,2024-2025,Nevada,late_oct_apr,Late Oct-Apr,2024-11,0.14654147094279255,0.1442597074133843,0.18499999999999997,239.1996336996337
nhsn,2024-2025,Nevada,late_oct_apr,Late Oct-Apr,2024-12,0.1377261150999274,0.13373318079552035,0.185,211.3168498168498
nhsn,2024-2025,Nevada,late_oct_apr,Late Oct-Apr,2025-01,0.1329467603799634,0.121935403682023,0.185,141.95787545787545
nhsn,2024-2025,Nevada,late_oct_apr,Late Oct-Apr,2025-02,0.10850444896757601,0.10335359803325833,0.185,60.79120879120879
nhsn,2024-2025,Nevada,late_oct_apr,Late Oct-Apr,2025-03,0.10329601609916562,0.09981427834601181,0.185,21.714285714285715
nhsn,2024-2025,Nevada,late_oct_apr,Late Oct-Apr,2025-04,0.0971033203125,0.07986808276875403,0.12300921333333335,5.635531135531135
nhsn,2024-2025,Nevada,late_oct_apr,Late Oct-Apr,2025-05,0.0,0.0,0.0,1.02014652014652
nhsn,2024-2025,Nevada,late_oct_apr,Late Oct-Apr,2025-06,,,0.0,0.0
nhsn,2024-2025,New Hampshire,baseline_oct_mar,Baseline Oct-Mar,2024-02,,,0.0,0.0
nhsn,2024-2025,New Hampshire,baseline_oct_mar,Baseline Oct-Mar,2024-03,0.0,0.04391659939364799,0.03425483870967742,1.2435897435897432
nhsn,2024-2025,New Hampshire,baseline_oct_mar,Baseline Oct-Mar,2024-04,0.15128561451475356,0.15236030885146445,0.18499999999999991,14.417582417582418
nhsn,2024-2025,New Hampshire,baseline_oct_mar,Baseline Oct-Mar,2024-05,0.14878837783613763,0.1492736648634999,0.18499999999999997,46.880952380952394
nhsn,2024-2025,New Hampshire,baseline_oct_mar,Baseline Oct-Mar,2024-06,0.1493748216783217,0.14949033506940274,0.18499999999999991,59.77838827838828
nhsn,2024-2025,New Hampshire,baseline_oct_mar,Baseline Oct-Mar,2024-07,0.1486996483118792,0.14888666807036494,0.18499999999999997,69.93589743589743
nhsn,2024-2025,New Hampshire,baseline_oct_mar,Baseline Oct-Mar,2024-08,0.1487847106948607,0.14888982120221525,0.18499999999999997,73.0915750915751
nhsn,2024-2025,New Hampshire,baseline_oct_mar,Baseline Oct-Mar,2024-09,0.14790606321233649,0.14801260149688608,0.18499999999999991,72.62637362637363
nhsn,2024-2025,New Hampshire,baseline_oct_mar,Baseline Oct-Mar,2024-10,0.14906424758310474,0.1490748181891334,0.185,75.11538461538463
nhsn,2024-2025,New Hampshire,baseline_oct_mar,Baseline Oct-Mar,2024-11,0.14932775145665353,0.14506305883602086,0.18499999999999997,71.44871794871796
nhsn,2024-2025,New Hampshire,baseline_oct_mar,Baseline Oct-Mar,2024-12,0.12812915985680987,0.12017773168349756,0.185,59.70879120879121
nhsn,2024-2025,New Hampshire,baseline_oct_mar,Baseline Oct-Mar,2025-01,0.11526167041926685,0.1168710356282144,0.185,27.375457875457876
nhsn,2024-2025,New Hampshire,baseline_oct_mar,Baseline Oct-Mar,2025-02,0.11796336465973054,0.11168739222612822,0.185,12.058608058608058
nhsn,2024-2025,New Hampshire,baseline_oct_mar,Baseline Oct-Mar,2025-03,0.1092599853283971,0.0864070565417464,0.12500891612903228,5.344322344322345
nhsn,2024-2025,New Hampshire,baseline_oct_mar,Baseline Oct-Mar,2025-04,0.0,0.0,0.0,2.104395604395604
nhsn,2024-2025,New Hampshire,baseline_oct_mar,Baseline Oct-Mar,2025-05,0.0,0.0,0.0,0.10073260073260074
nhsn,2024-2025,New Hampshire,baseline_oct_mar,Baseline Oct-Mar,2025-06,,,0.0,0.0
nhsn,2024-2025,New Hampshire,early_sep_mar,Early Sep-Mar,2024-02,,,0.04108541666666665,0.0
nhsn,2024-2025,New Hampshire,early_sep_mar,Early Sep-Mar,2024-03,0.1492195287261758,0.15032112221619048,0.1814790322580645,1.2435897435897432
nhsn,2024-2025,New Hampshire,early_sep_mar,Early Sep-Mar,2024-04,0.15078757035769985,0.1513843332278109,0.18499999999999991,14.417582417582418
nhsn,2024-2025,New Hampshire,early_sep_mar,Early Sep-Mar,2024-05,0.1483633101010101,0.14845427760929014,0.18499999999999997,46.880952380952394
nhsn,2024-2025,New Hampshire,early_sep_mar,Early Sep-Mar,2024-06,0.14908691962467907,0.14901874644514648,0.18499999999999991,59.77838827838828
nhsn,2024-2025,New Hampshire,early_sep_mar,Early Sep-Mar,2024-07,0.14795879545454546,0.14797932756584492,0.18499999999999997,69.93589743589743
nhsn,2024-2025,New Hampshire,early_sep_mar,Early Sep-Mar,2024-08,0.14621349656946828,0.14544481787466226,0.18499999999999997,73.0915750915751
nhsn,2024-2025,New Hampshire,early_sep_mar,Early Sep-Mar,2024-09,0.14613956586270874,0.1453835974787364,0.18499999999999997,72.62637362637363
nhsn,2024-2025,New Hampshire,early_sep_mar,Early Sep-Mar,2024-10,0.14906424758310474,0.1490748181891334,0.185,75.11538461538463
nhsn,2024-2025,New Hampshire,early_sep_mar,Early Sep-Mar,2024-11,0.14932775145665353,0.14506305883602086,0.18499999999999997,71.44871794871796
nhsn,2024-2025,New Hampshire,early_sep_mar,Early Sep-Mar,2024-12,0.12812915985680987,0.12017773168349756,0.185,59.70879120879121
nhsn,2024-2025,New Hampshire,early_sep_mar,Early Sep-Mar,2025-01,0.11526167041926685,0.1168710356282144,0.185,27.375457875457876
nhsn,2024-2025,New Hampshire,early_sep_mar,Early Sep-Mar,2025-02,0.11796336465973054,0.11168739222612822,0.185,12.058608058608058
nhsn,2024-2025,New Hampshire,early_sep_mar,Early Sep-Mar,2025-03,0.1092599853283971,0.0864070565417464,0.12500891612903228,5.344322344322345
nhsn,2024-2025,New Hampshire,early_sep_mar,Early Sep-Mar,2025-04,0.0,0.0,0.0,2.104395604395604
nhsn,2024-2025,New Hampshire,early_sep_mar,Early Sep-Mar,2025-05,0.0,0.0,0.0,0.10073260073260074
nhsn,2024-2025,New Hampshire,early_sep_mar,Early Sep-Mar,2025-06,,,0.0,0.0
nhsn,2024-2025,New Hampshire,extended_sep_apr,Extended Sep-Apr,2024-02,,,0.04108541666666665,0.0
nhsn,2024-2025,New Hampshire,extended_sep_apr,Extended Sep-Apr,2024-03,0.1492195287261758,0.15032112221619048,0.1814790322580645,1.2435897435897432
nhsn,2024-2025,New Hampshire,extended_sep_apr,Extended Sep-Apr,2024-04,0.15078757035769985,0.1513843332278109,0.18499999999999991,14.417582417582418
nhsn,2024-2025,New Hampshire,extended_sep_apr,Extended Sep-Apr,2024-05,0.1483633101010101,0.14845427760929014,0.18499999999999997,46.880952380952394
nhsn,2024-2025,New Hampshire,extended_sep_apr,Extended Sep-Apr,2024-06,0.14908691962467907,0.14901874644514648,0.18499999999999991,59.77838827838828
nhsn,2024-2025,New Hampshire,extended_sep_apr,Extended Sep-Apr,2024-07,0.14795879545454546,0.14797932756584492,0.18499999999999997,69.93589743589743
nhsn,2024-2025,New Hampshire,extended_sep_apr,Extended Sep-Apr,2024-08,0.14621349656946828,0.14544481787466226,0.18499999999999997,73.0915750915751
nhsn,2024-2025,New Hampshire,extended_sep_apr,Extended Sep-Apr,2024-09,0.14613956586270874,0.1453835974787364,0.18499999999999997,72.62637362637363
nhsn,2024-2025,New Hampshire,extended_sep_apr,Extended Sep-Apr,2024-10,0.14906424758310474,0.1490748181891334,0.185,75.11538461538463
nhsn,2024-2025,New Hampshire,extended_sep_apr,Extended Sep-Apr,2024-11,0.14932775145665353,0.14506305883602086,0.18499999999999997,71.44871794871796
nhsn,2024-2025,New Hampshire,extended_sep_apr,Extended Sep-Apr,2024-12,0.12812915985680987,0.12017773168349756,0.185,59.70879120879121
nhsn,2024-2025,New Hampshire,extended_sep_apr,Extended Sep-Apr,2025-01,0.11526167041926685,0.1168710356282144,0.185,27.375457875457876
nhsn,2024-2025,New Hampshire,extended_sep_apr,Extended Sep-Apr,2025-02,0.11796336465973054,0.11168739222612822,0.185,12.058608058608058
nhsn,2024-2025,New Hampshire,extended_sep_apr,Extended Sep-Apr,2025-03,0.12925159201557937,0.11735744966626768,0.185,5.344322344322345
nhsn,2024-2025,New Hampshire,extended_sep_apr,Extended Sep-Apr,2025-04,0.06567906593406593,0.06933448781229258,0.12300921333333335,2.1043956043956045
nhsn,2024-2025,New Hampshire,extended_sep_apr,Extended Sep-Apr,2025-05,0.0,0.0,0.0,0.10073260073260074
nhsn,2024-2025,New Hampshire,extended_sep_apr,Extended Sep-Apr,2025-06,,,0.0,0.0
nhsn,2024-2025,New Hampshire,late_oct_apr,Late Oct-Apr,2024-02,,,0.0,0.0
nhsn,2024-2025,New Hampshire,late_oct_apr,Late Oct-Apr,2024-03,0.0,0.04391659939364799,0.03425483870967742,1.2435897435897432
nhsn,2024-2025,New Hampshire,late_oct_apr,Late Oct-Apr,2024-04,0.15128561451475356,0.15236030885146445,0.18499999999999991,14.417582417582418
nhsn,2024-2025,New Hampshire,late_oct_apr,Late Oct-Apr,2024-05,0.14878837783613763,0.1492736648634999,0.18499999999999997,46.880952380952394
nhsn,2024-2025,New Hampshire,late_oct_apr,Late Oct-Apr,2024-06,0.1493748216783217,0.14949033506940274,0.18499999999999991,59.77838827838828
nhsn,2024-2025,New Hampshire,late_oct_apr,Late Oct-Apr,2024-07,0.1486996483118792,0.14888666807036494,0.18499999999999997,69.93589743589743
nhsn,2024-2025,New Hampshire,late_oct_apr,Late Oct-Apr,2024-08,0.1487847106948607,0.14888982120221525,0.18499999999999997,73.0915750915751
nhsn,2024-2025,New Hampshire,late_oct_apr,Late Oct-Apr,2024-09,0.14790606321233649,0.14801260149688608,0.18499999999999991,72.62637362637363
nhsn,2024-2025,New Hampshire,late_oct_apr,Late Oct-Apr,2024-10,0.14906424758310474,0.1490748181891334,0.185,75.11538461538463
nhsn,2024-2025,New Hampshire,late_oct_apr,Late Oct-Apr,2024-11,0.14932775145665353,0.14506305883602086,0.18499999999999997,71.44871794871796
nhsn,2024-2025,New Hampshire,late_oct_apr,Late Oct-Apr,2024-12,0.12812915985680987,0.12017773168349756,0.185,59.70879120879121
nhsn,2024-2025,New Hampshire,late_oct_apr,Late Oct-Apr,2025-01,0.11526167041926685,0.1168710356282144,0.185,27.375457875457876
nhsn,2024-2025,New Hampshire,late_oct_apr,Late Oct-Apr,2025-02,0.11796336465973054,0.11168739222612822,0.185,12.058608058608058
nhsn,2024-2025,New Hampshire,late_oct_apr,Late Oct-Apr,2025-03,0.12925159201557937,0.11735744966626768,0.185,5.344322344322345
nhsn,2024-2025,New Hampshire,late_oct_apr,Late Oct-Apr,2025-04,0.06567906593406593,0.06933448781229258,0.12300921333333335,2.1043956043956045
nhsn,2024-2025,New Hampshire,late_oct_apr,Late Oct-Apr,2025-05,0.0,0.0,0.0,0.10073260073260074
nhsn,2024-2025,New Hampshire,late_oct_apr,Late Oct-Apr,2025-06,,,0.0,0.0
nhsn,2024-2025,New Jersey,baseline_oct_mar,Baseline Oct-Mar,2024-02,0.0,0.0,0.0,1.0274725274725274
nhsn,2024-2025,New Jersey,baseline_oct_mar,Baseline Oct-Mar,2024-03,0.0,0.028832655500101192,0.03425483870967742,95.44688644688642
nhsn,2024-2025,New Jersey,baseline_oct_mar,Baseline Oct-Mar,2024-04,0.152701720936367,0.15073908923766072,0.18499999999999991,357.58791208791206
nhsn,2024-2025,New Jersey,baseline_oct_mar,Baseline Oct-Mar,2024-05,0.1305376156469359,0.1312170162258991,0.18499999999999997,645.6098901098901
nhsn,2024-2025,New Jersey,baseline_oct_mar,Baseline Oct-Mar,2024-06,0.15034553320149083,0.1492430699702445,0.18499999999999991,724.3919413919414
nhsn,2024-2025,New Jersey,baseline_oct_mar,Baseline Oct-Mar,2024-07,0.13456252933249677,0.13413591720028434,0.18499999999999997,784.0238095238095
nhsn,2024-2025,New Jersey,baseline_oct_mar,Baseline Oct-Mar,2024-08,0.15026588028702484,0.150292163720255,0.18499999999999997,808.7820512820513
nhsn,2024-2025,New Jersey,baseline_oct_mar,Baseline Oct-Mar,2024-09,0.14935608074967752,0.14952116928185777,0.18499999999999991,792.9505494505495
nhsn,2024-2025,New Jersey,baseline_oct_mar,Baseline Oct-Mar,2024-10,0.148391754070533,0.14580405317269562,0.185,825.5567765567765
nhsn,2024-2025,New Jersey,baseline_oct_mar,Baseline Oct-Mar,2024-11,0.13834921553540644,0.1324521664350625,0.18499999999999997,707.4047619047619
nhsn,2024-2025,New Jersey,baseline_oct_mar,Baseline Oct-Mar,2024-12,0.11593334937386338,0.11260187169684259,0.185,454.1336996336997
nhsn,2024-2025,New Jersey,baseline_oct_mar,Baseline Oct-Mar,2025-01,0.1134512179533853,0.11213237354674419,0.185,177.46703296703296
nhsn,2024-2025,New Jersey,baseline_oct_mar,Baseline Oct-Mar,2025-02,0.13003224740984506,0.12490706608331109,0.185,72.50366300366301
nhsn,2024-2025,New Jersey,baseline_oct_mar,Baseline Oct-Mar,2025-03,0.1206560404560572,0.08884416805347736,0.12500891612903228,46.02014652014652
nhsn,2024-2025,New Jersey,baseline_oct_mar,Baseline Oct-Mar,2025-04,0.0,0.0,0.0,20.34798534798535
nhsn,2024-2025,New Jersey,baseline_oct_mar,Baseline Oct-Mar,2025-05,0.0,0.0,0.0,10.065934065934067
nhsn,2024-2025,New Jersey,baseline_oct_mar,Baseline Oct-Mar,2025-06,0.0,0.0,0.0,2.1153846153846154
nhsn,2024-2025,New Jersey,early_sep_mar,Early Sep-Mar,2024-02,0.0,0.0614103868324045,0.04108541666666665,1.0274725274725274
nhsn,2024-2025,New Jersey,early_sep_mar,Early Sep-Mar,2024-03,0.15053729962798595,0.14854250875063052,0.1814790322580645,95.44688644688642
nhsn,2024-2025,New Jersey,early_sep_mar,Early Sep-Mar,2024-04,0.152701720936367,0.1524980849931658,0.18499999999999991,357.58791208791206
nhsn,2024-2025,New Jersey,early_sep_mar,Early Sep-Mar,2024-05,0.14877379626782314,0.14896660407486373,0.18499999999999997,645.6098901098901
nhsn,2024-2025,New Jersey,early_sep_mar,Early Sep-Mar,2024-06,0.15034553320149083,0.15026906705250856,0.18499999999999991,724.3919413919414
nhsn,2024-2025,New Jersey,early_sep_mar,Early Sep-Mar,2024-07,0.14833934255679435,0.14841333504669196,0.18499999999999997,784.0238095238095
nhsn,2024-2025,New Jersey,early_sep_mar,Early Sep-Mar,2024-08,0.1473376892647371,0.14709743381943985,0.18499999999999997,808.7820512820513
nhsn,2024-2025,New Jersey,early_sep_mar,Early Sep-Mar,2024-09,0.14722239650856564,0.1475367777203137,0.18499999999999997,792.9505494505495
nhsn,2024-2025,New Jersey,early_sep_mar,Early Sep-Mar,2024-10,0.148391754070533,0.14580405317269562,0.185,825.5567765567765
nhsn,2024-2025,New Jersey,early_sep_mar,Early Sep-Mar,2024-11,0.13834921553540644,0.1324521664350625,0.18499999999999997,707.4047619047619
nhsn,2024-2025,New Jersey,early_sep_mar,Early Sep-Mar,2024-12,0.11593334937386338,0.11260187169684259,0.185,454.1336996336997
nhsn,2024-2025,New Jersey,early_sep_mar,Early Sep-Mar,2025-01,0.1134512179533853,0.11213237354674419,0.185,177.46703296703296
nhsn,2024-2025,New Jersey,early_sep_mar,Early Sep-Mar,2025-02,0.13003224740984506,0.12490706608331109,0.185,72.50366300366301
nhsn,2024-2025,New Jersey,early_sep_mar,Early Sep-Mar,2025-03,0.1206560404560572,0.08884416805347736,0.12500891612903228,46.02014652014652
nhsn,2024-2025,New Jersey,early_sep_mar,Early Sep-Mar,2025-04,0.0,0.0,0.0,20.34798534798535
nhsn,2024-2025,New Jersey,early_sep_mar,Early Sep-Mar,2025-05,0.0,0.0,0.0,10.065934065934067
nhsn,2024-2025,New Jersey,early_sep_mar,Early Sep-Mar,2025-06,0.0,0.0,0.0,2.1153846153846154
nhsn,2024-2025,New Jersey,extended_sep_apr,Extended Sep-Apr,2024-02,0.0,0.0614103868324045,0.04108541666666665,1.0274725274725274
nhsn,2024-2025,New Jersey,extended_sep_apr,Extended Sep-Apr,2024-03,0.15053729962798595,0.14854250875063052,0.1814790322580645,95.44688644688642
nhsn,2024-2025,New Jersey,extended_sep_apr,Extended Sep-Apr,2024-04,0.152701720936367,0.1524980849931658,0.18499999999999991,357.58791208791206
nhsn,2024-2025,New Jersey,extended_sep_apr,Extended Sep-Apr,2024-05,0.14877379626782314,0.14896660407486373,0.18499999999999997,645.6098901098901
nhsn,2024-2025,New Jersey,extended_sep_apr,Extended Sep-Apr,2024-06,0.15034553320149083,0.15026906705250856,0.18499999999999991,724.3919413919414
nhsn,2024-2025,New Jersey,extended_sep_apr,Extended Sep-Apr,2024-07,0.14833934255679435,0.14841333504669196,0.18499999999999997,784.0238095238095
nhsn,2024-2025,New Jersey,extended_sep_apr,Extended Sep-Apr,2024-08,0.1473376892647371,0.14709743381943985,0.18499999999999997,808.7820512820513
nhsn,2024-2025,New Jersey,extended_sep_apr,Extended Sep-Apr,2024-09,0.14722239650856564,0.1475367777203137,0.18499999999999997,792.9505494505495
nhsn,2024-2025,New Jersey,extended_sep_apr,Extended Sep-Apr,2024-10,0.148391754070533,0.14580405317269562,0.185,825.5567765567765
nhsn,2024-2025,New Jersey,extended_sep_apr,Extended Sep-Apr,2024-11,0.13834921553540644,0.1324521664350625,0.18499999999999997,707.4047619047619
nhsn,2024-2025,New Jersey,extended_sep_apr,Extended Sep-Apr,2024-12,0.11593334937386338,0.11260187169684259,0.185,454.1336996336997
nhsn,2024-2025,New Jersey,extended_sep_apr,Extended Sep-Apr,2025-01,0.1134512179533853,0.11213237354674419,0.185,177.46703296703296
nhsn,2024-2025,New Jersey,extended_sep_apr,Extended Sep-Apr,2025-02,0.13003224740984506,0.12490706608331109,0.185,72.50366300366301
nhsn,2024-2025,New Jersey,extended_sep_apr,Extended Sep-Apr,2025-03,0.1206560404560572,0.11684908121985757,0.185,46.02014652014652
nhsn,2024-2025,New Jersey,extended_sep_apr,Extended Sep-Apr,2025-04,0.11993708871248036,0.08651235707566132,0.12300921333333335,20.34798534798535
nhsn,2024-2025,New Jersey,extended_sep_apr,Extended Sep-Apr,2025-05,0.0,0.0,0.0,10.065934065934067
nhsn,2024-2025,New Jersey,extended_sep_apr,Extended Sep-Apr,2025-06,0.0,0.0,0.0,2.1153846153846154
nhsn,2024-2025,New Jersey,late_oct_apr,Late Oct-Apr,2024-02,0.0,0.0,0.0,1.0274725274725274
nhsn,2024-2025,New Jersey,late_oct_apr,Late Oct-Apr,2024-03,0.0,0.028832655500101192,0.03425483870967742,95.44688644688642
nhsn,2024-2025,New Jersey,late_oct_apr,Late Oct-Apr,2024-04,0.152701720936367,0.15073908923766072,0.18499999999999991,357.58791208791206
nhsn,2024-2025,New Jersey,late_oct_apr,Late Oct-Apr,2024-05,0.1305376156469359,0.1312170162258991,0.18499999999999997,645.6098901098901
nhsn,2024-2025,New Jersey,late_oct_apr,Late Oct-Apr,2024-06,0.15034553320149083,0.1492430699702445,0.18499999999999991,724.3919413919414
nhsn,2024-2025,New Jersey,late_oct_apr,Late Oct-Apr,2024-07,0.13456252933249677,0.13413591720028434,0.18499999999999997,784.0238095238095
nhsn,2024-2025,New Jersey,late_oct_apr,Late Oct-Apr,2024-08,0.15026588028702484,0.150292163720255,0.18499999999999997,808.7820512820513
nhsn,2024-2025,New Jersey,late_oct_apr,Late Oct-Apr,2024-09,0.14935608074967752,0.14952116928185777,0.18499999999999991,792.9505494505495
nhsn,2024-2025,New Jersey,late_oct_apr,Late Oct-Apr,2024-10,0.148391754070533,0.14580405317269562,0.185,825.5567765567765
nhsn,2024-2025,New Jersey,late_oct_apr,Late Oct-Apr,2024-11,0.13834921553540644,0.1324521664350625,0.18499999999999997,707.4047619047619
nhsn,2024-2025,New Jersey,late_oct_apr,Late Oct-Apr,2024-12,0.11593334937386338,0.11260187169684259,0.185,454.1336996336997
nhsn,2024-2025,New Jersey,late_oct_apr,Late Oct-Apr,2025-01,0.1134512179533853,0.11213237354674419,0.185,177.46703296703296
nhsn,2024-2025,New Jersey,late_oct_apr,Late Oct-Apr,2025-02,0.13003224740984506,0.12490706608331109,0.185,72.50366300366301
nhsn,2024-2025,New Jersey,late_oct_apr,Late Oct-Apr,2025-03,0.1206560404560572,0.11684908121985757,0.185,46.02014652014652
nhsn,2024-2025,New Jersey,late_oct_apr,Late Oct-Apr,2025-04,0.11993708871248036,0.08651235707566132,0.12300921333333335,20.34798534798535
nhsn,2024-2025,New Jersey,late_oct_apr,Late Oct-Apr,2025-05,0.0,0.0,0.0,10.065934065934067
nhsn,2024-2025,New Jersey,late_oct_apr,Late Oct-Apr,2025-06,0.0,0.0,0.0,2.1153846153846154
nhsn,2024-2025,New Mexico,baseline_oct_mar,Baseline Oct-Mar,2024-02,,,0.0,0.0
nhsn,2024-2025,New Mexico,baseline_oct_mar,Baseline Oct-Mar,2024-03,0.0,0.032503369368697216,0.03425483870967742,1.1923076923076923
nhsn,2024-2025,New Mexico,baseline_oct_mar,Baseline Oct-Mar,2024-04,0.15246166903684552,0.15281452977936294,0.18499999999999991,9.677655677655677
nhsn,2024-2025,New Mexico,baseline_oct_mar,Baseline Oct-Mar,2024-05,0.1484664049986525,0.1480576096434644,0.18499999999999997,53.74175824175825
nhsn,2024-2025,New Mexico,baseline_oct_mar,Baseline Oct-Mar,2024-06,0.14853894276087357,0.14857669084954817,0.18499999999999991,150.93956043956047
nhsn,2024-2025,New Mexico,baseline_oct_mar,Baseline Oct-Mar,2024-07,0.14813185962723308,0.14813662263243085,0.18499999999999997,304.26007326007317
nhsn,2024-2025,New Mexico,baseline_oct_mar,Baseline Oct-Mar,2024-08,0.14784492399092033,0.1478603228670813,0.18499999999999997,342.2802197802198
nhsn,2024-2025,New Mexico,baseline_oct_mar,Baseline Oct-Mar,2024-09,0.1471628412259722,0.1470860408440475,0.18499999999999991,337.9084249084249
nhsn,2024-2025,New Mexico,baseline_oct_mar,Baseline Oct-Mar,2024-10,0.14745567355793254,0.14736372034560608,0.185,351.1282051282051
nhsn,2024-2025,New Mexico,baseline_oct_mar,Baseline Oct-Mar,2024-11,0.14825366201897652,0.14814753861092744,0.18499999999999997,338.80769230769226
nhsn,2024-2025,New Mexico,baseline_oct_mar,Baseline Oct-Mar,2024-12,0.14840786645941495,0.1452203135733121,0.185,340.8772893772894
nhsn,2024-2025,New Mexico,baseline_oct_mar,Baseline Oct-Mar,2025-01,0.14279897657387478,0.13597904305753608,0.185,295.38461538461536
nhsn,2024-2025,New Mexico,baseline_oct_mar,Baseline Oct-Mar,2025-02,0.11010031962988115,0.1023458159036195,0.185,177.0164835164835
nhsn,2024-2025,New Mexico,baseline_oct_mar,Baseline Oct-Mar,2025-03,0.07922023392724492,0.06959719545733019,0.12500891612903228,50.25457875457876
nhsn,2024-2025,New Mexico,baseline_oct_mar,Baseline Oct-Mar,2025-04,0.0,0.0,0.0,9.263736263736265
nhsn,2024-2025,New Mexico,baseline_oct_mar,Baseline Oct-Mar,2025-05,0.0,0.0,0.0,2.357142857142857
nhsn,2024-2025,New Mexico,baseline_oct_mar,Baseline Oct-Mar,2025-06,0.0,0.0,0.0,0.24358974358974358
nhsn,2024-2025,New Mexico,early_sep_mar,Early Sep-Mar,2024-02,,,0.04108541666666665,0.0
nhsn,2024-2025,New Mexico,early_sep_mar,Early Sep-Mar,2024-03,0.1494006170568562,0.15027821664741794,0.1814790322580645,1.1923076923076923
nhsn,2024-2025,New Mexico,early_sep_mar,Early Sep-Mar,2024-04,0.15190799939937363,0.15198179186021407,0.18499999999999991,9.677655677655677
nhsn,2024-2025,New Mexico,early_sep_mar,Early Sep-Mar,2024-05,0.14818370951455187,0.14832403327469645,0.18499999999999997,53.74175824175825
nhsn,2024-2025,New Mexico,early_sep_mar,Early Sep-Mar,2024-06,0.14842363910389864,0.148316928269206,0.18499999999999991,150.93956043956047
nhsn,2024-2025,New Mexico,early_sep_mar,Early Sep-Mar,2024-07,0.14728132301982202,0.14728892446846636,0.18499999999999997,304.26007326007317
nhsn,2024-2025,New Mexico,early_sep_mar,Early Sep-Mar,2024-08,0.14576516517516994,0.14553776961822543,0.18499999999999997,342.2802197802198
nhsn,2024-2025,New Mexico,early_sep_mar,Early Sep-Mar,2024-09,0.14493106174471215,0.14514708491730074,0.18499999999999997,337.9084249084249
nhsn,2024-2025,New Mexico,early_sep_mar,Early Sep-Mar,2024-10,0.14745567355793254,0.14736372034560608,0.185,351.1282051282051
nhsn,2024-2025,New Mexico,early_sep_mar,Early Sep-Mar,2024-11,0.14825366201897652,0.14814753861092744,0.18499999999999997,338.80769230769226
nhsn,2024-2025,New Mexico,early_sep_mar,Early Sep-Mar,2024-12,0.14840786645941495,0.1452203135733121,0.185,340.8772893772894
nhsn,2024-2025,New Mexico,early_sep_mar,Early Sep-Mar,2025-01,0.14279897657387478,0.13597904305753608,0.185,295.38461538461536
nhsn,2024-2025,New Mexico,early_sep_mar,Early Sep-Mar,2025-02,0.11010031962988115,0.1023458159036195,0.185,177.0164835164835
nhsn,2024-2025,New Mexico,early_sep_mar,Early Sep-Mar,2025-03,0.07922023392724492,0.06959719545733019,0.12500891612903228,50.25457875457876
nhsn,2024-2025,New Mexico,early_sep_mar,Early Sep-Mar,2025-04,0.0,0.0,0.0,9.263736263736265
nhsn,2024-2025,New Mexico,early_sep_mar,Early Sep-Mar,2025-05,0.0,0.0,0.0,2.357142857142857
nhsn,2024-2025,New Mexico,early_sep_mar,Early Sep-Mar,2025-06,0.0,0.0,0.0,0.24358974358974358
nhsn,2024-2025,New Mexico,extended_sep_apr,Extended Sep-Apr,2024-02,,,0.04108541666666665,0.0
nhsn,2024-2025,New Mexico,extended_sep_apr,Extended Sep-Apr,2024-03,0.1494006170568562,0.15027821664741794,0.1814790322580645,1.1923076923076923
nhsn,2024-2025,New Mexico,extended_sep_apr,Extended Sep-Apr,2024-04,0.15190799939937363,0.15198179186021407,0.18499999999999991,9.677655677655677
nhsn,2024-2025,New Mexico,extended_sep_apr,Extended Sep-Apr,2024-05,0.14818370951455187,0.14832403327469645,0.18499999999999997,53.74175824175825
nhsn,2024-2025,New Mexico,extended_sep_apr,Extended Sep-Apr,2024-06,0.14842363910389864,0.148316928269206,0.18499999999999991,150.93956043956047
nhsn,2024-2025,New Mexico,extended_sep_apr,Extended Sep-Apr,2024-07,0.14728132301982202,0.14728892446846636,0.18499999999999997,304.26007326007317
nhsn,2024-2025,New Mexico,extended_sep_apr,Extended Sep-Apr,2024-08,0.14576516517516994,0.14553776961822543,0.18499999999999997,342.2802197802198
nhsn,2024-2025,New Mexico,extended_sep_apr,Extended Sep-Apr,2024-09,0.14493106174471215,0.14514708491730074,0.18499999999999997,337.9084249084249
nhsn,2024-2025,New Mexico,extended_sep_apr,Extended Sep-Apr,2024-10,0.14745567355793254,0.14736372034560608,0.185,351.1282051282051
nhsn,2024-2025,New Mexico,extended_sep_apr,Extended Sep-Apr,2024-11,0.14825366201897652,0.14814753861092744,0.18499999999999997,338.80769230769226
nhsn,2024-2025,New Mexico,extended_sep_apr,Extended Sep-Apr,2024-12,0.14840786645941495,0.1452203135733121,0.185,340.8772893772894
nhsn,2024-2025,New Mexico,extended_sep_apr,Extended Sep-Apr,2025-01,0.14279897657387478,0.13597904305753608,0.185,295.38461538461536
nhsn,2024-2025,New Mexico,extended_sep_apr,Extended Sep-Apr,2025-02,0.11010031962988115,0.1023458159036195,0.185,177.0164835164835
nhsn,2024-2025,New Mexico,extended_sep_apr,Extended Sep-Apr,2025-03,0.08402677057147646,0.08743772820649014,0.185,50.25457875457876
nhsn,2024-2025,New Mexico,extended_sep_apr,Extended Sep-Apr,2025-04,0.10821769941111521,0.08314184555456422,0.12300921333333335,9.263736263736263
nhsn,2024-2025,New Mexico,extended_sep_apr,Extended Sep-Apr,2025-05,0.0,0.0,0.0,2.357142857142857
nhsn,2024-2025,New Mexico,extended_sep_apr,Extended Sep-Apr,2025-06,0.0,0.0,0.0,0.24358974358974358
nhsn,2024-2025,New Mexico,late_oct_apr,Late Oct-Apr,2024-02,,,0.0,0.0
nhsn,2024-2025,New Mexico,late_oct_apr,Late Oct-Apr,2024-03,0.0,0.032503369368697216,0.03425483870967742,1.1923076923076923
nhsn,2024-2025,New Mexico,late_oct_apr,Late Oct-Apr,2024-04,0.15246166903684552,0.15281452977936294,0.18499999999999991,9.677655677655677
nhsn,2024-2025,New Mexico,late_oct_apr,Late Oct-Apr,2024-05,0.1484664049986525,0.1480576096434644,0.18499999999999997,53.74175824175825
nhsn,2024-2025,New Mexico,late_oct_apr,Late Oct-Apr,2024-06,0.14853894276087357,0.14857669084954817,0.18499999999999991,150.93956043956047
nhsn,2024-2025,New Mexico,late_oct_apr,Late Oct-Apr,2024-07,0.14813185962723308,0.14813662263243085,0.18499999999999997,304.26007326007317
nhsn,2024-2025,New Mexico,late_oct_apr,Late Oct-Apr,2024-08,0.14784492399092033,0.1478603228670813,0.18499999999999997,342.2802197802198
nhsn,2024-2025,New Mexico,late_oct_apr,Late Oct-Apr,2024-09,0.1471628412259722,0.1470860408440475,0.18499999999999991,337.9084249084249
nhsn,2024-2025,New Mexico,late_oct_apr,Late Oct-Apr,2024-10,0.14745567355793254,0.14736372034560608,0.185,351.1282051282051
nhsn,2024-2025,New Mexico,late_oct_apr,Late Oct-Apr,2024-11,0.14825366201897652,0.14814753861092744,0.18499999999999997,338.80769230769226
nhsn,2024-2025,New Mexico,late_oct_apr,Late Oct-Apr,2024-12,0.14840786645941495,0.1452203135733121,0.185,340.8772893772894
nhsn,2024-2025,New Mexico,late_oct_apr,Late Oct-Apr,2025-01,0.14279897657387478,0.13597904305753608,0.185,295.38461538461536
nhsn,2024-2025,New Mexico,late_oct_apr,Late Oct-Apr,2025-02,0.11010031962988115,0.1023458159036195,0.185,177.0164835164835
nhsn,2024-2025,New Mexico,late_oct_apr,Late Oct-Apr,2025-03,0.08402677057147646,0.08743772820649014,0.185,50.25457875457876
nhsn,2024-2025,New Mexico,late_oct_apr,Late Oct-Apr,2025-04,0.10821769941111521,0.08314184555456422,0.12300921333333335,9.263736263736263
nhsn,2024-2025,New Mexico,late_oct_apr,Late Oct-Apr,2025-05,0.0,0.0,0.0,2.357142857142857
nhsn,2024-2025,New Mexico,late_oct_apr,Late Oct-Apr,2025-06,0.0,0.0,0.0,0.24358974358974358
nhsn,2024-2025,New York,baseline_oct_mar,Baseline Oct-Mar,2024-02,0.0,0.0,0.0,1.4523809523809523
nhsn,2024-2025,New York,baseline_oct_mar,Baseline Oct-Mar,2024-03,0.0,0.02859089530874209,0.03425483870967742,132.6886446886447
nhsn,2024-2025,New York,baseline_oct_mar,Baseline Oct-Mar,2024-04,0.1528378339450315,0.1521333631274813,0.18499999999999991,674.7912087912088
nhsn,2024-2025,New York,baseline_oct_mar,Baseline Oct-Mar,2024-05,0.1395571006828351,0.13723740233788348,0.18499999999999997,1261.4761904761904
nhsn,2024-2025,New York,baseline_oct_mar,Baseline Oct-Mar,2024-06,0.15062968493761528,0.15010784418587703,0.18499999999999991,1441.8736263736264
nhsn,2024-2025,New York,baseline_oct_mar,Baseline Oct-Mar,2024-07,0.14167433027295123,0.13941107183197493,0.18499999999999997,1597.8772893772898
nhsn,2024-2025,New York,baseline_oct_mar,Baseline Oct-Mar,2024-08,0.15016402889863364,0.1501191918381495,0.18499999999999997,1661.2802197802198
nhsn,2024-2025,New York,baseline_oct_mar,Baseline Oct-Mar,2024-09,0.14880405033100297,0.148874720036454,0.18499999999999991,1634.8040293040294
nhsn,2024-2025,New York,baseline_oct_mar,Baseline Oct-Mar,2024-10,0.14874833015245886,0.14753105481496775,0.185,1702.2930402930406
nhsn,2024-2025,New York,baseline_oct_mar,Baseline Oct-Mar,2024-11,0.14079408633164534,0.13366673039402088,0.18499999999999997,1521.1172161172162
nhsn,2024-2025,New York,baseline_oct_mar,Baseline Oct-Mar,2024-12,0.11658585518199925,0.11463285396675338,0.185,999.7161172161173
nhsn,2024-2025,New York,baseline_oct_mar,Baseline Oct-Mar,2025-01,0.12173277449547916,0.1182139832942315,0.185,435.7802197802198
nhsn,2024-2025,New York,baseline_oct_mar,Baseline Oct-Mar,2025-02,0.1256072713214153,0.12026634114160963,0.185,196.81868131868129
nhsn,2024-2025,New York,baseline_oct_mar,Baseline Oct-Mar,2025-03,0.11878154906832794,0.08818974641088337,0.12500891612903228,113.3882783882784
nhsn,2024-2025,New York,baseline_oct_mar,Baseline Oct-Mar,2025-04,0.0,0.0,0.0,47.76190476190476
nhsn,2024-2025,New York,baseline_oct_mar,Baseline Oct-Mar,2025-05,0.0,0.0,0.0,20.188644688644693
nhsn,2024-2025,New York,baseline_oct_mar,Baseline Oct-Mar,2025-06,0.0,0.0,0.0,4.846153846153847
nhsn,2024-2025,New York,early_sep_mar,Early Sep-Mar,2024-02,0.0,0.04717921630245231,0.04108541666666665,1.4523809523809523
nhsn,2024-2025,New York,early_sep_mar,Early Sep-Mar,2024-03,0.15009016714189036,0.14812798603811414,0.1814790322580645,132.6886446886447
nhsn,2024-2025,New York,early_sep_mar,Early Sep-Mar,2024-04,0.15274831220941518,0.1523683575620317,0.18499999999999991,674.7912087912088
nhsn,2024-2025,New York,early_sep_mar,Early Sep-Mar,2024-05,0.14864746231238982,0.14886492969370044,0.18499999999999997,1261.4761904761904
nhsn,2024-2025,New York,early_sep_mar,Early Sep-Mar,2024-06,0.15051930701876906,0.15019097833714662,0.18499999999999991,1441.8736263736264
nhsn,2024-2025,New York,early_sep_mar,Early Sep-Mar,2024-07,0.14825929067403826,0.14833324805329182,0.18499999999999997,1597.8772893772898
nhsn,2024-2025,New York,early_sep_mar,Early Sep-Mar,2024-08,0.14714692462255707,0.14668063655596245,0.18499999999999997,1661.2802197802198
nhsn,2024-2025,New York,early_sep_mar,Early Sep-Mar,2024-09,0.14667245399999249,0.1468331873756315,0.18499999999999997,1634.8040293040294
nhsn,2024-2025,New York,early_sep_mar,Early Sep-Mar,2024-10,0.14874833015245886,0.14753105481496775,0.185,1702.2930402930406
nhsn,2024-2025,New York,early_sep_mar,Early Sep-Mar,2024-11,0.14079408633164534,0.13366673039402088,0.18499999999999997,1521.1172161172162
nhsn,2024-2025,New York,early_sep_mar,Early Sep-Mar,2024-12,0.11658585518199925,0.11463285396675338,0.185,999.7161172161173
nhsn,2024-2025,New York,early_sep_mar,Early Sep-Mar,2025-01,0.12173277449547916,0.1182139832942315,0.185,435.7802197802198
nhsn,2024-2025,New York,early_sep_mar,Early Sep-Mar,2025-02,0.1256072713214153,0.12026634114160963,0.185,196.81868131868129
nhsn,2024-2025,New York,early_sep_mar,Early Sep-Mar,2025-03,0.11878154906832794,0.08818974641088337,0.12500891612903228,113.3882783882784
nhsn,2024-2025,New York,early_sep_mar,Early Sep-Mar,2025-04,0.0,0.0,0.0,47.76190476190476
nhsn,2024-2025,New York,early_sep_mar,Early Sep-Mar,2025-05,0.0,0.0,0.0,20.188644688644693
nhsn,2024-2025,New York,early_sep_mar,Early Sep-Mar,2025-06,0.0,0.0,0.0,4.846153846153847
nhsn,2024-2025,New York,extended_sep_apr,Extended Sep-Apr,2024-02,0.0,0.04717921630245231,0.04108541666666665,1.4523809523809523
nhsn,2024-2025,New York,extended_sep_apr,Extended Sep-Apr,2024-03,0.15009016714189036,0.14812798603811414,0.1814790322580645,132.6886446886447
nhsn,2024-2025,New York,extended_sep_apr,Extended Sep-Apr,2024-04,0.15274831220941518,0.1523683575620317,0.18499999999999991,674.7912087912088
nhsn,2024-2025,New York,extended_sep_apr,Extended Sep-Apr,2024-05,0.14864746231238982,0.14886492969370044,0.18499999999999997,1261.4761904761904
nhsn,2024-2025,New York,extended_sep_apr,Extended Sep-Apr,2024-06,0.15051930701876906,0.15019097833714662,0.18499999999999991,1441.8736263736264
nhsn,2024-2025,New York,extended_sep_apr,Extended Sep-Apr,2024-07,0.14825929067403826,0.14833324805329182,0.18499999999999997,1597.8772893772898
nhsn,2024-2025,New York,extended_sep_apr,Extended Sep-Apr,2024-08,0.14714692462255707,0.14668063655596245,0.18499999999999997,1661.2802197802198
nhsn,2024-2025,New York,extended_sep_apr,Extended Sep-Apr,2024-09,0.14667245399999249,0.1468331873756315,0.18499999999999997,1634.8040293040294
nhsn,2024-2025,New York,extended_sep_apr,Extended Sep-Apr,2024-10,0.14874833015245886,0.14753105481496775,0.185,1702.2930402930406
nhsn,2024-2025,New York,extended_sep_apr,Extended Sep-Apr,2024-11,0.14079408633164534,0.13366673039402088,0.18499999999999997,1521.1172161172162
nhsn,2024-2025,New York,extended_sep_apr,Extended Sep-Apr,2024-12,0.11658585518199925,0.11463285396675338,0.185,999.7161172161173
nhsn,2024-2025,New York,extended_sep_apr,Extended Sep-Apr,2025-01,0.12173277449547916,0.1182139832942315,0.185,435.7802197802198
nhsn,2024-2025,New York,extended_sep_apr,Extended Sep-Apr,2025-02,0.1256072713214153,0.12026634114160963,0.185,196.81868131868129
nhsn,2024-2025,New York,extended_sep_apr,Extended Sep-Apr,2025-03,0.12013851547368622,0.11564892973714054,0.185,113.3882783882784
nhsn,2024-2025,New York,extended_sep_apr,Extended Sep-Apr,2025-04,0.11322110354069989,0.08388063835786268,0.12300921333333335,47.76190476190477
nhsn,2024-2025,New York,extended_sep_apr,Extended Sep-Apr,2025-05,0.0,0.0,0.0,20.188644688644693
nhsn,2024-2025,New York,extended_sep_apr,Extended Sep-Apr,2025-06,0.0,0.0,0.0,4.846153846153847
nhsn,2024-2025,New York,late_oct_apr,Late Oct-Apr,2024-02,0.0,0.0,0.0,1.4523809523809523
nhsn,2024-2025,New York,late_oct_apr,Late Oct-Apr,2024-03,0.0,0.02859089530874209,0.03425483870967742,132.6886446886447
nhsn,2024-2025,New York,late_oct_apr,Late Oct-Apr,2024-04,0.1528378339450315,0.1521333631274813,0.18499999999999991,674.7912087912088
nhsn,2024-2025,New York,late_oct_apr,Late Oct-Apr,2024-05,0.1395571006828351,0.13723740233788348,0.18499999999999997,1261.4761904761904
nhsn,2024-2025,New York,late_oct_apr,Late Oct-Apr,2024-06,0.15062968493761528,0.15010784418587703,0.18499999999999991,1441.8736263736264
nhsn,2024-2025,New York,late_oct_apr,Late Oct-Apr,2024-07,0.14167433027295123,0.13941107183197493,0.18499999999999997,1597.8772893772898
nhsn,2024-2025,New York,late_oct_apr,Late Oct-Apr,2024-08,0.15016402889863364,0.1501191918381495,0.18499999999999997,1661.2802197802198
nhsn,2024-2025,New York,late_oct_apr,Late Oct-Apr,2024-09,0.14880405033100297,0.148874720036454,0.18499999999999991,1634.8040293040294
nhsn,2024-2025,New York,late_oct_apr,Late Oct-Apr,2024-10,0.14874833015245886,0.14753105481496775,0.185,1702.2930402930406
nhsn,2024-2025,New York,late_oct_apr,Late Oct-Apr,2024-11,0.14079408633164534,0.13366673039402088,0.18499999999999997,1521.1172161172162
nhsn,2024-2025,New York,late_oct_apr,Late Oct-Apr,2024-12,0.11658585518199925,0.11463285396675338,0.185,999.7161172161173
nhsn,2024-2025,New York,late_oct_apr,Late Oct-Apr,2025-01,0.12173277449547916,0.1182139832942315,0.185,435.7802197802198
nhsn,2024-2025,New York,late_oct_apr,Late Oct-Apr,2025-02,0.1256072713214153,0.12026634114160963,0.185,196.81868131868129
nhsn,2024-2025,New York,late_oct_apr,Late Oct-Apr,2025-03,0.12013851547368622,0.11564892973714054,0.185,113.3882783882784
nhsn,2024-2025,New York,late_oct_apr,Late Oct-Apr,2025-04,0.11322110354069989,0.08388063835786268,0.12300921333333335,47.76190476190477
nhsn,2024-2025,New York,late_oct_apr,Late Oct-Apr,2025-05,0.0,0.0,0.0,20.188644688644693
nhsn,2024-2025,New York,late_oct_apr,Late Oct-Apr,2025-06,0.0,0.0,0.0,4.846153846153847
nhsn,2024-2025,North Carolina,baseline_oct_mar,Baseline Oct-Mar,2024-02,0.0,0.0,0.0,0.9194139194139195
nhsn,2024-2025,North Carolina,baseline_oct_mar,Baseline Oct-Mar,2024-03,0.0,0.028223580447577223,0.03425483870967742,23.747252747252745
nhsn,2024-2025,North Carolina,baseline_oct_mar,Baseline Oct-Mar,2024-04,0.15110810923526105,0.15137969935233223,0.18499999999999991,165.1007326007326
nhsn,2024-2025,North Carolina,baseline_oct_mar,Baseline Oct-Mar,2024-05,0.14606893752101474,0.14531329782772512,0.18499999999999997,470.8571428571428
nhsn,2024-2025,North Carolina,baseline_oct_mar,Baseline Oct-Mar,2024-06,0.14930304921285245,0.14929202970503203,0.18499999999999991,601.978021978022
nhsn,2024-2025,North Carolina,baseline_oct_mar,Baseline Oct-Mar,2024-07,0.14713025128609142,0.14620858762812883,0.18499999999999997,698.5677655677655
nhsn,2024-2025,North Carolina,baseline_oct_mar,Baseline Oct-Mar,2024-08,0.148819054967385,0.14891611199813276,0.18499999999999997,735.9615384615386
nhsn,2024-2025,North Carolina,baseline_oct_mar,Baseline Oct-Mar,2024-09,0.14792783912699775,0.14761785592483107,0.18499999999999991,728.021978021978
nhsn,2024-2025,North Carolina,baseline_oct_mar,Baseline Oct-Mar,2024-10,0.14800592410641422,0.14778538140053873,0.185,758.4120879120878
nhsn,2024-2025,North Carolina,baseline_oct_mar,Baseline Oct-Mar,2024-11,0.147627399818259,0.1431412557058135,0.18499999999999997,713.2545787545788
nhsn,2024-2025,North Carolina,baseline_oct_mar,Baseline Oct-Mar,2024-12,0.12661331731578196,0.12082935193878201,0.185,585.4542124542124
nhsn,2024-2025,North Carolina,baseline_oct_mar,Baseline Oct-Mar,2025-01,0.12360831259371889,0.11806167390094456,0.185,283.34615384615387
nhsn,2024-2025,North Carolina,baseline_oct_mar,Baseline Oct-Mar,2025-02,0.1212920863548318,0.11608735870249834,0.185,125.56776556776558
nhsn,2024-2025,North Carolina,baseline_oct_mar,Baseline Oct-Mar,2025-03,0.11707501098187018,0.08601869918060091,0.12500891612903228,64.66483516483517
nhsn,2024-2025,North Carolina,baseline_oct_mar,Baseline Oct-Mar,2025-04,0.0,0.0,0.0,25.75274725274725
nhsn,2024-2025,North Carolina,baseline_oct_mar,Baseline Oct-Mar,2025-05,0.0,0.0,0.0,9.804029304029303
nhsn,2024-2025,North Carolina,baseline_oct_mar,Baseline Oct-Mar,2025-06,0.0,0.0,0.0,2.230769230769231
nhsn,2024-2025,North Carolina,early_sep_mar,Early Sep-Mar,2024-02,0.0,0.03424001394466246,0.04108541666666665,0.9194139194139195
nhsn,2024-2025,North Carolina,early_sep_mar,Early Sep-Mar,2024-03,0.15052143978728305,0.1487099641400074,0.1814790322580645,23.747252747252745
nhsn,2024-2025,North Carolina,early_sep_mar,Early Sep-Mar,2024-04,0.15083956674301227,0.1510373895344987,0.18499999999999991,165.1007326007326
nhsn,2024-2025,North Carolina,early_sep_mar,Early Sep-Mar,2024-05,0.14846754614540647,0.1485459944783898,0.18499999999999997,470.8571428571428
nhsn,2024-2025,North Carolina,early_sep_mar,Early Sep-Mar,2024-06,0.14913511061031992,0.14905308476090057,0.18499999999999991,601.978021978022
nhsn,2024-2025,North Carolina,early_sep_mar,Early Sep-Mar,2024-07,0.14801471190570578,0.14804469012093954,0.18499999999999997,698.5677655677655
nhsn,2024-2025,North Carolina,early_sep_mar,Early Sep-Mar,2024-08,0.14654496495892436,0.14616325431450128,0.18499999999999997,735.9615384615386
nhsn,2024-2025,North Carolina,early_sep_mar,Early Sep-Mar,2024-09,0.14556674495640481,0.14569633710202728,0.18499999999999997,728.0219780219779
nhsn,2024-2025,North Carolina,early_sep_mar,Early Sep-Mar,2024-10,0.14800592410641422,0.14778538140053873,0.185,758.4120879120878
nhsn,2024-2025,North Carolina,early_sep_mar,Early Sep-Mar,2024-11,0.147627399818259,0.1431412557058135,0.18499999999999997,713.2545787545788
nhsn,2024-2025,North Carolina,early_sep_mar,Early Sep-Mar,2024-12,0.12661331731578196,0.12082935193878201,0.185,585.4542124542124
nhsn,2024-2025,North Carolina,early_sep_mar,Early Sep-Mar,2025-01,0.12360831259371889,0.11806167390094456,0.185,283.34615384615387
nhsn,2024-2025,North Carolina,early_sep_mar,Early Sep-Mar,2025-02,0.1212920863548318,0.11608735870249834,0.185,125.56776556776558
nhsn,2024-2025,North Carolina,early_sep_mar,Early Sep-Mar,2025-03,0.11707501098187018,0.08601869918060091,0.12500891612903228,64.66483516483517
nhsn,2024-2025,North Carolina,early_sep_mar,Early Sep-Mar,2025-04,0.0,0.0,0.0,25.75274725274725
nhsn,2024-2025,North Carolina,early_sep_mar,Early Sep-Mar,2025-05,0.0,0.0,0.0,9.804029304029303
nhsn,2024-2025,North Carolina,early_sep_mar,Early Sep-Mar,2025-06,0.0,0.0,0.0,2.230769230769231
nhsn,2024-2025,North Carolina,extended_sep_apr,Extended Sep-Apr,2024-02,0.0,0.03424001394466246,0.04108541666666665,0.9194139194139195
nhsn,2024-2025,North Carolina,extended_sep_apr,Extended Sep-Apr,2024-03,0.15052143978728305,0.1487099641400074,0.1814790322580645,23.747252747252745
nhsn,2024-2025,North Carolina,extended_sep_apr,Extended Sep-Apr,2024-04,0.15083956674301227,0.1510373895344987,0.18499999999999991,165.1007326007326
nhsn,2024-2025,North Carolina,extended_sep_apr,Extended Sep-Apr,2024-05,0.14846754614540647,0.1485459944783898,0.18499999999999997,470.8571428571428
nhsn,2024-2025,North Carolina,extended_sep_apr,Extended Sep-Apr,2024-06,0.14913511061031992,0.14905308476090057,0.18499999999999991,601.978021978022
nhsn,2024-2025,North Carolina,extended_sep_apr,Extended Sep-Apr,2024-07,0.14801471190570578,0.14804469012093954,0.18499999999999997,698.5677655677655
nhsn,2024-2025,North Carolina,extended_sep_apr,Extended Sep-Apr,2024-08,0.14654496495892436,0.14616325431450128,0.18499999999999997,735.9615384615386
nhsn,2024-2025,North Carolina,extended_sep_apr,Extended Sep-Apr,2024-09,0.14556674495640481,0.14569633710202728,0.18499999999999997,728.0219780219779
nhsn,2024-2025,North Carolina,extended_sep_apr,Extended Sep-Apr,2024-10,0.14800592410641422,0.14778538140053873,0.185,758.4120879120878
nhsn,2024-2025,North Carolina,extended_sep_apr,Extended Sep-Apr,2024-11,0.147627399818259,0.1431412557058135,0.18499999999999997,713.2545787545788
nhsn,2024-2025,North Carolina,extended_sep_apr,Extended Sep-Apr,2024-12,0.12661331731578196,0.12082935193878201,0.185,585.4542124542124
nhsn,2024-2025,North Carolina,extended_sep_apr,Extended Sep-Apr,2025-01,0.12360831259371889,0.11806167390094456,0.185,283.34615384615387
nhsn,2024-2025,North Carolina,extended_sep_apr,Extended Sep-Apr,2025-02,0.1212920863548318,0.11608735870249834,0.185,125.56776556776558
nhsn,2024-2025,North Carolina,extended_sep_apr,Extended Sep-Apr,2025-03,0.11707501098187018,0.11265956601601114,0.185,64.66483516483517
nhsn,2024-2025,North Carolina,extended_sep_apr,Extended Sep-Apr,2025-04,0.11967112708700516,0.08563822876782103,0.12300921333333335,25.752747252747255
nhsn,2024-2025,North Carolina,extended_sep_apr,Extended Sep-Apr,2025-05,0.0,0.0,0.0,9.804029304029303
nhsn,2024-2025,North Carolina,extended_sep_apr,Extended Sep-Apr,2025-06,0.0,0.0,0.0,2.230769230769231
nhsn,2024-2025,North Carolina,late_oct_apr,Late Oct-Apr,2024-02,0.0,0.0,0.0,0.9194139194139195
nhsn,2024-2025,North Carolina,late_oct_apr,Late Oct-Apr,2024-03,0.0,0.028223580447577223,0.03425483870967742,23.747252747252745
nhsn,2024-2025,North Carolina,late_oct_apr,Late Oct-Apr,2024-04,0.15110810923526105,0.15137969935233223,0.18499999999999991,165.1007326007326
nhsn,2024-2025,North Carolina,late_oct_apr,Late Oct-Apr,2024-05,0.14606893752101474,0.14531329782772512,0.18499999999999997,470.8571428571428
nhsn,2024-2025,North Carolina,late_oct_apr,Late Oct-Apr,2024-06,0.14930304921285245,0.14929202970503203,0.18499999999999991,601.978021978022
nhsn,2024-2025,North Carolina,late_oct_apr,Late Oct-Apr,2024-07,0.14713025128609142,0.14620858762812883,0.18499999999999997,698.5677655677655
nhsn,2024-2025,North Carolina,late_oct_apr,Late Oct-Apr,2024-08,0.148819054967385,0.14891611199813276,0.18499999999999997,735.9615384615386
nhsn,2024-2025,North Carolina,late_oct_apr,Late Oct-Apr,2024-09,0.14792783912699775,0.14761785592483107,0.18499999999999991,728.021978021978
nhsn,2024-2025,North Carolina,late_oct_apr,Late Oct-Apr,2024-10,0.14800592410641422,0.14778538140053873,0.185,758.4120879120878
nhsn,2024-2025,North Carolina,late_oct_apr,Late Oct-Apr,2024-11,0.147627399818259,0.1431412557058135,0.18499999999999997,713.2545787545788
nhsn,2024-2025,North Carolina,late_oct_apr,Late Oct-Apr,2024-12,0.12661331731578196,0.12082935193878201,0.185,585.4542124542124
nhsn,2024-2025,North Carolina,late_oct_apr,Late Oct-Apr,2025-01,0.12360831259371889,0.11806167390094456,0.185,283.34615384615387
nhsn,2024-2025,North Carolina,late_oct_apr,Late Oct-Apr,2025-02,0.1212920863548318,0.11608735870249834,0.185,125.56776556776558
nhsn,2024-2025,North Carolina,late_oct_apr,Late Oct-Apr,2025-03,0.11707501098187018,0.11265956601601114,0.185,64.66483516483517
nhsn,2024-2025,North Carolina,late_oct_apr,Late Oct-Apr,2025-04,0.11967112708700516,0.08563822876782103,0.12300921333333335,25.752747252747255
nhsn,2024-2025,North Carolina,late_oct_apr,Late Oct-Apr,2025-05,0.0,0.0,0.0,9.804029304029303
nhsn,2024-2025,North Carolina,late_oct_apr,Late Oct-Apr,2025-06,0.0,0.0,0.0,2.230769230769231
nhsn,2024-2025,North Dakota,baseline_oct_mar,Baseline Oct-Mar,2024-02,,,0.0,0.0
nhsn,2024-2025,North Dakota,baseline_oct_mar,Baseline Oct-Mar,2024-03,,,0.03425483870967742,0.0
nhsn,2024-2025,North Dakota,baseline_oct_mar,Baseline Oct-Mar,2024-04,0.14910380382775118,0.14981631699165898,0.18499999999999991,0.4542124542124542
nhsn,2024-2025,North Dakota,baseline_oct_mar,Baseline Oct-Mar,2024-05,0.1503931114310526,0.15094625925143398,0.18499999999999997,8.708791208791208
nhsn,2024-2025,North Dakota,baseline_oct_mar,Baseline Oct-Mar,2024-06,0.1482082774835153,0.14827683828570662,0.18499999999999991,33.11904761904762
nhsn,2024-2025,North Dakota,baseline_oct_mar,Baseline Oct-Mar,2024-07,0.14851111182613544,0.1484889555233652,0.18499999999999997,73.84981684981683
nhsn,2024-2025,North Dakota,baseline_oct_mar,Baseline Oct-Mar,2024-08,0.1476078678380443,0.14760038571120143,0.18499999999999997,93.33333333333334
nhsn,2024-2025,North Dakota,baseline_oct_mar,Baseline Oct-Mar,2024-09,0.14739156623376623,0.14724183703475038,0.18499999999999991,94.22710622710625
nhsn,2024-2025,North Dakota,baseline_oct_mar,Baseline Oct-Mar,2024-10,0.1466959921973188,0.14681494872459586,0.185,98.08974358974359
nhsn,2024-2025,North Dakota,baseline_oct_mar,Baseline Oct-Mar,2024-11,0.14871817362476236,0.14828877618481306,0.18499999999999997,95.38461538461539
nhsn,2024-2025,North Dakota,baseline_oct_mar,Baseline Oct-Mar,2024-12,0.14911638760030294,0.14672913775426885,0.185,98.02197802197803
nhsn,2024-2025,North Dakota,baseline_oct_mar,Baseline Oct-Mar,2025-01,0.14626226363803066,0.13889922244774447,0.185,89.3809523809524
nhsn,2024-2025,North Dakota,baseline_oct_mar,Baseline Oct-Mar,2025-02,0.12136771438666198,0.11536087010743545,0.185,58.19230769230769
nhsn,2024-2025,North Dakota,baseline_oct_mar,Baseline Oct-Mar,2025-03,0.09806498145202437,0.079382522088661,0.12500891612903228,25.77106227106227
nhsn,2024-2025,North Dakota,baseline_oct_mar,Baseline Oct-Mar,2025-04,0.0,0.0,0.0,5.534798534798535
nhsn,2024-2025,North Dakota,baseline_oct_mar,Baseline Oct-Mar,2025-05,0.0,0.0,0.0,1.2142857142857142
nhsn,2024-2025,North Dakota,baseline_oct_mar,Baseline Oct-Mar,2025-06,0.0,0.0,0.0,0.5128205128205128
nhsn,2024-2025,North Dakota,early_sep_mar,Early Sep-Mar,2024-02,,,0.04108541666666665,0.0
nhsn,2024-2025,North Dakota,early_sep_mar,Early Sep-Mar,2024-03,,,0.1814790322580645,0.0
nhsn,2024-2025,North Dakota,early_sep_mar,Early Sep-Mar,2024-04,0.14902254545454546,0.14873932231578946,0.18499999999999991,0.4542124542124542
nhsn,2024-2025,North Dakota,early_sep_mar,Early Sep-Mar,2024-05,0.14809541825368308,0.14813418747729828,0.18499999999999997,8.708791208791208
nhsn,2024-2025,North Dakota,early_sep_mar,Early Sep-Mar,2024-06,0.1481659780564263,0.1480495568685838,0.18499999999999991,33.11904761904762
nhsn,2024-2025,North Dakota,early_sep_mar,Early Sep-Mar,2024-07,0.1471732558777429,0.14718675923341024,0.18499999999999997,73.84981684981683
nhsn,2024-2025,North Dakota,early_sep_mar,Early Sep-Mar,2024-08,0.1424611581978139,0.14048490292454474,0.18499999999999997,93.33333333333334
nhsn,2024-2025,North Dakota,early_sep_mar,Early Sep-Mar,2024-09,0.14491768719851578,0.14288156573691493,0.18499999999999997,94.22710622710625
nhsn,2024-2025,North Dakota,early_sep_mar,Early Sep-Mar,2024-10,0.1466959921973188,0.14681494872459586,0.185,98.08974358974359
nhsn,2024-2025,North Dakota,early_sep_mar,Early Sep-Mar,2024-11,0.14871817362476236,0.14828877618481306,0.18499999999999997,95.38461538461539
nhsn,2024-2025,North Dakota,early_sep_mar,Early Sep-Mar,2024-12,0.14911638760030294,0.14672913775426885,0.185,98.02197802197803
nhsn,2024-2025,North Dakota,early_sep_mar,Early Sep-Mar,2025-01,0.14626226363803066,0.13889922244774447,0.185,89.3809523809524
nhsn,2024-2025,North Dakota,early_sep_mar,Early Sep-Mar,2025-02,0.12136771438666198,0.11536087010743545,0.185,58.19230769230769
nhsn,2024-2025,North Dakota,early_sep_mar,Early Sep-Mar,2025-03,0.09806498145202437,0.079382522088661,0.12500891612903228,25.77106227106227
nhsn,2024-2025,North Dakota,early_sep_mar,Early Sep-Mar,2025-04,0.0,0.0,0.0,5.534798534798535
nhsn,2024-2025,North Dakota,early_sep_mar,Early Sep-Mar,2025-05,0.0,0.0,0.0,1.2142857142857142
nhsn,2024-2025,North Dakota,early_sep_mar,Early Sep-Mar,2025-06,0.0,0.0,0.0,0.5128205128205128
nhsn,2024-2025,North Dakota,extended_sep_apr,Extended Sep-Apr,2024-02,,,0.04108541666666665,0.0
nhsn,2024-2025,North Dakota,extended_sep_apr,Extended Sep-Apr,2024-03,,,0.1814790322580645,0.0
nhsn,2024-2025,North Dakota,extended_sep_apr,Extended Sep-Apr,2024-04,0.14902254545454546,0.14873932231578946,0.18499999999999991,0.4542124542124542
nhsn,2024-2025,North Dakota,extended_sep_apr,Extended Sep-Apr,2024-05,0.14809541825368308,0.14813418747729828,0.18499999999999997,8.708791208791208
nhsn,2024-2025,North Dakota,extended_sep_apr,Extended Sep-Apr,2024-06,0.1481659780564263,0.1480495568685838,0.18499999999999991,33.11904761904762
nhsn,2024-2025,North Dakota,extended_sep_apr,Extended Sep-Apr,2024-07,0.1471732558777429,0.14718675923341024,0.18499999999999997,73.84981684981683
nhsn,2024-2025,North Dakota,extended_sep_apr,Extended Sep-Apr,2024-08,0.1424611581978139,0.14048490292454474,0.18499999999999997,93.33333333333334
nhsn,2024-2025,North Dakota,extended_sep_apr,Extended Sep-Apr,2024-09,0.14491768719851578,0.14288156573691493,0.18499999999999997,94.22710622710625
nhsn,2024-2025,North Dakota,extended_sep_apr,Extended Sep-Apr,2024-10,0.1466959921973188,0.14681494872459586,0.185,98.08974358974359
nhsn,2024-2025,North Dakota,extended_sep_apr,Extended Sep-Apr,2024-11,0.14871817362476236,0.14828877618481306,0.18499999999999997,95.38461538461539
nhsn,2024-2025,North Dakota,extended_sep_apr,Extended Sep-Apr,2024-12,0.14911638760030294,0.14672913775426885,0.185,98.02197802197803
nhsn,2024-2025,North Dakota,extended_sep_apr,Extended Sep-Apr,2025-01,0.14626226363803066,0.13889922244774447,0.185,89.3809523809524
nhsn,2024-2025,North Dakota,extended_sep_apr,Extended Sep-Apr,2025-02,0.12136771438666198,0.11536087010743545,0.185,58.19230769230769
nhsn,2024-2025,North Dakota,extended_sep_apr,Extended Sep-Apr,2025-03,0.100393408090265,0.09681954069122636,0.185,25.77106227106227
nhsn,2024-2025,North Dakota,extended_sep_apr,Extended Sep-Apr,2025-04,0.06973680557903635,0.06458625501827359,0.12300921333333335,5.534798534798535
nhsn,2024-2025,North Dakota,extended_sep_apr,Extended Sep-Apr,2025-05,0.0,0.0,0.0,1.2142857142857142
nhsn,2024-2025,North Dakota,extended_sep_apr,Extended Sep-Apr,2025-06,0.0,0.0,0.0,0.5128205128205128
nhsn,2024-2025,North Dakota,late_oct_apr,Late Oct-Apr,2024-02,,,0.0,0.0
nhsn,2024-2025,North Dakota,late_oct_apr,Late Oct-Apr,2024-03,,,0.03425483870967742,0.0
nhsn,2024-2025,North Dakota,late_oct_apr,Late Oct-Apr,2024-04,0.14910380382775118,0.14981631699165898,0.18499999999999991,0.4542124542124542
nhsn,2024-2025,North Dakota,late_oct_apr,Late Oct-Apr,2024-05,0.1503931114310526,0.15094625925143398,0.18499999999999997,8.708791208791208
nhsn,2024-2025,North Dakota,late_oct_apr,Late Oct-Apr,2024-06,0.1482082774835153,0.14827683828570662,0.18499999999999991,33.11904761904762
nhsn,2024-2025,North Dakota,late_oct_apr,Late Oct-Apr,2024-07,0.14851111182613544,0.1484889555233652,0.18499999999999997,73.84981684981683
nhsn,2024-2025,North Dakota,late_oct_apr,Late Oct-Apr,2024-08,0.1476078678380443,0.14760038571120143,0.18499999999999997,93.33333333333334
nhsn,2024-2025,North Dakota,late_oct_apr,Late Oct-Apr,2024-09,0.14739156623376623,0.14724183703475038,0.18499999999999991,94.22710622710625
nhsn,2024-2025,North Dakota,late_oct_apr,Late Oct-Apr,2024-10,0.1466959921973188,0.14681494872459586,0.185,98.08974358974359
nhsn,2024-2025,North Dakota,late_oct_apr,Late Oct-Apr,2024-11,0.14871817362476236,0.14828877618481306,0.18499999999999997,95.38461538461539
nhsn,2024-2025,North Dakota,late_oct_apr,Late Oct-Apr,2024-12,0.14911638760030294,0.14672913775426885,0.185,98.02197802197803
nhsn,2024-2025,North Dakota,late_oct_apr,Late Oct-Apr,2025-01,0.14626226363803066,0.13889922244774447,0.185,89.3809523809524
nhsn,2024-2025,North Dakota,late_oct_apr,Late Oct-Apr,2025-02,0.12136771438666198,0.11536087010743545,0.185,58.19230769230769
nhsn,2024-2025,North Dakota,late_oct_apr,Late Oct-Apr,2025-03,0.100393408090265,0.09681954069122636,0.185,25.77106227106227
nhsn,2024-2025,North Dakota,late_oct_apr,Late Oct-Apr,2025-04,0.06973680557903635,0.06458625501827359,0.12300921333333335,5.534798534798535
nhsn,2024-2025,North Dakota,late_oct_apr,Late Oct-Apr,2025-05,0.0,0.0,0.0,1.2142857142857142
nhsn,2024-2025,North Dakota,late_oct_apr,Late Oct-Apr,2025-06,0.0,0.0,0.0,0.5128205128205128
nhsn,2024-2025,Ohio,baseline_oct_mar,Baseline Oct-Mar,2024-02,0.0,0.0,0.0,5.948717948717949
nhsn,2024-2025,Ohio,baseline_oct_mar,Baseline Oct-Mar,2024-03,0.0,0.02888046531714834,0.03425483870967742,96.71794871794872
nhsn,2024-2025,Ohio,baseline_oct_mar,Baseline Oct-Mar,2024-04,0.1494400511380671,0.1482785613579571,0.18499999999999991,382.7197802197802
nhsn,2024-2025,Ohio,baseline_oct_mar,Baseline Oct-Mar,2024-05,0.13568552160529462,0.13642721089751692,0.18499999999999997,847.6758241758243
nhsn,2024-2025,Ohio,baseline_oct_mar,Baseline Oct-Mar,2024-06,0.14892836816911578,0.14809127964731048,0.18499999999999991,1037.1556776556777
nhsn,2024-2025,Ohio,baseline_oct_mar,Baseline Oct-Mar,2024-07,0.13991417729567668,0.13986798485247337,0.18499999999999997,1193.1813186813188
nhsn,2024-2025,Ohio,baseline_oct_mar,Baseline Oct-Mar,2024-08,0.1489537285232753,0.1487568462414727,0.18499999999999997,1265.4157509157512
nhsn,2024-2025,Ohio,baseline_oct_mar,Baseline Oct-Mar,2024-09,0.14851822628842204,0.14840083533645532,0.18499999999999991,1249.6593406593406
nhsn,2024-2025,Ohio,baseline_oct_mar,Baseline Oct-Mar,2024-10,0.14786286797047388,0.14668839699057312,0.185,1292.0897435897436
nhsn,2024-2025,Ohio,baseline_oct_mar,Baseline Oct-Mar,2024-11,0.14524195718894714,0.14005738390586922,0.18499999999999997,1162.602564102564
nhsn,2024-2025,Ohio,baseline_oct_mar,Baseline Oct-Mar,2024-12,0.1236063130146887,0.12063444058541643,0.185,896.4945054945056
nhsn,2024-2025,Ohio,baseline_oct_mar,Baseline Oct-Mar,2025-01,0.12328440892903393,0.11924746102200606,0.185,441.7967032967033
nhsn,2024-2025,Ohio,baseline_oct_mar,Baseline Oct-Mar,2025-02,0.12892394702510884,0.12053430415348675,0.185,206.04945054945057
nhsn,2024-2025,Ohio,baseline_oct_mar,Baseline Oct-Mar,2025-03,0.10442198117267351,0.08271943674981953,0.12500891612903228,110.71428571428572
nhsn,2024-2025,Ohio,baseline_oct_mar,Baseline Oct-Mar,2025-04,0.0,0.0,0.0,35.747252747252745
nhsn,2024-2025,Ohio,baseline_oct_mar,Baseline Oct-Mar,2025-05,0.0,0.0,0.0,9.89010989010989
nhsn,2024-2025,Ohio,baseline_oct_mar,Baseline Oct-Mar,2025-06,0.0,0.0,0.0,1.6282051282051284
nhsn,2024-2025,Ohio,early_sep_mar,Early Sep-Mar,2024-02,0.0,0.04743990116893981,0.04108541666666665,5.948717948717949
nhsn,2024-2025,Ohio,early_sep_mar,Early Sep-Mar,2024-03,0.15161621972356829,0.1495121994206749,0.1814790322580645,96.71794871794872
nhsn,2024-2025,Ohio,early_sep_mar,Early Sep-Mar,2024-04,0.1494400511380671,0.14995950352647175,0.18499999999999991,382.7197802197802
nhsn,2024-2025,Ohio,early_sep_mar,Early Sep-Mar,2024-05,0.1487540780787033,0.14883652754575005,0.18499999999999997,847.6758241758243
nhsn,2024-2025,Ohio,early_sep_mar,Early Sep-Mar,2024-06,0.14892836816911578,0.14881049158122006,0.18499999999999991,1037.1556776556777
nhsn,2024-2025,Ohio,early_sep_mar,Early Sep-Mar,2024-07,0.14820235414585417,0.1482086736325887,0.18499999999999997,1193.1813186813188
nhsn,2024-2025,Ohio,early_sep_mar,Early Sep-Mar,2024-08,0.14667367823695704,0.1461962121855957,0.18499999999999997,1265.4157509157512
nhsn,2024-2025,Ohio,early_sep_mar,Early Sep-Mar,2024-09,0.14633880534254168,0.14622457066645825,0.18499999999999997,1249.6593406593406
nhsn,2024-2025,Ohio,early_sep_mar,Early Sep-Mar,2024-10,0.14786286797047388,0.14668839699057312,0.185,1292.0897435897436
nhsn,2024-2025,Ohio,early_sep_mar,Early Sep-Mar,2024-11,0.14524195718894714,0.14005738390586922,0.18499999999999997,1162.602564102564
nhsn,2024-2025,Ohio,early_sep_mar,Early Sep-Mar,2024-12,0.1236063130146887,0.12063444058541643,0.185,896.4945054945056
nhsn,2024-2025,Ohio,early_sep_mar,Early Sep-Mar,2025-01,0.12328440892903393,0.11924746102200606,0.185,441.7967032967033
nhsn,2024-2025,Ohio,early_sep_mar,Early Sep-Mar,2025-02,0.12892394702510884,0.12053430415348675,0.185,206.04945054945057
nhsn,2024-2025,Ohio,early_sep_mar,Early Sep-Mar,2025-03,0.10442198117267351,0.08271943674981953,0.12500891612903228,110.71428571428572
nhsn,2024-2025,Ohio,early_sep_mar,Early Sep-Mar,2025-04,0.0,0.0,0.0,35.747252747252745
nhsn,2024-2025,Ohio,early_sep_mar,Early Sep-Mar,2025-05,0.0,0.0,0.0,9.89010989010989
nhsn,2024-2025,Ohio,early_sep_mar,Early Sep-Mar,2025-06,0.0,0.0,0.0,1.6282051282051284
nhsn,2024-2025,Ohio,extended_sep_apr,Extended Sep-Apr,2024-02,0.0,0.04743990116893981,0.04108541666666665,5.948717948717949
nhsn,2024-2025,Ohio,extended_sep_apr,Extended Sep-Apr,2024-03,0.15161621972356829,0.1495121994206749,0.1814790322580645,96.71794871794872
nhsn,2024-2025,Ohio,extended_sep_apr,Extended Sep-Apr,2024-04,0.1494400511380671,0.14995950352647175,0.18499999999999991,382.7197802197802
nhsn,2024-2025,Ohio,extended_sep_apr,Extended Sep-Apr,2024-05,0.1487540780787033,0.14883652754575005,0.18499999999999997,847.6758241758243
nhsn,2024-2025,Ohio,extended_sep_apr,Extended Sep-Apr,2024-06,0.14892836816911578,0.14881049158122006,0.18499999999999991,1037.1556776556777
nhsn,2024-2025,Ohio,extended_sep_apr,Extended Sep-Apr,2024-07,0.14820235414585417,0.1482086736325887,0.18499999999999997,1193.1813186813188
nhsn,2024-2025,Ohio,extended_sep_apr,Extended Sep-Apr,2024-08,0.14667367823695704,0.1461962121855957,0.18499999999999997,1265.4157509157512
nhsn,2024-2025,Ohio,extended_sep_apr,Extended Sep-Apr,2024-09,0.14633880534254168,0.14622457066645825,0.18499999999999997,1249.6593406593406
nhsn,2024-2025,Ohio,extended_sep_apr,Extended Sep-Apr,2024-10,0.14786286797047388,0.14668839699057312,0.185,1292.0897435897436
nhsn,2024-2025,Ohio,extended_sep_apr,Extended Sep-Apr,2024-11,0.14524195718894714,0.14005738390586922,0.18499999999999997,1162.602564102564
nhsn,2024-2025,Ohio,extended_sep_apr,Extended Sep-Apr,2024-12,0.1236063130146887,0.12063444058541643,0.185,896.4945054945056
nhsn,2024-2025,Ohio,extended_sep_apr,Extended Sep-Apr,2025-01,0.12328440892903393,0.11924746102200606,0.185,441.7967032967033
nhsn,2024-2025,Ohio,extended_sep_apr,Extended Sep-Apr,2025-02,0.12892394702510884,0.12053430415348675,0.185,206.04945054945057
nhsn,2024-2025,Ohio,extended_sep_apr,Extended Sep-Apr,2025-03,0.11005717927274945,0.10644153815860675,0.185,110.71428571428572
nhsn,2024-2025,Ohio,extended_sep_apr,Extended Sep-Apr,2025-04,0.10424869722990188,0.08055049610974674,0.12300921333333335,35.747252747252745
nhsn,2024-2025,Ohio,extended_sep_apr,Extended Sep-Apr,2025-05,0.0,0.0,0.0,9.89010989010989
nhsn,2024-2025,Ohio,extended_sep_apr,Extended Sep-Apr,2025-06,0.0,0.0,0.0,1.6282051282051284
nhsn,2024-2025,Ohio,late_oct_apr,Late Oct-Apr,2024-02,0.0,0.0,0.0,5.948717948717949
nhsn,2024-2025,Ohio,late_oct_apr,Late Oct-Apr,2024-03,0.0,0.02888046531714834,0.03425483870967742,96.71794871794872
nhsn,2024-2025,Ohio,late_oct_apr,Late Oct-Apr,2024-04,0.1494400511380671,0.1482785613579571,0.18499999999999991,382.7197802197802
nhsn,2024-2025,Ohio,late_oct_apr,Late Oct-Apr,2024-05,0.13568552160529462,0.13642721089751692,0.18499999999999997,847.6758241758243
nhsn,2024-2025,Ohio,late_oct_apr,Late Oct-Apr,2024-06,0.14892836816911578,0.14809127964731048,0.18499999999999991,1037.1556776556777
nhsn,2024-2025,Ohio,late_oct_apr,Late Oct-Apr,2024-07,0.13991417729567668,0.13986798485247337,0.18499999999999997,1193.1813186813188
nhsn,2024-2025,Ohio,late_oct_apr,Late Oct-Apr,2024-08,0.1489537285232753,0.1487568462414727,0.18499999999999997,1265.4157509157512
nhsn,2024-2025,Ohio,late_oct_apr,Late Oct-Apr,2024-09,0.14851822628842204,0.14840083533645532,0.18499999999999991,1249.6593406593406
nhsn,2024-2025,Ohio,late_oct_apr,Late Oct-Apr,2024-10,0.14786286797047388,0.14668839699057312,0.185,1292.0897435897436
nhsn,2024-2025,Ohio,late_oct_apr,Late Oct-Apr,2024-11,0.14524195718894714,0.14005738390586922,0.18499999999999997,1162.602564102564
nhsn,2024-2025,Ohio,late_oct_apr,Late Oct-Apr,2024-12,0.1236063130146887,0.12063444058541643,0.185,896.4945054945056
nhsn,2024-2025,Ohio,late_oct_apr,Late Oct-Apr,2025-01,0.12328440892903393,0.11924746102200606,0.185,441.7967032967033
nhsn,2024-2025,Ohio,late_oct_apr,Late Oct-Apr,2025-02,0.12892394702510884,0.12053430415348675,0.185,206.04945054945057
nhsn,2024-2025,Ohio,late_oct_apr,Late Oct-Apr,2025-03,0.11005717927274945,0.10644153815860675,0.185,110.71428571428572
nhsn,2024-2025,Ohio,late_oct_apr,Late Oct-Apr,2025-04,0.10424869722990188,0.08055049610974674,0.12300921333333335,35.747252747252745
nhsn,2024-2025,Ohio,late_oct_apr,Late Oct-Apr,2025-05,0.0,0.0,0.0,9.89010989010989
nhsn,2024-2025,Ohio,late_oct_apr,Late Oct-Apr,2025-06,0.0,0.0,0.0,1.6282051282051284
nhsn,2024-2025,Oklahoma,baseline_oct_mar,Baseline Oct-Mar,2024-02,,,0.0,0.0
nhsn,2024-2025,Oklahoma,baseline_oct_mar,Baseline Oct-Mar,2024-03,0.0,0.04342929725972629,0.03425483870967742,2.0512820512820515
nhsn,2024-2025,Oklahoma,baseline_oct_mar,Baseline Oct-Mar,2024-04,0.15143916531499138,0.1524081481567839,0.18499999999999991,28.584249084249088
nhsn,2024-2025,Oklahoma,baseline_oct_mar,Baseline Oct-Mar,2024-05,0.14955473399244434,0.149801739661545,0.18499999999999997,123.94139194139194
nhsn,2024-2025,Oklahoma,baseline_oct_mar,Baseline Oct-Mar,2024-06,0.14891842243968065,0.1490297763605274,0.18499999999999991,209.46153846153848
nhsn,2024-2025,Oklahoma,baseline_oct_mar,Baseline Oct-Mar,2024-07,0.14904127817540147,0.1489020775280744,0.18499999999999997,267.8205128205128
nhsn,2024-2025,Oklahoma,baseline_oct_mar,Baseline Oct-Mar,2024-08,0.14836132951913605,0.1484247268535373,0.18499999999999997,282.61538461538464
nhsn,2024-2025,Oklahoma,baseline_oct_mar,Baseline Oct-Mar,2024-09,0.14796481185819158,0.14795201021298118,0.18499999999999991,276.2307692307693
nhsn,2024-2025,Oklahoma,baseline_oct_mar,Baseline Oct-Mar,2024-10,0.1486345285461015,0.14861556051938,0.185,285.93589743589746
nhsn,2024-2025,Oklahoma,baseline_oct_mar,Baseline Oct-Mar,2024-11,0.1491426243375806,0.14728744163695467,0.18499999999999997,274.8717948717949
nhsn,2024-2025,Oklahoma,baseline_oct_mar,Baseline Oct-Mar,2024-12,0.14046471437393832,0.1326051171001034,0.185,255.27289377289378
nhsn,2024-2025,Oklahoma,baseline_oct_mar,Baseline Oct-Mar,2025-01,0.11992658326776234,0.11671463654176954,0.185,158.76556776556777
nhsn,2024-2025,Oklahoma,baseline_oct_mar,Baseline Oct-Mar,2025-02,0.1041415038121839,0.10080778911494835,0.185,62.76739926739927
nhsn,2024-2025,Oklahoma,baseline_oct_mar,Baseline Oct-Mar,2025-03,0.09205634184872942,0.07596508769542797,0.12500891612903228,19.283882783882785
nhsn,2024-2025,Oklahoma,baseline_oct_mar,Baseline Oct-Mar,2025-04,0.0,0.0,0.0,3.717948717948718
nhsn,2024-2025,Oklahoma,baseline_oct_mar,Baseline Oct-Mar,2025-05,0.0,0.0,0.0,0.7564102564102567
nhsn,2024-2025,Oklahoma,baseline_oct_mar,Baseline Oct-Mar,2025-06,0.0,0.0,0.0,0.23076923076923073
nhsn,2024-2025,Oklahoma,early_sep_mar,Early Sep-Mar,2024-02,,,0.04108541666666665,0.0
nhsn,2024-2025,Oklahoma,early_sep_mar,Early Sep-Mar,2024-03,0.14910919171978465,0.14979069385377194,0.1814790322580645,2.0512820512820515
nhsn,2024-2025,Oklahoma,early_sep_mar,Early Sep-Mar,2024-04,0.15078177870285453,0.15109381986638665,0.18499999999999991,28.584249084249088
nhsn,2024-2025,Oklahoma,early_sep_mar,Early Sep-Mar,2024-05,0.14826883180896777,0.14835397763837585,0.18499999999999997,123.94139194139194
nhsn,2024-2025,Oklahoma,early_sep_mar,Early Sep-Mar,2024-06,0.14868061540963512,0.1486044111372104,0.18499999999999991,209.46153846153848
nhsn,2024-2025,Oklahoma,early_sep_mar,Early Sep-Mar,2024-07,0.14771732331240636,0.14771879371389915,0.18499999999999997,267.8205128205128
nhsn,2024-2025,Oklahoma,early_sep_mar,Early Sep-Mar,2024-08,0.14652925837320577,0.14620349612939237,0.18499999999999997,282.61538461538464
nhsn,2024-2025,Oklahoma,early_sep_mar,Early Sep-Mar,2024-09,0.1470530006520676,0.14676484207056045,0.18499999999999997,276.2307692307692
nhsn,2024-2025,Oklahoma,early_sep_mar,Early Sep-Mar,2024-10,0.1486345285461015,0.14861556051938,0.185,285.93589743589746
nhsn,2024-2025,Oklahoma,early_sep_mar,Early Sep-Mar,2024-11,0.1491426243375806,0.14728744163695467,0.18499999999999997,274.8717948717949
nhsn,2024-2025,Oklahoma,early_sep_mar,Early Sep-Mar,2024-12,0.14046471437393832,0.1326051171001034,0.185,255.27289377289378
nhsn,2024-2025,Oklahoma,early_sep_mar,Early Sep-Mar,2025-01,0.11992658326776234,0.11671463654176954,0.185,158.76556776556777
nhsn,2024-2025,Oklahoma,early_sep_mar,Early Sep-Mar,2025-02,0.1041415038121839,0.10080778911494835,0.185,62.76739926739927
nhsn,2024-2025,Oklahoma,early_sep_mar,Early Sep-Mar,2025-03,0.09205634184872942,0.07596508769542797,0.12500891612903228,19.283882783882785
nhsn,2024-2025,Oklahoma,early_sep_mar,Early Sep-Mar,2025-04,0.0,0.0,0.0,3.717948717948718
nhsn,2024-2025,Oklahoma,early_sep_mar,Early Sep-Mar,2025-05,0.0,0.0,0.0,0.7564102564102567
nhsn,2024-2025,Oklahoma,early_sep_mar,Early Sep-Mar,2025-06,0.0,0.0,0.0,0.23076923076923073
nhsn,2024-2025,Oklahoma,extended_sep_apr,Extended Sep-Apr,2024-02,,,0.04108541666666665,0.0
nhsn,2024-2025,Oklahoma,extended_sep_apr,Extended Sep-Apr,2024-03,0.14910919171978465,0.14979069385377194,0.1814790322580645,2.0512820512820515
nhsn,2024-2025,Oklahoma,extended_sep_apr,Extended Sep-Apr,2024-04,0.15078177870285453,0.15109381986638665,0.18499999999999991,28.584249084249088
nhsn,2024-2025,Oklahoma,extended_sep_apr,Extended Sep-Apr,2024-05,0.14826883180896777,0.14835397763837585,0.18499999999999997,123.94139194139194
nhsn,2024-2025,Oklahoma,extended_sep_apr,Extended Sep-Apr,2024-06,0.14868061540963512,0.1486044111372104,0.18499999999999991,209.46153846153848
nhsn,2024-2025,Oklahoma,extended_sep_apr,Extended Sep-Apr,2024-07,0.14771732331240636,0.14771879371389915,0.18499999999999997,267.8205128205128
nhsn,2024-2025,Oklahoma,extended_sep_apr,Extended Sep-Apr,2024-08,0.14652925837320577,0.14620349612939237,0.18499999999999997,282.61538461538464
nhsn,2024-2025,Oklahoma,extended_sep_apr,Extended Sep-Apr,2024-09,0.1470530006520676,0.14676484207056045,0.18499999999999997,276.2307692307692
nhsn,2024-2025,Oklahoma,extended_sep_apr,Extended Sep-Apr,2024-10,0.1486345285461015,0.14861556051938,0.185,285.93589743589746
nhsn,2024-2025,Oklahoma,extended_sep_apr,Extended Sep-Apr,2024-11,0.1491426243375806,0.14728744163695467,0.18499999999999997,274.8717948717949
nhsn,2024-2025,Oklahoma,extended_sep_apr,Extended Sep-Apr,2024-12,0.14046471437393832,0.1326051171001034,0.185,255.27289377289378
nhsn,2024-2025,Oklahoma,extended_sep_apr,Extended Sep-Apr,2025-01,0.11992658326776234,0.11671463654176954,0.185,158.76556776556777
nhsn,2024-2025,Oklahoma,extended_sep_apr,Extended Sep-Apr,2025-02,0.1041415038121839,0.10080778911494835,0.185,62.76739926739927
nhsn,2024-2025,Oklahoma,extended_sep_apr,Extended Sep-Apr,2025-03,0.09401344089913437,0.09253990312646072,0.185,19.283882783882785
nhsn,2024-2025,Oklahoma,extended_sep_apr,Extended Sep-Apr,2025-04,0.0660965107187894,0.06931782724758435,0.12300921333333335,3.717948717948718
nhsn,2024-2025,Oklahoma,extended_sep_apr,Extended Sep-Apr,2025-05,0.0,0.0,0.0,0.7564102564102567
nhsn,2024-2025,Oklahoma,extended_sep_apr,Extended Sep-Apr,2025-06,0.0,0.0,0.0,0.23076923076923073
nhsn,2024-2025,Oklahoma,late_oct_apr,Late Oct-Apr,2024-02,,,0.0,0.0
nhsn,2024-2025,Oklahoma,late_oct_apr,Late Oct-Apr,2024-03,0.0,0.04342929725972629,0.03425483870967742,2.0512820512820515
nhsn,2024-2025,Oklahoma,late_oct_apr,Late Oct-Apr,2024-04,0.15143916531499138,0.1524081481567839,0.18499999999999991,28.584249084249088
nhsn,2024-2025,Oklahoma,late_oct_apr,Late Oct-Apr,2024-05,0.14955473399244434,0.149801739661545,0.18499999999999997,123.94139194139194
nhsn,2024-2025,Oklahoma,late_oct_apr,Late Oct-Apr,2024-06,0.14891842243968065,0.1490297763605274,0.18499999999999991,209.46153846153848
nhsn,2024-2025,Oklahoma,late_oct_apr,Late Oct-Apr,2024-07,0.14904127817540147,0.1489020775280744,0.18499999999999997,267.8205128205128
nhsn,2024-2025,Oklahoma,late_oct_apr,Late Oct-Apr,2024-08,0.14836132951913605,0.1484247268535373,0.18499999999999997,282.61538461538464
nhsn,2024-2025,Oklahoma,late_oct_apr,Late Oct-Apr,2024-09,0.14796481185819158,0.14795201021298118,0.18499999999999991,276.2307692307693
nhsn,2024-2025,Oklahoma,late_oct_apr,Late Oct-Apr,2024-10,0.1486345285461015,0.14861556051938,0.185,285.93589743589746
nhsn,2024-2025,Oklahoma,late_oct_apr,Late Oct-Apr,2024-11,0.1491426243375806,0.14728744163695467,0.18499999999999997,274.8717948717949
nhsn,2024-2025,Oklahoma,late_oct_apr,Late Oct-Apr,2024-12,0.14046471437393832,0.1326051171001034,0.185,255.27289377289378
nhsn,2024-2025,Oklahoma,late_oct_apr,Late Oct-Apr,2025-01,0.11992658326776234,0.11671463654176954,0.185,158.76556776556777
nhsn,2024-2025,Oklahoma,late_oct_apr,Late Oct-Apr,2025-02,0.1041415038121839,0.10080778911494835,0.185,62.76739926739927
nhsn,2024-2025,Oklahoma,late_oct_apr,Late Oct-Apr,2025-03,0.09401344089913437,0.09253990312646072,0.185,19.283882783882785
nhsn,2024-2025,Oklahoma,late_oct_apr,Late Oct-Apr,2025-04,0.0660965107187894,0.06931782724758435,0.12300921333333335,3.717948717948718
nhsn,2024-2025,Oklahoma,late_oct_apr,Late Oct-Apr,2025-05,0.0,0.0,0.0,0.7564102564102567
nhsn,2024-2025,Oklahoma,late_oct_apr,Late Oct-Apr,2025-06,0.0,0.0,0.0,0.23076923076923073
nhsn,2024-2025,Oregon,baseline_oct_mar,Baseline Oct-Mar,2024-02,0.0,0.0,0.0,0.26923076923076916
nhsn,2024-2025,Oregon,baseline_oct_mar,Baseline Oct-Mar,2024-03,0.0,0.025822499425161124,0.03425483870967742,1.4102564102564101
nhsn,2024-2025,Oregon,baseline_oct_mar,Baseline Oct-Mar,2024-04,0.14832398461538462,0.1477216249418383,0.18499999999999991,16.642857142857142
nhsn,2024-2025,Oregon,baseline_oct_mar,Baseline Oct-Mar,2024-05,0.14969466290708033,0.14984517999726338,0.18499999999999997,81.34615384615387
nhsn,2024-2025,Oregon,baseline_oct_mar,Baseline Oct-Mar,2024-06,0.14834359147742718,0.148402911771615,0.18499999999999991,163.1007326007326
nhsn,2024-2025,Oregon,baseline_oct_mar,Baseline Oct-Mar,2024-07,0.14884183846168536,0.14876073417850422,0.18499999999999997,251.01831501831506
nhsn,2024-2025,Oregon,baseline_oct_mar,Baseline Oct-Mar,2024-08,0.14783821613788417,0.14791600385000467,0.18499999999999997,277.49633699633705
nhsn,2024-2025,Oregon,baseline_oct_mar,Baseline Oct-Mar,2024-09,0.14730871647461852,0.14702788854050738,0.18499999999999991,272.66483516483515
nhsn,2024-2025,Oregon,baseline_oct_mar,Baseline Oct-Mar,2024-10,0.14789459874801486,0.1476701552902988,0.185,283.1794871794872
nhsn,2024-2025,Oregon,baseline_oct_mar,Baseline Oct-Mar,2024-11,0.14899722234114934,0.14811125000388134,0.18499999999999997,273.21794871794873
nhsn,2024-2025,Oregon,baseline_oct_mar,Baseline Oct-Mar,2024-12,0.14438987447887575,0.13859069611008432,0.185,265.67399267399264
nhsn,2024-2025,Oregon,baseline_oct_mar,Baseline Oct-Mar,2025-01,0.1379827410975093,0.1301815837223598,0.185,200.12454212454213
nhsn,2024-2025,Oregon,baseline_oct_mar,Baseline Oct-Mar,2025-02,0.10514484581890073,0.10312701499959342,0.185,104.06043956043956
nhsn,2024-2025,Oregon,baseline_oct_mar,Baseline Oct-Mar,2025-03,0.08571207808592318,0.07437304760169294,0.12500891612903228,34.395604395604394
nhsn,2024-2025,Oregon,baseline_oct_mar,Baseline Oct-Mar,2025-04,0.0,0.0,0.0,6.413919413919414
nhsn,2024-2025,Oregon,baseline_oct_mar,Baseline Oct-Mar,2025-05,0.0,0.0,0.0,2.2032967032967035
nhsn,2024-2025,Oregon,baseline_oct_mar,Baseline Oct-Mar,2025-06,0.0,0.0,0.0,0.32051282051282043
nhsn,2024-2025,Oregon,early_sep_mar,Early Sep-Mar,2024-02,0.0,0.03492260416666666,0.04108541666666665,0.26923076923076916
nhsn,2024-2025,Oregon,early_sep_mar,Early Sep-Mar,2024-03,0.15357846153846152,0.1493706609841976,0.1814790322580645,1.4102564102564101
nhsn,2024-2025,Oregon,early_sep_mar,Early Sep-Mar,2024-04,0.14832398461538462,0.14737975294127575,0.18499999999999991,16.642857142857142
nhsn,2024-2025,Oregon,early_sep_mar,Early Sep-Mar,2024-05,0.1482872921455482,0.14830686547270788,0.18499999999999997,81.34615384615387
nhsn,2024-2025,Oregon,early_sep_mar,Early Sep-Mar,2024-06,0.1482415451541299,0.14816963412646558,0.18499999999999991,163.1007326007326
nhsn,2024-2025,Oregon,early_sep_mar,Early Sep-Mar,2024-07,0.14753118321925204,0.14752492103664774,0.18499999999999997,251.01831501831506
nhsn,2024-2025,Oregon,early_sep_mar,Early Sep-Mar,2024-08,0.14595366859753972,0.14562950354595727,0.18499999999999997,277.49633699633705
nhsn,2024-2025,Oregon,early_sep_mar,Early Sep-Mar,2024-09,0.14589115063845534,0.14578941975276274,0.18499999999999997,272.6648351648352
nhsn,2024-2025,Oregon,early_sep_mar,Early Sep-Mar,2024-10,0.14789459874801486,0.1476701552902988,0.185,283.1794871794872
nhsn,2024-2025,Oregon,early_sep_mar,Early Sep-Mar,2024-11,0.14899722234114934,0.14811125000388134,0.18499999999999997,273.21794871794873
nhsn,2024-2025,Oregon,early_sep_mar,Early Sep-Mar,2024-12,0.14438987447887575,0.13859069611008432,0.185,265.67399267399264
nhsn,2024-2025,Oregon,early_sep_mar,Early Sep-Mar,2025-01,0.1379827410975093,0.1301815837223598,0.185,200.12454212454213
nhsn,2024-2025,Oregon,early_sep_mar,Early Sep-Mar,2025-02,0.10514484581890073,0.10312701499959342,0.185,104.06043956043956
nhsn,2024-2025,Oregon,early_sep_mar,Early Sep-Mar,2025-03,0.08571207808592318,0.07437304760169294,0.12500891612903228,34.395604395604394
nhsn,2024-2025,Oregon,early_sep_mar,Early Sep-Mar,2025-04,0.0,0.0,0.0,6.413919413919414
nhsn,2024-2025,Oregon,early_sep_mar,Early Sep-Mar,2025-05,0.0,0.0,0.0,2.2032967032967035
nhsn,2024-2025,Oregon,early_sep_mar,Early Sep-Mar,2025-06,0.0,0.0,0.0,0.32051282051282043
nhsn,2024-2025,Oregon,extended_sep_apr,Extended Sep-Apr,2024-02,0.0,0.03492260416666666,0.04108541666666665,0.26923076923076916
nhsn,2024-2025,Oregon,extended_sep_apr,Extended Sep-Apr,2024-03,0.15357846153846152,0.1493706609841976,0.1814790322580645,1.4102564102564101
nhsn,2024-2025,Oregon,extended_sep_apr,Extended Sep-Apr,2024-04,0.14832398461538462,0.14737975294127575,0.18499999999999991,16.642857142857142
nhsn,2024-2025,Oregon,extended_sep_apr,Extended Sep-Apr,2024-05,0.1482872921455482,0.14830686547270788,0.18499999999999997,81.34615384615387
nhsn,2024-2025,Oregon,extended_sep_apr,Extended Sep-Apr,2024-06,0.1482415451541299,0.14816963412646558,0.18499999999999991,163.1007326007326
nhsn,2024-2025,Oregon,extended_sep_apr,Extended Sep-Apr,2024-07,0.14753118321925204,0.14752492103664774,0.18499999999999997,251.01831501831506
nhsn,2024-2025,Oregon,extended_sep_apr,Extended Sep-Apr,2024-08,0.14595366859753972,0.14562950354595727,0.18499999999999997,277.49633699633705
nhsn,2024-2025,Oregon,extended_sep_apr,Extended Sep-Apr,2024-09,0.14589115063845534,0.14578941975276274,0.18499999999999997,272.6648351648352
nhsn,2024-2025,Oregon,extended_sep_apr,Extended Sep-Apr,2024-10,0.14789459874801486,0.1476701552902988,0.185,283.1794871794872
nhsn,2024-2025,Oregon,extended_sep_apr,Extended Sep-Apr,2024-11,0.14899722234114934,0.14811125000388134,0.18499999999999997,273.21794871794873
nhsn,2024-2025,Oregon,extended_sep_apr,Extended Sep-Apr,2024-12,0.14438987447887575,0.13859069611008432,0.185,265.67399267399264
nhsn,2024-2025,Oregon,extended_sep_apr,Extended Sep-Apr,2025-01,0.1379827410975093,0.1301815837223598,0.185,200.12454212454213
nhsn,2024-2025,Oregon,extended_sep_apr,Extended Sep-Apr,2025-02,0.10514484581890073,0.10312701499959342,0.185,104.06043956043956
nhsn,2024-2025,Oregon,extended_sep_apr,Extended Sep-Apr,2025-03,0.08571207808592318,0.08970552909900326,0.185,34.395604395604394
nhsn,2024-2025,Oregon,extended_sep_apr,Extended Sep-Apr,2025-04,0.11080853879139728,0.08375919328875332,0.12300921333333335,6.413919413919414
nhsn,2024-2025,Oregon,extended_sep_apr,Extended Sep-Apr,2025-05,0.0,0.0,0.0,2.2032967032967035
nhsn,2024-2025,Oregon,extended_sep_apr,Extended Sep-Apr,2025-06,0.0,0.0,0.0,0.32051282051282043
nhsn,2024-2025,Oregon,late_oct_apr,Late Oct-Apr,2024-02,0.0,0.0,0.0,0.26923076923076916
nhsn,2024-2025,Oregon,late_oct_apr,Late Oct-Apr,2024-03,0.0,0.025822499425161124,0.03425483870967742,1.4102564102564101
nhsn,2024-2025,Oregon,late_oct_apr,Late Oct-Apr,2024-04,0.14832398461538462,0.1477216249418383,0.18499999999999991,16.642857142857142
nhsn,2024-2025,Oregon,late_oct_apr,Late Oct-Apr,2024-05,0.14969466290708033,0.14984517999726338,0.18499999999999997,81.34615384615387
nhsn,2024-2025,Oregon,late_oct_apr,Late Oct-Apr,2024-06,0.14834359147742718,0.148402911771615,0.18499999999999991,163.1007326007326
nhsn,2024-2025,Oregon,late_oct_apr,Late Oct-Apr,2024-07,0.14884183846168536,0.14876073417850422,0.18499999999999997,251.01831501831506
nhsn,2024-2025,Oregon,late_oct_apr,Late Oct-Apr,2024-08,0.14783821613788417,0.14791600385000467,0.18499999999999997,277.49633699633705
nhsn,2024-2025,Oregon,late_oct_apr,Late Oct-Apr,2024-09,0.14730871647461852,0.14702788854050738,0.18499999999999991,272.66483516483515
nhsn,2024-2025,Oregon,late_oct_apr,Late Oct-Apr,2024-10,0.14789459874801486,0.1476701552902988,0.185,283.1794871794872
nhsn,2024-2025,Oregon,late_oct_apr,Late Oct-Apr,2024-11,0.14899722234114934,0.14811125000388134,0.18499999999999997,273.21794871794873
nhsn,2024-2025,Oregon,late_oct_apr,Late Oct-Apr,2024-12,0.14438987447887575,0.13859069611008432,0.185,265.67399267399264
nhsn,2024-2025,Oregon,late_oct_apr,Late Oct-Apr,2025-01,0.1379827410975093,0.1301815837223598,0.185,200.12454212454213
nhsn,2024-2025,Oregon,late_oct_apr,Late Oct-Apr,2025-02,0.10514484581890073,0.10312701499959342,0.185,104.06043956043956
nhsn,2024-2025,Oregon,late_oct_apr,Late Oct-Apr,2025-03,0.08571207808592318,0.08970552909900326,0.185,34.395604395604394
nhsn,2024-2025,Oregon,late_oct_apr,Late Oct-Apr,2025-04,0.11080853879139728,0.08375919328875332,0.12300921333333335,6.413919413919414
nhsn,2024-2025,Oregon,late_oct_apr,Late Oct-Apr,2025-05,0.0,0.0,0.0,2.2032967032967035
nhsn,2024-2025,Oregon,late_oct_apr,Late Oct-Apr,2025-06,0.0,0.0,0.0,0.32051282051282043
nhsn,2024-2025,Pennsylvania,baseline_oct_mar,Baseline Oct-Mar,2024-02,0.0,0.0,0.0,0.25457875457875456
nhsn,2024-2025,Pennsylvania,baseline_oct_mar,Baseline Oct-Mar,2024-03,0.0,0.028763985497330703,0.03425483870967742,53.860805860805876
nhsn,2024-2025,Pennsylvania,baseline_oct_mar,Baseline Oct-Mar,2024-04,0.15233892185212283,0.15194254984409253,0.18499999999999991,317.83333333333337
nhsn,2024-2025,Pennsylvania,baseline_oct_mar,Baseline Oct-Mar,2024-05,0.1440871583217275,0.14447782310869367,0.18499999999999997,932.9908424908426
nhsn,2024-2025,Pennsylvania,baseline_oct_mar,Baseline Oct-Mar,2024-06,0.14958736531938213,0.1492272403891565,0.18499999999999991,1178.919413919414
nhsn,2024-2025,Pennsylvania,baseline_oct_mar,Baseline Oct-Mar,2024-07,0.14556779049563956,0.1456901299425785,0.18499999999999997,1362.635531135531
nhsn,2024-2025,Pennsylvania,baseline_oct_mar,Baseline Oct-Mar,2024-08,0.14921245406456166,0.14917632361246433,0.18499999999999997,1424.46336996337
nhsn,2024-2025,Pennsylvania,baseline_oct_mar,Baseline Oct-Mar,2024-09,0.14830876405559135,0.1482747445126388,0.18499999999999991,1400.503663003663
nhsn,2024-2025,Pennsylvania,baseline_oct_mar,Baseline Oct-Mar,2024-10,0.1481065759734514,0.1478332378152716,0.185,1455.161172161172
nhsn,2024-2025,Pennsylvania,baseline_oct_mar,Baseline Oct-Mar,2024-11,0.14809047817948046,0.1440984599485238,0.18499999999999997,1355.8772893772893
nhsn,2024-2025,Pennsylvania,baseline_oct_mar,Baseline Oct-Mar,2024-12,0.12458652154560725,0.11924513036782167,0.185,1117.5897435897436
nhsn,2024-2025,Pennsylvania,baseline_oct_mar,Baseline Oct-Mar,2025-01,0.1183318465449673,0.11564122221191321,0.185,508.46886446886447
nhsn,2024-2025,Pennsylvania,baseline_oct_mar,Baseline Oct-Mar,2025-02,0.12175871212596152,0.11280435010997263,0.185,214.84981684981685
nhsn,2024-2025,Pennsylvania,baseline_oct_mar,Baseline Oct-Mar,2025-03,0.10707911705481402,0.08356418959757866,0.12500891612903228,97.34981684981685
nhsn,2024-2025,Pennsylvania,baseline_oct_mar,Baseline Oct-Mar,2025-04,0.0,0.0,0.0,32.84065934065934
nhsn,2024-2025,Pennsylvania,baseline_oct_mar,Baseline Oct-Mar,2025-05,0.0,0.0,0.0,10.093406593406591
nhsn,2024-2025,Pennsylvania,baseline_oct_mar,Baseline Oct-Mar,2025-06,0.0,0.0,0.0,1.1794871794871795
nhsn,2024-2025,Pennsylvania,early_sep_mar,Early Sep-Mar,2024-02,0.0,0.06142758745559023,0.04108541666666665,0.25457875457875456
nhsn,2024-2025,Pennsylvania,early_sep_mar,Early Sep-Mar,2024-03,0.15022727908136918,0.1481780975935284,0.1814790322580645,53.860805860805876
nhsn,2024-2025,Pennsylvania,early_sep_mar,Early Sep-Mar,2024-04,0.15233892185212283,0.15242010010369567,0.18499999999999991,317.83333333333337
nhsn,2024-2025,Pennsylvania,early_sep_mar,Early Sep-Mar,2024-05,0.14843855903711672,0.1485657305211034,0.18499999999999997,932.9908424908426
nhsn,2024-2025,Pennsylvania,early_sep_mar,Early Sep-Mar,2024-06,0.14958736531938213,0.1493063186757397,0.18499999999999991,1178.919413919414
nhsn,2024-2025,Pennsylvania,early_sep_mar,Early Sep-Mar,2024-07,0.14800988579360735,0.14804126561310652,0.18499999999999997,1362.635531135531
nhsn,2024-2025,Pennsylvania,early_sep_mar,Early Sep-Mar,2024-08,0.1467793227050028,0.14637895365438552,0.18499999999999997,1424.46336996337
nhsn,2024-2025,Pennsylvania,early_sep_mar,Early Sep-Mar,2024-09,0.14647082945045573,0.1465218702663624,0.18499999999999997,1400.5036630036632
nhsn,2024-2025,Pennsylvania,early_sep_mar,Early Sep-Mar,2024-10,0.1481065759734514,0.1478332378152716,0.185,1455.161172161172
nhsn,2024-2025,Pennsylvania,early_sep_mar,Early Sep-Mar,2024-11,0.14809047817948046,0.1440984599485238,0.18499999999999997,1355.8772893772893
nhsn,2024-2025,Pennsylvania,early_sep_mar,Early Sep-Mar,2024-12,0.12458652154560725,0.11924513036782167,0.185,1117.5897435897436
nhsn,2024-2025,Pennsylvania,early_sep_mar,Early Sep-Mar,2025-01,0.1183318465449673,0.11564122221191321,0.185,508.46886446886447
nhsn,2024-2025,Pennsylvania,early_sep_mar,Early Sep-Mar,2025-02,0.12175871212596152,0.11280435010997263,0.185,214.84981684981685
nhsn,2024-2025,Pennsylvania,early_sep_mar,Early Sep-Mar,2025-03,0.10707911705481402,0.08356418959757866,0.12500891612903228,97.34981684981685
nhsn,2024-2025,Pennsylvania,early_sep_mar,Early Sep-Mar,2025-04,0.0,0.0,0.0,32.84065934065934
nhsn,2024-2025,Pennsylvania,early_sep_mar,Early Sep-Mar,2025-05,0.0,0.0,0.0,10.093406593406591
nhsn,2024-2025,Pennsylvania,early_sep_mar,Early Sep-Mar,2025-06,0.0,0.0,0.0,1.1794871794871795
nhsn,2024-2025,Pennsylvania,extended_sep_apr,Extended Sep-Apr,2024-02,0.0,0.06142758745559023,0.04108541666666665,0.25457875457875456
nhsn,2024-2025,Pennsylvania,extended_sep_apr,Extended Sep-Apr,2024-03,0.15022727908136918,0.1481780975935284,0.1814790322580645,53.860805860805876
nhsn,2024-2025,Pennsylvania,extended_sep_apr,Extended Sep-Apr,2024-04,0.15233892185212283,0.15242010010369567,0.18499999999999991,317.83333333333337
nhsn,2024-2025,Pennsylvania,extended_sep_apr,Extended Sep-Apr,2024-05,0.14843855903711672,0.1485657305211034,0.18499999999999997,932.9908424908426
nhsn,2024-2025,Pennsylvania,extended_sep_apr,Extended Sep-Apr,2024-06,0.14958736531938213,0.1493063186757397,0.18499999999999991,1178.919413919414
nhsn,2024-2025,Pennsylvania,extended_sep_apr,Extended Sep-Apr,2024-07,0.14800988579360735,0.14804126561310652,0.18499999999999997,1362.635531135531
nhsn,2024-2025,Pennsylvania,extended_sep_apr,Extended Sep-Apr,2024-08,0.1467793227050028,0.14637895365438552,0.18499999999999997,1424.46336996337
nhsn,2024-2025,Pennsylvania,extended_sep_apr,Extended Sep-Apr,2024-09,0.14647082945045573,0.1465218702663624,0.18499999999999997,1400.5036630036632
nhsn,2024-2025,Pennsylvania,extended_sep_apr,Extended Sep-Apr,2024-10,0.1481065759734514,0.1478332378152716,0.185,1455.161172161172
nhsn,2024-2025,Pennsylvania,extended_sep_apr,Extended Sep-Apr,2024-11,0.14809047817948046,0.1440984599485238,0.18499999999999997,1355.8772893772893
nhsn,2024-2025,Pennsylvania,extended_sep_apr,Extended Sep-Apr,2024-12,0.12458652154560725,0.11924513036782167,0.185,1117.5897435897436
nhsn,2024-2025,Pennsylvania,extended_sep_apr,Extended Sep-Apr,2025-01,0.1183318465449673,0.11564122221191321,0.185,508.46886446886447
nhsn,2024-2025,Pennsylvania,extended_sep_apr,Extended Sep-Apr,2025-02,0.12175871212596152,0.11280435010997263,0.185,214.84981684981685
nhsn,2024-2025,Pennsylvania,extended_sep_apr,Extended Sep-Apr,2025-03,0.11240947484455573,0.10774663771117701,0.185,97.34981684981685
nhsn,2024-2025,Pennsylvania,extended_sep_apr,Extended Sep-Apr,2025-04,0.09702201439656236,0.08006643122032314,0.12300921333333335,32.84065934065934
nhsn,2024-2025,Pennsylvania,extended_sep_apr,Extended Sep-Apr,2025-05,0.0,0.0,0.0,10.093406593406591
nhsn,2024-2025,Pennsylvania,extended_sep_apr,Extended Sep-Apr,2025-06,0.0,0.0,0.0,1.1794871794871795
nhsn,2024-2025,Pennsylvania,late_oct_apr,Late Oct-Apr,2024-02,0.0,0.0,0.0,0.25457875457875456
nhsn,2024-2025,Pennsylvania,late_oct_apr,Late Oct-Apr,2024-03,0.0,0.028763985497330703,0.03425483870967742,53.860805860805876
nhsn,2024-2025,Pennsylvania,late_oct_apr,Late Oct-Apr,2024-04,0.15233892185212283,0.15194254984409253,0.18499999999999991,317.83333333333337
nhsn,2024-2025,Pennsylvania,late_oct_apr,Late Oct-Apr,2024-05,0.1440871583217275,0.14447782310869367,0.18499999999999997,932.9908424908426
nhsn,2024-2025,Pennsylvania,late_oct_apr,Late Oct-Apr,2024-06,0.14958736531938213,0.1492272403891565,0.18499999999999991,1178.919413919414
nhsn,2024-2025,Pennsylvania,late_oct_apr,Late Oct-Apr,2024-07,0.14556779049563956,0.1456901299425785,0.18499999999999997,1362.635531135531
nhsn,2024-2025,Pennsylvania,late_oct_apr,Late Oct-Apr,2024-08,0.14921245406456166,0.14917632361246433,0.18499999999999997,1424.46336996337
nhsn,2024-2025,Pennsylvania,late_oct_apr,Late Oct-Apr,2024-09,0.14830876405559135,0.1482747445126388,0.18499999999999991,1400.503663003663
nhsn,2024-2025,Pennsylvania,late_oct_apr,Late Oct-Apr,2024-10,0.1481065759734514,0.1478332378152716,0.185,1455.161172161172
nhsn,2024-2025,Pennsylvania,late_oct_apr,Late Oct-Apr,2024-11,0.14809047817948046,0.1440984599485238,0.18499999999999997,1355.8772893772893
nhsn,2024-2025,Pennsylvania,late_oct_apr,Late Oct-Apr,2024-12,0.12458652154560725,0.11924513036782167,0.185,1117.5897435897436
nhsn,2024-2025,Pennsylvania,late_oct_apr,Late Oct-Apr,2025-01,0.1183318465449673,0.11564122221191321,0.185,508.46886446886447
nhsn,2024-2025,Pennsylvania,late_oct_apr,Late Oct-Apr,2025-02,0.12175871212596152,0.11280435010997263,0.185,214.84981684981685
nhsn,2024-2025,Pennsylvania,late_oct_apr,Late Oct-Apr,2025-03,0.11240947484455573,0.10774663771117701,0.185,97.34981684981685
nhsn,2024-2025,Pennsylvania,late_oct_apr,Late Oct-Apr,2025-04,0.09702201439656236,0.08006643122032314,0.12300921333333335,32.84065934065934
nhsn,2024-2025,Pennsylvania,late_oct_apr,Late Oct-Apr,2025-05,0.0,0.0,0.0,10.093406593406591
nhsn,2024-2025,Pennsylvania,late_oct_apr,Late Oct-Apr,2025-06,0.0,0.0,0.0,1.1794871794871795
nhsn,2024-2025,Rhode Island,baseline_oct_mar,Baseline Oct-Mar,2024-02,,,0.0,0.0
nhsn,2024-2025,Rhode Island,baseline_oct_mar,Baseline Oct-Mar,2024-03,0.0,0.03266336375551159,0.03425483870967742,7.153846153846153
nhsn,2024-2025,Rhode Island,baseline_oct_mar,Baseline Oct-Mar,2024-04,0.15290030403431157,0.15290351408148395,0.18499999999999991,45.291208791208796
nhsn,2024-2025,Rhode Island,baseline_oct_mar,Baseline Oct-Mar,2024-05,0.14384317682907938,0.1414381300352674,0.18499999999999997,93.17948717948718
nhsn,2024-2025,Rhode Island,baseline_oct_mar,Baseline Oct-Mar,2024-06,0.15041485786426992,0.15040257488236725,0.18499999999999991,106.63186813186813
nhsn,2024-2025,Rhode Island,baseline_oct_mar,Baseline Oct-Mar,2024-07,0.14483692528735634,0.14270771344059516,0.18499999999999997,118.12637362637363
nhsn,2024-2025,Rhode Island,baseline_oct_mar,Baseline Oct-Mar,2024-08,0.1498404402106129,0.15009580504975692,0.18499999999999997,120.59157509157511
nhsn,2024-2025,Rhode Island,baseline_oct_mar,Baseline Oct-Mar,2024-09,0.14891088460392068,0.1490317352190644,0.18499999999999991,117.15384615384619
nhsn,2024-2025,Rhode Island,baseline_oct_mar,Baseline Oct-Mar,2024-10,0.14957224452018572,0.14880551195027614,0.185,121.57692307692308
nhsn,2024-2025,Rhode Island,baseline_oct_mar,Baseline Oct-Mar,2024-11,0.14395062666703926,0.1355228343892401,0.18499999999999997,110.53846153846155
nhsn,2024-2025,Rhode Island,baseline_oct_mar,Baseline Oct-Mar,2024-12,0.1124024923428878,0.11074648063658334,0.185,73.84432234432234
nhsn,2024-2025,Rhode Island,baseline_oct_mar,Baseline Oct-Mar,2025-01,0.10862842972999225,0.11156586299545676,0.185,27.52014652014652
nhsn,2024-2025,Rhode Island,baseline_oct_mar,Baseline Oct-Mar,2025-02,0.11005783385579938,0.10677262542414859,0.185,10.305860805860807
nhsn,2024-2025,Rhode Island,baseline_oct_mar,Baseline Oct-Mar,2025-03,0.09196365838834064,0.07757634070684463,0.12500891612903228,3.6593406593406597
nhsn,2024-2025,Rhode Island,baseline_oct_mar,Baseline Oct-Mar,2025-04,0.0,0.0,0.0,1.0293040293040292
nhsn,2024-2025,Rhode Island,baseline_oct_mar,Baseline Oct-Mar,2025-05,0.0,0.0,0.0,0.5769230769230771
nhsn,2024-2025,Rhode Island,baseline_oct_mar,Baseline Oct-Mar,2025-06,0.0,0.0,0.0,0.05128205128205128
nhsn,2024-2025,Rhode Island,early_sep_mar,Early Sep-Mar,2024-02,,,0.04108541666666665,0.0
nhsn,2024-2025,Rhode Island,early_sep_mar,Early Sep-Mar,2024-03,0.14949224708624712,0.1504412704258703,0.1814790322580645,7.153846153846153
nhsn,2024-2025,Rhode Island,early_sep_mar,Early Sep-Mar,2024-04,0.15230523215627348,0.1524839486557459,0.18499999999999991,45.291208791208796
nhsn,2024-2025,Rhode Island,early_sep_mar,Early Sep-Mar,2024-05,0.14854200286150632,0.14874895305534552,0.18499999999999997,93.17948717948718
nhsn,2024-2025,Rhode Island,early_sep_mar,Early Sep-Mar,2024-06,0.1500826846099637,0.15011928153421228,0.18499999999999991,106.63186813186813
nhsn,2024-2025,Rhode Island,early_sep_mar,Early Sep-Mar,2024-07,0.14819712645576222,0.1482775368992052,0.18499999999999997,118.12637362637363
nhsn,2024-2025,Rhode Island,early_sep_mar,Early Sep-Mar,2024-08,0.1476037437200957,0.14757965461087788,0.18499999999999997,120.59157509157511
nhsn,2024-2025,Rhode Island,early_sep_mar,Early Sep-Mar,2024-09,0.14799040669821978,0.14815181107574532,0.18499999999999997,117.15384615384615
nhsn,2024-2025,Rhode Island,early_sep_mar,Early Sep-Mar,2024-10,0.14957224452018572,0.14880551195027614,0.185,121.57692307692308
nhsn,2024-2025,Rhode Island,early_sep_mar,Early Sep-Mar,2024-11,0.14395062666703926,0.1355228343892401,0.18499999999999997,110.53846153846155
nhsn,2024-2025,Rhode Island,early_sep_mar,Early Sep-Mar,2024-12,0.1124024923428878,0.11074648063658334,0.185,73.84432234432234
nhsn,2024-2025,Rhode Island,early_sep_mar,Early Sep-Mar,2025-01,0.10862842972999225,0.11156586299545676,0.185,27.52014652014652
nhsn,2024-2025,Rhode Island,early_sep_mar,Early Sep-Mar,2025-02,0.11005783385579938,0.10677262542414859,0.185,10.305860805860807
nhsn,2024-2025,Rhode Island,early_sep_mar,Early Sep-Mar,2025-03,0.09196365838834064,0.07757634070684463,0.12500891612903228,3.6593406593406597
nhsn,2024-2025,Rhode Island,early_sep_mar,Early Sep-Mar,2025-04,0.0,0.0,0.0,1.0293040293040292
nhsn,2024-2025,Rhode Island,early_sep_mar,Early Sep-Mar,2025-05,0.0,0.0,0.0,0.5769230769230771
nhsn,2024-2025,Rhode Island,early_sep_mar,Early Sep-Mar,2025-06,0.0,0.0,0.0,0.05128205128205128
nhsn,2024-2025,Rhode Island,extended_sep_apr,Extended Sep-Apr,2024-02,,,0.04108541666666665,0.0
nhsn,2024-2025,Rhode Island,extended_sep_apr,Extended Sep-Apr,2024-03,0.14949224708624712,0.1504412704258703,0.1814790322580645,7.153846153846153
nhsn,2024-2025,Rhode Island,extended_sep_apr,Extended Sep-Apr,2024-04,0.15230523215627348,0.1524839486557459,0.18499999999999991,45.291208791208796
nhsn,2024-2025,Rhode Island,extended_sep_apr,Extended Sep-Apr,2024-05,0.14854200286150632,0.14874895305534552,0.18499999999999997,93.17948717948718
nhsn,2024-2025,Rhode Island,extended_sep_apr,Extended Sep-Apr,2024-06,0.1500826846099637,0.15011928153421228,0.18499999999999991,106.63186813186813
nhsn,2024-2025,Rhode Island,extended_sep_apr,Extended Sep-Apr,2024-07,0.14819712645576222,0.1482775368992052,0.18499999999999997,118.12637362637363
nhsn,2024-2025,Rhode Island,extended_sep_apr,Extended Sep-Apr,2024-08,0.1476037437200957,0.14757965461087788,0.18499999999999997,120.59157509157511
nhsn,2024-2025,Rhode Island,extended_sep_apr,Extended Sep-Apr,2024-09,0.14799040669821978,0.14815181107574532,0.18499999999999997,117.15384615384615
nhsn,2024-2025,Rhode Island,extended_sep_apr,Extended Sep-Apr,2024-10,0.14957224452018572,0.14880551195027614,0.185,121.57692307692308
nhsn,2024-2025,Rhode Island,extended_sep_apr,Extended Sep-Apr,2024-11,0.14395062666703926,0.1355228343892401,0.18499999999999997,110.53846153846155
nhsn,2024-2025,Rhode Island,extended_sep_apr,Extended Sep-Apr,2024-12,0.1124024923428878,0.11074648063658334,0.185,73.84432234432234
nhsn,2024-2025,Rhode Island,extended_sep_apr,Extended Sep-Apr,2025-01,0.10862842972999225,0.11156586299545676,0.185,27.52014652014652
nhsn,2024-2025,Rhode Island,extended_sep_apr,Extended Sep-Apr,2025-02,0.11005783385579938,0.10677262542414859,0.185,10.305860805860807
nhsn,2024-2025,Rhode Island,extended_sep_apr,Extended Sep-Apr,2025-03,0.09466064475524474,0.0987891825163593,0.185,3.6593406593406597
nhsn,2024-2025,Rhode Island,extended_sep_apr,Extended Sep-Apr,2025-04,0.11121636929736929,0.0876158554109313,0.12300921333333335,1.0293040293040292
nhsn,2024-2025,Rhode Island,extended_sep_apr,Extended Sep-Apr,2025-05,0.0,0.0,0.0,0.5769230769230771
nhsn,2024-2025,Rhode Island,extended_sep_apr,Extended Sep-Apr,2025-06,0.0,0.0,0.0,0.05128205128205128
nhsn,2024-2025,Rhode Island,late_oct_apr,Late Oct-Apr,2024-02,,,0.0,0.0
nhsn,2024-2025,Rhode Island,late_oct_apr,Late Oct-Apr,2024-03,0.0,0.03266336375551159,0.03425483870967742,7.153846153846153
nhsn,2024-2025,Rhode Island,late_oct_apr,Late Oct-Apr,2024-04,0.15290030403431157,0.15290351408148395,0.18499999999999991,45.291208791208796
nhsn,2024-2025,Rhode Island,late_oct_apr,Late Oct-Apr,2024-05,0.14384317682907938,0.1414381300352674,0.18499999999999997,93.17948717948718
nhsn,2024-2025,Rhode Island,late_oct_apr,Late Oct-Apr,2024-06,0.15041485786426992,0.15040257488236725,0.18499999999999991,106.63186813186813
nhsn,2024-2025,Rhode Island,late_oct_apr,Late Oct-Apr,2024-07,0.14483692528735634,0.14270771344059516,0.18499999999999997,118.12637362637363
nhsn,2024-2025,Rhode Island,late_oct_apr,Late Oct-Apr,2024-08,0.1498404402106129,0.15009580504975692,0.18499999999999997,120.59157509157511
nhsn,2024-2025,Rhode Island,late_oct_apr,Late Oct-Apr,2024-09,0.14891088460392068,0.1490317352190644,0.18499999999999991,117.15384615384619
nhsn,2024-2025,Rhode Island,late_oct_apr,Late Oct-Apr,2024-10,0.14957224452018572,0.14880551195027614,0.185,121.57692307692308
nhsn,2024-2025,Rhode Island,late_oct_apr,Late Oct-Apr,2024-11,0.14395062666703926,0.1355228343892401,0.18499999999999997,110.53846153846155
nhsn,2024-2025,Rhode Island,late_oct_apr,Late Oct-Apr,2024-12,0.1124024923428878,0.11074648063658334,0.185,73.84432234432234
nhsn,2024-2025,Rhode Island,late_oct_apr,Late Oct-Apr,2025-01,0.10862842972999225,0.11156586299545676,0.185,27.52014652014652
nhsn,2024-2025,Rhode Island,late_oct_apr,Late Oct-Apr,2025-02,0.11005783385579938,0.10677262542414859,0.185,10.305860805860807
nhsn,2024-2025,Rhode Island,late_oct_apr,Late Oct-Apr,2025-03,0.09466064475524474,0.0987891825163593,0.185,3.6593406593406597
nhsn,2024-2025,Rhode Island,late_oct_apr,Late Oct-Apr,2025-04,0.11121636929736929,0.0876158554109313,0.12300921333333335,1.0293040293040292
nhsn,2024-2025,Rhode Island,late_oct_apr,Late Oct-Apr,2025-05,0.0,0.0,0.0,0.5769230769230771
nhsn,2024-2025,Rhode Island,late_oct_apr,Late Oct-Apr,2025-06,0.0,0.0,0.0,0.05128205128205128
nhsn,2024-2025,South Carolina,baseline_oct_mar,Baseline Oct-Mar,2024-02,0.0,0.0,0.0,1.2967032967032965
nhsn,2024-2025,South Carolina,baseline_oct_mar,Baseline Oct-Mar,2024-03,0.0,0.028726014806478187,0.03425483870967742,41.831501831501825
nhsn,2024-2025,South Carolina,baseline_oct_mar,Baseline Oct-Mar,2024-04,0.15237004205624685,0.15007870304267862,0.18499999999999991,151.56227106227107
nhsn,2024-2025,South Carolina,baseline_oct_mar,Baseline Oct-Mar,2024-05,0.12924025544147844,0.12970211950360586,0.18499999999999997,270.43406593406587
nhsn,2024-2025,South Carolina,baseline_oct_mar,Baseline Oct-Mar,2024-06,0.15033605779526216,0.14902471725444058,0.18499999999999991,295.6062271062271
nhsn,2024-2025,South Carolina,baseline_oct_mar,Baseline Oct-Mar,2024-07,0.1335752924472331,0.13259266180755033,0.18499999999999997,323.1355311355311
nhsn,2024-2025,South Carolina,baseline_oct_mar,Baseline Oct-Mar,2024-08,0.1501766629628328,0.150017978680844,0.18499999999999997,334.11172161172163
nhsn,2024-2025,South Carolina,baseline_oct_mar,Baseline Oct-Mar,2024-09,0.14922044648050153,0.1490229531904482,0.18499999999999991,331.97069597069594
nhsn,2024-2025,South Carolina,baseline_oct_mar,Baseline Oct-Mar,2024-10,0.14806968277416754,0.14548323066030633,0.185,345.7234432234432
nhsn,2024-2025,South Carolina,baseline_oct_mar,Baseline Oct-Mar,2024-11,0.13633042461848063,0.13151001351022326,0.18499999999999997,295.72527472527474
nhsn,2024-2025,South Carolina,baseline_oct_mar,Baseline Oct-Mar,2024-12,0.11502748433241324,0.11230381127487173,0.185,189.6849816849817
nhsn,2024-2025,South Carolina,baseline_oct_mar,Baseline Oct-Mar,2025-01,0.1214752048605535,0.12138089001694082,0.185,75.93589743589743
nhsn,2024-2025,South Carolina,baseline_oct_mar,Baseline Oct-Mar,2025-02,0.1290010730875492,0.12566432192575408,0.185,38.86996336996337
nhsn,2024-2025,South Carolina,baseline_oct_mar,Baseline Oct-Mar,2025-03,0.12934599752421494,0.09203051282460195,0.12500891612903228,25.857142857142858
nhsn,2024-2025,South Carolina,baseline_oct_mar,Baseline Oct-Mar,2025-04,0.0,0.0,0.0,14.501831501831502
nhsn,2024-2025,South Carolina,baseline_oct_mar,Baseline Oct-Mar,2025-05,0.0,0.0,0.0,5.778388278388277
nhsn,2024-2025,South Carolina,baseline_oct_mar,Baseline Oct-Mar,2025-06,0.0,0.0,0.0,1.4102564102564101
nhsn,2024-2025,South Carolina,early_sep_mar,Early Sep-Mar,2024-02,0.0,0.0475027265146611,0.04108541666666665,1.2967032967032965
nhsn,2024-2025,South Carolina,early_sep_mar,Early Sep-Mar,2024-03,0.1508134108430661,0.14880093689689572,0.1814790322580645,41.831501831501825
nhsn,2024-2025,South Carolina,early_sep_mar,Early Sep-Mar,2024-04,0.15237004205624685,0.15170223968568627,0.18499999999999991,151.56227106227107
nhsn,2024-2025,South Carolina,early_sep_mar,Early Sep-Mar,2024-05,0.14884690867955575,0.1490237870143435,0.18499999999999997,270.43406593406587
nhsn,2024-2025,South Carolina,early_sep_mar,Early Sep-Mar,2024-06,0.15033605779526216,0.14999715095008737,0.18499999999999991,295.6062271062271
nhsn,2024-2025,South Carolina,early_sep_mar,Early Sep-Mar,2024-07,0.14840683546197753,0.14847515866410965,0.18499999999999997,323.1355311355311
nhsn,2024-2025,South Carolina,early_sep_mar,Early Sep-Mar,2024-08,0.14735297067956593,0.14672009616830442,0.18499999999999997,334.11172161172163
nhsn,2024-2025,South Carolina,early_sep_mar,Early Sep-Mar,2024-09,0.14554753663316572,0.14604152655798147,0.18499999999999997,331.970695970696
nhsn,2024-2025,South Carolina,early_sep_mar,Early Sep-Mar,2024-10,0.14806968277416754,0.14548323066030633,0.185,345.7234432234432
nhsn,2024-2025,South Carolina,early_sep_mar,Early Sep-Mar,2024-11,0.13633042461848063,0.13151001351022326,0.18499999999999997,295.72527472527474
nhsn,2024-2025,South Carolina,early_sep_mar,Early Sep-Mar,2024-12,0.11502748433241324,0.11230381127487173,0.185,189.6849816849817
nhsn,2024-2025,South Carolina,early_sep_mar,Early Sep-Mar,2025-01,0.1214752048605535,0.12138089001694082,0.185,75.93589743589743
nhsn,2024-2025,South Carolina,early_sep_mar,Early Sep-Mar,2025-02,0.1290010730875492,0.12566432192575408,0.185,38.86996336996337
nhsn,2024-2025,South Carolina,early_sep_mar,Early Sep-Mar,2025-03,0.12934599752421494,0.09203051282460195,0.12500891612903228,25.857142857142858
nhsn,2024-2025,South Carolina,early_sep_mar,Early Sep-Mar,2025-04,0.0,0.0,0.0,14.501831501831502
nhsn,2024-2025,South Carolina,early_sep_mar,Early Sep-Mar,2025-05,0.0,0.0,0.0,5.778388278388277
nhsn,2024-2025,South Carolina,early_sep_mar,Early Sep-Mar,2025-06,0.0,0.0,0.0,1.4102564102564101
nhsn,2024-2025,South Carolina,extended_sep_apr,Extended Sep-Apr,2024-02,0.0,0.0475027265146611,0.04108541666666665,1.2967032967032965
nhsn,2024-2025,South Carolina,extended_sep_apr,Extended Sep-Apr,2024-03,0.1508134108430661,0.14880093689689572,0.1814790322580645,41.831501831501825
nhsn,2024-2025,South Carolina,extended_sep_apr,Extended Sep-Apr,2024-04,0.15237004205624685,0.15170223968568627,0.18499999999999991,151.56227106227107
nhsn,2024-2025,South Carolina,extended_sep_apr,Extended Sep-Apr,2024-05,0.14884690867955575,0.1490237870143435,0.18499999999999997,270.43406593406587
nhsn,2024-2025,South Carolina,extended_sep_apr,Extended Sep-Apr,2024-06,0.15033605779526216,0.14999715095008737,0.18499999999999991,295.6062271062271
nhsn,2024-2025,South Carolina,extended_sep_apr,Extended Sep-Apr,2024-07,0.14840683546197753,0.14847515866410965,0.18499999999999997,323.1355311355311
nhsn,2024-2025,South Carolina,extended_sep_apr,Extended Sep-Apr,2024-08,0.14735297067956593,0.14672009616830442,0.18499999999999997,334.11172161172163
nhsn,2024-2025,South Carolina,extended_sep_apr,Extended Sep-Apr,2024-09,0.14554753663316572,0.14604152655798147,0.18499999999999997,331.970695970696
nhsn,2024-2025,South Carolina,extended_sep_apr,Extended Sep-Apr,2024-10,0.14806968277416754,0.14548323066030633,0.185,345.7234432234432
nhsn,2024-2025,South Carolina,extended_sep_apr,Extended Sep-Apr,2024-11,0.13633042461848063,0.13151001351022326,0.18499999999999997,295.72527472527474
nhsn,2024-2025,South Carolina,extended_sep_apr,Extended Sep-Apr,2024-12,0.11502748433241324,0.11230381127487173,0.185,189.6849816849817
nhsn,2024-2025,South Carolina,extended_sep_apr,Extended Sep-Apr,2025-01,0.1214752048605535,0.12138089001694082,0.185,75.93589743589743
nhsn,2024-2025,South Carolina,extended_sep_apr,Extended Sep-Apr,2025-02,0.1290010730875492,0.12566432192575408,0.185,38.86996336996337
nhsn,2024-2025,South Carolina,extended_sep_apr,Extended Sep-Apr,2025-03,0.1311440804939741,0.12676770664792858,0.185,25.857142857142858
nhsn,2024-2025,South Carolina,extended_sep_apr,Extended Sep-Apr,2025-04,0.1150306659859315,0.086889091304379,0.12300921333333335,14.501831501831504
nhsn,2024-2025,South Carolina,extended_sep_apr,Extended Sep-Apr,2025-05,0.0,0.0,0.0,5.778388278388277
nhsn,2024-2025,South Carolina,extended_sep_apr,Extended Sep-Apr,2025-06,0.0,0.0,0.0,1.4102564102564101
nhsn,2024-2025,South Carolina,late_oct_apr,Late Oct-Apr,2024-02,0.0,0.0,0.0,1.2967032967032965
nhsn,2024-2025,South Carolina,late_oct_apr,Late Oct-Apr,2024-03,0.0,0.028726014806478187,0.03425483870967742,41.831501831501825
nhsn,2024-2025,South Carolina,late_oct_apr,Late Oct-Apr,2024-04,0.15237004205624685,0.15007870304267862,0.18499999999999991,151.56227106227107
nhsn,2024-2025,South Carolina,late_oct_apr,Late Oct-Apr,2024-05,0.12924025544147844,0.12970211950360586,0.18499999999999997,270.43406593406587
nhsn,2024-2025,South Carolina,late_oct_apr,Late Oct-Apr,2024-06,0.15033605779526216,0.14902471725444058,0.18499999999999991,295.6062271062271
nhsn,2024-2025,South Carolina,late_oct_apr,Late Oct-Apr,2024-07,0.1335752924472331,0.13259266180755033,0.18499999999999997,323.1355311355311
nhsn,2024-2025,South Carolina,late_oct_apr,Late Oct-Apr,2024-08,0.1501766629628328,0.150017978680844,0.18499999999999997,334.11172161172163
nhsn,2024-2025,South Carolina,late_oct_apr,Late Oct-Apr,2024-09,0.14922044648050153,0.1490229531904482,0.18499999999999991,331.97069597069594
nhsn,2024-2025,South Carolina,late_oct_apr,Late Oct-Apr,2024-10,0.14806968277416754,0.14548323066030633,0.185,345.7234432234432
nhsn,2024-2025,South Carolina,late_oct_apr,Late Oct-Apr,2024-11,0.13633042461848063,0.13151001351022326,0.18499999999999997,295.72527472527474
nhsn,2024-2025,South Carolina,late_oct_apr,Late Oct-Apr,2024-12,0.11502748433241324,0.11230381127487173,0.185,189.6849816849817
nhsn,2024-2025,South Carolina,late_oct_apr,Late Oct-Apr,2025-01,0.1214752048605535,0.12138089001694082,0.185,75.93589743589743
nhsn,2024-2025,South Carolina,late_oct_apr,Late Oct-Apr,2025-02,0.1290010730875492,0.12566432192575408,0.185,38.86996336996337
nhsn,2024-2025,South Carolina,late_oct_apr,Late Oct-Apr,2025-03,0.1311440804939741,0.12676770664792858,0.185,25.857142857142858
nhsn,2024-2025,South Carolina,late_oct_apr,Late Oct-Apr,2025-04,0.1150306659859315,0.086889091304379,0.12300921333333335,14.501831501831504
nhsn,2024-2025,South Carolina,late_oct_apr,Late Oct-Apr,2025-05,0.0,0.0,0.0,5.778388278388277
nhsn,2024-2025,South Carolina,late_oct_apr,Late Oct-Apr,2025-06,0.0,0.0,0.0,1.4102564102564101
nhsn,2024-2025,South Dakota,baseline_oct_mar,Baseline Oct-Mar,2024-02,0.0,0.0,0.0,0.08974358974358974
nhsn,2024-2025,South Dakota,baseline_oct_mar,Baseline Oct-Mar,2024-03,0.0,0.03098613660049628,0.03425483870967742,0.3974358974358973
nhsn,2024-2025,South Dakota,baseline_oct_mar,Baseline Oct-Mar,2024-04,0.11122972527472529,0.12379052285195721,0.18499999999999991,0.8754578754578753
nhsn,2024-2025,South Dakota,baseline_oct_mar,Baseline Oct-Mar,2024-05,0.13579543760926574,0.13427012176272074,0.18499999999999997,3.347985347985348
nhsn,2024-2025,South Dakota,baseline_oct_mar,Baseline Oct-Mar,2024-06,0.14706382630166046,0.14726620410334024,0.18499999999999991,22.94322344322344
nhsn,2024-2025,South Dakota,baseline_oct_mar,Baseline Oct-Mar,2024-07,0.1475132644802152,0.14752781377809657,0.18499999999999997,66.97619047619048
nhsn,2024-2025,South Dakota,baseline_oct_mar,Baseline Oct-Mar,2024-08,0.14727391842483156,0.14725905112485846,0.18499999999999997,96.72893772893774
nhsn,2024-2025,South Dakota,baseline_oct_mar,Baseline Oct-Mar,2024-09,0.1464122587451852,0.14617404253276506,0.18499999999999991,98.42307692307693
nhsn,2024-2025,South Dakota,baseline_oct_mar,Baseline Oct-Mar,2024-10,0.14497407096635528,0.14535129002448194,0.185,103.55128205128206
nhsn,2024-2025,South Dakota,baseline_oct_mar,Baseline Oct-Mar,2024-11,0.14815025360793055,0.1480511292451348,0.18499999999999997,100.0
nhsn,2024-2025,South Dakota,baseline_oct_mar,Baseline Oct-Mar,2024-12,0.1489313193899124,0.14881910681491345,0.185,102.80952380952382
nhsn,2024-2025,South Dakota,baseline_oct_mar,Baseline Oct-Mar,2025-01,0.1499393084701815,0.1435137232871245,0.185,100.16300366300366
nhsn,2024-2025,South Dakota,baseline_oct_mar,Baseline Oct-Mar,2025-02,0.13025853372772983,0.12282155004936542,0.185,72.37728937728937
nhsn,2024-2025,South Dakota,baseline_oct_mar,Baseline Oct-Mar,2025-03,0.09198963433725366,0.07877332121807133,0.12500891612903228,38.21794871794872
nhsn,2024-2025,South Dakota,baseline_oct_mar,Baseline Oct-Mar,2025-04,0.0,0.0,0.0,7.316849816849817
nhsn,2024-2025,South Dakota,baseline_oct_mar,Baseline Oct-Mar,2025-05,0.0,0.0,0.0,2.1410256410256414
nhsn,2024-2025,South Dakota,baseline_oct_mar,Baseline Oct-Mar,2025-06,0.0,0.0,0.0,0.10256410256410256
nhsn,2024-2025,South Dakota,early_sep_mar,Early Sep-Mar,2024-02,0.0,0.0616627334379121,0.04108541666666665,0.08974358974358974
nhsn,2024-2025,South Dakota,early_sep_mar,Early Sep-Mar,2024-03,0.15725000000000003,0.15468051442589675,0.1814790322580645,0.3974358974358973
nhsn,2024-2025,South Dakota,early_sep_mar,Early Sep-Mar,2024-04,0.1485348181818182,0.13170707660081704,0.18499999999999991,0.8754578754578753
nhsn,2024-2025,South Dakota,early_sep_mar,Early Sep-Mar,2024-05,0.1491856300699301,0.1484895555073099,0.18499999999999997,3.347985347985348
nhsn,2024-2025,South Dakota,early_sep_mar,Early Sep-Mar,2024-06,0.14719805477855477,0.1473458681684663,0.18499999999999991,22.94322344322344
nhsn,2024-2025,South Dakota,early_sep_mar,Early Sep-Mar,2024-07,0.14707841799900181,0.14707541001771668,0.18499999999999997,66.97619047619048
nhsn,2024-2025,South Dakota,early_sep_mar,Early Sep-Mar,2024-08,0.14052878340521757,0.1395524482590465,0.18499999999999997,96.72893772893774
nhsn,2024-2025,South Dakota,early_sep_mar,Early Sep-Mar,2024-09,0.14315976779501627,0.14159629516299063,0.18499999999999997,98.4230769230769
nhsn,2024-2025,South Dakota,early_sep_mar,Early Sep-Mar,2024-10,0.14497407096635528,0.14535129002448194,0.185,103.55128205128206
nhsn,2024-2025,South Dakota,early_sep_mar,Early Sep-Mar,2024-11,0.14815025360793055,0.1480511292451348,0.18499999999999997,100.0
nhsn,2024-2025,South Dakota,early_sep_mar,Early Sep-Mar,2024-12,0.1489313193899124,0.14881910681491345,0.185,102.80952380952382
nhsn,2024-2025,South Dakota,early_sep_mar,Early Sep-Mar,2025-01,0.1499393084701815,0.1435137232871245,0.185,100.16300366300366
nhsn,2024-2025,South Dakota,early_sep_mar,Early Sep-Mar,2025-02,0.13025853372772983,0.12282155004936542,0.185,72.37728937728937
nhsn,2024-2025,South Dakota,early_sep_mar,Early Sep-Mar,2025-03,0.09198963433725366,0.07877332121807133,0.12500891612903228,38.21794871794872
nhsn,2024-2025,South Dakota,early_sep_mar,Early Sep-Mar,2025-04,0.0,0.0,0.0,7.316849816849817
nhsn,2024-2025,South Dakota,early_sep_mar,Early Sep-Mar,2025-05,0.0,0.0,0.0,2.1410256410256414
nhsn,2024-2025,South Dakota,early_sep_mar,Early Sep-Mar,2025-06,0.0,0.0,0.0,0.10256410256410256
nhsn,2024-2025,South Dakota,extended_sep_apr,Extended Sep-Apr,2024-02,0.0,0.0616627334379121,0.04108541666666665,0.08974358974358974
nhsn,2024-2025,South Dakota,extended_sep_apr,Extended Sep-Apr,2024-03,0.15725000000000003,0.15468051442589675,0.1814790322580645,0.3974358974358973
nhsn,2024-2025,South Dakota,extended_sep_apr,Extended Sep-Apr,2024-04,0.1485348181818182,0.13170707660081704,0.18499999999999991,0.8754578754578753
nhsn,2024-2025,South Dakota,extended_sep_apr,Extended Sep-Apr,2024-05,0.1491856300699301,0.1484895555073099,0.18499999999999997,3.347985347985348
nhsn,2024-2025,South Dakota,extended_sep_apr,Extended Sep-Apr,2024-06,0.14719805477855477,0.1473458681684663,0.18499999999999991,22.94322344322344
nhsn,2024-2025,South Dakota,extended_sep_apr,Extended Sep-Apr,2024-07,0.14707841799900181,0.14707541001771668,0.18499999999999997,66.97619047619048
nhsn,2024-2025,South Dakota,extended_sep_apr,Extended Sep-Apr,2024-08,0.14052878340521757,0.1395524482590465,0.18499999999999997,96.72893772893774
nhsn,2024-2025,South Dakota,extended_sep_apr,Extended Sep-Apr,2024-09,0.14315976779501627,0.14159629516299063,0.18499999999999997,98.4230769230769
nhsn,2024-2025,South Dakota,extended_sep_apr,Extended Sep-Apr,2024-10,0.14497407096635528,0.14535129002448194,0.185,103.55128205128206
nhsn,2024-2025,South Dakota,extended_sep_apr,Extended Sep-Apr,2024-11,0.14815025360793055,0.1480511292451348,0.18499999999999997,100.0
nhsn,2024-2025,South Dakota,extended_sep_apr,Extended Sep-Apr,2024-12,0.1489313193899124,0.14881910681491345,0.185,102.80952380952382
nhsn,2024-2025,South Dakota,extended_sep_apr,Extended Sep-Apr,2025-01,0.1499393084701815,0.1435137232871245,0.185,100.16300366300366
nhsn,2024-2025,South Dakota,extended_sep_apr,Extended Sep-Apr,2025-02,0.13025853372772983,0.12282155004936542,0.185,72.37728937728937
nhsn,2024-2025,South Dakota,extended_sep_apr,Extended Sep-Apr,2025-03,0.09198963433725366,0.09350835180383718,0.185,38.21794871794872
nhsn,2024-2025,South Dakota,extended_sep_apr,Extended Sep-Apr,2025-04,0.0847664992877493,0.07371270958602823,0.12300921333333335,7.316849816849817
nhsn,2024-2025,South Dakota,extended_sep_apr,Extended Sep-Apr,2025-05,0.0,0.0,0.0,2.1410256410256414
nhsn,2024-2025,South Dakota,extended_sep_apr,Extended Sep-Apr,2025-06,0.0,0.0,0.0,0.10256410256410256
nhsn,2024-2025,South Dakota,late_oct_apr,Late Oct-Apr,2024-02,0.0,0.0,0.0,0.08974358974358974
nhsn,2024-2025,South Dakota,late_oct_apr,Late Oct-Apr,2024-03,0.0,0.03098613660049628,0.03425483870967742,0.3974358974358973
nhsn,2024-2025,South Dakota,late_oct_apr,Late Oct-Apr,2024-04,0.11122972527472529,0.12379052285195721,0.18499999999999991,0.8754578754578753
nhsn,2024-2025,South Dakota,late_oct_apr,Late Oct-Apr,2024-05,0.13579543760926574,0.13427012176272074,0.18499999999999997,3.347985347985348
nhsn,2024-2025,South Dakota,late_oct_apr,Late Oct-Apr,2024-06,0.14706382630166046,0.14726620410334024,0.18499999999999991,22.94322344322344
nhsn,2024-2025,South Dakota,late_oct_apr,Late Oct-Apr,2024-07,0.1475132644802152,0.14752781377809657,0.18499999999999997,66.97619047619048
nhsn,2024-2025,South Dakota,late_oct_apr,Late Oct-Apr,2024-08,0.14727391842483156,0.14725905112485846,0.18499999999999997,96.72893772893774
nhsn,2024-2025,South Dakota,late_oct_apr,Late Oct-Apr,2024-09,0.1464122587451852,0.14617404253276506,0.18499999999999991,98.42307692307693
nhsn,2024-2025,South Dakota,late_oct_apr,Late Oct-Apr,2024-10,0.14497407096635528,0.14535129002448194,0.185,103.55128205128206
nhsn,2024-2025,South Dakota,late_oct_apr,Late Oct-Apr,2024-11,0.14815025360793055,0.1480511292451348,0.18499999999999997,100.0
nhsn,2024-2025,South Dakota,late_oct_apr,Late Oct-Apr,2024-12,0.1489313193899124,0.14881910681491345,0.185,102.80952380952382
nhsn,2024-2025,South Dakota,late_oct_apr,Late Oct-Apr,2025-01,0.1499393084701815,0.1435137232871245,0.185,100.16300366300366
nhsn,2024-2025,South Dakota,late_oct_apr,Late Oct-Apr,2025-02,0.13025853372772983,0.12282155004936542,0.185,72.37728937728937
nhsn,2024-2025,South Dakota,late_oct_apr,Late Oct-Apr,2025-03,0.09198963433725366,0.09350835180383718,0.185,38.21794871794872
nhsn,2024-2025,South Dakota,late_oct_apr,Late Oct-Apr,2025-04,0.0847664992877493,0.07371270958602823,0.12300921333333335,7.316849816849817
nhsn,2024-2025,South Dakota,late_oct_apr,Late Oct-Apr,2025-05,0.0,0.0,0.0,2.1410256410256414
nhsn,2024-2025,South Dakota,late_oct_apr,Late Oct-Apr,2025-06,0.0,0.0,0.0,0.10256410256410256
nhsn,2024-2025,Tennessee,baseline_oct_mar,Baseline Oct-Mar,2024-02,0.0,0.0,0.0,0.4340659340659341
nhsn,2024-2025,Tennessee,baseline_oct_mar,Baseline Oct-Mar,2024-03,0.0,0.028598864886261566,0.03425483870967742,58.5018315018315
nhsn,2024-2025,Tennessee,baseline_oct_mar,Baseline Oct-Mar,2024-04,0.15366260818702576,0.15205000852884998,0.18499999999999991,223.68681318681317
nhsn,2024-2025,Tennessee,baseline_oct_mar,Baseline Oct-Mar,2024-05,0.131901701627135,0.13301194627750182,0.18499999999999997,451.4157509157509
nhsn,2024-2025,Tennessee,baseline_oct_mar,Baseline Oct-Mar,2024-06,0.15080896251495546,0.14982998137637837,0.18499999999999991,515.2948717948718
nhsn,2024-2025,Tennessee,baseline_oct_mar,Baseline Oct-Mar,2024-07,0.13625522298246825,0.13599866505626365,0.18499999999999997,568.1410256410256
nhsn,2024-2025,Tennessee,baseline_oct_mar,Baseline Oct-Mar,2024-08,0.1504693428835316,0.1503880130164932,0.18499999999999997,589.7307692307692
nhsn,2024-2025,Tennessee,baseline_oct_mar,Baseline Oct-Mar,2024-09,0.1488248242158893,0.14884334974340777,0.18499999999999991,582.2307692307692
nhsn,2024-2025,Tennessee,baseline_oct_mar,Baseline Oct-Mar,2024-10,0.14831252039120585,0.1465177267705596,0.185,607.1098901098902
nhsn,2024-2025,Tennessee,baseline_oct_mar,Baseline Oct-Mar,2024-11,0.1399255921294392,0.1354659269637713,0.18499999999999997,530.467032967033
nhsn,2024-2025,Tennessee,baseline_oct_mar,Baseline Oct-Mar,2024-12,0.1205751149144973,0.11427466693757929,0.185,373.2472527472528
nhsn,2024-2025,Tennessee,baseline_oct_mar,Baseline Oct-Mar,2025-01,0.12241412528051658,0.11754723544596533,0.185,152.38095238095238
nhsn,2024-2025,Tennessee,baseline_oct_mar,Baseline Oct-Mar,2025-02,0.12461082445409745,0.12108958734725297,0.185,68.39560439560441
nhsn,2024-2025,Tennessee,baseline_oct_mar,Baseline Oct-Mar,2025-03,0.12491702777657127,0.08991173628395616,0.12500891612903228,41.16849816849816
nhsn,2024-2025,Tennessee,baseline_oct_mar,Baseline Oct-Mar,2025-04,0.0,0.0,0.0,18.923076923076923
nhsn,2024-2025,Tennessee,baseline_oct_mar,Baseline Oct-Mar,2025-05,0.0,0.0,0.0,7.2564102564102555
nhsn,2024-2025,Tennessee,baseline_oct_mar,Baseline Oct-Mar,2025-06,0.0,0.0,0.0,0.8974358974358972
nhsn,2024-2025,Tennessee,early_sep_mar,Early Sep-Mar,2024-02,0.0,0.0344795276036318,0.04108541666666665,0.4340659340659341
nhsn,2024-2025,Tennessee,early_sep_mar,Early Sep-Mar,2024-03,0.15019439351003025,0.14808500240027195,0.1814790322580645,58.5018315018315
nhsn,2024-2025,Tennessee,early_sep_mar,Early Sep-Mar,2024-04,0.15366260818702576,0.1532981779552285,0.18499999999999991,223.68681318681317
nhsn,2024-2025,Tennessee,early_sep_mar,Early Sep-Mar,2024-05,0.14863808183567614,0.1488912309123777,0.18499999999999997,451.4157509157509
nhsn,2024-2025,Tennessee,early_sep_mar,Early Sep-Mar,2024-06,0.15080896251495546,0.15045586853905765,0.18499999999999991,515.2948717948718
nhsn,2024-2025,Tennessee,early_sep_mar,Early Sep-Mar,2024-07,0.14825201657369064,0.1483422283271975,0.18499999999999997,568.1410256410256
nhsn,2024-2025,Tennessee,early_sep_mar,Early Sep-Mar,2024-08,0.14709365381198605,0.14660171361308375,0.18499999999999997,589.7307692307692
nhsn,2024-2025,Tennessee,early_sep_mar,Early Sep-Mar,2024-09,0.1462021236388553,0.14652593990003293,0.18499999999999997,582.2307692307693
nhsn,2024-2025,Tennessee,early_sep_mar,Early Sep-Mar,2024-10,0.14831252039120585,0.1465177267705596,0.185,607.1098901098902
nhsn,2024-2025,Tennessee,early_sep_mar,Early Sep-Mar,2024-11,0.1399255921294392,0.1354659269637713,0.18499999999999997,530.467032967033
nhsn,2024-2025,Tennessee,early_sep_mar,Early Sep-Mar,2024-12,0.1205751149144973,0.11427466693757929,0.185,373.2472527472528
nhsn,2024-2025,Tennessee,early_sep_mar,Early Sep-Mar,2025-01,0.12241412528051658,0.11754723544596533,0.185,152.38095238095238
nhsn,2024-2025,Tennessee,early_sep_mar,Early Sep-Mar,2025-02,0.12461082445409745,0.12108958734725297,0.185,68.39560439560441
nhsn,2024-2025,Tennessee,early_sep_mar,Early Sep-Mar,2025-03,0.12491702777657127,0.08991173628395616,0.12500891612903228,41.16849816849816
nhsn,2024-2025,Tennessee,early_sep_mar,Early Sep-Mar,2025-04,0.0,0.0,0.0,18.923076923076923
nhsn,2024-2025,Tennessee,early_sep_mar,Early Sep-Mar,2025-05,0.0,0.0,0.0,7.2564102564102555
nhsn,2024-2025,Tennessee,early_sep_mar,Early Sep-Mar,2025-06,0.0,0.0,0.0,0.8974358974358972
nhsn,2024-2025,Tennessee,extended_sep_apr,Extended Sep-Apr,2024-02,0.0,0.0344795276036318,0.04108541666666665,0.4340659340659341
nhsn,2024-2025,Tennessee,extended_sep_apr,Extended Sep-Apr,2024-03,0.15019439351003025,0.14808500240027195,0.1814790322580645,58.5018315018315
nhsn,2024-2025,Tennessee,extended_sep_apr,Extended Sep-Apr,2024-04,0.15366260818702576,0.1532981779552285,0.18499999999999991,223.68681318681317
nhsn,2024-2025,Tennessee,extended_sep_apr,Extended Sep-Apr,2024-05,0.14863808183567614,0.1488912309123777,0.18499999999999997,451.4157509157509
nhsn,2024-2025,Tennessee,extended_sep_apr,Extended Sep-Apr,2024-06,0.15080896251495546,0.15045586853905765,0.18499999999999991,515.2948717948718
nhsn,2024-2025,Tennessee,extended_sep_apr,Extended Sep-Apr,2024-07,0.14825201657369064,0.1483422283271975,0.18499999999999997,568.1410256410256
nhsn,2024-2025,Tennessee,extended_sep_apr,Extended Sep-Apr,2024-08,0.14709365381198605,0.14660171361308375,0.18499999999999997,589.7307692307692
nhsn,2024-2025,Tennessee,extended_sep_apr,Extended Sep-Apr,2024-09,0.1462021236388553,0.14652593990003293,0.18499999999999997,582.2307692307693
nhsn,2024-2025,Tennessee,extended_sep_apr,Extended Sep-Apr,2024-10,0.14831252039120585,0.1465177267705596,0.185,607.1098901098902
nhsn,2024-2025,Tennessee,extended_sep_apr,Extended Sep-Apr,2024-11,0.1399255921294392,0.1354659269637713,0.18499999999999997,530.467032967033
nhsn,2024-2025,Tennessee,extended_sep_apr,Extended Sep-Apr,2024-12,0.1205751149144973,0.11427466693757929,0.185,373.2472527472528
nhsn,2024-2025,Tennessee,extended_sep_apr,Extended Sep-Apr,2025-01,0.12241412528051658,0.11754723544596533,0.185,152.38095238095238
nhsn,2024-2025,Tennessee,extended_sep_apr,Extended Sep-Apr,2025-02,0.12461082445409745,0.12108958734725297,0.185,68.39560439560441
nhsn,2024-2025,Tennessee,extended_sep_apr,Extended Sep-Apr,2025-03,0.1255643834463409,0.1194175956878415,0.185,41.16849816849816
nhsn,2024-2025,Tennessee,extended_sep_apr,Extended Sep-Apr,2025-04,0.11006474696403341,0.08447197945371135,0.12300921333333335,18.923076923076923
nhsn,2024-2025,Tennessee,extended_sep_apr,Extended Sep-Apr,2025-05,0.0,0.0,0.0,7.2564102564102555
nhsn,2024-2025,Tennessee,extended_sep_apr,Extended Sep-Apr,2025-06,0.0,0.0,0.0,0.8974358974358972
nhsn,2024-2025,Tennessee,late_oct_apr,Late Oct-Apr,2024-02,0.0,0.0,0.0,0.4340659340659341
nhsn,2024-2025,Tennessee,late_oct_apr,Late Oct-Apr,2024-03,0.0,0.028598864886261566,0.03425483870967742,58.5018315018315
nhsn,2024-2025,Tennessee,late_oct_apr,Late Oct-Apr,2024-04,0.15366260818702576,0.15205000852884998,0.18499999999999991,223.68681318681317
nhsn,2024-2025,Tennessee,late_oct_apr,Late Oct-Apr,2024-05,0.131901701627135,0.13301194627750182,0.18499999999999997,451.4157509157509
nhsn,2024-2025,Tennessee,late_oct_apr,Late Oct-Apr,2024-06,0.15080896251495546,0.14982998137637837,0.18499999999999991,515.2948717948718
nhsn,2024-2025,Tennessee,late_oct_apr,Late Oct-Apr,2024-07,0.13625522298246825,0.13599866505626365,0.18499999999999997,568.1410256410256
nhsn,2024-2025,Tennessee,late_oct_apr,Late Oct-Apr,2024-08,0.1504693428835316,0.1503880130164932,0.18499999999999997,589.7307692307692
nhsn,2024-2025,Tennessee,late_oct_apr,Late Oct-Apr,2024-09,0.1488248242158893,0.14884334974340777,0.18499999999999991,582.2307692307692
nhsn,2024-2025,Tennessee,late_oct_apr,Late Oct-Apr,2024-10,0.14831252039120585,0.1465177267705596,0.185,607.1098901098902
nhsn,2024-2025,Tennessee,late_oct_apr,Late Oct-Apr,2024-11,0.1399255921294392,0.1354659269637713,0.18499999999999997,530.467032967033
nhsn,2024-2025,Tennessee,late_oct_apr,Late Oct-Apr,2024-12,0.1205751149144973,0.11427466693757929,0.185,373.2472527472528
nhsn,2024-2025,Tennessee,late_oct_apr,Late Oct-Apr,2025-01,0.12241412528051658,0.11754723544596533,0.185,152.38095238095238
nhsn,2024-2025,Tennessee,late_oct_apr,Late Oct-Apr,2025-02,0.12461082445409745,0.12108958734725297,0.185,68.39560439560441
nhsn,2024-2025,Tennessee,late_oct_apr,Late Oct-Apr,2025-03,0.1255643834463409,0.1194175956878415,0.185,41.16849816849816
nhsn,2024-2025,Tennessee,late_oct_apr,Late Oct-Apr,2025-04,0.11006474696403341,0.08447197945371135,0.12300921333333335,18.923076923076923
nhsn,2024-2025,Tennessee,late_oct_apr,Late Oct-Apr,2025-05,0.0,0.0,0.0,7.2564102564102555
nhsn,2024-2025,Tennessee,late_oct_apr,Late Oct-Apr,2025-06,0.0,0.0,0.0,0.8974358974358972
nhsn,2024-2025,Texas,baseline_oct_mar,Baseline Oct-Mar,2024-02,0.0,0.0,0.0,20.463369963369964
nhsn,2024-2025,Texas,baseline_oct_mar,Baseline Oct-Mar,2024-03,0.0,0.02856311504616488,0.03425483870967742,375.7289377289378
nhsn,2024-2025,Texas,baseline_oct_mar,Baseline Oct-Mar,2024-04,0.15134335968186588,0.1482360353802631,0.18499999999999991,1248.7124542124543
nhsn,2024-2025,Texas,baseline_oct_mar,Baseline Oct-Mar,2024-05,0.12560906096962446,0.12750365995711496,0.18499999999999997,2192.891941391941
nhsn,2024-2025,Texas,baseline_oct_mar,Baseline Oct-Mar,2024-06,0.14979874825009112,0.14803288038374868,0.18499999999999991,2487.9468864468863
nhsn,2024-2025,Texas,baseline_oct_mar,Baseline Oct-Mar,2024-07,0.13151545120397334,0.13189447395401854,0.18499999999999997,2794.8461538461534
nhsn,2024-2025,Texas,baseline_oct_mar,Baseline Oct-Mar,2024-08,0.14956416232236475,0.14937514843800825,0.18499999999999997,2896.558608058608
nhsn,2024-2025,Texas,baseline_oct_mar,Baseline Oct-Mar,2024-09,0.1491069686303187,0.14898380596889976,0.18499999999999991,2843.1208791208796
nhsn,2024-2025,Texas,baseline_oct_mar,Baseline Oct-Mar,2024-10,0.14832025040261548,0.14547276600692288,0.185,2938.774725274726
nhsn,2024-2025,Texas,baseline_oct_mar,Baseline Oct-Mar,2024-11,0.1375362217666455,0.1324950133348801,0.18499999999999997,2500.4047619047624
nhsn,2024-2025,Texas,baseline_oct_mar,Baseline Oct-Mar,2024-12,0.11715297962609231,0.11667867575930127,0.185,1661.1703296703295
nhsn,2024-2025,Texas,baseline_oct_mar,Baseline Oct-Mar,2025-01,0.12583243198204702,0.12062019231246851,0.185,757.423076923077
nhsn,2024-2025,Texas,baseline_oct_mar,Baseline Oct-Mar,2025-02,0.12430362494737565,0.11632833935180532,0.185,359.0531135531135
nhsn,2024-2025,Texas,baseline_oct_mar,Baseline Oct-Mar,2025-03,0.11362368640048291,0.08408136621524627,0.12500891612903228,179.91758241758242
nhsn,2024-2025,Texas,baseline_oct_mar,Baseline Oct-Mar,2025-04,0.0,0.0,0.0,73.05860805860806
nhsn,2024-2025,Texas,baseline_oct_mar,Baseline Oct-Mar,2025-05,0.0,0.0,0.0,32.82600732600733
nhsn,2024-2025,Texas,baseline_oct_mar,Baseline Oct-Mar,2025-06,0.0,0.0,0.0,7.9230769230769225
nhsn,2024-2025,Texas,early_sep_mar,Early Sep-Mar,2024-02,0.0,0.033931510594081254,0.04108541666666665,20.463369963369964
nhsn,2024-2025,Texas,early_sep_mar,Early Sep-Mar,2024-03,0.1513378306732796,0.14910640282133883,0.1814790322580645,375.7289377289378
nhsn,2024-2025,Texas,early_sep_mar,Early Sep-Mar,2024-04,0.15134335968186588,0.15060936000775416,0.18499999999999991,1248.7124542124543
nhsn,2024-2025,Texas,early_sep_mar,Early Sep-Mar,2024-05,0.14898147695707786,0.14906412102874753,0.18499999999999997,2192.891941391941
nhsn,2024-2025,Texas,early_sep_mar,Early Sep-Mar,2024-06,0.14979874825009112,0.14940631236923166,0.18499999999999991,2487.9468864468863
nhsn,2024-2025,Texas,early_sep_mar,Early Sep-Mar,2024-07,0.1484079799731629,0.14846028976633596,0.18499999999999997,2794.8461538461534
nhsn,2024-2025,Texas,early_sep_mar,Early Sep-Mar,2024-08,0.14744637535904628,0.14711842265343325,0.18499999999999997,2896.558608058608
nhsn,2024-2025,Texas,early_sep_mar,Early Sep-Mar,2024-09,0.14717794441157772,0.14724736883809747,0.18499999999999997,2843.120879120879
nhsn,2024-2025,Texas,early_sep_mar,Early Sep-Mar,2024-10,0.14832025040261548,0.14547276600692288,0.185,2938.774725274726
nhsn,2024-2025,Texas,early_sep_mar,Early Sep-Mar,2024-11,0.1375362217666455,0.1324950133348801,0.18499999999999997,2500.4047619047624
nhsn,2024-2025,Texas,early_sep_mar,Early Sep-Mar,2024-12,0.11715297962609231,0.11667867575930127,0.185,1661.1703296703295
nhsn,2024-2025,Texas,early_sep_mar,Early Sep-Mar,2025-01,0.12583243198204702,0.12062019231246851,0.185,757.423076923077
nhsn,2024-2025,Texas,early_sep_mar,Early Sep-Mar,2025-02,0.12430362494737565,0.11632833935180532,0.185,359.0531135531135
nhsn,2024-2025,Texas,early_sep_mar,Early Sep-Mar,2025-03,0.11362368640048291,0.08408136621524627,0.12500891612903228,179.91758241758242
nhsn,2024-2025,Texas,early_sep_mar,Early Sep-Mar,2025-04,0.0,0.0,0.0,73.05860805860806
nhsn,2024-2025,Texas,early_sep_mar,Early Sep-Mar,2025-05,0.0,0.0,0.0,32.82600732600733
nhsn,2024-2025,Texas,early_sep_mar,Early Sep-Mar,2025-06,0.0,0.0,0.0,7.9230769230769225
nhsn,2024-2025,Texas,extended_sep_apr,Extended Sep-Apr,2024-02,0.0,0.033931510594081254,0.04108541666666665,20.463369963369964
nhsn,2024-2025,Texas,extended_sep_apr,Extended Sep-Apr,2024-03,0.1513378306732796,0.14910640282133883,0.1814790322580645,375.7289377289378
nhsn,2024-2025,Texas,extended_sep_apr,Extended Sep-Apr,2024-04,0.15134335968186588,0.15060936000775416,0.18499999999999991,1248.7124542124543
nhsn,2024-2025,Texas,extended_sep_apr,Extended Sep-Apr,2024-05,0.14898147695707786,0.14906412102874753,0.18499999999999997,2192.891941391941
nhsn,2024-2025,Texas,extended_sep_apr,Extended Sep-Apr,2024-06,0.14979874825009112,0.14940631236923166,0.18499999999999991,2487.9468864468863
nhsn,2024-2025,Texas,extended_sep_apr,Extended Sep-Apr,2024-07,0.1484079799731629,0.14846028976633596,0.18499999999999997,2794.8461538461534
nhsn,2024-2025,Texas,extended_sep_apr,Extended Sep-Apr,2024-08,0.14744637535904628,0.14711842265343325,0.18499999999999997,2896.558608058608
nhsn,2024-2025,Texas,extended_sep_apr,Extended Sep-Apr,2024-09,0.14717794441157772,0.14724736883809747,0.18499999999999997,2843.120879120879
nhsn,2024-2025,Texas,extended_sep_apr,Extended Sep-Apr,2024-10,0.14832025040261548,0.14547276600692288,0.185,2938.774725274726
nhsn,2024-2025,Texas,extended_sep_apr,Extended Sep-Apr,2024-11,0.1375362217666455,0.1324950133348801,0.18499999999999997,2500.4047619047624
nhsn,2024-2025,Texas,extended_sep_apr,Extended Sep-Apr,2024-12,0.11715297962609231,0.11667867575930127,0.185,1661.1703296703295
nhsn,2024-2025,Texas,extended_sep_apr,Extended Sep-Apr,2025-01,0.12583243198204702,0.12062019231246851,0.185,757.423076923077
nhsn,2024-2025,Texas,extended_sep_apr,Extended Sep-Apr,2025-02,0.12430362494737565,0.11632833935180532,0.185,359.0531135531135
nhsn,2024-2025,Texas,extended_sep_apr,Extended Sep-Apr,2025-03,0.11444374999884908,0.11213525797003412,0.185,179.91758241758242
nhsn,2024-2025,Texas,extended_sep_apr,Extended Sep-Apr,2025-04,0.11983199521255311,0.08586557310932483,0.12300921333333335,73.05860805860806
nhsn,2024-2025,Texas,extended_sep_apr,Extended Sep-Apr,2025-05,0.0,0.0,0.0,32.82600732600733
nhsn,2024-2025,Texas,extended_sep_apr,Extended Sep-Apr,2025-06,0.0,0.0,0.0,7.9230769230769225
nhsn,2024-2025,Texas,late_oct_apr,Late Oct-Apr,2024-02,0.0,0.0,0.0,20.463369963369964
nhsn,2024-2025,Texas,late_oct_apr,Late Oct-Apr,2024-03,0.0,0.02856311504616488,0.03425483870967742,375.7289377289378
nhsn,2024-2025,Texas,late_oct_apr,Late Oct-Apr,2024-04,0.15134335968186588,0.1482360353802631,0.18499999999999991,1248.7124542124543
nhsn,2024-2025,Texas,late_oct_apr,Late Oct-Apr,2024-05,0.12560906096962446,0.12750365995711496,0.18499999999999997,2192.891941391941
nhsn,2024-2025,Texas,late_oct_apr,Late Oct-Apr,2024-06,0.14979874825009112,0.14803288038374868,0.18499999999999991,2487.9468864468863
nhsn,2024-2025,Texas,late_oct_apr,Late Oct-Apr,2024-07,0.13151545120397334,0.13189447395401854,0.18499999999999997,2794.8461538461534
nhsn,2024-2025,Texas,late_oct_apr,Late Oct-Apr,2024-08,0.14956416232236475,0.14937514843800825,0.18499999999999997,2896.558608058608
nhsn,2024-2025,Texas,late_oct_apr,Late Oct-Apr,2024-09,0.1491069686303187,0.14898380596889976,0.18499999999999991,2843.1208791208796
nhsn,2024-2025,Texas,late_oct_apr,Late Oct-Apr,2024-10,0.14832025040261548,0.14547276600692288,0.185,2938.774725274726
nhsn,2024-2025,Texas,late_oct_apr,Late Oct-Apr,2024-11,0.1375362217666455,0.1324950133348801,0.18499999999999997,2500.4047619047624
nhsn,2024-2025,Texas,late_oct_apr,Late Oct-Apr,2024-12,0.11715297962609231,0.11667867575930127,0.185,1661.1703296703295
nhsn,2024-2025,Texas,late_oct_apr,Late Oct-Apr,2025-01,0.12583243198204702,0.12062019231246851,0.185,757.423076923077
nhsn,2024-2025,Texas,late_oct_apr,Late Oct-Apr,2025-02,0.12430362494737565,0.11632833935180532,0.185,359.0531135531135
nhsn,2024-2025,Texas,late_oct_apr,Late Oct-Apr,2025-03,0.11444374999884908,0.11213525797003412,0.185,179.91758241758242
nhsn,2024-2025,Texas,late_oct_apr,Late Oct-Apr,2025-04,0.11983199521255311,0.08586557310932483,0.12300921333333335,73.05860805860806
nhsn,2024-2025,Texas,late_oct_apr,Late Oct-Apr,2025-05,0.0,0.0,0.0,32.82600732600733
nhsn,2024-2025,Texas,late_oct_apr,Late Oct-Apr,2025-06,0.0,0.0,0.0,7.9230769230769225
nhsn,2024-2025,Utah,baseline_oct_mar,Baseline Oct-Mar,2024-02,0.0,0.0,0.0,0.054945054945054944
nhsn,2024-2025,Utah,baseline_oct_mar,Baseline Oct-Mar,2024-03,0.0,0.02926069227718532,0.03425483870967742,4.598901098901098
nhsn,2024-2025,Utah,baseline_oct_mar,Baseline Oct-Mar,2024-04,0.1536842311643159,0.14993921046178887,0.18499999999999991,20.291208791208792
nhsn,2024-2025,Utah,baseline_oct_mar,Baseline Oct-Mar,2024-05,0.14524920188822055,0.14541801798583837,0.18499999999999997,113.03663003663002
nhsn,2024-2025,Utah,baseline_oct_mar,Baseline Oct-Mar,2024-06,0.14845515299512835,0.1483369837598459,0.18499999999999991,300.22344322344327
nhsn,2024-2025,Utah,baseline_oct_mar,Baseline Oct-Mar,2024-07,0.1477248147455024,0.14771892736567852,0.18499999999999997,511.13919413919416
nhsn,2024-2025,Utah,baseline_oct_mar,Baseline Oct-Mar,2024-08,0.1479213107353722,0.1479244134126094,0.18499999999999997,579.0989010989009
nhsn,2024-2025,Utah,baseline_oct_mar,Baseline Oct-Mar,2024-09,0.1473172785523002,0.1471058134244856,0.18499999999999991,570.6978021978023
nhsn,2024-2025,Utah,baseline_oct_mar,Baseline Oct-Mar,2024-10,0.14711832332130131,0.1469933792832576,0.185,594.1520146520147
nhsn,2024-2025,Utah,baseline_oct_mar,Baseline Oct-Mar,2024-11,0.1486934145730398,0.14838580095852855,0.18499999999999997,571.2069597069598
nhsn,2024-2025,Utah,baseline_oct_mar,Baseline Oct-Mar,2024-12,0.14764499928343858,0.14372748267721272,0.185,572.9468864468865
nhsn,2024-2025,Utah,baseline_oct_mar,Baseline Oct-Mar,2025-01,0.1390342971812776,0.13137552418716503,0.185,477.503663003663
nhsn,2024-2025,Utah,baseline_oct_mar,Baseline Oct-Mar,2025-02,0.11044671948760065,0.10539889001383773,0.185,257.07509157509156
nhsn,2024-2025,Utah,baseline_oct_mar,Baseline Oct-Mar,2025-03,0.08755368962888964,0.0736880042988227,0.12500891612903228,88.21428571428572
nhsn,2024-2025,Utah,baseline_oct_mar,Baseline Oct-Mar,2025-04,0.0,0.0,0.0,16.26739926739927
nhsn,2024-2025,Utah,baseline_oct_mar,Baseline Oct-Mar,2025-05,0.0,0.0,0.0,5.6080586080586095
nhsn,2024-2025,Utah,baseline_oct_mar,Baseline Oct-Mar,2025-06,0.0,0.0,0.0,0.8076923076923077
nhsn,2024-2025,Utah,early_sep_mar,Early Sep-Mar,2024-02,0.0,0.06123376982905983,0.04108541666666665,0.054945054945054944
nhsn,2024-2025,Utah,early_sep_mar,Early Sep-Mar,2024-03,0.15107809886921592,0.14925994706195952,0.1814790322580645,4.598901098901098
nhsn,2024-2025,Utah,early_sep_mar,Early Sep-Mar,2024-04,0.1536842311643159,0.15218047370602786,0.18499999999999991,20.291208791208792
nhsn,2024-2025,Utah,early_sep_mar,Early Sep-Mar,2024-05,0.14831990245197843,0.1483104399308507,0.18499999999999997,113.03663003663002
nhsn,2024-2025,Utah,early_sep_mar,Early Sep-Mar,2024-06,0.14845515299512835,0.14831751152477446,0.18499999999999991,300.22344322344327
nhsn,2024-2025,Utah,early_sep_mar,Early Sep-Mar,2024-07,0.14738768098064203,0.1473828558422254,0.18499999999999997,511.13919413919416
nhsn,2024-2025,Utah,early_sep_mar,Early Sep-Mar,2024-08,0.1453431774473829,0.14509409971911513,0.18499999999999997,579.0989010989009
nhsn,2024-2025,Utah,early_sep_mar,Early Sep-Mar,2024-09,0.14560525061447027,0.14541698053228497,0.18499999999999997,570.6978021978023
nhsn,2024-2025,Utah,early_sep_mar,Early Sep-Mar,2024-10,0.14711832332130131,0.1469933792832576,0.185,594.1520146520147
nhsn,2024-2025,Utah,early_sep_mar,Early Sep-Mar,2024-11,0.1486934145730398,0.14838580095852855,0.18499999999999997,571.2069597069598
nhsn,2024-2025,Utah,early_sep_mar,Early Sep-Mar,2024-12,0.14764499928343858,0.14372748267721272,0.185,572.9468864468865
nhsn,2024-2025,Utah,early_sep_mar,Early Sep-Mar,2025-01,0.1390342971812776,0.13137552418716503,0.185,477.503663003663
nhsn,2024-2025,Utah,early_sep_mar,Early Sep-Mar,2025-02,0.11044671948760065,0.10539889001383773,0.185,257.07509157509156
nhsn,2024-2025,Utah,early_sep_mar,Early Sep-Mar,2025-03,0.08755368962888964,0.0736880042988227,0.12500891612903228,88.21428571428572
nhsn,2024-2025,Utah,early_sep_mar,Early Sep-Mar,2025-04,0.0,0.0,0.0,16.26739926739927
nhsn,2024-2025,Utah,early_sep_mar,Early Sep-Mar,2025-05,0.0,0.0,0.0,5.6080586080586095
nhsn,2024-2025,Utah,early_sep_mar,Early Sep-Mar,2025-06,0.0,0.0,0.0,0.8076923076923077
nhsn,2024-2025,Utah,extended_sep_apr,Extended Sep-Apr,2024-02,0.0,0.06123376982905983,0.04108541666666665,0.054945054945054944
nhsn,2024-2025,Utah,extended_sep_apr,Extended Sep-Apr,2024-03,0.15107809886921592,0.14925994706195952,0.1814790322580645,4.598901098901098
nhsn,2024-2025,Utah,extended_sep_apr,Extended Sep-Apr,2024-04,0.1536842311643159,0.15218047370602786,0.18499999999999991,20.291208791208792
nhsn,2024-2025,Utah,extended_sep_apr,Extended Sep-Apr,2024-05,0.14831990245197843,0.1483104399308507,0.18499999999999997,113.03663003663002
nhsn,2024-2025,Utah,extended_sep_apr,Extended Sep-Apr,2024-06,0.14845515299512835,0.14831751152477446,0.18499999999999991,300.22344322344327
nhsn,2024-2025,Utah,extended_sep_apr,Extended Sep-Apr,2024-07,0.14738768098064203,0.1473828558422254,0.18499999999999997,511.13919413919416
nhsn,2024-2025,Utah,extended_sep_apr,Extended Sep-Apr,2024-08,0.1453431774473829,0.14509409971911513,0.18499999999999997,579.0989010989009
nhsn,2024-2025,Utah,extended_sep_apr,Extended Sep-Apr,2024-09,0.14560525061447027,0.14541698053228497,0.18499999999999997,570.6978021978023
nhsn,2024-2025,Utah,extended_sep_apr,Extended Sep-Apr,2024-10,0.14711832332130131,0.1469933792832576,0.185,594.1520146520147
nhsn,2024-2025,Utah,extended_sep_apr,Extended Sep-Apr,2024-11,0.1486934145730398,0.14838580095852855,0.18499999999999997,571.2069597069598
nhsn,2024-2025,Utah,extended_sep_apr,Extended Sep-Apr,2024-12,0.14764499928343858,0.14372748267721272,0.185,572.9468864468865
nhsn,2024-2025,Utah,extended_sep_apr,Extended Sep-Apr,2025-01,0.1390342971812776,0.13137552418716503,0.185,477.503663003663
nhsn,2024-2025,Utah,extended_sep_apr,Extended Sep-Apr,2025-02,0.11044671948760065,0.10539889001383773,0.185,257.07509157509156
nhsn,2024-2025,Utah,extended_sep_apr,Extended Sep-Apr,2025-03,0.08755368962888964,0.0892699482290546,0.185,88.21428571428572
nhsn,2024-2025,Utah,extended_sep_apr,Extended Sep-Apr,2025-04,0.10049922311148926,0.08189167678506926,0.12300921333333335,16.26739926739927
nhsn,2024-2025,Utah,extended_sep_apr,Extended Sep-Apr,2025-05,0.0,0.0,0.0,5.6080586080586095
nhsn,2024-2025,Utah,extended_sep_apr,Extended Sep-Apr,2025-06,0.0,0.0,0.0,0.8076923076923077
nhsn,2024-2025,Utah,late_oct_apr,Late Oct-Apr,2024-02,0.0,0.0,0.0,0.054945054945054944
nhsn,2024-2025,Utah,late_oct_apr,Late Oct-Apr,2024-03,0.0,0.02926069227718532,0.03425483870967742,4.598901098901098
nhsn,2024-2025,Utah,late_oct_apr,Late Oct-Apr,2024-04,0.1536842311643159,0.14993921046178887,0.18499999999999991,20.291208791208792
nhsn,2024-2025,Utah,late_oct_apr,Late Oct-Apr,2024-05,0.14524920188822055,0.14541801798583837,0.18499999999999997,113.03663003663002
nhsn,2024-2025,Utah,late_oct_apr,Late Oct-Apr,2024-06,0.14845515299512835,0.1483369837598459,0.18499999999999991,300.22344322344327
nhsn,2024-2025,Utah,late_oct_apr,Late Oct-Apr,2024-07,0.1477248147455024,0.14771892736567852,0.18499999999999997,511.13919413919416
nhsn,2024-2025,Utah,late_oct_apr,Late Oct-Apr,2024-08,0.1479213107353722,0.1479244134126094,0.18499999999999997,579.0989010989009
nhsn,2024-2025,Utah,late_oct_apr,Late Oct-Apr,2024-09,0.1473172785523002,0.1471058134244856,0.18499999999999991,570.6978021978023
nhsn,2024-2025,Utah,late_oct_apr,Late Oct-Apr,2024-10,0.14711832332130131,0.1469933792832576,0.185,594.1520146520147
nhsn,2024-2025,Utah,late_oct_apr,Late Oct-Apr,2024-11,0.1486934145730398,0.14838580095852855,0.18499999999999997,571.2069597069598
nhsn,2024-2025,Utah,late_oct_apr,Late Oct-Apr,2024-12,0.14764499928343858,0.14372748267721272,0.185,572.9468864468865
nhsn,2024-2025,Utah,late_oct_apr,Late Oct-Apr,2025-01,0.1390342971812776,0.13137552418716503,0.185,477.503663003663
nhsn,2024-2025,Utah,late_oct_apr,Late Oct-Apr,2025-02,0.11044671948760065,0.10539889001383773,0.185,257.07509157509156
nhsn,2024-2025,Utah,late_oct_apr,Late Oct-Apr,2025-03,0.08755368962888964,0.0892699482290546,0.185,88.21428571428572
nhsn,2024-2025,Utah,late_oct_apr,Late Oct-Apr,2025-04,0.10049922311148926,0.08189167678506926,0.12300921333333335,16.26739926739927
nhsn,2024-2025,Utah,late_oct_apr,Late Oct-Apr,2025-05,0.0,0.0,0.0,5.6080586080586095
nhsn,2024-2025,Utah,late_oct_apr,Late Oct-Apr,2025-06,0.0,0.0,0.0,0.8076923076923077
nhsn,2024-2025,Vermont,baseline_oct_mar,Baseline Oct-Mar,2024-02,,,0.0,0.0
nhsn,2024-2025,Vermont,baseline_oct_mar,Baseline Oct-Mar,2024-03,0.0,0.0440517114331867,0.03425483870967742,0.5128205128205128
nhsn,2024-2025,Vermont,baseline_oct_mar,Baseline Oct-Mar,2024-04,0.15225533393102625,0.1526952628682549,0.18499999999999991,4.5054945054945055
nhsn,2024-2025,Vermont,baseline_oct_mar,Baseline Oct-Mar,2024-05,0.1457898483391609,0.14610962932188287,0.18499999999999997,10.159340659340659
nhsn,2024-2025,Vermont,baseline_oct_mar,Baseline Oct-Mar,2024-06,0.14942939880336273,0.1495364131906391,0.18499999999999991,17.168498168498168
nhsn,2024-2025,Vermont,baseline_oct_mar,Baseline Oct-Mar,2024-07,0.14729842442453378,0.14715815227671164,0.18499999999999997,21.33699633699633
nhsn,2024-2025,Vermont,baseline_oct_mar,Baseline Oct-Mar,2024-08,0.14866264023507667,0.14875082973706946,0.18499999999999997,24.00915750915751
nhsn,2024-2025,Vermont,baseline_oct_mar,Baseline Oct-Mar,2024-09,0.14819013309271376,0.14827331849463973,0.18499999999999991,23.846153846153843
nhsn,2024-2025,Vermont,baseline_oct_mar,Baseline Oct-Mar,2024-10,0.1488195373014083,0.1488122175170823,0.185,24.64102564102564
nhsn,2024-2025,Vermont,baseline_oct_mar,Baseline Oct-Mar,2024-11,0.14722680778898523,0.14290470266312963,0.18499999999999997,23.333333333333336
nhsn,2024-2025,Vermont,baseline_oct_mar,Baseline Oct-Mar,2024-12,0.13808370784513502,0.1357780681100702,0.185,19.893772893772894
nhsn,2024-2025,Vermont,baseline_oct_mar,Baseline Oct-Mar,2025-01,0.13280708291708293,0.12018645763958855,0.185,14.256410256410255
nhsn,2024-2025,Vermont,baseline_oct_mar,Baseline Oct-Mar,2025-02,0.12381721398601397,0.11924942122981314,0.185,6.192307692307692
nhsn,2024-2025,Vermont,baseline_oct_mar,Baseline Oct-Mar,2025-03,0.11988328402366864,0.08843919545507174,0.12500891612903228,3.395604395604396
nhsn,2024-2025,Vermont,baseline_oct_mar,Baseline Oct-Mar,2025-04,0.0,0.0,0.0,0.6978021978021978
nhsn,2024-2025,Vermont,baseline_oct_mar,Baseline Oct-Mar,2025-05,,,0.0,0.0
nhsn,2024-2025,Vermont,baseline_oct_mar,Baseline Oct-Mar,2025-06,,,0.0,0.0
nhsn,2024-2025,Vermont,early_sep_mar,Early Sep-Mar,2024-02,,,0.04108541666666665,0.0
nhsn,2024-2025,Vermont,early_sep_mar,Early Sep-Mar,2024-03,0.14924115594405596,0.1504671613178428,0.1814790322580645,0.5128205128205128
nhsn,2024-2025,Vermont,early_sep_mar,Early Sep-Mar,2024-04,0.15116398888479943,0.15179014020017076,0.18499999999999991,4.5054945054945055
nhsn,2024-2025,Vermont,early_sep_mar,Early Sep-Mar,2024-05,0.1484473568273831,0.14863044502048042,0.18499999999999997,10.159340659340659
nhsn,2024-2025,Vermont,early_sep_mar,Early Sep-Mar,2024-06,0.14914017148069322,0.14910820622464807,0.18499999999999991,17.168498168498168
nhsn,2024-2025,Vermont,early_sep_mar,Early Sep-Mar,2024-07,0.14781184769157543,0.14783969813152498,0.18499999999999997,21.33699633699633
nhsn,2024-2025,Vermont,early_sep_mar,Early Sep-Mar,2024-08,0.1432057408881441,0.14295656251948508,0.18499999999999997,24.00915750915751
nhsn,2024-2025,Vermont,early_sep_mar,Early Sep-Mar,2024-09,0.1464109530791789,0.14516289621433412,0.18499999999999997,23.846153846153847
nhsn,2024-2025,Vermont,early_sep_mar,Early Sep-Mar,2024-10,0.1488195373014083,0.1488122175170823,0.185,24.64102564102564
nhsn,2024-2025,Vermont,early_sep_mar,Early Sep-Mar,2024-11,0.14722680778898523,0.14290470266312963,0.18499999999999997,23.333333333333336
nhsn,2024-2025,Vermont,early_sep_mar,Early Sep-Mar,2024-12,0.13808370784513502,0.1357780681100702,0.185,19.893772893772894
nhsn,2024-2025,Vermont,early_sep_mar,Early Sep-Mar,2025-01,0.13280708291708293,0.12018645763958855,0.185,14.256410256410255
nhsn,2024-2025,Vermont,early_sep_mar,Early Sep-Mar,2025-02,0.12381721398601397,0.11924942122981314,0.185,6.192307692307692
nhsn,2024-2025,Vermont,early_sep_mar,Early Sep-Mar,2025-03,0.11988328402366864,0.08843919545507174,0.12500891612903228,3.395604395604396
nhsn,2024-2025,Vermont,early_sep_mar,Early Sep-Mar,2025-04,0.0,0.0,0.0,0.6978021978021978
nhsn,2024-2025,Vermont,early_sep_mar,Early Sep-Mar,2025-05,,,0.0,0.0
nhsn,2024-2025,Vermont,early_sep_mar,Early Sep-Mar,2025-06,,,0.0,0.0
nhsn,2024-2025,Vermont,extended_sep_apr,Extended Sep-Apr,2024-02,,,0.04108541666666665,0.0
nhsn,2024-2025,Vermont,extended_sep_apr,Extended Sep-Apr,2024-03,0.14924115594405596,0.1504671613178428,0.1814790322580645,0.5128205128205128
nhsn,2024-2025,Vermont,extended_sep_apr,Extended Sep-Apr,2024-04,0.15116398888479943,0.15179014020017076,0.18499999999999991,4.5054945054945055
nhsn,2024-2025,Vermont,extended_sep_apr,Extended Sep-Apr,2024-05,0.1484473568273831,0.14863044502048042,0.18499999999999997,10.159340659340659
nhsn,2024-2025,Vermont,extended_sep_apr,Extended Sep-Apr,2024-06,0.14914017148069322,0.14910820622464807,0.18499999999999991,17.168498168498168
nhsn,2024-2025,Vermont,extended_sep_apr,Extended Sep-Apr,2024-07,0.14781184769157543,0.14783969813152498,0.18499999999999997,21.33699633699633
nhsn,2024-2025,Vermont,extended_sep_apr,Extended Sep-Apr,2024-08,0.1432057408881441,0.14295656251948508,0.18499999999999997,24.00915750915751
nhsn,2024-2025,Vermont,extended_sep_apr,Extended Sep-Apr,2024-09,0.1464109530791789,0.14516289621433412,0.18499999999999997,23.846153846153847
nhsn,2024-2025,Vermont,extended_sep_apr,Extended Sep-Apr,2024-10,0.1488195373014083,0.1488122175170823,0.185,24.64102564102564
nhsn,2024-2025,Vermont,extended_sep_apr,Extended Sep-Apr,2024-11,0.14722680778898523,0.14290470266312963,0.18499999999999997,23.333333333333336
nhsn,2024-2025,Vermont,extended_sep_apr,Extended Sep-Apr,2024-12,0.13808370784513502,0.1357780681100702,0.185,19.893772893772894
nhsn,2024-2025,Vermont,extended_sep_apr,Extended Sep-Apr,2025-01,0.13280708291708293,0.12018645763958855,0.185,14.256410256410255
nhsn,2024-2025,Vermont,extended_sep_apr,Extended Sep-Apr,2025-02,0.12381721398601397,0.11924942122981314,0.185,6.192307692307692
nhsn,2024-2025,Vermont,extended_sep_apr,Extended Sep-Apr,2025-03,0.11988328402366864,0.10283631584087823,0.185,3.395604395604396
nhsn,2024-2025,Vermont,extended_sep_apr,Extended Sep-Apr,2025-04,0.021645000000000005,0.04839975723471745,0.12300921333333335,0.6978021978021979
nhsn,2024-2025,Vermont,extended_sep_apr,Extended Sep-Apr,2025-05,,,0.0,0.0
nhsn,2024-2025,Vermont,extended_sep_apr,Extended Sep-Apr,2025-06,,,0.0,0.0
nhsn,2024-2025,Vermont,late_oct_apr,Late Oct-Apr,2024-02,,,0.0,0.0
nhsn,2024-2025,Vermont,late_oct_apr,Late Oct-Apr,2024-03,0.0,0.0440517114331867,0.03425483870967742,0.5128205128205128
nhsn,2024-2025,Vermont,late_oct_apr,Late Oct-Apr,2024-04,0.15225533393102625,0.1526952628682549,0.18499999999999991,4.5054945054945055
nhsn,2024-2025,Vermont,late_oct_apr,Late Oct-Apr,2024-05,0.1457898483391609,0.14610962932188287,0.18499999999999997,10.159340659340659
nhsn,2024-2025,Vermont,late_oct_apr,Late Oct-Apr,2024-06,0.14942939880336273,0.1495364131906391,0.18499999999999991,17.168498168498168
nhsn,2024-2025,Vermont,late_oct_apr,Late Oct-Apr,2024-07,0.14729842442453378,0.14715815227671164,0.18499999999999997,21.33699633699633
nhsn,2024-2025,Vermont,late_oct_apr,Late Oct-Apr,2024-08,0.14866264023507667,0.14875082973706946,0.18499999999999997,24.00915750915751
nhsn,2024-2025,Vermont,late_oct_apr,Late Oct-Apr,2024-09,0.14819013309271376,0.14827331849463973,0.18499999999999991,23.846153846153843
nhsn,2024-2025,Vermont,late_oct_apr,Late Oct-Apr,2024-10,0.1488195373014083,0.1488122175170823,0.185,24.64102564102564
nhsn,2024-2025,Vermont,late_oct_apr,Late Oct-Apr,2024-11,0.14722680778898523,0.14290470266312963,0.18499999999999997,23.333333333333336
nhsn,2024-2025,Vermont,late_oct_apr,Late Oct-Apr,2024-12,0.13808370784513502,0.1357780681100702,0.185,19.893772893772894
nhsn,2024-2025,Vermont,late_oct_apr,Late Oct-Apr,2025-01,0.13280708291708293,0.12018645763958855,0.185,14.256410256410255
nhsn,2024-2025,Vermont,late_oct_apr,Late Oct-Apr,2025-02,0.12381721398601397,0.11924942122981314,0.185,6.192307692307692
nhsn,2024-2025,Vermont,late_oct_apr,Late Oct-Apr,2025-03,0.11988328402366864,0.10283631584087823,0.185,3.395604395604396
nhsn,2024-2025,Vermont,late_oct_apr,Late Oct-Apr,2025-04,0.021645000000000005,0.04839975723471745,0.12300921333333335,0.6978021978021979
nhsn,2024-2025,Vermont,late_oct_apr,Late Oct-Apr,2025-05,,,0.0,0.0
nhsn,2024-2025,Vermont,late_oct_apr,Late Oct-Apr,2025-06,,,0.0,0.0
nhsn,2024-2025,Virginia,baseline_oct_mar,Baseline Oct-Mar,2024-02,0.0,0.0,0.0,2.5439560439560442
nhsn,2024-2025,Virginia,baseline_oct_mar,Baseline Oct-Mar,2024-03,0.0,0.028722029097205594,0.03425483870967742,34.456043956043956
nhsn,2024-2025,Virginia,baseline_oct_mar,Baseline Oct-Mar,2024-04,0.14832862273969258,0.14680789917218162,0.18499999999999991,116.3021978021978
nhsn,2024-2025,Virginia,baseline_oct_mar,Baseline Oct-Mar,2024-05,0.12950110645598256,0.13038316551153406,0.18499999999999997,224.89743589743586
nhsn,2024-2025,Virginia,baseline_oct_mar,Baseline Oct-Mar,2024-06,0.14857244433349098,0.14735909879043294,0.18499999999999991,256.0824175824176
nhsn,2024-2025,Virginia,baseline_oct_mar,Baseline Oct-Mar,2024-07,0.13410668012134924,0.13409909558109673,0.18499999999999997,285.26190476190476
nhsn,2024-2025,Virginia,baseline_oct_mar,Baseline Oct-Mar,2024-08,0.14937106988041704,0.1487186713520328,0.18499999999999997,295.3681318681319
nhsn,2024-2025,Virginia,baseline_oct_mar,Baseline Oct-Mar,2024-09,0.1488872137056033,0.1486195182784768,0.18499999999999991,291.19047619047615
nhsn,2024-2025,Virginia,baseline_oct_mar,Baseline Oct-Mar,2024-10,0.14756551552643163,0.145686092889907,0.185,300.06776556776555
nhsn,2024-2025,Virginia,baseline_oct_mar,Baseline Oct-Mar,2024-11,0.13952416865862646,0.135236137123423,0.18499999999999997,259.7271062271062
nhsn,2024-2025,Virginia,baseline_oct_mar,Baseline Oct-Mar,2024-12,0.11930952619534013,0.11521583349123696,0.185,181.51648351648353
nhsn,2024-2025,Virginia,baseline_oct_mar,Baseline Oct-Mar,2025-01,0.12535662578265616,0.11878414165941563,0.185,76.47252747252747
nhsn,2024-2025,Virginia,baseline_oct_mar,Baseline Oct-Mar,2025-02,0.11994493024293416,0.11681265574826376,0.185,35.181318681318686
nhsn,2024-2025,Virginia,baseline_oct_mar,Baseline Oct-Mar,2025-03,0.1193237258325199,0.08945564022645115,0.12500891612903228,18.840659340659343
nhsn,2024-2025,Virginia,baseline_oct_mar,Baseline Oct-Mar,2025-04,0.0,0.0,0.0,8.34981684981685
nhsn,2024-2025,Virginia,baseline_oct_mar,Baseline Oct-Mar,2025-05,0.0,0.0,0.0,2.946886446886447
nhsn,2024-2025,Virginia,baseline_oct_mar,Baseline Oct-Mar,2025-06,0.0,0.0,0.0,0.7435897435897436
nhsn,2024-2025,Virginia,early_sep_mar,Early Sep-Mar,2024-02,0.0,0.03375953369204128,0.04108541666666665,2.5439560439560442
nhsn,2024-2025,Virginia,early_sep_mar,Early Sep-Mar,2024-03,0.15186739176071457,0.14958270964090692,0.1814790322580645,34.456043956043956
nhsn,2024-2025,Virginia,early_sep_mar,Early Sep-Mar,2024-04,0.14874323878918286,0.14925476044869898,0.18499999999999991,116.3021978021978
nhsn,2024-2025,Virginia,early_sep_mar,Early Sep-Mar,2024-05,0.14898412326771687,0.14900164970940233,0.18499999999999997,224.89743589743586
nhsn,2024-2025,Virginia,early_sep_mar,Early Sep-Mar,2024-06,0.14857244433349098,0.14865899079890257,0.18499999999999991,256.0824175824176
nhsn,2024-2025,Virginia,early_sep_mar,Early Sep-Mar,2024-07,0.14842099734743225,0.14843229585087336,0.18499999999999997,285.26190476190476
nhsn,2024-2025,Virginia,early_sep_mar,Early Sep-Mar,2024-08,0.14704498706884264,0.1468033473501764,0.18499999999999997,295.3681318681319
nhsn,2024-2025,Virginia,early_sep_mar,Early Sep-Mar,2024-09,0.14667347359754873,0.1466652390952412,0.18499999999999997,291.1904761904762
nhsn,2024-2025,Virginia,early_sep_mar,Early Sep-Mar,2024-10,0.14756551552643163,0.145686092889907,0.185,300.06776556776555
nhsn,2024-2025,Virginia,early_sep_mar,Early Sep-Mar,2024-11,0.13952416865862646,0.135236137123423,0.18499999999999997,259.7271062271062
nhsn,2024-2025,Virginia,early_sep_mar,Early Sep-Mar,2024-12,0.11930952619534013,0.11521583349123696,0.185,181.51648351648353
nhsn,2024-2025,Virginia,early_sep_mar,Early Sep-Mar,2025-01,0.12535662578265616,0.11878414165941563,0.185,76.47252747252747
nhsn,2024-2025,Virginia,early_sep_mar,Early Sep-Mar,2025-02,0.11994493024293416,0.11681265574826376,0.185,35.181318681318686
nhsn,2024-2025,Virginia,early_sep_mar,Early Sep-Mar,2025-03,0.1193237258325199,0.08945564022645115,0.12500891612903228,18.840659340659343
nhsn,2024-2025,Virginia,early_sep_mar,Early Sep-Mar,2025-04,0.0,0.0,0.0,8.34981684981685
nhsn,2024-2025,Virginia,early_sep_mar,Early Sep-Mar,2025-05,0.0,0.0,0.0,2.946886446886447
nhsn,2024-2025,Virginia,early_sep_mar,Early Sep-Mar,2025-06,0.0,0.0,0.0,0.7435897435897436
nhsn,2024-2025,Virginia,extended_sep_apr,Extended Sep-Apr,2024-02,0.0,0.03375953369204128,0.04108541666666665,2.5439560439560442
nhsn,2024-2025,Virginia,extended_sep_apr,Extended Sep-Apr,2024-03,0.15186739176071457,0.14958270964090692,0.1814790322580645,34.456043956043956
nhsn,2024-2025,Virginia,extended_sep_apr,Extended Sep-Apr,2024-04,0.14874323878918286,0.14925476044869898,0.18499999999999991,116.3021978021978
nhsn,2024-2025,Virginia,extended_sep_apr,Extended Sep-Apr,2024-05,0.14898412326771687,0.14900164970940233,0.18499999999999997,224.89743589743586
nhsn,2024-2025,Virginia,extended_sep_apr,Extended Sep-Apr,2024-06,0.14857244433349098,0.14865899079890257,0.18499999999999991,256.0824175824176
nhsn,2024-2025,Virginia,extended_sep_apr,Extended Sep-Apr,2024-07,0.14842099734743225,0.14843229585087336,0.18499999999999997,285.26190476190476
nhsn,2024-2025,Virginia,extended_sep_apr,Extended Sep-Apr,2024-08,0.14704498706884264,0.1468033473501764,0.18499999999999997,295.3681318681319
nhsn,2024-2025,Virginia,extended_sep_apr,Extended Sep-Apr,2024-09,0.14667347359754873,0.1466652390952412,0.18499999999999997,291.1904761904762
nhsn,2024-2025,Virginia,extended_sep_apr,Extended Sep-Apr,2024-10,0.14756551552643163,0.145686092889907,0.185,300.06776556776555
nhsn,2024-2025,Virginia,extended_sep_apr,Extended Sep-Apr,2024-11,0.13952416865862646,0.135236137123423,0.18499999999999997,259.7271062271062
nhsn,2024-2025,Virginia,extended_sep_apr,Extended Sep-Apr,2024-12,0.11930952619534013,0.11521583349123696,0.185,181.51648351648353
nhsn,2024-2025,Virginia,extended_sep_apr,Extended Sep-Apr,2025-01,0.12535662578265616,0.11878414165941563,0.185,76.47252747252747
nhsn,2024-2025,Virginia,extended_sep_apr,Extended Sep-Apr,2025-02,0.11994493024293416,0.11681265574826376,0.185,35.181318681318686
nhsn,2024-2025,Virginia,extended_sep_apr,Extended Sep-Apr,2025-03,0.1196986472934473,0.11790929055574563,0.185,18.840659340659343
nhsn,2024-2025,Virginia,extended_sep_apr,Extended Sep-Apr,2025-04,0.11231129562594265,0.08548260919565306,0.12300921333333335,8.34981684981685
nhsn,2024-2025,Virginia,extended_sep_apr,Extended Sep-Apr,2025-05,0.0,0.0,0.0,2.946886446886447
nhsn,2024-2025,Virginia,extended_sep_apr,Extended Sep-Apr,2025-06,0.0,0.0,0.0,0.7435897435897436
nhsn,2024-2025,Virginia,late_oct_apr,Late Oct-Apr,2024-02,0.0,0.0,0.0,2.5439560439560442
nhsn,2024-2025,Virginia,late_oct_apr,Late Oct-Apr,2024-03,0.0,0.028722029097205594,0.03425483870967742,34.456043956043956
nhsn,2024-2025,Virginia,late_oct_apr,Late Oct-Apr,2024-04,0.14832862273969258,0.14680789917218162,0.18499999999999991,116.3021978021978
nhsn,2024-2025,Virginia,late_oct_apr,Late Oct-Apr,2024-05,0.12950110645598256,0.13038316551153406,0.18499999999999997,224.89743589743586
nhsn,2024-2025,Virginia,late_oct_apr,Late Oct-Apr,2024-06,0.14857244433349098,0.14735909879043294,0.18499999999999991,256.0824175824176
nhsn,2024-2025,Virginia,late_oct_apr,Late Oct-Apr,2024-07,0.13410668012134924,0.13409909558109673,0.18499999999999997,285.26190476190476
nhsn,2024-2025,Virginia,late_oct_apr,Late Oct-Apr,2024-08,0.14937106988041704,0.1487186713520328,0.18499999999999997,295.3681318681319
nhsn,2024-2025,Virginia,late_oct_apr,Late Oct-Apr,2024-09,0.1488872137056033,0.1486195182784768,0.18499999999999991,291.19047619047615
nhsn,2024-2025,Virginia,late_oct_apr,Late Oct-Apr,2024-10,0.14756551552643163,0.145686092889907,0.185,300.06776556776555
nhsn,2024-2025,Virginia,late_oct_apr,Late Oct-Apr,2024-11,0.13952416865862646,0.135236137123423,0.18499999999999997,259.7271062271062
nhsn,2024-2025,Virginia,late_oct_apr,Late Oct-Apr,2024-12,0.11930952619534013,0.11521583349123696,0.185,181.51648351648353
nhsn,2024-2025,Virginia,late_oct_apr,Late Oct-Apr,2025-01,0.12535662578265616,0.11878414165941563,0.185,76.47252747252747
nhsn,2024-2025,Virginia,late_oct_apr,Late Oct-Apr,2025-02,0.11994493024293416,0.11681265574826376,0.185,35.181318681318686
nhsn,2024-2025,Virginia,late_oct_apr,Late Oct-Apr,2025-03,0.1196986472934473,0.11790929055574563,0.185,18.840659340659343
nhsn,2024-2025,Virginia,late_oct_apr,Late Oct-Apr,2025-04,0.11231129562594265,0.08548260919565306,0.12300921333333335,8.34981684981685
nhsn,2024-2025,Virginia,late_oct_apr,Late Oct-Apr,2025-05,0.0,0.0,0.0,2.946886446886447
nhsn,2024-2025,Virginia,late_oct_apr,Late Oct-Apr,2025-06,0.0,0.0,0.0,0.7435897435897436
nhsn,2024-2025,Washington,baseline_oct_mar,Baseline Oct-Mar,2024-02,,,0.0,0.0
nhsn,2024-2025,Washington,baseline_oct_mar,Baseline Oct-Mar,2024-03,0.0,0.03285385227920471,0.03425483870967742,6.948717948717948
nhsn,2024-2025,Washington,baseline_oct_mar,Baseline Oct-Mar,2024-04,0.153039340313096,0.1526833633407576,0.18499999999999991,37.17948717948718
nhsn,2024-2025,Washington,baseline_oct_mar,Baseline Oct-Mar,2024-05,0.1413825135562867,0.14244657166617714,0.18499999999999997,101.8882783882784
nhsn,2024-2025,Washington,baseline_oct_mar,Baseline Oct-Mar,2024-06,0.14969545518703944,0.1494653484112982,0.18499999999999991,139.3168498168498
nhsn,2024-2025,Washington,baseline_oct_mar,Baseline Oct-Mar,2024-07,0.14450143248107936,0.14484962960254608,0.18499999999999997,176.05677655677658
nhsn,2024-2025,Washington,baseline_oct_mar,Baseline Oct-Mar,2024-08,0.14900072317566296,0.14908573855370247,0.18499999999999997,191.52014652014657
nhsn,2024-2025,Washington,baseline_oct_mar,Baseline Oct-Mar,2024-09,0.14820336484618432,0.1483386766256881,0.18499999999999991,189.3076923076923
nhsn,2024-2025,Washington,baseline_oct_mar,Baseline Oct-Mar,2024-10,0.14849148807467838,0.14800915561515698,0.185,196.20512820512823
nhsn,2024-2025,Washington,baseline_oct_mar,Baseline Oct-Mar,2024-11,0.1464792783889976,0.1437600488828316,0.18499999999999997,183.05128205128207
nhsn,2024-2025,Washington,baseline_oct_mar,Baseline Oct-Mar,2024-12,0.13219360519654708,0.127537268962732,0.185,156.82051282051282
nhsn,2024-2025,Washington,baseline_oct_mar,Baseline Oct-Mar,2025-01,0.1312878315653273,0.1258422579522868,0.185,92.77655677655679
nhsn,2024-2025,Washington,baseline_oct_mar,Baseline Oct-Mar,2025-02,0.11481349732280921,0.11197336252196745,0.185,47.28388278388279
nhsn,2024-2025,Washington,baseline_oct_mar,Baseline Oct-Mar,2025-03,0.10875963569212245,0.08353236297099263,0.12500891612903228,20.98901098901099
nhsn,2024-2025,Washington,baseline_oct_mar,Baseline Oct-Mar,2025-04,0.0,0.0,0.0,5.091575091575092
nhsn,2024-2025,Washington,baseline_oct_mar,Baseline Oct-Mar,2025-05,0.0,0.0,0.0,0.7564102564102566
nhsn,2024-2025,Washington,baseline_oct_mar,Baseline Oct-Mar,2025-06,0.0,0.0,0.0,0.14102564102564102
nhsn,2024-2025,Washington,early_sep_mar,Early Sep-Mar,2024-02,,,0.04108541666666665,0.0
nhsn,2024-2025,Washington,early_sep_mar,Early Sep-Mar,2024-03,0.14959248489441593,0.15069596363304186,0.1814790322580645,6.948717948717948
nhsn,2024-2025,Washington,early_sep_mar,Early Sep-Mar,2024-04,0.15298293048128345,0.15300123275915184,0.18499999999999991,37.17948717948718
nhsn,2024-2025,Washington,early_sep_mar,Early Sep-Mar,2024-05,0.14844151656754462,0.14862951086691042,0.18499999999999997,101.8882783882784
nhsn,2024-2025,Washington,early_sep_mar,Early Sep-Mar,2024-06,0.14961820990391725,0.1494735710653347,0.18499999999999991,139.3168498168498
nhsn,2024-2025,Washington,early_sep_mar,Early Sep-Mar,2024-07,0.14787914117647058,0.14791516879506925,0.18499999999999997,176.05677655677658
nhsn,2024-2025,Washington,early_sep_mar,Early Sep-Mar,2024-08,0.14544295845702163,0.14485699697707297,0.18499999999999997,191.52014652014657
nhsn,2024-2025,Washington,early_sep_mar,Early Sep-Mar,2024-09,0.14635112707623962,0.14584848548757418,0.18499999999999997,189.30769230769232
nhsn,2024-2025,Washington,early_sep_mar,Early Sep-Mar,2024-10,0.14849148807467838,0.14800915561515698,0.185,196.20512820512823
nhsn,2024-2025,Washington,early_sep_mar,Early Sep-Mar,2024-11,0.1464792783889976,0.1437600488828316,0.18499999999999997,183.05128205128207
nhsn,2024-2025,Washington,early_sep_mar,Early Sep-Mar,2024-12,0.13219360519654708,0.127537268962732,0.185,156.82051282051282
nhsn,2024-2025,Washington,early_sep_mar,Early Sep-Mar,2025-01,0.1312878315653273,0.1258422579522868,0.185,92.77655677655679
nhsn,2024-2025,Washington,early_sep_mar,Early Sep-Mar,2025-02,0.11481349732280921,0.11197336252196745,0.185,47.28388278388279
nhsn,2024-2025,Washington,early_sep_mar,Early Sep-Mar,2025-03,0.10875963569212245,0.08353236297099263,0.12500891612903228,20.98901098901099
nhsn,2024-2025,Washington,early_sep_mar,Early Sep-Mar,2025-04,0.0,0.0,0.0,5.091575091575092
nhsn,2024-2025,Washington,early_sep_mar,Early Sep-Mar,2025-05,0.0,0.0,0.0,0.7564102564102566
nhsn,2024-2025,Washington,early_sep_mar,Early Sep-Mar,2025-06,0.0,0.0,0.0,0.14102564102564102
nhsn,2024-2025,Washington,extended_sep_apr,Extended Sep-Apr,2024-02,,,0.04108541666666665,0.0
nhsn,2024-2025,Washington,extended_sep_apr,Extended Sep-Apr,2024-03,0.14959248489441593,0.15069596363304186,0.1814790322580645,6.948717948717948
nhsn,2024-2025,Washington,extended_sep_apr,Extended Sep-Apr,2024-04,0.15298293048128345,0.15300123275915184,0.18499999999999991,37.17948717948718
nhsn,2024-2025,Washington,extended_sep_apr,Extended Sep-Apr,2024-05,0.14844151656754462,0.14862951086691042,0.18499999999999997,101.8882783882784
nhsn,2024-2025,Washington,extended_sep_apr,Extended Sep-Apr,2024-06,0.14961820990391725,0.1494735710653347,0.18499999999999991,139.3168498168498
nhsn,2024-2025,Washington,extended_sep_apr,Extended Sep-Apr,2024-07,0.14787914117647058,0.14791516879506925,0.18499999999999997,176.05677655677658
nhsn,2024-2025,Washington,extended_sep_apr,Extended Sep-Apr,2024-08,0.14544295845702163,0.14485699697707297,0.18499999999999997,191.52014652014657
nhsn,2024-2025,Washington,extended_sep_apr,Extended Sep-Apr,2024-09,0.14635112707623962,0.14584848548757418,0.18499999999999997,189.30769230769232
nhsn,2024-2025,Washington,extended_sep_apr,Extended Sep-Apr,2024-10,0.14849148807467838,0.14800915561515698,0.185,196.20512820512823
nhsn,2024-2025,Washington,extended_sep_apr,Extended Sep-Apr,2024-11,0.1464792783889976,0.1437600488828316,0.18499999999999997,183.05128205128207
nhsn,2024-2025,Washington,extended_sep_apr,Extended Sep-Apr,2024-12,0.13219360519654708,0.127537268962732,0.185,156.82051282051282
nhsn,2024-2025,Washington,extended_sep_apr,Extended Sep-Apr,2025-01,0.1312878315653273,0.1258422579522868,0.185,92.77655677655679
nhsn,2024-2025,Washington,extended_sep_apr,Extended Sep-Apr,2025-02,0.11481349732280921,0.11197336252196745,0.185,47.28388278388279
nhsn,2024-2025,Washington,extended_sep_apr,Extended Sep-Apr,2025-03,0.10875963569212245,0.1017296869046219,0.185,20.98901098901099
nhsn,2024-2025,Washington,extended_sep_apr,Extended Sep-Apr,2025-04,0.06021231131368632,0.0659208720391071,0.12300921333333335,5.091575091575091
nhsn,2024-2025,Washington,extended_sep_apr,Extended Sep-Apr,2025-05,0.0,0.0,0.0,0.7564102564102566
nhsn,2024-2025,Washington,extended_sep_apr,Extended Sep-Apr,2025-06,0.0,0.0,0.0,0.14102564102564102
nhsn,2024-2025,Washington,late_oct_apr,Late Oct-Apr,2024-02,,,0.0,0.0
nhsn,2024-2025,Washington,late_oct_apr,Late Oct-Apr,2024-03,0.0,0.03285385227920471,0.03425483870967742,6.948717948717948
nhsn,2024-2025,Washington,late_oct_apr,Late Oct-Apr,2024-04,0.153039340313096,0.1526833633407576,0.18499999999999991,37.17948717948718
nhsn,2024-2025,Washington,late_oct_apr,Late Oct-Apr,2024-05,0.1413825135562867,0.14244657166617714,0.18499999999999997,101.8882783882784
nhsn,2024-2025,Washington,late_oct_apr,Late Oct-Apr,2024-06,0.14969545518703944,0.1494653484112982,0.18499999999999991,139.3168498168498
nhsn,2024-2025,Washington,late_oct_apr,Late Oct-Apr,2024-07,0.14450143248107936,0.14484962960254608,0.18499999999999997,176.05677655677658
nhsn,2024-2025,Washington,late_oct_apr,Late Oct-Apr,2024-08,0.14900072317566296,0.14908573855370247,0.18499999999999997,191.52014652014657
nhsn,2024-2025,Washington,late_oct_apr,Late Oct-Apr,2024-09,0.14820336484618432,0.1483386766256881,0.18499999999999991,189.3076923076923
nhsn,2024-2025,Washington,late_oct_apr,Late Oct-Apr,2024-10,0.14849148807467838,0.14800915561515698,0.185,196.20512820512823
nhsn,2024-2025,Washington,late_oct_apr,Late Oct-Apr,2024-11,0.1464792783889976,0.1437600488828316,0.18499999999999997,183.05128205128207
nhsn,2024-2025,Washington,late_oct_apr,Late Oct-Apr,2024-12,0.13219360519654708,0.127537268962732,0.185,156.82051282051282
nhsn,2024-2025,Washington,late_oct_apr,Late Oct-Apr,2025-01,0.1312878315653273,0.1258422579522868,0.185,92.77655677655679
nhsn,2024-2025,Washington,late_oct_apr,Late Oct-Apr,2025-02,0.11481349732280921,0.11197336252196745,0.185,47.28388278388279
nhsn,2024-2025,Washington,late_oct_apr,Late Oct-Apr,2025-03,0.10875963569212245,0.1017296869046219,0.185,20.98901098901099
nhsn,2024-2025,Washington,late_oct_apr,Late Oct-Apr,2025-04,0.06021231131368632,0.0659208720391071,0.12300921333333335,5.091575091575091
nhsn,2024-2025,Washington,late_oct_apr,Late Oct-Apr,2025-05,0.0,0.0,0.0,0.7564102564102566
nhsn,2024-2025,Washington,late_oct_apr,Late Oct-Apr,2025-06,0.0,0.0,0.0,0.14102564102564102
nhsn,2024-2025,West Virginia,baseline_oct_mar,Baseline Oct-Mar,2024-02,,,0.0,0.0
nhsn,2024-2025,West Virginia,baseline_oct_mar,Baseline Oct-Mar,2024-03,0.0,0.03270345901275715,0.03425483870967742,4.08974358974359
nhsn,2024-2025,West Virginia,baseline_oct_mar,Baseline Oct-Mar,2024-04,0.15237999628496504,0.152745148626565,0.18499999999999991,28.146520146520146
nhsn,2024-2025,West Virginia,baseline_oct_mar,Baseline Oct-Mar,2024-05,0.14622913925483885,0.14659281730512402,0.18499999999999997,106.9065934065934
nhsn,2024-2025,West Virginia,baseline_oct_mar,Baseline Oct-Mar,2024-06,0.14923529894633034,0.1491832568777521,0.18499999999999991,155.2289377289377
nhsn,2024-2025,West Virginia,baseline_oct_mar,Baseline Oct-Mar,2024-07,0.14741218959094346,0.1473780226884111,0.18499999999999997,207.61904761904765
nhsn,2024-2025,West Virginia,baseline_oct_mar,Baseline Oct-Mar,2024-08,0.14845633569188632,0.1484786171607906,0.18499999999999997,242.28754578754575
nhsn,2024-2025,West Virginia,baseline_oct_mar,Baseline Oct-Mar,2024-09,0.14700222349977068,0.14671141545357388,0.18499999999999991,245.6959706959707
nhsn,2024-2025,West Virginia,baseline_oct_mar,Baseline Oct-Mar,2024-10,0.14621711061887505,0.14617199212187187,0.185,258.71794871794873
nhsn,2024-2025,West Virginia,baseline_oct_mar,Baseline Oct-Mar,2024-11,0.14707978153619833,0.14614724652000363,0.18499999999999997,247.83333333333331
nhsn,2024-2025,West Virginia,baseline_oct_mar,Baseline Oct-Mar,2024-12,0.13913289437751414,0.13214551314138873,0.185,230.00915750915755
nhsn,2024-2025,West Virginia,baseline_oct_mar,Baseline Oct-Mar,2025-01,0.13412257913648123,0.13082398699831102,0.185,151.1996336996337
nhsn,2024-2025,West Virginia,baseline_oct_mar,Baseline Oct-Mar,2025-02,0.1306071421940182,0.12415848305550241,0.185,90.21611721611721
nhsn,2024-2025,West Virginia,baseline_oct_mar,Baseline Oct-Mar,2025-03,0.11114576668709443,0.08670185550319164,0.12500891612903228,54.13369963369964
nhsn,2024-2025,West Virginia,baseline_oct_mar,Baseline Oct-Mar,2025-04,0.0,0.0,0.0,18.3992673992674
nhsn,2024-2025,West Virginia,baseline_oct_mar,Baseline Oct-Mar,2025-05,0.0,0.0,0.0,6.772893772893772
nhsn,2024-2025,West Virginia,baseline_oct_mar,Baseline Oct-Mar,2025-06,0.0,0.0,0.0,1.717948717948718
nhsn,2024-2025,West Virginia,early_sep_mar,Early Sep-Mar,2024-02,,,0.04108541666666665,0.0
nhsn,2024-2025,West Virginia,early_sep_mar,Early Sep-Mar,2024-03,0.14949224708624712,0.15048156701364424,0.1814790322580645,4.08974358974359
nhsn,2024-2025,West Virginia,early_sep_mar,Early Sep-Mar,2024-04,0.15226215779241506,0.1524057702245727,0.18499999999999991,28.146520146520146
nhsn,2024-2025,West Virginia,early_sep_mar,Early Sep-Mar,2024-05,0.1483457791379935,0.14845393396968604,0.18499999999999997,106.9065934065934
nhsn,2024-2025,West Virginia,early_sep_mar,Early Sep-Mar,2024-06,0.14908605667568445,0.14896295948343533,0.18499999999999991,155.2289377289377
nhsn,2024-2025,West Virginia,early_sep_mar,Early Sep-Mar,2024-07,0.14773993979191544,0.14775935711633886,0.18499999999999997,207.61904761904765
nhsn,2024-2025,West Virginia,early_sep_mar,Early Sep-Mar,2024-08,0.14388886208395432,0.14248797126027765,0.18499999999999997,242.28754578754575
nhsn,2024-2025,West Virginia,early_sep_mar,Early Sep-Mar,2024-09,0.14352196876709047,0.14273559218788476,0.18499999999999997,245.6959706959707
nhsn,2024-2025,West Virginia,early_sep_mar,Early Sep-Mar,2024-10,0.14621711061887505,0.14617199212187187,0.185,258.71794871794873
nhsn,2024-2025,West Virginia,early_sep_mar,Early Sep-Mar,2024-11,0.14707978153619833,0.14614724652000363,0.18499999999999997,247.83333333333331
nhsn,2024-2025,West Virginia,early_sep_mar,Early Sep-Mar,2024-12,0.13913289437751414,0.13214551314138873,0.185,230.00915750915755
nhsn,2024-2025,West Virginia,early_sep_mar,Early Sep-Mar,2025-01,0.13412257913648123,0.13082398699831102,0.185,151.1996336996337
nhsn,2024-2025,West Virginia,early_sep_mar,Early Sep-Mar,2025-02,0.1306071421940182,0.12415848305550241,0.185,90.21611721611721
nhsn,2024-2025,West Virginia,early_sep_mar,Early Sep-Mar,2025-03,0.11114576668709443,0.08670185550319164,0.12500891612903228,54.13369963369964
nhsn,2024-2025,West Virginia,early_sep_mar,Early Sep-Mar,2025-04,0.0,0.0,0.0,18.3992673992674
nhsn,2024-2025,West Virginia,early_sep_mar,Early Sep-Mar,2025-05,0.0,0.0,0.0,6.772893772893772
nhsn,2024-2025,West Virginia,early_sep_mar,Early Sep-Mar,2025-06,0.0,0.0,0.0,1.717948717948718
nhsn,2024-2025,West Virginia,extended_sep_apr,Extended Sep-Apr,2024-02,,,0.04108541666666665,0.0
nhsn,2024-2025,West Virginia,extended_sep_apr,Extended Sep-Apr,2024-03,0.14949224708624712,0.15048156701364424,0.1814790322580645,4.08974358974359
nhsn,2024-2025,West Virginia,extended_sep_apr,Extended Sep-Apr,2024-04,0.15226215779241506,0.1524057702245727,0.18499999999999991,28.146520146520146
nhsn,2024-2025,West Virginia,extended_sep_apr,Extended Sep-Apr,2024-05,0.1483457791379935,0.14845393396968604,0.18499999999999997,106.9065934065934
nhsn,2024-2025,West Virginia,extended_sep_apr,Extended Sep-Apr,2024-06,0.14908605667568445,0.14896295948343533,0.18499999999999991,155.2289377289377
nhsn,2024-2025,West Virginia,extended_sep_apr,Extended Sep-Apr,2024-07,0.14773993979191544,0.14775935711633886,0.18499999999999997,207.61904761904765
nhsn,2024-2025,West Virginia,extended_sep_apr,Extended Sep-Apr,2024-08,0.14388886208395432,0.14248797126027765,0.18499999999999997,242.28754578754575
nhsn,2024-2025,West Virginia,extended_sep_apr,Extended Sep-Apr,2024-09,0.14352196876709047,0.14273559218788476,0.18499999999999997,245.6959706959707
nhsn,2024-2025,West Virginia,extended_sep_apr,Extended Sep-Apr,2024-10,0.14621711061887505,0.14617199212187187,0.185,258.71794871794873
nhsn,2024-2025,West Virginia,extended_sep_apr,Extended Sep-Apr,2024-11,0.14707978153619833,0.14614724652000363,0.18499999999999997,247.83333333333331
nhsn,2024-2025,West Virginia,extended_sep_apr,Extended Sep-Apr,2024-12,0.13913289437751414,0.13214551314138873,0.185,230.00915750915755
nhsn,2024-2025,West Virginia,extended_sep_apr,Extended Sep-Apr,2025-01,0.13412257913648123,0.13082398699831102,0.185,151.1996336996337
nhsn,2024-2025,West Virginia,extended_sep_apr,Extended Sep-Apr,2025-02,0.1306071421940182,0.12415848305550241,0.185,90.21611721611721
nhsn,2024-2025,West Virginia,extended_sep_apr,Extended Sep-Apr,2025-03,0.11231558144314703,0.10976078387216101,0.185,54.13369963369964
nhsn,2024-2025,West Virginia,extended_sep_apr,Extended Sep-Apr,2025-04,0.0962147844487119,0.07955616655141833,0.12300921333333335,18.3992673992674
nhsn,2024-2025,West Virginia,extended_sep_apr,Extended Sep-Apr,2025-05,0.0,0.0,0.0,6.772893772893772
nhsn,2024-2025,West Virginia,extended_sep_apr,Extended Sep-Apr,2025-06,0.0,0.0,0.0,1.717948717948718
nhsn,2024-2025,West Virginia,late_oct_apr,Late Oct-Apr,2024-02,,,0.0,0.0
nhsn,2024-2025,West Virginia,late_oct_apr,Late Oct-Apr,2024-03,0.0,0.03270345901275715,0.03425483870967742,4.08974358974359
nhsn,2024-2025,West Virginia,late_oct_apr,Late Oct-Apr,2024-04,0.15237999628496504,0.152745148626565,0.18499999999999991,28.146520146520146
nhsn,2024-2025,West Virginia,late_oct_apr,Late Oct-Apr,2024-05,0.14622913925483885,0.14659281730512402,0.18499999999999997,106.9065934065934
nhsn,2024-2025,West Virginia,late_oct_apr,Late Oct-Apr,2024-06,0.14923529894633034,0.1491832568777521,0.18499999999999991,155.2289377289377
nhsn,2024-2025,West Virginia,late_oct_apr,Late Oct-Apr,2024-07,0.14741218959094346,0.1473780226884111,0.18499999999999997,207.61904761904765
nhsn,2024-2025,West Virginia,late_oct_apr,Late Oct-Apr,2024-08,0.14845633569188632,0.1484786171607906,0.18499999999999997,242.28754578754575
nhsn,2024-2025,West Virginia,late_oct_apr,Late Oct-Apr,2024-09,0.14700222349977068,0.14671141545357388,0.18499999999999991,245.6959706959707
nhsn,2024-2025,West Virginia,late_oct_apr,Late Oct-Apr,2024-10,0.14621711061887505,0.14617199212187187,0.185,258.71794871794873
nhsn,2024-2025,West Virginia,late_oct_apr,Late Oct-Apr,2024-11,0.14707978153619833,0.14614724652000363,0.18499999999999997,247.83333333333331
nhsn,2024-2025,West Virginia,late_oct_apr,Late Oct-Apr,2024-12,0.13913289437751414,0.13214551314138873,0.185,230.00915750915755
nhsn,2024-2025,West Virginia,late_oct_apr,Late Oct-Apr,2025-01,0.13412257913648123,0.13082398699831102,0.185,151.1996336996337
nhsn,2024-2025,West Virginia,late_oct_apr,Late Oct-Apr,2025-02,0.1306071421940182,0.12415848305550241,0.185,90.21611721611721
nhsn,2024-2025,West Virginia,late_oct_apr,Late Oct-Apr,2025-03,0.11231558144314703,0.10976078387216101,0.185,54.13369963369964
nhsn,2024-2025,West Virginia,late_oct_apr,Late Oct-Apr,2025-04,0.0962147844487119,0.07955616655141833,0.12300921333333335,18.3992673992674
nhsn,2024-2025,West Virginia,late_oct_apr,Late Oct-Apr,2025-05,0.0,0.0,0.0,6.772893772893772
nhsn,2024-2025,West Virginia,late_oct_apr,Late Oct-Apr,2025-06,0.0,0.0,0.0,1.717948717948718
nhsn,2024-2025,Wisconsin,baseline_oct_mar,Baseline Oct-Mar,2024-02,0.0,0.0,0.0,0.3589743589743589
nhsn,2024-2025,Wisconsin,baseline_oct_mar,Baseline Oct-Mar,2024-03,0.0,0.02853455978335259,0.03425483870967742,4.294871794871796
nhsn,2024-2025,Wisconsin,baseline_oct_mar,Baseline Oct-Mar,2024-04,0.14910643224164197,0.1489828911088154,0.18499999999999991,26.216117216117215
nhsn,2024-2025,Wisconsin,baseline_oct_mar,Baseline Oct-Mar,2024-05,0.1462732957015149,0.14664952806004405,0.18499999999999997,115.8076923076923
nhsn,2024-2025,Wisconsin,baseline_oct_mar,Baseline Oct-Mar,2024-06,0.14846215471051297,0.14843293550810624,0.18499999999999991,221.34798534798537
nhsn,2024-2025,Wisconsin,baseline_oct_mar,Baseline Oct-Mar,2024-07,0.1476822005329696,0.14773518312311504,0.18499999999999997,312.3479853479853
nhsn,2024-2025,Wisconsin,baseline_oct_mar,Baseline Oct-Mar,2024-08,0.1480126792157982,0.14807054230441732,0.18499999999999997,348.7435897435898
nhsn,2024-2025,Wisconsin,baseline_oct_mar,Baseline Oct-Mar,2024-09,0.1472174098814521,0.14696321110695723,0.18499999999999991,345.9468864468864
nhsn,2024-2025,Wisconsin,baseline_oct_mar,Baseline Oct-Mar,2024-10,0.14766433184053515,0.14732415723800207,0.185,359.83333333333337
nhsn,2024-2025,Wisconsin,baseline_oct_mar,Baseline Oct-Mar,2024-11,0.14853078383061386,0.1478788433545154,0.18499999999999997,344.5769230769231
nhsn,2024-2025,Wisconsin,baseline_oct_mar,Baseline Oct-Mar,2024-12,0.14264000432175108,0.13788445669213598,0.185,332.15934065934067
nhsn,2024-2025,Wisconsin,baseline_oct_mar,Baseline Oct-Mar,2025-01,0.12859045815762285,0.1251512070896457,0.185,241.10622710622712
nhsn,2024-2025,Wisconsin,baseline_oct_mar,Baseline Oct-Mar,2025-02,0.11426007807627728,0.1110924233008458,0.185,118.87179487179489
nhsn,2024-2025,Wisconsin,baseline_oct_mar,Baseline Oct-Mar,2025-03,0.09422623113964688,0.07900729307614492,0.12500891612903228,50.07142857142857
nhsn,2024-2025,Wisconsin,baseline_oct_mar,Baseline Oct-Mar,2025-04,0.0,0.0,0.0,11.998168498168498
nhsn,2024-2025,Wisconsin,baseline_oct_mar,Baseline Oct-Mar,2025-05,0.0,0.0,0.0,3.3186813186813184
nhsn,2024-2025,Wisconsin,baseline_oct_mar,Baseline Oct-Mar,2025-06,0.0,0.0,0.0,0.28205128205128205
nhsn,2024-2025,Wisconsin,early_sep_mar,Early Sep-Mar,2024-02,0.0,0.047988917662298486,0.04108541666666665,0.3589743589743589
nhsn,2024-2025,Wisconsin,early_sep_mar,Early Sep-Mar,2024-03,0.15110563641913644,0.14970986984546583,0.1814790322580645,4.294871794871796
nhsn,2024-2025,Wisconsin,early_sep_mar,Early Sep-Mar,2024-04,0.14910643224164197,0.14942795682652915,0.18499999999999991,26.216117216117215
nhsn,2024-2025,Wisconsin,early_sep_mar,Early Sep-Mar,2024-05,0.14836884785343135,0.14841174920668132,0.18499999999999997,115.8076923076923
nhsn,2024-2025,Wisconsin,early_sep_mar,Early Sep-Mar,2024-06,0.1484476689403295,0.14833063977318572,0.18499999999999991,221.34798534798537
nhsn,2024-2025,Wisconsin,early_sep_mar,Early Sep-Mar,2024-07,0.1476179964033476,0.1476124921563264,0.18499999999999997,312.3479853479853
nhsn,2024-2025,Wisconsin,early_sep_mar,Early Sep-Mar,2024-08,0.14539512432192087,0.14498834605631555,0.18499999999999997,348.7435897435898
nhsn,2024-2025,Wisconsin,early_sep_mar,Early Sep-Mar,2024-09,0.14518288319039244,0.1448910961352875,0.18499999999999997,345.9468864468865
nhsn,2024-2025,Wisconsin,early_sep_mar,Early Sep-Mar,2024-10,0.14766433184053515,0.14732415723800207,0.185,359.83333333333337
nhsn,2024-2025,Wisconsin,early_sep_mar,Early Sep-Mar,2024-11,0.14853078383061386,0.1478788433545154,0.18499999999999997,344.5769230769231
nhsn,2024-2025,Wisconsin,early_sep_mar,Early Sep-Mar,2024-12,0.14264000432175108,0.13788445669213598,0.185,332.15934065934067
nhsn,2024-2025,Wisconsin,early_sep_mar,Early Sep-Mar,2025-01,0.12859045815762285,0.1251512070896457,0.185,241.10622710622712
nhsn,2024-2025,Wisconsin,early_sep_mar,Early Sep-Mar,2025-02,0.11426007807627728,0.1110924233008458,0.185,118.87179487179489
nhsn,2024-2025,Wisconsin,early_sep_mar,Early Sep-Mar,2025-03,0.09422623113964688,0.07900729307614492,0.12500891612903228,50.07142857142857
nhsn,2024-2025,Wisconsin,early_sep_mar,Early Sep-Mar,2025-04,0.0,0.0,0.0,11.998168498168498
nhsn,2024-2025,Wisconsin,early_sep_mar,Early Sep-Mar,2025-05,0.0,0.0,0.0,3.3186813186813184
nhsn,2024-2025,Wisconsin,early_sep_mar,Early Sep-Mar,2025-06,0.0,0.0,0.0,0.28205128205128205
nhsn,2024-2025,Wisconsin,extended_sep_apr,Extended Sep-Apr,2024-02,0.0,0.047988917662298486,0.04108541666666665,0.3589743589743589
nhsn,2024-2025,Wisconsin,extended_sep_apr,Extended Sep-Apr,2024-03,0.15110563641913644,0.14970986984546583,0.1814790322580645,4.294871794871796
nhsn,2024-2025,Wisconsin,extended_sep_apr,Extended Sep-Apr,2024-04,0.14910643224164197,0.14942795682652915,0.18499999999999991,26.216117216117215
nhsn,2024-2025,Wisconsin,extended_sep_apr,Extended Sep-Apr,2024-05,0.14836884785343135,0.14841174920668132,0.18499999999999997,115.8076923076923
nhsn,2024-2025,Wisconsin,extended_sep_apr,Extended Sep-Apr,2024-06,0.1484476689403295,0.14833063977318572,0.18499999999999991,221.34798534798537
nhsn,2024-2025,Wisconsin,extended_sep_apr,Extended Sep-Apr,2024-07,0.1476179964033476,0.1476124921563264,0.18499999999999997,312.3479853479853
nhsn,2024-2025,Wisconsin,extended_sep_apr,Extended Sep-Apr,2024-08,0.14539512432192087,0.14498834605631555,0.18499999999999997,348.7435897435898
nhsn,2024-2025,Wisconsin,extended_sep_apr,Extended Sep-Apr,2024-09,0.14518288319039244,0.1448910961352875,0.18499999999999997,345.9468864468865
nhsn,2024-2025,Wisconsin,extended_sep_apr,Extended Sep-Apr,2024-10,0.14766433184053515,0.14732415723800207,0.185,359.83333333333337
nhsn,2024-2025,Wisconsin,extended_sep_apr,Extended Sep-Apr,2024-11,0.14853078383061386,0.1478788433545154,0.18499999999999997,344.5769230769231
nhsn,2024-2025,Wisconsin,extended_sep_apr,Extended Sep-Apr,2024-12,0.14264000432175108,0.13788445669213598,0.185,332.15934065934067
nhsn,2024-2025,Wisconsin,extended_sep_apr,Extended Sep-Apr,2025-01,0.12859045815762285,0.1251512070896457,0.185,241.10622710622712
nhsn,2024-2025,Wisconsin,extended_sep_apr,Extended Sep-Apr,2025-02,0.11426007807627728,0.1110924233008458,0.185,118.87179487179489
nhsn,2024-2025,Wisconsin,extended_sep_apr,Extended Sep-Apr,2025-03,0.09531339781319599,0.09744431136625392,0.185,50.07142857142857
nhsn,2024-2025,Wisconsin,extended_sep_apr,Extended Sep-Apr,2025-04,0.10216645496672004,0.08172216226320579,0.12300921333333335,11.998168498168498
nhsn,2024-2025,Wisconsin,extended_sep_apr,Extended Sep-Apr,2025-05,0.0,0.0,0.0,3.3186813186813184
nhsn,2024-2025,Wisconsin,extended_sep_apr,Extended Sep-Apr,2025-06,0.0,0.0,0.0,0.28205128205128205
nhsn,2024-2025,Wisconsin,late_oct_apr,Late Oct-Apr,2024-02,0.0,0.0,0.0,0.3589743589743589
nhsn,2024-2025,Wisconsin,late_oct_apr,Late Oct-Apr,2024-03,0.0,0.02853455978335259,0.03425483870967742,4.294871794871796
nhsn,2024-2025,Wisconsin,late_oct_apr,Late Oct-Apr,2024-04,0.14910643224164197,0.1489828911088154,0.18499999999999991,26.216117216117215
nhsn,2024-2025,Wisconsin,late_oct_apr,Late Oct-Apr,2024-05,0.1462732957015149,0.14664952806004405,0.18499999999999997,115.8076923076923
nhsn,2024-2025,Wisconsin,late_oct_apr,Late Oct-Apr,2024-06,0.14846215471051297,0.14843293550810624,0.18499999999999991,221.34798534798537
nhsn,2024-2025,Wisconsin,late_oct_apr,Late Oct-Apr,2024-07,0.1476822005329696,0.14773518312311504,0.18499999999999997,312.3479853479853
nhsn,2024-2025,Wisconsin,late_oct_apr,Late Oct-Apr,2024-08,0.1480126792157982,0.14807054230441732,0.18499999999999997,348.7435897435898
nhsn,2024-2025,Wisconsin,late_oct_apr,Late Oct-Apr,2024-09,0.1472174098814521,0.14696321110695723,0.18499999999999991,345.9468864468864
nhsn,2024-2025,Wisconsin,late_oct_apr,Late Oct-Apr,2024-10,0.14766433184053515,0.14732415723800207,0.185,359.83333333333337
nhsn,2024-2025,Wisconsin,late_oct_apr,Late Oct-Apr,2024-11,0.14853078383061386,0.1478788433545154,0.18499999999999997,344.5769230769231
nhsn,2024-2025,Wisconsin,late_oct_apr,Late Oct-Apr,2024-12,0.14264000432175108,0.13788445669213598,0.185,332.15934065934067
nhsn,2024-2025,Wisconsin,late_oct_apr,Late Oct-Apr,2025-01,0.12859045815762285,0.1251512070896457,0.185,241.10622710622712
nhsn,2024-2025,Wisconsin,late_oct_apr,Late Oct-Apr,2025-02,0.11426007807627728,0.1110924233008458,0.185,118.87179487179489
nhsn,2024-2025,Wisconsin,late_oct_apr,Late Oct-Apr,2025-03,0.09531339781319599,0.09744431136625392,0.185,50.07142857142857
nhsn,2024-2025,Wisconsin,late_oct_apr,Late Oct-Apr,2025-04,0.10216645496672004,0.08172216226320579,0.12300921333333335,11.998168498168498
nhsn,2024-2025,Wisconsin,late_oct_apr,Late Oct-Apr,2025-05,0.0,0.0,0.0,3.3186813186813184
nhsn,2024-2025,Wisconsin,late_oct_apr,Late Oct-Apr,2025-06,0.0,0.0,0.0,0.28205128205128205
nhsn,2024-2025,Wyoming,baseline_oct_mar,Baseline Oct-Mar,2024-02,0.0,0.0,0.0,0.021978021978021976
nhsn,2024-2025,Wyoming,baseline_oct_mar,Baseline Oct-Mar,2024-03,0.0,0.029000077575862024,0.03425483870967742,1.4523809523809526
nhsn,2024-2025,Wyoming,baseline_oct_mar,Baseline Oct-Mar,2024-04,0.15242070487939027,0.15036861807467092,0.18499999999999991,7.521978021978022
nhsn,2024-2025,Wyoming,baseline_oct_mar,Baseline Oct-Mar,2024-05,0.1426307080227465,0.14287821310731386,0.18499999999999997,20.34615384615385
nhsn,2024-2025,Wyoming,baseline_oct_mar,Baseline Oct-Mar,2024-06,0.14888424848999987,0.14858226273839126,0.18499999999999991,40.939560439560445
nhsn,2024-2025,Wyoming,baseline_oct_mar,Baseline Oct-Mar,2024-07,0.1468511823783951,0.1468067056601675,0.18499999999999997,79.54395604395603
nhsn,2024-2025,Wyoming,baseline_oct_mar,Baseline Oct-Mar,2024-08,0.14782754796884245,0.14784608775969652,0.18499999999999997,102.03479853479854
nhsn,2024-2025,Wyoming,baseline_oct_mar,Baseline Oct-Mar,2024-09,0.14720020528713712,0.146663819439539,0.18499999999999991,102.29304029304029
nhsn,2024-2025,Wyoming,baseline_oct_mar,Baseline Oct-Mar,2024-10,0.1466677925962926,0.14610117573698622,0.185,107.27106227106225
nhsn,2024-2025,Wyoming,baseline_oct_mar,Baseline Oct-Mar,2024-11,0.14810777911267836,0.14692959743148734,0.18499999999999997,102.4084249084249
nhsn,2024-2025,Wyoming,baseline_oct_mar,Baseline Oct-Mar,2024-12,0.14416345270518954,0.1429302043058762,0.185,99.28021978021978
nhsn,2024-2025,Wyoming,baseline_oct_mar,Baseline Oct-Mar,2025-01,0.14658801406070565,0.140714383023837,0.185,86.58424908424908
nhsn,2024-2025,Wyoming,baseline_oct_mar,Baseline Oct-Mar,2025-02,0.1255334927746393,0.11920452416264037,0.185,58.78754578754579
nhsn,2024-2025,Wyoming,baseline_oct_mar,Baseline Oct-Mar,2025-03,0.0896152163621325,0.07809008607325091,0.12500891612903228,28.923076923076927
nhsn,2024-2025,Wyoming,baseline_oct_mar,Baseline Oct-Mar,2025-04,0.0,0.0,0.0,5.490842490842491
nhsn,2024-2025,Wyoming,baseline_oct_mar,Baseline Oct-Mar,2025-05,0.0,0.0,0.0,1.7161172161172158
nhsn,2024-2025,Wyoming,baseline_oct_mar,Baseline Oct-Mar,2025-06,,,0.0,0.0
nhsn,2024-2025,Wyoming,early_sep_mar,Early Sep-Mar,2024-02,0.0,0.06123376982905983,0.04108541666666665,0.021978021978021976
nhsn,2024-2025,Wyoming,early_sep_mar,Early Sep-Mar,2024-03,0.15113076923076926,0.1490583171171622,0.1814790322580645,1.4523809523809526
nhsn,2024-2025,Wyoming,early_sep_mar,Early Sep-Mar,2024-04,0.15242070487939027,0.15134764427279415,0.18499999999999991,7.521978021978022
nhsn,2024-2025,Wyoming,early_sep_mar,Early Sep-Mar,2024-05,0.14853991783216783,0.14856662132737958,0.18499999999999997,20.34615384615385
nhsn,2024-2025,Wyoming,early_sep_mar,Early Sep-Mar,2024-06,0.14888424848999987,0.14862497410863484,0.18499999999999991,40.939560439560445
nhsn,2024-2025,Wyoming,early_sep_mar,Early Sep-Mar,2024-07,0.14738585572347435,0.14738768476383382,0.18499999999999997,79.54395604395603
nhsn,2024-2025,Wyoming,early_sep_mar,Early Sep-Mar,2024-08,0.14348607647524894,0.141693837187244,0.18499999999999997,102.03479853479854
nhsn,2024-2025,Wyoming,early_sep_mar,Early Sep-Mar,2024-09,0.14439436705340114,0.14359521086499097,0.18499999999999997,102.29304029304029
nhsn,2024-2025,Wyoming,early_sep_mar,Early Sep-Mar,2024-10,0.1466677925962926,0.14610117573698622,0.185,107.27106227106225
nhsn,2024-2025,Wyoming,early_sep_mar,Early Sep-Mar,2024-11,0.14810777911267836,0.14692959743148734,0.18499999999999997,102.4084249084249
nhsn,2024-2025,Wyoming,early_sep_mar,Early Sep-Mar,2024-12,0.14416345270518954,0.1429302043058762,0.185,99.28021978021978
nhsn,2024-2025,Wyoming,early_sep_mar,Early Sep-Mar,2025-01,0.14658801406070565,0.140714383023837,0.185,86.58424908424908
nhsn,2024-2025,Wyoming,early_sep_mar,Early Sep-Mar,2025-02,0.1255334927746393,0.11920452416264037,0.185,58.78754578754579
nhsn,2024-2025,Wyoming,early_sep_mar,Early Sep-Mar,2025-03,0.0896152163621325,0.07809008607325091,0.12500891612903228,28.923076923076927
nhsn,2024-2025,Wyoming,early_sep_mar,Early Sep-Mar,2025-04,0.0,0.0,0.0,5.490842490842491
nhsn,2024-2025,Wyoming,early_sep_mar,Early Sep-Mar,2025-05,0.0,0.0,0.0,1.7161172161172158
nhsn,2024-2025,Wyoming,early_sep_mar,Early Sep-Mar,2025-06,,,0.0,0.0
nhsn,2024-2025,Wyoming,extended_sep_apr,Extended Sep-Apr,2024-02,0.0,0.06123376982905983,0.04108541666666665,0.021978021978021976
nhsn,2024-2025,Wyoming,extended_sep_apr,Extended Sep-Apr,2024-03,0.15113076923076926,0.1490583171171622,0.1814790322580645,1.4523809523809526
nhsn,2024-2025,Wyoming,extended_sep_apr,Extended Sep-Apr,2024-04,0.15242070487939027,0.15134764427279415,0.18499999999999991,7.521978021978022
nhsn,2024-2025,Wyoming,extended_sep_apr,Extended Sep-Apr,2024-05,0.14853991783216783,0.14856662132737958,0.18499999999999997,20.34615384615385
nhsn,2024-2025,Wyoming,extended_sep_apr,Extended Sep-Apr,2024-06,0.14888424848999987,0.14862497410863484,0.18499999999999991,40.939560439560445
nhsn,2024-2025,Wyoming,extended_sep_apr,Extended Sep-Apr,2024-07,0.14738585572347435,0.14738768476383382,0.18499999999999997,79.54395604395603
nhsn,2024-2025,Wyoming,extended_sep_apr,Extended Sep-Apr,2024-08,0.14348607647524894,0.141693837187244,0.18499999999999997,102.03479853479854
nhsn,2024-2025,Wyoming,extended_sep_apr,Extended Sep-Apr,2024-09,0.14439436705340114,0.14359521086499097,0.18499999999999997,102.29304029304029
nhsn,2024-2025,Wyoming,extended_sep_apr,Extended Sep-Apr,2024-10,0.1466677925962926,0.14610117573698622,0.185,107.27106227106225
nhsn,2024-2025,Wyoming,extended_sep_apr,Extended Sep-Apr,2024-11,0.14810777911267836,0.14692959743148734,0.18499999999999997,102.4084249084249
nhsn,2024-2025,Wyoming,extended_sep_apr,Extended Sep-Apr,2024-12,0.14416345270518954,0.1429302043058762,0.185,99.28021978021978
nhsn,2024-2025,Wyoming,extended_sep_apr,Extended Sep-Apr,2025-01,0.14658801406070565,0.140714383023837,0.185,86.58424908424908
nhsn,2024-2025,Wyoming,extended_sep_apr,Extended Sep-Apr,2025-02,0.1255334927746393,0.11920452416264037,0.185,58.78754578754579
nhsn,2024-2025,Wyoming,extended_sep_apr,Extended Sep-Apr,2025-03,0.09440559476192598,0.09337394061538812,0.185,28.923076923076927
nhsn,2024-2025,Wyoming,extended_sep_apr,Extended Sep-Apr,2025-04,0.07392899316592498,0.0734903422976908,0.12300921333333335,5.490842490842491
nhsn,2024-2025,Wyoming,extended_sep_apr,Extended Sep-Apr,2025-05,0.0,0.0,0.0,1.7161172161172158
nhsn,2024-2025,Wyoming,extended_sep_apr,Extended Sep-Apr,2025-06,,,0.0,0.0
nhsn,2024-2025,Wyoming,late_oct_apr,Late Oct-Apr,2024-02,0.0,0.0,0.0,0.021978021978021976
nhsn,2024-2025,Wyoming,late_oct_apr,Late Oct-Apr,2024-03,0.0,0.029000077575862024,0.03425483870967742,1.4523809523809526
nhsn,2024-2025,Wyoming,late_oct_apr,Late Oct-Apr,2024-04,0.15242070487939027,0.15036861807467092,0.18499999999999991,7.521978021978022
nhsn,2024-2025,Wyoming,late_oct_apr,Late Oct-Apr,2024-05,0.1426307080227465,0.14287821310731386,0.18499999999999997,20.34615384615385
nhsn,2024-2025,Wyoming,late_oct_apr,Late Oct-Apr,2024-06,0.14888424848999987,0.14858226273839126,0.18499999999999991,40.939560439560445
nhsn,2024-2025,Wyoming,late_oct_apr,Late Oct-Apr,2024-07,0.1468511823783951,0.1468067056601675,0.18499999999999997,79.54395604395603
nhsn,2024-2025,Wyoming,late_oct_apr,Late Oct-Apr,2024-08,0.14782754796884245,0.14784608775969652,0.18499999999999997,102.03479853479854
nhsn,2024-2025,Wyoming,late_oct_apr,Late Oct-Apr,2024-09,0.14720020528713712,0.146663819439539,0.18499999999999991,102.29304029304029
nhsn,2024-2025,Wyoming,late_oct_apr,Late Oct-Apr,2024-10,0.1466677925962926,0.14610117573698622,0.185,107.27106227106225
nhsn,2024-2025,Wyoming,late_oct_apr,Late Oct-Apr,2024-11,0.14810777911267836,0.14692959743148734,0.18499999999999997,102.4084249084249
nhsn,2024-2025,Wyoming,late_oct_apr,Late Oct-Apr,2024-12,0.14416345270518954,0.1429302043058762,0.185,99.28021978021978
nhsn,2024-2025,Wyoming,late_oct_apr,Late Oct-Apr,2025-01,0.14658801406070565,0.140714383023837,0.185,86.58424908424908
nhsn,2024-2025,Wyoming,late_oct_apr,Late Oct-Apr,2025-02,0.1255334927746393,0.11920452416264037,0.185,58.78754578754579
nhsn,2024-2025,Wyoming,late_oct_apr,Late Oct-Apr,2025-03,0.09440559476192598,0.09337394061538812,0.185,28.923076923076927
nhsn,2024-2025,Wyoming,late_oct_apr,Late Oct-Apr,2025-04,0.07392899316592498,0.0734903422976908,0.12300921333333335,5.490842490842491
nhsn,2024-2025,Wyoming,late_oct_apr,Late Oct-Apr,2025-05,0.0,0.0,0.0,1.7161172161172158
nhsn,2024-2025,Wyoming,late_oct_apr,Late Oct-Apr,2025-06,,,0.0,0.0
nhsn,2025-2026,Alabama,baseline_oct_mar,Baseline Oct-Mar,2025-01,0.0,0.0,0.0,14.426739926739925
nhsn,2025-2026,Alabama,baseline_oct_mar,Baseline Oct-Mar,2025-02,0.0,0.0,0.0,29.13919413919414
nhsn,2025-2026,Alabama,baseline_oct_mar,Baseline Oct-Mar,2025-03,0.0,0.01885208260064489,0.03425483870967742,64.8003663003663
nhsn,2025-2026,Alabama,baseline_oct_mar,Baseline Oct-Mar,2025-04,0.11097285171267092,0.10649570559269878,0.18499999999999991,117.71062271062272
nhsn,2025-2026,Alabama,baseline_oct_mar,Baseline Oct-Mar,2025-05,0.09961822985387254,0.10271678586859556,0.18499999999999997,189.1428571428571
nhsn,2025-2026,Alabama,baseline_oct_mar,Baseline Oct-Mar,2025-06,0.12666675862738436,0.1258842139252841,0.18499999999999991,218.40293040293042
nhsn,2025-2026,Alabama,baseline_oct_mar,Baseline Oct-Mar,2025-07,0.1132838916717369,0.11604444262564848,0.18499999999999997,253.58058608058613
nhsn,2025-2026,Alabama,baseline_oct_mar,Baseline Oct-Mar,2025-08,0.13488719187016668,0.13516611578617083,0.18499999999999997,266.9468864468864
nhsn,2025-2026,Alabama,baseline_oct_mar,Baseline Oct-Mar,2025-09,0.14120520523201494,0.14157327824459642,0.18499999999999991,254.2326007326007
nhsn,2025-2026,Alabama,baseline_oct_mar,Baseline Oct-Mar,2025-10,0.14550521597537164,0.1435474752155755,0.185,244.5805860805861
nhsn,2025-2026,Alabama,baseline_oct_mar,Baseline Oct-Mar,2025-11,0.14132863448150076,0.13699329190173137,0.18499999999999997,204.19963369963372
nhsn,2025-2026,Alabama,baseline_oct_mar,Baseline Oct-Mar,2025-12,0.12723437360129156,0.12476986100928145,0.185,153.66666666666669
nhsn,2025-2026,Alabama,baseline_oct_mar,Baseline Oct-Mar,2026-01,0.1321490092647994,0.12669041217495414,0.185,85.71794871794872
nhsn,2025-2026,Alabama,baseline_oct_mar,Baseline Oct-Mar,2026-02,0.11927228162904094,0.11474403309988933,0.185,45.92307692307692
nhsn,2025-2026,Alabama,baseline_oct_mar,Baseline Oct-Mar,2026-03,0.09243136465767911,0.08051406880926691,0.12500891612903228,20.97069597069597
nhsn,2025-2026,Alabama,baseline_oct_mar,Baseline Oct-Mar,2026-04,0.0,0.0,0.0,3.2728937728937733
nhsn,2025-2026,Alabama,early_sep_mar,Early Sep-Mar,2025-01,0.0,0.0,0.0,14.426739926739925
nhsn,2025-2026,Alabama,early_sep_mar,Early Sep-Mar,2025-02,0.0,0.02107197914330225,0.035216071428571416,29.13919413919414
nhsn,2025-2026,Alabama,early_sep_mar,Early Sep-Mar,2025-03,0.11747660486194024,0.11138420263176665,0.1814790322580645,64.8003663003663
nhsn,2025-2026,Alabama,early_sep_mar,Early Sep-Mar,2025-04,0.1114699273413848,0.11422162408766945,0.18499999999999991,117.71062271062272
nhsn,2025-2026,Alabama,early_sep_mar,Early Sep-Mar,2025-05,0.13694231714013924,0.13596685511562875,0.18499999999999997,189.1428571428571
nhsn,2025-2026,Alabama,early_sep_mar,Early Sep-Mar,2025-06,0.1283780181552912,0.1303932994018026,0.18499999999999991,218.40293040293042
nhsn,2025-2026,Alabama,early_sep_mar,Early Sep-Mar,2025-07,0.14273410445475126,0.14185253880700524,0.18499999999999997,253.58058608058613
nhsn,2025-2026,Alabama,early_sep_mar,Early Sep-Mar,2025-08,0.14369725615037784,0.14371328689608912,0.18499999999999997,266.9468864468864
nhsn,2025-2026,Alabama,early_sep_mar,Early Sep-Mar,2025-09,0.14490075771129257,0.14456222609620606,0.18499999999999997,254.23260073260073
nhsn,2025-2026,Alabama,early_sep_mar,Early Sep-Mar,2025-10,0.14550521597537164,0.1435474752155755,0.185,244.5805860805861
nhsn,2025-2026,Alabama,early_sep_mar,Early Sep-Mar,2025-11,0.14132863448150076,0.13699329190173137,0.18499999999999997,204.19963369963372
nhsn,2025-2026,Alabama,early_sep_mar,Early Sep-Mar,2025-12,0.12723437360129156,0.12476986100928145,0.185,153.66666666666669
nhsn,2025-2026,Alabama,early_sep_mar,Early Sep-Mar,2026-01,0.1321490092647994,0.12669041217495414,0.185,85.71794871794872
nhsn,2025-2026,Alabama,early_sep_mar,Early Sep-Mar,2026-02,0.11927228162904094,0.11474403309988933,0.185,45.92307692307692
nhsn,2025-2026,Alabama,early_sep_mar,Early Sep-Mar,2026-03,0.09243136465767911,0.08051406880926691,0.12500891612903228,20.97069597069597
nhsn,2025-2026,Alabama,early_sep_mar,Early Sep-Mar,2026-04,0.0,0.0,0.0,3.2728937728937733
nhsn,2025-2026,Alabama,extended_sep_apr,Extended Sep-Apr,2025-01,0.0,0.0,0.0,14.426739926739925
nhsn,2025-2026,Alabama,extended_sep_apr,Extended Sep-Apr,2025-02,0.0,0.02107197914330225,0.035216071428571416,29.13919413919414
nhsn,2025-2026,Alabama,extended_sep_apr,Extended Sep-Apr,2025-03,0.11747660486194024,0.11138420263176665,0.1814790322580645,64.8003663003663
nhsn,2025-2026,Alabama,extended_sep_apr,Extended Sep-Apr,2025-04,0.1114699273413848,0.11422162408766945,0.18499999999999991,117.71062271062272
nhsn,2025-2026,Alabama,extended_sep_apr,Extended Sep-Apr,2025-05,0.13694231714013924,0.13596685511562875,0.18499999999999997,189.1428571428571
nhsn,2025-2026,Alabama,extended_sep_apr,Extended Sep-Apr,2025-06,0.1283780181552912,0.1303932994018026,0.18499999999999991,218.40293040293042
nhsn,2025-2026,Alabama,extended_sep_apr,Extended Sep-Apr,2025-07,0.14273410445475126,0.14185253880700524,0.18499999999999997,253.58058608058613
nhsn,2025-2026,Alabama,extended_sep_apr,Extended Sep-Apr,2025-08,0.14369725615037784,0.14371328689608912,0.18499999999999997,266.9468864468864
nhsn,2025-2026,Alabama,extended_sep_apr,Extended Sep-Apr,2025-09,0.14490075771129257,0.14456222609620606,0.18499999999999997,254.23260073260073
nhsn,2025-2026,Alabama,extended_sep_apr,Extended Sep-Apr,2025-10,0.14550521597537164,0.1435474752155755,0.185,244.5805860805861
nhsn,2025-2026,Alabama,extended_sep_apr,Extended Sep-Apr,2025-11,0.14132863448150076,0.13699329190173137,0.18499999999999997,204.19963369963372
nhsn,2025-2026,Alabama,extended_sep_apr,Extended Sep-Apr,2025-12,0.12723437360129156,0.12476986100928145,0.185,153.66666666666669
nhsn,2025-2026,Alabama,extended_sep_apr,Extended Sep-Apr,2026-01,0.1321490092647994,0.12669041217495414,0.185,85.71794871794872
nhsn,2025-2026,Alabama,extended_sep_apr,Extended Sep-Apr,2026-02,0.11927228162904094,0.11474403309988933,0.185,45.92307692307692
nhsn,2025-2026,Alabama,extended_sep_apr,Extended Sep-Apr,2026-03,0.09243136465767911,0.09342742171864836,0.185,20.97069597069597
nhsn,2025-2026,Alabama,extended_sep_apr,Extended Sep-Apr,2026-04,0.013118181818181817,0.04355898061002275,0.13351405600000002,3.272893772893773
nhsn,2025-2026,Alabama,late_oct_apr,Late Oct-Apr,2025-01,0.0,0.0,0.0,14.426739926739925
nhsn,2025-2026,Alabama,late_oct_apr,Late Oct-Apr,2025-02,0.0,0.0,0.0,29.13919413919414
nhsn,2025-2026,Alabama,late_oct_apr,Late Oct-Apr,2025-03,0.0,0.01885208260064489,0.03425483870967742,64.8003663003663
nhsn,2025-2026,Alabama,late_oct_apr,Late Oct-Apr,2025-04,0.11097285171267092,0.10649570559269878,0.18499999999999991,117.71062271062272
nhsn,2025-2026,Alabama,late_oct_apr,Late Oct-Apr,2025-05,0.09961822985387254,0.10271678586859556,0.18499999999999997,189.1428571428571
nhsn,2025-2026,Alabama,late_oct_apr,Late Oct-Apr,2025-06,0.12666675862738436,0.1258842139252841,0.18499999999999991,218.40293040293042
nhsn,2025-2026,Alabama,late_oct_apr,Late Oct-Apr,2025-07,0.1132838916717369,0.11604444262564848,0.18499999999999997,253.58058608058613
nhsn,2025-2026,Alabama,late_oct_apr,Late Oct-Apr,2025-08,0.13488719187016668,0.13516611578617083,0.18499999999999997,266.9468864468864
nhsn,2025-2026,Alabama,late_oct_apr,Late Oct-Apr,2025-09,0.14120520523201494,0.14157327824459642,0.18499999999999991,254.2326007326007
nhsn,2025-2026,Alabama,late_oct_apr,Late Oct-Apr,2025-10,0.14550521597537164,0.1435474752155755,0.185,244.5805860805861
nhsn,2025-2026,Alabama,late_oct_apr,Late Oct-Apr,2025-11,0.14132863448150076,0.13699329190173137,0.18499999999999997,204.19963369963372
nhsn,2025-2026,Alabama,late_oct_apr,Late Oct-Apr,2025-12,0.12723437360129156,0.12476986100928145,0.185,153.66666666666669
nhsn,2025-2026,Alabama,late_oct_apr,Late Oct-Apr,2026-01,0.1321490092647994,0.12669041217495414,0.185,85.71794871794872
nhsn,2025-2026,Alabama,late_oct_apr,Late Oct-Apr,2026-02,0.11927228162904094,0.11474403309988933,0.185,45.92307692307692
nhsn,2025-2026,Alabama,late_oct_apr,Late Oct-Apr,2026-03,0.09243136465767911,0.09342742171864836,0.185,20.97069597069597
nhsn,2025-2026,Alabama,late_oct_apr,Late Oct-Apr,2026-04,0.013118181818181817,0.04355898061002275,0.13351405600000002,3.272893772893773
nhsn,2025-2026,Alaska,baseline_oct_mar,Baseline Oct-Mar,2025-01,0.0,0.0,0.0,0.7948717948717946
nhsn,2025-2026,Alaska,baseline_oct_mar,Baseline Oct-Mar,2025-02,0.0,0.0,0.0,0.9468864468864467
nhsn,2025-2026,Alaska,baseline_oct_mar,Baseline Oct-Mar,2025-03,0.0,0.022958937638662885,0.03425483870967742,3.219780219780219
nhsn,2025-2026,Alaska,baseline_oct_mar,Baseline Oct-Mar,2025-04,0.1179891045066045,0.11225823750645808,0.18499999999999991,4.851648351648352
nhsn,2025-2026,Alaska,baseline_oct_mar,Baseline Oct-Mar,2025-05,0.08591727182494925,0.09375196042211566,0.18499999999999997,7.954212454212454
nhsn,2025-2026,Alaska,baseline_oct_mar,Baseline Oct-Mar,2025-06,0.1386237209400042,0.13645437515388617,0.18499999999999991,14.873626373626372
nhsn,2025-2026,Alaska,baseline_oct_mar,Baseline Oct-Mar,2025-07,0.12720299978084593,0.12941500231404154,0.18499999999999997,22.08424908424908
nhsn,2025-2026,Alaska,baseline_oct_mar,Baseline Oct-Mar,2025-08,0.1465868437743731,0.14621247092763268,0.18499999999999997,28.633699633699635
nhsn,2025-2026,Alaska,baseline_oct_mar,Baseline Oct-Mar,2025-09,0.14830035774751563,0.14804288253650297,0.18499999999999991,29.230769230769234
nhsn,2025-2026,Alaska,baseline_oct_mar,Baseline Oct-Mar,2025-10,0.14725954671644145,0.14487107996265824,0.185,29.94505494505495
nhsn,2025-2026,Alaska,baseline_oct_mar,Baseline Oct-Mar,2025-11,0.14705456825539193,0.1457263112767683,0.18499999999999997,26.836996336996336
nhsn,2025-2026,Alaska,baseline_oct_mar,Baseline Oct-Mar,2025-12,0.1461962221940955,0.1447230171152714,0.185,25.93772893772894
nhsn,2025-2026,Alaska,baseline_oct_mar,Baseline Oct-Mar,2026-01,0.14295964265734268,0.13419029732451193,0.185,22.895604395604394
nhsn,2025-2026,Alaska,baseline_oct_mar,Baseline Oct-Mar,2026-02,0.13595457359047203,0.13041110041315232,0.185,14.051282051282053
nhsn,2025-2026,Alaska,baseline_oct_mar,Baseline Oct-Mar,2026-03,0.10169642533936651,0.08370129059354689,0.12500891612903228,9.098901098901099
nhsn,2025-2026,Alaska,baseline_oct_mar,Baseline Oct-Mar,2026-04,0.0,0.0,0.0,1.8882783882783882
nhsn,2025-2026,Alaska,early_sep_mar,Early Sep-Mar,2025-01,0.0,0.0,0.0,0.7948717948717946
nhsn,2025-2026,Alaska,early_sep_mar,Early Sep-Mar,2025-02,0.0,0.010735661420343367,0.035216071428571416,0.9468864468864467
nhsn,2025-2026,Alaska,early_sep_mar,Early Sep-Mar,2025-03,0.11757440657588028,0.11124619917526905,0.1814790322580645,3.219780219780219
nhsn,2025-2026,Alaska,early_sep_mar,Early Sep-Mar,2025-04,0.12386191382147267,0.12085983227026073,0.18499999999999991,4.851648351648352
nhsn,2025-2026,Alaska,early_sep_mar,Early Sep-Mar,2025-05,0.13427235689672645,0.1342496495679597,0.18499999999999997,7.954212454212454
nhsn,2025-2026,Alaska,early_sep_mar,Early Sep-Mar,2025-06,0.14037788255089625,0.1392656165416799,0.18499999999999991,14.873626373626372
nhsn,2025-2026,Alaska,early_sep_mar,Early Sep-Mar,2025-07,0.1427287779763661,0.14297828974604682,0.18499999999999997,22.08424908424908
nhsn,2025-2026,Alaska,early_sep_mar,Early Sep-Mar,2025-08,0.14009907886849993,0.13743466420655254,0.18499999999999997,28.633699633699635
nhsn,2025-2026,Alaska,early_sep_mar,Early Sep-Mar,2025-09,0.14535529275987172,0.14185524950038872,0.18499999999999997,29.23076923076923
nhsn,2025-2026,Alaska,early_sep_mar,Early Sep-Mar,2025-10,0.14725954671644145,0.14487107996265824,0.185,29.94505494505495
nhsn,2025-2026,Alaska,early_sep_mar,Early Sep-Mar,2025-11,0.14705456825539193,0.1457263112767683,0.18499999999999997,26.836996336996336
nhsn,2025-2026,Alaska,early_sep_mar,Early Sep-Mar,2025-12,0.1461962221940955,0.1447230171152714,0.185,25.93772893772894
nhsn,2025-2026,Alaska,early_sep_mar,Early Sep-Mar,2026-01,0.14295964265734268,0.13419029732451193,0.185,22.895604395604394
nhsn,2025-2026,Alaska,early_sep_mar,Early Sep-Mar,2026-02,0.13595457359047203,0.13041110041315232,0.185,14.051282051282053
nhsn,2025-2026,Alaska,early_sep_mar,Early Sep-Mar,2026-03,0.10169642533936651,0.08370129059354689,0.12500891612903228,9.098901098901099
nhsn,2025-2026,Alaska,early_sep_mar,Early Sep-Mar,2026-04,0.0,0.0,0.0,1.8882783882783882
nhsn,2025-2026,Alaska,extended_sep_apr,Extended Sep-Apr,2025-01,0.0,0.0,0.0,0.7948717948717946
nhsn,2025-2026,Alaska,extended_sep_apr,Extended Sep-Apr,2025-02,0.0,0.010735661420343367,0.035216071428571416,0.9468864468864467
nhsn,2025-2026,Alaska,extended_sep_apr,Extended Sep-Apr,2025-03,0.11757440657588028,0.11124619917526905,0.1814790322580645,3.219780219780219
nhsn,2025-2026,Alaska,extended_sep_apr,Extended Sep-Apr,2025-04,0.12386191382147267,0.12085983227026073,0.18499999999999991,4.851648351648352
nhsn,2025-2026,Alaska,extended_sep_apr,Extended Sep-Apr,2025-05,0.13427235689672645,0.1342496495679597,0.18499999999999997,7.954212454212454
nhsn,2025-2026,Alaska,extended_sep_apr,Extended Sep-Apr,2025-06,0.14037788255089625,0.1392656165416799,0.18499999999999991,14.873626373626372
nhsn,2025-2026,Alaska,extended_sep_apr,Extended Sep-Apr,2025-07,0.1427287779763661,0.14297828974604682,0.18499999999999997,22.08424908424908
nhsn,2025-2026,Alaska,extended_sep_apr,Extended Sep-Apr,2025-08,0.14009907886849993,0.13743466420655254,0.18499999999999997,28.633699633699635
nhsn,2025-2026,Alaska,extended_sep_apr,Extended Sep-Apr,2025-09,0.14535529275987172,0.14185524950038872,0.18499999999999997,29.23076923076923
nhsn,2025-2026,Alaska,extended_sep_apr,Extended Sep-Apr,2025-10,0.14725954671644145,0.14487107996265824,0.185,29.94505494505495
nhsn,2025-2026,Alaska,extended_sep_apr,Extended Sep-Apr,2025-11,0.14705456825539193,0.1457263112767683,0.18499999999999997,26.836996336996336
nhsn,2025-2026,Alaska,extended_sep_apr,Extended Sep-Apr,2025-12,0.1461962221940955,0.1447230171152714,0.185,25.93772893772894
nhsn,2025-2026,Alaska,extended_sep_apr,Extended Sep-Apr,2026-01,0.14295964265734268,0.13419029732451193,0.185,22.895604395604394
nhsn,2025-2026,Alaska,extended_sep_apr,Extended Sep-Apr,2026-02,0.13595457359047203,0.13041110041315232,0.185,14.051282051282053
nhsn,2025-2026,Alaska,extended_sep_apr,Extended Sep-Apr,2026-03,0.10498320032908268,0.10035512270989659,0.185,9.098901098901099
nhsn,2025-2026,Alaska,extended_sep_apr,Extended Sep-Apr,2026-04,0.01574181818181818,0.04826123307064118,0.13351405600000002,1.8882783882783882
nhsn,2025-2026,Alaska,late_oct_apr,Late Oct-Apr,2025-01,0.0,0.0,0.0,0.7948717948717946
nhsn,2025-2026,Alaska,late_oct_apr,Late Oct-Apr,2025-02,0.0,0.0,0.0,0.9468864468864467
nhsn,2025-2026,Alaska,late_oct_apr,Late Oct-Apr,2025-03,0.0,0.022958937638662885,0.03425483870967742,3.219780219780219
nhsn,2025-2026,Alaska,late_oct_apr,Late Oct-Apr,2025-04,0.1179891045066045,0.11225823750645808,0.18499999999999991,4.851648351648352
nhsn,2025-2026,Alaska,late_oct_apr,Late Oct-Apr,2025-05,0.08591727182494925,0.09375196042211566,0.18499999999999997,7.954212454212454
nhsn,2025-2026,Alaska,late_oct_apr,Late Oct-Apr,2025-06,0.1386237209400042,0.13645437515388617,0.18499999999999991,14.873626373626372
nhsn,2025-2026,Alaska,late_oct_apr,Late Oct-Apr,2025-07,0.12720299978084593,0.12941500231404154,0.18499999999999997,22.08424908424908
nhsn,2025-2026,Alaska,late_oct_apr,Late Oct-Apr,2025-08,0.1465868437743731,0.14621247092763268,0.18499999999999997,28.633699633699635
nhsn,2025-2026,Alaska,late_oct_apr,Late Oct-Apr,2025-09,0.14830035774751563,0.14804288253650297,0.18499999999999991,29.230769230769234
nhsn,2025-2026,Alaska,late_oct_apr,Late Oct-Apr,2025-10,0.14725954671644145,0.14487107996265824,0.185,29.94505494505495
nhsn,2025-2026,Alaska,late_oct_apr,Late Oct-Apr,2025-11,0.14705456825539193,0.1457263112767683,0.18499999999999997,26.836996336996336
nhsn,2025-2026,Alaska,late_oct_apr,Late Oct-Apr,2025-12,0.1461962221940955,0.1447230171152714,0.185,25.93772893772894
nhsn,2025-2026,Alaska,late_oct_apr,Late Oct-Apr,2026-01,0.14295964265734268,0.13419029732451193,0.185,22.895604395604394
nhsn,2025-2026,Alaska,late_oct_apr,Late Oct-Apr,2026-02,0.13595457359047203,0.13041110041315232,0.185,14.051282051282053
nhsn,2025-2026,Alaska,late_oct_apr,Late Oct-Apr,2026-03,0.10498320032908268,0.10035512270989659,0.185,9.098901098901099
nhsn,2025-2026,Alaska,late_oct_apr,Late Oct-Apr,2026-04,0.01574181818181818,0.04826123307064118,0.13351405600000002,1.8882783882783882
nhsn,2025-2026,Arizona,baseline_oct_mar,Baseline Oct-Mar,2025-01,0.0,0.0,0.0,1.9084249084249085
nhsn,2025-2026,Arizona,baseline_oct_mar,Baseline Oct-Mar,2025-02,0.0,0.0,0.0,3.9890109890109895
nhsn,2025-2026,Arizona,baseline_oct_mar,Baseline Oct-Mar,2025-03,0.0,0.014404430451966231,0.03425483870967742,6.5769230769230775
nhsn,2025-2026,Arizona,baseline_oct_mar,Baseline Oct-Mar,2025-04,0.0963344559322534,0.09838617422721817,0.18499999999999991,13.666666666666666
nhsn,2025-2026,Arizona,baseline_oct_mar,Baseline Oct-Mar,2025-05,0.12792872650077197,0.1277305358926218,0.18499999999999997,42.635531135531124
nhsn,2025-2026,Arizona,baseline_oct_mar,Baseline Oct-Mar,2025-06,0.14213448082187224,0.14202104043931557,0.18499999999999991,106.42857142857142
nhsn,2025-2026,Arizona,baseline_oct_mar,Baseline Oct-Mar,2025-07,0.14404388604904708,0.14415115288709773,0.18499999999999997,201.50732600732593
nhsn,2025-2026,Arizona,baseline_oct_mar,Baseline Oct-Mar,2025-08,0.14565863340343738,0.1456583320295064,0.18499999999999997,247.05677655677655
nhsn,2025-2026,Arizona,baseline_oct_mar,Baseline Oct-Mar,2025-09,0.14618863218291722,0.14633199549673612,0.18499999999999991,249.02747252747253
nhsn,2025-2026,Arizona,baseline_oct_mar,Baseline Oct-Mar,2025-10,0.14755233099920426,0.14761717955883205,0.185,254.7673992673993
nhsn,2025-2026,Arizona,baseline_oct_mar,Baseline Oct-Mar,2025-11,0.14821979045842354,0.14787574588859767,0.18499999999999997,244.35897435897436
nhsn,2025-2026,Arizona,baseline_oct_mar,Baseline Oct-Mar,2025-12,0.14688066835190763,0.145007175468453,0.185,244.64102564102564
nhsn,2025-2026,Arizona,baseline_oct_mar,Baseline Oct-Mar,2026-01,0.1434257720338081,0.13727091498423433,0.185,215.17948717948718
nhsn,2025-2026,Arizona,baseline_oct_mar,Baseline Oct-Mar,2026-02,0.11946372656487335,0.11396292213232163,0.185,134.85897435897436
nhsn,2025-2026,Arizona,baseline_oct_mar,Baseline Oct-Mar,2026-03,0.10416509964297307,0.08121231441901151,0.12500891612903228,59.82967032967033
nhsn,2025-2026,Arizona,baseline_oct_mar,Baseline Oct-Mar,2026-04,0.0,0.0,0.0,12.157509157509162
nhsn,2025-2026,Arizona,early_sep_mar,Early Sep-Mar,2025-01,0.0,0.0,0.0,1.9084249084249085
nhsn,2025-2026,Arizona,early_sep_mar,Early Sep-Mar,2025-02,0.0,0.02205026763759159,0.035216071428571416,3.9890109890109895
nhsn,2025-2026,Arizona,early_sep_mar,Early Sep-Mar,2025-03,0.10322916883801132,0.09805982236601357,0.1814790322580645,6.5769230769230775
nhsn,2025-2026,Arizona,early_sep_mar,Early Sep-Mar,2025-04,0.0963344559322534,0.10398409296592295,0.18499999999999991,13.666666666666666
nhsn,2025-2026,Arizona,early_sep_mar,Early Sep-Mar,2025-05,0.1412270717912753,0.14043152012721954,0.18499999999999997,42.635531135531124
nhsn,2025-2026,Arizona,early_sep_mar,Early Sep-Mar,2025-06,0.14213448082187224,0.14256324778311347,0.18499999999999991,106.42857142857142
nhsn,2025-2026,Arizona,early_sep_mar,Early Sep-Mar,2025-07,0.1461224094111636,0.1460696002880193,0.18499999999999997,201.50732600732593
nhsn,2025-2026,Arizona,early_sep_mar,Early Sep-Mar,2025-08,0.1426036936001677,0.14028033958598246,0.18499999999999997,247.05677655677655
nhsn,2025-2026,Arizona,early_sep_mar,Early Sep-Mar,2025-09,0.14513985527415574,0.14237266928780506,0.18499999999999997,249.02747252747253
nhsn,2025-2026,Arizona,early_sep_mar,Early Sep-Mar,2025-10,0.14755233099920426,0.14761717955883205,0.185,254.7673992673993
nhsn,2025-2026,Arizona,early_sep_mar,Early Sep-Mar,2025-11,0.14821979045842354,0.14787574588859767,0.18499999999999997,244.35897435897436
nhsn,2025-2026,Arizona,early_sep_mar,Early Sep-Mar,2025-12,0.14688066835190763,0.145007175468453,0.185,244.64102564102564
nhsn,2025-2026,Arizona,early_sep_mar,Early Sep-Mar,2026-01,0.1434257720338081,0.13727091498423433,0.185,215.17948717948718
nhsn,2025-2026,Arizona,early_sep_mar,Early Sep-Mar,2026-02,0.11946372656487335,0.11396292213232163,0.185,134.85897435897436
nhsn,2025-2026,Arizona,early_sep_mar,Early Sep-Mar,2026-03,0.10416509964297307,0.08121231441901151,0.12500891612903228,59.82967032967033
nhsn,2025-2026,Arizona,early_sep_mar,Early Sep-Mar,2026-04,0.0,0.0,0.0,12.157509157509162
nhsn,2025-2026,Arizona,extended_sep_apr,Extended Sep-Apr,2025-01,0.0,0.0,0.0,1.9084249084249085
nhsn,2025-2026,Arizona,extended_sep_apr,Extended Sep-Apr,2025-02,0.0,0.02205026763759159,0.035216071428571416,3.9890109890109895
nhsn,2025-2026,Arizona,extended_sep_apr,Extended Sep-Apr,2025-03,0.10322916883801132,0.09805982236601357,0.1814790322580645,6.5769230769230775
nhsn,2025-2026,Arizona,extended_sep_apr,Extended Sep-Apr,2025-04,0.0963344559322534,0.10398409296592295,0.18499999999999991,13.666666666666666
nhsn,2025-2026,Arizona,extended_sep_apr,Extended Sep-Apr,2025-05,0.1412270717912753,0.14043152012721954,0.18499999999999997,42.635531135531124
nhsn,2025-2026,Arizona,extended_sep_apr,Extended Sep-Apr,2025-06,0.14213448082187224,0.14256324778311347,0.18499999999999991,106.42857142857142
nhsn,2025-2026,Arizona,extended_sep_apr,Extended Sep-Apr,2025-07,0.1461224094111636,0.1460696002880193,0.18499999999999997,201.50732600732593
nhsn,2025-2026,Arizona,extended_sep_apr,Extended Sep-Apr,2025-08,0.1426036936001677,0.14028033958598246,0.18499999999999997,247.05677655677655
nhsn,2025-2026,Arizona,extended_sep_apr,Extended Sep-Apr,2025-09,0.14513985527415574,0.14237266928780506,0.18499999999999997,249.02747252747253
nhsn,2025-2026,Arizona,extended_sep_apr,Extended Sep-Apr,2025-10,0.14755233099920426,0.14761717955883205,0.185,254.7673992673993
nhsn,2025-2026,Arizona,extended_sep_apr,Extended Sep-Apr,2025-11,0.14821979045842354,0.14787574588859767,0.18499999999999997,244.35897435897436
nhsn,2025-2026,Arizona,extended_sep_apr,Extended Sep-Apr,2025-12,0.14688066835190763,0.145007175468453,0.185,244.64102564102564
nhsn,2025-2026,Arizona,extended_sep_apr,Extended Sep-Apr,2026-01,0.1434257720338081,0.13727091498423433,0.185,215.17948717948718
nhsn,2025-2026,Arizona,extended_sep_apr,Extended Sep-Apr,2026-02,0.11946372656487335,0.11396292213232163,0.185,134.85897435897436
nhsn,2025-2026,Arizona,extended_sep_apr,Extended Sep-Apr,2026-03,0.10547306245675833,0.09821345896543793,0.185,59.82967032967033
nhsn,2025-2026,Arizona,extended_sep_apr,Extended Sep-Apr,2026-04,0.015189473684210525,0.04943807700115695,0.13351405600000002,12.157509157509159
nhsn,2025-2026,Arizona,late_oct_apr,Late Oct-Apr,2025-01,0.0,0.0,0.0,1.9084249084249085
nhsn,2025-2026,Arizona,late_oct_apr,Late Oct-Apr,2025-02,0.0,0.0,0.0,3.9890109890109895
nhsn,2025-2026,Arizona,late_oct_apr,Late Oct-Apr,2025-03,0.0,0.014404430451966231,0.03425483870967742,6.5769230769230775
nhsn,2025-2026,Arizona,late_oct_apr,Late Oct-Apr,2025-04,0.0963344559322534,0.09838617422721817,0.18499999999999991,13.666666666666666
nhsn,2025-2026,Arizona,late_oct_apr,Late Oct-Apr,2025-05,0.12792872650077197,0.1277305358926218,0.18499999999999997,42.635531135531124
nhsn,2025-2026,Arizona,late_oct_apr,Late Oct-Apr,2025-06,0.14213448082187224,0.14202104043931557,0.18499999999999991,106.42857142857142
nhsn,2025-2026,Arizona,late_oct_apr,Late Oct-Apr,2025-07,0.14404388604904708,0.14415115288709773,0.18499999999999997,201.50732600732593
nhsn,2025-2026,Arizona,late_oct_apr,Late Oct-Apr,2025-08,0.14565863340343738,0.1456583320295064,0.18499999999999997,247.05677655677655
nhsn,2025-2026,Arizona,late_oct_apr,Late Oct-Apr,2025-09,0.14618863218291722,0.14633199549673612,0.18499999999999991,249.02747252747253
nhsn,2025-2026,Arizona,late_oct_apr,Late Oct-Apr,2025-10,0.14755233099920426,0.14761717955883205,0.185,254.7673992673993
nhsn,2025-2026,Arizona,late_oct_apr,Late Oct-Apr,2025-11,0.14821979045842354,0.14787574588859767,0.18499999999999997,244.35897435897436
nhsn,2025-2026,Arizona,late_oct_apr,Late Oct-Apr,2025-12,0.14688066835190763,0.145007175468453,0.185,244.64102564102564
nhsn,2025-2026,Arizona,late_oct_apr,Late Oct-Apr,2026-01,0.1434257720338081,0.13727091498423433,0.185,215.17948717948718
nhsn,2025-2026,Arizona,late_oct_apr,Late Oct-Apr,2026-02,0.11946372656487335,0.11396292213232163,0.185,134.85897435897436
nhsn,2025-2026,Arizona,late_oct_apr,Late Oct-Apr,2026-03,0.10547306245675833,0.09821345896543793,0.185,59.82967032967033
nhsn,2025-2026,Arizona,late_oct_apr,Late Oct-Apr,2026-04,0.015189473684210525,0.04943807700115695,0.13351405600000002,12.157509157509159
nhsn,2025-2026,Arkansas,baseline_oct_mar,Baseline Oct-Mar,2025-01,0.0,0.0,0.0,5.30952380952381
nhsn,2025-2026,Arkansas,baseline_oct_mar,Baseline Oct-Mar,2025-02,0.0,0.0,0.0,11.249084249084248
nhsn,2025-2026,Arkansas,baseline_oct_mar,Baseline Oct-Mar,2025-03,0.0,0.021441525193259814,0.03425483870967742,30.300366300366306
nhsn,2025-2026,Arkansas,baseline_oct_mar,Baseline Oct-Mar,2025-04,0.12252498349019401,0.11841720044831193,0.18499999999999991,62.43406593406594
nhsn,2025-2026,Arkansas,baseline_oct_mar,Baseline Oct-Mar,2025-05,0.10990555500327012,0.11475207601129885,0.18499999999999997,118.47619047619048
nhsn,2025-2026,Arkansas,baseline_oct_mar,Baseline Oct-Mar,2025-06,0.13770871288347467,0.13719422670056858,0.18499999999999991,165.2948717948718
nhsn,2025-2026,Arkansas,baseline_oct_mar,Baseline Oct-Mar,2025-07,0.1271124631640454,0.1298722547786296,0.18499999999999997,209.97619047619048
nhsn,2025-2026,Arkansas,baseline_oct_mar,Baseline Oct-Mar,2025-08,0.14251665093773694,0.1425246685799047,0.18499999999999997,234.48717948717947
nhsn,2025-2026,Arkansas,baseline_oct_mar,Baseline Oct-Mar,2025-09,0.14543028153616208,0.14549074845616178,0.18499999999999991,225.73992673992674
nhsn,2025-2026,Arkansas,baseline_oct_mar,Baseline Oct-Mar,2025-10,0.14736004803182928,0.145807249851558,0.185,226.04761904761904
nhsn,2025-2026,Arkansas,baseline_oct_mar,Baseline Oct-Mar,2025-11,0.14425677630122447,0.1422628458931515,0.18499999999999997,200.91758241758242
nhsn,2025-2026,Arkansas,baseline_oct_mar,Baseline Oct-Mar,2025-12,0.13585315637406903,0.13362174656999568,0.185,172.8736263736264
nhsn,2025-2026,Arkansas,baseline_oct_mar,Baseline Oct-Mar,2026-01,0.13029637796184398,0.1265345008622491,0.185,118.2032967032967
nhsn,2025-2026,Arkansas,baseline_oct_mar,Baseline Oct-Mar,2026-02,0.12510314325157723,0.11891992582190727,0.185,60.794871794871796
nhsn,2025-2026,Arkansas,baseline_oct_mar,Baseline Oct-Mar,2026-03,0.0747576923076923,0.07318169860163469,0.12500891612903228,29.208791208791208
nhsn,2025-2026,Arkansas,baseline_oct_mar,Baseline Oct-Mar,2026-04,0.0,0.0,0.0,2.009157509157509
nhsn,2025-2026,Arkansas,early_sep_mar,Early Sep-Mar,2025-01,0.0,0.0,0.0,5.30952380952381
nhsn,2025-2026,Arkansas,early_sep_mar,Early Sep-Mar,2025-02,0.0,0.0216964941452488,0.035216071428571416,11.249084249084248
nhsn,2025-2026,Arkansas,early_sep_mar,Early Sep-Mar,2025-03,0.12382057975947355,0.11884057428285182,0.1814790322580645,30.300366300366306
nhsn,2025-2026,Arkansas,early_sep_mar,Early Sep-Mar,2025-04,0.12294302010864673,0.12434009422642109,0.18499999999999991,62.43406593406594
nhsn,2025-2026,Arkansas,early_sep_mar,Early Sep-Mar,2025-05,0.141879828478428,0.14129975648582022,0.18499999999999997,118.47619047619048
nhsn,2025-2026,Arkansas,early_sep_mar,Early Sep-Mar,2025-06,0.1389058288896458,0.13961635761618743,0.18499999999999991,165.2948717948718
nhsn,2025-2026,Arkansas,early_sep_mar,Early Sep-Mar,2025-07,0.1446846783251977,0.14477069273817178,0.18499999999999997,209.97619047619048
nhsn,2025-2026,Arkansas,early_sep_mar,Early Sep-Mar,2025-08,0.14454051417846644,0.1443937434981161,0.18499999999999997,234.48717948717947
nhsn,2025-2026,Arkansas,early_sep_mar,Early Sep-Mar,2025-09,0.14645248297545857,0.1461916848692596,0.18499999999999997,225.73992673992674
nhsn,2025-2026,Arkansas,early_sep_mar,Early Sep-Mar,2025-10,0.14736004803182928,0.145807249851558,0.185,226.04761904761904
nhsn,2025-2026,Arkansas,early_sep_mar,Early Sep-Mar,2025-11,0.14425677630122447,0.1422628458931515,0.18499999999999997,200.91758241758242
nhsn,2025-2026,Arkansas,early_sep_mar,Early Sep-Mar,2025-12,0.13585315637406903,0.13362174656999568,0.185,172.8736263736264
nhsn,2025-2026,Arkansas,early_sep_mar,Early Sep-Mar,2026-01,0.13029637796184398,0.1265345008622491,0.185,118.2032967032967
nhsn,2025-2026,Arkansas,early_sep_mar,Early Sep-Mar,2026-02,0.12510314325157723,0.11891992582190727,0.185,60.794871794871796
nhsn,2025-2026,Arkansas,early_sep_mar,Early Sep-Mar,2026-03,0.0747576923076923,0.07318169860163469,0.12500891612903228,29.208791208791208
nhsn,2025-2026,Arkansas,early_sep_mar,Early Sep-Mar,2026-04,0.0,0.0,0.0,2.009157509157509
nhsn,2025-2026,Arkansas,extended_sep_apr,Extended Sep-Apr,2025-01,0.0,0.0,0.0,5.30952380952381
nhsn,2025-2026,Arkansas,extended_sep_apr,Extended Sep-Apr,2025-02,0.0,0.0216964941452488,0.035216071428571416,11.249084249084248
nhsn,2025-2026,Arkansas,extended_sep_apr,Extended Sep-Apr,2025-03,0.12382057975947355,0.11884057428285182,0.1814790322580645,30.300366300366306
nhsn,2025-2026,Arkansas,extended_sep_apr,Extended Sep-Apr,2025-04,0.12294302010864673,0.12434009422642109,0.18499999999999991,62.43406593406594
nhsn,2025-2026,Arkansas,extended_sep_apr,Extended Sep-Apr,2025-05,0.141879828478428,0.14129975648582022,0.18499999999999997,118.47619047619048
nhsn,2025-2026,Arkansas,extended_sep_apr,Extended Sep-Apr,2025-06,0.1389058288896458,0.13961635761618743,0.18499999999999991,165.2948717948718
nhsn,2025-2026,Arkansas,extended_sep_apr,Extended Sep-Apr,2025-07,0.1446846783251977,0.14477069273817178,0.18499999999999997,209.97619047619048
nhsn,2025-2026,Arkansas,extended_sep_apr,Extended Sep-Apr,2025-08,0.14454051417846644,0.1443937434981161,0.18499999999999997,234.48717948717947
nhsn,2025-2026,Arkansas,extended_sep_apr,Extended Sep-Apr,2025-09,0.14645248297545857,0.1461916848692596,0.18499999999999997,225.73992673992674
nhsn,2025-2026,Arkansas,extended_sep_apr,Extended Sep-Apr,2025-10,0.14736004803182928,0.145807249851558,0.185,226.04761904761904
nhsn,2025-2026,Arkansas,extended_sep_apr,Extended Sep-Apr,2025-11,0.14425677630122447,0.1422628458931515,0.18499999999999997,200.91758241758242
nhsn,2025-2026,Arkansas,extended_sep_apr,Extended Sep-Apr,2025-12,0.13585315637406903,0.13362174656999568,0.185,172.8736263736264
nhsn,2025-2026,Arkansas,extended_sep_apr,Extended Sep-Apr,2026-01,0.13029637796184398,0.1265345008622491,0.185,118.2032967032967
nhsn,2025-2026,Arkansas,extended_sep_apr,Extended Sep-Apr,2026-02,0.12510314325157723,0.11891992582190727,0.185,60.794871794871796
nhsn,2025-2026,Arkansas,extended_sep_apr,Extended Sep-Apr,2026-03,0.0747576923076923,0.07887276118966746,0.185,29.208791208791208
nhsn,2025-2026,Arkansas,extended_sep_apr,Extended Sep-Apr,2026-04,0.0074846002422774074,0.03521761189178146,0.13351405600000002,2.009157509157509
nhsn,2025-2026,Arkansas,late_oct_apr,Late Oct-Apr,2025-01,0.0,0.0,0.0,5.30952380952381
nhsn,2025-2026,Arkansas,late_oct_apr,Late Oct-Apr,2025-02,0.0,0.0,0.0,11.249084249084248
nhsn,2025-2026,Arkansas,late_oct_apr,Late Oct-Apr,2025-03,0.0,0.021441525193259814,0.03425483870967742,30.300366300366306
nhsn,2025-2026,Arkansas,late_oct_apr,Late Oct-Apr,2025-04,0.12252498349019401,0.11841720044831193,0.18499999999999991,62.43406593406594
nhsn,2025-2026,Arkansas,late_oct_apr,Late Oct-Apr,2025-05,0.10990555500327012,0.11475207601129885,0.18499999999999997,118.47619047619048
nhsn,2025-2026,Arkansas,late_oct_apr,Late Oct-Apr,2025-06,0.13770871288347467,0.13719422670056858,0.18499999999999991,165.2948717948718
nhsn,2025-2026,Arkansas,late_oct_apr,Late Oct-Apr,2025-07,0.1271124631640454,0.1298722547786296,0.18499999999999997,209.97619047619048
nhsn,2025-2026,Arkansas,late_oct_apr,Late Oct-Apr,2025-08,0.14251665093773694,0.1425246685799047,0.18499999999999997,234.48717948717947
nhsn,2025-2026,Arkansas,late_oct_apr,Late Oct-Apr,2025-09,0.14543028153616208,0.14549074845616178,0.18499999999999991,225.73992673992674
nhsn,2025-2026,Arkansas,late_oct_apr,Late Oct-Apr,2025-10,0.14736004803182928,0.145807249851558,0.185,226.04761904761904
nhsn,2025-2026,Arkansas,late_oct_apr,Late Oct-Apr,2025-11,0.14425677630122447,0.1422628458931515,0.18499999999999997,200.91758241758242
nhsn,2025-2026,Arkansas,late_oct_apr,Late Oct-Apr,2025-12,0.13585315637406903,0.13362174656999568,0.185,172.8736263736264
nhsn,2025-2026,Arkansas,late_oct_apr,Late Oct-Apr,2026-01,0.13029637796184398,0.1265345008622491,0.185,118.2032967032967
nhsn,2025-2026,Arkansas,late_oct_apr,Late Oct-Apr,2026-02,0.12510314325157723,0.11891992582190727,0.185,60.794871794871796
nhsn,2025-2026,Arkansas,late_oct_apr,Late Oct-Apr,2026-03,0.0747576923076923,0.07887276118966746,0.185,29.208791208791208
nhsn,2025-2026,Arkansas,late_oct_apr,Late Oct-Apr,2026-04,0.0074846002422774074,0.03521761189178146,0.13351405600000002,2.009157509157509
nhsn,2025-2026,California,baseline_oct_mar,Baseline Oct-Mar,2025-01,0.0,0.0,0.0,16.324175824175825
nhsn,2025-2026,California,baseline_oct_mar,Baseline Oct-Mar,2025-02,0.0,0.0,0.0,25.63186813186813
nhsn,2025-2026,California,baseline_oct_mar,Baseline Oct-Mar,2025-03,0.0,0.01958821131163032,0.03425483870967742,60.5934065934066
nhsn,2025-2026,California,baseline_oct_mar,Baseline Oct-Mar,2025-04,0.12029308650283883,0.11973309596525339,0.18499999999999991,147.67765567765568
nhsn,2025-2026,California,baseline_oct_mar,Baseline Oct-Mar,2025-05,0.12664577792815349,0.12732531436759278,0.18499999999999997,366.65567765567766
nhsn,2025-2026,California,baseline_oct_mar,Baseline Oct-Mar,2025-06,0.14256998446271318,0.14196912423987565,0.18499999999999991,639.948717948718
nhsn,2025-2026,California,baseline_oct_mar,Baseline Oct-Mar,2025-07,0.14052637781778368,0.1408662579545575,0.18499999999999997,961.981684981685
nhsn,2025-2026,California,baseline_oct_mar,Baseline Oct-Mar,2025-08,0.1456146359104598,0.14560712573915066,0.18499999999999997,1136.8076923076926
nhsn,2025-2026,California,baseline_oct_mar,Baseline Oct-Mar,2025-09,0.1467579333905704,0.14690082482438044,0.18499999999999991,1122.2435897435898
nhsn,2025-2026,California,baseline_oct_mar,Baseline Oct-Mar,2025-10,0.14774830819575172,0.14734333032269864,0.185,1147.3406593406594
nhsn,2025-2026,California,baseline_oct_mar,Baseline Oct-Mar,2025-11,0.14731523686315692,0.14598584135587378,0.18499999999999997,1078.2875457875457
nhsn,2025-2026,California,baseline_oct_mar,Baseline Oct-Mar,2025-12,0.14341950596056874,0.1403004565713685,0.185,1019.9835164835165
nhsn,2025-2026,California,baseline_oct_mar,Baseline Oct-Mar,2026-01,0.1363726212795469,0.131879264429919,0.185,800.3241758241759
nhsn,2025-2026,California,baseline_oct_mar,Baseline Oct-Mar,2026-02,0.12294541891834466,0.11696904046752296,0.185,464.66666666666674
nhsn,2025-2026,California,baseline_oct_mar,Baseline Oct-Mar,2026-03,0.09393453810387552,0.07932114645515814,0.12500891612903228,219.8223443223443
nhsn,2025-2026,California,baseline_oct_mar,Baseline Oct-Mar,2026-04,0.0,0.0,0.0,33.613553113553124
nhsn,2025-2026,California,early_sep_mar,Early Sep-Mar,2025-01,0.0,0.0,0.0,16.324175824175825
nhsn,2025-2026,California,early_sep_mar,Early Sep-Mar,2025-02,0.0,0.017163418524148988,0.035216071428571416,25.63186813186813
nhsn,2025-2026,California,early_sep_mar,Early Sep-Mar,2025-03,0.10712780669923239,0.10433411761473171,0.1814790322580645,60.5934065934066
nhsn,2025-2026,California,early_sep_mar,Early Sep-Mar,2025-04,0.12268876261753761,0.12362719366806216,0.18499999999999991,147.67765567765568
nhsn,2025-2026,California,early_sep_mar,Early Sep-Mar,2025-05,0.14169735281141624,0.14126314075257737,0.18499999999999997,366.65567765567766
nhsn,2025-2026,California,early_sep_mar,Early Sep-Mar,2025-06,0.14273301868050461,0.14279641530010787,0.18499999999999991,639.948717948718
nhsn,2025-2026,California,early_sep_mar,Early Sep-Mar,2025-07,0.14561779776977685,0.14551805989252567,0.18499999999999997,961.981684981685
nhsn,2025-2026,California,early_sep_mar,Early Sep-Mar,2025-08,0.1431860656246725,0.1420429777567239,0.18499999999999997,1136.8076923076926
nhsn,2025-2026,California,early_sep_mar,Early Sep-Mar,2025-09,0.14623876951884757,0.1444934260938666,0.18499999999999997,1122.2435897435896
nhsn,2025-2026,California,early_sep_mar,Early Sep-Mar,2025-10,0.14774830819575172,0.14734333032269864,0.185,1147.3406593406594
nhsn,2025-2026,California,early_sep_mar,Early Sep-Mar,2025-11,0.14731523686315692,0.14598584135587378,0.18499999999999997,1078.2875457875457
nhsn,2025-2026,California,early_sep_mar,Early Sep-Mar,2025-12,0.14341950596056874,0.1403004565713685,0.185,1019.9835164835165
nhsn,2025-2026,California,early_sep_mar,Early Sep-Mar,2026-01,0.1363726212795469,0.131879264429919,0.185,800.3241758241759
nhsn,2025-2026,California,early_sep_mar,Early Sep-Mar,2026-02,0.12294541891834466,0.11696904046752296,0.185,464.66666666666674
nhsn,2025-2026,California,early_sep_mar,Early Sep-Mar,2026-03,0.09393453810387552,0.07932114645515814,0.12500891612903228,219.8223443223443
nhsn,2025-2026,California,early_sep_mar,Early Sep-Mar,2026-04,0.0,0.0,0.0,33.613553113553124
nhsn,2025-2026,California,extended_sep_apr,Extended Sep-Apr,2025-01,0.0,0.0,0.0,16.324175824175825
nhsn,2025-2026,California,extended_sep_apr,Extended Sep-Apr,2025-02,0.0,0.017163418524148988,0.035216071428571416,25.63186813186813
nhsn,2025-2026,California,extended_sep_apr,Extended Sep-Apr,2025-03,0.10712780669923239,0.10433411761473171,0.1814790322580645,60.5934065934066
nhsn,2025-2026,California,extended_sep_apr,Extended Sep-Apr,2025-04,0.12268876261753761,0.12362719366806216,0.18499999999999991,147.67765567765568
nhsn,2025-2026,California,extended_sep_apr,Extended Sep-Apr,2025-05,0.14169735281141624,0.14126314075257737,0.18499999999999997,366.65567765567766
nhsn,2025-2026,California,extended_sep_apr,Extended Sep-Apr,2025-06,0.14273301868050461,0.14279641530010787,0.18499999999999991,639.948717948718
nhsn,2025-2026,California,extended_sep_apr,Extended Sep-Apr,2025-07,0.14561779776977685,0.14551805989252567,0.18499999999999997,961.981684981685
nhsn,2025-2026,California,extended_sep_apr,Extended Sep-Apr,2025-08,0.1431860656246725,0.1420429777567239,0.18499999999999997,1136.8076923076926
nhsn,2025-2026,California,extended_sep_apr,Extended Sep-Apr,2025-09,0.14623876951884757,0.1444934260938666,0.18499999999999997,1122.2435897435896
nhsn,2025-2026,California,extended_sep_apr,Extended Sep-Apr,2025-10,0.14774830819575172,0.14734333032269864,0.185,1147.3406593406594
nhsn,2025-2026,California,extended_sep_apr,Extended Sep-Apr,2025-11,0.14731523686315692,0.14598584135587378,0.18499999999999997,1078.2875457875457
nhsn,2025-2026,California,extended_sep_apr,Extended Sep-Apr,2025-12,0.14341950596056874,0.1403004565713685,0.185,1019.9835164835165
nhsn,2025-2026,California,extended_sep_apr,Extended Sep-Apr,2026-01,0.1363726212795469,0.131879264429919,0.185,800.3241758241759
nhsn,2025-2026,California,extended_sep_apr,Extended Sep-Apr,2026-02,0.12294541891834466,0.11696904046752296,0.185,464.66666666666674
nhsn,2025-2026,California,extended_sep_apr,Extended Sep-Apr,2026-03,0.09393453810387552,0.0920203734666229,0.185,219.8223443223443
nhsn,2025-2026,California,extended_sep_apr,Extended Sep-Apr,2026-04,0.016079142857142858,0.047172520299914145,0.13351405600000002,33.61355311355311
nhsn,2025-2026,California,late_oct_apr,Late Oct-Apr,2025-01,0.0,0.0,0.0,16.324175824175825
nhsn,2025-2026,California,late_oct_apr,Late Oct-Apr,2025-02,0.0,0.0,0.0,25.63186813186813
nhsn,2025-2026,California,late_oct_apr,Late Oct-Apr,2025-03,0.0,0.01958821131163032,0.03425483870967742,60.5934065934066
nhsn,2025-2026,California,late_oct_apr,Late Oct-Apr,2025-04,0.12029308650283883,0.11973309596525339,0.18499999999999991,147.67765567765568
nhsn,2025-2026,California,late_oct_apr,Late Oct-Apr,2025-05,0.12664577792815349,0.12732531436759278,0.18499999999999997,366.65567765567766
nhsn,2025-2026,California,late_oct_apr,Late Oct-Apr,2025-06,0.14256998446271318,0.14196912423987565,0.18499999999999991,639.948717948718
nhsn,2025-2026,California,late_oct_apr,Late Oct-Apr,2025-07,0.14052637781778368,0.1408662579545575,0.18499999999999997,961.981684981685
nhsn,2025-2026,California,late_oct_apr,Late Oct-Apr,2025-08,0.1456146359104598,0.14560712573915066,0.18499999999999997,1136.8076923076926
nhsn,2025-2026,California,late_oct_apr,Late Oct-Apr,2025-09,0.1467579333905704,0.14690082482438044,0.18499999999999991,1122.2435897435898
nhsn,2025-2026,California,late_oct_apr,Late Oct-Apr,2025-10,0.14774830819575172,0.14734333032269864,0.185,1147.3406593406594
nhsn,2025-2026,California,late_oct_apr,Late Oct-Apr,2025-11,0.14731523686315692,0.14598584135587378,0.18499999999999997,1078.2875457875457
nhsn,2025-2026,California,late_oct_apr,Late Oct-Apr,2025-12,0.14341950596056874,0.1403004565713685,0.185,1019.9835164835165
nhsn,2025-2026,California,late_oct_apr,Late Oct-Apr,2026-01,0.1363726212795469,0.131879264429919,0.185,800.3241758241759
nhsn,2025-2026,California,late_oct_apr,Late Oct-Apr,2026-02,0.12294541891834466,0.11696904046752296,0.185,464.66666666666674
nhsn,2025-2026,California,late_oct_apr,Late Oct-Apr,2026-03,0.09393453810387552,0.0920203734666229,0.185,219.8223443223443
nhsn,2025-2026,California,late_oct_apr,Late Oct-Apr,2026-04,0.016079142857142858,0.047172520299914145,0.13351405600000002,33.61355311355311
nhsn,2025-2026,Colorado,baseline_oct_mar,Baseline Oct-Mar,2025-01,0.0,0.0,0.0,1.4670329670329672
nhsn,2025-2026,Colorado,baseline_oct_mar,Baseline Oct-Mar,2025-02,0.0,0.0,0.0,2.2637362637362637
nhsn,2025-2026,Colorado,baseline_oct_mar,Baseline Oct-Mar,2025-03,0.0,0.020592258674185043,0.03425483870967742,5.604395604395603
nhsn,2025-2026,Colorado,baseline_oct_mar,Baseline Oct-Mar,2025-04,0.13514397911765655,0.13331454905990112,0.18499999999999991,25.267399267399266
nhsn,2025-2026,Colorado,baseline_oct_mar,Baseline Oct-Mar,2025-05,0.14274053580428728,0.14242294197877933,0.18499999999999997,89.01282051282051
nhsn,2025-2026,Colorado,baseline_oct_mar,Baseline Oct-Mar,2025-06,0.1469667204982518,0.1470078476314928,0.18499999999999991,246.75824175824175
nhsn,2025-2026,Colorado,baseline_oct_mar,Baseline Oct-Mar,2025-07,0.14726433420761936,0.1472965098759137,0.18499999999999997,469.86813186813185
nhsn,2025-2026,Colorado,baseline_oct_mar,Baseline Oct-Mar,2025-08,0.14737016272856898,0.14741917266119872,0.18499999999999997,555.8516483516482
nhsn,2025-2026,Colorado,baseline_oct_mar,Baseline Oct-Mar,2025-09,0.1474272220928897,0.14743723945006185,0.18499999999999991,551.9560439560439
nhsn,2025-2026,Colorado,baseline_oct_mar,Baseline Oct-Mar,2025-10,0.14793476368856173,0.1479126730297199,0.185,569.3260073260074
nhsn,2025-2026,Colorado,baseline_oct_mar,Baseline Oct-Mar,2025-11,0.14830932534359773,0.14779485486084684,0.18499999999999997,547.8461538461538
nhsn,2025-2026,Colorado,baseline_oct_mar,Baseline Oct-Mar,2025-12,0.1468860267375482,0.14547971464637127,0.185,544.9120879120878
nhsn,2025-2026,Colorado,baseline_oct_mar,Baseline Oct-Mar,2026-01,0.14140171050120728,0.13513474344585957,0.185,479.39560439560444
nhsn,2025-2026,Colorado,baseline_oct_mar,Baseline Oct-Mar,2026-02,0.1152503571351279,0.11001280734586748,0.185,286.56410256410254
nhsn,2025-2026,Colorado,baseline_oct_mar,Baseline Oct-Mar,2026-03,0.08719656171999095,0.07441951395529431,0.12500891612903228,106.85531135531136
nhsn,2025-2026,Colorado,baseline_oct_mar,Baseline Oct-Mar,2026-04,0.0,0.0,0.0,16.336996336996336
nhsn,2025-2026,Colorado,early_sep_mar,Early Sep-Mar,2025-01,0.0,0.0,0.0,1.4670329670329672
nhsn,2025-2026,Colorado,early_sep_mar,Early Sep-Mar,2025-02,0.0,0.014953969148459782,0.035216071428571416,2.2637362637362637
nhsn,2025-2026,Colorado,early_sep_mar,Early Sep-Mar,2025-03,0.10635793844769093,0.1027157064626362,0.1814790322580645,5.604395604395603
nhsn,2025-2026,Colorado,early_sep_mar,Early Sep-Mar,2025-04,0.13514397911765655,0.13386413402993452,0.18499999999999991,25.267399267399266
nhsn,2025-2026,Colorado,early_sep_mar,Early Sep-Mar,2025-05,0.14575269190024667,0.14560702322136318,0.18499999999999997,89.01282051282051
nhsn,2025-2026,Colorado,early_sep_mar,Early Sep-Mar,2025-06,0.1468245270807624,0.1468832198448018,0.18499999999999991,246.75824175824175
nhsn,2025-2026,Colorado,early_sep_mar,Early Sep-Mar,2025-07,0.14695843881404477,0.1469829996911763,0.18499999999999997,469.86813186813185
nhsn,2025-2026,Colorado,early_sep_mar,Early Sep-Mar,2025-08,0.14398453237504596,0.1430452922315191,0.18499999999999997,555.8516483516482
nhsn,2025-2026,Colorado,early_sep_mar,Early Sep-Mar,2025-09,0.14593985725285166,0.14454478128735676,0.18499999999999997,551.9560439560439
nhsn,2025-2026,Colorado,early_sep_mar,Early Sep-Mar,2025-10,0.14793476368856173,0.1479126730297199,0.185,569.3260073260074
nhsn,2025-2026,Colorado,early_sep_mar,Early Sep-Mar,2025-11,0.14830932534359773,0.14779485486084684,0.18499999999999997,547.8461538461538
nhsn,2025-2026,Colorado,early_sep_mar,Early Sep-Mar,2025-12,0.1468860267375482,0.14547971464637127,0.185,544.9120879120878
nhsn,2025-2026,Colorado,early_sep_mar,Early Sep-Mar,2026-01,0.14140171050120728,0.13513474344585957,0.185,479.39560439560444
nhsn,2025-2026,Colorado,early_sep_mar,Early Sep-Mar,2026-02,0.1152503571351279,0.11001280734586748,0.185,286.56410256410254
nhsn,2025-2026,Colorado,early_sep_mar,Early Sep-Mar,2026-03,0.08719656171999095,0.07441951395529431,0.12500891612903228,106.85531135531136
nhsn,2025-2026,Colorado,early_sep_mar,Early Sep-Mar,2026-04,0.0,0.0,0.0,16.336996336996336
nhsn,2025-2026,Colorado,extended_sep_apr,Extended Sep-Apr,2025-01,0.0,0.0,0.0,1.4670329670329672
nhsn,2025-2026,Colorado,extended_sep_apr,Extended Sep-Apr,2025-02,0.0,0.014953969148459782,0.035216071428571416,2.2637362637362637
nhsn,2025-2026,Colorado,extended_sep_apr,Extended Sep-Apr,2025-03,0.10635793844769093,0.1027157064626362,0.1814790322580645,5.604395604395603
nhsn,2025-2026,Colorado,extended_sep_apr,Extended Sep-Apr,2025-04,0.13514397911765655,0.13386413402993452,0.18499999999999991,25.267399267399266
nhsn,2025-2026,Colorado,extended_sep_apr,Extended Sep-Apr,2025-05,0.14575269190024667,0.14560702322136318,0.18499999999999997,89.01282051282051
nhsn,2025-2026,Colorado,extended_sep_apr,Extended Sep-Apr,2025-06,0.1468245270807624,0.1468832198448018,0.18499999999999991,246.75824175824175
nhsn,2025-2026,Colorado,extended_sep_apr,Extended Sep-Apr,2025-07,0.14695843881404477,0.1469829996911763,0.18499999999999997,469.86813186813185
nhsn,2025-2026,Colorado,extended_sep_apr,Extended Sep-Apr,2025-08,0.14398453237504596,0.1430452922315191,0.18499999999999997,555.8516483516482
nhsn,2025-2026,Colorado,extended_sep_apr,Extended Sep-Apr,2025-09,0.14593985725285166,0.14454478128735676,0.18499999999999997,551.9560439560439
nhsn,2025-2026,Colorado,extended_sep_apr,Extended Sep-Apr,2025-10,0.14793476368856173,0.1479126730297199,0.185,569.3260073260074
nhsn,2025-2026,Colorado,extended_sep_apr,Extended Sep-Apr,2025-11,0.14830932534359773,0.14779485486084684,0.18499999999999997,547.8461538461538
nhsn,2025-2026,Colorado,extended_sep_apr,Extended Sep-Apr,2025-12,0.1468860267375482,0.14547971464637127,0.185,544.9120879120878
nhsn,2025-2026,Colorado,extended_sep_apr,Extended Sep-Apr,2026-01,0.14140171050120728,0.13513474344585957,0.185,479.39560439560444
nhsn,2025-2026,Colorado,extended_sep_apr,Extended Sep-Apr,2026-02,0.1152503571351279,0.11001280734586748,0.185,286.56410256410254
nhsn,2025-2026,Colorado,extended_sep_apr,Extended Sep-Apr,2026-03,0.09142751103011701,0.08900665841014545,0.185,106.85531135531136
nhsn,2025-2026,Colorado,extended_sep_apr,Extended Sep-Apr,2026-04,0.018924590163934427,0.051521021155724316,0.13351405600000002,16.336996336996336
nhsn,2025-2026,Colorado,late_oct_apr,Late Oct-Apr,2025-01,0.0,0.0,0.0,1.4670329670329672
nhsn,2025-2026,Colorado,late_oct_apr,Late Oct-Apr,2025-02,0.0,0.0,0.0,2.2637362637362637
nhsn,2025-2026,Colorado,late_oct_apr,Late Oct-Apr,2025-03,0.0,0.020592258674185043,0.03425483870967742,5.604395604395603
nhsn,2025-2026,Colorado,late_oct_apr,Late Oct-Apr,2025-04,0.13514397911765655,0.13331454905990112,0.18499999999999991,25.267399267399266
nhsn,2025-2026,Colorado,late_oct_apr,Late Oct-Apr,2025-05,0.14274053580428728,0.14242294197877933,0.18499999999999997,89.01282051282051
nhsn,2025-2026,Colorado,late_oct_apr,Late Oct-Apr,2025-06,0.1469667204982518,0.1470078476314928,0.18499999999999991,246.75824175824175
nhsn,2025-2026,Colorado,late_oct_apr,Late Oct-Apr,2025-07,0.14726433420761936,0.1472965098759137,0.18499999999999997,469.86813186813185
nhsn,2025-2026,Colorado,late_oct_apr,Late Oct-Apr,2025-08,0.14737016272856898,0.14741917266119872,0.18499999999999997,555.8516483516482
nhsn,2025-2026,Colorado,late_oct_apr,Late Oct-Apr,2025-09,0.1474272220928897,0.14743723945006185,0.18499999999999991,551.9560439560439
nhsn,2025-2026,Colorado,late_oct_apr,Late Oct-Apr,2025-10,0.14793476368856173,0.1479126730297199,0.185,569.3260073260074
nhsn,2025-2026,Colorado,late_oct_apr,Late Oct-Apr,2025-11,0.14830932534359773,0.14779485486084684,0.18499999999999997,547.8461538461538
nhsn,2025-2026,Colorado,late_oct_apr,Late Oct-Apr,2025-12,0.1468860267375482,0.14547971464637127,0.185,544.9120879120878
nhsn,2025-2026,Colorado,late_oct_apr,Late Oct-Apr,2026-01,0.14140171050120728,0.13513474344585957,0.185,479.39560439560444
nhsn,2025-2026,Colorado,late_oct_apr,Late Oct-Apr,2026-02,0.1152503571351279,0.11001280734586748,0.185,286.56410256410254
nhsn,2025-2026,Colorado,late_oct_apr,Late Oct-Apr,2026-03,0.09142751103011701,0.08900665841014545,0.185,106.85531135531136
nhsn,2025-2026,Colorado,late_oct_apr,Late Oct-Apr,2026-04,0.018924590163934427,0.051521021155724316,0.13351405600000002,16.336996336996336
nhsn,2025-2026,Connecticut,baseline_oct_mar,Baseline Oct-Mar,2025-01,0.0,0.0,0.0,0.7948717948717946
nhsn,2025-2026,Connecticut,baseline_oct_mar,Baseline Oct-Mar,2025-02,0.0,0.0,0.0,0.7362637362637361
nhsn,2025-2026,Connecticut,baseline_oct_mar,Baseline Oct-Mar,2025-03,0.0,0.0211604343077847,0.03425483870967742,2.3278388278388285
nhsn,2025-2026,Connecticut,baseline_oct_mar,Baseline Oct-Mar,2025-04,0.14055722690389783,0.1398952017208995,0.18499999999999991,11.884615384615383
nhsn,2025-2026,Connecticut,baseline_oct_mar,Baseline Oct-Mar,2025-05,0.14497383405166261,0.14354061369575283,0.18499999999999997,41.294871794871796
nhsn,2025-2026,Connecticut,baseline_oct_mar,Baseline Oct-Mar,2025-06,0.14745247308155424,0.1473490570389565,0.18499999999999991,84.28205128205128
nhsn,2025-2026,Connecticut,baseline_oct_mar,Baseline Oct-Mar,2025-07,0.14720296413842568,0.14680612028669865,0.18499999999999997,130.2362637362637
nhsn,2025-2026,Connecticut,baseline_oct_mar,Baseline Oct-Mar,2025-08,0.14759651905976645,0.14759049485011919,0.18499999999999997,148.9945054945055
nhsn,2025-2026,Connecticut,baseline_oct_mar,Baseline Oct-Mar,2025-09,0.14785201429885905,0.1478991481022736,0.18499999999999991,146.1538461538462
nhsn,2025-2026,Connecticut,baseline_oct_mar,Baseline Oct-Mar,2025-10,0.14827572275882012,0.14816244329571532,0.185,150.99816849816852
nhsn,2025-2026,Connecticut,baseline_oct_mar,Baseline Oct-Mar,2025-11,0.14861049668530416,0.1470619082456972,0.18499999999999997,144.6300366300366
nhsn,2025-2026,Connecticut,baseline_oct_mar,Baseline Oct-Mar,2025-12,0.14465009421293828,0.1411333165345676,0.185,139.15384615384616
nhsn,2025-2026,Connecticut,baseline_oct_mar,Baseline Oct-Mar,2026-01,0.13359967603824746,0.1293628486021607,0.185,109.23076923076923
nhsn,2025-2026,Connecticut,baseline_oct_mar,Baseline Oct-Mar,2026-02,0.11291202667371042,0.10963558701796176,0.185,58.53846153846154
nhsn,2025-2026,Connecticut,baseline_oct_mar,Baseline Oct-Mar,2026-03,0.08079448076923076,0.07489793926118135,0.12500891612903228,22.61904761904762
nhsn,2025-2026,Connecticut,baseline_oct_mar,Baseline Oct-Mar,2026-04,0.0,0.0,0.0,2.7912087912087924
nhsn,2025-2026,Connecticut,early_sep_mar,Early Sep-Mar,2025-01,0.0,0.0,0.0,0.7948717948717946
nhsn,2025-2026,Connecticut,early_sep_mar,Early Sep-Mar,2025-02,0.0,0.0012925365033667313,0.035216071428571416,0.7362637362637361
nhsn,2025-2026,Connecticut,early_sep_mar,Early Sep-Mar,2025-03,0.08879421360457725,0.08822741908145872,0.1814790322580645,2.3278388278388285
nhsn,2025-2026,Connecticut,early_sep_mar,Early Sep-Mar,2025-04,0.14044573490631507,0.1397950794811418,0.18499999999999991,11.884615384615383
nhsn,2025-2026,Connecticut,early_sep_mar,Early Sep-Mar,2025-05,0.1453810598904971,0.14533005592060888,0.18499999999999997,41.294871794871796
nhsn,2025-2026,Connecticut,early_sep_mar,Early Sep-Mar,2025-06,0.1473105976863814,0.14715134555752193,0.18499999999999991,84.28205128205128
nhsn,2025-2026,Connecticut,early_sep_mar,Early Sep-Mar,2025-07,0.14659731282211555,0.1466120408033061,0.18499999999999997,130.2362637362637
nhsn,2025-2026,Connecticut,early_sep_mar,Early Sep-Mar,2025-08,0.14424077295568755,0.14396115452244465,0.18499999999999997,148.9945054945055
nhsn,2025-2026,Connecticut,early_sep_mar,Early Sep-Mar,2025-09,0.14670125058625583,0.1458010905076461,0.18499999999999997,146.1538461538462
nhsn,2025-2026,Connecticut,early_sep_mar,Early Sep-Mar,2025-10,0.14827572275882012,0.14816244329571532,0.185,150.99816849816852
nhsn,2025-2026,Connecticut,early_sep_mar,Early Sep-Mar,2025-11,0.14861049668530416,0.1470619082456972,0.18499999999999997,144.6300366300366
nhsn,2025-2026,Connecticut,early_sep_mar,Early Sep-Mar,2025-12,0.14465009421293828,0.1411333165345676,0.185,139.15384615384616
nhsn,2025-2026,Connecticut,early_sep_mar,Early Sep-Mar,2026-01,0.13359967603824746,0.1293628486021607,0.185,109.23076923076923
nhsn,2025-2026,Connecticut,early_sep_mar,Early Sep-Mar,2026-02,0.11291202667371042,0.10963558701796176,0.185,58.53846153846154
nhsn,2025-2026,Connecticut,early_sep_mar,Early Sep-Mar,2026-03,0.08079448076923076,0.07489793926118135,0.12500891612903228,22.61904761904762
nhsn,2025-2026,Connecticut,early_sep_mar,Early Sep-Mar,2026-04,0.0,0.0,0.0,2.7912087912087924
nhsn,2025-2026,Connecticut,extended_sep_apr,Extended Sep-Apr,2025-01,0.0,0.0,0.0,0.7948717948717946
nhsn,2025-2026,Connecticut,extended_sep_apr,Extended Sep-Apr,2025-02,0.0,0.0012925365033667313,0.035216071428571416,0.7362637362637361
nhsn,2025-2026,Connecticut,extended_sep_apr,Extended Sep-Apr,2025-03,0.08879421360457725,0.08822741908145872,0.1814790322580645,2.3278388278388285
nhsn,2025-2026,Connecticut,extended_sep_apr,Extended Sep-Apr,2025-04,0.14044573490631507,0.1397950794811418,0.18499999999999991,11.884615384615383
nhsn,2025-2026,Connecticut,extended_sep_apr,Extended Sep-Apr,2025-05,0.1453810598904971,0.14533005592060888,0.18499999999999997,41.294871794871796
nhsn,2025-2026,Connecticut,extended_sep_apr,Extended Sep-Apr,2025-06,0.1473105976863814,0.14715134555752193,0.18499999999999991,84.28205128205128
nhsn,2025-2026,Connecticut,extended_sep_apr,Extended Sep-Apr,2025-07,0.14659731282211555,0.1466120408033061,0.18499999999999997,130.2362637362637
nhsn,2025-2026,Connecticut,extended_sep_apr,Extended Sep-Apr,2025-08,0.14424077295568755,0.14396115452244465,0.18499999999999997,148.9945054945055
nhsn,2025-2026,Connecticut,extended_sep_apr,Extended Sep-Apr,2025-09,0.14670125058625583,0.1458010905076461,0.18499999999999997,146.1538461538462
nhsn,2025-2026,Connecticut,extended_sep_apr,Extended Sep-Apr,2025-10,0.14827572275882012,0.14816244329571532,0.185,150.99816849816852
nhsn,2025-2026,Connecticut,extended_sep_apr,Extended Sep-Apr,2025-11,0.14861049668530416,0.1470619082456972,0.18499999999999997,144.6300366300366
nhsn,2025-2026,Connecticut,extended_sep_apr,Extended Sep-Apr,2025-12,0.14465009421293828,0.1411333165345676,0.185,139.15384615384616
nhsn,2025-2026,Connecticut,extended_sep_apr,Extended Sep-Apr,2026-01,0.13359967603824746,0.1293628486021607,0.185,109.23076923076923
nhsn,2025-2026,Connecticut,extended_sep_apr,Extended Sep-Apr,2026-02,0.11291202667371042,0.10963558701796176,0.185,58.53846153846154
nhsn,2025-2026,Connecticut,extended_sep_apr,Extended Sep-Apr,2026-03,0.08079448076923076,0.08597934947475672,0.185,22.61904761904762
nhsn,2025-2026,Connecticut,extended_sep_apr,Extended Sep-Apr,2026-04,0.0173855421686747,0.04966052498956064,0.13351405600000002,2.791208791208791
nhsn,2025-2026,Connecticut,late_oct_apr,Late Oct-Apr,2025-01,0.0,0.0,0.0,0.7948717948717946
nhsn,2025-2026,Connecticut,late_oct_apr,Late Oct-Apr,2025-02,0.0,0.0,0.0,0.7362637362637361
nhsn,2025-2026,Connecticut,late_oct_apr,Late Oct-Apr,2025-03,0.0,0.0211604343077847,0.03425483870967742,2.3278388278388285
nhsn,2025-2026,Connecticut,late_oct_apr,Late Oct-Apr,2025-04,0.14055722690389783,0.1398952017208995,0.18499999999999991,11.884615384615383
nhsn,2025-2026,Connecticut,late_oct_apr,Late Oct-Apr,2025-05,0.14497383405166261,0.14354061369575283,0.18499999999999997,41.294871794871796
nhsn,2025-2026,Connecticut,late_oct_apr,Late Oct-Apr,2025-06,0.14745247308155424,0.1473490570389565,0.18499999999999991,84.28205128205128
nhsn,2025-2026,Connecticut,late_oct_apr,Late Oct-Apr,2025-07,0.14720296413842568,0.14680612028669865,0.18499999999999997,130.2362637362637
nhsn,2025-2026,Connecticut,late_oct_apr,Late Oct-Apr,2025-08,0.14759651905976645,0.14759049485011919,0.18499999999999997,148.9945054945055
nhsn,2025-2026,Connecticut,late_oct_apr,Late Oct-Apr,2025-09,0.14785201429885905,0.1478991481022736,0.18499999999999991,146.1538461538462
nhsn,2025-2026,Connecticut,late_oct_apr,Late Oct-Apr,2025-10,0.14827572275882012,0.14816244329571532,0.185,150.99816849816852
nhsn,2025-2026,Connecticut,late_oct_apr,Late Oct-Apr,2025-11,0.14861049668530416,0.1470619082456972,0.18499999999999997,144.6300366300366
nhsn,2025-2026,Connecticut,late_oct_apr,Late Oct-Apr,2025-12,0.14465009421293828,0.1411333165345676,0.185,139.15384615384616
nhsn,2025-2026,Connecticut,late_oct_apr,Late Oct-Apr,2026-01,0.13359967603824746,0.1293628486021607,0.185,109.23076923076923
nhsn,2025-2026,Connecticut,late_oct_apr,Late Oct-Apr,2026-02,0.11291202667371042,0.10963558701796176,0.185,58.53846153846154
nhsn,2025-2026,Connecticut,late_oct_apr,Late Oct-Apr,2026-03,0.08079448076923076,0.08597934947475672,0.185,22.61904761904762
nhsn,2025-2026,Connecticut,late_oct_apr,Late Oct-Apr,2026-04,0.0173855421686747,0.04966052498956064,0.13351405600000002,2.791208791208791
nhsn,2025-2026,Delaware,baseline_oct_mar,Baseline Oct-Mar,2025-01,0.0,0.0,0.0,0.6135531135531136
nhsn,2025-2026,Delaware,baseline_oct_mar,Baseline Oct-Mar,2025-02,0.0,0.0,0.0,2.7106227106227108
nhsn,2025-2026,Delaware,baseline_oct_mar,Baseline Oct-Mar,2025-03,0.0,0.02394622007720641,0.03425483870967742,9.73992673992674
nhsn,2025-2026,Delaware,baseline_oct_mar,Baseline Oct-Mar,2025-04,0.1366379150720662,0.13455202956187864,0.18499999999999991,29.901098901098898
nhsn,2025-2026,Delaware,baseline_oct_mar,Baseline Oct-Mar,2025-05,0.13144836661655102,0.13287845910631077,0.18499999999999997,73.48534798534796
nhsn,2025-2026,Delaware,baseline_oct_mar,Baseline Oct-Mar,2025-06,0.14501794070638632,0.14481484721664203,0.18499999999999991,110.3058608058608
nhsn,2025-2026,Delaware,baseline_oct_mar,Baseline Oct-Mar,2025-07,0.14009029970840087,0.140651642977226,0.18499999999999997,146.30769230769235
nhsn,2025-2026,Delaware,baseline_oct_mar,Baseline Oct-Mar,2025-08,0.14597891812354313,0.14590191594337895,0.18499999999999997,152.74358974358975
nhsn,2025-2026,Delaware,baseline_oct_mar,Baseline Oct-Mar,2025-09,0.1465783140521922,0.1467838677912039,0.18499999999999991,147.56593406593407
nhsn,2025-2026,Delaware,baseline_oct_mar,Baseline Oct-Mar,2025-10,0.14812493414677158,0.14749987320456412,0.185,150.04395604395606
nhsn,2025-2026,Delaware,baseline_oct_mar,Baseline Oct-Mar,2025-11,0.14659449184778214,0.1441128782962816,0.18499999999999997,138.49267399267399
nhsn,2025-2026,Delaware,baseline_oct_mar,Baseline Oct-Mar,2025-12,0.13620555697832704,0.1320316746734624,0.185,121.41575091575092
nhsn,2025-2026,Delaware,baseline_oct_mar,Baseline Oct-Mar,2026-01,0.12601946230632113,0.12262942958985615,0.185,78.13553113553114
nhsn,2025-2026,Delaware,baseline_oct_mar,Baseline Oct-Mar,2026-02,0.10351879858719959,0.09692115025334734,0.185,35.243589743589745
nhsn,2025-2026,Delaware,baseline_oct_mar,Baseline Oct-Mar,2026-03,0.023603586956521743,0.05084786698328704,0.12500891612903228,7.371794871794872
nhsn,2025-2026,Delaware,baseline_oct_mar,Baseline Oct-Mar,2026-04,0.0,0.0,0.0,0.282051282051282
nhsn,2025-2026,Delaware,early_sep_mar,Early Sep-Mar,2025-01,0.0,0.0,0.0,0.6135531135531136
nhsn,2025-2026,Delaware,early_sep_mar,Early Sep-Mar,2025-02,0.0,0.02875791976718232,0.035216071428571416,2.7106227106227108
nhsn,2025-2026,Delaware,early_sep_mar,Early Sep-Mar,2025-03,0.13930725641905267,0.1364342182809137,0.1814790322580645,9.73992673992674
nhsn,2025-2026,Delaware,early_sep_mar,Early Sep-Mar,2025-04,0.1370531663950085,0.137662119349064,0.18499999999999991,29.901098901098898
nhsn,2025-2026,Delaware,early_sep_mar,Early Sep-Mar,2025-05,0.1471127266627258,0.14688381577139706,0.18499999999999997,73.48534798534796
nhsn,2025-2026,Delaware,early_sep_mar,Early Sep-Mar,2025-06,0.14544264850017502,0.14569547804923566,0.18499999999999991,110.3058608058608
nhsn,2025-2026,Delaware,early_sep_mar,Early Sep-Mar,2025-07,0.1473948026864802,0.1472929806670559,0.18499999999999997,146.30769230769235
nhsn,2025-2026,Delaware,early_sep_mar,Early Sep-Mar,2025-08,0.1474511087734702,0.1473892982154394,0.18499999999999997,152.74358974358975
nhsn,2025-2026,Delaware,early_sep_mar,Early Sep-Mar,2025-09,0.14726559495569364,0.14721377371959407,0.18499999999999997,147.56593406593407
nhsn,2025-2026,Delaware,early_sep_mar,Early Sep-Mar,2025-10,0.14812493414677158,0.14749987320456412,0.185,150.04395604395606
nhsn,2025-2026,Delaware,early_sep_mar,Early Sep-Mar,2025-11,0.14659449184778214,0.1441128782962816,0.18499999999999997,138.49267399267399
nhsn,2025-2026,Delaware,early_sep_mar,Early Sep-Mar,2025-12,0.13620555697832704,0.1320316746734624,0.185,121.41575091575092
nhsn,2025-2026,Delaware,early_sep_mar,Early Sep-Mar,2026-01,0.12601946230632113,0.12262942958985615,0.185,78.13553113553114
nhsn,2025-2026,Delaware,early_sep_mar,Early Sep-Mar,2026-02,0.10351879858719959,0.09692115025334734,0.185,35.243589743589745
nhsn,2025-2026,Delaware,early_sep_mar,Early Sep-Mar,2026-03,0.023603586956521743,0.05084786698328704,0.12500891612903228,7.371794871794872
nhsn,2025-2026,Delaware,early_sep_mar,Early Sep-Mar,2026-04,0.0,0.0,0.0,0.282051282051282
nhsn,2025-2026,Delaware,extended_sep_apr,Extended Sep-Apr,2025-01,0.0,0.0,0.0,0.6135531135531136
nhsn,2025-2026,Delaware,extended_sep_apr,Extended Sep-Apr,2025-02,0.0,0.02875791976718232,0.035216071428571416,2.7106227106227108
nhsn,2025-2026,Delaware,extended_sep_apr,Extended Sep-Apr,2025-03,0.13930725641905267,0.1364342182809137,0.1814790322580645,9.73992673992674
nhsn,2025-2026,Delaware,extended_sep_apr,Extended Sep-Apr,2025-04,0.1370531663950085,0.137662119349064,0.18499999999999991,29.901098901098898
nhsn,2025-2026,Delaware,extended_sep_apr,Extended Sep-Apr,2025-05,0.1471127266627258,0.14688381577139706,0.18499999999999997,73.48534798534796
nhsn,2025-2026,Delaware,extended_sep_apr,Extended Sep-Apr,2025-06,0.14544264850017502,0.14569547804923566,0.18499999999999991,110.3058608058608
nhsn,2025-2026,Delaware,extended_sep_apr,Extended Sep-Apr,2025-07,0.1473948026864802,0.1472929806670559,0.18499999999999997,146.30769230769235
nhsn,2025-2026,Delaware,extended_sep_apr,Extended Sep-Apr,2025-08,0.1474511087734702,0.1473892982154394,0.18499999999999997,152.74358974358975
nhsn,2025-2026,Delaware,extended_sep_apr,Extended Sep-Apr,2025-09,0.14726559495569364,0.14721377371959407,0.18499999999999997,147.56593406593407
nhsn,2025-2026,Delaware,extended_sep_apr,Extended Sep-Apr,2025-10,0.14812493414677158,0.14749987320456412,0.185,150.04395604395606
nhsn,2025-2026,Delaware,extended_sep_apr,Extended Sep-Apr,2025-11,0.14659449184778214,0.1441128782962816,0.18499999999999997,138.49267399267399
nhsn,2025-2026,Delaware,extended_sep_apr,Extended Sep-Apr,2025-12,0.13620555697832704,0.1320316746734624,0.185,121.41575091575092
nhsn,2025-2026,Delaware,extended_sep_apr,Extended Sep-Apr,2026-01,0.12601946230632113,0.12262942958985615,0.185,78.13553113553114
nhsn,2025-2026,Delaware,extended_sep_apr,Extended Sep-Apr,2026-02,0.10351879858719959,0.09692115025334734,0.185,35.243589743589745
nhsn,2025-2026,Delaware,extended_sep_apr,Extended Sep-Apr,2026-03,0.06903346153846153,0.06800951399036613,0.185,7.371794871794872
nhsn,2025-2026,Delaware,extended_sep_apr,Extended Sep-Apr,2026-04,0.028859999999999997,0.06907605113496704,0.13351405600000002,0.28205128205128205
nhsn,2025-2026,Delaware,late_oct_apr,Late Oct-Apr,2025-01,0.0,0.0,0.0,0.6135531135531136
nhsn,2025-2026,Delaware,late_oct_apr,Late Oct-Apr,2025-02,0.0,0.0,0.0,2.7106227106227108
nhsn,2025-2026,Delaware,late_oct_apr,Late Oct-Apr,2025-03,0.0,0.02394622007720641,0.03425483870967742,9.73992673992674
nhsn,2025-2026,Delaware,late_oct_apr,Late Oct-Apr,2025-04,0.1366379150720662,0.13455202956187864,0.18499999999999991,29.901098901098898
nhsn,2025-2026,Delaware,late_oct_apr,Late Oct-Apr,2025-05,0.13144836661655102,0.13287845910631077,0.18499999999999997,73.48534798534796
nhsn,2025-2026,Delaware,late_oct_apr,Late Oct-Apr,2025-06,0.14501794070638632,0.14481484721664203,0.18499999999999991,110.3058608058608
nhsn,2025-2026,Delaware,late_oct_apr,Late Oct-Apr,2025-07,0.14009029970840087,0.140651642977226,0.18499999999999997,146.30769230769235
nhsn,2025-2026,Delaware,late_oct_apr,Late Oct-Apr,2025-08,0.14597891812354313,0.14590191594337895,0.18499999999999997,152.74358974358975
nhsn,2025-2026,Delaware,late_oct_apr,Late Oct-Apr,2025-09,0.1465783140521922,0.1467838677912039,0.18499999999999991,147.56593406593407
nhsn,2025-2026,Delaware,late_oct_apr,Late Oct-Apr,2025-10,0.14812493414677158,0.14749987320456412,0.185,150.04395604395606
nhsn,2025-2026,Delaware,late_oct_apr,Late Oct-Apr,2025-11,0.14659449184778214,0.1441128782962816,0.18499999999999997,138.49267399267399
nhsn,2025-2026,Delaware,late_oct_apr,Late Oct-Apr,2025-12,0.13620555697832704,0.1320316746734624,0.185,121.41575091575092
nhsn,2025-2026,Delaware,late_oct_apr,Late Oct-Apr,2026-01,0.12601946230632113,0.12262942958985615,0.185,78.13553113553114
nhsn,2025-2026,Delaware,late_oct_apr,Late Oct-Apr,2026-02,0.10351879858719959,0.09692115025334734,0.185,35.243589743589745
nhsn,2025-2026,Delaware,late_oct_apr,Late Oct-Apr,2026-03,0.06903346153846153,0.06800951399036613,0.185,7.371794871794872
nhsn,2025-2026,Delaware,late_oct_apr,Late Oct-Apr,2026-04,0.028859999999999997,0.06907605113496704,0.13351405600000002,0.28205128205128205
nhsn,2025-2026,District of Columbia,baseline_oct_mar,Baseline Oct-Mar,2025-01,0.0,0.0,0.0,0.1923076923076923
nhsn,2025-2026,District of Columbia,baseline_oct_mar,Baseline Oct-Mar,2025-02,0.0,0.0,0.0,0.3589743589743589
nhsn,2025-2026,District of Columbia,baseline_oct_mar,Baseline Oct-Mar,2025-03,0.0,0.0,0.03425483870967742,0.3974358974358973
nhsn,2025-2026,District of Columbia,baseline_oct_mar,Baseline Oct-Mar,2025-04,0.0,0.0,0.18499999999999991,0.3846153846153845
nhsn,2025-2026,District of Columbia,baseline_oct_mar,Baseline Oct-Mar,2025-05,0.09895145454545455,0.07794720214458935,0.18499999999999997,0.987179487179487
nhsn,2025-2026,District of Columbia,baseline_oct_mar,Baseline Oct-Mar,2025-06,0.11879018181818182,0.11931795058339041,0.18499999999999991,2.128205128205128
nhsn,2025-2026,District of Columbia,baseline_oct_mar,Baseline Oct-Mar,2025-07,0.1300150568181818,0.13006012662418226,0.18499999999999997,3.1794871794871784
nhsn,2025-2026,District of Columbia,baseline_oct_mar,Baseline Oct-Mar,2025-08,0.1294852840909091,0.1294852840909091,0.18499999999999997,3.1794871794871784
nhsn,2025-2026,District of Columbia,baseline_oct_mar,Baseline Oct-Mar,2025-09,0.13182158181818182,0.1372823908096228,0.18499999999999991,2.9102564102564097
nhsn,2025-2026,District of Columbia,baseline_oct_mar,Baseline Oct-Mar,2025-10,0.148185,0.1481979247206077,0.185,2.7820512820512824
nhsn,2025-2026,District of Columbia,baseline_oct_mar,Baseline Oct-Mar,2025-11,0.14915274511203086,0.1499698684991447,0.18499999999999997,2.6923076923076925
nhsn,2025-2026,District of Columbia,baseline_oct_mar,Baseline Oct-Mar,2025-12,0.15234585514485516,0.14363888526477978,0.185,2.7820512820512824
nhsn,2025-2026,District of Columbia,baseline_oct_mar,Baseline Oct-Mar,2026-01,0.13407432457786117,0.12653509532134466,0.185,2.166666666666667
nhsn,2025-2026,District of Columbia,baseline_oct_mar,Baseline Oct-Mar,2026-02,0.028859999999999997,0.053794305662015686,0.185,0.8846153846153848
nhsn,2025-2026,District of Columbia,baseline_oct_mar,Baseline Oct-Mar,2026-03,,,0.12500891612903228,0.0
nhsn,2025-2026,District of Columbia,baseline_oct_mar,Baseline Oct-Mar,2026-04,,,0.0,0.0
nhsn,2025-2026,District of Columbia,early_sep_mar,Early Sep-Mar,2025-01,0.0,0.0,0.0,0.1923076923076923
nhsn,2025-2026,District of Columbia,early_sep_mar,Early Sep-Mar,2025-02,0.0,0.030338541346153842,0.035216071428571416,0.3589743589743589
nhsn,2025-2026,District of Columbia,early_sep_mar,Early Sep-Mar,2025-03,0.0,0.046880684739454094,0.1814790322580645,0.3974358974358973
nhsn,2025-2026,District of Columbia,early_sep_mar,Early Sep-Mar,2025-04,0.0,0.028315971923076923,0.18499999999999991,0.3846153846153845
nhsn,2025-2026,District of Columbia,early_sep_mar,Early Sep-Mar,2025-05,0.09885727272727272,0.10712142291724107,0.18499999999999997,0.987179487179487
nhsn,2025-2026,District of Columbia,early_sep_mar,Early Sep-Mar,2025-06,0.11879018181818182,0.12326865448529317,0.18499999999999991,2.128205128205128
nhsn,2025-2026,District of Columbia,early_sep_mar,Early Sep-Mar,2025-07,0.13410908279220782,0.13825099891157233,0.18499999999999997,3.1794871794871784
nhsn,2025-2026,District of Columbia,early_sep_mar,Early Sep-Mar,2025-08,0.14957072115384615,0.14470222840727823,0.18499999999999997,3.1794871794871784
nhsn,2025-2026,District of Columbia,early_sep_mar,Early Sep-Mar,2025-09,0.14534352197802197,0.14165961553279166,0.18499999999999997,2.9102564102564106
nhsn,2025-2026,District of Columbia,early_sep_mar,Early Sep-Mar,2025-10,0.148185,0.1481979247206077,0.185,2.7820512820512824
nhsn,2025-2026,District of Columbia,early_sep_mar,Early Sep-Mar,2025-11,0.14915274511203086,0.1499698684991447,0.18499999999999997,2.6923076923076925
nhsn,2025-2026,District of Columbia,early_sep_mar,Early Sep-Mar,2025-12,0.15234585514485516,0.14363888526477978,0.185,2.7820512820512824
nhsn,2025-2026,District of Columbia,early_sep_mar,Early Sep-Mar,2026-01,0.13407432457786117,0.12653509532134466,0.185,2.166666666666667
nhsn,2025-2026,District of Columbia,early_sep_mar,Early Sep-Mar,2026-02,0.028859999999999997,0.053794305662015686,0.185,0.8846153846153848
nhsn,2025-2026,District of Columbia,early_sep_mar,Early Sep-Mar,2026-03,,,0.12500891612903228,0.0
nhsn,2025-2026,District of Columbia,early_sep_mar,Early Sep-Mar,2026-04,,,0.0,0.0
nhsn,2025-2026,District of Columbia,extended_sep_apr,Extended Sep-Apr,2025-01,0.0,0.0,0.0,0.1923076923076923
nhsn,2025-2026,District of Columbia,extended_sep_apr,Extended Sep-Apr,2025-02,0.0,0.030338541346153842,0.035216071428571416,0.3589743589743589
nhsn,2025-2026,District of Columbia,extended_sep_apr,Extended Sep-Apr,2025-03,0.0,0.046880684739454094,0.1814790322580645,0.3974358974358973
nhsn,2025-2026,District of Columbia,extended_sep_apr,Extended Sep-Apr,2025-04,0.0,0.028315971923076923,0.18499999999999991,0.3846153846153845
nhsn,2025-2026,District of Columbia,extended_sep_apr,Extended Sep-Apr,2025-05,0.09885727272727272,0.10712142291724107,0.18499999999999997,0.987179487179487
nhsn,2025-2026,District of Columbia,extended_sep_apr,Extended Sep-Apr,2025-06,0.11879018181818182,0.12326865448529317,0.18499999999999991,2.128205128205128
nhsn,2025-2026,District of Columbia,extended_sep_apr,Extended Sep-Apr,2025-07,0.13410908279220782,0.13825099891157233,0.18499999999999997,3.1794871794871784
nhsn,2025-2026,District of Columbia,extended_sep_apr,Extended Sep-Apr,2025-08,0.14957072115384615,0.14470222840727823,0.18499999999999997,3.1794871794871784
nhsn,2025-2026,District of Columbia,extended_sep_apr,Extended Sep-Apr,2025-09,0.14534352197802197,0.14165961553279166,0.18499999999999997,2.9102564102564106
nhsn,2025-2026,District of Columbia,extended_sep_apr,Extended Sep-Apr,2025-10,0.148185,0.1481979247206077,0.185,2.7820512820512824
nhsn,2025-2026,District of Columbia,extended_sep_apr,Extended Sep-Apr,2025-11,0.14915274511203086,0.1499698684991447,0.18499999999999997,2.6923076923076925
nhsn,2025-2026,District of Columbia,extended_sep_apr,Extended Sep-Apr,2025-12,0.15234585514485516,0.14363888526477978,0.185,2.7820512820512824
nhsn,2025-2026,District of Columbia,extended_sep_apr,Extended Sep-Apr,2026-01,0.13407432457786117,0.12653509532134466,0.185,2.166666666666667
nhsn,2025-2026,District of Columbia,extended_sep_apr,Extended Sep-Apr,2026-02,0.028859999999999997,0.053794305662015686,0.185,0.8846153846153848
nhsn,2025-2026,District of Columbia,extended_sep_apr,Extended Sep-Apr,2026-03,,,0.185,0.0
nhsn,2025-2026,District of Columbia,extended_sep_apr,Extended Sep-Apr,2026-04,,,0.13351405600000002,0.0
nhsn,2025-2026,District of Columbia,late_oct_apr,Late Oct-Apr,2025-01,0.0,0.0,0.0,0.1923076923076923
nhsn,2025-2026,District of Columbia,late_oct_apr,Late Oct-Apr,2025-02,0.0,0.0,0.0,0.3589743589743589
nhsn,2025-2026,District of Columbia,late_oct_apr,Late Oct-Apr,2025-03,0.0,0.0,0.03425483870967742,0.3974358974358973
nhsn,2025-2026,District of Columbia,late_oct_apr,Late Oct-Apr,2025-04,0.0,0.0,0.18499999999999991,0.3846153846153845
nhsn,2025-2026,District of Columbia,late_oct_apr,Late Oct-Apr,2025-05,0.09895145454545455,0.07794720214458935,0.18499999999999997,0.987179487179487
nhsn,2025-2026,District of Columbia,late_oct_apr,Late Oct-Apr,2025-06,0.11879018181818182,0.11931795058339041,0.18499999999999991,2.128205128205128
nhsn,2025-2026,District of Columbia,late_oct_apr,Late Oct-Apr,2025-07,0.1300150568181818,0.13006012662418226,0.18499999999999997,3.1794871794871784
nhsn,2025-2026,District of Columbia,late_oct_apr,Late Oct-Apr,2025-08,0.1294852840909091,0.1294852840909091,0.18499999999999997,3.1794871794871784
nhsn,2025-2026,District of Columbia,late_oct_apr,Late Oct-Apr,2025-09,0.13182158181818182,0.1372823908096228,0.18499999999999991,2.9102564102564097
nhsn,2025-2026,District of Columbia,late_oct_apr,Late Oct-Apr,2025-10,0.148185,0.1481979247206077,0.185,2.7820512820512824
nhsn,2025-2026,District of Columbia,late_oct_apr,Late Oct-Apr,2025-11,0.14915274511203086,0.1499698684991447,0.18499999999999997,2.6923076923076925
nhsn,2025-2026,District of Columbia,late_oct_apr,Late Oct-Apr,2025-12,0.15234585514485516,0.14363888526477978,0.185,2.7820512820512824
nhsn,2025-2026,District of Columbia,late_oct_apr,Late Oct-Apr,2026-01,0.13407432457786117,0.12653509532134466,0.185,2.166666666666667
nhsn,2025-2026,District of Columbia,late_oct_apr,Late Oct-Apr,2026-02,0.028859999999999997,0.053794305662015686,0.185,0.8846153846153848
nhsn,2025-2026,District of Columbia,late_oct_apr,Late Oct-Apr,2026-03,,,0.185,0.0
nhsn,2025-2026,District of Columbia,late_oct_apr,Late Oct-Apr,2026-04,,,0.13351405600000002,0.0
nhsn,2025-2026,Florida,baseline_oct_mar,Baseline Oct-Mar,2025-01,0.0,0.0,0.0,158.3919413919414
nhsn,2025-2026,Florida,baseline_oct_mar,Baseline Oct-Mar,2025-02,0.0,0.0,0.0,296.8919413919414
nhsn,2025-2026,Florida,baseline_oct_mar,Baseline Oct-Mar,2025-03,0.0,0.017270449943732252,0.03425483870967742,594.2472527472527
nhsn,2025-2026,Florida,baseline_oct_mar,Baseline Oct-Mar,2025-04,0.08693263631879866,0.08701061160050627,0.18499999999999991,844.0054945054944
nhsn,2025-2026,Florida,baseline_oct_mar,Baseline Oct-Mar,2025-05,0.06698840924948442,0.0734774427134576,0.18499999999999997,1080.6886446886447
nhsn,2025-2026,Florida,baseline_oct_mar,Baseline Oct-Mar,2025-06,0.10610768423943867,0.10497521302661862,0.18499999999999991,1196.9853479853482
nhsn,2025-2026,Florida,baseline_oct_mar,Baseline Oct-Mar,2025-07,0.085285047442135,0.09066345037244479,0.18499999999999997,1329.9523809523807
nhsn,2025-2026,Florida,baseline_oct_mar,Baseline Oct-Mar,2025-08,0.12153048654544751,0.12162137295253664,0.18499999999999997,1352.6153846153845
nhsn,2025-2026,Florida,baseline_oct_mar,Baseline Oct-Mar,2025-09,0.13558858508599608,0.1354042020626867,0.18499999999999991,1252.930402930403
nhsn,2025-2026,Florida,baseline_oct_mar,Baseline Oct-Mar,2025-10,0.13964599608494194,0.13727639142178585,0.185,1121.3003663003665
nhsn,2025-2026,Florida,baseline_oct_mar,Baseline Oct-Mar,2025-11,0.13473349556749808,0.13183958616934596,0.18499999999999997,821.0256410256411
nhsn,2025-2026,Florida,baseline_oct_mar,Baseline Oct-Mar,2025-12,0.13357375784834816,0.12912134962169908,0.185,571.2417582417582
nhsn,2025-2026,Florida,baseline_oct_mar,Baseline Oct-Mar,2026-01,0.13262024153284807,0.1267601335407947,0.185,360.91208791208794
nhsn,2025-2026,Florida,baseline_oct_mar,Baseline Oct-Mar,2026-02,0.12284745531921977,0.11683018193609883,0.185,189.8846153846154
nhsn,2025-2026,Florida,baseline_oct_mar,Baseline Oct-Mar,2026-03,0.10689591024160597,0.08288545696972316,0.12500891612903228,93.35897435897436
nhsn,2025-2026,Florida,baseline_oct_mar,Baseline Oct-Mar,2026-04,0.0,0.0,0.0,19.782051282051277
nhsn,2025-2026,Florida,early_sep_mar,Early Sep-Mar,2025-01,0.0,0.0,0.0,158.3919413919414
nhsn,2025-2026,Florida,early_sep_mar,Early Sep-Mar,2025-02,0.0,0.01985060212214878,0.035216071428571416,296.8919413919414
nhsn,2025-2026,Florida,early_sep_mar,Early Sep-Mar,2025-03,0.109535796204596,0.10521006468034834,0.1814790322580645,594.2472527472527
nhsn,2025-2026,Florida,early_sep_mar,Early Sep-Mar,2025-04,0.09483564320360982,0.09823713379047784,0.18499999999999991,844.0054945054944
nhsn,2025-2026,Florida,early_sep_mar,Early Sep-Mar,2025-05,0.12663513853892658,0.12482631205125616,0.18499999999999997,1080.6886446886447
nhsn,2025-2026,Florida,early_sep_mar,Early Sep-Mar,2025-06,0.11027229692819938,0.1131703209968283,0.18499999999999991,1196.9853479853482
nhsn,2025-2026,Florida,early_sep_mar,Early Sep-Mar,2025-07,0.13581985686018258,0.13456121288645315,0.18499999999999997,1329.9523809523807
nhsn,2025-2026,Florida,early_sep_mar,Early Sep-Mar,2025-08,0.1412294035241171,0.14096510817533073,0.18499999999999997,1352.6153846153845
nhsn,2025-2026,Florida,early_sep_mar,Early Sep-Mar,2025-09,0.1438861001631453,0.14213164291741054,0.18499999999999997,1252.930402930403
nhsn,2025-2026,Florida,early_sep_mar,Early Sep-Mar,2025-10,0.13964599608494194,0.13727639142178585,0.185,1121.3003663003665
nhsn,2025-2026,Florida,early_sep_mar,Early Sep-Mar,2025-11,0.13473349556749808,0.13183958616934596,0.18499999999999997,821.0256410256411
nhsn,2025-2026,Florida,early_sep_mar,Early Sep-Mar,2025-12,0.13357375784834816,0.12912134962169908,0.185,571.2417582417582
nhsn,2025-2026,Florida,early_sep_mar,Early Sep-Mar,2026-01,0.13262024153284807,0.1267601335407947,0.185,360.91208791208794
nhsn,2025-2026,Florida,early_sep_mar,Early Sep-Mar,2026-02,0.12284745531921977,0.11683018193609883,0.185,189.8846153846154
nhsn,2025-2026,Florida,early_sep_mar,Early Sep-Mar,2026-03,0.10689591024160597,0.08288545696972316,0.12500891612903228,93.35897435897436
nhsn,2025-2026,Florida,early_sep_mar,Early Sep-Mar,2026-04,0.0,0.0,0.0,19.782051282051277
nhsn,2025-2026,Florida,extended_sep_apr,Extended Sep-Apr,2025-01,0.0,0.0,0.0,158.3919413919414
nhsn,2025-2026,Florida,extended_sep_apr,Extended Sep-Apr,2025-02,0.0,0.01985060212214878,0.035216071428571416,296.8919413919414
nhsn,2025-2026,Florida,extended_sep_apr,Extended Sep-Apr,2025-03,0.109535796204596,0.10521006468034834,0.1814790322580645,594.2472527472527
nhsn,2025-2026,Florida,extended_sep_apr,Extended Sep-Apr,2025-04,0.09483564320360982,0.09823713379047784,0.18499999999999991,844.0054945054944
nhsn,2025-2026,Florida,extended_sep_apr,Extended Sep-Apr,2025-05,0.12663513853892658,0.12482631205125616,0.18499999999999997,1080.6886446886447
nhsn,2025-2026,Florida,extended_sep_apr,Extended Sep-Apr,2025-06,0.11027229692819938,0.1131703209968283,0.18499999999999991,1196.9853479853482
nhsn,2025-2026,Florida,extended_sep_apr,Extended Sep-Apr,2025-07,0.13581985686018258,0.13456121288645315,0.18499999999999997,1329.9523809523807
nhsn,2025-2026,Florida,extended_sep_apr,Extended Sep-Apr,2025-08,0.1412294035241171,0.14096510817533073,0.18499999999999997,1352.6153846153845
nhsn,2025-2026,Florida,extended_sep_apr,Extended Sep-Apr,2025-09,0.1438861001631453,0.14213164291741054,0.18499999999999997,1252.930402930403
nhsn,2025-2026,Florida,extended_sep_apr,Extended Sep-Apr,2025-10,0.13964599608494194,0.13727639142178585,0.185,1121.3003663003665
nhsn,2025-2026,Florida,extended_sep_apr,Extended Sep-Apr,2025-11,0.13473349556749808,0.13183958616934596,0.18499999999999997,821.0256410256411
nhsn,2025-2026,Florida,extended_sep_apr,Extended Sep-Apr,2025-12,0.13357375784834816,0.12912134962169908,0.185,571.2417582417582
nhsn,2025-2026,Florida,extended_sep_apr,Extended Sep-Apr,2026-01,0.13262024153284807,0.1267601335407947,0.185,360.91208791208794
nhsn,2025-2026,Florida,extended_sep_apr,Extended Sep-Apr,2026-02,0.12284745531921977,0.11683018193609883,0.185,189.8846153846154
nhsn,2025-2026,Florida,extended_sep_apr,Extended Sep-Apr,2026-03,0.10753352129508909,0.0999155926201298,0.185,93.35897435897436
nhsn,2025-2026,Florida,extended_sep_apr,Extended Sep-Apr,2026-04,0.018916638655462184,0.05110119002116745,0.13351405600000002,19.782051282051285
nhsn,2025-2026,Florida,late_oct_apr,Late Oct-Apr,2025-01,0.0,0.0,0.0,158.3919413919414
nhsn,2025-2026,Florida,late_oct_apr,Late Oct-Apr,2025-02,0.0,0.0,0.0,296.8919413919414
nhsn,2025-2026,Florida,late_oct_apr,Late Oct-Apr,2025-03,0.0,0.017270449943732252,0.03425483870967742,594.2472527472527
nhsn,2025-2026,Florida,late_oct_apr,Late Oct-Apr,2025-04,0.08693263631879866,0.08701061160050627,0.18499999999999991,844.0054945054944
nhsn,2025-2026,Florida,late_oct_apr,Late Oct-Apr,2025-05,0.06698840924948442,0.0734774427134576,0.18499999999999997,1080.6886446886447
nhsn,2025-2026,Florida,late_oct_apr,Late Oct-Apr,2025-06,0.10610768423943867,0.10497521302661862,0.18499999999999991,1196.9853479853482
nhsn,2025-2026,Florida,late_oct_apr,Late Oct-Apr,2025-07,0.085285047442135,0.09066345037244479,0.18499999999999997,1329.9523809523807
nhsn,2025-2026,Florida,late_oct_apr,Late Oct-Apr,2025-08,0.12153048654544751,0.12162137295253664,0.18499999999999997,1352.6153846153845
nhsn,2025-2026,Florida,late_oct_apr,Late Oct-Apr,2025-09,0.13558858508599608,0.1354042020626867,0.18499999999999991,1252.930402930403
nhsn,2025-2026,Florida,late_oct_apr,Late Oct-Apr,2025-10,0.13964599608494194,0.13727639142178585,0.185,1121.3003663003665
nhsn,2025-2026,Florida,late_oct_apr,Late Oct-Apr,2025-11,0.13473349556749808,0.13183958616934596,0.18499999999999997,821.0256410256411
nhsn,2025-2026,Florida,late_oct_apr,Late Oct-Apr,2025-12,0.13357375784834816,0.12912134962169908,0.185,571.2417582417582
nhsn,2025-2026,Florida,late_oct_apr,Late Oct-Apr,2026-01,0.13262024153284807,0.1267601335407947,0.185,360.91208791208794
nhsn,2025-2026,Florida,late_oct_apr,Late Oct-Apr,2026-02,0.12284745531921977,0.11683018193609883,0.185,189.8846153846154
nhsn,2025-2026,Florida,late_oct_apr,Late Oct-Apr,2026-03,0.10753352129508909,0.0999155926201298,0.185,93.35897435897436
nhsn,2025-2026,Florida,late_oct_apr,Late Oct-Apr,2026-04,0.018916638655462184,0.05110119002116745,0.13351405600000002,19.782051282051285
nhsn,2025-2026,Georgia,baseline_oct_mar,Baseline Oct-Mar,2025-01,0.0,0.0,0.0,25.935897435897434
nhsn,2025-2026,Georgia,baseline_oct_mar,Baseline Oct-Mar,2025-02,0.0,0.0,0.0,51.02930402930403
nhsn,2025-2026,Georgia,baseline_oct_mar,Baseline Oct-Mar,2025-03,0.0,0.020896980208697083,0.03425483870967742,130.1098901098901
nhsn,2025-2026,Georgia,baseline_oct_mar,Baseline Oct-Mar,2025-04,0.12069138814123903,0.11658731273147968,0.18499999999999991,270.56227106227107
nhsn,2025-2026,Georgia,baseline_oct_mar,Baseline Oct-Mar,2025-05,0.10946703283508263,0.11193698238664927,0.18499999999999997,463.8699633699634
nhsn,2025-2026,Georgia,baseline_oct_mar,Baseline Oct-Mar,2025-06,0.13380185631376068,0.13339397979964468,0.18499999999999991,569.8754578754579
nhsn,2025-2026,Georgia,baseline_oct_mar,Baseline Oct-Mar,2025-07,0.12253110685827515,0.12445104646868256,0.18499999999999997,687.0274725274726
nhsn,2025-2026,Georgia,baseline_oct_mar,Baseline Oct-Mar,2025-08,0.13974105976044815,0.13991559889951963,0.18499999999999997,712.386446886447
nhsn,2025-2026,Georgia,baseline_oct_mar,Baseline Oct-Mar,2025-09,0.14478743794939422,0.14476852683064492,0.18499999999999991,684.7765567765567
nhsn,2025-2026,Georgia,baseline_oct_mar,Baseline Oct-Mar,2025-10,0.14674566502938538,0.14482957383915607,0.185,676.7032967032967
nhsn,2025-2026,Georgia,baseline_oct_mar,Baseline Oct-Mar,2025-11,0.14226794123029513,0.13846133489337994,0.18499999999999997,581.532967032967
nhsn,2025-2026,Georgia,baseline_oct_mar,Baseline Oct-Mar,2025-12,0.12813089212492473,0.1267889750455005,0.185,449.6794871794872
nhsn,2025-2026,Georgia,baseline_oct_mar,Baseline Oct-Mar,2026-01,0.13228805467260013,0.12494016285964327,0.185,264.06410256410254
nhsn,2025-2026,Georgia,baseline_oct_mar,Baseline Oct-Mar,2026-02,0.11244512286793669,0.10560592479305594,0.185,129.82051282051282
nhsn,2025-2026,Georgia,baseline_oct_mar,Baseline Oct-Mar,2026-03,0.09069947851081303,0.0773834689875746,0.12500891612903228,45.047619047619044
nhsn,2025-2026,Georgia,baseline_oct_mar,Baseline Oct-Mar,2026-04,0.0,0.0,0.0,9.926739926739927
nhsn,2025-2026,Georgia,early_sep_mar,Early Sep-Mar,2025-01,0.0,0.0,0.0,25.935897435897434
nhsn,2025-2026,Georgia,early_sep_mar,Early Sep-Mar,2025-02,0.0,0.02056672133517916,0.035216071428571416,51.02930402930403
nhsn,2025-2026,Georgia,early_sep_mar,Early Sep-Mar,2025-03,0.12056653514607663,0.11583491072430048,0.1814790322580645,130.1098901098901
nhsn,2025-2026,Georgia,early_sep_mar,Early Sep-Mar,2025-04,0.12124837494509479,0.12254560252002585,0.18499999999999991,270.56227106227107
nhsn,2025-2026,Georgia,early_sep_mar,Early Sep-Mar,2025-05,0.14029388645532517,0.1397013924506401,0.18499999999999997,463.8699633699634
nhsn,2025-2026,Georgia,early_sep_mar,Early Sep-Mar,2025-06,0.13546477349166489,0.1364813163873924,0.18499999999999991,569.8754578754579
nhsn,2025-2026,Georgia,early_sep_mar,Early Sep-Mar,2025-07,0.1436944051310136,0.1434299223233724,0.18499999999999997,687.0274725274726
nhsn,2025-2026,Georgia,early_sep_mar,Early Sep-Mar,2025-08,0.14455535127237235,0.14436968567218117,0.18499999999999997,712.386446886447
nhsn,2025-2026,Georgia,early_sep_mar,Early Sep-Mar,2025-09,0.14549891596660613,0.1455793122262741,0.18499999999999997,684.7765567765568
nhsn,2025-2026,Georgia,early_sep_mar,Early Sep-Mar,2025-10,0.14674566502938538,0.14482957383915607,0.185,676.7032967032967
nhsn,2025-2026,Georgia,early_sep_mar,Early Sep-Mar,2025-11,0.14226794123029513,0.13846133489337994,0.18499999999999997,581.532967032967
nhsn,2025-2026,Georgia,early_sep_mar,Early Sep-Mar,2025-12,0.12813089212492473,0.1267889750455005,0.185,449.6794871794872
nhsn,2025-2026,Georgia,early_sep_mar,Early Sep-Mar,2026-01,0.13228805467260013,0.12494016285964327,0.185,264.06410256410254
nhsn,2025-2026,Georgia,early_sep_mar,Early Sep-Mar,2026-02,0.11244512286793669,0.10560592479305594,0.185,129.82051282051282
nhsn,2025-2026,Georgia,early_sep_mar,Early Sep-Mar,2026-03,0.09069947851081303,0.0773834689875746,0.12500891612903228,45.047619047619044
nhsn,2025-2026,Georgia,early_sep_mar,Early Sep-Mar,2026-04,0.0,0.0,0.0,9.926739926739927
nhsn,2025-2026,Georgia,extended_sep_apr,Extended Sep-Apr,2025-01,0.0,0.0,0.0,25.935897435897434
nhsn,2025-2026,Georgia,extended_sep_apr,Extended Sep-Apr,2025-02,0.0,0.02056672133517916,0.035216071428571416,51.02930402930403
nhsn,2025-2026,Georgia,extended_sep_apr,Extended Sep-Apr,2025-03,0.12056653514607663,0.11583491072430048,0.1814790322580645,130.1098901098901
nhsn,2025-2026,Georgia,extended_sep_apr,Extended Sep-Apr,2025-04,0.12124837494509479,0.12254560252002585,0.18499999999999991,270.56227106227107
nhsn,2025-2026,Georgia,extended_sep_apr,Extended Sep-Apr,2025-05,0.14029388645532517,0.1397013924506401,0.18499999999999997,463.8699633699634
nhsn,2025-2026,Georgia,extended_sep_apr,Extended Sep-Apr,2025-06,0.13546477349166489,0.1364813163873924,0.18499999999999991,569.8754578754579
nhsn,2025-2026,Georgia,extended_sep_apr,Extended Sep-Apr,2025-07,0.1436944051310136,0.1434299223233724,0.18499999999999997,687.0274725274726
nhsn,2025-2026,Georgia,extended_sep_apr,Extended Sep-Apr,2025-08,0.14455535127237235,0.14436968567218117,0.18499999999999997,712.386446886447
nhsn,2025-2026,Georgia,extended_sep_apr,Extended Sep-Apr,2025-09,0.14549891596660613,0.1455793122262741,0.18499999999999997,684.7765567765568
nhsn,2025-2026,Georgia,extended_sep_apr,Extended Sep-Apr,2025-10,0.14674566502938538,0.14482957383915607,0.185,676.7032967032967
nhsn,2025-2026,Georgia,extended_sep_apr,Extended Sep-Apr,2025-11,0.14226794123029513,0.13846133489337994,0.18499999999999997,581.532967032967
nhsn,2025-2026,Georgia,extended_sep_apr,Extended Sep-Apr,2025-12,0.12813089212492473,0.1267889750455005,0.185,449.6794871794872
nhsn,2025-2026,Georgia,extended_sep_apr,Extended Sep-Apr,2026-01,0.13228805467260013,0.12494016285964327,0.185,264.06410256410254
nhsn,2025-2026,Georgia,extended_sep_apr,Extended Sep-Apr,2026-02,0.11244512286793669,0.10560592479305594,0.185,129.82051282051282
nhsn,2025-2026,Georgia,extended_sep_apr,Extended Sep-Apr,2026-03,0.0980708958130477,0.0983484359452651,0.185,45.047619047619044
nhsn,2025-2026,Georgia,extended_sep_apr,Extended Sep-Apr,2026-04,0.016976470588235294,0.0524922737276729,0.13351405600000002,9.926739926739927
nhsn,2025-2026,Georgia,late_oct_apr,Late Oct-Apr,2025-01,0.0,0.0,0.0,25.935897435897434
nhsn,2025-2026,Georgia,late_oct_apr,Late Oct-Apr,2025-02,0.0,0.0,0.0,51.02930402930403
nhsn,2025-2026,Georgia,late_oct_apr,Late Oct-Apr,2025-03,0.0,0.020896980208697083,0.03425483870967742,130.1098901098901
nhsn,2025-2026,Georgia,late_oct_apr,Late Oct-Apr,2025-04,0.12069138814123903,0.11658731273147968,0.18499999999999991,270.56227106227107
nhsn,2025-2026,Georgia,late_oct_apr,Late Oct-Apr,2025-05,0.10946703283508263,0.11193698238664927,0.18499999999999997,463.8699633699634
nhsn,2025-2026,Georgia,late_oct_apr,Late Oct-Apr,2025-06,0.13380185631376068,0.13339397979964468,0.18499999999999991,569.8754578754579
nhsn,2025-2026,Georgia,late_oct_apr,Late Oct-Apr,2025-07,0.12253110685827515,0.12445104646868256,0.18499999999999997,687.0274725274726
nhsn,2025-2026,Georgia,late_oct_apr,Late Oct-Apr,2025-08,0.13974105976044815,0.13991559889951963,0.18499999999999997,712.386446886447
nhsn,2025-2026,Georgia,late_oct_apr,Late Oct-Apr,2025-09,0.14478743794939422,0.14476852683064492,0.18499999999999991,684.7765567765567
nhsn,2025-2026,Georgia,late_oct_apr,Late Oct-Apr,2025-10,0.14674566502938538,0.14482957383915607,0.185,676.7032967032967
nhsn,2025-2026,Georgia,late_oct_apr,Late Oct-Apr,2025-11,0.14226794123029513,0.13846133489337994,0.18499999999999997,581.532967032967
nhsn,2025-2026,Georgia,late_oct_apr,Late Oct-Apr,2025-12,0.12813089212492473,0.1267889750455005,0.185,449.6794871794872
nhsn,2025-2026,Georgia,late_oct_apr,Late Oct-Apr,2026-01,0.13228805467260013,0.12494016285964327,0.185,264.06410256410254
nhsn,2025-2026,Georgia,late_oct_apr,Late Oct-Apr,2026-02,0.11244512286793669,0.10560592479305594,0.185,129.82051282051282
nhsn,2025-2026,Georgia,late_oct_apr,Late Oct-Apr,2026-03,0.0980708958130477,0.0983484359452651,0.185,45.047619047619044
nhsn,2025-2026,Georgia,late_oct_apr,Late Oct-Apr,2026-04,0.016976470588235294,0.0524922737276729,0.13351405600000002,9.926739926739927
nhsn,2025-2026,Hawaii,baseline_oct_mar,Baseline Oct-Mar,2025-01,0.0,0.0,0.0,5.183150183150182
nhsn,2025-2026,Hawaii,baseline_oct_mar,Baseline Oct-Mar,2025-02,0.0,0.0,0.0,8.214285714285714
nhsn,2025-2026,Hawaii,baseline_oct_mar,Baseline Oct-Mar,2025-03,0.0,0.016788253278015242,0.03425483870967742,15.743589743589745
nhsn,2025-2026,Hawaii,baseline_oct_mar,Baseline Oct-Mar,2025-04,0.08960913814720632,0.09117796050126074,0.18499999999999991,24.613553113553113
nhsn,2025-2026,Hawaii,baseline_oct_mar,Baseline Oct-Mar,2025-05,0.08734468941494938,0.0901327951889053,0.18499999999999997,37.44505494505495
nhsn,2025-2026,Hawaii,baseline_oct_mar,Baseline Oct-Mar,2025-06,0.1230016537050106,0.12355680021949808,0.18499999999999991,56.73626373626374
nhsn,2025-2026,Hawaii,baseline_oct_mar,Baseline Oct-Mar,2025-07,0.12113214910260843,0.12161562704195292,0.18499999999999997,72.51831501831504
nhsn,2025-2026,Hawaii,baseline_oct_mar,Baseline Oct-Mar,2025-08,0.13667938649494837,0.13649008693832632,0.18499999999999997,77.30402930402931
nhsn,2025-2026,Hawaii,baseline_oct_mar,Baseline Oct-Mar,2025-09,0.1433134705331272,0.1434254707344799,0.18499999999999991,73.85347985347985
nhsn,2025-2026,Hawaii,baseline_oct_mar,Baseline Oct-Mar,2025-10,0.14506396862950138,0.14425932958535648,0.185,72.31684981684982
nhsn,2025-2026,Hawaii,baseline_oct_mar,Baseline Oct-Mar,2025-11,0.14304614301256383,0.14147283739106614,0.18499999999999997,63.4065934065934
nhsn,2025-2026,Hawaii,baseline_oct_mar,Baseline Oct-Mar,2025-12,0.14456298315413896,0.14170447645394965,0.185,55.79670329670329
nhsn,2025-2026,Hawaii,baseline_oct_mar,Baseline Oct-Mar,2026-01,0.12786491866028704,0.1227538177675368,0.185,43.22893772893774
nhsn,2025-2026,Hawaii,baseline_oct_mar,Baseline Oct-Mar,2026-02,0.12443032400292017,0.11302547702270012,0.185,20.5
nhsn,2025-2026,Hawaii,baseline_oct_mar,Baseline Oct-Mar,2026-03,0.0656230576923077,0.06986091835780489,0.12500891612903228,7.873626373626374
nhsn,2025-2026,Hawaii,baseline_oct_mar,Baseline Oct-Mar,2026-04,0.0,0.0,0.0,1.2673992673992673
nhsn,2025-2026,Hawaii,early_sep_mar,Early Sep-Mar,2025-01,0.0,0.0,0.0,5.183150183150182
nhsn,2025-2026,Hawaii,early_sep_mar,Early Sep-Mar,2025-02,0.0,0.017547425519163707,0.035216071428571416,8.214285714285714
nhsn,2025-2026,Hawaii,early_sep_mar,Early Sep-Mar,2025-03,0.09964816646453178,0.09602046485658142,0.1814790322580645,15.743589743589745
nhsn,2025-2026,Hawaii,early_sep_mar,Early Sep-Mar,2025-04,0.09952731619361031,0.09972637459990247,0.18499999999999991,24.613553113553113
nhsn,2025-2026,Hawaii,early_sep_mar,Early Sep-Mar,2025-05,0.12793414195905106,0.12643960293891618,0.18499999999999997,37.44505494505495
nhsn,2025-2026,Hawaii,early_sep_mar,Early Sep-Mar,2025-06,0.1269202666951369,0.12716583551555,0.18499999999999991,56.73626373626374
nhsn,2025-2026,Hawaii,early_sep_mar,Early Sep-Mar,2025-07,0.14073834916313196,0.14039703295604292,0.18499999999999997,72.51831501831504
nhsn,2025-2026,Hawaii,early_sep_mar,Early Sep-Mar,2025-08,0.14365368357930727,0.1432993308999613,0.18499999999999997,77.30402930402931
nhsn,2025-2026,Hawaii,early_sep_mar,Early Sep-Mar,2025-09,0.14440528523479484,0.14444629301643988,0.18499999999999997,73.85347985347985
nhsn,2025-2026,Hawaii,early_sep_mar,Early Sep-Mar,2025-10,0.14506396862950138,0.14425932958535648,0.185,72.31684981684982
nhsn,2025-2026,Hawaii,early_sep_mar,Early Sep-Mar,2025-11,0.14304614301256383,0.14147283739106614,0.18499999999999997,63.4065934065934
nhsn,2025-2026,Hawaii,early_sep_mar,Early Sep-Mar,2025-12,0.14456298315413896,0.14170447645394965,0.185,55.79670329670329
nhsn,2025-2026,Hawaii,early_sep_mar,Early Sep-Mar,2026-01,0.12786491866028704,0.1227538177675368,0.185,43.22893772893774
nhsn,2025-2026,Hawaii,early_sep_mar,Early Sep-Mar,2026-02,0.12443032400292017,0.11302547702270012,0.185,20.5
nhsn,2025-2026,Hawaii,early_sep_mar,Early Sep-Mar,2026-03,0.0656230576923077,0.06986091835780489,0.12500891612903228,7.873626373626374
nhsn,2025-2026,Hawaii,early_sep_mar,Early Sep-Mar,2026-04,0.0,0.0,0.0,1.2673992673992673
nhsn,2025-2026,Hawaii,extended_sep_apr,Extended Sep-Apr,2025-01,0.0,0.0,0.0,5.183150183150182
nhsn,2025-2026,Hawaii,extended_sep_apr,Extended Sep-Apr,2025-02,0.0,0.017547425519163707,0.035216071428571416,8.214285714285714
nhsn,2025-2026,Hawaii,extended_sep_apr,Extended Sep-Apr,2025-03,0.09964816646453178,0.09602046485658142,0.1814790322580645,15.743589743589745
nhsn,2025-2026,Hawaii,extended_sep_apr,Extended Sep-Apr,2025-04,0.09952731619361031,0.09972637459990247,0.18499999999999991,24.613553113553113
nhsn,2025-2026,Hawaii,extended_sep_apr,Extended Sep-Apr,2025-05,0.12793414195905106,0.12643960293891618,0.18499999999999997,37.44505494505495
nhsn,2025-2026,Hawaii,extended_sep_apr,Extended Sep-Apr,2025-06,0.1269202666951369,0.12716583551555,0.18499999999999991,56.73626373626374
nhsn,2025-2026,Hawaii,extended_sep_apr,Extended Sep-Apr,2025-07,0.14073834916313196,0.14039703295604292,0.18499999999999997,72.51831501831504
nhsn,2025-2026,Hawaii,extended_sep_apr,Extended Sep-Apr,2025-08,0.14365368357930727,0.1432993308999613,0.18499999999999997,77.30402930402931
nhsn,2025-2026,Hawaii,extended_sep_apr,Extended Sep-Apr,2025-09,0.14440528523479484,0.14444629301643988,0.18499999999999997,73.85347985347985
nhsn,2025-2026,Hawaii,extended_sep_apr,Extended Sep-Apr,2025-10,0.14506396862950138,0.14425932958535648,0.185,72.31684981684982
nhsn,2025-2026,Hawaii,extended_sep_apr,Extended Sep-Apr,2025-11,0.14304614301256383,0.14147283739106614,0.18499999999999997,63.4065934065934
nhsn,2025-2026,Hawaii,extended_sep_apr,Extended Sep-Apr,2025-12,0.14456298315413896,0.14170447645394965,0.185,55.79670329670329
nhsn,2025-2026,Hawaii,extended_sep_apr,Extended Sep-Apr,2026-01,0.12786491866028704,0.1227538177675368,0.185,43.22893772893774
nhsn,2025-2026,Hawaii,extended_sep_apr,Extended Sep-Apr,2026-02,0.12443032400292017,0.11302547702270012,0.185,20.5
nhsn,2025-2026,Hawaii,extended_sep_apr,Extended Sep-Apr,2026-03,0.09008560232220611,0.08847868894415747,0.185,7.873626373626374
nhsn,2025-2026,Hawaii,extended_sep_apr,Extended Sep-Apr,2026-04,0.028859999999999997,0.062319132182765836,0.13351405600000002,1.2673992673992673
nhsn,2025-2026,Hawaii,late_oct_apr,Late Oct-Apr,2025-01,0.0,0.0,0.0,5.183150183150182
nhsn,2025-2026,Hawaii,late_oct_apr,Late Oct-Apr,2025-02,0.0,0.0,0.0,8.214285714285714
nhsn,2025-2026,Hawaii,late_oct_apr,Late Oct-Apr,2025-03,0.0,0.016788253278015242,0.03425483870967742,15.743589743589745
nhsn,2025-2026,Hawaii,late_oct_apr,Late Oct-Apr,2025-04,0.08960913814720632,0.09117796050126074,0.18499999999999991,24.613553113553113
nhsn,2025-2026,Hawaii,late_oct_apr,Late Oct-Apr,2025-05,0.08734468941494938,0.0901327951889053,0.18499999999999997,37.44505494505495
nhsn,2025-2026,Hawaii,late_oct_apr,Late Oct-Apr,2025-06,0.1230016537050106,0.12355680021949808,0.18499999999999991,56.73626373626374
nhsn,2025-2026,Hawaii,late_oct_apr,Late Oct-Apr,2025-07,0.12113214910260843,0.12161562704195292,0.18499999999999997,72.51831501831504
nhsn,2025-2026,Hawaii,late_oct_apr,Late Oct-Apr,2025-08,0.13667938649494837,0.13649008693832632,0.18499999999999997,77.30402930402931
nhsn,2025-2026,Hawaii,late_oct_apr,Late Oct-Apr,2025-09,0.1433134705331272,0.1434254707344799,0.18499999999999991,73.85347985347985
nhsn,2025-2026,Hawaii,late_oct_apr,Late Oct-Apr,2025-10,0.14506396862950138,0.14425932958535648,0.185,72.31684981684982
nhsn,2025-2026,Hawaii,late_oct_apr,Late Oct-Apr,2025-11,0.14304614301256383,0.14147283739106614,0.18499999999999997,63.4065934065934
nhsn,2025-2026,Hawaii,late_oct_apr,Late Oct-Apr,2025-12,0.14456298315413896,0.14170447645394965,0.185,55.79670329670329
nhsn,2025-2026,Hawaii,late_oct_apr,Late Oct-Apr,2026-01,0.12786491866028704,0.1227538177675368,0.185,43.22893772893774
nhsn,2025-2026,Hawaii,late_oct_apr,Late Oct-Apr,2026-02,0.12443032400292017,0.11302547702270012,0.185,20.5
nhsn,2025-2026,Hawaii,late_oct_apr,Late Oct-Apr,2026-03,0.09008560232220611,0.08847868894415747,0.185,7.873626373626374
nhsn,2025-2026,Hawaii,late_oct_apr,Late Oct-Apr,2026-04,0.028859999999999997,0.062319132182765836,0.13351405600000002,1.2673992673992673
nhsn,2025-2026,Idaho,baseline_oct_mar,Baseline Oct-Mar,2025-01,,,0.0,0.0
nhsn,2025-2026,Idaho,baseline_oct_mar,Baseline Oct-Mar,2025-02,0.0,0.0,0.0,0.5769230769230769
nhsn,2025-2026,Idaho,baseline_oct_mar,Baseline Oct-Mar,2025-03,0.0,0.026283249547178787,0.03425483870967742,2.217948717948717
nhsn,2025-2026,Idaho,baseline_oct_mar,Baseline Oct-Mar,2025-04,0.13202835309829059,0.13207996434168723,0.18499999999999991,6.404761904761905
nhsn,2025-2026,Idaho,baseline_oct_mar,Baseline Oct-Mar,2025-05,0.13307813960957607,0.1348355988328026,0.18499999999999997,18.695970695970697
nhsn,2025-2026,Idaho,baseline_oct_mar,Baseline Oct-Mar,2025-06,0.14589390625516216,0.1459724851611729,0.18499999999999991,43.65567765567766
nhsn,2025-2026,Idaho,baseline_oct_mar,Baseline Oct-Mar,2025-07,0.14495566793206796,0.14523375986935685,0.18499999999999997,80.63003663003661
nhsn,2025-2026,Idaho,baseline_oct_mar,Baseline Oct-Mar,2025-08,0.14681242999019226,0.14694853522595877,0.18499999999999997,99.21611721611721
nhsn,2025-2026,Idaho,baseline_oct_mar,Baseline Oct-Mar,2025-09,0.14731833578970052,0.1472459519004068,0.18499999999999991,98.07692307692304
nhsn,2025-2026,Idaho,baseline_oct_mar,Baseline Oct-Mar,2025-10,0.14741970745524316,0.14734077660876477,0.185,100.73076923076923
nhsn,2025-2026,Idaho,baseline_oct_mar,Baseline Oct-Mar,2025-11,0.14793808397951258,0.14732800114153924,0.18499999999999997,95.8974358974359
nhsn,2025-2026,Idaho,baseline_oct_mar,Baseline Oct-Mar,2025-12,0.14558827337211078,0.14435260526830668,0.185,94.56227106227107
nhsn,2025-2026,Idaho,baseline_oct_mar,Baseline Oct-Mar,2026-01,0.14389008054834684,0.1369189132836073,0.185,82.13003663003661
nhsn,2025-2026,Idaho,baseline_oct_mar,Baseline Oct-Mar,2026-02,0.11987334970814309,0.1140354642671909,0.185,50.80769230769231
nhsn,2025-2026,Idaho,baseline_oct_mar,Baseline Oct-Mar,2026-03,0.08022260453648916,0.07351122008253712,0.12500891612903228,21.761904761904763
nhsn,2025-2026,Idaho,baseline_oct_mar,Baseline Oct-Mar,2026-04,0.0,0.0,0.0,2.3278388278388276
nhsn,2025-2026,Idaho,early_sep_mar,Early Sep-Mar,2025-01,,,0.0,0.0
nhsn,2025-2026,Idaho,early_sep_mar,Early Sep-Mar,2025-02,0.0,0.03292882899854046,0.035216071428571416,0.5769230769230769
nhsn,2025-2026,Idaho,early_sep_mar,Early Sep-Mar,2025-03,0.1547484895104895,0.1500490604881349,0.1814790322580645,2.217948717948717
nhsn,2025-2026,Idaho,early_sep_mar,Early Sep-Mar,2025-04,0.135895541996892,0.13705192426856602,0.18499999999999991,6.404761904761905
nhsn,2025-2026,Idaho,early_sep_mar,Early Sep-Mar,2025-05,0.14899857756529186,0.14858801835298002,0.18499999999999997,18.695970695970697
nhsn,2025-2026,Idaho,early_sep_mar,Early Sep-Mar,2025-06,0.1461467503444511,0.14654696887629456,0.18499999999999991,43.65567765567766
nhsn,2025-2026,Idaho,early_sep_mar,Early Sep-Mar,2025-07,0.14753104787520177,0.14748503571280155,0.18499999999999997,80.63003663003661
nhsn,2025-2026,Idaho,early_sep_mar,Early Sep-Mar,2025-08,0.14486686717013006,0.14366390165129847,0.18499999999999997,99.21611721611721
nhsn,2025-2026,Idaho,early_sep_mar,Early Sep-Mar,2025-09,0.14652337175373648,0.14514808869631116,0.18499999999999997,98.07692307692307
nhsn,2025-2026,Idaho,early_sep_mar,Early Sep-Mar,2025-10,0.14741970745524316,0.14734077660876477,0.185,100.73076923076923
nhsn,2025-2026,Idaho,early_sep_mar,Early Sep-Mar,2025-11,0.14793808397951258,0.14732800114153924,0.18499999999999997,95.8974358974359
nhsn,2025-2026,Idaho,early_sep_mar,Early Sep-Mar,2025-12,0.14558827337211078,0.14435260526830668,0.185,94.56227106227107
nhsn,2025-2026,Idaho,early_sep_mar,Early Sep-Mar,2026-01,0.14389008054834684,0.1369189132836073,0.185,82.13003663003661
nhsn,2025-2026,Idaho,early_sep_mar,Early Sep-Mar,2026-02,0.11987334970814309,0.1140354642671909,0.185,50.80769230769231
nhsn,2025-2026,Idaho,early_sep_mar,Early Sep-Mar,2026-03,0.08022260453648916,0.07351122008253712,0.12500891612903228,21.761904761904763
nhsn,2025-2026,Idaho,early_sep_mar,Early Sep-Mar,2026-04,0.0,0.0,0.0,2.3278388278388276
nhsn,2025-2026,Idaho,extended_sep_apr,Extended Sep-Apr,2025-01,,,0.0,0.0
nhsn,2025-2026,Idaho,extended_sep_apr,Extended Sep-Apr,2025-02,0.0,0.03292882899854046,0.035216071428571416,0.5769230769230769
nhsn,2025-2026,Idaho,extended_sep_apr,Extended Sep-Apr,2025-03,0.1547484895104895,0.1500490604881349,0.1814790322580645,2.217948717948717
nhsn,2025-2026,Idaho,extended_sep_apr,Extended Sep-Apr,2025-04,0.135895541996892,0.13705192426856602,0.18499999999999991,6.404761904761905
nhsn,2025-2026,Idaho,extended_sep_apr,Extended Sep-Apr,2025-05,0.14899857756529186,0.14858801835298002,0.18499999999999997,18.695970695970697
nhsn,2025-2026,Idaho,extended_sep_apr,Extended Sep-Apr,2025-06,0.1461467503444511,0.14654696887629456,0.18499999999999991,43.65567765567766
nhsn,2025-2026,Idaho,extended_sep_apr,Extended Sep-Apr,2025-07,0.14753104787520177,0.14748503571280155,0.18499999999999997,80.63003663003661
nhsn,2025-2026,Idaho,extended_sep_apr,Extended Sep-Apr,2025-08,0.14486686717013006,0.14366390165129847,0.18499999999999997,99.21611721611721
nhsn,2025-2026,Idaho,extended_sep_apr,Extended Sep-Apr,2025-09,0.14652337175373648,0.14514808869631116,0.18499999999999997,98.07692307692307
nhsn,2025-2026,Idaho,extended_sep_apr,Extended Sep-Apr,2025-10,0.14741970745524316,0.14734077660876477,0.185,100.73076923076923
nhsn,2025-2026,Idaho,extended_sep_apr,Extended Sep-Apr,2025-11,0.14793808397951258,0.14732800114153924,0.18499999999999997,95.8974358974359
nhsn,2025-2026,Idaho,extended_sep_apr,Extended Sep-Apr,2025-12,0.14558827337211078,0.14435260526830668,0.185,94.56227106227107
nhsn,2025-2026,Idaho,extended_sep_apr,Extended Sep-Apr,2026-01,0.14389008054834684,0.1369189132836073,0.185,82.13003663003661
nhsn,2025-2026,Idaho,extended_sep_apr,Extended Sep-Apr,2026-02,0.11987334970814309,0.1140354642671909,0.185,50.80769230769231
nhsn,2025-2026,Idaho,extended_sep_apr,Extended Sep-Apr,2026-03,0.08462662895927602,0.08394590940357954,0.185,21.761904761904763
nhsn,2025-2026,Idaho,extended_sep_apr,Extended Sep-Apr,2026-04,0.014429999999999998,0.046190176124883,0.13351405600000002,2.3278388278388276
nhsn,2025-2026,Idaho,late_oct_apr,Late Oct-Apr,2025-01,,,0.0,0.0
nhsn,2025-2026,Idaho,late_oct_apr,Late Oct-Apr,2025-02,0.0,0.0,0.0,0.5769230769230769
nhsn,2025-2026,Idaho,late_oct_apr,Late Oct-Apr,2025-03,0.0,0.026283249547178787,0.03425483870967742,2.217948717948717
nhsn,2025-2026,Idaho,late_oct_apr,Late Oct-Apr,2025-04,0.13202835309829059,0.13207996434168723,0.18499999999999991,6.404761904761905
nhsn,2025-2026,Idaho,late_oct_apr,Late Oct-Apr,2025-05,0.13307813960957607,0.1348355988328026,0.18499999999999997,18.695970695970697
nhsn,2025-2026,Idaho,late_oct_apr,Late Oct-Apr,2025-06,0.14589390625516216,0.1459724851611729,0.18499999999999991,43.65567765567766
nhsn,2025-2026,Idaho,late_oct_apr,Late Oct-Apr,2025-07,0.14495566793206796,0.14523375986935685,0.18499999999999997,80.63003663003661
nhsn,2025-2026,Idaho,late_oct_apr,Late Oct-Apr,2025-08,0.14681242999019226,0.14694853522595877,0.18499999999999997,99.21611721611721
nhsn,2025-2026,Idaho,late_oct_apr,Late Oct-Apr,2025-09,0.14731833578970052,0.1472459519004068,0.18499999999999991,98.07692307692304
nhsn,2025-2026,Idaho,late_oct_apr,Late Oct-Apr,2025-10,0.14741970745524316,0.14734077660876477,0.185,100.73076923076923
nhsn,2025-2026,Idaho,late_oct_apr,Late Oct-Apr,2025-11,0.14793808397951258,0.14732800114153924,0.18499999999999997,95.8974358974359
nhsn,2025-2026,Idaho,late_oct_apr,Late Oct-Apr,2025-12,0.14558827337211078,0.14435260526830668,0.185,94.56227106227107
nhsn,2025-2026,Idaho,late_oct_apr,Late Oct-Apr,2026-01,0.14389008054834684,0.1369189132836073,0.185,82.13003663003661
nhsn,2025-2026,Idaho,late_oct_apr,Late Oct-Apr,2026-02,0.11987334970814309,0.1140354642671909,0.185,50.80769230769231
nhsn,2025-2026,Idaho,late_oct_apr,Late Oct-Apr,2026-03,0.08462662895927602,0.08394590940357954,0.185,21.761904761904763
nhsn,2025-2026,Idaho,late_oct_apr,Late Oct-Apr,2026-04,0.014429999999999998,0.046190176124883,0.13351405600000002,2.3278388278388276
nhsn,2025-2026,Illinois,baseline_oct_mar,Baseline Oct-Mar,2025-01,0.0,0.0,0.0,3.9981684981684986
nhsn,2025-2026,Illinois,baseline_oct_mar,Baseline Oct-Mar,2025-02,0.0,0.0,0.0,7.183150183150183
nhsn,2025-2026,Illinois,baseline_oct_mar,Baseline Oct-Mar,2025-03,0.0,0.02052756352910418,0.03425483870967742,18.327838827838825
nhsn,2025-2026,Illinois,baseline_oct_mar,Baseline Oct-Mar,2025-04,0.12985129133259904,0.1288228888270657,0.18499999999999991,63.291208791208796
nhsn,2025-2026,Illinois,baseline_oct_mar,Baseline Oct-Mar,2025-05,0.1383050937343317,0.13850177514360615,0.18499999999999997,194.33699633699635
nhsn,2025-2026,Illinois,baseline_oct_mar,Baseline Oct-Mar,2025-06,0.1453304569960454,0.14507436256874207,0.18499999999999991,332.80769230769226
nhsn,2025-2026,Illinois,baseline_oct_mar,Baseline Oct-Mar,2025-07,0.14467378916185583,0.14468436776458662,0.18499999999999997,499.1355311355311
nhsn,2025-2026,Illinois,baseline_oct_mar,Baseline Oct-Mar,2025-08,0.14644321489034703,0.14645638932439478,0.18499999999999997,572.6227106227104
nhsn,2025-2026,Illinois,baseline_oct_mar,Baseline Oct-Mar,2025-09,0.1472472181667327,0.14723231918727583,0.18499999999999991,565.419413919414
nhsn,2025-2026,Illinois,baseline_oct_mar,Baseline Oct-Mar,2025-10,0.14781748589047564,0.1478087730862118,0.185,580.1849816849817
nhsn,2025-2026,Illinois,baseline_oct_mar,Baseline Oct-Mar,2025-11,0.148499592177532,0.1468595978863248,0.18499999999999997,551.1520146520147
nhsn,2025-2026,Illinois,baseline_oct_mar,Baseline Oct-Mar,2025-12,0.1412954538839642,0.13797924698309755,0.185,520.7747252747253
nhsn,2025-2026,Illinois,baseline_oct_mar,Baseline Oct-Mar,2026-01,0.13792191185483385,0.1313486395748802,0.185,389.28937728937734
nhsn,2025-2026,Illinois,baseline_oct_mar,Baseline Oct-Mar,2026-02,0.11743396312347018,0.11190409570950874,0.185,220.67948717948718
nhsn,2025-2026,Illinois,baseline_oct_mar,Baseline Oct-Mar,2026-03,0.10494009677191495,0.08036149871494373,0.12500891612903228,92.46520146520147
nhsn,2025-2026,Illinois,baseline_oct_mar,Baseline Oct-Mar,2026-04,0.0,0.0,0.0,15.650183150183155
nhsn,2025-2026,Illinois,early_sep_mar,Early Sep-Mar,2025-01,0.0,0.0,0.0,3.9981684981684986
nhsn,2025-2026,Illinois,early_sep_mar,Early Sep-Mar,2025-02,0.0,0.01873872270283481,0.035216071428571416,7.183150183150183
nhsn,2025-2026,Illinois,early_sep_mar,Early Sep-Mar,2025-03,0.11339444094974792,0.11225284418273569,0.1814790322580645,18.327838827838825
nhsn,2025-2026,Illinois,early_sep_mar,Early Sep-Mar,2025-04,0.13079957316757318,0.13115800277126663,0.18499999999999991,63.291208791208796
nhsn,2025-2026,Illinois,early_sep_mar,Early Sep-Mar,2025-05,0.14508875791224907,0.14501239389109308,0.18499999999999997,194.33699633699635
nhsn,2025-2026,Illinois,early_sep_mar,Early Sep-Mar,2025-06,0.14540361808966076,0.14543909660727408,0.18499999999999991,332.80769230769226
nhsn,2025-2026,Illinois,early_sep_mar,Early Sep-Mar,2025-07,0.14654281467540956,0.14652664109353847,0.18499999999999997,499.1355311355311
nhsn,2025-2026,Illinois,early_sep_mar,Early Sep-Mar,2025-08,0.14396732046463592,0.1424830774355187,0.18499999999999997,572.6227106227104
nhsn,2025-2026,Illinois,early_sep_mar,Early Sep-Mar,2025-09,0.14659216302494207,0.14488501751060737,0.18499999999999997,565.419413919414
nhsn,2025-2026,Illinois,early_sep_mar,Early Sep-Mar,2025-10,0.14781748589047564,0.1478087730862118,0.185,580.1849816849817
nhsn,2025-2026,Illinois,early_sep_mar,Early Sep-Mar,2025-11,0.148499592177532,0.1468595978863248,0.18499999999999997,551.1520146520147
nhsn,2025-2026,Illinois,early_sep_mar,Early Sep-Mar,2025-12,0.1412954538839642,0.13797924698309755,0.185,520.7747252747253
nhsn,2025-2026,Illinois,early_sep_mar,Early Sep-Mar,2026-01,0.13792191185483385,0.1313486395748802,0.185,389.28937728937734
nhsn,2025-2026,Illinois,early_sep_mar,Early Sep-Mar,2026-02,0.11743396312347018,0.11190409570950874,0.185,220.67948717948718
nhsn,2025-2026,Illinois,early_sep_mar,Early Sep-Mar,2026-03,0.10494009677191495,0.08036149871494373,0.12500891612903228,92.46520146520147
nhsn,2025-2026,Illinois,early_sep_mar,Early Sep-Mar,2026-04,0.0,0.0,0.0,15.650183150183155
nhsn,2025-2026,Illinois,extended_sep_apr,Extended Sep-Apr,2025-01,0.0,0.0,0.0,3.9981684981684986
nhsn,2025-2026,Illinois,extended_sep_apr,Extended Sep-Apr,2025-02,0.0,0.01873872270283481,0.035216071428571416,7.183150183150183
nhsn,2025-2026,Illinois,extended_sep_apr,Extended Sep-Apr,2025-03,0.11339444094974792,0.11225284418273569,0.1814790322580645,18.327838827838825
nhsn,2025-2026,Illinois,extended_sep_apr,Extended Sep-Apr,2025-04,0.13079957316757318,0.13115800277126663,0.18499999999999991,63.291208791208796
nhsn,2025-2026,Illinois,extended_sep_apr,Extended Sep-Apr,2025-05,0.14508875791224907,0.14501239389109308,0.18499999999999997,194.33699633699635
nhsn,2025-2026,Illinois,extended_sep_apr,Extended Sep-Apr,2025-06,0.14540361808966076,0.14543909660727408,0.18499999999999991,332.80769230769226
nhsn,2025-2026,Illinois,extended_sep_apr,Extended Sep-Apr,2025-07,0.14654281467540956,0.14652664109353847,0.18499999999999997,499.1355311355311
nhsn,2025-2026,Illinois,extended_sep_apr,Extended Sep-Apr,2025-08,0.14396732046463592,0.1424830774355187,0.18499999999999997,572.6227106227104
nhsn,2025-2026,Illinois,extended_sep_apr,Extended Sep-Apr,2025-09,0.14659216302494207,0.14488501751060737,0.18499999999999997,565.419413919414
nhsn,2025-2026,Illinois,extended_sep_apr,Extended Sep-Apr,2025-10,0.14781748589047564,0.1478087730862118,0.185,580.1849816849817
nhsn,2025-2026,Illinois,extended_sep_apr,Extended Sep-Apr,2025-11,0.148499592177532,0.1468595978863248,0.18499999999999997,551.1520146520147
nhsn,2025-2026,Illinois,extended_sep_apr,Extended Sep-Apr,2025-12,0.1412954538839642,0.13797924698309755,0.185,520.7747252747253
nhsn,2025-2026,Illinois,extended_sep_apr,Extended Sep-Apr,2026-01,0.13792191185483385,0.1313486395748802,0.185,389.28937728937734
nhsn,2025-2026,Illinois,extended_sep_apr,Extended Sep-Apr,2026-02,0.11743396312347018,0.11190409570950874,0.185,220.67948717948718
nhsn,2025-2026,Illinois,extended_sep_apr,Extended Sep-Apr,2026-03,0.10494009677191495,0.0943978362402059,0.185,92.46520146520147
nhsn,2025-2026,Illinois,extended_sep_apr,Extended Sep-Apr,2026-04,0.014430000000000002,0.04479083376116402,0.13351405600000002,15.65018315018315
nhsn,2025-2026,Illinois,late_oct_apr,Late Oct-Apr,2025-01,0.0,0.0,0.0,3.9981684981684986
nhsn,2025-2026,Illinois,late_oct_apr,Late Oct-Apr,2025-02,0.0,0.0,0.0,7.183150183150183
nhsn,2025-2026,Illinois,late_oct_apr,Late Oct-Apr,2025-03,0.0,0.02052756352910418,0.03425483870967742,18.327838827838825
nhsn,2025-2026,Illinois,late_oct_apr,Late Oct-Apr,2025-04,0.12985129133259904,0.1288228888270657,0.18499999999999991,63.291208791208796
nhsn,2025-2026,Illinois,late_oct_apr,Late Oct-Apr,2025-05,0.1383050937343317,0.13850177514360615,0.18499999999999997,194.33699633699635
nhsn,2025-2026,Illinois,late_oct_apr,Late Oct-Apr,2025-06,0.1453304569960454,0.14507436256874207,0.18499999999999991,332.80769230769226
nhsn,2025-2026,Illinois,late_oct_apr,Late Oct-Apr,2025-07,0.14467378916185583,0.14468436776458662,0.18499999999999997,499.1355311355311
nhsn,2025-2026,Illinois,late_oct_apr,Late Oct-Apr,2025-08,0.14644321489034703,0.14645638932439478,0.18499999999999997,572.6227106227104
nhsn,2025-2026,Illinois,late_oct_apr,Late Oct-Apr,2025-09,0.1472472181667327,0.14723231918727583,0.18499999999999991,565.419413919414
nhsn,2025-2026,Illinois,late_oct_apr,Late Oct-Apr,2025-10,0.14781748589047564,0.1478087730862118,0.185,580.1849816849817
nhsn,2025-2026,Illinois,late_oct_apr,Late Oct-Apr,2025-11,0.148499592177532,0.1468595978863248,0.18499999999999997,551.1520146520147
nhsn,2025-2026,Illinois,late_oct_apr,Late Oct-Apr,2025-12,0.1412954538839642,0.13797924698309755,0.185,520.7747252747253
nhsn,2025-2026,Illinois,late_oct_apr,Late Oct-Apr,2026-01,0.13792191185483385,0.1313486395748802,0.185,389.28937728937734
nhsn,2025-2026,Illinois,late_oct_apr,Late Oct-Apr,2026-02,0.11743396312347018,0.11190409570950874,0.185,220.67948717948718
nhsn,2025-2026,Illinois,late_oct_apr,Late Oct-Apr,2026-03,0.10494009677191495,0.0943978362402059,0.185,92.46520146520147
nhsn,2025-2026,Illinois,late_oct_apr,Late Oct-Apr,2026-04,0.014430000000000002,0.04479083376116402,0.13351405600000002,15.65018315018315
nhsn,2025-2026,Indiana,baseline_oct_mar,Baseline Oct-Mar,2025-01,0.0,0.0,0.0,4.868131868131869
nhsn,2025-2026,Indiana,baseline_oct_mar,Baseline Oct-Mar,2025-02,0.0,0.0,0.0,9.010989010989011
nhsn,2025-2026,Indiana,baseline_oct_mar,Baseline Oct-Mar,2025-03,0.0,0.018506981744885145,0.03425483870967742,19.800366300366303
nhsn,2025-2026,Indiana,baseline_oct_mar,Baseline Oct-Mar,2025-04,0.12031910787360788,0.12010931653848152,0.18499999999999991,53.05860805860806
nhsn,2025-2026,Indiana,baseline_oct_mar,Baseline Oct-Mar,2025-05,0.12989740971101552,0.13006933234321366,0.18499999999999997,133.34249084249083
nhsn,2025-2026,Indiana,baseline_oct_mar,Baseline Oct-Mar,2025-06,0.14197186628686134,0.1415993285759249,0.18499999999999991,210.56043956043956
nhsn,2025-2026,Indiana,baseline_oct_mar,Baseline Oct-Mar,2025-07,0.1411230898391908,0.1407394419354707,0.18499999999999997,312.2619047619047
nhsn,2025-2026,Indiana,baseline_oct_mar,Baseline Oct-Mar,2025-08,0.14477180599894357,0.14483925023390734,0.18499999999999997,357.35347985347977
nhsn,2025-2026,Indiana,baseline_oct_mar,Baseline Oct-Mar,2025-09,0.14626534316552672,0.14642366656745115,0.18499999999999991,352.00366300366306
nhsn,2025-2026,Indiana,baseline_oct_mar,Baseline Oct-Mar,2025-10,0.14770271499741572,0.147472441042962,0.185,358.54945054945057
nhsn,2025-2026,Indiana,baseline_oct_mar,Baseline Oct-Mar,2025-11,0.14751020885651997,0.1455932376695099,0.18499999999999997,337.1648351648352
nhsn,2025-2026,Indiana,baseline_oct_mar,Baseline Oct-Mar,2025-12,0.14133384255174555,0.1380485954879861,0.185,312.5366300366301
nhsn,2025-2026,Indiana,baseline_oct_mar,Baseline Oct-Mar,2026-01,0.13649736520784372,0.13170492432494668,0.185,232.13003663003667
nhsn,2025-2026,Indiana,baseline_oct_mar,Baseline Oct-Mar,2026-02,0.11969163616360444,0.11437481658853287,0.185,136.56410256410257
nhsn,2025-2026,Indiana,baseline_oct_mar,Baseline Oct-Mar,2026-03,0.09414286960826787,0.07796038426094598,0.12500891612903228,58.61355311355311
nhsn,2025-2026,Indiana,baseline_oct_mar,Baseline Oct-Mar,2026-04,0.0,0.0,0.0,10.258241758241763
nhsn,2025-2026,Indiana,early_sep_mar,Early Sep-Mar,2025-01,0.0,0.0,0.0,4.868131868131869
nhsn,2025-2026,Indiana,early_sep_mar,Early Sep-Mar,2025-02,0.0,0.01987490664789335,0.035216071428571416,9.010989010989011
nhsn,2025-2026,Indiana,early_sep_mar,Early Sep-Mar,2025-03,0.11154920221816401,0.10716818980034502,0.1814790322580645,19.800366300366303
nhsn,2025-2026,Indiana,early_sep_mar,Early Sep-Mar,2025-04,0.12198850215409594,0.12396126615671688,0.18499999999999991,53.05860805860806
nhsn,2025-2026,Indiana,early_sep_mar,Early Sep-Mar,2025-05,0.14305646763123286,0.1423026179279159,0.18499999999999997,133.34249084249083
nhsn,2025-2026,Indiana,early_sep_mar,Early Sep-Mar,2025-06,0.142152536208945,0.14253426373707667,0.18499999999999991,210.56043956043956
nhsn,2025-2026,Indiana,early_sep_mar,Early Sep-Mar,2025-07,0.14540868169604973,0.14545345105906862,0.18499999999999997,312.2619047619047
nhsn,2025-2026,Indiana,early_sep_mar,Early Sep-Mar,2025-08,0.14389919013574393,0.14265562040815494,0.18499999999999997,357.35347985347977
nhsn,2025-2026,Indiana,early_sep_mar,Early Sep-Mar,2025-09,0.1460509491563931,0.14440012780538805,0.18499999999999997,352.003663003663
nhsn,2025-2026,Indiana,early_sep_mar,Early Sep-Mar,2025-10,0.14770271499741572,0.147472441042962,0.185,358.54945054945057
nhsn,2025-2026,Indiana,early_sep_mar,Early Sep-Mar,2025-11,0.14751020885651997,0.1455932376695099,0.18499999999999997,337.1648351648352
nhsn,2025-2026,Indiana,early_sep_mar,Early Sep-Mar,2025-12,0.14133384255174555,0.1380485954879861,0.185,312.5366300366301
nhsn,2025-2026,Indiana,early_sep_mar,Early Sep-Mar,2026-01,0.13649736520784372,0.13170492432494668,0.185,232.13003663003667
nhsn,2025-2026,Indiana,early_sep_mar,Early Sep-Mar,2026-02,0.11969163616360444,0.11437481658853287,0.185,136.56410256410257
nhsn,2025-2026,Indiana,early_sep_mar,Early Sep-Mar,2026-03,0.09414286960826787,0.07796038426094598,0.12500891612903228,58.61355311355311
nhsn,2025-2026,Indiana,early_sep_mar,Early Sep-Mar,2026-04,0.0,0.0,0.0,10.258241758241763
nhsn,2025-2026,Indiana,extended_sep_apr,Extended Sep-Apr,2025-01,0.0,0.0,0.0,4.868131868131869
nhsn,2025-2026,Indiana,extended_sep_apr,Extended Sep-Apr,2025-02,0.0,0.01987490664789335,0.035216071428571416,9.010989010989011
nhsn,2025-2026,Indiana,extended_sep_apr,Extended Sep-Apr,2025-03,0.11154920221816401,0.10716818980034502,0.1814790322580645,19.800366300366303
nhsn,2025-2026,Indiana,extended_sep_apr,Extended Sep-Apr,2025-04,0.12198850215409594,0.12396126615671688,0.18499999999999991,53.05860805860806
nhsn,2025-2026,Indiana,extended_sep_apr,Extended Sep-Apr,2025-05,0.14305646763123286,0.1423026179279159,0.18499999999999997,133.34249084249083
nhsn,2025-2026,Indiana,extended_sep_apr,Extended Sep-Apr,2025-06,0.142152536208945,0.14253426373707667,0.18499999999999991,210.56043956043956
nhsn,2025-2026,Indiana,extended_sep_apr,Extended Sep-Apr,2025-07,0.14540868169604973,0.14545345105906862,0.18499999999999997,312.2619047619047
nhsn,2025-2026,Indiana,extended_sep_apr,Extended Sep-Apr,2025-08,0.14389919013574393,0.14265562040815494,0.18499999999999997,357.35347985347977
nhsn,2025-2026,Indiana,extended_sep_apr,Extended Sep-Apr,2025-09,0.1460509491563931,0.14440012780538805,0.18499999999999997,352.003663003663
nhsn,2025-2026,Indiana,extended_sep_apr,Extended Sep-Apr,2025-10,0.14770271499741572,0.147472441042962,0.185,358.54945054945057
nhsn,2025-2026,Indiana,extended_sep_apr,Extended Sep-Apr,2025-11,0.14751020885651997,0.1455932376695099,0.18499999999999997,337.1648351648352
nhsn,2025-2026,Indiana,extended_sep_apr,Extended Sep-Apr,2025-12,0.14133384255174555,0.1380485954879861,0.185,312.5366300366301
nhsn,2025-2026,Indiana,extended_sep_apr,Extended Sep-Apr,2026-01,0.13649736520784372,0.13170492432494668,0.185,232.13003663003667
nhsn,2025-2026,Indiana,extended_sep_apr,Extended Sep-Apr,2026-02,0.11969163616360444,0.11437481658853287,0.185,136.56410256410257
nhsn,2025-2026,Indiana,extended_sep_apr,Extended Sep-Apr,2026-03,0.09592056844547565,0.09333337941407845,0.185,58.61355311355311
nhsn,2025-2026,Indiana,extended_sep_apr,Extended Sep-Apr,2026-04,0.018559485530546625,0.05122915599376835,0.13351405600000002,10.258241758241759
nhsn,2025-2026,Indiana,late_oct_apr,Late Oct-Apr,2025-01,0.0,0.0,0.0,4.868131868131869
nhsn,2025-2026,Indiana,late_oct_apr,Late Oct-Apr,2025-02,0.0,0.0,0.0,9.010989010989011
nhsn,2025-2026,Indiana,late_oct_apr,Late Oct-Apr,2025-03,0.0,0.018506981744885145,0.03425483870967742,19.800366300366303
nhsn,2025-2026,Indiana,late_oct_apr,Late Oct-Apr,2025-04,0.12031910787360788,0.12010931653848152,0.18499999999999991,53.05860805860806
nhsn,2025-2026,Indiana,late_oct_apr,Late Oct-Apr,2025-05,0.12989740971101552,0.13006933234321366,0.18499999999999997,133.34249084249083
nhsn,2025-2026,Indiana,late_oct_apr,Late Oct-Apr,2025-06,0.14197186628686134,0.1415993285759249,0.18499999999999991,210.56043956043956
nhsn,2025-2026,Indiana,late_oct_apr,Late Oct-Apr,2025-07,0.1411230898391908,0.1407394419354707,0.18499999999999997,312.2619047619047
nhsn,2025-2026,Indiana,late_oct_apr,Late Oct-Apr,2025-08,0.14477180599894357,0.14483925023390734,0.18499999999999997,357.35347985347977
nhsn,2025-2026,Indiana,late_oct_apr,Late Oct-Apr,2025-09,0.14626534316552672,0.14642366656745115,0.18499999999999991,352.00366300366306
nhsn,2025-2026,Indiana,late_oct_apr,Late Oct-Apr,2025-10,0.14770271499741572,0.147472441042962,0.185,358.54945054945057
nhsn,2025-2026,Indiana,late_oct_apr,Late Oct-Apr,2025-11,0.14751020885651997,0.1455932376695099,0.18499999999999997,337.1648351648352
nhsn,2025-2026,Indiana,late_oct_apr,Late Oct-Apr,2025-12,0.14133384255174555,0.1380485954879861,0.185,312.5366300366301
nhsn,2025-2026,Indiana,late_oct_apr,Late Oct-Apr,2026-01,0.13649736520784372,0.13170492432494668,0.185,232.13003663003667
nhsn,2025-2026,Indiana,late_oct_apr,Late Oct-Apr,2026-02,0.11969163616360444,0.11437481658853287,0.185,136.56410256410257
nhsn,2025-2026,Indiana,late_oct_apr,Late Oct-Apr,2026-03,0.09592056844547565,0.09333337941407845,0.185,58.61355311355311
nhsn,2025-2026,Indiana,late_oct_apr,Late Oct-Apr,2026-04,0.018559485530546625,0.05122915599376835,0.13351405600000002,10.258241758241759
nhsn,2025-2026,Iowa,baseline_oct_mar,Baseline Oct-Mar,2025-01,0.0,0.0,0.0,2.302197802197802
nhsn,2025-2026,Iowa,baseline_oct_mar,Baseline Oct-Mar,2025-02,0.0,0.0,0.0,2.6904761904761907
nhsn,2025-2026,Iowa,baseline_oct_mar,Baseline Oct-Mar,2025-03,0.0,0.017107188095268636,0.03425483870967742,5.232600732600732
nhsn,2025-2026,Iowa,baseline_oct_mar,Baseline Oct-Mar,2025-04,0.11395905402877379,0.10838896701816476,0.18499999999999991,12.641025641025642
nhsn,2025-2026,Iowa,baseline_oct_mar,Baseline Oct-Mar,2025-05,0.1315338390741042,0.1323660347416431,0.18499999999999997,40.20879120879121
nhsn,2025-2026,Iowa,baseline_oct_mar,Baseline Oct-Mar,2025-06,0.14359958838210973,0.1434236030492332,0.18499999999999991,96.4065934065934
nhsn,2025-2026,Iowa,baseline_oct_mar,Baseline Oct-Mar,2025-07,0.14477410276464425,0.14491097843252576,0.18499999999999997,176.46153846153845
nhsn,2025-2026,Iowa,baseline_oct_mar,Baseline Oct-Mar,2025-08,0.1459566220491837,0.1459328707185912,0.18499999999999997,213.56410256410257
nhsn,2025-2026,Iowa,baseline_oct_mar,Baseline Oct-Mar,2025-09,0.14766843284138165,0.14753831780370213,0.18499999999999991,210.5
nhsn,2025-2026,Iowa,baseline_oct_mar,Baseline Oct-Mar,2025-10,0.14764325087709365,0.14750771289247214,0.185,216.7912087912088
nhsn,2025-2026,Iowa,baseline_oct_mar,Baseline Oct-Mar,2025-11,0.14849692613856577,0.1479732903943458,0.18499999999999997,207.60622710622712
nhsn,2025-2026,Iowa,baseline_oct_mar,Baseline Oct-Mar,2025-12,0.1462009347109229,0.14455124987691592,0.185,206.35897435897436
nhsn,2025-2026,Iowa,baseline_oct_mar,Baseline Oct-Mar,2026-01,0.14152454449603116,0.1353902154142252,0.185,178.28205128205127
nhsn,2025-2026,Iowa,baseline_oct_mar,Baseline Oct-Mar,2026-02,0.12048404979603729,0.11334375579993752,0.185,108.62820512820512
nhsn,2025-2026,Iowa,baseline_oct_mar,Baseline Oct-Mar,2026-03,0.09438695092838198,0.0766939953302299,0.12500891612903228,45.38461538461539
nhsn,2025-2026,Iowa,baseline_oct_mar,Baseline Oct-Mar,2026-04,0.0,0.0,0.0,6.461538461538462
nhsn,2025-2026,Iowa,early_sep_mar,Early Sep-Mar,2025-01,0.0,0.0,0.0,2.302197802197802
nhsn,2025-2026,Iowa,early_sep_mar,Early Sep-Mar,2025-02,0.0,0.010128576130980846,0.035216071428571416,2.6904761904761907
nhsn,2025-2026,Iowa,early_sep_mar,Early Sep-Mar,2025-03,0.08456743258891648,0.08327594157674992,0.1814790322580645,5.232600732600732
nhsn,2025-2026,Iowa,early_sep_mar,Early Sep-Mar,2025-04,0.11442565965935908,0.11141330832877519,0.18499999999999991,12.641025641025642
nhsn,2025-2026,Iowa,early_sep_mar,Early Sep-Mar,2025-05,0.13958248088210215,0.13907097502702825,0.18499999999999997,40.20879120879121
nhsn,2025-2026,Iowa,early_sep_mar,Early Sep-Mar,2025-06,0.14383234111930154,0.14367609552602523,0.18499999999999991,96.4065934065934
nhsn,2025-2026,Iowa,early_sep_mar,Early Sep-Mar,2025-07,0.14540925109352798,0.14540657125504292,0.18499999999999997,176.46153846153845
nhsn,2025-2026,Iowa,early_sep_mar,Early Sep-Mar,2025-08,0.14207862986529912,0.14115696671367145,0.18499999999999997,213.56410256410257
nhsn,2025-2026,Iowa,early_sep_mar,Early Sep-Mar,2025-09,0.14616360881714266,0.144486406280912,0.18499999999999997,210.5
nhsn,2025-2026,Iowa,early_sep_mar,Early Sep-Mar,2025-10,0.14764325087709365,0.14750771289247214,0.185,216.7912087912088
nhsn,2025-2026,Iowa,early_sep_mar,Early Sep-Mar,2025-11,0.14849692613856577,0.1479732903943458,0.18499999999999997,207.60622710622712
nhsn,2025-2026,Iowa,early_sep_mar,Early Sep-Mar,2025-12,0.1462009347109229,0.14455124987691592,0.185,206.35897435897436
nhsn,2025-2026,Iowa,early_sep_mar,Early Sep-Mar,2026-01,0.14152454449603116,0.1353902154142252,0.185,178.28205128205127
nhsn,2025-2026,Iowa,early_sep_mar,Early Sep-Mar,2026-02,0.12048404979603729,0.11334375579993752,0.185,108.62820512820512
nhsn,2025-2026,Iowa,early_sep_mar,Early Sep-Mar,2026-03,0.09438695092838198,0.0766939953302299,0.12500891612903228,45.38461538461539
nhsn,2025-2026,Iowa,early_sep_mar,Early Sep-Mar,2026-04,0.0,0.0,0.0,6.461538461538462
nhsn,2025-2026,Iowa,extended_sep_apr,Extended Sep-Apr,2025-01,0.0,0.0,0.0,2.302197802197802
nhsn,2025-2026,Iowa,extended_sep_apr,Extended Sep-Apr,2025-02,0.0,0.010128576130980846,0.035216071428571416,2.6904761904761907
nhsn,2025-2026,Iowa,extended_sep_apr,Extended Sep-Apr,2025-03,0.08456743258891648,0.08327594157674992,0.1814790322580645,5.232600732600732
nhsn,2025-2026,Iowa,extended_sep_apr,Extended Sep-Apr,2025-04,0.11442565965935908,0.11141330832877519,0.18499999999999991,12.641025641025642
nhsn,2025-2026,Iowa,extended_sep_apr,Extended Sep-Apr,2025-05,0.13958248088210215,0.13907097502702825,0.18499999999999997,40.20879120879121
nhsn,2025-2026,Iowa,extended_sep_apr,Extended Sep-Apr,2025-06,0.14383234111930154,0.14367609552602523,0.18499999999999991,96.4065934065934
nhsn,2025-2026,Iowa,extended_sep_apr,Extended Sep-Apr,2025-07,0.14540925109352798,0.14540657125504292,0.18499999999999997,176.46153846153845
nhsn,2025-2026,Iowa,extended_sep_apr,Extended Sep-Apr,2025-08,0.14207862986529912,0.14115696671367145,0.18499999999999997,213.56410256410257
nhsn,2025-2026,Iowa,extended_sep_apr,Extended Sep-Apr,2025-09,0.14616360881714266,0.144486406280912,0.18499999999999997,210.5
nhsn,2025-2026,Iowa,extended_sep_apr,Extended Sep-Apr,2025-10,0.14764325087709365,0.14750771289247214,0.185,216.7912087912088
nhsn,2025-2026,Iowa,extended_sep_apr,Extended Sep-Apr,2025-11,0.14849692613856577,0.1479732903943458,0.18499999999999997,207.60622710622712
nhsn,2025-2026,Iowa,extended_sep_apr,Extended Sep-Apr,2025-12,0.1462009347109229,0.14455124987691592,0.185,206.35897435897436
nhsn,2025-2026,Iowa,extended_sep_apr,Extended Sep-Apr,2026-01,0.14152454449603116,0.1353902154142252,0.185,178.28205128205127
nhsn,2025-2026,Iowa,extended_sep_apr,Extended Sep-Apr,2026-02,0.12048404979603729,0.11334375579993752,0.185,108.62820512820512
nhsn,2025-2026,Iowa,extended_sep_apr,Extended Sep-Apr,2026-03,0.09438695092838198,0.08908315963943694,0.185,45.38461538461539
nhsn,2025-2026,Iowa,extended_sep_apr,Extended Sep-Apr,2026-04,0.0174748623853211,0.04829624955317461,0.13351405600000002,6.461538461538462
nhsn,2025-2026,Iowa,late_oct_apr,Late Oct-Apr,2025-01,0.0,0.0,0.0,2.302197802197802
nhsn,2025-2026,Iowa,late_oct_apr,Late Oct-Apr,2025-02,0.0,0.0,0.0,2.6904761904761907
nhsn,2025-2026,Iowa,late_oct_apr,Late Oct-Apr,2025-03,0.0,0.017107188095268636,0.03425483870967742,5.232600732600732
nhsn,2025-2026,Iowa,late_oct_apr,Late Oct-Apr,2025-04,0.11395905402877379,0.10838896701816476,0.18499999999999991,12.641025641025642
nhsn,2025-2026,Iowa,late_oct_apr,Late Oct-Apr,2025-05,0.1315338390741042,0.1323660347416431,0.18499999999999997,40.20879120879121
nhsn,2025-2026,Iowa,late_oct_apr,Late Oct-Apr,2025-06,0.14359958838210973,0.1434236030492332,0.18499999999999991,96.4065934065934
nhsn,2025-2026,Iowa,late_oct_apr,Late Oct-Apr,2025-07,0.14477410276464425,0.14491097843252576,0.18499999999999997,176.46153846153845
nhsn,2025-2026,Iowa,late_oct_apr,Late Oct-Apr,2025-08,0.1459566220491837,0.1459328707185912,0.18499999999999997,213.56410256410257
nhsn,2025-2026,Iowa,late_oct_apr,Late Oct-Apr,2025-09,0.14766843284138165,0.14753831780370213,0.18499999999999991,210.5
nhsn,2025-2026,Iowa,late_oct_apr,Late Oct-Apr,2025-10,0.14764325087709365,0.14750771289247214,0.185,216.7912087912088
nhsn,2025-2026,Iowa,late_oct_apr,Late Oct-Apr,2025-11,0.14849692613856577,0.1479732903943458,0.18499999999999997,207.60622710622712
nhsn,2025-2026,Iowa,late_oct_apr,Late Oct-Apr,2025-12,0.1462009347109229,0.14455124987691592,0.185,206.35897435897436
nhsn,2025-2026,Iowa,late_oct_apr,Late Oct-Apr,2026-01,0.14152454449603116,0.1353902154142252,0.185,178.28205128205127
nhsn,2025-2026,Iowa,late_oct_apr,Late Oct-Apr,2026-02,0.12048404979603729,0.11334375579993752,0.185,108.62820512820512
nhsn,2025-2026,Iowa,late_oct_apr,Late Oct-Apr,2026-03,0.09438695092838198,0.08908315963943694,0.185,45.38461538461539
nhsn,2025-2026,Iowa,late_oct_apr,Late Oct-Apr,2026-04,0.0174748623853211,0.04829624955317461,0.13351405600000002,6.461538461538462
nhsn,2025-2026,Kansas,baseline_oct_mar,Baseline Oct-Mar,2025-01,0.0,0.0,0.0,1.0641025641025639
nhsn,2025-2026,Kansas,baseline_oct_mar,Baseline Oct-Mar,2025-02,0.0,0.0,0.0,1.5750915750915748
nhsn,2025-2026,Kansas,baseline_oct_mar,Baseline Oct-Mar,2025-03,0.0,0.020040916033644142,0.03425483870967742,4.155677655677656
nhsn,2025-2026,Kansas,baseline_oct_mar,Baseline Oct-Mar,2025-04,0.1217630081075175,0.12420080552220232,0.18499999999999991,11.758241758241759
nhsn,2025-2026,Kansas,baseline_oct_mar,Baseline Oct-Mar,2025-05,0.1331311678946054,0.13507699345212665,0.18499999999999997,35.047619047619044
nhsn,2025-2026,Kansas,baseline_oct_mar,Baseline Oct-Mar,2025-06,0.14479601834593978,0.14480063158021012,0.18499999999999991,73.51465201465201
nhsn,2025-2026,Kansas,baseline_oct_mar,Baseline Oct-Mar,2025-07,0.14471693345675654,0.1449864563008231,0.18499999999999997,131.71428571428572
nhsn,2025-2026,Kansas,baseline_oct_mar,Baseline Oct-Mar,2025-08,0.14672963334812017,0.14669026085461528,0.18499999999999997,156.63186813186812
nhsn,2025-2026,Kansas,baseline_oct_mar,Baseline Oct-Mar,2025-09,0.1472981697280276,0.14729459836816458,0.18499999999999991,154.02564102564105
nhsn,2025-2026,Kansas,baseline_oct_mar,Baseline Oct-Mar,2025-10,0.14774783658697194,0.14757893699507985,0.185,158.4065934065934
nhsn,2025-2026,Kansas,baseline_oct_mar,Baseline Oct-Mar,2025-11,0.14836536045634308,0.14752597013109459,0.18499999999999997,150.9267399267399
nhsn,2025-2026,Kansas,baseline_oct_mar,Baseline Oct-Mar,2025-12,0.14486904777688067,0.14269783793819402,0.185,147.70146520146523
nhsn,2025-2026,Kansas,baseline_oct_mar,Baseline Oct-Mar,2026-01,0.14373266395359607,0.1362924123128527,0.185,124.24725274725274
nhsn,2025-2026,Kansas,baseline_oct_mar,Baseline Oct-Mar,2026-02,0.12046980771337096,0.11135049550830134,0.185,76.07692307692307
nhsn,2025-2026,Kansas,baseline_oct_mar,Baseline Oct-Mar,2026-03,0.08991508503065061,0.07532181367693494,0.12500891612903228,29.80952380952381
nhsn,2025-2026,Kansas,baseline_oct_mar,Baseline Oct-Mar,2026-04,0.0,0.0,0.0,3.498168498168498
nhsn,2025-2026,Kansas,early_sep_mar,Early Sep-Mar,2025-01,0.0,0.0,0.0,1.0641025641025639
nhsn,2025-2026,Kansas,early_sep_mar,Early Sep-Mar,2025-02,0.0,0.021226119006550054,0.035216071428571416,1.5750915750915748
nhsn,2025-2026,Kansas,early_sep_mar,Early Sep-Mar,2025-03,0.10565770023310024,0.10459403495001715,0.1814790322580645,4.155677655677656
nhsn,2025-2026,Kansas,early_sep_mar,Early Sep-Mar,2025-04,0.13171541972920697,0.12820287174462222,0.18499999999999991,11.758241758241759
nhsn,2025-2026,Kansas,early_sep_mar,Early Sep-Mar,2025-05,0.14326773326673325,0.14311776235016985,0.18499999999999997,35.047619047619044
nhsn,2025-2026,Kansas,early_sep_mar,Early Sep-Mar,2025-06,0.14532632249245112,0.1453394769732319,0.18499999999999991,73.51465201465201
nhsn,2025-2026,Kansas,early_sep_mar,Early Sep-Mar,2025-07,0.1462957727878421,0.14630505527547377,0.18499999999999997,131.71428571428572
nhsn,2025-2026,Kansas,early_sep_mar,Early Sep-Mar,2025-08,0.14365516717747004,0.1428375697043575,0.18499999999999997,156.63186813186812
nhsn,2025-2026,Kansas,early_sep_mar,Early Sep-Mar,2025-09,0.1464619681239159,0.14510984304530597,0.18499999999999997,154.02564102564102
nhsn,2025-2026,Kansas,early_sep_mar,Early Sep-Mar,2025-10,0.14774783658697194,0.14757893699507985,0.185,158.4065934065934
nhsn,2025-2026,Kansas,early_sep_mar,Early Sep-Mar,2025-11,0.14836536045634308,0.14752597013109459,0.18499999999999997,150.9267399267399
nhsn,2025-2026,Kansas,early_sep_mar,Early Sep-Mar,2025-12,0.14486904777688067,0.14269783793819402,0.185,147.70146520146523
nhsn,2025-2026,Kansas,early_sep_mar,Early Sep-Mar,2026-01,0.14373266395359607,0.1362924123128527,0.185,124.24725274725274
nhsn,2025-2026,Kansas,early_sep_mar,Early Sep-Mar,2026-02,0.12046980771337096,0.11135049550830134,0.185,76.07692307692307
nhsn,2025-2026,Kansas,early_sep_mar,Early Sep-Mar,2026-03,0.08991508503065061,0.07532181367693494,0.12500891612903228,29.80952380952381
nhsn,2025-2026,Kansas,early_sep_mar,Early Sep-Mar,2026-04,0.0,0.0,0.0,3.498168498168498
nhsn,2025-2026,Kansas,extended_sep_apr,Extended Sep-Apr,2025-01,0.0,0.0,0.0,1.0641025641025639
nhsn,2025-2026,Kansas,extended_sep_apr,Extended Sep-Apr,2025-02,0.0,0.021226119006550054,0.035216071428571416,1.5750915750915748
nhsn,2025-2026,Kansas,extended_sep_apr,Extended Sep-Apr,2025-03,0.10565770023310024,0.10459403495001715,0.1814790322580645,4.155677655677656
nhsn,2025-2026,Kansas,extended_sep_apr,Extended Sep-Apr,2025-04,0.13171541972920697,0.12820287174462222,0.18499999999999991,11.758241758241759
nhsn,2025-2026,Kansas,extended_sep_apr,Extended Sep-Apr,2025-05,0.14326773326673325,0.14311776235016985,0.18499999999999997,35.047619047619044
nhsn,2025-2026,Kansas,extended_sep_apr,Extended Sep-Apr,2025-06,0.14532632249245112,0.1453394769732319,0.18499999999999991,73.51465201465201
nhsn,2025-2026,Kansas,extended_sep_apr,Extended Sep-Apr,2025-07,0.1462957727878421,0.14630505527547377,0.18499999999999997,131.71428571428572
nhsn,2025-2026,Kansas,extended_sep_apr,Extended Sep-Apr,2025-08,0.14365516717747004,0.1428375697043575,0.18499999999999997,156.63186813186812
nhsn,2025-2026,Kansas,extended_sep_apr,Extended Sep-Apr,2025-09,0.1464619681239159,0.14510984304530597,0.18499999999999997,154.02564102564102
nhsn,2025-2026,Kansas,extended_sep_apr,Extended Sep-Apr,2025-10,0.14774783658697194,0.14757893699507985,0.185,158.4065934065934
nhsn,2025-2026,Kansas,extended_sep_apr,Extended Sep-Apr,2025-11,0.14836536045634308,0.14752597013109459,0.18499999999999997,150.9267399267399
nhsn,2025-2026,Kansas,extended_sep_apr,Extended Sep-Apr,2025-12,0.14486904777688067,0.14269783793819402,0.185,147.70146520146523
nhsn,2025-2026,Kansas,extended_sep_apr,Extended Sep-Apr,2026-01,0.14373266395359607,0.1362924123128527,0.185,124.24725274725274
nhsn,2025-2026,Kansas,extended_sep_apr,Extended Sep-Apr,2026-02,0.12046980771337096,0.11135049550830134,0.185,76.07692307692307
nhsn,2025-2026,Kansas,extended_sep_apr,Extended Sep-Apr,2026-03,0.08991508503065061,0.08558770234729339,0.185,29.80952380952381
nhsn,2025-2026,Kansas,extended_sep_apr,Extended Sep-Apr,2026-04,0.01443,0.04313445080937653,0.13351405600000002,3.498168498168498
nhsn,2025-2026,Kansas,late_oct_apr,Late Oct-Apr,2025-01,0.0,0.0,0.0,1.0641025641025639
nhsn,2025-2026,Kansas,late_oct_apr,Late Oct-Apr,2025-02,0.0,0.0,0.0,1.5750915750915748
nhsn,2025-2026,Kansas,late_oct_apr,Late Oct-Apr,2025-03,0.0,0.020040916033644142,0.03425483870967742,4.155677655677656
nhsn,2025-2026,Kansas,late_oct_apr,Late Oct-Apr,2025-04,0.1217630081075175,0.12420080552220232,0.18499999999999991,11.758241758241759
nhsn,2025-2026,Kansas,late_oct_apr,Late Oct-Apr,2025-05,0.1331311678946054,0.13507699345212665,0.18499999999999997,35.047619047619044
nhsn,2025-2026,Kansas,late_oct_apr,Late Oct-Apr,2025-06,0.14479601834593978,0.14480063158021012,0.18499999999999991,73.51465201465201
nhsn,2025-2026,Kansas,late_oct_apr,Late Oct-Apr,2025-07,0.14471693345675654,0.1449864563008231,0.18499999999999997,131.71428571428572
nhsn,2025-2026,Kansas,late_oct_apr,Late Oct-Apr,2025-08,0.14672963334812017,0.14669026085461528,0.18499999999999997,156.63186813186812
nhsn,2025-2026,Kansas,late_oct_apr,Late Oct-Apr,2025-09,0.1472981697280276,0.14729459836816458,0.18499999999999991,154.02564102564105
nhsn,2025-2026,Kansas,late_oct_apr,Late Oct-Apr,2025-10,0.14774783658697194,0.14757893699507985,0.185,158.4065934065934
nhsn,2025-2026,Kansas,late_oct_apr,Late Oct-Apr,2025-11,0.14836536045634308,0.14752597013109459,0.18499999999999997,150.9267399267399
nhsn,2025-2026,Kansas,late_oct_apr,Late Oct-Apr,2025-12,0.14486904777688067,0.14269783793819402,0.185,147.70146520146523
nhsn,2025-2026,Kansas,late_oct_apr,Late Oct-Apr,2026-01,0.14373266395359607,0.1362924123128527,0.185,124.24725274725274
nhsn,2025-2026,Kansas,late_oct_apr,Late Oct-Apr,2026-02,0.12046980771337096,0.11135049550830134,0.185,76.07692307692307
nhsn,2025-2026,Kansas,late_oct_apr,Late Oct-Apr,2026-03,0.08991508503065061,0.08558770234729339,0.185,29.80952380952381
nhsn,2025-2026,Kansas,late_oct_apr,Late Oct-Apr,2026-04,0.01443,0.04313445080937653,0.13351405600000002,3.498168498168498
nhsn,2025-2026,Kentucky,baseline_oct_mar,Baseline Oct-Mar,2025-01,0.0,0.0,0.0,5.2985347985347975
nhsn,2025-2026,Kentucky,baseline_oct_mar,Baseline Oct-Mar,2025-02,0.0,0.0,0.0,7.970695970695971
nhsn,2025-2026,Kentucky,baseline_oct_mar,Baseline Oct-Mar,2025-03,0.0,0.018320316502651278,0.03425483870967742,17.435897435897438
nhsn,2025-2026,Kentucky,baseline_oct_mar,Baseline Oct-Mar,2025-04,0.11724142681435169,0.1175550259538739,0.18499999999999991,43.02014652014652
nhsn,2025-2026,Kentucky,baseline_oct_mar,Baseline Oct-Mar,2025-05,0.12631789915262168,0.12541370777929792,0.18499999999999997,95.36630036630035
nhsn,2025-2026,Kentucky,baseline_oct_mar,Baseline Oct-Mar,2025-06,0.13888192528091275,0.13847892762736927,0.18499999999999991,127.52380952380952
nhsn,2025-2026,Kentucky,baseline_oct_mar,Baseline Oct-Mar,2025-07,0.1358443903317196,0.13579719649603136,0.18499999999999997,163.7985347985348
nhsn,2025-2026,Kentucky,baseline_oct_mar,Baseline Oct-Mar,2025-08,0.1436734624919549,0.14353778201783454,0.18499999999999997,182.0622710622711
nhsn,2025-2026,Kentucky,baseline_oct_mar,Baseline Oct-Mar,2025-09,0.14595182996652903,0.1462725971193427,0.18499999999999991,178.0201465201465
nhsn,2025-2026,Kentucky,baseline_oct_mar,Baseline Oct-Mar,2025-10,0.1478669688593,0.1471435689881098,0.185,180.25274725274727
nhsn,2025-2026,Kentucky,baseline_oct_mar,Baseline Oct-Mar,2025-11,0.14614985032941336,0.14363234401750388,0.18499999999999997,165.90659340659343
nhsn,2025-2026,Kentucky,baseline_oct_mar,Baseline Oct-Mar,2025-12,0.13486622712299598,0.13122566729144708,0.185,143.79120879120882
nhsn,2025-2026,Kentucky,baseline_oct_mar,Baseline Oct-Mar,2026-01,0.13024245077816665,0.12900054084938875,0.185,92.27289377289378
nhsn,2025-2026,Kentucky,baseline_oct_mar,Baseline Oct-Mar,2026-02,0.12544221497966754,0.11961472879842933,0.185,51.67948717948718
nhsn,2025-2026,Kentucky,baseline_oct_mar,Baseline Oct-Mar,2026-03,0.08231354761904763,0.07572559197445113,0.12500891612903228,25.55677655677656
nhsn,2025-2026,Kentucky,baseline_oct_mar,Baseline Oct-Mar,2026-04,0.0,0.0,0.0,4.866300366300366
nhsn,2025-2026,Kentucky,early_sep_mar,Early Sep-Mar,2025-01,0.0,0.0,0.0,5.2985347985347975
nhsn,2025-2026,Kentucky,early_sep_mar,Early Sep-Mar,2025-02,0.0,0.016914046909097685,0.035216071428571416,7.970695970695971
nhsn,2025-2026,Kentucky,early_sep_mar,Early Sep-Mar,2025-03,0.10410880721056721,0.09863622857280004,0.1814790322580645,17.435897435897438
nhsn,2025-2026,Kentucky,early_sep_mar,Early Sep-Mar,2025-04,0.11943973472580052,0.12140625385936654,0.18499999999999991,43.02014652014652
nhsn,2025-2026,Kentucky,early_sep_mar,Early Sep-Mar,2025-05,0.13960990171448273,0.1395236070727991,0.18499999999999997,95.36630036630035
nhsn,2025-2026,Kentucky,early_sep_mar,Early Sep-Mar,2025-06,0.1396592834637999,0.1398737026787991,0.18499999999999991,127.52380952380952
nhsn,2025-2026,Kentucky,early_sep_mar,Early Sep-Mar,2025-07,0.14410402472679268,0.14382124888517234,0.18499999999999997,163.7985347985348
nhsn,2025-2026,Kentucky,early_sep_mar,Early Sep-Mar,2025-08,0.14412662943701865,0.14336226082931205,0.18499999999999997,182.0622710622711
nhsn,2025-2026,Kentucky,early_sep_mar,Early Sep-Mar,2025-09,0.145225594699743,0.1444959828760214,0.18499999999999997,178.0201465201465
nhsn,2025-2026,Kentucky,early_sep_mar,Early Sep-Mar,2025-10,0.1478669688593,0.1471435689881098,0.185,180.25274725274727
nhsn,2025-2026,Kentucky,early_sep_mar,Early Sep-Mar,2025-11,0.14614985032941336,0.14363234401750388,0.18499999999999997,165.90659340659343
nhsn,2025-2026,Kentucky,early_sep_mar,Early Sep-Mar,2025-12,0.13486622712299598,0.13122566729144708,0.185,143.79120879120882
nhsn,2025-2026,Kentucky,early_sep_mar,Early Sep-Mar,2026-01,0.13024245077816665,0.12900054084938875,0.185,92.27289377289378
nhsn,2025-2026,Kentucky,early_sep_mar,Early Sep-Mar,2026-02,0.12544221497966754,0.11961472879842933,0.185,51.67948717948718
nhsn,2025-2026,Kentucky,early_sep_mar,Early Sep-Mar,2026-03,0.08231354761904763,0.07572559197445113,0.12500891612903228,25.55677655677656
nhsn,2025-2026,Kentucky,early_sep_mar,Early Sep-Mar,2026-04,0.0,0.0,0.0,4.866300366300366
nhsn,2025-2026,Kentucky,extended_sep_apr,Extended Sep-Apr,2025-01,0.0,0.0,0.0,5.2985347985347975
nhsn,2025-2026,Kentucky,extended_sep_apr,Extended Sep-Apr,2025-02,0.0,0.016914046909097685,0.035216071428571416,7.970695970695971
nhsn,2025-2026,Kentucky,extended_sep_apr,Extended Sep-Apr,2025-03,0.10410880721056721,0.09863622857280004,0.1814790322580645,17.435897435897438
nhsn,2025-2026,Kentucky,extended_sep_apr,Extended Sep-Apr,2025-04,0.11943973472580052,0.12140625385936654,0.18499999999999991,43.02014652014652
nhsn,2025-2026,Kentucky,extended_sep_apr,Extended Sep-Apr,2025-05,0.13960990171448273,0.1395236070727991,0.18499999999999997,95.36630036630035
nhsn,2025-2026,Kentucky,extended_sep_apr,Extended Sep-Apr,2025-06,0.1396592834637999,0.1398737026787991,0.18499999999999991,127.52380952380952
nhsn,2025-2026,Kentucky,extended_sep_apr,Extended Sep-Apr,2025-07,0.14410402472679268,0.14382124888517234,0.18499999999999997,163.7985347985348
nhsn,2025-2026,Kentucky,extended_sep_apr,Extended Sep-Apr,2025-08,0.14412662943701865,0.14336226082931205,0.18499999999999997,182.0622710622711
nhsn,2025-2026,Kentucky,extended_sep_apr,Extended Sep-Apr,2025-09,0.145225594699743,0.1444959828760214,0.18499999999999997,178.0201465201465
nhsn,2025-2026,Kentucky,extended_sep_apr,Extended Sep-Apr,2025-10,0.1478669688593,0.1471435689881098,0.185,180.25274725274727
nhsn,2025-2026,Kentucky,extended_sep_apr,Extended Sep-Apr,2025-11,0.14614985032941336,0.14363234401750388,0.18499999999999997,165.90659340659343
nhsn,2025-2026,Kentucky,extended_sep_apr,Extended Sep-Apr,2025-12,0.13486622712299598,0.13122566729144708,0.185,143.79120879120882
nhsn,2025-2026,Kentucky,extended_sep_apr,Extended Sep-Apr,2026-01,0.13024245077816665,0.12900054084938875,0.185,92.27289377289378
nhsn,2025-2026,Kentucky,extended_sep_apr,Extended Sep-Apr,2026-02,0.12544221497966754,0.11961472879842933,0.185,51.67948717948718
nhsn,2025-2026,Kentucky,extended_sep_apr,Extended Sep-Apr,2026-03,0.09181481481481482,0.09408630103111469,0.185,25.55677655677656
nhsn,2025-2026,Kentucky,extended_sep_apr,Extended Sep-Apr,2026-04,0.027385401459854016,0.058215091178731256,0.13351405600000002,4.866300366300367
nhsn,2025-2026,Kentucky,late_oct_apr,Late Oct-Apr,2025-01,0.0,0.0,0.0,5.2985347985347975
nhsn,2025-2026,Kentucky,late_oct_apr,Late Oct-Apr,2025-02,0.0,0.0,0.0,7.970695970695971
nhsn,2025-2026,Kentucky,late_oct_apr,Late Oct-Apr,2025-03,0.0,0.018320316502651278,0.03425483870967742,17.435897435897438
nhsn,2025-2026,Kentucky,late_oct_apr,Late Oct-Apr,2025-04,0.11724142681435169,0.1175550259538739,0.18499999999999991,43.02014652014652
nhsn,2025-2026,Kentucky,late_oct_apr,Late Oct-Apr,2025-05,0.12631789915262168,0.12541370777929792,0.18499999999999997,95.36630036630035
nhsn,2025-2026,Kentucky,late_oct_apr,Late Oct-Apr,2025-06,0.13888192528091275,0.13847892762736927,0.18499999999999991,127.52380952380952
nhsn,2025-2026,Kentucky,late_oct_apr,Late Oct-Apr,2025-07,0.1358443903317196,0.13579719649603136,0.18499999999999997,163.7985347985348
nhsn,2025-2026,Kentucky,late_oct_apr,Late Oct-Apr,2025-08,0.1436734624919549,0.14353778201783454,0.18499999999999997,182.0622710622711
nhsn,2025-2026,Kentucky,late_oct_apr,Late Oct-Apr,2025-09,0.14595182996652903,0.1462725971193427,0.18499999999999991,178.0201465201465
nhsn,2025-2026,Kentucky,late_oct_apr,Late Oct-Apr,2025-10,0.1478669688593,0.1471435689881098,0.185,180.25274725274727
nhsn,2025-2026,Kentucky,late_oct_apr,Late Oct-Apr,2025-11,0.14614985032941336,0.14363234401750388,0.18499999999999997,165.90659340659343
nhsn,2025-2026,Kentucky,late_oct_apr,Late Oct-Apr,2025-12,0.13486622712299598,0.13122566729144708,0.185,143.79120879120882
nhsn,2025-2026,Kentucky,late_oct_apr,Late Oct-Apr,2026-01,0.13024245077816665,0.12900054084938875,0.185,92.27289377289378
nhsn,2025-2026,Kentucky,late_oct_apr,Late Oct-Apr,2026-02,0.12544221497966754,0.11961472879842933,0.185,51.67948717948718
nhsn,2025-2026,Kentucky,late_oct_apr,Late Oct-Apr,2026-03,0.09181481481481482,0.09408630103111469,0.185,25.55677655677656
nhsn,2025-2026,Kentucky,late_oct_apr,Late Oct-Apr,2026-04,0.027385401459854016,0.058215091178731256,0.13351405600000002,4.866300366300367
nhsn,2025-2026,Louisiana,baseline_oct_mar,Baseline Oct-Mar,2025-01,0.0,0.0,0.0,9.855311355311356
nhsn,2025-2026,Louisiana,baseline_oct_mar,Baseline Oct-Mar,2025-02,0.0,0.0,0.0,16.752747252747252
nhsn,2025-2026,Louisiana,baseline_oct_mar,Baseline Oct-Mar,2025-03,0.0,0.020430589150060876,0.03425483870967742,42.46153846153847
nhsn,2025-2026,Louisiana,baseline_oct_mar,Baseline Oct-Mar,2025-04,0.1250716642776712,0.1244228385020869,0.18499999999999991,113.72710622710622
nhsn,2025-2026,Louisiana,baseline_oct_mar,Baseline Oct-Mar,2025-05,0.1258364216076972,0.1257197029121188,0.18499999999999997,231.95054945054946
nhsn,2025-2026,Louisiana,baseline_oct_mar,Baseline Oct-Mar,2025-06,0.1406603397393973,0.14030898627597838,0.18499999999999991,325.4633699633699
nhsn,2025-2026,Louisiana,baseline_oct_mar,Baseline Oct-Mar,2025-07,0.1361560857128443,0.13622670054198352,0.18499999999999997,405.3223443223443
nhsn,2025-2026,Louisiana,baseline_oct_mar,Baseline Oct-Mar,2025-08,0.14499583010313127,0.14484133220336143,0.18499999999999997,420.8736263736264
nhsn,2025-2026,Louisiana,baseline_oct_mar,Baseline Oct-Mar,2025-09,0.1465364791547714,0.14652925024438604,0.18499999999999991,407.7747252747253
nhsn,2025-2026,Louisiana,baseline_oct_mar,Baseline Oct-Mar,2025-10,0.147894442288454,0.1470386440491619,0.185,412.60439560439556
nhsn,2025-2026,Louisiana,baseline_oct_mar,Baseline Oct-Mar,2025-11,0.14547843798843885,0.14180953373622837,0.18499999999999997,375.45421245421244
nhsn,2025-2026,Louisiana,baseline_oct_mar,Baseline Oct-Mar,2025-12,0.13458839123645172,0.13109347017814416,0.185,311.60622710622715
nhsn,2025-2026,Louisiana,baseline_oct_mar,Baseline Oct-Mar,2026-01,0.12642899567175098,0.12058490891723452,0.185,195.27838827838826
nhsn,2025-2026,Louisiana,baseline_oct_mar,Baseline Oct-Mar,2026-02,0.10520282776195578,0.1017007528610934,0.185,85.5
nhsn,2025-2026,Louisiana,baseline_oct_mar,Baseline Oct-Mar,2026-03,0.06299311945701358,0.06965643113377774,0.12500891612903228,25.227106227106226
nhsn,2025-2026,Louisiana,baseline_oct_mar,Baseline Oct-Mar,2026-04,0.0,0.0,0.0,3.593406593406594
nhsn,2025-2026,Louisiana,early_sep_mar,Early Sep-Mar,2025-01,0.0,0.0,0.0,9.855311355311356
nhsn,2025-2026,Louisiana,early_sep_mar,Early Sep-Mar,2025-02,0.0,0.017895823013023858,0.035216071428571416,16.752747252747252
nhsn,2025-2026,Louisiana,early_sep_mar,Early Sep-Mar,2025-03,0.11205345521395195,0.11039045056113533,0.1814790322580645,42.46153846153847
nhsn,2025-2026,Louisiana,early_sep_mar,Early Sep-Mar,2025-04,0.12797066292260714,0.12792860509794868,0.18499999999999991,113.72710622710622
nhsn,2025-2026,Louisiana,early_sep_mar,Early Sep-Mar,2025-05,0.14226412279281278,0.14182169019426177,0.18499999999999997,231.95054945054946
nhsn,2025-2026,Louisiana,early_sep_mar,Early Sep-Mar,2025-06,0.1414341175533918,0.14160197091880858,0.18499999999999991,325.4633699633699
nhsn,2025-2026,Louisiana,early_sep_mar,Early Sep-Mar,2025-07,0.14528113264385678,0.1451642232018392,0.18499999999999997,405.3223443223443
nhsn,2025-2026,Louisiana,early_sep_mar,Early Sep-Mar,2025-08,0.14633713771733547,0.1461900246900891,0.18499999999999997,420.8736263736264
nhsn,2025-2026,Louisiana,early_sep_mar,Early Sep-Mar,2025-09,0.14659508722055442,0.14663388617338358,0.18499999999999997,407.7747252747253
nhsn,2025-2026,Louisiana,early_sep_mar,Early Sep-Mar,2025-10,0.147894442288454,0.1470386440491619,0.185,412.60439560439556
nhsn,2025-2026,Louisiana,early_sep_mar,Early Sep-Mar,2025-11,0.14547843798843885,0.14180953373622837,0.18499999999999997,375.45421245421244
nhsn,2025-2026,Louisiana,early_sep_mar,Early Sep-Mar,2025-12,0.13458839123645172,0.13109347017814416,0.185,311.60622710622715
nhsn,2025-2026,Louisiana,early_sep_mar,Early Sep-Mar,2026-01,0.12642899567175098,0.12058490891723452,0.185,195.27838827838826
nhsn,2025-2026,Louisiana,early_sep_mar,Early Sep-Mar,2026-02,0.10520282776195578,0.1017007528610934,0.185,85.5
nhsn,2025-2026,Louisiana,early_sep_mar,Early Sep-Mar,2026-03,0.06299311945701358,0.06965643113377774,0.12500891612903228,25.227106227106226
nhsn,2025-2026,Louisiana,early_sep_mar,Early Sep-Mar,2026-04,0.0,0.0,0.0,3.593406593406594
nhsn,2025-2026,Louisiana,extended_sep_apr,Extended Sep-Apr,2025-01,0.0,0.0,0.0,9.855311355311356
nhsn,2025-2026,Louisiana,extended_sep_apr,Extended Sep-Apr,2025-02,0.0,0.017895823013023858,0.035216071428571416,16.752747252747252
nhsn,2025-2026,Louisiana,extended_sep_apr,Extended Sep-Apr,2025-03,0.11205345521395195,0.11039045056113533,0.1814790322580645,42.46153846153847
nhsn,2025-2026,Louisiana,extended_sep_apr,Extended Sep-Apr,2025-04,0.12797066292260714,0.12792860509794868,0.18499999999999991,113.72710622710622
nhsn,2025-2026,Louisiana,extended_sep_apr,Extended Sep-Apr,2025-05,0.14226412279281278,0.14182169019426177,0.18499999999999997,231.95054945054946
nhsn,2025-2026,Louisiana,extended_sep_apr,Extended Sep-Apr,2025-06,0.1414341175533918,0.14160197091880858,0.18499999999999991,325.4633699633699
nhsn,2025-2026,Louisiana,extended_sep_apr,Extended Sep-Apr,2025-07,0.14528113264385678,0.1451642232018392,0.18499999999999997,405.3223443223443
nhsn,2025-2026,Louisiana,extended_sep_apr,Extended Sep-Apr,2025-08,0.14633713771733547,0.1461900246900891,0.18499999999999997,420.8736263736264
nhsn,2025-2026,Louisiana,extended_sep_apr,Extended Sep-Apr,2025-09,0.14659508722055442,0.14663388617338358,0.18499999999999997,407.7747252747253
nhsn,2025-2026,Louisiana,extended_sep_apr,Extended Sep-Apr,2025-10,0.147894442288454,0.1470386440491619,0.185,412.60439560439556
nhsn,2025-2026,Louisiana,extended_sep_apr,Extended Sep-Apr,2025-11,0.14547843798843885,0.14180953373622837,0.18499999999999997,375.45421245421244
nhsn,2025-2026,Louisiana,extended_sep_apr,Extended Sep-Apr,2025-12,0.13458839123645172,0.13109347017814416,0.185,311.60622710622715
nhsn,2025-2026,Louisiana,extended_sep_apr,Extended Sep-Apr,2026-01,0.12642899567175098,0.12058490891723452,0.185,195.27838827838826
nhsn,2025-2026,Louisiana,extended_sep_apr,Extended Sep-Apr,2026-02,0.10520282776195578,0.1017007528610934,0.185,85.5
nhsn,2025-2026,Louisiana,extended_sep_apr,Extended Sep-Apr,2026-03,0.08829417721518988,0.08698602790873557,0.185,25.227106227106226
nhsn,2025-2026,Louisiana,extended_sep_apr,Extended Sep-Apr,2026-04,0.0182,0.05295775099706834,0.13351405600000002,3.5934065934065935
nhsn,2025-2026,Louisiana,late_oct_apr,Late Oct-Apr,2025-01,0.0,0.0,0.0,9.855311355311356
nhsn,2025-2026,Louisiana,late_oct_apr,Late Oct-Apr,2025-02,0.0,0.0,0.0,16.752747252747252
nhsn,2025-2026,Louisiana,late_oct_apr,Late Oct-Apr,2025-03,0.0,0.020430589150060876,0.03425483870967742,42.46153846153847
nhsn,2025-2026,Louisiana,late_oct_apr,Late Oct-Apr,2025-04,0.1250716642776712,0.1244228385020869,0.18499999999999991,113.72710622710622
nhsn,2025-2026,Louisiana,late_oct_apr,Late Oct-Apr,2025-05,0.1258364216076972,0.1257197029121188,0.18499999999999997,231.95054945054946
nhsn,2025-2026,Louisiana,late_oct_apr,Late Oct-Apr,2025-06,0.1406603397393973,0.14030898627597838,0.18499999999999991,325.4633699633699
nhsn,2025-2026,Louisiana,late_oct_apr,Late Oct-Apr,2025-07,0.1361560857128443,0.13622670054198352,0.18499999999999997,405.3223443223443
nhsn,2025-2026,Louisiana,late_oct_apr,Late Oct-Apr,2025-08,0.14499583010313127,0.14484133220336143,0.18499999999999997,420.8736263736264
nhsn,2025-2026,Louisiana,late_oct_apr,Late Oct-Apr,2025-09,0.1465364791547714,0.14652925024438604,0.18499999999999991,407.7747252747253
nhsn,2025-2026,Louisiana,late_oct_apr,Late Oct-Apr,2025-10,0.147894442288454,0.1470386440491619,0.185,412.60439560439556
nhsn,2025-2026,Louisiana,late_oct_apr,Late Oct-Apr,2025-11,0.14547843798843885,0.14180953373622837,0.18499999999999997,375.45421245421244
nhsn,2025-2026,Louisiana,late_oct_apr,Late Oct-Apr,2025-12,0.13458839123645172,0.13109347017814416,0.185,311.60622710622715
nhsn,2025-2026,Louisiana,late_oct_apr,Late Oct-Apr,2026-01,0.12642899567175098,0.12058490891723452,0.185,195.27838827838826
nhsn,2025-2026,Louisiana,late_oct_apr,Late Oct-Apr,2026-02,0.10520282776195578,0.1017007528610934,0.185,85.5
nhsn,2025-2026,Louisiana,late_oct_apr,Late Oct-Apr,2026-03,0.08829417721518988,0.08698602790873557,0.185,25.227106227106226
nhsn,2025-2026,Louisiana,late_oct_apr,Late Oct-Apr,2026-04,0.0182,0.05295775099706834,0.13351405600000002,3.5934065934065935
nhsn,2025-2026,Maine,baseline_oct_mar,Baseline Oct-Mar,2025-01,0.0,0.0,0.0,0.6703296703296704
nhsn,2025-2026,Maine,baseline_oct_mar,Baseline Oct-Mar,2025-02,0.0,0.0,0.0,1.0714285714285712
nhsn,2025-2026,Maine,baseline_oct_mar,Baseline Oct-Mar,2025-03,0.0,0.00585700190233341,0.03425483870967742,1.333333333333333
nhsn,2025-2026,Maine,baseline_oct_mar,Baseline Oct-Mar,2025-04,0.06580618881118883,0.07066851360788533,0.18499999999999991,2.2106227106227108
nhsn,2025-2026,Maine,baseline_oct_mar,Baseline Oct-Mar,2025-05,0.10419632056832057,0.1032312575271106,0.18499999999999997,4.256410256410257
nhsn,2025-2026,Maine,baseline_oct_mar,Baseline Oct-Mar,2025-06,0.12669348493418348,0.12707156787142734,0.18499999999999991,8.097069597069597
nhsn,2025-2026,Maine,baseline_oct_mar,Baseline Oct-Mar,2025-07,0.137002924113677,0.13602183568822565,0.18499999999999997,16.023809523809526
nhsn,2025-2026,Maine,baseline_oct_mar,Baseline Oct-Mar,2025-08,0.13933186288711286,0.1393487984881016,0.18499999999999997,20.771062271062267
nhsn,2025-2026,Maine,baseline_oct_mar,Baseline Oct-Mar,2025-09,0.14462134269504082,0.14366777822239526,0.18499999999999991,20.545787545787547
nhsn,2025-2026,Maine,baseline_oct_mar,Baseline Oct-Mar,2025-10,0.1479367676169984,0.1478167828647052,0.185,20.684981684981683
nhsn,2025-2026,Maine,baseline_oct_mar,Baseline Oct-Mar,2025-11,0.14731559820571585,0.1468851275298813,0.18499999999999997,19.85897435897436
nhsn,2025-2026,Maine,baseline_oct_mar,Baseline Oct-Mar,2025-12,0.14606045067362017,0.14488156827252832,0.185,19.540293040293037
nhsn,2025-2026,Maine,baseline_oct_mar,Baseline Oct-Mar,2026-01,0.14382624234461192,0.14075078626392903,0.185,17.523809523809526
nhsn,2025-2026,Maine,baseline_oct_mar,Baseline Oct-Mar,2026-02,0.13575966050078955,0.12373354538372967,0.185,12.205128205128204
nhsn,2025-2026,Maine,baseline_oct_mar,Baseline Oct-Mar,2026-03,0.06957508036739382,0.07342107628412195,0.12500891612903228,6.097069597069597
nhsn,2025-2026,Maine,baseline_oct_mar,Baseline Oct-Mar,2026-04,0.0,0.0,0.0,1.1593406593406592
nhsn,2025-2026,Maine,early_sep_mar,Early Sep-Mar,2025-01,0.0,0.0,0.0,0.6703296703296704
nhsn,2025-2026,Maine,early_sep_mar,Early Sep-Mar,2025-02,0.0,0.016462645146520148,0.035216071428571416,1.0714285714285712
nhsn,2025-2026,Maine,early_sep_mar,Early Sep-Mar,2025-03,0.05644261904761905,0.05905899618519093,0.1814790322580645,1.333333333333333
nhsn,2025-2026,Maine,early_sep_mar,Early Sep-Mar,2025-04,0.06580618881118883,0.07680937719220936,0.18499999999999991,2.2106227106227108
nhsn,2025-2026,Maine,early_sep_mar,Early Sep-Mar,2025-05,0.11981700266400265,0.12048304716852368,0.18499999999999997,4.256410256410257
nhsn,2025-2026,Maine,early_sep_mar,Early Sep-Mar,2025-06,0.12669348493418348,0.12853812203418766,0.18499999999999991,8.097069597069597
nhsn,2025-2026,Maine,early_sep_mar,Early Sep-Mar,2025-07,0.1409209553823226,0.14086810156542925,0.18499999999999997,16.023809523809526
nhsn,2025-2026,Maine,early_sep_mar,Early Sep-Mar,2025-08,0.1393590065511412,0.13778949258425222,0.18499999999999997,20.771062271062267
nhsn,2025-2026,Maine,early_sep_mar,Early Sep-Mar,2025-09,0.14191747352647352,0.14023648569270725,0.18499999999999997,20.545787545787544
nhsn,2025-2026,Maine,early_sep_mar,Early Sep-Mar,2025-10,0.1479367676169984,0.1478167828647052,0.185,20.684981684981683
nhsn,2025-2026,Maine,early_sep_mar,Early Sep-Mar,2025-11,0.14731559820571585,0.1468851275298813,0.18499999999999997,19.85897435897436
nhsn,2025-2026,Maine,early_sep_mar,Early Sep-Mar,2025-12,0.14606045067362017,0.14488156827252832,0.185,19.540293040293037
nhsn,2025-2026,Maine,early_sep_mar,Early Sep-Mar,2026-01,0.14382624234461192,0.14075078626392903,0.185,17.523809523809526
nhsn,2025-2026,Maine,early_sep_mar,Early Sep-Mar,2026-02,0.13575966050078955,0.12373354538372967,0.185,12.205128205128204
nhsn,2025-2026,Maine,early_sep_mar,Early Sep-Mar,2026-03,0.06957508036739382,0.07342107628412195,0.12500891612903228,6.097069597069597
nhsn,2025-2026,Maine,early_sep_mar,Early Sep-Mar,2026-04,0.0,0.0,0.0,1.1593406593406592
nhsn,2025-2026,Maine,extended_sep_apr,Extended Sep-Apr,2025-01,0.0,0.0,0.0,0.6703296703296704
nhsn,2025-2026,Maine,extended_sep_apr,Extended Sep-Apr,2025-02,0.0,0.016462645146520148,0.035216071428571416,1.0714285714285712
nhsn,2025-2026,Maine,extended_sep_apr,Extended Sep-Apr,2025-03,0.05644261904761905,0.05905899618519093,0.1814790322580645,1.333333333333333
nhsn,2025-2026,Maine,extended_sep_apr,Extended Sep-Apr,2025-04,0.06580618881118883,0.07680937719220936,0.18499999999999991,2.2106227106227108
nhsn,2025-2026,Maine,extended_sep_apr,Extended Sep-Apr,2025-05,0.11981700266400265,0.12048304716852368,0.18499999999999997,4.256410256410257
nhsn,2025-2026,Maine,extended_sep_apr,Extended Sep-Apr,2025-06,0.12669348493418348,0.12853812203418766,0.18499999999999991,8.097069597069597
nhsn,2025-2026,Maine,extended_sep_apr,Extended Sep-Apr,2025-07,0.1409209553823226,0.14086810156542925,0.18499999999999997,16.023809523809526
nhsn,2025-2026,Maine,extended_sep_apr,Extended Sep-Apr,2025-08,0.1393590065511412,0.13778949258425222,0.18499999999999997,20.771062271062267
nhsn,2025-2026,Maine,extended_sep_apr,Extended Sep-Apr,2025-09,0.14191747352647352,0.14023648569270725,0.18499999999999997,20.545787545787544
nhsn,2025-2026,Maine,extended_sep_apr,Extended Sep-Apr,2025-10,0.1479367676169984,0.1478167828647052,0.185,20.684981684981683
nhsn,2025-2026,Maine,extended_sep_apr,Extended Sep-Apr,2025-11,0.14731559820571585,0.1468851275298813,0.18499999999999997,19.85897435897436
nhsn,2025-2026,Maine,extended_sep_apr,Extended Sep-Apr,2025-12,0.14606045067362017,0.14488156827252832,0.185,19.540293040293037
nhsn,2025-2026,Maine,extended_sep_apr,Extended Sep-Apr,2026-01,0.14382624234461192,0.14075078626392903,0.185,17.523809523809526
nhsn,2025-2026,Maine,extended_sep_apr,Extended Sep-Apr,2026-02,0.13575966050078955,0.12373354538372967,0.185,12.205128205128204
nhsn,2025-2026,Maine,extended_sep_apr,Extended Sep-Apr,2026-03,0.09712937869822486,0.09397697776814025,0.185,6.097069597069597
nhsn,2025-2026,Maine,extended_sep_apr,Extended Sep-Apr,2026-04,0.026236363636363634,0.058155766478134606,0.13351405600000002,1.1593406593406594
nhsn,2025-2026,Maine,late_oct_apr,Late Oct-Apr,2025-01,0.0,0.0,0.0,0.6703296703296704
nhsn,2025-2026,Maine,late_oct_apr,Late Oct-Apr,2025-02,0.0,0.0,0.0,1.0714285714285712
nhsn,2025-2026,Maine,late_oct_apr,Late Oct-Apr,2025-03,0.0,0.00585700190233341,0.03425483870967742,1.333333333333333
nhsn,2025-2026,Maine,late_oct_apr,Late Oct-Apr,2025-04,0.06580618881118883,0.07066851360788533,0.18499999999999991,2.2106227106227108
nhsn,2025-2026,Maine,late_oct_apr,Late Oct-Apr,2025-05,0.10419632056832057,0.1032312575271106,0.18499999999999997,4.256410256410257
nhsn,2025-2026,Maine,late_oct_apr,Late Oct-Apr,2025-06,0.12669348493418348,0.12707156787142734,0.18499999999999991,8.097069597069597
nhsn,2025-2026,Maine,late_oct_apr,Late Oct-Apr,2025-07,0.137002924113677,0.13602183568822565,0.18499999999999997,16.023809523809526
nhsn,2025-2026,Maine,late_oct_apr,Late Oct-Apr,2025-08,0.13933186288711286,0.1393487984881016,0.18499999999999997,20.771062271062267
nhsn,2025-2026,Maine,late_oct_apr,Late Oct-Apr,2025-09,0.14462134269504082,0.14366777822239526,0.18499999999999991,20.545787545787547
nhsn,2025-2026,Maine,late_oct_apr,Late Oct-Apr,2025-10,0.1479367676169984,0.1478167828647052,0.185,20.684981684981683
nhsn,2025-2026,Maine,late_oct_apr,Late Oct-Apr,2025-11,0.14731559820571585,0.1468851275298813,0.18499999999999997,19.85897435897436
nhsn,2025-2026,Maine,late_oct_apr,Late Oct-Apr,2025-12,0.14606045067362017,0.14488156827252832,0.185,19.540293040293037
nhsn,2025-2026,Maine,late_oct_apr,Late Oct-Apr,2026-01,0.14382624234461192,0.14075078626392903,0.185,17.523809523809526
nhsn,2025-2026,Maine,late_oct_apr,Late Oct-Apr,2026-02,0.13575966050078955,0.12373354538372967,0.185,12.205128205128204
nhsn,2025-2026,Maine,late_oct_apr,Late Oct-Apr,2026-03,0.09712937869822486,0.09397697776814025,0.185,6.097069597069597
nhsn,2025-2026,Maine,late_oct_apr,Late Oct-Apr,2026-04,0.026236363636363634,0.058155766478134606,0.13351405600000002,1.1593406593406594
nhsn,2025-2026,Maryland,baseline_oct_mar,Baseline Oct-Mar,2025-01,0.0,0.0,0.0,6.877289377289378
nhsn,2025-2026,Maryland,baseline_oct_mar,Baseline Oct-Mar,2025-02,0.0,0.0,0.0,12.38095238095238
nhsn,2025-2026,Maryland,baseline_oct_mar,Baseline Oct-Mar,2025-03,0.0,0.017981536226582703,0.03425483870967742,25.83516483516483
nhsn,2025-2026,Maryland,baseline_oct_mar,Baseline Oct-Mar,2025-04,0.11388905648545004,0.11302661405030537,0.18499999999999991,59.84065934065934
nhsn,2025-2026,Maryland,baseline_oct_mar,Baseline Oct-Mar,2025-05,0.12152239233877235,0.12283444889699884,0.18499999999999997,125.84432234432235
nhsn,2025-2026,Maryland,baseline_oct_mar,Baseline Oct-Mar,2025-06,0.1360110916592884,0.13595366303162726,0.18499999999999991,161.59706959706958
nhsn,2025-2026,Maryland,baseline_oct_mar,Baseline Oct-Mar,2025-07,0.1321393384503144,0.13312008001951148,0.18499999999999997,195.3040293040293
nhsn,2025-2026,Maryland,baseline_oct_mar,Baseline Oct-Mar,2025-08,0.14177080788487445,0.14210461973410987,0.18499999999999997,202.69780219780216
nhsn,2025-2026,Maryland,baseline_oct_mar,Baseline Oct-Mar,2025-09,0.14450589556717788,0.14481321325695343,0.18499999999999991,194.67582417582418
nhsn,2025-2026,Maryland,baseline_oct_mar,Baseline Oct-Mar,2025-10,0.14762512647270928,0.14668750597411928,0.185,194.10622710622712
nhsn,2025-2026,Maryland,baseline_oct_mar,Baseline Oct-Mar,2025-11,0.14714630176610305,0.1427607617929996,0.18499999999999997,175.7948717948718
nhsn,2025-2026,Maryland,baseline_oct_mar,Baseline Oct-Mar,2025-12,0.1282572231071826,0.12536599779334304,0.185,144.73992673992677
nhsn,2025-2026,Maryland,baseline_oct_mar,Baseline Oct-Mar,2026-01,0.12716944554220522,0.12134948693698733,0.185,80.23443223443223
nhsn,2025-2026,Maryland,baseline_oct_mar,Baseline Oct-Mar,2026-02,0.11625215589563416,0.1060388300556296,0.185,36.76923076923077
nhsn,2025-2026,Maryland,baseline_oct_mar,Baseline Oct-Mar,2026-03,0.0705576995102276,0.06719425208271328,0.12500891612903228,11.7985347985348
nhsn,2025-2026,Maryland,baseline_oct_mar,Baseline Oct-Mar,2026-04,0.0,0.0,0.0,0.7655677655677656
nhsn,2025-2026,Maryland,early_sep_mar,Early Sep-Mar,2025-01,0.0,0.0,0.0,6.877289377289378
nhsn,2025-2026,Maryland,early_sep_mar,Early Sep-Mar,2025-02,0.0,0.019930226043479084,0.035216071428571416,12.38095238095238
nhsn,2025-2026,Maryland,early_sep_mar,Early Sep-Mar,2025-03,0.10771446825267755,0.10454856326348524,0.1814790322580645,25.83516483516483
nhsn,2025-2026,Maryland,early_sep_mar,Early Sep-Mar,2025-04,0.11598477528620571,0.11782585579823686,0.18499999999999991,59.84065934065934
nhsn,2025-2026,Maryland,early_sep_mar,Early Sep-Mar,2025-05,0.13973767906991302,0.13952359297247557,0.18499999999999997,125.84432234432235
nhsn,2025-2026,Maryland,early_sep_mar,Early Sep-Mar,2025-06,0.13695964939818894,0.1379819711549557,0.18499999999999991,161.59706959706958
nhsn,2025-2026,Maryland,early_sep_mar,Early Sep-Mar,2025-07,0.1443384803642106,0.14398827991350277,0.18499999999999997,195.3040293040293
nhsn,2025-2026,Maryland,early_sep_mar,Early Sep-Mar,2025-08,0.14646921793304735,0.14639860654199438,0.18499999999999997,202.69780219780216
nhsn,2025-2026,Maryland,early_sep_mar,Early Sep-Mar,2025-09,0.14648733806210806,0.1463228244602248,0.18499999999999997,194.67582417582418
nhsn,2025-2026,Maryland,early_sep_mar,Early Sep-Mar,2025-10,0.14762512647270928,0.14668750597411928,0.185,194.10622710622712
nhsn,2025-2026,Maryland,early_sep_mar,Early Sep-Mar,2025-11,0.14714630176610305,0.1427607617929996,0.18499999999999997,175.7948717948718
nhsn,2025-2026,Maryland,early_sep_mar,Early Sep-Mar,2025-12,0.1282572231071826,0.12536599779334304,0.185,144.73992673992677
nhsn,2025-2026,Maryland,early_sep_mar,Early Sep-Mar,2026-01,0.12716944554220522,0.12134948693698733,0.185,80.23443223443223
nhsn,2025-2026,Maryland,early_sep_mar,Early Sep-Mar,2026-02,0.11625215589563416,0.1060388300556296,0.185,36.76923076923077
nhsn,2025-2026,Maryland,early_sep_mar,Early Sep-Mar,2026-03,0.0705576995102276,0.06719425208271328,0.12500891612903228,11.7985347985348
nhsn,2025-2026,Maryland,early_sep_mar,Early Sep-Mar,2026-04,0.0,0.0,0.0,0.7655677655677656
nhsn,2025-2026,Maryland,extended_sep_apr,Extended Sep-Apr,2025-01,0.0,0.0,0.0,6.877289377289378
nhsn,2025-2026,Maryland,extended_sep_apr,Extended Sep-Apr,2025-02,0.0,0.019930226043479084,0.035216071428571416,12.38095238095238
nhsn,2025-2026,Maryland,extended_sep_apr,Extended Sep-Apr,2025-03,0.10771446825267755,0.10454856326348524,0.1814790322580645,25.83516483516483
nhsn,2025-2026,Maryland,extended_sep_apr,Extended Sep-Apr,2025-04,0.11598477528620571,0.11782585579823686,0.18499999999999991,59.84065934065934
nhsn,2025-2026,Maryland,extended_sep_apr,Extended Sep-Apr,2025-05,0.13973767906991302,0.13952359297247557,0.18499999999999997,125.84432234432235
nhsn,2025-2026,Maryland,extended_sep_apr,Extended Sep-Apr,2025-06,0.13695964939818894,0.1379819711549557,0.18499999999999991,161.59706959706958
nhsn,2025-2026,Maryland,extended_sep_apr,Extended Sep-Apr,2025-07,0.1443384803642106,0.14398827991350277,0.18499999999999997,195.3040293040293
nhsn,2025-2026,Maryland,extended_sep_apr,Extended Sep-Apr,2025-08,0.14646921793304735,0.14639860654199438,0.18499999999999997,202.69780219780216
nhsn,2025-2026,Maryland,extended_sep_apr,Extended Sep-Apr,2025-09,0.14648733806210806,0.1463228244602248,0.18499999999999997,194.67582417582418
nhsn,2025-2026,Maryland,extended_sep_apr,Extended Sep-Apr,2025-10,0.14762512647270928,0.14668750597411928,0.185,194.10622710622712
nhsn,2025-2026,Maryland,extended_sep_apr,Extended Sep-Apr,2025-11,0.14714630176610305,0.1427607617929996,0.18499999999999997,175.7948717948718
nhsn,2025-2026,Maryland,extended_sep_apr,Extended Sep-Apr,2025-12,0.1282572231071826,0.12536599779334304,0.185,144.73992673992677
nhsn,2025-2026,Maryland,extended_sep_apr,Extended Sep-Apr,2026-01,0.12716944554220522,0.12134948693698733,0.185,80.23443223443223
nhsn,2025-2026,Maryland,extended_sep_apr,Extended Sep-Apr,2026-02,0.11625215589563416,0.1060388300556296,0.185,36.76923076923077
nhsn,2025-2026,Maryland,extended_sep_apr,Extended Sep-Apr,2026-03,0.07170049419241727,0.0738770258904015,0.185,11.7985347985348
nhsn,2025-2026,Maryland,extended_sep_apr,Extended Sep-Apr,2026-04,0.01443,0.043932618634833664,0.13351405600000002,0.7655677655677655
nhsn,2025-2026,Maryland,late_oct_apr,Late Oct-Apr,2025-01,0.0,0.0,0.0,6.877289377289378
nhsn,2025-2026,Maryland,late_oct_apr,Late Oct-Apr,2025-02,0.0,0.0,0.0,12.38095238095238
nhsn,2025-2026,Maryland,late_oct_apr,Late Oct-Apr,2025-03,0.0,0.017981536226582703,0.03425483870967742,25.83516483516483
nhsn,2025-2026,Maryland,late_oct_apr,Late Oct-Apr,2025-04,0.11388905648545004,0.11302661405030537,0.18499999999999991,59.84065934065934
nhsn,2025-2026,Maryland,late_oct_apr,Late Oct-Apr,2025-05,0.12152239233877235,0.12283444889699884,0.18499999999999997,125.84432234432235
nhsn,2025-2026,Maryland,late_oct_apr,Late Oct-Apr,2025-06,0.1360110916592884,0.13595366303162726,0.18499999999999991,161.59706959706958
nhsn,2025-2026,Maryland,late_oct_apr,Late Oct-Apr,2025-07,0.1321393384503144,0.13312008001951148,0.18499999999999997,195.3040293040293
nhsn,2025-2026,Maryland,late_oct_apr,Late Oct-Apr,2025-08,0.14177080788487445,0.14210461973410987,0.18499999999999997,202.69780219780216
nhsn,2025-2026,Maryland,late_oct_apr,Late Oct-Apr,2025-09,0.14450589556717788,0.14481321325695343,0.18499999999999991,194.67582417582418
nhsn,2025-2026,Maryland,late_oct_apr,Late Oct-Apr,2025-10,0.14762512647270928,0.14668750597411928,0.185,194.10622710622712
nhsn,2025-2026,Maryland,late_oct_apr,Late Oct-Apr,2025-11,0.14714630176610305,0.1427607617929996,0.18499999999999997,175.7948717948718
nhsn,2025-2026,Maryland,late_oct_apr,Late Oct-Apr,2025-12,0.1282572231071826,0.12536599779334304,0.185,144.73992673992677
nhsn,2025-2026,Maryland,late_oct_apr,Late Oct-Apr,2026-01,0.12716944554220522,0.12134948693698733,0.185,80.23443223443223
nhsn,2025-2026,Maryland,late_oct_apr,Late Oct-Apr,2026-02,0.11625215589563416,0.1060388300556296,0.185,36.76923076923077
nhsn,2025-2026,Maryland,late_oct_apr,Late Oct-Apr,2026-03,0.07170049419241727,0.0738770258904015,0.185,11.7985347985348
nhsn,2025-2026,Maryland,late_oct_apr,Late Oct-Apr,2026-04,0.01443,0.043932618634833664,0.13351405600000002,0.7655677655677655
nhsn,2025-2026,Massachusetts,baseline_oct_mar,Baseline Oct-Mar,2025-01,0.0,0.0,0.0,8.694139194139193
nhsn,2025-2026,Massachusetts,baseline_oct_mar,Baseline Oct-Mar,2025-02,0.0,0.0,0.0,20.37728937728938
nhsn,2025-2026,Massachusetts,baseline_oct_mar,Baseline Oct-Mar,2025-03,0.0,0.019529874934855404,0.03425483870967742,47.628205128205124
nhsn,2025-2026,Massachusetts,baseline_oct_mar,Baseline Oct-Mar,2025-04,0.09983461821055657,0.0995580289195263,0.18499999999999991,75.68131868131869
nhsn,2025-2026,Massachusetts,baseline_oct_mar,Baseline Oct-Mar,2025-05,0.0914208680750503,0.09702969834945342,0.18499999999999997,126.03846153846155
nhsn,2025-2026,Massachusetts,baseline_oct_mar,Baseline Oct-Mar,2025-06,0.13346831473416146,0.1325916521152415,0.18499999999999991,234.9981684981685
nhsn,2025-2026,Massachusetts,baseline_oct_mar,Baseline Oct-Mar,2025-07,0.1300595592225956,0.1318149200748346,0.18499999999999997,363.7637362637362
nhsn,2025-2026,Massachusetts,baseline_oct_mar,Baseline Oct-Mar,2025-08,0.1419413908368305,0.1413851940575961,0.18499999999999997,428.04578754578756
nhsn,2025-2026,Massachusetts,baseline_oct_mar,Baseline Oct-Mar,2025-09,0.14472855405950297,0.14483838728212794,0.18499999999999991,421.1703296703297
nhsn,2025-2026,Massachusetts,baseline_oct_mar,Baseline Oct-Mar,2025-10,0.1456202617978601,0.14515843731050476,0.185,421.03846153846155
nhsn,2025-2026,Massachusetts,baseline_oct_mar,Baseline Oct-Mar,2025-11,0.1465390254715404,0.14534337361859023,0.18499999999999997,382.6245421245422
nhsn,2025-2026,Massachusetts,baseline_oct_mar,Baseline Oct-Mar,2025-12,0.14668850691392074,0.1449254584477885,0.185,364.60989010989016
nhsn,2025-2026,Massachusetts,baseline_oct_mar,Baseline Oct-Mar,2026-01,0.13996267130254553,0.1334039835245594,0.185,314.9029304029304
nhsn,2025-2026,Massachusetts,baseline_oct_mar,Baseline Oct-Mar,2026-02,0.11626178196424986,0.11285859981277632,0.185,181.55128205128204
nhsn,2025-2026,Massachusetts,baseline_oct_mar,Baseline Oct-Mar,2026-03,0.10054938753048963,0.08141737815988635,0.12500891612903228,80.84981684981686
nhsn,2025-2026,Massachusetts,baseline_oct_mar,Baseline Oct-Mar,2026-04,0.0,0.0,0.0,13.573260073260073
nhsn,2025-2026,Massachusetts,early_sep_mar,Early Sep-Mar,2025-01,0.0,0.0,0.0,8.694139194139193
nhsn,2025-2026,Massachusetts,early_sep_mar,Early Sep-Mar,2025-02,0.0,0.02263299229180351,0.035216071428571416,20.37728937728938
nhsn,2025-2026,Massachusetts,early_sep_mar,Early Sep-Mar,2025-03,0.12042354975400384,0.1181713277678007,0.1814790322580645,47.628205128205124
nhsn,2025-2026,Massachusetts,early_sep_mar,Early Sep-Mar,2025-04,0.11027514096429886,0.11066063147066657,0.18499999999999991,75.68131868131869
nhsn,2025-2026,Massachusetts,early_sep_mar,Early Sep-Mar,2025-05,0.13896241800665743,0.13695920771671838,0.18499999999999997,126.03846153846155
nhsn,2025-2026,Massachusetts,early_sep_mar,Early Sep-Mar,2025-06,0.13594736869123988,0.13579868291578548,0.18499999999999991,234.9981684981685
nhsn,2025-2026,Massachusetts,early_sep_mar,Early Sep-Mar,2025-07,0.14526251217035344,0.14488095922973596,0.18499999999999997,363.7637362637362
nhsn,2025-2026,Massachusetts,early_sep_mar,Early Sep-Mar,2025-08,0.1428136751691376,0.1413021189739482,0.18499999999999997,428.04578754578756
nhsn,2025-2026,Massachusetts,early_sep_mar,Early Sep-Mar,2025-09,0.14476571803770827,0.1435999947326403,0.18499999999999997,421.1703296703297
nhsn,2025-2026,Massachusetts,early_sep_mar,Early Sep-Mar,2025-10,0.1456202617978601,0.14515843731050476,0.185,421.03846153846155
nhsn,2025-2026,Massachusetts,early_sep_mar,Early Sep-Mar,2025-11,0.1465390254715404,0.14534337361859023,0.18499999999999997,382.6245421245422
nhsn,2025-2026,Massachusetts,early_sep_mar,Early Sep-Mar,2025-12,0.14668850691392074,0.1449254584477885,0.185,364.60989010989016
nhsn,2025-2026,Massachusetts,early_sep_mar,Early Sep-Mar,2026-01,0.13996267130254553,0.1334039835245594,0.185,314.9029304029304
nhsn,2025-2026,Massachusetts,early_sep_mar,Early Sep-Mar,2026-02,0.11626178196424986,0.11285859981277632,0.185,181.55128205128204
nhsn,2025-2026,Massachusetts,early_sep_mar,Early Sep-Mar,2026-03,0.10054938753048963,0.08141737815988635,0.12500891612903228,80.84981684981686
nhsn,2025-2026,Massachusetts,early_sep_mar,Early Sep-Mar,2026-04,0.0,0.0,0.0,13.573260073260073
nhsn,2025-2026,Massachusetts,extended_sep_apr,Extended Sep-Apr,2025-01,0.0,0.0,0.0,8.694139194139193
nhsn,2025-2026,Massachusetts,extended_sep_apr,Extended Sep-Apr,2025-02,0.0,0.02263299229180351,0.035216071428571416,20.37728937728938
nhsn,2025-2026,Massachusetts,extended_sep_apr,Extended Sep-Apr,2025-03,0.12042354975400384,0.1181713277678007,0.1814790322580645,47.628205128205124
nhsn,2025-2026,Massachusetts,extended_sep_apr,Extended Sep-Apr,2025-04,0.11027514096429886,0.11066063147066657,0.18499999999999991,75.68131868131869
nhsn,2025-2026,Massachusetts,extended_sep_apr,Extended Sep-Apr,2025-05,0.13896241800665743,0.13695920771671838,0.18499999999999997,126.03846153846155
nhsn,2025-2026,Massachusetts,extended_sep_apr,Extended Sep-Apr,2025-06,0.13594736869123988,0.13579868291578548,0.18499999999999991,234.9981684981685
nhsn,2025-2026,Massachusetts,extended_sep_apr,Extended Sep-Apr,2025-07,0.14526251217035344,0.14488095922973596,0.18499999999999997,363.7637362637362
nhsn,2025-2026,Massachusetts,extended_sep_apr,Extended Sep-Apr,2025-08,0.1428136751691376,0.1413021189739482,0.18499999999999997,428.04578754578756
nhsn,2025-2026,Massachusetts,extended_sep_apr,Extended Sep-Apr,2025-09,0.14476571803770827,0.1435999947326403,0.18499999999999997,421.1703296703297
nhsn,2025-2026,Massachusetts,extended_sep_apr,Extended Sep-Apr,2025-10,0.1456202617978601,0.14515843731050476,0.185,421.03846153846155
nhsn,2025-2026,Massachusetts,extended_sep_apr,Extended Sep-Apr,2025-11,0.1465390254715404,0.14534337361859023,0.18499999999999997,382.6245421245422
nhsn,2025-2026,Massachusetts,extended_sep_apr,Extended Sep-Apr,2025-12,0.14668850691392074,0.1449254584477885,0.185,364.60989010989016
nhsn,2025-2026,Massachusetts,extended_sep_apr,Extended Sep-Apr,2026-01,0.13996267130254553,0.1334039835245594,0.185,314.9029304029304
nhsn,2025-2026,Massachusetts,extended_sep_apr,Extended Sep-Apr,2026-02,0.11626178196424986,0.11285859981277632,0.185,181.55128205128204
nhsn,2025-2026,Massachusetts,extended_sep_apr,Extended Sep-Apr,2026-03,0.10054938753048963,0.09514006975746656,0.185,80.84981684981686
nhsn,2025-2026,Massachusetts,extended_sep_apr,Extended Sep-Apr,2026-04,0.01443,0.04500332574655413,0.13351405600000002,13.573260073260077
nhsn,2025-2026,Massachusetts,late_oct_apr,Late Oct-Apr,2025-01,0.0,0.0,0.0,8.694139194139193
nhsn,2025-2026,Massachusetts,late_oct_apr,Late Oct-Apr,2025-02,0.0,0.0,0.0,20.37728937728938
nhsn,2025-2026,Massachusetts,late_oct_apr,Late Oct-Apr,2025-03,0.0,0.019529874934855404,0.03425483870967742,47.628205128205124
nhsn,2025-2026,Massachusetts,late_oct_apr,Late Oct-Apr,2025-04,0.09983461821055657,0.0995580289195263,0.18499999999999991,75.68131868131869
nhsn,2025-2026,Massachusetts,late_oct_apr,Late Oct-Apr,2025-05,0.0914208680750503,0.09702969834945342,0.18499999999999997,126.03846153846155
nhsn,2025-2026,Massachusetts,late_oct_apr,Late Oct-Apr,2025-06,0.13346831473416146,0.1325916521152415,0.18499999999999991,234.9981684981685
nhsn,2025-2026,Massachusetts,late_oct_apr,Late Oct-Apr,2025-07,0.1300595592225956,0.1318149200748346,0.18499999999999997,363.7637362637362
nhsn,2025-2026,Massachusetts,late_oct_apr,Late Oct-Apr,2025-08,0.1419413908368305,0.1413851940575961,0.18499999999999997,428.04578754578756
nhsn,2025-2026,Massachusetts,late_oct_apr,Late Oct-Apr,2025-09,0.14472855405950297,0.14483838728212794,0.18499999999999991,421.1703296703297
nhsn,2025-2026,Massachusetts,late_oct_apr,Late Oct-Apr,2025-10,0.1456202617978601,0.14515843731050476,0.185,421.03846153846155
nhsn,2025-2026,Massachusetts,late_oct_apr,Late Oct-Apr,2025-11,0.1465390254715404,0.14534337361859023,0.18499999999999997,382.6245421245422
nhsn,2025-2026,Massachusetts,late_oct_apr,Late Oct-Apr,2025-12,0.14668850691392074,0.1449254584477885,0.185,364.60989010989016
nhsn,2025-2026,Massachusetts,late_oct_apr,Late Oct-Apr,2026-01,0.13996267130254553,0.1334039835245594,0.185,314.9029304029304
nhsn,2025-2026,Massachusetts,late_oct_apr,Late Oct-Apr,2026-02,0.11626178196424986,0.11285859981277632,0.185,181.55128205128204
nhsn,2025-2026,Massachusetts,late_oct_apr,Late Oct-Apr,2026-03,0.10054938753048963,0.09514006975746656,0.185,80.84981684981686
nhsn,2025-2026,Massachusetts,late_oct_apr,Late Oct-Apr,2026-04,0.01443,0.04500332574655413,0.13351405600000002,13.573260073260077
nhsn,2025-2026,Michigan,baseline_oct_mar,Baseline Oct-Mar,2025-01,0.0,0.0,0.0,2.0329670329670333
nhsn,2025-2026,Michigan,baseline_oct_mar,Baseline Oct-Mar,2025-02,0.0,0.0,0.0,4.045787545787546
nhsn,2025-2026,Michigan,baseline_oct_mar,Baseline Oct-Mar,2025-03,0.0,0.023960154185479657,0.03425483870967742,14.128205128205131
nhsn,2025-2026,Michigan,baseline_oct_mar,Baseline Oct-Mar,2025-04,0.1361877774721049,0.13225367789780818,0.18499999999999991,43.56776556776557
nhsn,2025-2026,Michigan,baseline_oct_mar,Baseline Oct-Mar,2025-05,0.13578830410776874,0.136331760177678,0.18499999999999997,127.77655677655676
nhsn,2025-2026,Michigan,baseline_oct_mar,Baseline Oct-Mar,2025-06,0.14558362756310306,0.1454477407455438,0.18499999999999991,229.18131868131866
nhsn,2025-2026,Michigan,baseline_oct_mar,Baseline Oct-Mar,2025-07,0.1449350210434457,0.1449893869028796,0.18499999999999997,406.93040293040286
nhsn,2025-2026,Michigan,baseline_oct_mar,Baseline Oct-Mar,2025-08,0.14726485971498396,0.1471730554907757,0.18499999999999997,513.7820512820514
nhsn,2025-2026,Michigan,baseline_oct_mar,Baseline Oct-Mar,2025-09,0.14747281699723502,0.14743245100320884,0.18499999999999991,513.3846153846155
nhsn,2025-2026,Michigan,baseline_oct_mar,Baseline Oct-Mar,2025-10,0.1475945838135118,0.1474049636357216,0.185,528.0531135531137
nhsn,2025-2026,Michigan,baseline_oct_mar,Baseline Oct-Mar,2025-11,0.1482340750778684,0.1470793175814749,0.18499999999999997,501.459706959707
nhsn,2025-2026,Michigan,baseline_oct_mar,Baseline Oct-Mar,2025-12,0.14366144112440818,0.14145660042798408,0.185,486.2545787545788
nhsn,2025-2026,Michigan,baseline_oct_mar,Baseline Oct-Mar,2026-01,0.14259083172394615,0.13814854715098268,0.185,401.74542124542126
nhsn,2025-2026,Michigan,baseline_oct_mar,Baseline Oct-Mar,2026-02,0.12661569756607574,0.11966094273427674,0.185,267.5897435897436
nhsn,2025-2026,Michigan,baseline_oct_mar,Baseline Oct-Mar,2026-03,0.09906941349445535,0.07927666960211052,0.12500891612903228,129.5769230769231
nhsn,2025-2026,Michigan,baseline_oct_mar,Baseline Oct-Mar,2026-04,0.0,0.0,0.0,18.794871794871796
nhsn,2025-2026,Michigan,early_sep_mar,Early Sep-Mar,2025-01,0.0,0.0,0.0,2.0329670329670333
nhsn,2025-2026,Michigan,early_sep_mar,Early Sep-Mar,2025-02,0.0,0.019682660772918865,0.035216071428571416,4.045787545787546
nhsn,2025-2026,Michigan,early_sep_mar,Early Sep-Mar,2025-03,0.12890914055003294,0.12644464565094227,0.1814790322580645,14.128205128205131
nhsn,2025-2026,Michigan,early_sep_mar,Early Sep-Mar,2025-04,0.1364848653919507,0.13540574629182053,0.18499999999999991,43.56776556776557
nhsn,2025-2026,Michigan,early_sep_mar,Early Sep-Mar,2025-05,0.14623834986471962,0.14603078933443595,0.18499999999999997,127.77655677655676
nhsn,2025-2026,Michigan,early_sep_mar,Early Sep-Mar,2025-06,0.14609553459185048,0.14597325426128796,0.18499999999999991,229.18131868131866
nhsn,2025-2026,Michigan,early_sep_mar,Early Sep-Mar,2025-07,0.14726412274074335,0.14721249751779827,0.18499999999999997,406.93040293040286
nhsn,2025-2026,Michigan,early_sep_mar,Early Sep-Mar,2025-08,0.1427517417488768,0.1406425295598454,0.18499999999999997,513.7820512820514
nhsn,2025-2026,Michigan,early_sep_mar,Early Sep-Mar,2025-09,0.14683470481952507,0.14413902828839228,0.18499999999999997,513.3846153846155
nhsn,2025-2026,Michigan,early_sep_mar,Early Sep-Mar,2025-10,0.1475945838135118,0.1474049636357216,0.185,528.0531135531137
nhsn,2025-2026,Michigan,early_sep_mar,Early Sep-Mar,2025-11,0.1482340750778684,0.1470793175814749,0.18499999999999997,501.459706959707
nhsn,2025-2026,Michigan,early_sep_mar,Early Sep-Mar,2025-12,0.14366144112440818,0.14145660042798408,0.185,486.2545787545788
nhsn,2025-2026,Michigan,early_sep_mar,Early Sep-Mar,2026-01,0.14259083172394615,0.13814854715098268,0.185,401.74542124542126
nhsn,2025-2026,Michigan,early_sep_mar,Early Sep-Mar,2026-02,0.12661569756607574,0.11966094273427674,0.185,267.5897435897436
nhsn,2025-2026,Michigan,early_sep_mar,Early Sep-Mar,2026-03,0.09906941349445535,0.07927666960211052,0.12500891612903228,129.5769230769231
nhsn,2025-2026,Michigan,early_sep_mar,Early Sep-Mar,2026-04,0.0,0.0,0.0,18.794871794871796
nhsn,2025-2026,Michigan,extended_sep_apr,Extended Sep-Apr,2025-01,0.0,0.0,0.0,2.0329670329670333
nhsn,2025-2026,Michigan,extended_sep_apr,Extended Sep-Apr,2025-02,0.0,0.019682660772918865,0.035216071428571416,4.045787545787546
nhsn,2025-2026,Michigan,extended_sep_apr,Extended Sep-Apr,2025-03,0.12890914055003294,0.12644464565094227,0.1814790322580645,14.128205128205131
nhsn,2025-2026,Michigan,extended_sep_apr,Extended Sep-Apr,2025-04,0.1364848653919507,0.13540574629182053,0.18499999999999991,43.56776556776557
nhsn,2025-2026,Michigan,extended_sep_apr,Extended Sep-Apr,2025-05,0.14623834986471962,0.14603078933443595,0.18499999999999997,127.77655677655676
nhsn,2025-2026,Michigan,extended_sep_apr,Extended Sep-Apr,2025-06,0.14609553459185048,0.14597325426128796,0.18499999999999991,229.18131868131866
nhsn,2025-2026,Michigan,extended_sep_apr,Extended Sep-Apr,2025-07,0.14726412274074335,0.14721249751779827,0.18499999999999997,406.93040293040286
nhsn,2025-2026,Michigan,extended_sep_apr,Extended Sep-Apr,2025-08,0.1427517417488768,0.1406425295598454,0.18499999999999997,513.7820512820514
nhsn,2025-2026,Michigan,extended_sep_apr,Extended Sep-Apr,2025-09,0.14683470481952507,0.14413902828839228,0.18499999999999997,513.3846153846155
nhsn,2025-2026,Michigan,extended_sep_apr,Extended Sep-Apr,2025-10,0.1475945838135118,0.1474049636357216,0.185,528.0531135531137
nhsn,2025-2026,Michigan,extended_sep_apr,Extended Sep-Apr,2025-11,0.1482340750778684,0.1470793175814749,0.18499999999999997,501.459706959707
nhsn,2025-2026,Michigan,extended_sep_apr,Extended Sep-Apr,2025-12,0.14366144112440818,0.14145660042798408,0.185,486.2545787545788
nhsn,2025-2026,Michigan,extended_sep_apr,Extended Sep-Apr,2026-01,0.14259083172394615,0.13814854715098268,0.185,401.74542124542126
nhsn,2025-2026,Michigan,extended_sep_apr,Extended Sep-Apr,2026-02,0.12661569756607574,0.11966094273427674,0.185,267.5897435897436
nhsn,2025-2026,Michigan,extended_sep_apr,Extended Sep-Apr,2026-03,0.09922480742923287,0.09151381637642204,0.185,129.5769230769231
nhsn,2025-2026,Michigan,extended_sep_apr,Extended Sep-Apr,2026-04,0.009034434782608696,0.0391887244109787,0.13351405600000002,18.794871794871796
nhsn,2025-2026,Michigan,late_oct_apr,Late Oct-Apr,2025-01,0.0,0.0,0.0,2.0329670329670333
nhsn,2025-2026,Michigan,late_oct_apr,Late Oct-Apr,2025-02,0.0,0.0,0.0,4.045787545787546
nhsn,2025-2026,Michigan,late_oct_apr,Late Oct-Apr,2025-03,0.0,0.023960154185479657,0.03425483870967742,14.128205128205131
nhsn,2025-2026,Michigan,late_oct_apr,Late Oct-Apr,2025-04,0.1361877774721049,0.13225367789780818,0.18499999999999991,43.56776556776557
nhsn,2025-2026,Michigan,late_oct_apr,Late Oct-Apr,2025-05,0.13578830410776874,0.136331760177678,0.18499999999999997,127.77655677655676
nhsn,2025-2026,Michigan,late_oct_apr,Late Oct-Apr,2025-06,0.14558362756310306,0.1454477407455438,0.18499999999999991,229.18131868131866
nhsn,2025-2026,Michigan,late_oct_apr,Late Oct-Apr,2025-07,0.1449350210434457,0.1449893869028796,0.18499999999999997,406.93040293040286
nhsn,2025-2026,Michigan,late_oct_apr,Late Oct-Apr,2025-08,0.14726485971498396,0.1471730554907757,0.18499999999999997,513.7820512820514
nhsn,2025-2026,Michigan,late_oct_apr,Late Oct-Apr,2025-09,0.14747281699723502,0.14743245100320884,0.18499999999999991,513.3846153846155
nhsn,2025-2026,Michigan,late_oct_apr,Late Oct-Apr,2025-10,0.1475945838135118,0.1474049636357216,0.185,528.0531135531137
nhsn,2025-2026,Michigan,late_oct_apr,Late Oct-Apr,2025-11,0.1482340750778684,0.1470793175814749,0.18499999999999997,501.459706959707
nhsn,2025-2026,Michigan,late_oct_apr,Late Oct-Apr,2025-12,0.14366144112440818,0.14145660042798408,0.185,486.2545787545788
nhsn,2025-2026,Michigan,late_oct_apr,Late Oct-Apr,2026-01,0.14259083172394615,0.13814854715098268,0.185,401.74542124542126
nhsn,2025-2026,Michigan,late_oct_apr,Late Oct-Apr,2026-02,0.12661569756607574,0.11966094273427674,0.185,267.5897435897436
nhsn,2025-2026,Michigan,late_oct_apr,Late Oct-Apr,2026-03,0.09922480742923287,0.09151381637642204,0.185,129.5769230769231
nhsn,2025-2026,Michigan,late_oct_apr,Late Oct-Apr,2026-04,0.009034434782608696,0.0391887244109787,0.13351405600000002,18.794871794871796
nhsn,2025-2026,Minnesota,baseline_oct_mar,Baseline Oct-Mar,2025-01,0.0,0.0,0.0,10.534798534798535
nhsn,2025-2026,Minnesota,baseline_oct_mar,Baseline Oct-Mar,2025-02,0.0,0.0,0.0,13.932234432234432
nhsn,2025-2026,Minnesota,baseline_oct_mar,Baseline Oct-Mar,2025-03,0.0,0.018210611075511977,0.03425483870967742,28.61904761904762
nhsn,2025-2026,Minnesota,baseline_oct_mar,Baseline Oct-Mar,2025-04,0.1099030974479198,0.10650040040126471,0.18499999999999991,56.00915750915751
nhsn,2025-2026,Minnesota,baseline_oct_mar,Baseline Oct-Mar,2025-05,0.11515801900183148,0.11652440225202139,0.18499999999999997,120.67948717948718
nhsn,2025-2026,Minnesota,baseline_oct_mar,Baseline Oct-Mar,2025-06,0.13887655104033542,0.13802063199065062,0.18499999999999991,224.87545787545787
nhsn,2025-2026,Minnesota,baseline_oct_mar,Baseline Oct-Mar,2025-07,0.13788849716292723,0.13859614292770775,0.18499999999999997,358.49633699633705
nhsn,2025-2026,Minnesota,baseline_oct_mar,Baseline Oct-Mar,2025-08,0.14489708734683304,0.1449531260955943,0.18499999999999997,413.2142857142857
nhsn,2025-2026,Minnesota,baseline_oct_mar,Baseline Oct-Mar,2025-09,0.14713375383527566,0.14701936030842416,0.18499999999999991,408.8021978021978
nhsn,2025-2026,Minnesota,baseline_oct_mar,Baseline Oct-Mar,2025-10,0.1472443634689576,0.14696588857927367,0.185,417.5347985347986
nhsn,2025-2026,Minnesota,baseline_oct_mar,Baseline Oct-Mar,2025-11,0.1470662841036091,0.14606120389052368,0.18499999999999997,390.94505494505495
nhsn,2025-2026,Minnesota,baseline_oct_mar,Baseline Oct-Mar,2025-12,0.1445829200923753,0.14250137026542928,0.185,374.1043956043956
nhsn,2025-2026,Minnesota,baseline_oct_mar,Baseline Oct-Mar,2026-01,0.14042352571225566,0.1336896280380515,0.185,309.5366300366301
nhsn,2025-2026,Minnesota,baseline_oct_mar,Baseline Oct-Mar,2026-02,0.11659836560113944,0.1118645657385951,0.185,181.25641025641028
nhsn,2025-2026,Minnesota,baseline_oct_mar,Baseline Oct-Mar,2026-03,0.10240181656376884,0.07942582694661994,0.12500891612903228,75.6941391941392
nhsn,2025-2026,Minnesota,baseline_oct_mar,Baseline Oct-Mar,2026-04,0.0,0.0,0.0,14.26739926739927
nhsn,2025-2026,Minnesota,early_sep_mar,Early Sep-Mar,2025-01,0.0,0.0,0.0,10.534798534798535
nhsn,2025-2026,Minnesota,early_sep_mar,Early Sep-Mar,2025-02,0.0,0.013404420695977338,0.035216071428571416,13.932234432234432
nhsn,2025-2026,Minnesota,early_sep_mar,Early Sep-Mar,2025-03,0.09303957155215918,0.09127647565631003,0.1814790322580645,28.61904761904762
nhsn,2025-2026,Minnesota,early_sep_mar,Early Sep-Mar,2025-04,0.11119712023535733,0.1109228646118311,0.18499999999999991,56.00915750915751
nhsn,2025-2026,Minnesota,early_sep_mar,Early Sep-Mar,2025-05,0.13528118187231253,0.13496227531884405,0.18499999999999997,120.67948717948718
nhsn,2025-2026,Minnesota,early_sep_mar,Early Sep-Mar,2025-06,0.13909875701132396,0.13899541103399693,0.18499999999999991,224.87545787545787
nhsn,2025-2026,Minnesota,early_sep_mar,Early Sep-Mar,2025-07,0.14393500068313814,0.14399676951260224,0.18499999999999997,358.49633699633705
nhsn,2025-2026,Minnesota,early_sep_mar,Early Sep-Mar,2025-08,0.14271698595613488,0.1416266259527121,0.18499999999999997,413.2142857142857
nhsn,2025-2026,Minnesota,early_sep_mar,Early Sep-Mar,2025-09,0.14567713994371417,0.14405926581511172,0.18499999999999997,408.80219780219784
nhsn,2025-2026,Minnesota,early_sep_mar,Early Sep-Mar,2025-10,0.1472443634689576,0.14696588857927367,0.185,417.5347985347986
nhsn,2025-2026,Minnesota,early_sep_mar,Early Sep-Mar,2025-11,0.1470662841036091,0.14606120389052368,0.18499999999999997,390.94505494505495
nhsn,2025-2026,Minnesota,early_sep_mar,Early Sep-Mar,2025-12,0.1445829200923753,0.14250137026542928,0.185,374.1043956043956
nhsn,2025-2026,Minnesota,early_sep_mar,Early Sep-Mar,2026-01,0.14042352571225566,0.1336896280380515,0.185,309.5366300366301
nhsn,2025-2026,Minnesota,early_sep_mar,Early Sep-Mar,2026-02,0.11659836560113944,0.1118645657385951,0.185,181.25641025641028
nhsn,2025-2026,Minnesota,early_sep_mar,Early Sep-Mar,2026-03,0.10240181656376884,0.07942582694661994,0.12500891612903228,75.6941391941392
nhsn,2025-2026,Minnesota,early_sep_mar,Early Sep-Mar,2026-04,0.0,0.0,0.0,14.26739926739927
nhsn,2025-2026,Minnesota,extended_sep_apr,Extended Sep-Apr,2025-01,0.0,0.0,0.0,10.534798534798535
nhsn,2025-2026,Minnesota,extended_sep_apr,Extended Sep-Apr,2025-02,0.0,0.013404420695977338,0.035216071428571416,13.932234432234432
nhsn,2025-2026,Minnesota,extended_sep_apr,Extended Sep-Apr,2025-03,0.09303957155215918,0.09127647565631003,0.1814790322580645,28.61904761904762
nhsn,2025-2026,Minnesota,extended_sep_apr,Extended Sep-Apr,2025-04,0.11119712023535733,0.1109228646118311,0.18499999999999991,56.00915750915751
nhsn,2025-2026,Minnesota,extended_sep_apr,Extended Sep-Apr,2025-05,0.13528118187231253,0.13496227531884405,0.18499999999999997,120.67948717948718
nhsn,2025-2026,Minnesota,extended_sep_apr,Extended Sep-Apr,2025-06,0.13909875701132396,0.13899541103399693,0.18499999999999991,224.87545787545787
nhsn,2025-2026,Minnesota,extended_sep_apr,Extended Sep-Apr,2025-07,0.14393500068313814,0.14399676951260224,0.18499999999999997,358.49633699633705
nhsn,2025-2026,Minnesota,extended_sep_apr,Extended Sep-Apr,2025-08,0.14271698595613488,0.1416266259527121,0.18499999999999997,413.2142857142857
nhsn,2025-2026,Minnesota,extended_sep_apr,Extended Sep-Apr,2025-09,0.14567713994371417,0.14405926581511172,0.18499999999999997,408.80219780219784
nhsn,2025-2026,Minnesota,extended_sep_apr,Extended Sep-Apr,2025-10,0.1472443634689576,0.14696588857927367,0.185,417.5347985347986
nhsn,2025-2026,Minnesota,extended_sep_apr,Extended Sep-Apr,2025-11,0.1470662841036091,0.14606120389052368,0.18499999999999997,390.94505494505495
nhsn,2025-2026,Minnesota,extended_sep_apr,Extended Sep-Apr,2025-12,0.1445829200923753,0.14250137026542928,0.185,374.1043956043956
nhsn,2025-2026,Minnesota,extended_sep_apr,Extended Sep-Apr,2026-01,0.14042352571225566,0.1336896280380515,0.185,309.5366300366301
nhsn,2025-2026,Minnesota,extended_sep_apr,Extended Sep-Apr,2026-02,0.11659836560113944,0.1118645657385951,0.185,181.25641025641028
nhsn,2025-2026,Minnesota,extended_sep_apr,Extended Sep-Apr,2026-03,0.10240181656376884,0.09544740684803005,0.185,75.6941391941392
nhsn,2025-2026,Minnesota,extended_sep_apr,Extended Sep-Apr,2026-04,0.019239999999999997,0.051862310677780354,0.13351405600000002,14.267399267399268
nhsn,2025-2026,Minnesota,late_oct_apr,Late Oct-Apr,2025-01,0.0,0.0,0.0,10.534798534798535
nhsn,2025-2026,Minnesota,late_oct_apr,Late Oct-Apr,2025-02,0.0,0.0,0.0,13.932234432234432
nhsn,2025-2026,Minnesota,late_oct_apr,Late Oct-Apr,2025-03,0.0,0.018210611075511977,0.03425483870967742,28.61904761904762
nhsn,2025-2026,Minnesota,late_oct_apr,Late Oct-Apr,2025-04,0.1099030974479198,0.10650040040126471,0.18499999999999991,56.00915750915751
nhsn,2025-2026,Minnesota,late_oct_apr,Late Oct-Apr,2025-05,0.11515801900183148,0.11652440225202139,0.18499999999999997,120.67948717948718
nhsn,2025-2026,Minnesota,late_oct_apr,Late Oct-Apr,2025-06,0.13887655104033542,0.13802063199065062,0.18499999999999991,224.87545787545787
nhsn,2025-2026,Minnesota,late_oct_apr,Late Oct-Apr,2025-07,0.13788849716292723,0.13859614292770775,0.18499999999999997,358.49633699633705
nhsn,2025-2026,Minnesota,late_oct_apr,Late Oct-Apr,2025-08,0.14489708734683304,0.1449531260955943,0.18499999999999997,413.2142857142857
nhsn,2025-2026,Minnesota,late_oct_apr,Late Oct-Apr,2025-09,0.14713375383527566,0.14701936030842416,0.18499999999999991,408.8021978021978
nhsn,2025-2026,Minnesota,late_oct_apr,Late Oct-Apr,2025-10,0.1472443634689576,0.14696588857927367,0.185,417.5347985347986
nhsn,2025-2026,Minnesota,late_oct_apr,Late Oct-Apr,2025-11,0.1470662841036091,0.14606120389052368,0.18499999999999997,390.94505494505495
nhsn,2025-2026,Minnesota,late_oct_apr,Late Oct-Apr,2025-12,0.1445829200923753,0.14250137026542928,0.185,374.1043956043956
nhsn,2025-2026,Minnesota,late_oct_apr,Late Oct-Apr,2026-01,0.14042352571225566,0.1336896280380515,0.185,309.5366300366301
nhsn,2025-2026,Minnesota,late_oct_apr,Late Oct-Apr,2026-02,0.11659836560113944,0.1118645657385951,0.185,181.25641025641028
nhsn,2025-2026,Minnesota,late_oct_apr,Late Oct-Apr,2026-03,0.10240181656376884,0.09544740684803005,0.185,75.6941391941392
nhsn,2025-2026,Minnesota,late_oct_apr,Late Oct-Apr,2026-04,0.019239999999999997,0.051862310677780354,0.13351405600000002,14.267399267399268
nhsn,2025-2026,Mississippi,baseline_oct_mar,Baseline Oct-Mar,2025-01,0.0,0.0,0.0,1.2472527472527468
nhsn,2025-2026,Mississippi,baseline_oct_mar,Baseline Oct-Mar,2025-02,0.0,0.0,0.0,3.02014652014652
nhsn,2025-2026,Mississippi,baseline_oct_mar,Baseline Oct-Mar,2025-03,0.0,0.020036800648444236,0.03425483870967742,7.553113553113554
nhsn,2025-2026,Mississippi,baseline_oct_mar,Baseline Oct-Mar,2025-04,0.1295433170275508,0.12983882933902458,0.18499999999999991,24.866300366300365
nhsn,2025-2026,Mississippi,baseline_oct_mar,Baseline Oct-Mar,2025-05,0.1356267811769214,0.1352160444007348,0.18499999999999997,68.89926739926737
nhsn,2025-2026,Mississippi,baseline_oct_mar,Baseline Oct-Mar,2025-06,0.14482762073926075,0.14472645068730638,0.18499999999999991,115.65750915750915
nhsn,2025-2026,Mississippi,baseline_oct_mar,Baseline Oct-Mar,2025-07,0.14340200988972282,0.1432301677004835,0.18499999999999997,157.9102564102564
nhsn,2025-2026,Mississippi,baseline_oct_mar,Baseline Oct-Mar,2025-08,0.1466931701795857,0.14662796230262967,0.18499999999999997,168.46153846153848
nhsn,2025-2026,Mississippi,baseline_oct_mar,Baseline Oct-Mar,2025-09,0.14651840442890446,0.14661198434931844,0.18499999999999991,163.82967032967034
nhsn,2025-2026,Mississippi,baseline_oct_mar,Baseline Oct-Mar,2025-10,0.14837397722277723,0.1480291403094547,0.185,167.23076923076923
nhsn,2025-2026,Mississippi,baseline_oct_mar,Baseline Oct-Mar,2025-11,0.14717305014655785,0.14543040619540037,0.18499999999999997,157.58058608058607
nhsn,2025-2026,Mississippi,baseline_oct_mar,Baseline Oct-Mar,2025-12,0.14106542701719682,0.13680568665281903,0.185,144.24175824175825
nhsn,2025-2026,Mississippi,baseline_oct_mar,Baseline Oct-Mar,2026-01,0.12820095052208066,0.12227601014007305,0.185,99.84798534798536
nhsn,2025-2026,Mississippi,baseline_oct_mar,Baseline Oct-Mar,2026-02,0.11728926223087938,0.10304772514646722,0.185,45.96153846153847
nhsn,2025-2026,Mississippi,baseline_oct_mar,Baseline Oct-Mar,2026-03,0.06604548652202498,0.0627957690690098,0.12500891612903228,13.042124542124544
nhsn,2025-2026,Mississippi,baseline_oct_mar,Baseline Oct-Mar,2026-04,0.0,0.0,0.0,0.9322344322344321
nhsn,2025-2026,Mississippi,early_sep_mar,Early Sep-Mar,2025-01,0.0,0.0,0.0,1.2472527472527468
nhsn,2025-2026,Mississippi,early_sep_mar,Early Sep-Mar,2025-02,0.0,0.020478666469886626,0.035216071428571416,3.02014652014652
nhsn,2025-2026,Mississippi,early_sep_mar,Early Sep-Mar,2025-03,0.12012505061188813,0.11873129613377101,0.1814790322580645,7.553113553113554
nhsn,2025-2026,Mississippi,early_sep_mar,Early Sep-Mar,2025-04,0.1295433170275508,0.1318773271681326,0.18499999999999991,24.866300366300365
nhsn,2025-2026,Mississippi,early_sep_mar,Early Sep-Mar,2025-05,0.14565813595658073,0.14531090786140613,0.18499999999999997,68.89926739926737
nhsn,2025-2026,Mississippi,early_sep_mar,Early Sep-Mar,2025-06,0.1449041786833856,0.14509007297023163,0.18499999999999991,115.65750915750915
nhsn,2025-2026,Mississippi,early_sep_mar,Early Sep-Mar,2025-07,0.1471765054890706,0.14710283094943918,0.18499999999999997,157.9102564102564
nhsn,2025-2026,Mississippi,early_sep_mar,Early Sep-Mar,2025-08,0.14689991686749274,0.14679204574683893,0.18499999999999997,168.46153846153848
nhsn,2025-2026,Mississippi,early_sep_mar,Early Sep-Mar,2025-09,0.14675714174323332,0.14685178829888398,0.18499999999999997,163.82967032967036
nhsn,2025-2026,Mississippi,early_sep_mar,Early Sep-Mar,2025-10,0.14837397722277723,0.1480291403094547,0.185,167.23076923076923
nhsn,2025-2026,Mississippi,early_sep_mar,Early Sep-Mar,2025-11,0.14717305014655785,0.14543040619540037,0.18499999999999997,157.58058608058607
nhsn,2025-2026,Mississippi,early_sep_mar,Early Sep-Mar,2025-12,0.14106542701719682,0.13680568665281903,0.185,144.24175824175825
nhsn,2025-2026,Mississippi,early_sep_mar,Early Sep-Mar,2026-01,0.12820095052208066,0.12227601014007305,0.185,99.84798534798536
nhsn,2025-2026,Mississippi,early_sep_mar,Early Sep-Mar,2026-02,0.11728926223087938,0.10304772514646722,0.185,45.96153846153847
nhsn,2025-2026,Mississippi,early_sep_mar,Early Sep-Mar,2026-03,0.06604548652202498,0.0627957690690098,0.12500891612903228,13.042124542124544
nhsn,2025-2026,Mississippi,early_sep_mar,Early Sep-Mar,2026-04,0.0,0.0,0.0,0.9322344322344321
nhsn,2025-2026,Mississippi,extended_sep_apr,Extended Sep-Apr,2025-01,0.0,0.0,0.0,1.2472527472527468
nhsn,2025-2026,Mississippi,extended_sep_apr,Extended Sep-Apr,2025-02,0.0,0.020478666469886626,0.035216071428571416,3.02014652014652
nhsn,2025-2026,Mississippi,extended_sep_apr,Extended Sep-Apr,2025-03,0.12012505061188813,0.11873129613377101,0.1814790322580645,7.553113553113554
nhsn,2025-2026,Mississippi,extended_sep_apr,Extended Sep-Apr,2025-04,0.1295433170275508,0.1318773271681326,0.18499999999999991,24.866300366300365
nhsn,2025-2026,Mississippi,extended_sep_apr,Extended Sep-Apr,2025-05,0.14565813595658073,0.14531090786140613,0.18499999999999997,68.89926739926737
nhsn,2025-2026,Mississippi,extended_sep_apr,Extended Sep-Apr,2025-06,0.1449041786833856,0.14509007297023163,0.18499999999999991,115.65750915750915
nhsn,2025-2026,Mississippi,extended_sep_apr,Extended Sep-Apr,2025-07,0.1471765054890706,0.14710283094943918,0.18499999999999997,157.9102564102564
nhsn,2025-2026,Mississippi,extended_sep_apr,Extended Sep-Apr,2025-08,0.14689991686749274,0.14679204574683893,0.18499999999999997,168.46153846153848
nhsn,2025-2026,Mississippi,extended_sep_apr,Extended Sep-Apr,2025-09,0.14675714174323332,0.14685178829888398,0.18499999999999997,163.82967032967036
nhsn,2025-2026,Mississippi,extended_sep_apr,Extended Sep-Apr,2025-10,0.14837397722277723,0.1480291403094547,0.185,167.23076923076923
nhsn,2025-2026,Mississippi,extended_sep_apr,Extended Sep-Apr,2025-11,0.14717305014655785,0.14543040619540037,0.18499999999999997,157.58058608058607
nhsn,2025-2026,Mississippi,extended_sep_apr,Extended Sep-Apr,2025-12,0.14106542701719682,0.13680568665281903,0.185,144.24175824175825
nhsn,2025-2026,Mississippi,extended_sep_apr,Extended Sep-Apr,2026-01,0.12820095052208066,0.12227601014007305,0.185,99.84798534798536
nhsn,2025-2026,Mississippi,extended_sep_apr,Extended Sep-Apr,2026-02,0.11728926223087938,0.10304772514646722,0.185,45.96153846153847
nhsn,2025-2026,Mississippi,extended_sep_apr,Extended Sep-Apr,2026-03,0.06718346153846154,0.07276367481919457,0.185,13.042124542124544
nhsn,2025-2026,Mississippi,extended_sep_apr,Extended Sep-Apr,2026-04,0.01443,0.04699642101377015,0.13351405600000002,0.9322344322344323
nhsn,2025-2026,Mississippi,late_oct_apr,Late Oct-Apr,2025-01,0.0,0.0,0.0,1.2472527472527468
nhsn,2025-2026,Mississippi,late_oct_apr,Late Oct-Apr,2025-02,0.0,0.0,0.0,3.02014652014652
nhsn,2025-2026,Mississippi,late_oct_apr,Late Oct-Apr,2025-03,0.0,0.020036800648444236,0.03425483870967742,7.553113553113554
nhsn,2025-2026,Mississippi,late_oct_apr,Late Oct-Apr,2025-04,0.1295433170275508,0.12983882933902458,0.18499999999999991,24.866300366300365
nhsn,2025-2026,Mississippi,late_oct_apr,Late Oct-Apr,2025-05,0.1356267811769214,0.1352160444007348,0.18499999999999997,68.89926739926737
nhsn,2025-2026,Mississippi,late_oct_apr,Late Oct-Apr,2025-06,0.14482762073926075,0.14472645068730638,0.18499999999999991,115.65750915750915
nhsn,2025-2026,Mississippi,late_oct_apr,Late Oct-Apr,2025-07,0.14340200988972282,0.1432301677004835,0.18499999999999997,157.9102564102564
nhsn,2025-2026,Mississippi,late_oct_apr,Late Oct-Apr,2025-08,0.1466931701795857,0.14662796230262967,0.18499999999999997,168.46153846153848
nhsn,2025-2026,Mississippi,late_oct_apr,Late Oct-Apr,2025-09,0.14651840442890446,0.14661198434931844,0.18499999999999991,163.82967032967034
nhsn,2025-2026,Mississippi,late_oct_apr,Late Oct-Apr,2025-10,0.14837397722277723,0.1480291403094547,0.185,167.23076923076923
nhsn,2025-2026,Mississippi,late_oct_apr,Late Oct-Apr,2025-11,0.14717305014655785,0.14543040619540037,0.18499999999999997,157.58058608058607
nhsn,2025-2026,Mississippi,late_oct_apr,Late Oct-Apr,2025-12,0.14106542701719682,0.13680568665281903,0.185,144.24175824175825
nhsn,2025-2026,Mississippi,late_oct_apr,Late Oct-Apr,2026-01,0.12820095052208066,0.12227601014007305,0.185,99.84798534798536
nhsn,2025-2026,Mississippi,late_oct_apr,Late Oct-Apr,2026-02,0.11728926223087938,0.10304772514646722,0.185,45.96153846153847
nhsn,2025-2026,Mississippi,late_oct_apr,Late Oct-Apr,2026-03,0.06718346153846154,0.07276367481919457,0.185,13.042124542124544
nhsn,2025-2026,Mississippi,late_oct_apr,Late Oct-Apr,2026-04,0.01443,0.04699642101377015,0.13351405600000002,0.9322344322344323
nhsn,2025-2026,Missouri,baseline_oct_mar,Baseline Oct-Mar,2025-01,0.0,0.0,0.0,2.8791208791208796
nhsn,2025-2026,Missouri,baseline_oct_mar,Baseline Oct-Mar,2025-02,0.0,0.0,0.0,5.056776556776557
nhsn,2025-2026,Missouri,baseline_oct_mar,Baseline Oct-Mar,2025-03,0.0,0.01767505668321848,0.03425483870967742,10.401098901098901
nhsn,2025-2026,Missouri,baseline_oct_mar,Baseline Oct-Mar,2025-04,0.11098299370272584,0.11113426667831788,0.18499999999999991,24.82783882783883
nhsn,2025-2026,Missouri,baseline_oct_mar,Baseline Oct-Mar,2025-05,0.12980231684162832,0.13188548269466938,0.18499999999999997,78.07142857142858
nhsn,2025-2026,Missouri,baseline_oct_mar,Baseline Oct-Mar,2025-06,0.14264848014136403,0.14255056455327342,0.18499999999999991,144.63919413919416
nhsn,2025-2026,Missouri,baseline_oct_mar,Baseline Oct-Mar,2025-07,0.14293951274812147,0.14320477434339388,0.18499999999999997,216.40476190476193
nhsn,2025-2026,Missouri,baseline_oct_mar,Baseline Oct-Mar,2025-08,0.14603610406389878,0.1460713915784619,0.18499999999999997,252.2893772893773
nhsn,2025-2026,Missouri,baseline_oct_mar,Baseline Oct-Mar,2025-09,0.1466937809422304,0.1467836400339121,0.18499999999999991,247.1355311355311
nhsn,2025-2026,Missouri,baseline_oct_mar,Baseline Oct-Mar,2025-10,0.14757575092866135,0.147445233170887,0.185,252.7197802197802
nhsn,2025-2026,Missouri,baseline_oct_mar,Baseline Oct-Mar,2025-11,0.14842591436781155,0.14766691524141184,0.18499999999999997,239.72161172161174
nhsn,2025-2026,Missouri,baseline_oct_mar,Baseline Oct-Mar,2025-12,0.14324681776256531,0.1397398787543926,0.185,231.76556776556777
nhsn,2025-2026,Missouri,baseline_oct_mar,Baseline Oct-Mar,2026-01,0.1351044647563492,0.13018958592765176,0.185,178.04212454212455
nhsn,2025-2026,Missouri,baseline_oct_mar,Baseline Oct-Mar,2026-02,0.11493797296737351,0.11275586686008456,0.185,98.51282051282053
nhsn,2025-2026,Missouri,baseline_oct_mar,Baseline Oct-Mar,2026-03,0.09287659278574534,0.07859516665718733,0.12500891612903228,42.6959706959707
nhsn,2025-2026,Missouri,baseline_oct_mar,Baseline Oct-Mar,2026-04,0.0,0.0,0.0,4.278388278388279
nhsn,2025-2026,Missouri,early_sep_mar,Early Sep-Mar,2025-01,0.0,0.0,0.0,2.8791208791208796
nhsn,2025-2026,Missouri,early_sep_mar,Early Sep-Mar,2025-02,0.0,0.01772188005185696,0.035216071428571416,5.056776556776557
nhsn,2025-2026,Missouri,early_sep_mar,Early Sep-Mar,2025-03,0.10827484214010841,0.10469359441355863,0.1814790322580645,10.401098901098901
nhsn,2025-2026,Missouri,early_sep_mar,Early Sep-Mar,2025-04,0.11416665979408046,0.11540861768264286,0.18499999999999991,24.82783882783883
nhsn,2025-2026,Missouri,early_sep_mar,Early Sep-Mar,2025-05,0.14264412384069833,0.14240493989407096,0.18499999999999997,78.07142857142858
nhsn,2025-2026,Missouri,early_sep_mar,Early Sep-Mar,2025-06,0.1430898809773859,0.1432420915203647,0.18499999999999991,144.63919413919416
nhsn,2025-2026,Missouri,early_sep_mar,Early Sep-Mar,2025-07,0.14619743849272704,0.14621693948577105,0.18499999999999997,216.40476190476193
nhsn,2025-2026,Missouri,early_sep_mar,Early Sep-Mar,2025-08,0.1441410646681902,0.1435118328991705,0.18499999999999997,252.2893772893773
nhsn,2025-2026,Missouri,early_sep_mar,Early Sep-Mar,2025-09,0.1465162488274965,0.14568593930069054,0.18499999999999997,247.13553113553115
nhsn,2025-2026,Missouri,early_sep_mar,Early Sep-Mar,2025-10,0.14757575092866135,0.147445233170887,0.185,252.7197802197802
nhsn,2025-2026,Missouri,early_sep_mar,Early Sep-Mar,2025-11,0.14842591436781155,0.14766691524141184,0.18499999999999997,239.72161172161174
nhsn,2025-2026,Missouri,early_sep_mar,Early Sep-Mar,2025-12,0.14324681776256531,0.1397398787543926,0.185,231.76556776556777
nhsn,2025-2026,Missouri,early_sep_mar,Early Sep-Mar,2026-01,0.1351044647563492,0.13018958592765176,0.185,178.04212454212455
nhsn,2025-2026,Missouri,early_sep_mar,Early Sep-Mar,2026-02,0.11493797296737351,0.11275586686008456,0.185,98.51282051282053
nhsn,2025-2026,Missouri,early_sep_mar,Early Sep-Mar,2026-03,0.09287659278574534,0.07859516665718733,0.12500891612903228,42.6959706959707
nhsn,2025-2026,Missouri,early_sep_mar,Early Sep-Mar,2026-04,0.0,0.0,0.0,4.278388278388279
nhsn,2025-2026,Missouri,extended_sep_apr,Extended Sep-Apr,2025-01,0.0,0.0,0.0,2.8791208791208796
nhsn,2025-2026,Missouri,extended_sep_apr,Extended Sep-Apr,2025-02,0.0,0.01772188005185696,0.035216071428571416,5.056776556776557
nhsn,2025-2026,Missouri,extended_sep_apr,Extended Sep-Apr,2025-03,0.10827484214010841,0.10469359441355863,0.1814790322580645,10.401098901098901
nhsn,2025-2026,Missouri,extended_sep_apr,Extended Sep-Apr,2025-04,0.11416665979408046,0.11540861768264286,0.18499999999999991,24.82783882783883
nhsn,2025-2026,Missouri,extended_sep_apr,Extended Sep-Apr,2025-05,0.14264412384069833,0.14240493989407096,0.18499999999999997,78.07142857142858
nhsn,2025-2026,Missouri,extended_sep_apr,Extended Sep-Apr,2025-06,0.1430898809773859,0.1432420915203647,0.18499999999999991,144.63919413919416
nhsn,2025-2026,Missouri,extended_sep_apr,Extended Sep-Apr,2025-07,0.14619743849272704,0.14621693948577105,0.18499999999999997,216.40476190476193
nhsn,2025-2026,Missouri,extended_sep_apr,Extended Sep-Apr,2025-08,0.1441410646681902,0.1435118328991705,0.18499999999999997,252.2893772893773
nhsn,2025-2026,Missouri,extended_sep_apr,Extended Sep-Apr,2025-09,0.1465162488274965,0.14568593930069054,0.18499999999999997,247.13553113553115
nhsn,2025-2026,Missouri,extended_sep_apr,Extended Sep-Apr,2025-10,0.14757575092866135,0.147445233170887,0.185,252.7197802197802
nhsn,2025-2026,Missouri,extended_sep_apr,Extended Sep-Apr,2025-11,0.14842591436781155,0.14766691524141184,0.18499999999999997,239.72161172161174
nhsn,2025-2026,Missouri,extended_sep_apr,Extended Sep-Apr,2025-12,0.14324681776256531,0.1397398787543926,0.185,231.76556776556777
nhsn,2025-2026,Missouri,extended_sep_apr,Extended Sep-Apr,2026-01,0.1351044647563492,0.13018958592765176,0.185,178.04212454212455
nhsn,2025-2026,Missouri,extended_sep_apr,Extended Sep-Apr,2026-02,0.11493797296737351,0.11275586686008456,0.185,98.51282051282053
nhsn,2025-2026,Missouri,extended_sep_apr,Extended Sep-Apr,2026-03,0.09287659278574534,0.08637865836814725,0.185,42.6959706959707
nhsn,2025-2026,Missouri,extended_sep_apr,Extended Sep-Apr,2026-04,0.011806363636363636,0.039264151506529246,0.13351405600000002,4.278388278388279
nhsn,2025-2026,Missouri,late_oct_apr,Late Oct-Apr,2025-01,0.0,0.0,0.0,2.8791208791208796
nhsn,2025-2026,Missouri,late_oct_apr,Late Oct-Apr,2025-02,0.0,0.0,0.0,5.056776556776557
nhsn,2025-2026,Missouri,late_oct_apr,Late Oct-Apr,2025-03,0.0,0.01767505668321848,0.03425483870967742,10.401098901098901
nhsn,2025-2026,Missouri,late_oct_apr,Late Oct-Apr,2025-04,0.11098299370272584,0.11113426667831788,0.18499999999999991,24.82783882783883
nhsn,2025-2026,Missouri,late_oct_apr,Late Oct-Apr,2025-05,0.12980231684162832,0.13188548269466938,0.18499999999999997,78.07142857142858
nhsn,2025-2026,Missouri,late_oct_apr,Late Oct-Apr,2025-06,0.14264848014136403,0.14255056455327342,0.18499999999999991,144.63919413919416
nhsn,2025-2026,Missouri,late_oct_apr,Late Oct-Apr,2025-07,0.14293951274812147,0.14320477434339388,0.18499999999999997,216.40476190476193
nhsn,2025-2026,Missouri,late_oct_apr,Late Oct-Apr,2025-08,0.14603610406389878,0.1460713915784619,0.18499999999999997,252.2893772893773
nhsn,2025-2026,Missouri,late_oct_apr,Late Oct-Apr,2025-09,0.1466937809422304,0.1467836400339121,0.18499999999999991,247.1355311355311
nhsn,2025-2026,Missouri,late_oct_apr,Late Oct-Apr,2025-10,0.14757575092866135,0.147445233170887,0.185,252.7197802197802
nhsn,2025-2026,Missouri,late_oct_apr,Late Oct-Apr,2025-11,0.14842591436781155,0.14766691524141184,0.18499999999999997,239.72161172161174
nhsn,2025-2026,Missouri,late_oct_apr,Late Oct-Apr,2025-12,0.14324681776256531,0.1397398787543926,0.185,231.76556776556777
nhsn,2025-2026,Missouri,late_oct_apr,Late Oct-Apr,2026-01,0.1351044647563492,0.13018958592765176,0.185,178.04212454212455
nhsn,2025-2026,Missouri,late_oct_apr,Late Oct-Apr,2026-02,0.11493797296737351,0.11275586686008456,0.185,98.51282051282053
nhsn,2025-2026,Missouri,late_oct_apr,Late Oct-Apr,2026-03,0.09287659278574534,0.08637865836814725,0.185,42.6959706959707
nhsn,2025-2026,Missouri,late_oct_apr,Late Oct-Apr,2026-04,0.011806363636363636,0.039264151506529246,0.13351405600000002,4.278388278388279
nhsn,2025-2026,Montana,baseline_oct_mar,Baseline Oct-Mar,2025-01,,,0.0,0.0
nhsn,2025-2026,Montana,baseline_oct_mar,Baseline Oct-Mar,2025-02,0.0,0.0,0.0,0.3846153846153846
nhsn,2025-2026,Montana,baseline_oct_mar,Baseline Oct-Mar,2025-03,0.0,0.025484255618574977,0.03425483870967742,0.7948717948717946
nhsn,2025-2026,Montana,baseline_oct_mar,Baseline Oct-Mar,2025-04,0.1154368951048951,0.11030746575255405,0.18499999999999991,2.28021978021978
nhsn,2025-2026,Montana,baseline_oct_mar,Baseline Oct-Mar,2025-05,0.1363160554778555,0.1366019729049359,0.18499999999999997,5.912087912087912
nhsn,2025-2026,Montana,baseline_oct_mar,Baseline Oct-Mar,2025-06,0.1414572803560076,0.14239990508345374,0.18499999999999991,12.987179487179489
nhsn,2025-2026,Montana,baseline_oct_mar,Baseline Oct-Mar,2025-07,0.14639081766924178,0.14604880682451363,0.18499999999999997,38.450549450549445
nhsn,2025-2026,Montana,baseline_oct_mar,Baseline Oct-Mar,2025-08,0.14586581105931107,0.14633030312634804,0.18499999999999997,60.56227106227108
nhsn,2025-2026,Montana,baseline_oct_mar,Baseline Oct-Mar,2025-09,0.14731031399464734,0.14683561960556007,0.18499999999999991,62.30769230769232
nhsn,2025-2026,Montana,baseline_oct_mar,Baseline Oct-Mar,2025-10,0.14736528852628855,0.14714344516401168,0.185,63.97435897435897
nhsn,2025-2026,Montana,baseline_oct_mar,Baseline Oct-Mar,2025-11,0.14843005869755244,0.1478820682831666,0.18499999999999997,61.53846153846155
nhsn,2025-2026,Montana,baseline_oct_mar,Baseline Oct-Mar,2025-12,0.1467138388253327,0.1458641290284572,0.185,61.952380952380956
nhsn,2025-2026,Montana,baseline_oct_mar,Baseline Oct-Mar,2026-01,0.14895588411779243,0.14615219994901713,0.185,58.35531135531136
nhsn,2025-2026,Montana,baseline_oct_mar,Baseline Oct-Mar,2026-02,0.14253989818326004,0.12943829623221817,0.185,46.08974358974359
nhsn,2025-2026,Montana,baseline_oct_mar,Baseline Oct-Mar,2026-03,0.10326546236411176,0.08179544511259379,0.12500891612903228,26.92857142857143
nhsn,2025-2026,Montana,baseline_oct_mar,Baseline Oct-Mar,2026-04,0.0,0.0,0.0,4.250915750915751
nhsn,2025-2026,Montana,early_sep_mar,Early Sep-Mar,2025-01,,,0.0,0.0
nhsn,2025-2026,Montana,early_sep_mar,Early Sep-Mar,2025-02,0.0,0.045487429945239945,0.035216071428571416,0.3846153846153846
nhsn,2025-2026,Montana,early_sep_mar,Early Sep-Mar,2025-03,0.16030961538461538,0.1527429824607651,0.1814790322580645,0.7948717948717946
nhsn,2025-2026,Montana,early_sep_mar,Early Sep-Mar,2025-04,0.11884521380090497,0.11568110121468049,0.18499999999999991,2.28021978021978
nhsn,2025-2026,Montana,early_sep_mar,Early Sep-Mar,2025-05,0.15008050396270398,0.14896606372082594,0.18499999999999997,5.912087912087912
nhsn,2025-2026,Montana,early_sep_mar,Early Sep-Mar,2025-06,0.1420036519835305,0.14337983322977582,0.18499999999999991,12.987179487179489
nhsn,2025-2026,Montana,early_sep_mar,Early Sep-Mar,2025-07,0.14730254613793173,0.1472657390258344,0.18499999999999997,38.450549450549445
nhsn,2025-2026,Montana,early_sep_mar,Early Sep-Mar,2025-08,0.1384657199172318,0.1342265503903231,0.18499999999999997,60.56227106227108
nhsn,2025-2026,Montana,early_sep_mar,Early Sep-Mar,2025-09,0.1456033169114836,0.14091276525490115,0.18499999999999997,62.3076923076923
nhsn,2025-2026,Montana,early_sep_mar,Early Sep-Mar,2025-10,0.14736528852628855,0.14714344516401168,0.185,63.97435897435897
nhsn,2025-2026,Montana,early_sep_mar,Early Sep-Mar,2025-11,0.14843005869755244,0.1478820682831666,0.18499999999999997,61.53846153846155
nhsn,2025-2026,Montana,early_sep_mar,Early Sep-Mar,2025-12,0.1467138388253327,0.1458641290284572,0.185,61.952380952380956
nhsn,2025-2026,Montana,early_sep_mar,Early Sep-Mar,2026-01,0.14895588411779243,0.14615219994901713,0.185,58.35531135531136
nhsn,2025-2026,Montana,early_sep_mar,Early Sep-Mar,2026-02,0.14253989818326004,0.12943829623221817,0.185,46.08974358974359
nhsn,2025-2026,Montana,early_sep_mar,Early Sep-Mar,2026-03,0.10326546236411176,0.08179544511259379,0.12500891612903228,26.92857142857143
nhsn,2025-2026,Montana,early_sep_mar,Early Sep-Mar,2026-04,0.0,0.0,0.0,4.250915750915751
nhsn,2025-2026,Montana,extended_sep_apr,Extended Sep-Apr,2025-01,,,0.0,0.0
nhsn,2025-2026,Montana,extended_sep_apr,Extended Sep-Apr,2025-02,0.0,0.045487429945239945,0.035216071428571416,0.3846153846153846
nhsn,2025-2026,Montana,extended_sep_apr,Extended Sep-Apr,2025-03,0.16030961538461538,0.1527429824607651,0.1814790322580645,0.7948717948717946
nhsn,2025-2026,Montana,extended_sep_apr,Extended Sep-Apr,2025-04,0.11884521380090497,0.11568110121468049,0.18499999999999991,2.28021978021978
nhsn,2025-2026,Montana,extended_sep_apr,Extended Sep-Apr,2025-05,0.15008050396270398,0.14896606372082594,0.18499999999999997,5.912087912087912
nhsn,2025-2026,Montana,extended_sep_apr,Extended Sep-Apr,2025-06,0.1420036519835305,0.14337983322977582,0.18499999999999991,12.987179487179489
nhsn,2025-2026,Montana,extended_sep_apr,Extended Sep-Apr,2025-07,0.14730254613793173,0.1472657390258344,0.18499999999999997,38.450549450549445
nhsn,2025-2026,Montana,extended_sep_apr,Extended Sep-Apr,2025-08,0.1384657199172318,0.1342265503903231,0.18499999999999997,60.56227106227108
nhsn,2025-2026,Montana,extended_sep_apr,Extended Sep-Apr,2025-09,0.1456033169114836,0.14091276525490115,0.18499999999999997,62.3076923076923
nhsn,2025-2026,Montana,extended_sep_apr,Extended Sep-Apr,2025-10,0.14736528852628855,0.14714344516401168,0.185,63.97435897435897
nhsn,2025-2026,Montana,extended_sep_apr,Extended Sep-Apr,2025-11,0.14843005869755244,0.1478820682831666,0.18499999999999997,61.53846153846155
nhsn,2025-2026,Montana,extended_sep_apr,Extended Sep-Apr,2025-12,0.1467138388253327,0.1458641290284572,0.185,61.952380952380956
nhsn,2025-2026,Montana,extended_sep_apr,Extended Sep-Apr,2026-01,0.14895588411779243,0.14615219994901713,0.185,58.35531135531136
nhsn,2025-2026,Montana,extended_sep_apr,Extended Sep-Apr,2026-02,0.14253989818326004,0.12943829623221817,0.185,46.08974358974359
nhsn,2025-2026,Montana,extended_sep_apr,Extended Sep-Apr,2026-03,0.10345386980333583,0.09439279587755929,0.185,26.92857142857143
nhsn,2025-2026,Montana,extended_sep_apr,Extended Sep-Apr,2026-04,0.009989999999999999,0.03935905861862847,0.13351405600000002,4.250915750915751
nhsn,2025-2026,Montana,late_oct_apr,Late Oct-Apr,2025-01,,,0.0,0.0
nhsn,2025-2026,Montana,late_oct_apr,Late Oct-Apr,2025-02,0.0,0.0,0.0,0.3846153846153846
nhsn,2025-2026,Montana,late_oct_apr,Late Oct-Apr,2025-03,0.0,0.025484255618574977,0.03425483870967742,0.7948717948717946
nhsn,2025-2026,Montana,late_oct_apr,Late Oct-Apr,2025-04,0.1154368951048951,0.11030746575255405,0.18499999999999991,2.28021978021978
nhsn,2025-2026,Montana,late_oct_apr,Late Oct-Apr,2025-05,0.1363160554778555,0.1366019729049359,0.18499999999999997,5.912087912087912
nhsn,2025-2026,Montana,late_oct_apr,Late Oct-Apr,2025-06,0.1414572803560076,0.14239990508345374,0.18499999999999991,12.987179487179489
nhsn,2025-2026,Montana,late_oct_apr,Late Oct-Apr,2025-07,0.14639081766924178,0.14604880682451363,0.18499999999999997,38.450549450549445
nhsn,2025-2026,Montana,late_oct_apr,Late Oct-Apr,2025-08,0.14586581105931107,0.14633030312634804,0.18499999999999997,60.56227106227108
nhsn,2025-2026,Montana,late_oct_apr,Late Oct-Apr,2025-09,0.14731031399464734,0.14683561960556007,0.18499999999999991,62.30769230769232
nhsn,2025-2026,Montana,late_oct_apr,Late Oct-Apr,2025-10,0.14736528852628855,0.14714344516401168,0.185,63.97435897435897
nhsn,2025-2026,Montana,late_oct_apr,Late Oct-Apr,2025-11,0.14843005869755244,0.1478820682831666,0.18499999999999997,61.53846153846155
nhsn,2025-2026,Montana,late_oct_apr,Late Oct-Apr,2025-12,0.1467138388253327,0.1458641290284572,0.185,61.952380952380956
nhsn,2025-2026,Montana,late_oct_apr,Late Oct-Apr,2026-01,0.14895588411779243,0.14615219994901713,0.185,58.35531135531136
nhsn,2025-2026,Montana,late_oct_apr,Late Oct-Apr,2026-02,0.14253989818326004,0.12943829623221817,0.185,46.08974358974359
nhsn,2025-2026,Montana,late_oct_apr,Late Oct-Apr,2026-03,0.10345386980333583,0.09439279587755929,0.185,26.92857142857143
nhsn,2025-2026,Montana,late_oct_apr,Late Oct-Apr,2026-04,0.009989999999999999,0.03935905861862847,0.13351405600000002,4.250915750915751
nhsn,2025-2026,Nebraska,baseline_oct_mar,Baseline Oct-Mar,2025-01,0.0,0.0,0.0,2.6849816849816843
nhsn,2025-2026,Nebraska,baseline_oct_mar,Baseline Oct-Mar,2025-02,0.0,0.0,0.0,3.353479853479853
nhsn,2025-2026,Nebraska,baseline_oct_mar,Baseline Oct-Mar,2025-03,0.0,0.012914019139828991,0.03425483870967742,5.5256410256410255
nhsn,2025-2026,Nebraska,baseline_oct_mar,Baseline Oct-Mar,2025-04,0.07577688711288712,0.07710985883925019,0.18499999999999991,8.025641025641026
nhsn,2025-2026,Nebraska,baseline_oct_mar,Baseline Oct-Mar,2025-05,0.1039327963100729,0.1063645323093618,0.18499999999999997,18.556776556776555
nhsn,2025-2026,Nebraska,baseline_oct_mar,Baseline Oct-Mar,2025-06,0.1341876297259323,0.1338334011780373,0.18499999999999991,40.72527472527473
nhsn,2025-2026,Nebraska,baseline_oct_mar,Baseline Oct-Mar,2025-07,0.13969887184261523,0.140218777805941,0.18499999999999997,92.41941391941393
nhsn,2025-2026,Nebraska,baseline_oct_mar,Baseline Oct-Mar,2025-08,0.1453900497743636,0.14495697166984828,0.18499999999999997,116.0805860805861
nhsn,2025-2026,Nebraska,baseline_oct_mar,Baseline Oct-Mar,2025-09,0.14669668223670768,0.14663583876423186,0.18499999999999991,116.66117216117215
nhsn,2025-2026,Nebraska,baseline_oct_mar,Baseline Oct-Mar,2025-10,0.14718220317082445,0.14709416417181,0.185,119.51831501831502
nhsn,2025-2026,Nebraska,baseline_oct_mar,Baseline Oct-Mar,2025-11,0.14792565871092764,0.1478801924624232,0.18499999999999997,113.84615384615385
nhsn,2025-2026,Nebraska,baseline_oct_mar,Baseline Oct-Mar,2025-12,0.14716505685870987,0.14576643935791736,0.185,114.7948717948718
nhsn,2025-2026,Nebraska,baseline_oct_mar,Baseline Oct-Mar,2026-01,0.14707230961195666,0.14234363171794048,0.185,104.19230769230771
nhsn,2025-2026,Nebraska,baseline_oct_mar,Baseline Oct-Mar,2026-02,0.12608904230976126,0.11660931733658216,0.185,73.4871794871795
nhsn,2025-2026,Nebraska,baseline_oct_mar,Baseline Oct-Mar,2026-03,0.08234077386468953,0.07595074644417463,0.12500891612903228,32.053113553113555
nhsn,2025-2026,Nebraska,baseline_oct_mar,Baseline Oct-Mar,2026-04,0.0,0.0,0.0,5.998168498168498
nhsn,2025-2026,Nebraska,early_sep_mar,Early Sep-Mar,2025-01,0.0,0.0,0.0,2.6849816849816843
nhsn,2025-2026,Nebraska,early_sep_mar,Early Sep-Mar,2025-02,0.0,0.010993577880340947,0.035216071428571416,3.353479853479853
nhsn,2025-2026,Nebraska,early_sep_mar,Early Sep-Mar,2025-03,0.07462095954583052,0.07354091045583176,0.1814790322580645,5.5256410256410255
nhsn,2025-2026,Nebraska,early_sep_mar,Early Sep-Mar,2025-04,0.08305913649508387,0.08383986968160839,0.18499999999999991,8.025641025641026
nhsn,2025-2026,Nebraska,early_sep_mar,Early Sep-Mar,2025-05,0.12602041638753406,0.1253624472549685,0.18499999999999997,18.556776556776555
nhsn,2025-2026,Nebraska,early_sep_mar,Early Sep-Mar,2025-06,0.13529244827154963,0.13490435423874483,0.18499999999999991,40.72527472527473
nhsn,2025-2026,Nebraska,early_sep_mar,Early Sep-Mar,2025-07,0.14330038385289412,0.14321037576424783,0.18499999999999997,92.41941391941393
nhsn,2025-2026,Nebraska,early_sep_mar,Early Sep-Mar,2025-08,0.14161120371931815,0.13963546123363746,0.18499999999999997,116.0805860805861
nhsn,2025-2026,Nebraska,early_sep_mar,Early Sep-Mar,2025-09,0.144836788689858,0.14218327102729075,0.18499999999999997,116.66117216117216
nhsn,2025-2026,Nebraska,early_sep_mar,Early Sep-Mar,2025-10,0.14718220317082445,0.14709416417181,0.185,119.51831501831502
nhsn,2025-2026,Nebraska,early_sep_mar,Early Sep-Mar,2025-11,0.14792565871092764,0.1478801924624232,0.18499999999999997,113.84615384615385
nhsn,2025-2026,Nebraska,early_sep_mar,Early Sep-Mar,2025-12,0.14716505685870987,0.14576643935791736,0.185,114.7948717948718
nhsn,2025-2026,Nebraska,early_sep_mar,Early Sep-Mar,2026-01,0.14707230961195666,0.14234363171794048,0.185,104.19230769230771
nhsn,2025-2026,Nebraska,early_sep_mar,Early Sep-Mar,2026-02,0.12608904230976126,0.11660931733658216,0.185,73.4871794871795
nhsn,2025-2026,Nebraska,early_sep_mar,Early Sep-Mar,2026-03,0.08234077386468953,0.07595074644417463,0.12500891612903228,32.053113553113555
nhsn,2025-2026,Nebraska,early_sep_mar,Early Sep-Mar,2026-04,0.0,0.0,0.0,5.998168498168498
nhsn,2025-2026,Nebraska,extended_sep_apr,Extended Sep-Apr,2025-01,0.0,0.0,0.0,2.6849816849816843
nhsn,2025-2026,Nebraska,extended_sep_apr,Extended Sep-Apr,2025-02,0.0,0.010993577880340947,0.035216071428571416,3.353479853479853
nhsn,2025-2026,Nebraska,extended_sep_apr,Extended Sep-Apr,2025-03,0.07462095954583052,0.07354091045583176,0.1814790322580645,5.5256410256410255
nhsn,2025-2026,Nebraska,extended_sep_apr,Extended Sep-Apr,2025-04,0.08305913649508387,0.08383986968160839,0.18499999999999991,8.025641025641026
nhsn,2025-2026,Nebraska,extended_sep_apr,Extended Sep-Apr,2025-05,0.12602041638753406,0.1253624472549685,0.18499999999999997,18.556776556776555
nhsn,2025-2026,Nebraska,extended_sep_apr,Extended Sep-Apr,2025-06,0.13529244827154963,0.13490435423874483,0.18499999999999991,40.72527472527473
nhsn,2025-2026,Nebraska,extended_sep_apr,Extended Sep-Apr,2025-07,0.14330038385289412,0.14321037576424783,0.18499999999999997,92.41941391941393
nhsn,2025-2026,Nebraska,extended_sep_apr,Extended Sep-Apr,2025-08,0.14161120371931815,0.13963546123363746,0.18499999999999997,116.0805860805861
nhsn,2025-2026,Nebraska,extended_sep_apr,Extended Sep-Apr,2025-09,0.144836788689858,0.14218327102729075,0.18499999999999997,116.66117216117216
nhsn,2025-2026,Nebraska,extended_sep_apr,Extended Sep-Apr,2025-10,0.14718220317082445,0.14709416417181,0.185,119.51831501831502
nhsn,2025-2026,Nebraska,extended_sep_apr,Extended Sep-Apr,2025-11,0.14792565871092764,0.1478801924624232,0.18499999999999997,113.84615384615385
nhsn,2025-2026,Nebraska,extended_sep_apr,Extended Sep-Apr,2025-12,0.14716505685870987,0.14576643935791736,0.185,114.7948717948718
nhsn,2025-2026,Nebraska,extended_sep_apr,Extended Sep-Apr,2026-01,0.14707230961195666,0.14234363171794048,0.185,104.19230769230771
nhsn,2025-2026,Nebraska,extended_sep_apr,Extended Sep-Apr,2026-02,0.12608904230976126,0.11660931733658216,0.185,73.4871794871795
nhsn,2025-2026,Nebraska,extended_sep_apr,Extended Sep-Apr,2026-03,0.09412784887678693,0.09403724312654041,0.185,32.053113553113555
nhsn,2025-2026,Nebraska,extended_sep_apr,Extended Sep-Apr,2026-04,0.019028571428571426,0.05280255787898859,0.13351405600000002,5.998168498168498
nhsn,2025-2026,Nebraska,late_oct_apr,Late Oct-Apr,2025-01,0.0,0.0,0.0,2.6849816849816843
nhsn,2025-2026,Nebraska,late_oct_apr,Late Oct-Apr,2025-02,0.0,0.0,0.0,3.353479853479853
nhsn,2025-2026,Nebraska,late_oct_apr,Late Oct-Apr,2025-03,0.0,0.012914019139828991,0.03425483870967742,5.5256410256410255
nhsn,2025-2026,Nebraska,late_oct_apr,Late Oct-Apr,2025-04,0.07577688711288712,0.07710985883925019,0.18499999999999991,8.025641025641026
nhsn,2025-2026,Nebraska,late_oct_apr,Late Oct-Apr,2025-05,0.1039327963100729,0.1063645323093618,0.18499999999999997,18.556776556776555
nhsn,2025-2026,Nebraska,late_oct_apr,Late Oct-Apr,2025-06,0.1341876297259323,0.1338334011780373,0.18499999999999991,40.72527472527473
nhsn,2025-2026,Nebraska,late_oct_apr,Late Oct-Apr,2025-07,0.13969887184261523,0.140218777805941,0.18499999999999997,92.41941391941393
nhsn,2025-2026,Nebraska,late_oct_apr,Late Oct-Apr,2025-08,0.1453900497743636,0.14495697166984828,0.18499999999999997,116.0805860805861
nhsn,2025-2026,Nebraska,late_oct_apr,Late Oct-Apr,2025-09,0.14669668223670768,0.14663583876423186,0.18499999999999991,116.66117216117215
nhsn,2025-2026,Nebraska,late_oct_apr,Late Oct-Apr,2025-10,0.14718220317082445,0.14709416417181,0.185,119.51831501831502
nhsn,2025-2026,Nebraska,late_oct_apr,Late Oct-Apr,2025-11,0.14792565871092764,0.1478801924624232,0.18499999999999997,113.84615384615385
nhsn,2025-2026,Nebraska,late_oct_apr,Late Oct-Apr,2025-12,0.14716505685870987,0.14576643935791736,0.185,114.7948717948718
nhsn,2025-2026,Nebraska,late_oct_apr,Late Oct-Apr,2026-01,0.14707230961195666,0.14234363171794048,0.185,104.19230769230771
nhsn,2025-2026,Nebraska,late_oct_apr,Late Oct-Apr,2026-02,0.12608904230976126,0.11660931733658216,0.185,73.4871794871795
nhsn,2025-2026,Nebraska,late_oct_apr,Late Oct-Apr,2026-03,0.09412784887678693,0.09403724312654041,0.185,32.053113553113555
nhsn,2025-2026,Nebraska,late_oct_apr,Late Oct-Apr,2026-04,0.019028571428571426,0.05280255787898859,0.13351405600000002,5.998168498168498
nhsn,2025-2026,Nevada,baseline_oct_mar,Baseline Oct-Mar,2025-01,0.0,0.0,0.0,0.6978021978021978
nhsn,2025-2026,Nevada,baseline_oct_mar,Baseline Oct-Mar,2025-02,0.0,0.0,0.0,1.6849816849816848
nhsn,2025-2026,Nevada,baseline_oct_mar,Baseline Oct-Mar,2025-03,0.0,0.019921535837289343,0.03425483870967742,3.924908424908425
nhsn,2025-2026,Nevada,baseline_oct_mar,Baseline Oct-Mar,2025-04,0.12784625665095775,0.1250759557899291,0.18499999999999991,13.056776556776558
nhsn,2025-2026,Nevada,baseline_oct_mar,Baseline Oct-Mar,2025-05,0.13649180166445127,0.13699032628509503,0.18499999999999997,36.92490842490843
nhsn,2025-2026,Nevada,baseline_oct_mar,Baseline Oct-Mar,2025-06,0.14535575362390316,0.14520041250198865,0.18499999999999991,90.91575091575092
nhsn,2025-2026,Nevada,baseline_oct_mar,Baseline Oct-Mar,2025-07,0.14576761599302954,0.1457858493007573,0.18499999999999997,159.1703296703297
nhsn,2025-2026,Nevada,baseline_oct_mar,Baseline Oct-Mar,2025-08,0.14661393545331075,0.14656615713488666,0.18499999999999997,178.59890109890108
nhsn,2025-2026,Nevada,baseline_oct_mar,Baseline Oct-Mar,2025-09,0.14707808301595054,0.14711408408065618,0.18499999999999991,175.507326007326
nhsn,2025-2026,Nevada,baseline_oct_mar,Baseline Oct-Mar,2025-10,0.14771150195153684,0.1477094039739822,0.185,180.1813186813187
nhsn,2025-2026,Nevada,baseline_oct_mar,Baseline Oct-Mar,2025-11,0.1486102438050838,0.14734400251767557,0.18499999999999997,172.32417582417582
nhsn,2025-2026,Nevada,baseline_oct_mar,Baseline Oct-Mar,2025-12,0.14611792229236398,0.14420717881535378,0.185,168.2197802197802
nhsn,2025-2026,Nevada,baseline_oct_mar,Baseline Oct-Mar,2026-01,0.14304764267161413,0.13295070917442428,0.185,144.03663003663002
nhsn,2025-2026,Nevada,baseline_oct_mar,Baseline Oct-Mar,2026-02,0.10781271904899226,0.10349194964644517,0.185,79.52564102564102
nhsn,2025-2026,Nevada,baseline_oct_mar,Baseline Oct-Mar,2026-03,0.07285406127770534,0.07079804395667809,0.12500891612903228,24.254578754578755
nhsn,2025-2026,Nevada,baseline_oct_mar,Baseline Oct-Mar,2026-04,0.0,0.0,0.0,3.4505494505494503
nhsn,2025-2026,Nevada,early_sep_mar,Early Sep-Mar,2025-01,0.0,0.0,0.0,0.6978021978021978
nhsn,2025-2026,Nevada,early_sep_mar,Early Sep-Mar,2025-02,0.0,0.022476917601870997,0.035216071428571416,1.6849816849816848
nhsn,2025-2026,Nevada,early_sep_mar,Early Sep-Mar,2025-03,0.12122081445221444,0.11903591146521034,0.1814790322580645,3.924908424908425
nhsn,2025-2026,Nevada,early_sep_mar,Early Sep-Mar,2025-04,0.12915449576230223,0.12811045598614865,0.18499999999999991,13.056776556776558
nhsn,2025-2026,Nevada,early_sep_mar,Early Sep-Mar,2025-05,0.1454212077156635,0.14515543017538127,0.18499999999999997,36.92490842490843
nhsn,2025-2026,Nevada,early_sep_mar,Early Sep-Mar,2025-06,0.14555727282056463,0.14550286692094275,0.18499999999999991,90.91575091575092
nhsn,2025-2026,Nevada,early_sep_mar,Early Sep-Mar,2025-07,0.14682492472401662,0.14679905820303318,0.18499999999999997,159.1703296703297
nhsn,2025-2026,Nevada,early_sep_mar,Early Sep-Mar,2025-08,0.14523255991071446,0.14458068656609976,0.18499999999999997,178.59890109890108
nhsn,2025-2026,Nevada,early_sep_mar,Early Sep-Mar,2025-09,0.14646101120809016,0.14543642368613197,0.18499999999999997,175.507326007326
nhsn,2025-2026,Nevada,early_sep_mar,Early Sep-Mar,2025-10,0.14771150195153684,0.1477094039739822,0.185,180.1813186813187
nhsn,2025-2026,Nevada,early_sep_mar,Early Sep-Mar,2025-11,0.1486102438050838,0.14734400251767557,0.18499999999999997,172.32417582417582
nhsn,2025-2026,Nevada,early_sep_mar,Early Sep-Mar,2025-12,0.14611792229236398,0.14420717881535378,0.185,168.2197802197802
nhsn,2025-2026,Nevada,early_sep_mar,Early Sep-Mar,2026-01,0.14304764267161413,0.13295070917442428,0.185,144.03663003663002
nhsn,2025-2026,Nevada,early_sep_mar,Early Sep-Mar,2026-02,0.10781271904899226,0.10349194964644517,0.185,79.52564102564102
nhsn,2025-2026,Nevada,early_sep_mar,Early Sep-Mar,2026-03,0.07285406127770534,0.07079804395667809,0.12500891612903228,24.254578754578755
nhsn,2025-2026,Nevada,early_sep_mar,Early Sep-Mar,2026-04,0.0,0.0,0.0,3.4505494505494503
nhsn,2025-2026,Nevada,extended_sep_apr,Extended Sep-Apr,2025-01,0.0,0.0,0.0,0.6978021978021978
nhsn,2025-2026,Nevada,extended_sep_apr,Extended Sep-Apr,2025-02,0.0,0.022476917601870997,0.035216071428571416,1.6849816849816848
nhsn,2025-2026,Nevada,extended_sep_apr,Extended Sep-Apr,2025-03,0.12122081445221444,0.11903591146521034,0.1814790322580645,3.924908424908425
nhsn,2025-2026,Nevada,extended_sep_apr,Extended Sep-Apr,2025-04,0.12915449576230223,0.12811045598614865,0.18499999999999991,13.056776556776558
nhsn,2025-2026,Nevada,extended_sep_apr,Extended Sep-Apr,2025-05,0.1454212077156635,0.14515543017538127,0.18499999999999997,36.92490842490843
nhsn,2025-2026,Nevada,extended_sep_apr,Extended Sep-Apr,2025-06,0.14555727282056463,0.14550286692094275,0.18499999999999991,90.91575091575092
nhsn,2025-2026,Nevada,extended_sep_apr,Extended Sep-Apr,2025-07,0.14682492472401662,0.14679905820303318,0.18499999999999997,159.1703296703297
nhsn,2025-2026,Nevada,extended_sep_apr,Extended Sep-Apr,2025-08,0.14523255991071446,0.14458068656609976,0.18499999999999997,178.59890109890108
nhsn,2025-2026,Nevada,extended_sep_apr,Extended Sep-Apr,2025-09,0.14646101120809016,0.14543642368613197,0.18499999999999997,175.507326007326
nhsn,2025-2026,Nevada,extended_sep_apr,Extended Sep-Apr,2025-10,0.14771150195153684,0.1477094039739822,0.185,180.1813186813187
nhsn,2025-2026,Nevada,extended_sep_apr,Extended Sep-Apr,2025-11,0.1486102438050838,0.14734400251767557,0.18499999999999997,172.32417582417582
nhsn,2025-2026,Nevada,extended_sep_apr,Extended Sep-Apr,2025-12,0.14611792229236398,0.14420717881535378,0.185,168.2197802197802
nhsn,2025-2026,Nevada,extended_sep_apr,Extended Sep-Apr,2026-01,0.14304764267161413,0.13295070917442428,0.185,144.03663003663002
nhsn,2025-2026,Nevada,extended_sep_apr,Extended Sep-Apr,2026-02,0.10781271904899226,0.10349194964644517,0.185,79.52564102564102
nhsn,2025-2026,Nevada,extended_sep_apr,Extended Sep-Apr,2026-03,0.08301159464131376,0.08643650314454004,0.185,24.254578754578755
nhsn,2025-2026,Nevada,extended_sep_apr,Extended Sep-Apr,2026-04,0.02198857142857143,0.053842792667832616,0.13351405600000002,3.4505494505494507
nhsn,2025-2026,Nevada,late_oct_apr,Late Oct-Apr,2025-01,0.0,0.0,0.0,0.6978021978021978
nhsn,2025-2026,Nevada,late_oct_apr,Late Oct-Apr,2025-02,0.0,0.0,0.0,1.6849816849816848
nhsn,2025-2026,Nevada,late_oct_apr,Late Oct-Apr,2025-03,0.0,0.019921535837289343,0.03425483870967742,3.924908424908425
nhsn,2025-2026,Nevada,late_oct_apr,Late Oct-Apr,2025-04,0.12784625665095775,0.1250759557899291,0.18499999999999991,13.056776556776558
nhsn,2025-2026,Nevada,late_oct_apr,Late Oct-Apr,2025-05,0.13649180166445127,0.13699032628509503,0.18499999999999997,36.92490842490843
nhsn,2025-2026,Nevada,late_oct_apr,Late Oct-Apr,2025-06,0.14535575362390316,0.14520041250198865,0.18499999999999991,90.91575091575092
nhsn,2025-2026,Nevada,late_oct_apr,Late Oct-Apr,2025-07,0.14576761599302954,0.1457858493007573,0.18499999999999997,159.1703296703297
nhsn,2025-2026,Nevada,late_oct_apr,Late Oct-Apr,2025-08,0.14661393545331075,0.14656615713488666,0.18499999999999997,178.59890109890108
nhsn,2025-2026,Nevada,late_oct_apr,Late Oct-Apr,2025-09,0.14707808301595054,0.14711408408065618,0.18499999999999991,175.507326007326
nhsn,2025-2026,Nevada,late_oct_apr,Late Oct-Apr,2025-10,0.14771150195153684,0.1477094039739822,0.185,180.1813186813187
nhsn,2025-2026,Nevada,late_oct_apr,Late Oct-Apr,2025-11,0.1486102438050838,0.14734400251767557,0.18499999999999997,172.32417582417582
nhsn,2025-2026,Nevada,late_oct_apr,Late Oct-Apr,2025-12,0.14611792229236398,0.14420717881535378,0.185,168.2197802197802
nhsn,2025-2026,Nevada,late_oct_apr,Late Oct-Apr,2026-01,0.14304764267161413,0.13295070917442428,0.185,144.03663003663002
nhsn,2025-2026,Nevada,late_oct_apr,Late Oct-Apr,2026-02,0.10781271904899226,0.10349194964644517,0.185,79.52564102564102
nhsn,2025-2026,Nevada,late_oct_apr,Late Oct-Apr,2026-03,0.08301159464131376,0.08643650314454004,0.185,24.254578754578755
nhsn,2025-2026,Nevada,late_oct_apr,Late Oct-Apr,2026-04,0.02198857142857143,0.053842792667832616,0.13351405600000002,3.4505494505494507
nhsn,2025-2026,New Hampshire,baseline_oct_mar,Baseline Oct-Mar,2025-01,0.0,0.0,0.0,0.018315018315018316
nhsn,2025-2026,New Hampshire,baseline_oct_mar,Baseline Oct-Mar,2025-02,0.0,0.0,0.0,0.37179487179487175
nhsn,2025-2026,New Hampshire,baseline_oct_mar,Baseline Oct-Mar,2025-03,0.0,0.022992015944692894,0.03425483870967742,1.4047619047619049
nhsn,2025-2026,New Hampshire,baseline_oct_mar,Baseline Oct-Mar,2025-04,0.1372087001871368,0.1373734556719763,0.18499999999999991,4.6208791208791204
nhsn,2025-2026,New Hampshire,baseline_oct_mar,Baseline Oct-Mar,2025-05,0.13300096954658247,0.13217880863146728,0.18499999999999997,10.826007326007328
nhsn,2025-2026,New Hampshire,baseline_oct_mar,Baseline Oct-Mar,2025-06,0.14614804150799696,0.14624756783248208,0.18499999999999991,24.117216117216124
nhsn,2025-2026,New Hampshire,baseline_oct_mar,Baseline Oct-Mar,2025-07,0.14444589482758619,0.14373112984883002,0.18499999999999997,37.26739926739928
nhsn,2025-2026,New Hampshire,baseline_oct_mar,Baseline Oct-Mar,2025-08,0.14677772752000473,0.14680335988016913,0.18499999999999997,40.476190476190474
nhsn,2025-2026,New Hampshire,baseline_oct_mar,Baseline Oct-Mar,2025-09,0.14663615724081747,0.14673767230640095,0.18499999999999991,39.6098901098901
nhsn,2025-2026,New Hampshire,baseline_oct_mar,Baseline Oct-Mar,2025-10,0.14803203680633092,0.14779057559084088,0.185,40.52930402930403
nhsn,2025-2026,New Hampshire,baseline_oct_mar,Baseline Oct-Mar,2025-11,0.14639735051930314,0.14548846665971776,0.18499999999999997,38.23260073260074
nhsn,2025-2026,New Hampshire,baseline_oct_mar,Baseline Oct-Mar,2025-12,0.1463651002331002,0.14358662126005628,0.185,36.078754578754584
nhsn,2025-2026,New Hampshire,baseline_oct_mar,Baseline Oct-Mar,2026-01,0.1381327923724424,0.128226508533537,0.185,29.81868131868132
nhsn,2025-2026,New Hampshire,baseline_oct_mar,Baseline Oct-Mar,2026-02,0.10232522825892057,0.09877312607159809,0.185,14.435897435897434
nhsn,2025-2026,New Hampshire,baseline_oct_mar,Baseline Oct-Mar,2026-03,0.05825005429864253,0.0672346408384177,0.12500891612903228,3.904761904761905
nhsn,2025-2026,New Hampshire,baseline_oct_mar,Baseline Oct-Mar,2026-04,0.0,0.0,0.0,0.4926739926739926
nhsn,2025-2026,New Hampshire,early_sep_mar,Early Sep-Mar,2025-01,0.0,0.0,0.0,0.018315018315018316
nhsn,2025-2026,New Hampshire,early_sep_mar,Early Sep-Mar,2025-02,0.0,0.030634221102555273,0.035216071428571416,0.37179487179487175
nhsn,2025-2026,New Hampshire,early_sep_mar,Early Sep-Mar,2025-03,0.1547013986013986,0.14409923935372904,0.1814790322580645,1.4047619047619049
nhsn,2025-2026,New Hampshire,early_sep_mar,Early Sep-Mar,2025-04,0.1393683298194343,0.13998221782932324,0.18499999999999991,4.6208791208791204
nhsn,2025-2026,New Hampshire,early_sep_mar,Early Sep-Mar,2025-05,0.1489481715073248,0.14780858162482197,0.18499999999999997,10.826007326007328
nhsn,2025-2026,New Hampshire,early_sep_mar,Early Sep-Mar,2025-06,0.14659987562253246,0.1465968509240867,0.18499999999999991,24.117216117216124
nhsn,2025-2026,New Hampshire,early_sep_mar,Early Sep-Mar,2025-07,0.1475608719175561,0.14752599820965823,0.18499999999999997,37.26739926739928
nhsn,2025-2026,New Hampshire,early_sep_mar,Early Sep-Mar,2025-08,0.1464585051057729,0.1460892397655857,0.18499999999999997,40.476190476190474
nhsn,2025-2026,New Hampshire,early_sep_mar,Early Sep-Mar,2025-09,0.14658161522943078,0.1460906693999369,0.18499999999999997,39.6098901098901
nhsn,2025-2026,New Hampshire,early_sep_mar,Early Sep-Mar,2025-10,0.14803203680633092,0.14779057559084088,0.185,40.52930402930403
nhsn,2025-2026,New Hampshire,early_sep_mar,Early Sep-Mar,2025-11,0.14639735051930314,0.14548846665971776,0.18499999999999997,38.23260073260074
nhsn,2025-2026,New Hampshire,early_sep_mar,Early Sep-Mar,2025-12,0.1463651002331002,0.14358662126005628,0.185,36.078754578754584
nhsn,2025-2026,New Hampshire,early_sep_mar,Early Sep-Mar,2026-01,0.1381327923724424,0.128226508533537,0.185,29.81868131868132
nhsn,2025-2026,New Hampshire,early_sep_mar,Early Sep-Mar,2026-02,0.10232522825892057,0.09877312607159809,0.185,14.435897435897434
nhsn,2025-2026,New Hampshire,early_sep_mar,Early Sep-Mar,2026-03,0.05825005429864253,0.0672346408384177,0.12500891612903228,3.904761904761905
nhsn,2025-2026,New Hampshire,early_sep_mar,Early Sep-Mar,2026-04,0.0,0.0,0.0,0.4926739926739926
nhsn,2025-2026,New Hampshire,extended_sep_apr,Extended Sep-Apr,2025-01,0.0,0.0,0.0,0.018315018315018316
nhsn,2025-2026,New Hampshire,extended_sep_apr,Extended Sep-Apr,2025-02,0.0,0.030634221102555273,0.035216071428571416,0.37179487179487175
nhsn,2025-2026,New Hampshire,extended_sep_apr,Extended Sep-Apr,2025-03,0.1547013986013986,0.14409923935372904,0.1814790322580645,1.4047619047619049
nhsn,2025-2026,New Hampshire,extended_sep_apr,Extended Sep-Apr,2025-04,0.1393683298194343,0.13998221782932324,0.18499999999999991,4.6208791208791204
nhsn,2025-2026,New Hampshire,extended_sep_apr,Extended Sep-Apr,2025-05,0.1489481715073248,0.14780858162482197,0.18499999999999997,10.826007326007328
nhsn,2025-2026,New Hampshire,extended_sep_apr,Extended Sep-Apr,2025-06,0.14659987562253246,0.1465968509240867,0.18499999999999991,24.117216117216124
nhsn,2025-2026,New Hampshire,extended_sep_apr,Extended Sep-Apr,2025-07,0.1475608719175561,0.14752599820965823,0.18499999999999997,37.26739926739928
nhsn,2025-2026,New Hampshire,extended_sep_apr,Extended Sep-Apr,2025-08,0.1464585051057729,0.1460892397655857,0.18499999999999997,40.476190476190474
nhsn,2025-2026,New Hampshire,extended_sep_apr,Extended Sep-Apr,2025-09,0.14658161522943078,0.1460906693999369,0.18499999999999997,39.6098901098901
nhsn,2025-2026,New Hampshire,extended_sep_apr,Extended Sep-Apr,2025-10,0.14803203680633092,0.14779057559084088,0.185,40.52930402930403
nhsn,2025-2026,New Hampshire,extended_sep_apr,Extended Sep-Apr,2025-11,0.14639735051930314,0.14548846665971776,0.18499999999999997,38.23260073260074
nhsn,2025-2026,New Hampshire,extended_sep_apr,Extended Sep-Apr,2025-12,0.1463651002331002,0.14358662126005628,0.185,36.078754578754584
nhsn,2025-2026,New Hampshire,extended_sep_apr,Extended Sep-Apr,2026-01,0.1381327923724424,0.128226508533537,0.185,29.81868131868132
nhsn,2025-2026,New Hampshire,extended_sep_apr,Extended Sep-Apr,2026-02,0.10232522825892057,0.09877312607159809,0.185,14.435897435897434
nhsn,2025-2026,New Hampshire,extended_sep_apr,Extended Sep-Apr,2026-03,0.08951412587412588,0.08372170352938911,0.185,3.904761904761905
nhsn,2025-2026,New Hampshire,extended_sep_apr,Extended Sep-Apr,2026-04,0.020614285714285717,0.05513907126325531,0.13351405600000002,0.4926739926739926
nhsn,2025-2026,New Hampshire,late_oct_apr,Late Oct-Apr,2025-01,0.0,0.0,0.0,0.018315018315018316
nhsn,2025-2026,New Hampshire,late_oct_apr,Late Oct-Apr,2025-02,0.0,0.0,0.0,0.37179487179487175
nhsn,2025-2026,New Hampshire,late_oct_apr,Late Oct-Apr,2025-03,0.0,0.022992015944692894,0.03425483870967742,1.4047619047619049
nhsn,2025-2026,New Hampshire,late_oct_apr,Late Oct-Apr,2025-04,0.1372087001871368,0.1373734556719763,0.18499999999999991,4.6208791208791204
nhsn,2025-2026,New Hampshire,late_oct_apr,Late Oct-Apr,2025-05,0.13300096954658247,0.13217880863146728,0.18499999999999997,10.826007326007328
nhsn,2025-2026,New Hampshire,late_oct_apr,Late Oct-Apr,2025-06,0.14614804150799696,0.14624756783248208,0.18499999999999991,24.117216117216124
nhsn,2025-2026,New Hampshire,late_oct_apr,Late Oct-Apr,2025-07,0.14444589482758619,0.14373112984883002,0.18499999999999997,37.26739926739928
nhsn,2025-2026,New Hampshire,late_oct_apr,Late Oct-Apr,2025-08,0.14677772752000473,0.14680335988016913,0.18499999999999997,40.476190476190474
nhsn,2025-2026,New Hampshire,late_oct_apr,Late Oct-Apr,2025-09,0.14663615724081747,0.14673767230640095,0.18499999999999991,39.6098901098901
nhsn,2025-2026,New Hampshire,late_oct_apr,Late Oct-Apr,2025-10,0.14803203680633092,0.14779057559084088,0.185,40.52930402930403
nhsn,2025-2026,New Hampshire,late_oct_apr,Late Oct-Apr,2025-11,0.14639735051930314,0.14548846665971776,0.18499999999999997,38.23260073260074
nhsn,2025-2026,New Hampshire,late_oct_apr,Late Oct-Apr,2025-12,0.1463651002331002,0.14358662126005628,0.185,36.078754578754584
nhsn,2025-2026,New Hampshire,late_oct_apr,Late Oct-Apr,2026-01,0.1381327923724424,0.128226508533537,0.185,29.81868131868132
nhsn,2025-2026,New Hampshire,late_oct_apr,Late Oct-Apr,2026-02,0.10232522825892057,0.09877312607159809,0.185,14.435897435897434
nhsn,2025-2026,New Hampshire,late_oct_apr,Late Oct-Apr,2026-03,0.08951412587412588,0.08372170352938911,0.185,3.904761904761905
nhsn,2025-2026,New Hampshire,late_oct_apr,Late Oct-Apr,2026-04,0.020614285714285717,0.05513907126325531,0.13351405600000002,0.4926739926739926
nhsn,2025-2026,New Jersey,baseline_oct_mar,Baseline Oct-Mar,2025-01,0.0,0.0,0.0,12.291208791208796
nhsn,2025-2026,New Jersey,baseline_oct_mar,Baseline Oct-Mar,2025-02,0.0,0.0,0.0,25.305860805860803
nhsn,2025-2026,New Jersey,baseline_oct_mar,Baseline Oct-Mar,2025-03,0.0,0.020695251232608725,0.03425483870967742,67.25274725274727
nhsn,2025-2026,New Jersey,baseline_oct_mar,Baseline Oct-Mar,2025-04,0.12406477060364923,0.12407210517360522,0.18499999999999991,170.1263736263736
nhsn,2025-2026,New Jersey,baseline_oct_mar,Baseline Oct-Mar,2025-05,0.12343113249084305,0.12370577946182304,0.18499999999999997,341.448717948718
nhsn,2025-2026,New Jersey,baseline_oct_mar,Baseline Oct-Mar,2025-06,0.14052637183814223,0.1397809838602608,0.18499999999999991,465.8095238095238
nhsn,2025-2026,New Jersey,baseline_oct_mar,Baseline Oct-Mar,2025-07,0.1345384038337549,0.13470385268714566,0.18499999999999997,587.3150183150183
nhsn,2025-2026,New Jersey,baseline_oct_mar,Baseline Oct-Mar,2025-08,0.1441908329870885,0.1437040060533524,0.18499999999999997,618.6593406593405
nhsn,2025-2026,New Jersey,baseline_oct_mar,Baseline Oct-Mar,2025-09,0.14552552112445558,0.14576695451145436,0.18499999999999991,600.2509157509157
nhsn,2025-2026,New Jersey,baseline_oct_mar,Baseline Oct-Mar,2025-10,0.1476871047708917,0.14675229600512918,0.185,604.0769230769231
nhsn,2025-2026,New Jersey,baseline_oct_mar,Baseline Oct-Mar,2025-11,0.14464282744148485,0.14175936460371205,0.18499999999999997,545.5824175824175
nhsn,2025-2026,New Jersey,baseline_oct_mar,Baseline Oct-Mar,2025-12,0.13364621310090877,0.13053615482384395,0.185,453.2857142857142
nhsn,2025-2026,New Jersey,baseline_oct_mar,Baseline Oct-Mar,2026-01,0.1295459277574545,0.12382321995578006,0.185,285.3809523809524
nhsn,2025-2026,New Jersey,baseline_oct_mar,Baseline Oct-Mar,2026-02,0.1051901912067261,0.10366377382682693,0.185,136.35897435897436
nhsn,2025-2026,New Jersey,baseline_oct_mar,Baseline Oct-Mar,2026-03,0.08645713413661027,0.07639830045165978,0.12500891612903228,44.37545787545787
nhsn,2025-2026,New Jersey,baseline_oct_mar,Baseline Oct-Mar,2026-04,0.0,0.0,0.0,7.983516483516483
nhsn,2025-2026,New Jersey,early_sep_mar,Early Sep-Mar,2025-01,0.0,0.0,0.0,12.291208791208796
nhsn,2025-2026,New Jersey,early_sep_mar,Early Sep-Mar,2025-02,0.0,0.0209337306256549,0.035216071428571416,25.305860805860803
nhsn,2025-2026,New Jersey,early_sep_mar,Early Sep-Mar,2025-03,0.12370911161019432,0.11719513130891979,0.1814790322580645,67.25274725274727
nhsn,2025-2026,New Jersey,early_sep_mar,Early Sep-Mar,2025-04,0.1284769234828432,0.12833963535866594,0.18499999999999991,170.1263736263736
nhsn,2025-2026,New Jersey,early_sep_mar,Early Sep-Mar,2025-05,0.143174301329962,0.14254031899329803,0.18499999999999997,341.448717948718
nhsn,2025-2026,New Jersey,early_sep_mar,Early Sep-Mar,2025-06,0.14138756061276908,0.14146027112331624,0.18499999999999991,465.8095238095238
nhsn,2025-2026,New Jersey,early_sep_mar,Early Sep-Mar,2025-07,0.14576045938741938,0.1455423269312387,0.18499999999999997,587.3150183150183
nhsn,2025-2026,New Jersey,early_sep_mar,Early Sep-Mar,2025-08,0.14570373383939342,0.14530478718173553,0.18499999999999997,618.6593406593405
nhsn,2025-2026,New Jersey,early_sep_mar,Early Sep-Mar,2025-09,0.14593973628051704,0.1458643234277139,0.18499999999999997,600.2509157509157
nhsn,2025-2026,New Jersey,early_sep_mar,Early Sep-Mar,2025-10,0.1476871047708917,0.14675229600512918,0.185,604.0769230769231
nhsn,2025-2026,New Jersey,early_sep_mar,Early Sep-Mar,2025-11,0.14464282744148485,0.14175936460371205,0.18499999999999997,545.5824175824175
nhsn,2025-2026,New Jersey,early_sep_mar,Early Sep-Mar,2025-12,0.13364621310090877,0.13053615482384395,0.185,453.2857142857142
nhsn,2025-2026,New Jersey,early_sep_mar,Early Sep-Mar,2026-01,0.1295459277574545,0.12382321995578006,0.185,285.3809523809524
nhsn,2025-2026,New Jersey,early_sep_mar,Early Sep-Mar,2026-02,0.1051901912067261,0.10366377382682693,0.185,136.35897435897436
nhsn,2025-2026,New Jersey,early_sep_mar,Early Sep-Mar,2026-03,0.08645713413661027,0.07639830045165978,0.12500891612903228,44.37545787545787
nhsn,2025-2026,New Jersey,early_sep_mar,Early Sep-Mar,2026-04,0.0,0.0,0.0,7.983516483516483
nhsn,2025-2026,New Jersey,extended_sep_apr,Extended Sep-Apr,2025-01,0.0,0.0,0.0,12.291208791208796
nhsn,2025-2026,New Jersey,extended_sep_apr,Extended Sep-Apr,2025-02,0.0,0.0209337306256549,0.035216071428571416,25.305860805860803
nhsn,2025-2026,New Jersey,extended_sep_apr,Extended Sep-Apr,2025-03,0.12370911161019432,0.11719513130891979,0.1814790322580645,67.25274725274727
nhsn,2025-2026,New Jersey,extended_sep_apr,Extended Sep-Apr,2025-04,0.1284769234828432,0.12833963535866594,0.18499999999999991,170.1263736263736
nhsn,2025-2026,New Jersey,extended_sep_apr,Extended Sep-Apr,2025-05,0.143174301329962,0.14254031899329803,0.18499999999999997,341.448717948718
nhsn,2025-2026,New Jersey,extended_sep_apr,Extended Sep-Apr,2025-06,0.14138756061276908,0.14146027112331624,0.18499999999999991,465.8095238095238
nhsn,2025-2026,New Jersey,extended_sep_apr,Extended Sep-Apr,2025-07,0.14576045938741938,0.1455423269312387,0.18499999999999997,587.3150183150183
nhsn,2025-2026,New Jersey,extended_sep_apr,Extended Sep-Apr,2025-08,0.14570373383939342,0.14530478718173553,0.18499999999999997,618.6593406593405
nhsn,2025-2026,New Jersey,extended_sep_apr,Extended Sep-Apr,2025-09,0.14593973628051704,0.1458643234277139,0.18499999999999997,600.2509157509157
nhsn,2025-2026,New Jersey,extended_sep_apr,Extended Sep-Apr,2025-10,0.1476871047708917,0.14675229600512918,0.185,604.0769230769231
nhsn,2025-2026,New Jersey,extended_sep_apr,Extended Sep-Apr,2025-11,0.14464282744148485,0.14175936460371205,0.18499999999999997,545.5824175824175
nhsn,2025-2026,New Jersey,extended_sep_apr,Extended Sep-Apr,2025-12,0.13364621310090877,0.13053615482384395,0.185,453.2857142857142
nhsn,2025-2026,New Jersey,extended_sep_apr,Extended Sep-Apr,2026-01,0.1295459277574545,0.12382321995578006,0.185,285.3809523809524
nhsn,2025-2026,New Jersey,extended_sep_apr,Extended Sep-Apr,2026-02,0.1051901912067261,0.10366377382682693,0.185,136.35897435897436
nhsn,2025-2026,New Jersey,extended_sep_apr,Extended Sep-Apr,2026-03,0.09406629103380697,0.09331683417217884,0.185,44.37545787545787
nhsn,2025-2026,New Jersey,extended_sep_apr,Extended Sep-Apr,2026-04,0.018719999999999997,0.05173764481226322,0.13351405600000002,7.983516483516483
nhsn,2025-2026,New Jersey,late_oct_apr,Late Oct-Apr,2025-01,0.0,0.0,0.0,12.291208791208796
nhsn,2025-2026,New Jersey,late_oct_apr,Late Oct-Apr,2025-02,0.0,0.0,0.0,25.305860805860803
nhsn,2025-2026,New Jersey,late_oct_apr,Late Oct-Apr,2025-03,0.0,0.020695251232608725,0.03425483870967742,67.25274725274727
nhsn,2025-2026,New Jersey,late_oct_apr,Late Oct-Apr,2025-04,0.12406477060364923,0.12407210517360522,0.18499999999999991,170.1263736263736
nhsn,2025-2026,New Jersey,late_oct_apr,Late Oct-Apr,2025-05,0.12343113249084305,0.12370577946182304,0.18499999999999997,341.448717948718
nhsn,2025-2026,New Jersey,late_oct_apr,Late Oct-Apr,2025-06,0.14052637183814223,0.1397809838602608,0.18499999999999991,465.8095238095238
nhsn,2025-2026,New Jersey,late_oct_apr,Late Oct-Apr,2025-07,0.1345384038337549,0.13470385268714566,0.18499999999999997,587.3150183150183
nhsn,2025-2026,New Jersey,late_oct_apr,Late Oct-Apr,2025-08,0.1441908329870885,0.1437040060533524,0.18499999999999997,618.6593406593405
nhsn,2025-2026,New Jersey,late_oct_apr,Late Oct-Apr,2025-09,0.14552552112445558,0.14576695451145436,0.18499999999999991,600.2509157509157
nhsn,2025-2026,New Jersey,late_oct_apr,Late Oct-Apr,2025-10,0.1476871047708917,0.14675229600512918,0.185,604.0769230769231
nhsn,2025-2026,New Jersey,late_oct_apr,Late Oct-Apr,2025-11,0.14464282744148485,0.14175936460371205,0.18499999999999997,545.5824175824175
nhsn,2025-2026,New Jersey,late_oct_apr,Late Oct-Apr,2025-12,0.13364621310090877,0.13053615482384395,0.185,453.2857142857142
nhsn,2025-2026,New Jersey,late_oct_apr,Late Oct-Apr,2026-01,0.1295459277574545,0.12382321995578006,0.185,285.3809523809524
nhsn,2025-2026,New Jersey,late_oct_apr,Late Oct-Apr,2026-02,0.1051901912067261,0.10366377382682693,0.185,136.35897435897436
nhsn,2025-2026,New Jersey,late_oct_apr,Late Oct-Apr,2026-03,0.09406629103380697,0.09331683417217884,0.185,44.37545787545787
nhsn,2025-2026,New Jersey,late_oct_apr,Late Oct-Apr,2026-04,0.018719999999999997,0.05173764481226322,0.13351405600000002,7.983516483516483
nhsn,2025-2026,New Mexico,baseline_oct_mar,Baseline Oct-Mar,2025-01,0.0,0.0,0.0,0.3974358974358973
nhsn,2025-2026,New Mexico,baseline_oct_mar,Baseline Oct-Mar,2025-02,0.0,0.0,0.0,0.5512820512820512
nhsn,2025-2026,New Mexico,baseline_oct_mar,Baseline Oct-Mar,2025-03,0.0,0.012742127809287488,0.03425483870967742,0.7948717948717946
nhsn,2025-2026,New Mexico,baseline_oct_mar,Baseline Oct-Mar,2025-04,0.12342096247654782,0.11980008585372313,0.18499999999999991,4.6721611721611715
nhsn,2025-2026,New Mexico,baseline_oct_mar,Baseline Oct-Mar,2025-05,0.14690574166136897,0.14665994888156267,0.18499999999999997,24.813186813186814
nhsn,2025-2026,New Mexico,baseline_oct_mar,Baseline Oct-Mar,2025-06,0.14727284663864154,0.14726491743994005,0.18499999999999991,96.0018315018315
nhsn,2025-2026,New Mexico,baseline_oct_mar,Baseline Oct-Mar,2025-07,0.14830733128428752,0.14822505712732825,0.18499999999999997,196.72893772893775
nhsn,2025-2026,New Mexico,baseline_oct_mar,Baseline Oct-Mar,2025-08,0.1475095442822221,0.14753439351670278,0.18499999999999997,238.06593406593407
nhsn,2025-2026,New Mexico,baseline_oct_mar,Baseline Oct-Mar,2025-09,0.14744622828711,0.14744449578386792,0.18499999999999991,237.30769230769226
nhsn,2025-2026,New Mexico,baseline_oct_mar,Baseline Oct-Mar,2025-10,0.14776019515711558,0.14784303207784702,0.185,245.0128205128205
nhsn,2025-2026,New Mexico,baseline_oct_mar,Baseline Oct-Mar,2025-11,0.14861674765332072,0.1484049672948581,0.18499999999999997,236.92307692307693
nhsn,2025-2026,New Mexico,baseline_oct_mar,Baseline Oct-Mar,2025-12,0.1486636308571911,0.14747709626288374,0.185,240.60439560439562
nhsn,2025-2026,New Mexico,baseline_oct_mar,Baseline Oct-Mar,2026-01,0.1436130147044984,0.1359784106023232,0.185,219.49816849816852
nhsn,2025-2026,New Mexico,baseline_oct_mar,Baseline Oct-Mar,2026-02,0.11331628377123522,0.10998642620408526,0.185,132.4102564102564
nhsn,2025-2026,New Mexico,baseline_oct_mar,Baseline Oct-Mar,2026-03,0.09088789102564102,0.07625603262999904,0.12500891612903228,51.05860805860806
nhsn,2025-2026,New Mexico,baseline_oct_mar,Baseline Oct-Mar,2026-04,0.0,0.0,0.0,7.7875457875457865
nhsn,2025-2026,New Mexico,early_sep_mar,Early Sep-Mar,2025-01,0.0,0.0,0.0,0.3974358974358973
nhsn,2025-2026,New Mexico,early_sep_mar,Early Sep-Mar,2025-02,0.0,0.014536306165990602,0.035216071428571416,0.5512820512820512
nhsn,2025-2026,New Mexico,early_sep_mar,Early Sep-Mar,2025-03,0.08015480769230769,0.07637149123038255,0.1814790322580645,0.7948717948717946
nhsn,2025-2026,New Mexico,early_sep_mar,Early Sep-Mar,2025-04,0.12342096247654782,0.12025570384747797,0.18499999999999991,4.6721611721611715
nhsn,2025-2026,New Mexico,early_sep_mar,Early Sep-Mar,2025-05,0.14571799024749763,0.1452794575495029,0.18499999999999997,24.813186813186814
nhsn,2025-2026,New Mexico,early_sep_mar,Early Sep-Mar,2025-06,0.14715612722794966,0.1470857626592096,0.18499999999999991,96.0018315018315
nhsn,2025-2026,New Mexico,early_sep_mar,Early Sep-Mar,2025-07,0.14704650538046427,0.14707579282099292,0.18499999999999997,196.72893772893775
nhsn,2025-2026,New Mexico,early_sep_mar,Early Sep-Mar,2025-08,0.14367669364600918,0.14243354760445093,0.18499999999999997,238.06593406593407
nhsn,2025-2026,New Mexico,early_sep_mar,Early Sep-Mar,2025-09,0.14601833107249315,0.1442213565510618,0.18499999999999997,237.30769230769232
nhsn,2025-2026,New Mexico,early_sep_mar,Early Sep-Mar,2025-10,0.14776019515711558,0.14784303207784702,0.185,245.0128205128205
nhsn,2025-2026,New Mexico,early_sep_mar,Early Sep-Mar,2025-11,0.14861674765332072,0.1484049672948581,0.18499999999999997,236.92307692307693
nhsn,2025-2026,New Mexico,early_sep_mar,Early Sep-Mar,2025-12,0.1486636308571911,0.14747709626288374,0.185,240.60439560439562
nhsn,2025-2026,New Mexico,early_sep_mar,Early Sep-Mar,2026-01,0.1436130147044984,0.1359784106023232,0.185,219.49816849816852
nhsn,2025-2026,New Mexico,early_sep_mar,Early Sep-Mar,2026-02,0.11331628377123522,0.10998642620408526,0.185,132.4102564102564
nhsn,2025-2026,New Mexico,early_sep_mar,Early Sep-Mar,2026-03,0.09088789102564102,0.07625603262999904,0.12500891612903228,51.05860805860806
nhsn,2025-2026,New Mexico,early_sep_mar,Early Sep-Mar,2026-04,0.0,0.0,0.0,7.7875457875457865
nhsn,2025-2026,New Mexico,extended_sep_apr,Extended Sep-Apr,2025-01,0.0,0.0,0.0,0.3974358974358973
nhsn,2025-2026,New Mexico,extended_sep_apr,Extended Sep-Apr,2025-02,0.0,0.014536306165990602,0.035216071428571416,0.5512820512820512
nhsn,2025-2026,New Mexico,extended_sep_apr,Extended Sep-Apr,2025-03,0.08015480769230769,0.07637149123038255,0.1814790322580645,0.7948717948717946
nhsn,2025-2026,New Mexico,extended_sep_apr,Extended Sep-Apr,2025-04,0.12342096247654782,0.12025570384747797,0.18499999999999991,4.6721611721611715
nhsn,2025-2026,New Mexico,extended_sep_apr,Extended Sep-Apr,2025-05,0.14571799024749763,0.1452794575495029,0.18499999999999997,24.813186813186814
nhsn,2025-2026,New Mexico,extended_sep_apr,Extended Sep-Apr,2025-06,0.14715612722794966,0.1470857626592096,0.18499999999999991,96.0018315018315
nhsn,2025-2026,New Mexico,extended_sep_apr,Extended Sep-Apr,2025-07,0.14704650538046427,0.14707579282099292,0.18499999999999997,196.72893772893775
nhsn,2025-2026,New Mexico,extended_sep_apr,Extended Sep-Apr,2025-08,0.14367669364600918,0.14243354760445093,0.18499999999999997,238.06593406593407
nhsn,2025-2026,New Mexico,extended_sep_apr,Extended Sep-Apr,2025-09,0.14601833107249315,0.1442213565510618,0.18499999999999997,237.30769230769232
nhsn,2025-2026,New Mexico,extended_sep_apr,Extended Sep-Apr,2025-10,0.14776019515711558,0.14784303207784702,0.185,245.0128205128205
nhsn,2025-2026,New Mexico,extended_sep_apr,Extended Sep-Apr,2025-11,0.14861674765332072,0.1484049672948581,0.18499999999999997,236.92307692307693
nhsn,2025-2026,New Mexico,extended_sep_apr,Extended Sep-Apr,2025-12,0.1486636308571911,0.14747709626288374,0.185,240.60439560439562
nhsn,2025-2026,New Mexico,extended_sep_apr,Extended Sep-Apr,2026-01,0.1436130147044984,0.1359784106023232,0.185,219.49816849816852
nhsn,2025-2026,New Mexico,extended_sep_apr,Extended Sep-Apr,2026-02,0.11331628377123522,0.10998642620408526,0.185,132.4102564102564
nhsn,2025-2026,New Mexico,extended_sep_apr,Extended Sep-Apr,2026-03,0.09335191655801825,0.09007292864537467,0.185,51.05860805860806
nhsn,2025-2026,New Mexico,extended_sep_apr,Extended Sep-Apr,2026-04,0.014429999999999998,0.048800320915785594,0.13351405600000002,7.7875457875457865
nhsn,2025-2026,New Mexico,late_oct_apr,Late Oct-Apr,2025-01,0.0,0.0,0.0,0.3974358974358973
nhsn,2025-2026,New Mexico,late_oct_apr,Late Oct-Apr,2025-02,0.0,0.0,0.0,0.5512820512820512
nhsn,2025-2026,New Mexico,late_oct_apr,Late Oct-Apr,2025-03,0.0,0.012742127809287488,0.03425483870967742,0.7948717948717946
nhsn,2025-2026,New Mexico,late_oct_apr,Late Oct-Apr,2025-04,0.12342096247654782,0.11980008585372313,0.18499999999999991,4.6721611721611715
nhsn,2025-2026,New Mexico,late_oct_apr,Late Oct-Apr,2025-05,0.14690574166136897,0.14665994888156267,0.18499999999999997,24.813186813186814
nhsn,2025-2026,New Mexico,late_oct_apr,Late Oct-Apr,2025-06,0.14727284663864154,0.14726491743994005,0.18499999999999991,96.0018315018315
nhsn,2025-2026,New Mexico,late_oct_apr,Late Oct-Apr,2025-07,0.14830733128428752,0.14822505712732825,0.18499999999999997,196.72893772893775
nhsn,2025-2026,New Mexico,late_oct_apr,Late Oct-Apr,2025-08,0.1475095442822221,0.14753439351670278,0.18499999999999997,238.06593406593407
nhsn,2025-2026,New Mexico,late_oct_apr,Late Oct-Apr,2025-09,0.14744622828711,0.14744449578386792,0.18499999999999991,237.30769230769226
nhsn,2025-2026,New Mexico,late_oct_apr,Late Oct-Apr,2025-10,0.14776019515711558,0.14784303207784702,0.185,245.0128205128205
nhsn,2025-2026,New Mexico,late_oct_apr,Late Oct-Apr,2025-11,0.14861674765332072,0.1484049672948581,0.18499999999999997,236.92307692307693
nhsn,2025-2026,New Mexico,late_oct_apr,Late Oct-Apr,2025-12,0.1486636308571911,0.14747709626288374,0.185,240.60439560439562
nhsn,2025-2026,New Mexico,late_oct_apr,Late Oct-Apr,2026-01,0.1436130147044984,0.1359784106023232,0.185,219.49816849816852
nhsn,2025-2026,New Mexico,late_oct_apr,Late Oct-Apr,2026-02,0.11331628377123522,0.10998642620408526,0.185,132.4102564102564
nhsn,2025-2026,New Mexico,late_oct_apr,Late Oct-Apr,2026-03,0.09335191655801825,0.09007292864537467,0.185,51.05860805860806
nhsn,2025-2026,New Mexico,late_oct_apr,Late Oct-Apr,2026-04,0.014429999999999998,0.048800320915785594,0.13351405600000002,7.7875457875457865
nhsn,2025-2026,New York,baseline_oct_mar,Baseline Oct-Mar,2025-01,0.0,0.0,0.0,48.94688644688644
nhsn,2025-2026,New York,baseline_oct_mar,Baseline Oct-Mar,2025-02,0.0,0.0,0.0,76.33882783882784
nhsn,2025-2026,New York,baseline_oct_mar,Baseline Oct-Mar,2025-03,0.0,0.016699411938551848,0.03425483870967742,150.07142857142853
nhsn,2025-2026,New York,baseline_oct_mar,Baseline Oct-Mar,2025-04,0.11307627204580634,0.11306137831199432,0.18499999999999991,351.15567765567766
nhsn,2025-2026,New York,baseline_oct_mar,Baseline Oct-Mar,2025-05,0.11919637249649388,0.1185488968677279,0.18499999999999997,654.9487179487178
nhsn,2025-2026,New York,baseline_oct_mar,Baseline Oct-Mar,2025-06,0.13645294994229204,0.13570155152405386,0.18499999999999991,946.4212454212454
nhsn,2025-2026,New York,baseline_oct_mar,Baseline Oct-Mar,2025-07,0.13406043043554478,0.13370604766798855,0.18499999999999997,1252.338827838828
nhsn,2025-2026,New York,baseline_oct_mar,Baseline Oct-Mar,2025-08,0.14201922270330575,0.1419588969231532,0.18499999999999997,1360.5769230769233
nhsn,2025-2026,New York,baseline_oct_mar,Baseline Oct-Mar,2025-09,0.14497426379489767,0.14519984298984057,0.18499999999999991,1311.0201465201465
nhsn,2025-2026,New York,baseline_oct_mar,Baseline Oct-Mar,2025-10,0.1479563129741864,0.1471919764740325,0.185,1317.7454212454213
nhsn,2025-2026,New York,baseline_oct_mar,Baseline Oct-Mar,2025-11,0.14557418835531014,0.14225054964976197,0.18499999999999997,1209.8754578754579
nhsn,2025-2026,New York,baseline_oct_mar,Baseline Oct-Mar,2025-12,0.1384988912236939,0.13525634969656125,0.185,1033.952380952381
nhsn,2025-2026,New York,baseline_oct_mar,Baseline Oct-Mar,2026-01,0.1340881414129954,0.12793253906946603,0.185,737.3424908424907
nhsn,2025-2026,New York,baseline_oct_mar,Baseline Oct-Mar,2026-02,0.11668461060693801,0.10981665487566702,0.185,382.5512820512821
nhsn,2025-2026,New York,baseline_oct_mar,Baseline Oct-Mar,2026-03,0.09281715585426827,0.07614208452376024,0.12500891612903228,149.01648351648353
nhsn,2025-2026,New York,baseline_oct_mar,Baseline Oct-Mar,2026-04,0.0,0.0,0.0,21.00915750915751
nhsn,2025-2026,New York,early_sep_mar,Early Sep-Mar,2025-01,0.0,0.0,0.0,48.94688644688644
nhsn,2025-2026,New York,early_sep_mar,Early Sep-Mar,2025-02,0.0,0.017585671122625525,0.035216071428571416,76.33882783882784
nhsn,2025-2026,New York,early_sep_mar,Early Sep-Mar,2025-03,0.10060039549387975,0.09397149563606695,0.1814790322580645,150.07142857142853
nhsn,2025-2026,New York,early_sep_mar,Early Sep-Mar,2025-04,0.11557903740740312,0.11723796453490536,0.18499999999999991,351.15567765567766
nhsn,2025-2026,New York,early_sep_mar,Early Sep-Mar,2025-05,0.1364519770570463,0.13627573076948626,0.18499999999999997,654.9487179487178
nhsn,2025-2026,New York,early_sep_mar,Early Sep-Mar,2025-06,0.1365570365546115,0.1372956766805392,0.18499999999999991,946.4212454212454
nhsn,2025-2026,New York,early_sep_mar,Early Sep-Mar,2025-07,0.14308661946655685,0.14299751713957448,0.18499999999999997,1252.338827838828
nhsn,2025-2026,New York,early_sep_mar,Early Sep-Mar,2025-08,0.14394977732409575,0.14334119632788359,0.18499999999999997,1360.5769230769233
nhsn,2025-2026,New York,early_sep_mar,Early Sep-Mar,2025-09,0.14531926053863106,0.14517566446040925,0.18499999999999997,1311.0201465201465
nhsn,2025-2026,New York,early_sep_mar,Early Sep-Mar,2025-10,0.1479563129741864,0.1471919764740325,0.185,1317.7454212454213
nhsn,2025-2026,New York,early_sep_mar,Early Sep-Mar,2025-11,0.14557418835531014,0.14225054964976197,0.18499999999999997,1209.8754578754579
nhsn,2025-2026,New York,early_sep_mar,Early Sep-Mar,2025-12,0.1384988912236939,0.13525634969656125,0.185,1033.952380952381
nhsn,2025-2026,New York,early_sep_mar,Early Sep-Mar,2026-01,0.1340881414129954,0.12793253906946603,0.185,737.3424908424907
nhsn,2025-2026,New York,early_sep_mar,Early Sep-Mar,2026-02,0.11668461060693801,0.10981665487566702,0.185,382.5512820512821
nhsn,2025-2026,New York,early_sep_mar,Early Sep-Mar,2026-03,0.09281715585426827,0.07614208452376024,0.12500891612903228,149.01648351648353
nhsn,2025-2026,New York,early_sep_mar,Early Sep-Mar,2026-04,0.0,0.0,0.0,21.00915750915751
nhsn,2025-2026,New York,extended_sep_apr,Extended Sep-Apr,2025-01,0.0,0.0,0.0,48.94688644688644
nhsn,2025-2026,New York,extended_sep_apr,Extended Sep-Apr,2025-02,0.0,0.017585671122625525,0.035216071428571416,76.33882783882784
nhsn,2025-2026,New York,extended_sep_apr,Extended Sep-Apr,2025-03,0.10060039549387975,0.09397149563606695,0.1814790322580645,150.07142857142853
nhsn,2025-2026,New York,extended_sep_apr,Extended Sep-Apr,2025-04,0.11557903740740312,0.11723796453490536,0.18499999999999991,351.15567765567766
nhsn,2025-2026,New York,extended_sep_apr,Extended Sep-Apr,2025-05,0.1364519770570463,0.13627573076948626,0.18499999999999997,654.9487179487178
nhsn,2025-2026,New York,extended_sep_apr,Extended Sep-Apr,2025-06,0.1365570365546115,0.1372956766805392,0.18499999999999991,946.4212454212454
nhsn,2025-2026,New York,extended_sep_apr,Extended Sep-Apr,2025-07,0.14308661946655685,0.14299751713957448,0.18499999999999997,1252.338827838828
nhsn,2025-2026,New York,extended_sep_apr,Extended Sep-Apr,2025-08,0.14394977732409575,0.14334119632788359,0.18499999999999997,1360.5769230769233
nhsn,2025-2026,New York,extended_sep_apr,Extended Sep-Apr,2025-09,0.14531926053863106,0.14517566446040925,0.18499999999999997,1311.0201465201465
nhsn,2025-2026,New York,extended_sep_apr,Extended Sep-Apr,2025-10,0.1479563129741864,0.1471919764740325,0.185,1317.7454212454213
nhsn,2025-2026,New York,extended_sep_apr,Extended Sep-Apr,2025-11,0.14557418835531014,0.14225054964976197,0.18499999999999997,1209.8754578754579
nhsn,2025-2026,New York,extended_sep_apr,Extended Sep-Apr,2025-12,0.1384988912236939,0.13525634969656125,0.185,1033.952380952381
nhsn,2025-2026,New York,extended_sep_apr,Extended Sep-Apr,2026-01,0.1340881414129954,0.12793253906946603,0.185,737.3424908424907
nhsn,2025-2026,New York,extended_sep_apr,Extended Sep-Apr,2026-02,0.11668461060693801,0.10981665487566702,0.185,382.5512820512821
nhsn,2025-2026,New York,extended_sep_apr,Extended Sep-Apr,2026-03,0.09281715585426827,0.08886956630140783,0.185,149.01648351648353
nhsn,2025-2026,New York,extended_sep_apr,Extended Sep-Apr,2026-04,0.01443,0.04565302482857811,0.13351405600000002,21.00915750915751
nhsn,2025-2026,New York,late_oct_apr,Late Oct-Apr,2025-01,0.0,0.0,0.0,48.94688644688644
nhsn,2025-2026,New York,late_oct_apr,Late Oct-Apr,2025-02,0.0,0.0,0.0,76.33882783882784
nhsn,2025-2026,New York,late_oct_apr,Late Oct-Apr,2025-03,0.0,0.016699411938551848,0.03425483870967742,150.07142857142853
nhsn,2025-2026,New York,late_oct_apr,Late Oct-Apr,2025-04,0.11307627204580634,0.11306137831199432,0.18499999999999991,351.15567765567766
nhsn,2025-2026,New York,late_oct_apr,Late Oct-Apr,2025-05,0.11919637249649388,0.1185488968677279,0.18499999999999997,654.9487179487178
nhsn,2025-2026,New York,late_oct_apr,Late Oct-Apr,2025-06,0.13645294994229204,0.13570155152405386,0.18499999999999991,946.4212454212454
nhsn,2025-2026,New York,late_oct_apr,Late Oct-Apr,2025-07,0.13406043043554478,0.13370604766798855,0.18499999999999997,1252.338827838828
nhsn,2025-2026,New York,late_oct_apr,Late Oct-Apr,2025-08,0.14201922270330575,0.1419588969231532,0.18499999999999997,1360.5769230769233
nhsn,2025-2026,New York,late_oct_apr,Late Oct-Apr,2025-09,0.14497426379489767,0.14519984298984057,0.18499999999999991,1311.0201465201465
nhsn,2025-2026,New York,late_oct_apr,Late Oct-Apr,2025-10,0.1479563129741864,0.1471919764740325,0.185,1317.7454212454213
nhsn,2025-2026,New York,late_oct_apr,Late Oct-Apr,2025-11,0.14557418835531014,0.14225054964976197,0.18499999999999997,1209.8754578754579
nhsn,2025-2026,New York,late_oct_apr,Late Oct-Apr,2025-12,0.1384988912236939,0.13525634969656125,0.185,1033.952380952381
nhsn,2025-2026,New York,late_oct_apr,Late Oct-Apr,2026-01,0.1340881414129954,0.12793253906946603,0.185,737.3424908424907
nhsn,2025-2026,New York,late_oct_apr,Late Oct-Apr,2026-02,0.11668461060693801,0.10981665487566702,0.185,382.5512820512821
nhsn,2025-2026,New York,late_oct_apr,Late Oct-Apr,2026-03,0.09281715585426827,0.08886956630140783,0.185,149.01648351648353
nhsn,2025-2026,New York,late_oct_apr,Late Oct-Apr,2026-04,0.01443,0.04565302482857811,0.13351405600000002,21.00915750915751
nhsn,2025-2026,North Carolina,baseline_oct_mar,Baseline Oct-Mar,2025-01,0.0,0.0,0.0,9.065934065934066
nhsn,2025-2026,North Carolina,baseline_oct_mar,Baseline Oct-Mar,2025-02,0.0,0.0,0.0,12.912087912087912
nhsn,2025-2026,North Carolina,baseline_oct_mar,Baseline Oct-Mar,2025-03,0.0,0.020100580149642656,0.03425483870967742,33.681318681318686
nhsn,2025-2026,North Carolina,baseline_oct_mar,Baseline Oct-Mar,2025-04,0.12615646818606926,0.12784994747171746,0.18499999999999991,102.21978021978022
nhsn,2025-2026,North Carolina,baseline_oct_mar,Baseline Oct-Mar,2025-05,0.13332042038065353,0.1326161617828539,0.18499999999999997,249.9798534798535
nhsn,2025-2026,North Carolina,baseline_oct_mar,Baseline Oct-Mar,2025-06,0.14343347161402828,0.14297838559311468,0.18499999999999991,360.1593406593406
nhsn,2025-2026,North Carolina,baseline_oct_mar,Baseline Oct-Mar,2025-07,0.14144463809547733,0.14101299350689742,0.18499999999999997,481.72344322344327
nhsn,2025-2026,North Carolina,baseline_oct_mar,Baseline Oct-Mar,2025-08,0.14634396188131427,0.1463260110391272,0.18499999999999997,527.3333333333334
nhsn,2025-2026,North Carolina,baseline_oct_mar,Baseline Oct-Mar,2025-09,0.1473535523715658,0.14728734390929898,0.18499999999999991,516.0879120879122
nhsn,2025-2026,North Carolina,baseline_oct_mar,Baseline Oct-Mar,2025-10,0.14808553770557817,0.14762073773669776,0.185,527.919413919414
nhsn,2025-2026,North Carolina,baseline_oct_mar,Baseline Oct-Mar,2025-11,0.14698460464270907,0.14448167899726297,0.18499999999999997,491.6080586080586
nhsn,2025-2026,North Carolina,baseline_oct_mar,Baseline Oct-Mar,2025-12,0.13638420807652157,0.1328326692054897,0.185,434.1831501831502
nhsn,2025-2026,North Carolina,baseline_oct_mar,Baseline Oct-Mar,2026-01,0.13224604023313086,0.12719043004155448,0.185,287.6117216117216
nhsn,2025-2026,North Carolina,baseline_oct_mar,Baseline Oct-Mar,2026-02,0.12501477218147072,0.11305483795883292,0.185,153.4871794871795
nhsn,2025-2026,North Carolina,baseline_oct_mar,Baseline Oct-Mar,2026-03,0.07900629280397023,0.07292785290118196,0.12500891612903228,61.16117216117216
nhsn,2025-2026,North Carolina,baseline_oct_mar,Baseline Oct-Mar,2026-04,0.0,0.0,0.0,9.556776556776558
nhsn,2025-2026,North Carolina,early_sep_mar,Early Sep-Mar,2025-01,0.0,0.0,0.0,9.065934065934066
nhsn,2025-2026,North Carolina,early_sep_mar,Early Sep-Mar,2025-02,0.0,0.013983998543768554,0.035216071428571416,12.912087912087912
nhsn,2025-2026,North Carolina,early_sep_mar,Early Sep-Mar,2025-03,0.10438211392205994,0.10402989289024225,0.1814790322580645,33.681318681318686
nhsn,2025-2026,North Carolina,early_sep_mar,Early Sep-Mar,2025-04,0.13091169431703303,0.13033072491535241,0.18499999999999991,102.21978021978022
nhsn,2025-2026,North Carolina,early_sep_mar,Early Sep-Mar,2025-05,0.14266813540114326,0.14275469645356006,0.18499999999999997,249.9798534798535
nhsn,2025-2026,North Carolina,early_sep_mar,Early Sep-Mar,2025-06,0.14353330783497145,0.14368979719009964,0.18499999999999991,360.1593406593406
nhsn,2025-2026,North Carolina,early_sep_mar,Early Sep-Mar,2025-07,0.14573491766014401,0.14578977443036895,0.18499999999999997,481.72344322344327
nhsn,2025-2026,North Carolina,early_sep_mar,Early Sep-Mar,2025-08,0.14529946184805576,0.14477998233181946,0.18499999999999997,527.3333333333334
nhsn,2025-2026,North Carolina,early_sep_mar,Early Sep-Mar,2025-09,0.14670237341927275,0.14580240498660105,0.18499999999999997,516.0879120879121
nhsn,2025-2026,North Carolina,early_sep_mar,Early Sep-Mar,2025-10,0.14808553770557817,0.14762073773669776,0.185,527.919413919414
nhsn,2025-2026,North Carolina,early_sep_mar,Early Sep-Mar,2025-11,0.14698460464270907,0.14448167899726297,0.18499999999999997,491.6080586080586
nhsn,2025-2026,North Carolina,early_sep_mar,Early Sep-Mar,2025-12,0.13638420807652157,0.1328326692054897,0.185,434.1831501831502
nhsn,2025-2026,North Carolina,early_sep_mar,Early Sep-Mar,2026-01,0.13224604023313086,0.12719043004155448,0.185,287.6117216117216
nhsn,2025-2026,North Carolina,early_sep_mar,Early Sep-Mar,2026-02,0.12501477218147072,0.11305483795883292,0.185,153.4871794871795
nhsn,2025-2026,North Carolina,early_sep_mar,Early Sep-Mar,2026-03,0.07900629280397023,0.07292785290118196,0.12500891612903228,61.16117216117216
nhsn,2025-2026,North Carolina,early_sep_mar,Early Sep-Mar,2026-04,0.0,0.0,0.0,9.556776556776558
nhsn,2025-2026,North Carolina,extended_sep_apr,Extended Sep-Apr,2025-01,0.0,0.0,0.0,9.065934065934066
nhsn,2025-2026,North Carolina,extended_sep_apr,Extended Sep-Apr,2025-02,0.0,0.013983998543768554,0.035216071428571416,12.912087912087912
nhsn,2025-2026,North Carolina,extended_sep_apr,Extended Sep-Apr,2025-03,0.10438211392205994,0.10402989289024225,0.1814790322580645,33.681318681318686
nhsn,2025-2026,North Carolina,extended_sep_apr,Extended Sep-Apr,2025-04,0.13091169431703303,0.13033072491535241,0.18499999999999991,102.21978021978022
nhsn,2025-2026,North Carolina,extended_sep_apr,Extended Sep-Apr,2025-05,0.14266813540114326,0.14275469645356006,0.18499999999999997,249.9798534798535
nhsn,2025-2026,North Carolina,extended_sep_apr,Extended Sep-Apr,2025-06,0.14353330783497145,0.14368979719009964,0.18499999999999991,360.1593406593406
nhsn,2025-2026,North Carolina,extended_sep_apr,Extended Sep-Apr,2025-07,0.14573491766014401,0.14578977443036895,0.18499999999999997,481.72344322344327
nhsn,2025-2026,North Carolina,extended_sep_apr,Extended Sep-Apr,2025-08,0.14529946184805576,0.14477998233181946,0.18499999999999997,527.3333333333334
nhsn,2025-2026,North Carolina,extended_sep_apr,Extended Sep-Apr,2025-09,0.14670237341927275,0.14580240498660105,0.18499999999999997,516.0879120879121
nhsn,2025-2026,North Carolina,extended_sep_apr,Extended Sep-Apr,2025-10,0.14808553770557817,0.14762073773669776,0.185,527.919413919414
nhsn,2025-2026,North Carolina,extended_sep_apr,Extended Sep-Apr,2025-11,0.14698460464270907,0.14448167899726297,0.18499999999999997,491.6080586080586
nhsn,2025-2026,North Carolina,extended_sep_apr,Extended Sep-Apr,2025-12,0.13638420807652157,0.1328326692054897,0.185,434.1831501831502
nhsn,2025-2026,North Carolina,extended_sep_apr,Extended Sep-Apr,2026-01,0.13224604023313086,0.12719043004155448,0.185,287.6117216117216
nhsn,2025-2026,North Carolina,extended_sep_apr,Extended Sep-Apr,2026-02,0.12501477218147072,0.11305483795883292,0.185,153.4871794871795
nhsn,2025-2026,North Carolina,extended_sep_apr,Extended Sep-Apr,2026-03,0.09055992509363298,0.08868382727837015,0.185,61.16117216117216
nhsn,2025-2026,North Carolina,extended_sep_apr,Extended Sep-Apr,2026-04,0.024403676470588234,0.055372062433627,0.13351405600000002,9.556776556776557
nhsn,2025-2026,North Carolina,late_oct_apr,Late Oct-Apr,2025-01,0.0,0.0,0.0,9.065934065934066
nhsn,2025-2026,North Carolina,late_oct_apr,Late Oct-Apr,2025-02,0.0,0.0,0.0,12.912087912087912
nhsn,2025-2026,North Carolina,late_oct_apr,Late Oct-Apr,2025-03,0.0,0.020100580149642656,0.03425483870967742,33.681318681318686
nhsn,2025-2026,North Carolina,late_oct_apr,Late Oct-Apr,2025-04,0.12615646818606926,0.12784994747171746,0.18499999999999991,102.21978021978022
nhsn,2025-2026,North Carolina,late_oct_apr,Late Oct-Apr,2025-05,0.13332042038065353,0.1326161617828539,0.18499999999999997,249.9798534798535
nhsn,2025-2026,North Carolina,late_oct_apr,Late Oct-Apr,2025-06,0.14343347161402828,0.14297838559311468,0.18499999999999991,360.1593406593406
nhsn,2025-2026,North Carolina,late_oct_apr,Late Oct-Apr,2025-07,0.14144463809547733,0.14101299350689742,0.18499999999999997,481.72344322344327
nhsn,2025-2026,North Carolina,late_oct_apr,Late Oct-Apr,2025-08,0.14634396188131427,0.1463260110391272,0.18499999999999997,527.3333333333334
nhsn,2025-2026,North Carolina,late_oct_apr,Late Oct-Apr,2025-09,0.1473535523715658,0.14728734390929898,0.18499999999999991,516.0879120879122
nhsn,2025-2026,North Carolina,late_oct_apr,Late Oct-Apr,2025-10,0.14808553770557817,0.14762073773669776,0.185,527.919413919414
nhsn,2025-2026,North Carolina,late_oct_apr,Late Oct-Apr,2025-11,0.14698460464270907,0.14448167899726297,0.18499999999999997,491.6080586080586
nhsn,2025-2026,North Carolina,late_oct_apr,Late Oct-Apr,2025-12,0.13638420807652157,0.1328326692054897,0.185,434.1831501831502
nhsn,2025-2026,North Carolina,late_oct_apr,Late Oct-Apr,2026-01,0.13224604023313086,0.12719043004155448,0.185,287.6117216117216
nhsn,2025-2026,North Carolina,late_oct_apr,Late Oct-Apr,2026-02,0.12501477218147072,0.11305483795883292,0.185,153.4871794871795
nhsn,2025-2026,North Carolina,late_oct_apr,Late Oct-Apr,2026-03,0.09055992509363298,0.08868382727837015,0.185,61.16117216117216
nhsn,2025-2026,North Carolina,late_oct_apr,Late Oct-Apr,2026-04,0.024403676470588234,0.055372062433627,0.13351405600000002,9.556776556776557
nhsn,2025-2026,North Dakota,baseline_oct_mar,Baseline Oct-Mar,2025-01,0.0,0.0,0.0,1.192307692307692
nhsn,2025-2026,North Dakota,baseline_oct_mar,Baseline Oct-Mar,2025-02,0.0,0.0,0.0,1.2692307692307692
nhsn,2025-2026,North Dakota,baseline_oct_mar,Baseline Oct-Mar,2025-03,0.0,0.009924905712372426,0.03425483870967742,1.7307692307692304
nhsn,2025-2026,North Dakota,baseline_oct_mar,Baseline Oct-Mar,2025-04,0.08360045545195546,0.08336862503801307,0.18499999999999991,3.28021978021978
nhsn,2025-2026,North Dakota,baseline_oct_mar,Baseline Oct-Mar,2025-05,0.11481678829235281,0.11446630232738542,0.18499999999999997,6.813186813186814
nhsn,2025-2026,North Dakota,baseline_oct_mar,Baseline Oct-Mar,2025-06,0.13361940482762852,0.13357859340133885,0.18499999999999991,14.945054945054943
nhsn,2025-2026,North Dakota,baseline_oct_mar,Baseline Oct-Mar,2025-07,0.1434187810112964,0.1425421960873734,0.18499999999999997,35.35531135531136
nhsn,2025-2026,North Dakota,baseline_oct_mar,Baseline Oct-Mar,2025-08,0.146492488800673,0.14622754375310804,0.18499999999999997,58.32417582417581
nhsn,2025-2026,North Dakota,baseline_oct_mar,Baseline Oct-Mar,2025-09,0.14718025724589875,0.14701685160471706,0.18499999999999991,61.15384615384615
nhsn,2025-2026,North Dakota,baseline_oct_mar,Baseline Oct-Mar,2025-10,0.14728457714733323,0.14737132256344,0.185,62.98717948717948
nhsn,2025-2026,North Dakota,baseline_oct_mar,Baseline Oct-Mar,2025-11,0.1478686946597706,0.1473590558498957,0.18499999999999997,60.628205128205124
nhsn,2025-2026,North Dakota,baseline_oct_mar,Baseline Oct-Mar,2025-12,0.14694966607729393,0.14646812346981858,0.185,60.93956043956044
nhsn,2025-2026,North Dakota,baseline_oct_mar,Baseline Oct-Mar,2026-01,0.14827671274461976,0.14495271139962126,0.185,57.45787545787545
nhsn,2025-2026,North Dakota,baseline_oct_mar,Baseline Oct-Mar,2026-02,0.13929291158435061,0.13180226365995082,0.185,44.269230769230774
nhsn,2025-2026,North Dakota,baseline_oct_mar,Baseline Oct-Mar,2026-03,0.11004445008869536,0.08596854368315901,0.12500891612903228,29.540293040293037
nhsn,2025-2026,North Dakota,baseline_oct_mar,Baseline Oct-Mar,2026-04,0.0,0.0,0.0,5.613553113553114
nhsn,2025-2026,North Dakota,early_sep_mar,Early Sep-Mar,2025-01,0.0,0.0,0.0,1.192307692307692
nhsn,2025-2026,North Dakota,early_sep_mar,Early Sep-Mar,2025-02,0.0,0.0072493412031586135,0.035216071428571416,1.2692307692307692
nhsn,2025-2026,North Dakota,early_sep_mar,Early Sep-Mar,2025-03,0.041301250000000005,0.04636600546214206,0.1814790322580645,1.7307692307692304
nhsn,2025-2026,North Dakota,early_sep_mar,Early Sep-Mar,2025-04,0.08360045545195546,0.08504289835241678,0.18499999999999991,3.28021978021978
nhsn,2025-2026,North Dakota,early_sep_mar,Early Sep-Mar,2025-05,0.12308705132867132,0.12211284384755439,0.18499999999999997,6.813186813186814
nhsn,2025-2026,North Dakota,early_sep_mar,Early Sep-Mar,2025-06,0.13361940482762852,0.13375210279687558,0.18499999999999991,14.945054945054943
nhsn,2025-2026,North Dakota,early_sep_mar,Early Sep-Mar,2025-07,0.1439538041958042,0.14317411732368798,0.18499999999999997,35.35531135531136
nhsn,2025-2026,North Dakota,early_sep_mar,Early Sep-Mar,2025-08,0.1343908425199255,0.1313580913487748,0.18499999999999997,58.32417582417581
nhsn,2025-2026,North Dakota,early_sep_mar,Early Sep-Mar,2025-09,0.14425925720191757,0.13866539457972152,0.18499999999999997,61.153846153846146
nhsn,2025-2026,North Dakota,early_sep_mar,Early Sep-Mar,2025-10,0.14728457714733323,0.14737132256344,0.185,62.98717948717948
nhsn,2025-2026,North Dakota,early_sep_mar,Early Sep-Mar,2025-11,0.1478686946597706,0.1473590558498957,0.18499999999999997,60.628205128205124
nhsn,2025-2026,North Dakota,early_sep_mar,Early Sep-Mar,2025-12,0.14694966607729393,0.14646812346981858,0.185,60.93956043956044
nhsn,2025-2026,North Dakota,early_sep_mar,Early Sep-Mar,2026-01,0.14827671274461976,0.14495271139962126,0.185,57.45787545787545
nhsn,2025-2026,North Dakota,early_sep_mar,Early Sep-Mar,2026-02,0.13929291158435061,0.13180226365995082,0.185,44.269230769230774
nhsn,2025-2026,North Dakota,early_sep_mar,Early Sep-Mar,2026-03,0.11004445008869536,0.08596854368315901,0.12500891612903228,29.540293040293037
nhsn,2025-2026,North Dakota,early_sep_mar,Early Sep-Mar,2026-04,0.0,0.0,0.0,5.613553113553114
nhsn,2025-2026,North Dakota,extended_sep_apr,Extended Sep-Apr,2025-01,0.0,0.0,0.0,1.192307692307692
nhsn,2025-2026,North Dakota,extended_sep_apr,Extended Sep-Apr,2025-02,0.0,0.0072493412031586135,0.035216071428571416,1.2692307692307692
nhsn,2025-2026,North Dakota,extended_sep_apr,Extended Sep-Apr,2025-03,0.041301250000000005,0.04636600546214206,0.1814790322580645,1.7307692307692304
nhsn,2025-2026,North Dakota,extended_sep_apr,Extended Sep-Apr,2025-04,0.08360045545195546,0.08504289835241678,0.18499999999999991,3.28021978021978
nhsn,2025-2026,North Dakota,extended_sep_apr,Extended Sep-Apr,2025-05,0.12308705132867132,0.12211284384755439,0.18499999999999997,6.813186813186814
nhsn,2025-2026,North Dakota,extended_sep_apr,Extended Sep-Apr,2025-06,0.13361940482762852,0.13375210279687558,0.18499999999999991,14.945054945054943
nhsn,2025-2026,North Dakota,extended_sep_apr,Extended Sep-Apr,2025-07,0.1439538041958042,0.14317411732368798,0.18499999999999997,35.35531135531136
nhsn,2025-2026,North Dakota,extended_sep_apr,Extended Sep-Apr,2025-08,0.1343908425199255,0.1313580913487748,0.18499999999999997,58.32417582417581
nhsn,2025-2026,North Dakota,extended_sep_apr,Extended Sep-Apr,2025-09,0.14425925720191757,0.13866539457972152,0.18499999999999997,61.153846153846146
nhsn,2025-2026,North Dakota,extended_sep_apr,Extended Sep-Apr,2025-10,0.14728457714733323,0.14737132256344,0.185,62.98717948717948
nhsn,2025-2026,North Dakota,extended_sep_apr,Extended Sep-Apr,2025-11,0.1478686946597706,0.1473590558498957,0.18499999999999997,60.628205128205124
nhsn,2025-2026,North Dakota,extended_sep_apr,Extended Sep-Apr,2025-12,0.14694966607729393,0.14646812346981858,0.185,60.93956043956044
nhsn,2025-2026,North Dakota,extended_sep_apr,Extended Sep-Apr,2026-01,0.14827671274461976,0.14495271139962126,0.185,57.45787545787545
nhsn,2025-2026,North Dakota,extended_sep_apr,Extended Sep-Apr,2026-02,0.13929291158435061,0.13180226365995082,0.185,44.269230769230774
nhsn,2025-2026,North Dakota,extended_sep_apr,Extended Sep-Apr,2026-03,0.11004445008869536,0.10030534617465481,0.185,29.540293040293037
nhsn,2025-2026,North Dakota,extended_sep_apr,Extended Sep-Apr,2026-04,0.01443,0.045136600996974245,0.13351405600000002,5.613553113553113
nhsn,2025-2026,North Dakota,late_oct_apr,Late Oct-Apr,2025-01,0.0,0.0,0.0,1.192307692307692
nhsn,2025-2026,North Dakota,late_oct_apr,Late Oct-Apr,2025-02,0.0,0.0,0.0,1.2692307692307692
nhsn,2025-2026,North Dakota,late_oct_apr,Late Oct-Apr,2025-03,0.0,0.009924905712372426,0.03425483870967742,1.7307692307692304
nhsn,2025-2026,North Dakota,late_oct_apr,Late Oct-Apr,2025-04,0.08360045545195546,0.08336862503801307,0.18499999999999991,3.28021978021978
nhsn,2025-2026,North Dakota,late_oct_apr,Late Oct-Apr,2025-05,0.11481678829235281,0.11446630232738542,0.18499999999999997,6.813186813186814
nhsn,2025-2026,North Dakota,late_oct_apr,Late Oct-Apr,2025-06,0.13361940482762852,0.13357859340133885,0.18499999999999991,14.945054945054943
nhsn,2025-2026,North Dakota,late_oct_apr,Late Oct-Apr,2025-07,0.1434187810112964,0.1425421960873734,0.18499999999999997,35.35531135531136
nhsn,2025-2026,North Dakota,late_oct_apr,Late Oct-Apr,2025-08,0.146492488800673,0.14622754375310804,0.18499999999999997,58.32417582417581
nhsn,2025-2026,North Dakota,late_oct_apr,Late Oct-Apr,2025-09,0.14718025724589875,0.14701685160471706,0.18499999999999991,61.15384615384615
nhsn,2025-2026,North Dakota,late_oct_apr,Late Oct-Apr,2025-10,0.14728457714733323,0.14737132256344,0.185,62.98717948717948
nhsn,2025-2026,North Dakota,late_oct_apr,Late Oct-Apr,2025-11,0.1478686946597706,0.1473590558498957,0.18499999999999997,60.628205128205124
nhsn,2025-2026,North Dakota,late_oct_apr,Late Oct-Apr,2025-12,0.14694966607729393,0.14646812346981858,0.185,60.93956043956044
nhsn,2025-2026,North Dakota,late_oct_apr,Late Oct-Apr,2026-01,0.14827671274461976,0.14495271139962126,0.185,57.45787545787545
nhsn,2025-2026,North Dakota,late_oct_apr,Late Oct-Apr,2026-02,0.13929291158435061,0.13180226365995082,0.185,44.269230769230774
nhsn,2025-2026,North Dakota,late_oct_apr,Late Oct-Apr,2026-03,0.11004445008869536,0.10030534617465481,0.185,29.540293040293037
nhsn,2025-2026,North Dakota,late_oct_apr,Late Oct-Apr,2026-04,0.01443,0.045136600996974245,0.13351405600000002,5.613553113553113
nhsn,2025-2026,Ohio,baseline_oct_mar,Baseline Oct-Mar,2025-01,0.0,0.0,0.0,11.4010989010989
nhsn,2025-2026,Ohio,baseline_oct_mar,Baseline Oct-Mar,2025-02,0.0,0.0,0.0,14.155677655677653
nhsn,2025-2026,Ohio,baseline_oct_mar,Baseline Oct-Mar,2025-03,0.0,0.01988251868623819,0.03425483870967742,35.94505494505495
nhsn,2025-2026,Ohio,baseline_oct_mar,Baseline Oct-Mar,2025-04,0.12595124110176675,0.12692070478761475,0.18499999999999991,108.73809523809524
nhsn,2025-2026,Ohio,baseline_oct_mar,Baseline Oct-Mar,2025-05,0.13495491175811372,0.13530076834013105,0.18499999999999997,318.45421245421244
nhsn,2025-2026,Ohio,baseline_oct_mar,Baseline Oct-Mar,2025-06,0.14436567175043502,0.1443375388612341,0.18499999999999991,526.4230769230769
nhsn,2025-2026,Ohio,baseline_oct_mar,Baseline Oct-Mar,2025-07,0.14325408601498377,0.1435386652517437,0.18499999999999997,741.2179487179487
nhsn,2025-2026,Ohio,baseline_oct_mar,Baseline Oct-Mar,2025-08,0.14711953253572158,0.14712756403913135,0.18499999999999997,811.3608058608058
nhsn,2025-2026,Ohio,baseline_oct_mar,Baseline Oct-Mar,2025-09,0.14766253932434664,0.14764397801101142,0.18499999999999991,794.0219780219779
nhsn,2025-2026,Ohio,baseline_oct_mar,Baseline Oct-Mar,2025-10,0.14813169467903514,0.14780774798615856,0.185,816.065934065934
nhsn,2025-2026,Ohio,baseline_oct_mar,Baseline Oct-Mar,2025-11,0.14773568830707368,0.14637219073415658,0.18499999999999997,769.5915750915751
nhsn,2025-2026,Ohio,baseline_oct_mar,Baseline Oct-Mar,2025-12,0.14112096532942925,0.1363704743003091,0.185,716.3553113553114
nhsn,2025-2026,Ohio,baseline_oct_mar,Baseline Oct-Mar,2026-01,0.1326341793355149,0.12690949420276054,0.185,505.6959706959707
nhsn,2025-2026,Ohio,baseline_oct_mar,Baseline Oct-Mar,2026-02,0.11298755988269996,0.10756987036804921,0.185,260.1025641025641
nhsn,2025-2026,Ohio,baseline_oct_mar,Baseline Oct-Mar,2026-03,0.08485304855521837,0.07480287785167168,0.12500891612903228,91.8809523809524
nhsn,2025-2026,Ohio,baseline_oct_mar,Baseline Oct-Mar,2026-04,0.0,0.0,0.0,13.06776556776557
nhsn,2025-2026,Ohio,early_sep_mar,Early Sep-Mar,2025-01,0.0,0.0,0.0,11.4010989010989
nhsn,2025-2026,Ohio,early_sep_mar,Early Sep-Mar,2025-02,0.0,0.011515501630728085,0.035216071428571416,14.155677655677653
nhsn,2025-2026,Ohio,early_sep_mar,Early Sep-Mar,2025-03,0.10122832473776226,0.09651523260506006,0.1814790322580645,35.94505494505495
nhsn,2025-2026,Ohio,early_sep_mar,Early Sep-Mar,2025-04,0.12966312490231252,0.1291085322455793,0.18499999999999991,108.73809523809524
nhsn,2025-2026,Ohio,early_sep_mar,Early Sep-Mar,2025-05,0.14291479880527866,0.14276277209829644,0.18499999999999997,318.45421245421244
nhsn,2025-2026,Ohio,early_sep_mar,Early Sep-Mar,2025-06,0.14482746846815925,0.14472161329743963,0.18499999999999991,526.4230769230769
nhsn,2025-2026,Ohio,early_sep_mar,Early Sep-Mar,2025-07,0.14608350830356864,0.14603517854350057,0.18499999999999997,741.2179487179487
nhsn,2025-2026,Ohio,early_sep_mar,Early Sep-Mar,2025-08,0.1453813916543918,0.1445555105573681,0.18499999999999997,811.3608058608058
nhsn,2025-2026,Ohio,early_sep_mar,Early Sep-Mar,2025-09,0.14704618193338467,0.14609674136982057,0.18499999999999997,794.021978021978
nhsn,2025-2026,Ohio,early_sep_mar,Early Sep-Mar,2025-10,0.14813169467903514,0.14780774798615856,0.185,816.065934065934
nhsn,2025-2026,Ohio,early_sep_mar,Early Sep-Mar,2025-11,0.14773568830707368,0.14637219073415658,0.18499999999999997,769.5915750915751
nhsn,2025-2026,Ohio,early_sep_mar,Early Sep-Mar,2025-12,0.14112096532942925,0.1363704743003091,0.185,716.3553113553114
nhsn,2025-2026,Ohio,early_sep_mar,Early Sep-Mar,2026-01,0.1326341793355149,0.12690949420276054,0.185,505.6959706959707
nhsn,2025-2026,Ohio,early_sep_mar,Early Sep-Mar,2026-02,0.11298755988269996,0.10756987036804921,0.185,260.1025641025641
nhsn,2025-2026,Ohio,early_sep_mar,Early Sep-Mar,2026-03,0.08485304855521837,0.07480287785167168,0.12500891612903228,91.8809523809524
nhsn,2025-2026,Ohio,early_sep_mar,Early Sep-Mar,2026-04,0.0,0.0,0.0,13.06776556776557
nhsn,2025-2026,Ohio,extended_sep_apr,Extended Sep-Apr,2025-01,0.0,0.0,0.0,11.4010989010989
nhsn,2025-2026,Ohio,extended_sep_apr,Extended Sep-Apr,2025-02,0.0,0.011515501630728085,0.035216071428571416,14.155677655677653
nhsn,2025-2026,Ohio,extended_sep_apr,Extended Sep-Apr,2025-03,0.10122832473776226,0.09651523260506006,0.1814790322580645,35.94505494505495
nhsn,2025-2026,Ohio,extended_sep_apr,Extended Sep-Apr,2025-04,0.12966312490231252,0.1291085322455793,0.18499999999999991,108.73809523809524
nhsn,2025-2026,Ohio,extended_sep_apr,Extended Sep-Apr,2025-05,0.14291479880527866,0.14276277209829644,0.18499999999999997,318.45421245421244
nhsn,2025-2026,Ohio,extended_sep_apr,Extended Sep-Apr,2025-06,0.14482746846815925,0.14472161329743963,0.18499999999999991,526.4230769230769
nhsn,2025-2026,Ohio,extended_sep_apr,Extended Sep-Apr,2025-07,0.14608350830356864,0.14603517854350057,0.18499999999999997,741.2179487179487
nhsn,2025-2026,Ohio,extended_sep_apr,Extended Sep-Apr,2025-08,0.1453813916543918,0.1445555105573681,0.18499999999999997,811.3608058608058
nhsn,2025-2026,Ohio,extended_sep_apr,Extended Sep-Apr,2025-09,0.14704618193338467,0.14609674136982057,0.18499999999999997,794.021978021978
nhsn,2025-2026,Ohio,extended_sep_apr,Extended Sep-Apr,2025-10,0.14813169467903514,0.14780774798615856,0.185,816.065934065934
nhsn,2025-2026,Ohio,extended_sep_apr,Extended Sep-Apr,2025-11,0.14773568830707368,0.14637219073415658,0.18499999999999997,769.5915750915751
nhsn,2025-2026,Ohio,extended_sep_apr,Extended Sep-Apr,2025-12,0.14112096532942925,0.1363704743003091,0.185,716.3553113553114
nhsn,2025-2026,Ohio,extended_sep_apr,Extended Sep-Apr,2026-01,0.1326341793355149,0.12690949420276054,0.185,505.6959706959707
nhsn,2025-2026,Ohio,extended_sep_apr,Extended Sep-Apr,2026-02,0.11298755988269996,0.10756987036804921,0.185,260.1025641025641
nhsn,2025-2026,Ohio,extended_sep_apr,Extended Sep-Apr,2026-03,0.09045253987947535,0.0883347125137373,0.185,91.8809523809524
nhsn,2025-2026,Ohio,extended_sep_apr,Extended Sep-Apr,2026-04,0.014842285714285712,0.045807206955328875,0.13351405600000002,13.06776556776557
nhsn,2025-2026,Ohio,late_oct_apr,Late Oct-Apr,2025-01,0.0,0.0,0.0,11.4010989010989
nhsn,2025-2026,Ohio,late_oct_apr,Late Oct-Apr,2025-02,0.0,0.0,0.0,14.155677655677653
nhsn,2025-2026,Ohio,late_oct_apr,Late Oct-Apr,2025-03,0.0,0.01988251868623819,0.03425483870967742,35.94505494505495
nhsn,2025-2026,Ohio,late_oct_apr,Late Oct-Apr,2025-04,0.12595124110176675,0.12692070478761475,0.18499999999999991,108.73809523809524
nhsn,2025-2026,Ohio,late_oct_apr,Late Oct-Apr,2025-05,0.13495491175811372,0.13530076834013105,0.18499999999999997,318.45421245421244
nhsn,2025-2026,Ohio,late_oct_apr,Late Oct-Apr,2025-06,0.14436567175043502,0.1443375388612341,0.18499999999999991,526.4230769230769
nhsn,2025-2026,Ohio,late_oct_apr,Late Oct-Apr,2025-07,0.14325408601498377,0.1435386652517437,0.18499999999999997,741.2179487179487
nhsn,2025-2026,Ohio,late_oct_apr,Late Oct-Apr,2025-08,0.14711953253572158,0.14712756403913135,0.18499999999999997,811.3608058608058
nhsn,2025-2026,Ohio,late_oct_apr,Late Oct-Apr,2025-09,0.14766253932434664,0.14764397801101142,0.18499999999999991,794.0219780219779
nhsn,2025-2026,Ohio,late_oct_apr,Late Oct-Apr,2025-10,0.14813169467903514,0.14780774798615856,0.185,816.065934065934
nhsn,2025-2026,Ohio,late_oct_apr,Late Oct-Apr,2025-11,0.14773568830707368,0.14637219073415658,0.18499999999999997,769.5915750915751
nhsn,2025-2026,Ohio,late_oct_apr,Late Oct-Apr,2025-12,0.14112096532942925,0.1363704743003091,0.185,716.3553113553114
nhsn,2025-2026,Ohio,late_oct_apr,Late Oct-Apr,2026-01,0.1326341793355149,0.12690949420276054,0.185,505.6959706959707
nhsn,2025-2026,Ohio,late_oct_apr,Late Oct-Apr,2026-02,0.11298755988269996,0.10756987036804921,0.185,260.1025641025641
nhsn,2025-2026,Ohio,late_oct_apr,Late Oct-Apr,2026-03,0.09045253987947535,0.0883347125137373,0.185,91.8809523809524
nhsn,2025-2026,Ohio,late_oct_apr,Late Oct-Apr,2026-04,0.014842285714285712,0.045807206955328875,0.13351405600000002,13.06776556776557
nhsn,2025-2026,Oklahoma,baseline_oct_mar,Baseline Oct-Mar,2025-01,0.0,0.0,0.0,2.005494505494506
nhsn,2025-2026,Oklahoma,baseline_oct_mar,Baseline Oct-Mar,2025-02,0.0,0.0,0.0,2.7124542124542117
nhsn,2025-2026,Oklahoma,baseline_oct_mar,Baseline Oct-Mar,2025-03,0.0,0.006108560723076587,0.03425483870967742,3.4358974358974357
nhsn,2025-2026,Oklahoma,baseline_oct_mar,Baseline Oct-Mar,2025-04,0.10356906039793541,0.10523676448922444,0.18499999999999991,10.602564102564102
nhsn,2025-2026,Oklahoma,baseline_oct_mar,Baseline Oct-Mar,2025-05,0.13651406336487043,0.13556878095396152,0.18499999999999997,31.981684981684978
nhsn,2025-2026,Oklahoma,baseline_oct_mar,Baseline Oct-Mar,2025-06,0.14171385367345207,0.1417120951822863,0.18499999999999991,65.32600732600733
nhsn,2025-2026,Oklahoma,baseline_oct_mar,Baseline Oct-Mar,2025-07,0.14513158371703866,0.14513678994729734,0.18499999999999997,118.87362637362637
nhsn,2025-2026,Oklahoma,baseline_oct_mar,Baseline Oct-Mar,2025-08,0.1464420684254396,0.14638037910585988,0.18499999999999997,129.01098901098902
nhsn,2025-2026,Oklahoma,baseline_oct_mar,Baseline Oct-Mar,2025-09,0.1466876088911089,0.14674168502654755,0.18499999999999991,125.37912087912085
nhsn,2025-2026,Oklahoma,baseline_oct_mar,Baseline Oct-Mar,2025-10,0.14817574539392497,0.1481890483607037,0.185,128.59523809523807
nhsn,2025-2026,Oklahoma,baseline_oct_mar,Baseline Oct-Mar,2025-11,0.14883016051440817,0.14727365271044374,0.18499999999999997,123.97435897435898
nhsn,2025-2026,Oklahoma,baseline_oct_mar,Baseline Oct-Mar,2025-12,0.14554791134806425,0.14199761073939082,0.185,120.3076923076923
nhsn,2025-2026,Oklahoma,baseline_oct_mar,Baseline Oct-Mar,2026-01,0.1412284750957704,0.13559655072867455,0.185,98.78205128205128
nhsn,2025-2026,Oklahoma,baseline_oct_mar,Baseline Oct-Mar,2026-02,0.11080845559900161,0.10073930779396019,0.185,57.94871794871795
nhsn,2025-2026,Oklahoma,baseline_oct_mar,Baseline Oct-Mar,2026-03,0.030274775641025643,0.05740532341922614,0.12500891612903228,13.615384615384617
nhsn,2025-2026,Oklahoma,baseline_oct_mar,Baseline Oct-Mar,2026-04,0.0,0.0,0.0,0.9487179487179485
nhsn,2025-2026,Oklahoma,early_sep_mar,Early Sep-Mar,2025-01,0.0,0.0,0.0,2.005494505494506
nhsn,2025-2026,Oklahoma,early_sep_mar,Early Sep-Mar,2025-02,0.0,0.011370727678571429,0.035216071428571416,2.7124542124542117
nhsn,2025-2026,Oklahoma,early_sep_mar,Early Sep-Mar,2025-03,0.06088100961538461,0.05672288739048151,0.1814790322580645,3.4358974358974357
nhsn,2025-2026,Oklahoma,early_sep_mar,Early Sep-Mar,2025-04,0.10356906039793541,0.10647863116124198,0.18499999999999991,10.602564102564102
nhsn,2025-2026,Oklahoma,early_sep_mar,Early Sep-Mar,2025-05,0.13866180654922003,0.13825527560112896,0.18499999999999997,31.981684981684978
nhsn,2025-2026,Oklahoma,early_sep_mar,Early Sep-Mar,2025-06,0.14171385367345207,0.14173406619483211,0.18499999999999991,65.32600732600733
nhsn,2025-2026,Oklahoma,early_sep_mar,Early Sep-Mar,2025-07,0.14527891183516392,0.14523062242842447,0.18499999999999997,118.87362637362637
nhsn,2025-2026,Oklahoma,early_sep_mar,Early Sep-Mar,2025-08,0.14616919520321017,0.1462811921195633,0.18499999999999997,129.01098901098902
nhsn,2025-2026,Oklahoma,early_sep_mar,Early Sep-Mar,2025-09,0.1465060664090511,0.14647986173330987,0.18499999999999997,125.37912087912088
nhsn,2025-2026,Oklahoma,early_sep_mar,Early Sep-Mar,2025-10,0.14817574539392497,0.1481890483607037,0.185,128.59523809523807
nhsn,2025-2026,Oklahoma,early_sep_mar,Early Sep-Mar,2025-11,0.14883016051440817,0.14727365271044374,0.18499999999999997,123.97435897435898
nhsn,2025-2026,Oklahoma,early_sep_mar,Early Sep-Mar,2025-12,0.14554791134806425,0.14199761073939082,0.185,120.3076923076923
nhsn,2025-2026,Oklahoma,early_sep_mar,Early Sep-Mar,2026-01,0.1412284750957704,0.13559655072867455,0.185,98.78205128205128
nhsn,2025-2026,Oklahoma,early_sep_mar,Early Sep-Mar,2026-02,0.11080845559900161,0.10073930779396019,0.185,57.94871794871795
nhsn,2025-2026,Oklahoma,early_sep_mar,Early Sep-Mar,2026-03,0.030274775641025643,0.05740532341922614,0.12500891612903228,13.615384615384617
nhsn,2025-2026,Oklahoma,early_sep_mar,Early Sep-Mar,2026-04,0.0,0.0,0.0,0.9487179487179485
nhsn,2025-2026,Oklahoma,extended_sep_apr,Extended Sep-Apr,2025-01,0.0,0.0,0.0,2.005494505494506
nhsn,2025-2026,Oklahoma,extended_sep_apr,Extended Sep-Apr,2025-02,0.0,0.011370727678571429,0.035216071428571416,2.7124542124542117
nhsn,2025-2026,Oklahoma,extended_sep_apr,Extended Sep-Apr,2025-03,0.06088100961538461,0.05672288739048151,0.1814790322580645,3.4358974358974357
nhsn,2025-2026,Oklahoma,extended_sep_apr,Extended Sep-Apr,2025-04,0.10356906039793541,0.10647863116124198,0.18499999999999991,10.602564102564102
nhsn,2025-2026,Oklahoma,extended_sep_apr,Extended Sep-Apr,2025-05,0.13866180654922003,0.13825527560112896,0.18499999999999997,31.981684981684978
nhsn,2025-2026,Oklahoma,extended_sep_apr,Extended Sep-Apr,2025-06,0.14171385367345207,0.14173406619483211,0.18499999999999991,65.32600732600733
nhsn,2025-2026,Oklahoma,extended_sep_apr,Extended Sep-Apr,2025-07,0.14527891183516392,0.14523062242842447,0.18499999999999997,118.87362637362637
nhsn,2025-2026,Oklahoma,extended_sep_apr,Extended Sep-Apr,2025-08,0.14616919520321017,0.1462811921195633,0.18499999999999997,129.01098901098902
nhsn,2025-2026,Oklahoma,extended_sep_apr,Extended Sep-Apr,2025-09,0.1465060664090511,0.14647986173330987,0.18499999999999997,125.37912087912088
nhsn,2025-2026,Oklahoma,extended_sep_apr,Extended Sep-Apr,2025-10,0.14817574539392497,0.1481890483607037,0.185,128.59523809523807
nhsn,2025-2026,Oklahoma,extended_sep_apr,Extended Sep-Apr,2025-11,0.14883016051440817,0.14727365271044374,0.18499999999999997,123.97435897435898
nhsn,2025-2026,Oklahoma,extended_sep_apr,Extended Sep-Apr,2025-12,0.14554791134806425,0.14199761073939082,0.185,120.3076923076923
nhsn,2025-2026,Oklahoma,extended_sep_apr,Extended Sep-Apr,2026-01,0.1412284750957704,0.13559655072867455,0.185,98.78205128205128
nhsn,2025-2026,Oklahoma,extended_sep_apr,Extended Sep-Apr,2026-02,0.11080845559900161,0.10073930779396019,0.185,57.94871794871795
nhsn,2025-2026,Oklahoma,extended_sep_apr,Extended Sep-Apr,2026-03,0.0810391622760801,0.07852805106325693,0.185,13.615384615384617
nhsn,2025-2026,Oklahoma,extended_sep_apr,Extended Sep-Apr,2026-04,0.028859999999999997,0.06297313246925373,0.13351405600000002,0.9487179487179487
nhsn,2025-2026,Oklahoma,late_oct_apr,Late Oct-Apr,2025-01,0.0,0.0,0.0,2.005494505494506
nhsn,2025-2026,Oklahoma,late_oct_apr,Late Oct-Apr,2025-02,0.0,0.0,0.0,2.7124542124542117
nhsn,2025-2026,Oklahoma,late_oct_apr,Late Oct-Apr,2025-03,0.0,0.006108560723076587,0.03425483870967742,3.4358974358974357
nhsn,2025-2026,Oklahoma,late_oct_apr,Late Oct-Apr,2025-04,0.10356906039793541,0.10523676448922444,0.18499999999999991,10.602564102564102
nhsn,2025-2026,Oklahoma,late_oct_apr,Late Oct-Apr,2025-05,0.13651406336487043,0.13556878095396152,0.18499999999999997,31.981684981684978
nhsn,2025-2026,Oklahoma,late_oct_apr,Late Oct-Apr,2025-06,0.14171385367345207,0.1417120951822863,0.18499999999999991,65.32600732600733
nhsn,2025-2026,Oklahoma,late_oct_apr,Late Oct-Apr,2025-07,0.14513158371703866,0.14513678994729734,0.18499999999999997,118.87362637362637
nhsn,2025-2026,Oklahoma,late_oct_apr,Late Oct-Apr,2025-08,0.1464420684254396,0.14638037910585988,0.18499999999999997,129.01098901098902
nhsn,2025-2026,Oklahoma,late_oct_apr,Late Oct-Apr,2025-09,0.1466876088911089,0.14674168502654755,0.18499999999999991,125.37912087912085
nhsn,2025-2026,Oklahoma,late_oct_apr,Late Oct-Apr,2025-10,0.14817574539392497,0.1481890483607037,0.185,128.59523809523807
nhsn,2025-2026,Oklahoma,late_oct_apr,Late Oct-Apr,2025-11,0.14883016051440817,0.14727365271044374,0.18499999999999997,123.97435897435898
nhsn,2025-2026,Oklahoma,late_oct_apr,Late Oct-Apr,2025-12,0.14554791134806425,0.14199761073939082,0.185,120.3076923076923
nhsn,2025-2026,Oklahoma,late_oct_apr,Late Oct-Apr,2026-01,0.1412284750957704,0.13559655072867455,0.185,98.78205128205128
nhsn,2025-2026,Oklahoma,late_oct_apr,Late Oct-Apr,2026-02,0.11080845559900161,0.10073930779396019,0.185,57.94871794871795
nhsn,2025-2026,Oklahoma,late_oct_apr,Late Oct-Apr,2026-03,0.0810391622760801,0.07852805106325693,0.185,13.615384615384617
nhsn,2025-2026,Oklahoma,late_oct_apr,Late Oct-Apr,2026-04,0.028859999999999997,0.06297313246925373,0.13351405600000002,0.9487179487179487
nhsn,2025-2026,Oregon,baseline_oct_mar,Baseline Oct-Mar,2025-01,0.0,0.0,0.0,0.1923076923076923
nhsn,2025-2026,Oregon,baseline_oct_mar,Baseline Oct-Mar,2025-02,0.0,0.0,0.0,0.5512820512820512
nhsn,2025-2026,Oregon,baseline_oct_mar,Baseline Oct-Mar,2025-03,0.0,0.024992849476696468,0.03425483870967742,2.3717948717948714
nhsn,2025-2026,Oregon,baseline_oct_mar,Baseline Oct-Mar,2025-04,0.13487708169477583,0.13308759862695235,0.18499999999999991,5.507326007326007
nhsn,2025-2026,Oregon,baseline_oct_mar,Baseline Oct-Mar,2025-05,0.12919622038409354,0.12988676652513795,0.18499999999999997,17.75457875457875
nhsn,2025-2026,Oregon,baseline_oct_mar,Baseline Oct-Mar,2025-06,0.14689557440028328,0.14660699333803992,0.18499999999999991,49.943223443223445
nhsn,2025-2026,Oregon,baseline_oct_mar,Baseline Oct-Mar,2025-07,0.14441223658561012,0.14497826348921414,0.18499999999999997,91.8809523809524
nhsn,2025-2026,Oregon,baseline_oct_mar,Baseline Oct-Mar,2025-08,0.14721109310536792,0.14720649995768942,0.18499999999999997,104.78571428571429
nhsn,2025-2026,Oregon,baseline_oct_mar,Baseline Oct-Mar,2025-09,0.14726804373611463,0.1473989519701468,0.18499999999999991,102.91025641025641
nhsn,2025-2026,Oregon,baseline_oct_mar,Baseline Oct-Mar,2025-10,0.14778318936120063,0.14753978171979884,0.185,105.91025641025642
nhsn,2025-2026,Oregon,baseline_oct_mar,Baseline Oct-Mar,2025-11,0.14794723412587413,0.14757533377913573,0.18499999999999997,100.73076923076923
nhsn,2025-2026,Oregon,baseline_oct_mar,Baseline Oct-Mar,2025-12,0.14855042591642065,0.14586948850874012,0.185,100.67765567765568
nhsn,2025-2026,Oregon,baseline_oct_mar,Baseline Oct-Mar,2026-01,0.14126344805194807,0.13379222044334393,0.185,88.1043956043956
nhsn,2025-2026,Oregon,baseline_oct_mar,Baseline Oct-Mar,2026-02,0.11174706660552564,0.10497607366857056,0.185,49.65384615384616
nhsn,2025-2026,Oregon,baseline_oct_mar,Baseline Oct-Mar,2026-03,0.058667095141700404,0.06748946331700745,0.12500891612903228,15.52747252747253
nhsn,2025-2026,Oregon,baseline_oct_mar,Baseline Oct-Mar,2026-04,0.0,0.0,0.0,1.857142857142857
nhsn,2025-2026,Oregon,early_sep_mar,Early Sep-Mar,2025-01,0.0,0.0,0.0,0.1923076923076923
nhsn,2025-2026,Oregon,early_sep_mar,Early Sep-Mar,2025-02,0.0,0.02979965199756288,0.035216071428571416,0.5512820512820512
nhsn,2025-2026,Oregon,early_sep_mar,Early Sep-Mar,2025-03,0.13489339476652376,0.13279688742979312,0.1814790322580645,2.3717948717948714
nhsn,2025-2026,Oregon,early_sep_mar,Early Sep-Mar,2025-04,0.13814829872480464,0.13869786803853948,0.18499999999999991,5.507326007326007
nhsn,2025-2026,Oregon,early_sep_mar,Early Sep-Mar,2025-05,0.14629758521079808,0.14647546183940557,0.18499999999999997,17.75457875457875
nhsn,2025-2026,Oregon,early_sep_mar,Early Sep-Mar,2025-06,0.14708556130847447,0.14701860872817535,0.18499999999999991,49.943223443223445
nhsn,2025-2026,Oregon,early_sep_mar,Early Sep-Mar,2025-07,0.14706655495609042,0.1470726024424268,0.18499999999999997,91.8809523809524
nhsn,2025-2026,Oregon,early_sep_mar,Early Sep-Mar,2025-08,0.1458271361356452,0.1449806542748686,0.18499999999999997,104.78571428571429
nhsn,2025-2026,Oregon,early_sep_mar,Early Sep-Mar,2025-09,0.14630390856904288,0.14560850997873337,0.18499999999999997,102.91025641025641
nhsn,2025-2026,Oregon,early_sep_mar,Early Sep-Mar,2025-10,0.14778318936120063,0.14753978171979884,0.185,105.91025641025642
nhsn,2025-2026,Oregon,early_sep_mar,Early Sep-Mar,2025-11,0.14794723412587413,0.14757533377913573,0.18499999999999997,100.73076923076923
nhsn,2025-2026,Oregon,early_sep_mar,Early Sep-Mar,2025-12,0.14855042591642065,0.14586948850874012,0.185,100.67765567765568
nhsn,2025-2026,Oregon,early_sep_mar,Early Sep-Mar,2026-01,0.14126344805194807,0.13379222044334393,0.185,88.1043956043956
nhsn,2025-2026,Oregon,early_sep_mar,Early Sep-Mar,2026-02,0.11174706660552564,0.10497607366857056,0.185,49.65384615384616
nhsn,2025-2026,Oregon,early_sep_mar,Early Sep-Mar,2026-03,0.058667095141700404,0.06748946331700745,0.12500891612903228,15.52747252747253
nhsn,2025-2026,Oregon,early_sep_mar,Early Sep-Mar,2026-04,0.0,0.0,0.0,1.857142857142857
nhsn,2025-2026,Oregon,extended_sep_apr,Extended Sep-Apr,2025-01,0.0,0.0,0.0,0.1923076923076923
nhsn,2025-2026,Oregon,extended_sep_apr,Extended Sep-Apr,2025-02,0.0,0.02979965199756288,0.035216071428571416,0.5512820512820512
nhsn,2025-2026,Oregon,extended_sep_apr,Extended Sep-Apr,2025-03,0.13489339476652376,0.13279688742979312,0.1814790322580645,2.3717948717948714
nhsn,2025-2026,Oregon,extended_sep_apr,Extended Sep-Apr,2025-04,0.13814829872480464,0.13869786803853948,0.18499999999999991,5.507326007326007
nhsn,2025-2026,Oregon,extended_sep_apr,Extended Sep-Apr,2025-05,0.14629758521079808,0.14647546183940557,0.18499999999999997,17.75457875457875
nhsn,2025-2026,Oregon,extended_sep_apr,Extended Sep-Apr,2025-06,0.14708556130847447,0.14701860872817535,0.18499999999999991,49.943223443223445
nhsn,2025-2026,Oregon,extended_sep_apr,Extended Sep-Apr,2025-07,0.14706655495609042,0.1470726024424268,0.18499999999999997,91.8809523809524
nhsn,2025-2026,Oregon,extended_sep_apr,Extended Sep-Apr,2025-08,0.1458271361356452,0.1449806542748686,0.18499999999999997,104.78571428571429
nhsn,2025-2026,Oregon,extended_sep_apr,Extended Sep-Apr,2025-09,0.14630390856904288,0.14560850997873337,0.18499999999999997,102.91025641025641
nhsn,2025-2026,Oregon,extended_sep_apr,Extended Sep-Apr,2025-10,0.14778318936120063,0.14753978171979884,0.185,105.91025641025642
nhsn,2025-2026,Oregon,extended_sep_apr,Extended Sep-Apr,2025-11,0.14794723412587413,0.14757533377913573,0.18499999999999997,100.73076923076923
nhsn,2025-2026,Oregon,extended_sep_apr,Extended Sep-Apr,2025-12,0.14855042591642065,0.14586948850874012,0.185,100.67765567765568
nhsn,2025-2026,Oregon,extended_sep_apr,Extended Sep-Apr,2026-01,0.14126344805194807,0.13379222044334393,0.185,88.1043956043956
nhsn,2025-2026,Oregon,extended_sep_apr,Extended Sep-Apr,2026-02,0.11174706660552564,0.10497607366857056,0.185,49.65384615384616
nhsn,2025-2026,Oregon,extended_sep_apr,Extended Sep-Apr,2026-03,0.07781902097902099,0.08317852826149386,0.185,15.52747252747253
nhsn,2025-2026,Oregon,extended_sep_apr,Extended Sep-Apr,2026-04,0.02025263157894737,0.05340555930952476,0.13351405600000002,1.857142857142857
nhsn,2025-2026,Oregon,late_oct_apr,Late Oct-Apr,2025-01,0.0,0.0,0.0,0.1923076923076923
nhsn,2025-2026,Oregon,late_oct_apr,Late Oct-Apr,2025-02,0.0,0.0,0.0,0.5512820512820512
nhsn,2025-2026,Oregon,late_oct_apr,Late Oct-Apr,2025-03,0.0,0.024992849476696468,0.03425483870967742,2.3717948717948714
nhsn,2025-2026,Oregon,late_oct_apr,Late Oct-Apr,2025-04,0.13487708169477583,0.13308759862695235,0.18499999999999991,5.507326007326007
nhsn,2025-2026,Oregon,late_oct_apr,Late Oct-Apr,2025-05,0.12919622038409354,0.12988676652513795,0.18499999999999997,17.75457875457875
nhsn,2025-2026,Oregon,late_oct_apr,Late Oct-Apr,2025-06,0.14689557440028328,0.14660699333803992,0.18499999999999991,49.943223443223445
nhsn,2025-2026,Oregon,late_oct_apr,Late Oct-Apr,2025-07,0.14441223658561012,0.14497826348921414,0.18499999999999997,91.8809523809524
nhsn,2025-2026,Oregon,late_oct_apr,Late Oct-Apr,2025-08,0.14721109310536792,0.14720649995768942,0.18499999999999997,104.78571428571429
nhsn,2025-2026,Oregon,late_oct_apr,Late Oct-Apr,2025-09,0.14726804373611463,0.1473989519701468,0.18499999999999991,102.91025641025641
nhsn,2025-2026,Oregon,late_oct_apr,Late Oct-Apr,2025-10,0.14778318936120063,0.14753978171979884,0.185,105.91025641025642
nhsn,2025-2026,Oregon,late_oct_apr,Late Oct-Apr,2025-11,0.14794723412587413,0.14757533377913573,0.18499999999999997,100.73076923076923
nhsn,2025-2026,Oregon,late_oct_apr,Late Oct-Apr,2025-12,0.14855042591642065,0.14586948850874012,0.185,100.67765567765568
nhsn,2025-2026,Oregon,late_oct_apr,Late Oct-Apr,2026-01,0.14126344805194807,0.13379222044334393,0.185,88.1043956043956
nhsn,2025-2026,Oregon,late_oct_apr,Late Oct-Apr,2026-02,0.11174706660552564,0.10497607366857056,0.185,49.65384615384616
nhsn,2025-2026,Oregon,late_oct_apr,Late Oct-Apr,2026-03,0.07781902097902099,0.08317852826149386,0.185,15.52747252747253
nhsn,2025-2026,Oregon,late_oct_apr,Late Oct-Apr,2026-04,0.02025263157894737,0.05340555930952476,0.13351405600000002,1.857142857142857
nhsn,2025-2026,Pennsylvania,baseline_oct_mar,Baseline Oct-Mar,2025-01,0.0,0.0,0.0,14.263736263736263
nhsn,2025-2026,Pennsylvania,baseline_oct_mar,Baseline Oct-Mar,2025-02,0.0,0.0,0.0,28.173992673992675
nhsn,2025-2026,Pennsylvania,baseline_oct_mar,Baseline Oct-Mar,2025-03,0.0,0.01966508875243243,0.03425483870967742,65.89010989010988
nhsn,2025-2026,Pennsylvania,baseline_oct_mar,Baseline Oct-Mar,2025-04,0.12477246167941801,0.12371330006742295,0.18499999999999991,186.4139194139194
nhsn,2025-2026,Pennsylvania,baseline_oct_mar,Baseline Oct-Mar,2025-05,0.12925937523354683,0.12998687171122977,0.18499999999999997,433.7564102564103
nhsn,2025-2026,Pennsylvania,baseline_oct_mar,Baseline Oct-Mar,2025-06,0.1421115904124357,0.14188813287418142,0.18499999999999991,658.945054945055
nhsn,2025-2026,Pennsylvania,baseline_oct_mar,Baseline Oct-Mar,2025-07,0.13956710223110222,0.13986823809086182,0.18499999999999997,908.7435897435896
nhsn,2025-2026,Pennsylvania,baseline_oct_mar,Baseline Oct-Mar,2025-08,0.14502521751332056,0.14497520365812958,0.18499999999999997,1003.102564102564
nhsn,2025-2026,Pennsylvania,baseline_oct_mar,Baseline Oct-Mar,2025-09,0.14617649430818658,0.14629824606365374,0.18499999999999991,975.9615384615385
nhsn,2025-2026,Pennsylvania,baseline_oct_mar,Baseline Oct-Mar,2025-10,0.14795498597773635,0.14759989280384064,0.185,991.3479853479854
nhsn,2025-2026,Pennsylvania,baseline_oct_mar,Baseline Oct-Mar,2025-11,0.14707972803595698,0.14458789263723026,0.18499999999999997,924.6776556776557
nhsn,2025-2026,Pennsylvania,baseline_oct_mar,Baseline Oct-Mar,2025-12,0.13791514562008172,0.13493277668059375,0.185,825.3516483516485
nhsn,2025-2026,Pennsylvania,baseline_oct_mar,Baseline Oct-Mar,2026-01,0.13113201217724238,0.12787425763305083,0.185,580.481684981685
nhsn,2025-2026,Pennsylvania,baseline_oct_mar,Baseline Oct-Mar,2026-02,0.1176604023709867,0.11127960783463842,0.185,308.3974358974359
nhsn,2025-2026,Pennsylvania,baseline_oct_mar,Baseline Oct-Mar,2026-03,0.08814190872452086,0.07529995056343336,0.12500891612903228,118.04761904761905
nhsn,2025-2026,Pennsylvania,baseline_oct_mar,Baseline Oct-Mar,2026-04,0.0,0.0,0.0,13.631868131868133
nhsn,2025-2026,Pennsylvania,early_sep_mar,Early Sep-Mar,2025-01,0.0,0.0,0.0,14.263736263736263
nhsn,2025-2026,Pennsylvania,early_sep_mar,Early Sep-Mar,2025-02,0.0,0.01970176364495888,0.035216071428571416,28.173992673992675
nhsn,2025-2026,Pennsylvania,early_sep_mar,Early Sep-Mar,2025-03,0.11285810612601685,0.11144742317028179,0.1814790322580645,65.89010989010988
nhsn,2025-2026,Pennsylvania,early_sep_mar,Early Sep-Mar,2025-04,0.12587076491573693,0.12664682971269567,0.18499999999999991,186.4139194139194
nhsn,2025-2026,Pennsylvania,early_sep_mar,Early Sep-Mar,2025-05,0.14362206622120074,0.14306734821973738,0.18499999999999997,433.7564102564103
nhsn,2025-2026,Pennsylvania,early_sep_mar,Early Sep-Mar,2025-06,0.14251573673344775,0.14274449000556302,0.18499999999999991,658.945054945055
nhsn,2025-2026,Pennsylvania,early_sep_mar,Early Sep-Mar,2025-07,0.14578821228706138,0.1457477681703919,0.18499999999999997,908.7435897435896
nhsn,2025-2026,Pennsylvania,early_sep_mar,Early Sep-Mar,2025-08,0.144946181784462,0.1440713959602569,0.18499999999999997,1003.102564102564
nhsn,2025-2026,Pennsylvania,early_sep_mar,Early Sep-Mar,2025-09,0.14648624023758275,0.14596892461948666,0.18499999999999997,975.9615384615385
nhsn,2025-2026,Pennsylvania,early_sep_mar,Early Sep-Mar,2025-10,0.14795498597773635,0.14759989280384064,0.185,991.3479853479854
nhsn,2025-2026,Pennsylvania,early_sep_mar,Early Sep-Mar,2025-11,0.14707972803595698,0.14458789263723026,0.18499999999999997,924.6776556776557
nhsn,2025-2026,Pennsylvania,early_sep_mar,Early Sep-Mar,2025-12,0.13791514562008172,0.13493277668059375,0.185,825.3516483516485
nhsn,2025-2026,Pennsylvania,early_sep_mar,Early Sep-Mar,2026-01,0.13113201217724238,0.12787425763305083,0.185,580.481684981685
nhsn,2025-2026,Pennsylvania,early_sep_mar,Early Sep-Mar,2026-02,0.1176604023709867,0.11127960783463842,0.185,308.3974358974359
nhsn,2025-2026,Pennsylvania,early_sep_mar,Early Sep-Mar,2026-03,0.08814190872452086,0.07529995056343336,0.12500891612903228,118.04761904761905
nhsn,2025-2026,Pennsylvania,early_sep_mar,Early Sep-Mar,2026-04,0.0,0.0,0.0,13.631868131868133
nhsn,2025-2026,Pennsylvania,extended_sep_apr,Extended Sep-Apr,2025-01,0.0,0.0,0.0,14.263736263736263
nhsn,2025-2026,Pennsylvania,extended_sep_apr,Extended Sep-Apr,2025-02,0.0,0.01970176364495888,0.035216071428571416,28.173992673992675
nhsn,2025-2026,Pennsylvania,extended_sep_apr,Extended Sep-Apr,2025-03,0.11285810612601685,0.11144742317028179,0.1814790322580645,65.89010989010988
nhsn,2025-2026,Pennsylvania,extended_sep_apr,Extended Sep-Apr,2025-04,0.12587076491573693,0.12664682971269567,0.18499999999999991,186.4139194139194
nhsn,2025-2026,Pennsylvania,extended_sep_apr,Extended Sep-Apr,2025-05,0.14362206622120074,0.14306734821973738,0.18499999999999997,433.7564102564103
nhsn,2025-2026,Pennsylvania,extended_sep_apr,Extended Sep-Apr,2025-06,0.14251573673344775,0.14274449000556302,0.18499999999999991,658.945054945055
nhsn,2025-2026,Pennsylvania,extended_sep_apr,Extended Sep-Apr,2025-07,0.14578821228706138,0.1457477681703919,0.18499999999999997,908.7435897435896
nhsn,2025-2026,Pennsylvania,extended_sep_apr,Extended Sep-Apr,2025-08,0.144946181784462,0.1440713959602569,0.18499999999999997,1003.102564102564
nhsn,2025-2026,Pennsylvania,extended_sep_apr,Extended Sep-Apr,2025-09,0.14648624023758275,0.14596892461948666,0.18499999999999997,975.9615384615385
nhsn,2025-2026,Pennsylvania,extended_sep_apr,Extended Sep-Apr,2025-10,0.14795498597773635,0.14759989280384064,0.185,991.3479853479854
nhsn,2025-2026,Pennsylvania,extended_sep_apr,Extended Sep-Apr,2025-11,0.14707972803595698,0.14458789263723026,0.18499999999999997,924.6776556776557
nhsn,2025-2026,Pennsylvania,extended_sep_apr,Extended Sep-Apr,2025-12,0.13791514562008172,0.13493277668059375,0.185,825.3516483516485
nhsn,2025-2026,Pennsylvania,extended_sep_apr,Extended Sep-Apr,2026-01,0.13113201217724238,0.12787425763305083,0.185,580.481684981685
nhsn,2025-2026,Pennsylvania,extended_sep_apr,Extended Sep-Apr,2026-02,0.1176604023709867,0.11127960783463842,0.185,308.3974358974359
nhsn,2025-2026,Pennsylvania,extended_sep_apr,Extended Sep-Apr,2026-03,0.09139070151679307,0.08587029357901423,0.185,118.04761904761905
nhsn,2025-2026,Pennsylvania,extended_sep_apr,Extended Sep-Apr,2026-04,0.0,0.03798523644739606,0.13351405600000002,13.631868131868131
nhsn,2025-2026,Pennsylvania,late_oct_apr,Late Oct-Apr,2025-01,0.0,0.0,0.0,14.263736263736263
nhsn,2025-2026,Pennsylvania,late_oct_apr,Late Oct-Apr,2025-02,0.0,0.0,0.0,28.173992673992675
nhsn,2025-2026,Pennsylvania,late_oct_apr,Late Oct-Apr,2025-03,0.0,0.01966508875243243,0.03425483870967742,65.89010989010988
nhsn,2025-2026,Pennsylvania,late_oct_apr,Late Oct-Apr,2025-04,0.12477246167941801,0.12371330006742295,0.18499999999999991,186.4139194139194
nhsn,2025-2026,Pennsylvania,late_oct_apr,Late Oct-Apr,2025-05,0.12925937523354683,0.12998687171122977,0.18499999999999997,433.7564102564103
nhsn,2025-2026,Pennsylvania,late_oct_apr,Late Oct-Apr,2025-06,0.1421115904124357,0.14188813287418142,0.18499999999999991,658.945054945055
nhsn,2025-2026,Pennsylvania,late_oct_apr,Late Oct-Apr,2025-07,0.13956710223110222,0.13986823809086182,0.18499999999999997,908.7435897435896
nhsn,2025-2026,Pennsylvania,late_oct_apr,Late Oct-Apr,2025-08,0.14502521751332056,0.14497520365812958,0.18499999999999997,1003.102564102564
nhsn,2025-2026,Pennsylvania,late_oct_apr,Late Oct-Apr,2025-09,0.14617649430818658,0.14629824606365374,0.18499999999999991,975.9615384615385
nhsn,2025-2026,Pennsylvania,late_oct_apr,Late Oct-Apr,2025-10,0.14795498597773635,0.14759989280384064,0.185,991.3479853479854
nhsn,2025-2026,Pennsylvania,late_oct_apr,Late Oct-Apr,2025-11,0.14707972803595698,0.14458789263723026,0.18499999999999997,924.6776556776557
nhsn,2025-2026,Pennsylvania,late_oct_apr,Late Oct-Apr,2025-12,0.13791514562008172,0.13493277668059375,0.185,825.3516483516485
nhsn,2025-2026,Pennsylvania,late_oct_apr,Late Oct-Apr,2026-01,0.13113201217724238,0.12787425763305083,0.185,580.481684981685
nhsn,2025-2026,Pennsylvania,late_oct_apr,Late Oct-Apr,2026-02,0.1176604023709867,0.11127960783463842,0.185,308.3974358974359
nhsn,2025-2026,Pennsylvania,late_oct_apr,Late Oct-Apr,2026-03,0.09139070151679307,0.08587029357901423,0.185,118.04761904761905
nhsn,2025-2026,Pennsylvania,late_oct_apr,Late Oct-Apr,2026-04,0.0,0.03798523644739606,0.13351405600000002,13.631868131868131
nhsn,2025-2026,Rhode Island,baseline_oct_mar,Baseline Oct-Mar,2025-01,0.0,0.0,0.0,0.1923076923076923
nhsn,2025-2026,Rhode Island,baseline_oct_mar,Baseline Oct-Mar,2025-02,0.0,0.0,0.0,0.7747252747252747
nhsn,2025-2026,Rhode Island,baseline_oct_mar,Baseline Oct-Mar,2025-03,0.0,0.026766223571175578,0.03425483870967742,4.212454212454213
nhsn,2025-2026,Rhode Island,baseline_oct_mar,Baseline Oct-Mar,2025-04,0.1413763328918556,0.14185714234171742,0.18499999999999991,15.227106227106226
nhsn,2025-2026,Rhode Island,baseline_oct_mar,Baseline Oct-Mar,2025-05,0.13767381907665793,0.1350914826270356,0.18499999999999997,35.98901098901099
nhsn,2025-2026,Rhode Island,baseline_oct_mar,Baseline Oct-Mar,2025-06,0.1463765069390192,0.1465999970847641,0.18499999999999991,55.57875457875458
nhsn,2025-2026,Rhode Island,baseline_oct_mar,Baseline Oct-Mar,2025-07,0.14358693245972906,0.14151524745501262,0.18499999999999997,69.72161172161174
nhsn,2025-2026,Rhode Island,baseline_oct_mar,Baseline Oct-Mar,2025-08,0.14741928214548125,0.14713887971582054,0.18499999999999997,76.81684981684984
nhsn,2025-2026,Rhode Island,baseline_oct_mar,Baseline Oct-Mar,2025-09,0.14782796136145587,0.14792135890726468,0.18499999999999991,74.83333333333334
nhsn,2025-2026,Rhode Island,baseline_oct_mar,Baseline Oct-Mar,2025-10,0.1483414757768005,0.1476175122271287,0.185,76.63919413919413
nhsn,2025-2026,Rhode Island,baseline_oct_mar,Baseline Oct-Mar,2025-11,0.14542229563123812,0.14284821705611972,0.18499999999999997,70.84798534798534
nhsn,2025-2026,Rhode Island,baseline_oct_mar,Baseline Oct-Mar,2025-12,0.13833547026066975,0.1342099243725555,0.185,61.481684981684985
nhsn,2025-2026,Rhode Island,baseline_oct_mar,Baseline Oct-Mar,2026-01,0.12687213883098034,0.1210956718462153,0.185,40.74908424908425
nhsn,2025-2026,Rhode Island,baseline_oct_mar,Baseline Oct-Mar,2026-02,0.1122463989968365,0.11189413276659216,0.185,18.07692307692308
nhsn,2025-2026,Rhode Island,baseline_oct_mar,Baseline Oct-Mar,2026-03,0.10236008684863525,0.08078172889641201,0.12500891612903228,8.075091575091575
nhsn,2025-2026,Rhode Island,baseline_oct_mar,Baseline Oct-Mar,2026-04,0.0,0.0,0.0,0.7838827838827839
nhsn,2025-2026,Rhode Island,early_sep_mar,Early Sep-Mar,2025-01,0.0,0.0,0.0,0.1923076923076923
nhsn,2025-2026,Rhode Island,early_sep_mar,Early Sep-Mar,2025-02,0.0,0.029551239719571302,0.035216071428571416,0.7747252747252747
nhsn,2025-2026,Rhode Island,early_sep_mar,Early Sep-Mar,2025-03,0.14339116174566177,0.14042214975334424,0.1814790322580645,4.212454212454213
nhsn,2025-2026,Rhode Island,early_sep_mar,Early Sep-Mar,2025-04,0.14462900595967607,0.14400783952435423,0.18499999999999991,15.227106227106226
nhsn,2025-2026,Rhode Island,early_sep_mar,Early Sep-Mar,2025-05,0.1477266134194273,0.14769035638102315,0.18499999999999997,35.98901098901099
nhsn,2025-2026,Rhode Island,early_sep_mar,Early Sep-Mar,2025-06,0.14747266092410993,0.14711604178285068,0.18499999999999991,55.57875457875458
nhsn,2025-2026,Rhode Island,early_sep_mar,Early Sep-Mar,2025-07,0.14756724712614197,0.14752800220054732,0.18499999999999997,69.72161172161174
nhsn,2025-2026,Rhode Island,early_sep_mar,Early Sep-Mar,2025-08,0.14571471965719743,0.14515419287158843,0.18499999999999997,76.81684981684984
nhsn,2025-2026,Rhode Island,early_sep_mar,Early Sep-Mar,2025-09,0.14749941015907173,0.1468550560385752,0.18499999999999997,74.83333333333334
nhsn,2025-2026,Rhode Island,early_sep_mar,Early Sep-Mar,2025-10,0.1483414757768005,0.1476175122271287,0.185,76.63919413919413
nhsn,2025-2026,Rhode Island,early_sep_mar,Early Sep-Mar,2025-11,0.14542229563123812,0.14284821705611972,0.18499999999999997,70.84798534798534
nhsn,2025-2026,Rhode Island,early_sep_mar,Early Sep-Mar,2025-12,0.13833547026066975,0.1342099243725555,0.185,61.481684981684985
nhsn,2025-2026,Rhode Island,early_sep_mar,Early Sep-Mar,2026-01,0.12687213883098034,0.1210956718462153,0.185,40.74908424908425
nhsn,2025-2026,Rhode Island,early_sep_mar,Early Sep-Mar,2026-02,0.1122463989968365,0.11189413276659216,0.185,18.07692307692308
nhsn,2025-2026,Rhode Island,early_sep_mar,Early Sep-Mar,2026-03,0.10236008684863525,0.08078172889641201,0.12500891612903228,8.075091575091575
nhsn,2025-2026,Rhode Island,early_sep_mar,Early Sep-Mar,2026-04,0.0,0.0,0.0,0.7838827838827839
nhsn,2025-2026,Rhode Island,extended_sep_apr,Extended Sep-Apr,2025-01,0.0,0.0,0.0,0.1923076923076923
nhsn,2025-2026,Rhode Island,extended_sep_apr,Extended Sep-Apr,2025-02,0.0,0.029551239719571302,0.035216071428571416,0.7747252747252747
nhsn,2025-2026,Rhode Island,extended_sep_apr,Extended Sep-Apr,2025-03,0.14339116174566177,0.14042214975334424,0.1814790322580645,4.212454212454213
nhsn,2025-2026,Rhode Island,extended_sep_apr,Extended Sep-Apr,2025-04,0.14462900595967607,0.14400783952435423,0.18499999999999991,15.227106227106226
nhsn,2025-2026,Rhode Island,extended_sep_apr,Extended Sep-Apr,2025-05,0.1477266134194273,0.14769035638102315,0.18499999999999997,35.98901098901099
nhsn,2025-2026,Rhode Island,extended_sep_apr,Extended Sep-Apr,2025-06,0.14747266092410993,0.14711604178285068,0.18499999999999991,55.57875457875458
nhsn,2025-2026,Rhode Island,extended_sep_apr,Extended Sep-Apr,2025-07,0.14756724712614197,0.14752800220054732,0.18499999999999997,69.72161172161174
nhsn,2025-2026,Rhode Island,extended_sep_apr,Extended Sep-Apr,2025-08,0.14571471965719743,0.14515419287158843,0.18499999999999997,76.81684981684984
nhsn,2025-2026,Rhode Island,extended_sep_apr,Extended Sep-Apr,2025-09,0.14749941015907173,0.1468550560385752,0.18499999999999997,74.83333333333334
nhsn,2025-2026,Rhode Island,extended_sep_apr,Extended Sep-Apr,2025-10,0.1483414757768005,0.1476175122271287,0.185,76.63919413919413
nhsn,2025-2026,Rhode Island,extended_sep_apr,Extended Sep-Apr,2025-11,0.14542229563123812,0.14284821705611972,0.18499999999999997,70.84798534798534
nhsn,2025-2026,Rhode Island,extended_sep_apr,Extended Sep-Apr,2025-12,0.13833547026066975,0.1342099243725555,0.185,61.481684981684985
nhsn,2025-2026,Rhode Island,extended_sep_apr,Extended Sep-Apr,2026-01,0.12687213883098034,0.1210956718462153,0.185,40.74908424908425
nhsn,2025-2026,Rhode Island,extended_sep_apr,Extended Sep-Apr,2026-02,0.1122463989968365,0.11189413276659216,0.185,18.07692307692308
nhsn,2025-2026,Rhode Island,extended_sep_apr,Extended Sep-Apr,2026-03,0.10236008684863525,0.0879633752990732,0.185,8.075091575091575
nhsn,2025-2026,Rhode Island,extended_sep_apr,Extended Sep-Apr,2026-04,0.0,0.035126082514199776,0.13351405600000002,0.7838827838827838
nhsn,2025-2026,Rhode Island,late_oct_apr,Late Oct-Apr,2025-01,0.0,0.0,0.0,0.1923076923076923
nhsn,2025-2026,Rhode Island,late_oct_apr,Late Oct-Apr,2025-02,0.0,0.0,0.0,0.7747252747252747
nhsn,2025-2026,Rhode Island,late_oct_apr,Late Oct-Apr,2025-03,0.0,0.026766223571175578,0.03425483870967742,4.212454212454213
nhsn,2025-2026,Rhode Island,late_oct_apr,Late Oct-Apr,2025-04,0.1413763328918556,0.14185714234171742,0.18499999999999991,15.227106227106226
nhsn,2025-2026,Rhode Island,late_oct_apr,Late Oct-Apr,2025-05,0.13767381907665793,0.1350914826270356,0.18499999999999997,35.98901098901099
nhsn,2025-2026,Rhode Island,late_oct_apr,Late Oct-Apr,2025-06,0.1463765069390192,0.1465999970847641,0.18499999999999991,55.57875457875458
nhsn,2025-2026,Rhode Island,late_oct_apr,Late Oct-Apr,2025-07,0.14358693245972906,0.14151524745501262,0.18499999999999997,69.72161172161174
nhsn,2025-2026,Rhode Island,late_oct_apr,Late Oct-Apr,2025-08,0.14741928214548125,0.14713887971582054,0.18499999999999997,76.81684981684984
nhsn,2025-2026,Rhode Island,late_oct_apr,Late Oct-Apr,2025-09,0.14782796136145587,0.14792135890726468,0.18499999999999991,74.83333333333334
nhsn,2025-2026,Rhode Island,late_oct_apr,Late Oct-Apr,2025-10,0.1483414757768005,0.1476175122271287,0.185,76.63919413919413
nhsn,2025-2026,Rhode Island,late_oct_apr,Late Oct-Apr,2025-11,0.14542229563123812,0.14284821705611972,0.18499999999999997,70.84798534798534
nhsn,2025-2026,Rhode Island,late_oct_apr,Late Oct-Apr,2025-12,0.13833547026066975,0.1342099243725555,0.185,61.481684981684985
nhsn,2025-2026,Rhode Island,late_oct_apr,Late Oct-Apr,2026-01,0.12687213883098034,0.1210956718462153,0.185,40.74908424908425
nhsn,2025-2026,Rhode Island,late_oct_apr,Late Oct-Apr,2026-02,0.1122463989968365,0.11189413276659216,0.185,18.07692307692308
nhsn,2025-2026,Rhode Island,late_oct_apr,Late Oct-Apr,2026-03,0.10236008684863525,0.0879633752990732,0.185,8.075091575091575
nhsn,2025-2026,Rhode Island,late_oct_apr,Late Oct-Apr,2026-04,0.0,0.035126082514199776,0.13351405600000002,0.7838827838827838
nhsn,2025-2026,South Carolina,baseline_oct_mar,Baseline Oct-Mar,2025-01,0.0,0.0,0.0,4.1593406593406606
nhsn,2025-2026,South Carolina,baseline_oct_mar,Baseline Oct-Mar,2025-02,0.0,0.0,0.0,12.710622710622712
nhsn,2025-2026,South Carolina,baseline_oct_mar,Baseline Oct-Mar,2025-03,0.0,0.024178907684749614,0.03425483870967742,45.91025641025641
nhsn,2025-2026,South Carolina,baseline_oct_mar,Baseline Oct-Mar,2025-04,0.1302925756137772,0.12876845723504032,0.18499999999999991,110.03296703296704
nhsn,2025-2026,South Carolina,baseline_oct_mar,Baseline Oct-Mar,2025-05,0.11590402154740798,0.11843675849825575,0.18499999999999997,190.76007326007334
nhsn,2025-2026,South Carolina,baseline_oct_mar,Baseline Oct-Mar,2025-06,0.13924987343622144,0.13850831504307914,0.18499999999999991,222.52747252747253
nhsn,2025-2026,South Carolina,baseline_oct_mar,Baseline Oct-Mar,2025-07,0.1241447891043497,0.1263888276989457,0.18499999999999997,252.44505494505486
nhsn,2025-2026,South Carolina,baseline_oct_mar,Baseline Oct-Mar,2025-08,0.14423414053995262,0.1432357383292013,0.18499999999999997,262.7014652014653
nhsn,2025-2026,South Carolina,baseline_oct_mar,Baseline Oct-Mar,2025-09,0.14634812021561647,0.14604941448858938,0.18499999999999991,255.85897435897436
nhsn,2025-2026,South Carolina,baseline_oct_mar,Baseline Oct-Mar,2025-10,0.14641081652186996,0.14455420697622773,0.185,254.35714285714286
nhsn,2025-2026,South Carolina,baseline_oct_mar,Baseline Oct-Mar,2025-11,0.14129822624758887,0.1361202340040964,0.18499999999999997,214.56593406593407
nhsn,2025-2026,South Carolina,baseline_oct_mar,Baseline Oct-Mar,2025-12,0.12070896749573311,0.12016204027084323,0.185,153.13369963369965
nhsn,2025-2026,South Carolina,baseline_oct_mar,Baseline Oct-Mar,2026-01,0.12440318040187659,0.11978358907148565,0.185,75.78937728937728
nhsn,2025-2026,South Carolina,baseline_oct_mar,Baseline Oct-Mar,2026-02,0.11969171918141498,0.11378586642850508,0.185,34.64102564102564
nhsn,2025-2026,South Carolina,baseline_oct_mar,Baseline Oct-Mar,2026-03,0.08509927021696252,0.0802791533339152,0.12500891612903228,15.437728937728938
nhsn,2025-2026,South Carolina,baseline_oct_mar,Baseline Oct-Mar,2026-04,0.0,0.0,0.0,3.3058608058608057
nhsn,2025-2026,South Carolina,early_sep_mar,Early Sep-Mar,2025-01,0.0,0.0,0.0,4.1593406593406606
nhsn,2025-2026,South Carolina,early_sep_mar,Early Sep-Mar,2025-02,0.0,0.02441787075213556,0.035216071428571416,12.710622710622712
nhsn,2025-2026,South Carolina,early_sep_mar,Early Sep-Mar,2025-03,0.13595941708291706,0.13375911164012655,0.1814790322580645,45.91025641025641
nhsn,2025-2026,South Carolina,early_sep_mar,Early Sep-Mar,2025-04,0.13528849156986358,0.13421714810667243,0.18499999999999991,110.03296703296704
nhsn,2025-2026,South Carolina,early_sep_mar,Early Sep-Mar,2025-05,0.14605097522401214,0.14523604969811854,0.18499999999999997,190.76007326007334
nhsn,2025-2026,South Carolina,early_sep_mar,Early Sep-Mar,2025-06,0.14227755827721258,0.1415950891679706,0.18499999999999991,222.52747252747253
nhsn,2025-2026,South Carolina,early_sep_mar,Early Sep-Mar,2025-07,0.14705372407592407,0.14675098417834365,0.18499999999999997,252.44505494505486
nhsn,2025-2026,South Carolina,early_sep_mar,Early Sep-Mar,2025-08,0.14687815663788267,0.14647057003209,0.18499999999999997,262.7014652014653
nhsn,2025-2026,South Carolina,early_sep_mar,Early Sep-Mar,2025-09,0.14669701886569203,0.14639370491865128,0.18499999999999997,255.85897435897436
nhsn,2025-2026,South Carolina,early_sep_mar,Early Sep-Mar,2025-10,0.14641081652186996,0.14455420697622773,0.185,254.35714285714286
nhsn,2025-2026,South Carolina,early_sep_mar,Early Sep-Mar,2025-11,0.14129822624758887,0.1361202340040964,0.18499999999999997,214.56593406593407
nhsn,2025-2026,South Carolina,early_sep_mar,Early Sep-Mar,2025-12,0.12070896749573311,0.12016204027084323,0.185,153.13369963369965
nhsn,2025-2026,South Carolina,early_sep_mar,Early Sep-Mar,2026-01,0.12440318040187659,0.11978358907148565,0.185,75.78937728937728
nhsn,2025-2026,South Carolina,early_sep_mar,Early Sep-Mar,2026-02,0.11969171918141498,0.11378586642850508,0.185,34.64102564102564
nhsn,2025-2026,South Carolina,early_sep_mar,Early Sep-Mar,2026-03,0.08509927021696252,0.0802791533339152,0.12500891612903228,15.437728937728938
nhsn,2025-2026,South Carolina,early_sep_mar,Early Sep-Mar,2026-04,0.0,0.0,0.0,3.3058608058608057
nhsn,2025-2026,South Carolina,extended_sep_apr,Extended Sep-Apr,2025-01,0.0,0.0,0.0,4.1593406593406606
nhsn,2025-2026,South Carolina,extended_sep_apr,Extended Sep-Apr,2025-02,0.0,0.02441787075213556,0.035216071428571416,12.710622710622712
nhsn,2025-2026,South Carolina,extended_sep_apr,Extended Sep-Apr,2025-03,0.13595941708291706,0.13375911164012655,0.1814790322580645,45.91025641025641
nhsn,2025-2026,South Carolina,extended_sep_apr,Extended Sep-Apr,2025-04,0.13528849156986358,0.13421714810667243,0.18499999999999991,110.03296703296704
nhsn,2025-2026,South Carolina,extended_sep_apr,Extended Sep-Apr,2025-05,0.14605097522401214,0.14523604969811854,0.18499999999999997,190.76007326007334
nhsn,2025-2026,South Carolina,extended_sep_apr,Extended Sep-Apr,2025-06,0.14227755827721258,0.1415950891679706,0.18499999999999991,222.52747252747253
nhsn,2025-2026,South Carolina,extended_sep_apr,Extended Sep-Apr,2025-07,0.14705372407592407,0.14675098417834365,0.18499999999999997,252.44505494505486
nhsn,2025-2026,South Carolina,extended_sep_apr,Extended Sep-Apr,2025-08,0.14687815663788267,0.14647057003209,0.18499999999999997,262.7014652014653
nhsn,2025-2026,South Carolina,extended_sep_apr,Extended Sep-Apr,2025-09,0.14669701886569203,0.14639370491865128,0.18499999999999997,255.85897435897436
nhsn,2025-2026,South Carolina,extended_sep_apr,Extended Sep-Apr,2025-10,0.14641081652186996,0.14455420697622773,0.185,254.35714285714286
nhsn,2025-2026,South Carolina,extended_sep_apr,Extended Sep-Apr,2025-11,0.14129822624758887,0.1361202340040964,0.18499999999999997,214.56593406593407
nhsn,2025-2026,South Carolina,extended_sep_apr,Extended Sep-Apr,2025-12,0.12070896749573311,0.12016204027084323,0.185,153.13369963369965
nhsn,2025-2026,South Carolina,extended_sep_apr,Extended Sep-Apr,2026-01,0.12440318040187659,0.11978358907148565,0.185,75.78937728937728
nhsn,2025-2026,South Carolina,extended_sep_apr,Extended Sep-Apr,2026-02,0.11969171918141498,0.11378586642850508,0.185,34.64102564102564
nhsn,2025-2026,South Carolina,extended_sep_apr,Extended Sep-Apr,2026-03,0.10163643288084465,0.09934422151672515,0.185,15.437728937728938
nhsn,2025-2026,South Carolina,extended_sep_apr,Extended Sep-Apr,2026-04,0.019870819672131144,0.052665607795907045,0.13351405600000002,3.305860805860806
nhsn,2025-2026,South Carolina,late_oct_apr,Late Oct-Apr,2025-01,0.0,0.0,0.0,4.1593406593406606
nhsn,2025-2026,South Carolina,late_oct_apr,Late Oct-Apr,2025-02,0.0,0.0,0.0,12.710622710622712
nhsn,2025-2026,South Carolina,late_oct_apr,Late Oct-Apr,2025-03,0.0,0.024178907684749614,0.03425483870967742,45.91025641025641
nhsn,2025-2026,South Carolina,late_oct_apr,Late Oct-Apr,2025-04,0.1302925756137772,0.12876845723504032,0.18499999999999991,110.03296703296704
nhsn,2025-2026,South Carolina,late_oct_apr,Late Oct-Apr,2025-05,0.11590402154740798,0.11843675849825575,0.18499999999999997,190.76007326007334
nhsn,2025-2026,South Carolina,late_oct_apr,Late Oct-Apr,2025-06,0.13924987343622144,0.13850831504307914,0.18499999999999991,222.52747252747253
nhsn,2025-2026,South Carolina,late_oct_apr,Late Oct-Apr,2025-07,0.1241447891043497,0.1263888276989457,0.18499999999999997,252.44505494505486
nhsn,2025-2026,South Carolina,late_oct_apr,Late Oct-Apr,2025-08,0.14423414053995262,0.1432357383292013,0.18499999999999997,262.7014652014653
nhsn,2025-2026,South Carolina,late_oct_apr,Late Oct-Apr,2025-09,0.14634812021561647,0.14604941448858938,0.18499999999999991,255.85897435897436
nhsn,2025-2026,South Carolina,late_oct_apr,Late Oct-Apr,2025-10,0.14641081652186996,0.14455420697622773,0.185,254.35714285714286
nhsn,2025-2026,South Carolina,late_oct_apr,Late Oct-Apr,2025-11,0.14129822624758887,0.1361202340040964,0.18499999999999997,214.56593406593407
nhsn,2025-2026,South Carolina,late_oct_apr,Late Oct-Apr,2025-12,0.12070896749573311,0.12016204027084323,0.185,153.13369963369965
nhsn,2025-2026,South Carolina,late_oct_apr,Late Oct-Apr,2026-01,0.12440318040187659,0.11978358907148565,0.185,75.78937728937728
nhsn,2025-2026,South Carolina,late_oct_apr,Late Oct-Apr,2026-02,0.11969171918141498,0.11378586642850508,0.185,34.64102564102564
nhsn,2025-2026,South Carolina,late_oct_apr,Late Oct-Apr,2026-03,0.10163643288084465,0.09934422151672515,0.185,15.437728937728938
nhsn,2025-2026,South Carolina,late_oct_apr,Late Oct-Apr,2026-04,0.019870819672131144,0.052665607795907045,0.13351405600000002,3.305860805860806
nhsn,2025-2026,South Dakota,baseline_oct_mar,Baseline Oct-Mar,2025-01,0.0,0.0,0.0,0.3974358974358973
nhsn,2025-2026,South Dakota,baseline_oct_mar,Baseline Oct-Mar,2025-02,0.0,0.0,0.0,0.3589743589743589
nhsn,2025-2026,South Dakota,baseline_oct_mar,Baseline Oct-Mar,2025-03,0.0,0.014756589267990075,0.03425483870967742,0.7179487179487176
nhsn,2025-2026,South Dakota,baseline_oct_mar,Baseline Oct-Mar,2025-04,0.09781856589564282,0.09700143915803185,0.18499999999999991,1.2783882783882783
nhsn,2025-2026,South Dakota,baseline_oct_mar,Baseline Oct-Mar,2025-05,0.13263250080688543,0.1325456904395218,0.18499999999999997,7.0604395604395584
nhsn,2025-2026,South Dakota,baseline_oct_mar,Baseline Oct-Mar,2025-06,0.14592997538999464,0.14592502972213614,0.18499999999999991,27.60989010989011
nhsn,2025-2026,South Dakota,baseline_oct_mar,Baseline Oct-Mar,2025-07,0.1467189321386946,0.14676821628332581,0.18499999999999997,60.426739926739934
nhsn,2025-2026,South Dakota,baseline_oct_mar,Baseline Oct-Mar,2025-08,0.14770063773887465,0.14767147337998776,0.18499999999999997,75.00915750915752
nhsn,2025-2026,South Dakota,baseline_oct_mar,Baseline Oct-Mar,2025-09,0.14746364917225632,0.1474920421150533,0.18499999999999991,75.38461538461537
nhsn,2025-2026,South Dakota,baseline_oct_mar,Baseline Oct-Mar,2025-10,0.14764925642214932,0.14763823469358126,0.185,77.8974358974359
nhsn,2025-2026,South Dakota,baseline_oct_mar,Baseline Oct-Mar,2025-11,0.14862926310100155,0.1485191529458088,0.18499999999999997,75.06410256410257
nhsn,2025-2026,South Dakota,baseline_oct_mar,Baseline Oct-Mar,2025-12,0.14901285374625375,0.147639605974812,0.185,76.91758241758242
nhsn,2025-2026,South Dakota,baseline_oct_mar,Baseline Oct-Mar,2026-01,0.14402231272061272,0.1380813909084256,0.185,70.86446886446886
nhsn,2025-2026,South Dakota,baseline_oct_mar,Baseline Oct-Mar,2026-02,0.1238937179511588,0.11424166743854296,0.185,44.96153846153847
nhsn,2025-2026,South Dakota,baseline_oct_mar,Baseline Oct-Mar,2026-03,0.07978069457968194,0.0736626888769239,0.12500891612903228,18.783882783882788
nhsn,2025-2026,South Dakota,baseline_oct_mar,Baseline Oct-Mar,2026-04,0.0,0.0,0.0,3.100732600732601
nhsn,2025-2026,South Dakota,early_sep_mar,Early Sep-Mar,2025-01,0.0,0.0,0.0,0.3974358974358973
nhsn,2025-2026,South Dakota,early_sep_mar,Early Sep-Mar,2025-02,0.0,0.0,0.035216071428571416,0.3589743589743589
nhsn,2025-2026,South Dakota,early_sep_mar,Early Sep-Mar,2025-03,0.07476421078921079,0.06344838773142662,0.1814790322580645,0.7179487179487176
nhsn,2025-2026,South Dakota,early_sep_mar,Early Sep-Mar,2025-04,0.10237434265734265,0.10147661423338591,0.18499999999999991,1.2783882783882783
nhsn,2025-2026,South Dakota,early_sep_mar,Early Sep-Mar,2025-05,0.13822930909090908,0.13796412233574895,0.18499999999999997,7.0604395604395584
nhsn,2025-2026,South Dakota,early_sep_mar,Early Sep-Mar,2025-06,0.14590973767282517,0.14591978935394612,0.18499999999999991,27.60989010989011
nhsn,2025-2026,South Dakota,early_sep_mar,Early Sep-Mar,2025-07,0.146224372043188,0.14624361771008534,0.18499999999999997,60.426739926739934
nhsn,2025-2026,South Dakota,early_sep_mar,Early Sep-Mar,2025-08,0.14409729582538675,0.14236906204487873,0.18499999999999997,75.00915750915752
nhsn,2025-2026,South Dakota,early_sep_mar,Early Sep-Mar,2025-09,0.14492818813329528,0.14342084664906557,0.18499999999999997,75.38461538461539
nhsn,2025-2026,South Dakota,early_sep_mar,Early Sep-Mar,2025-10,0.14764925642214932,0.14763823469358126,0.185,77.8974358974359
nhsn,2025-2026,South Dakota,early_sep_mar,Early Sep-Mar,2025-11,0.14862926310100155,0.1485191529458088,0.18499999999999997,75.06410256410257
nhsn,2025-2026,South Dakota,early_sep_mar,Early Sep-Mar,2025-12,0.14901285374625375,0.147639605974812,0.185,76.91758241758242
nhsn,2025-2026,South Dakota,early_sep_mar,Early Sep-Mar,2026-01,0.14402231272061272,0.1380813909084256,0.185,70.86446886446886
nhsn,2025-2026,South Dakota,early_sep_mar,Early Sep-Mar,2026-02,0.1238937179511588,0.11424166743854296,0.185,44.96153846153847
nhsn,2025-2026,South Dakota,early_sep_mar,Early Sep-Mar,2026-03,0.07978069457968194,0.0736626888769239,0.12500891612903228,18.783882783882788
nhsn,2025-2026,South Dakota,early_sep_mar,Early Sep-Mar,2026-04,0.0,0.0,0.0,3.100732600732601
nhsn,2025-2026,South Dakota,extended_sep_apr,Extended Sep-Apr,2025-01,0.0,0.0,0.0,0.3974358974358973
nhsn,2025-2026,South Dakota,extended_sep_apr,Extended Sep-Apr,2025-02,0.0,0.0,0.035216071428571416,0.3589743589743589
nhsn,2025-2026,South Dakota,extended_sep_apr,Extended Sep-Apr,2025-03,0.07476421078921079,0.06344838773142662,0.1814790322580645,0.7179487179487176
nhsn,2025-2026,South Dakota,extended_sep_apr,Extended Sep-Apr,2025-04,0.10237434265734265,0.10147661423338591,0.18499999999999991,1.2783882783882783
nhsn,2025-2026,South Dakota,extended_sep_apr,Extended Sep-Apr,2025-05,0.13822930909090908,0.13796412233574895,0.18499999999999997,7.0604395604395584
nhsn,2025-2026,South Dakota,extended_sep_apr,Extended Sep-Apr,2025-06,0.14590973767282517,0.14591978935394612,0.18499999999999991,27.60989010989011
nhsn,2025-2026,South Dakota,extended_sep_apr,Extended Sep-Apr,2025-07,0.146224372043188,0.14624361771008534,0.18499999999999997,60.426739926739934
nhsn,2025-2026,South Dakota,extended_sep_apr,Extended Sep-Apr,2025-08,0.14409729582538675,0.14236906204487873,0.18499999999999997,75.00915750915752
nhsn,2025-2026,South Dakota,extended_sep_apr,Extended Sep-Apr,2025-09,0.14492818813329528,0.14342084664906557,0.18499999999999997,75.38461538461539
nhsn,2025-2026,South Dakota,extended_sep_apr,Extended Sep-Apr,2025-10,0.14764925642214932,0.14763823469358126,0.185,77.8974358974359
nhsn,2025-2026,South Dakota,extended_sep_apr,Extended Sep-Apr,2025-11,0.14862926310100155,0.1485191529458088,0.18499999999999997,75.06410256410257
nhsn,2025-2026,South Dakota,extended_sep_apr,Extended Sep-Apr,2025-12,0.14901285374625375,0.147639605974812,0.185,76.91758241758242
nhsn,2025-2026,South Dakota,extended_sep_apr,Extended Sep-Apr,2026-01,0.14402231272061272,0.1380813909084256,0.185,70.86446886446886
nhsn,2025-2026,South Dakota,extended_sep_apr,Extended Sep-Apr,2026-02,0.1238937179511588,0.11424166743854296,0.185,44.96153846153847
nhsn,2025-2026,South Dakota,extended_sep_apr,Extended Sep-Apr,2026-03,0.09264641554321967,0.0903304747449123,0.185,18.783882783882788
nhsn,2025-2026,South Dakota,extended_sep_apr,Extended Sep-Apr,2026-04,0.02126526315789474,0.054440641729670336,0.13351405600000002,3.100732600732601
nhsn,2025-2026,South Dakota,late_oct_apr,Late Oct-Apr,2025-01,0.0,0.0,0.0,0.3974358974358973
nhsn,2025-2026,South Dakota,late_oct_apr,Late Oct-Apr,2025-02,0.0,0.0,0.0,0.3589743589743589
nhsn,2025-2026,South Dakota,late_oct_apr,Late Oct-Apr,2025-03,0.0,0.014756589267990075,0.03425483870967742,0.7179487179487176
nhsn,2025-2026,South Dakota,late_oct_apr,Late Oct-Apr,2025-04,0.09781856589564282,0.09700143915803185,0.18499999999999991,1.2783882783882783
nhsn,2025-2026,South Dakota,late_oct_apr,Late Oct-Apr,2025-05,0.13263250080688543,0.1325456904395218,0.18499999999999997,7.0604395604395584
nhsn,2025-2026,South Dakota,late_oct_apr,Late Oct-Apr,2025-06,0.14592997538999464,0.14592502972213614,0.18499999999999991,27.60989010989011
nhsn,2025-2026,South Dakota,late_oct_apr,Late Oct-Apr,2025-07,0.1467189321386946,0.14676821628332581,0.18499999999999997,60.426739926739934
nhsn,2025-2026,South Dakota,late_oct_apr,Late Oct-Apr,2025-08,0.14770063773887465,0.14767147337998776,0.18499999999999997,75.00915750915752
nhsn,2025-2026,South Dakota,late_oct_apr,Late Oct-Apr,2025-09,0.14746364917225632,0.1474920421150533,0.18499999999999991,75.38461538461537
nhsn,2025-2026,South Dakota,late_oct_apr,Late Oct-Apr,2025-10,0.14764925642214932,0.14763823469358126,0.185,77.8974358974359
nhsn,2025-2026,South Dakota,late_oct_apr,Late Oct-Apr,2025-11,0.14862926310100155,0.1485191529458088,0.18499999999999997,75.06410256410257
nhsn,2025-2026,South Dakota,late_oct_apr,Late Oct-Apr,2025-12,0.14901285374625375,0.147639605974812,0.185,76.91758241758242
nhsn,2025-2026,South Dakota,late_oct_apr,Late Oct-Apr,2026-01,0.14402231272061272,0.1380813909084256,0.185,70.86446886446886
nhsn,2025-2026,South Dakota,late_oct_apr,Late Oct-Apr,2026-02,0.1238937179511588,0.11424166743854296,0.185,44.96153846153847
nhsn,2025-2026,South Dakota,late_oct_apr,Late Oct-Apr,2026-03,0.09264641554321967,0.0903304747449123,0.185,18.783882783882788
nhsn,2025-2026,South Dakota,late_oct_apr,Late Oct-Apr,2026-04,0.02126526315789474,0.054440641729670336,0.13351405600000002,3.100732600732601
nhsn,2025-2026,Tennessee,baseline_oct_mar,Baseline Oct-Mar,2025-01,0.0,0.0,0.0,4.813186813186812
nhsn,2025-2026,Tennessee,baseline_oct_mar,Baseline Oct-Mar,2025-02,0.0,0.0,0.0,7.362637362637362
nhsn,2025-2026,Tennessee,baseline_oct_mar,Baseline Oct-Mar,2025-03,0.0,0.020218178162178354,0.03425483870967742,18.52380952380953
nhsn,2025-2026,Tennessee,baseline_oct_mar,Baseline Oct-Mar,2025-04,0.12698045507110342,0.12679513728162164,0.18499999999999991,58.1978021978022
nhsn,2025-2026,Tennessee,baseline_oct_mar,Baseline Oct-Mar,2025-05,0.135649426174875,0.13600687296836964,0.18499999999999997,166.007326007326
nhsn,2025-2026,Tennessee,baseline_oct_mar,Baseline Oct-Mar,2025-06,0.14438976539531895,0.14399622178005364,0.18499999999999991,257.85897435897436
nhsn,2025-2026,Tennessee,baseline_oct_mar,Baseline Oct-Mar,2025-07,0.14226149415343356,0.14273581045632788,0.18499999999999997,348.85347985347994
nhsn,2025-2026,Tennessee,baseline_oct_mar,Baseline Oct-Mar,2025-08,0.14629318230462451,0.14624942467845356,0.18499999999999997,380.22344322344316
nhsn,2025-2026,Tennessee,baseline_oct_mar,Baseline Oct-Mar,2025-09,0.14729492950135126,0.14731763809218054,0.18499999999999991,375.07875457875457
nhsn,2025-2026,Tennessee,baseline_oct_mar,Baseline Oct-Mar,2025-10,0.1479171310616126,0.14772304593596589,0.185,384.1684981684982
nhsn,2025-2026,Tennessee,baseline_oct_mar,Baseline Oct-Mar,2025-11,0.14816997499311588,0.14612296648826956,0.18499999999999997,361.44505494505495
nhsn,2025-2026,Tennessee,baseline_oct_mar,Baseline Oct-Mar,2025-12,0.1380624727718065,0.13398405445922779,0.185,330.4761904761905
nhsn,2025-2026,Tennessee,baseline_oct_mar,Baseline Oct-Mar,2026-01,0.12991107409367678,0.12576362539029917,0.185,222.66483516483515
nhsn,2025-2026,Tennessee,baseline_oct_mar,Baseline Oct-Mar,2026-02,0.11903371518971671,0.11096894573062226,0.185,113.58974358974359
nhsn,2025-2026,Tennessee,baseline_oct_mar,Baseline Oct-Mar,2026-03,0.09202738866396762,0.07767660607647058,0.12500891612903228,45.221611721611715
nhsn,2025-2026,Tennessee,baseline_oct_mar,Baseline Oct-Mar,2026-04,0.0,0.0,0.0,10.29120879120879
nhsn,2025-2026,Tennessee,early_sep_mar,Early Sep-Mar,2025-01,0.0,0.0,0.0,4.813186813186812
nhsn,2025-2026,Tennessee,early_sep_mar,Early Sep-Mar,2025-02,0.0,0.01577091124062866,0.035216071428571416,7.362637362637362
nhsn,2025-2026,Tennessee,early_sep_mar,Early Sep-Mar,2025-03,0.10841809204176103,0.10626438668051288,0.1814790322580645,18.52380952380953
nhsn,2025-2026,Tennessee,early_sep_mar,Early Sep-Mar,2025-04,0.1275997902977023,0.12928397768817004,0.18499999999999991,58.1978021978022
nhsn,2025-2026,Tennessee,early_sep_mar,Early Sep-Mar,2025-05,0.14385027949297355,0.14381666331760531,0.18499999999999997,166.007326007326
nhsn,2025-2026,Tennessee,early_sep_mar,Early Sep-Mar,2025-06,0.14449177920984127,0.14454264739694653,0.18499999999999991,257.85897435897436
nhsn,2025-2026,Tennessee,early_sep_mar,Early Sep-Mar,2025-07,0.14583150412303403,0.1458444058167984,0.18499999999999997,348.85347985347994
nhsn,2025-2026,Tennessee,early_sep_mar,Early Sep-Mar,2025-08,0.14496734213694765,0.14405928988855754,0.18499999999999997,380.22344322344316
nhsn,2025-2026,Tennessee,early_sep_mar,Early Sep-Mar,2025-09,0.14599685819593347,0.14493560349261586,0.18499999999999997,375.07875457875457
nhsn,2025-2026,Tennessee,early_sep_mar,Early Sep-Mar,2025-10,0.1479171310616126,0.14772304593596589,0.185,384.1684981684982
nhsn,2025-2026,Tennessee,early_sep_mar,Early Sep-Mar,2025-11,0.14816997499311588,0.14612296648826956,0.18499999999999997,361.44505494505495
nhsn,2025-2026,Tennessee,early_sep_mar,Early Sep-Mar,2025-12,0.1380624727718065,0.13398405445922779,0.185,330.4761904761905
nhsn,2025-2026,Tennessee,early_sep_mar,Early Sep-Mar,2026-01,0.12991107409367678,0.12576362539029917,0.185,222.66483516483515
nhsn,2025-2026,Tennessee,early_sep_mar,Early Sep-Mar,2026-02,0.11903371518971671,0.11096894573062226,0.185,113.58974358974359
nhsn,2025-2026,Tennessee,early_sep_mar,Early Sep-Mar,2026-03,0.09202738866396762,0.07767660607647058,0.12500891612903228,45.221611721611715
nhsn,2025-2026,Tennessee,early_sep_mar,Early Sep-Mar,2026-04,0.0,0.0,0.0,10.29120879120879
nhsn,2025-2026,Tennessee,extended_sep_apr,Extended Sep-Apr,2025-01,0.0,0.0,0.0,4.813186813186812
nhsn,2025-2026,Tennessee,extended_sep_apr,Extended Sep-Apr,2025-02,0.0,0.01577091124062866,0.035216071428571416,7.362637362637362
nhsn,2025-2026,Tennessee,extended_sep_apr,Extended Sep-Apr,2025-03,0.10841809204176103,0.10626438668051288,0.1814790322580645,18.52380952380953
nhsn,2025-2026,Tennessee,extended_sep_apr,Extended Sep-Apr,2025-04,0.1275997902977023,0.12928397768817004,0.18499999999999991,58.1978021978022
nhsn,2025-2026,Tennessee,extended_sep_apr,Extended Sep-Apr,2025-05,0.14385027949297355,0.14381666331760531,0.18499999999999997,166.007326007326
nhsn,2025-2026,Tennessee,extended_sep_apr,Extended Sep-Apr,2025-06,0.14449177920984127,0.14454264739694653,0.18499999999999991,257.85897435897436
nhsn,2025-2026,Tennessee,extended_sep_apr,Extended Sep-Apr,2025-07,0.14583150412303403,0.1458444058167984,0.18499999999999997,348.85347985347994
nhsn,2025-2026,Tennessee,extended_sep_apr,Extended Sep-Apr,2025-08,0.14496734213694765,0.14405928988855754,0.18499999999999997,380.22344322344316
nhsn,2025-2026,Tennessee,extended_sep_apr,Extended Sep-Apr,2025-09,0.14599685819593347,0.14493560349261586,0.18499999999999997,375.07875457875457
nhsn,2025-2026,Tennessee,extended_sep_apr,Extended Sep-Apr,2025-10,0.1479171310616126,0.14772304593596589,0.185,384.1684981684982
nhsn,2025-2026,Tennessee,extended_sep_apr,Extended Sep-Apr,2025-11,0.14816997499311588,0.14612296648826956,0.18499999999999997,361.44505494505495
nhsn,2025-2026,Tennessee,extended_sep_apr,Extended Sep-Apr,2025-12,0.1380624727718065,0.13398405445922779,0.185,330.4761904761905
nhsn,2025-2026,Tennessee,extended_sep_apr,Extended Sep-Apr,2026-01,0.12991107409367678,0.12576362539029917,0.185,222.66483516483515
nhsn,2025-2026,Tennessee,extended_sep_apr,Extended Sep-Apr,2026-02,0.11903371518971671,0.11096894573062226,0.185,113.58974358974359
nhsn,2025-2026,Tennessee,extended_sep_apr,Extended Sep-Apr,2026-03,0.10155816923076923,0.09844977380337482,0.185,45.221611721611715
nhsn,2025-2026,Tennessee,extended_sep_apr,Extended Sep-Apr,2026-04,0.027769072164948453,0.05844371688931432,0.13351405600000002,10.291208791208792
nhsn,2025-2026,Tennessee,late_oct_apr,Late Oct-Apr,2025-01,0.0,0.0,0.0,4.813186813186812
nhsn,2025-2026,Tennessee,late_oct_apr,Late Oct-Apr,2025-02,0.0,0.0,0.0,7.362637362637362
nhsn,2025-2026,Tennessee,late_oct_apr,Late Oct-Apr,2025-03,0.0,0.020218178162178354,0.03425483870967742,18.52380952380953
nhsn,2025-2026,Tennessee,late_oct_apr,Late Oct-Apr,2025-04,0.12698045507110342,0.12679513728162164,0.18499999999999991,58.1978021978022
nhsn,2025-2026,Tennessee,late_oct_apr,Late Oct-Apr,2025-05,0.135649426174875,0.13600687296836964,0.18499999999999997,166.007326007326
nhsn,2025-2026,Tennessee,late_oct_apr,Late Oct-Apr,2025-06,0.14438976539531895,0.14399622178005364,0.18499999999999991,257.85897435897436
nhsn,2025-2026,Tennessee,late_oct_apr,Late Oct-Apr,2025-07,0.14226149415343356,0.14273581045632788,0.18499999999999997,348.85347985347994
nhsn,2025-2026,Tennessee,late_oct_apr,Late Oct-Apr,2025-08,0.14629318230462451,0.14624942467845356,0.18499999999999997,380.22344322344316
nhsn,2025-2026,Tennessee,late_oct_apr,Late Oct-Apr,2025-09,0.14729492950135126,0.14731763809218054,0.18499999999999991,375.07875457875457
nhsn,2025-2026,Tennessee,late_oct_apr,Late Oct-Apr,2025-10,0.1479171310616126,0.14772304593596589,0.185,384.1684981684982
nhsn,2025-2026,Tennessee,late_oct_apr,Late Oct-Apr,2025-11,0.14816997499311588,0.14612296648826956,0.18499999999999997,361.44505494505495
nhsn,2025-2026,Tennessee,late_oct_apr,Late Oct-Apr,2025-12,0.1380624727718065,0.13398405445922779,0.185,330.4761904761905
nhsn,2025-2026,Tennessee,late_oct_apr,Late Oct-Apr,2026-01,0.12991107409367678,0.12576362539029917,0.185,222.66483516483515
nhsn,2025-2026,Tennessee,late_oct_apr,Late Oct-Apr,2026-02,0.11903371518971671,0.11096894573062226,0.185,113.58974358974359
nhsn,2025-2026,Tennessee,late_oct_apr,Late Oct-Apr,2026-03,0.10155816923076923,0.09844977380337482,0.185,45.221611721611715
nhsn,2025-2026,Tennessee,late_oct_apr,Late Oct-Apr,2026-04,0.027769072164948453,0.05844371688931432,0.13351405600000002,10.291208791208792
nhsn,2025-2026,Texas,baseline_oct_mar,Baseline Oct-Mar,2025-01,0.0,0.0,0.0,48.38827838827838
nhsn,2025-2026,Texas,baseline_oct_mar,Baseline Oct-Mar,2025-02,0.0,0.0,0.0,98.503663003663
nhsn,2025-2026,Texas,baseline_oct_mar,Baseline Oct-Mar,2025-03,0.0,0.0225353119269535,0.03425483870967742,295.7930402930403
nhsn,2025-2026,Texas,baseline_oct_mar,Baseline Oct-Mar,2025-04,0.12896722420791182,0.12498933102549699,0.18499999999999991,699.9487179487179
nhsn,2025-2026,Texas,baseline_oct_mar,Baseline Oct-Mar,2025-05,0.11778687250144652,0.11972521096300351,0.18499999999999997,1304.9432234432234
nhsn,2025-2026,Texas,baseline_oct_mar,Baseline Oct-Mar,2025-06,0.1396403508906463,0.13911253636478632,0.18499999999999991,1747.9542124542127
nhsn,2025-2026,Texas,baseline_oct_mar,Baseline Oct-Mar,2025-07,0.1309860454530455,0.1321038270841241,0.18499999999999997,2221.258241758242
nhsn,2025-2026,Texas,baseline_oct_mar,Baseline Oct-Mar,2025-08,0.14358261262438363,0.14369247081483763,0.18499999999999997,2331.8626373626375
nhsn,2025-2026,Texas,baseline_oct_mar,Baseline Oct-Mar,2025-09,0.14634178000484335,0.14639636055622945,0.18499999999999991,2254.278388278388
nhsn,2025-2026,Texas,baseline_oct_mar,Baseline Oct-Mar,2025-10,0.14743851440021946,0.14595466830610676,0.185,2267.659340659341
nhsn,2025-2026,Texas,baseline_oct_mar,Baseline Oct-Mar,2025-11,0.14380249958463265,0.14067846383768662,0.18499999999999997,2008.882783882784
nhsn,2025-2026,Texas,baseline_oct_mar,Baseline Oct-Mar,2025-12,0.1329531686085511,0.13066434512989777,0.185,1641.9688644688645
nhsn,2025-2026,Texas,baseline_oct_mar,Baseline Oct-Mar,2026-01,0.13154561557512418,0.12562876011920607,0.185,1054.6080586080586
nhsn,2025-2026,Texas,baseline_oct_mar,Baseline Oct-Mar,2026-02,0.11090267575381872,0.10320061050722196,0.185,514.2948717948718
nhsn,2025-2026,Texas,baseline_oct_mar,Baseline Oct-Mar,2026-03,0.07196046732837057,0.07026262785149122,0.12500891612903228,156.62271062271063
nhsn,2025-2026,Texas,baseline_oct_mar,Baseline Oct-Mar,2026-04,0.0,0.0,0.0,22.91575091575092
nhsn,2025-2026,Texas,early_sep_mar,Early Sep-Mar,2025-01,0.0,0.0,0.0,48.38827838827838
nhsn,2025-2026,Texas,early_sep_mar,Early Sep-Mar,2025-02,0.0,0.021209807987356086,0.035216071428571416,98.503663003663
nhsn,2025-2026,Texas,early_sep_mar,Early Sep-Mar,2025-03,0.12441796853043803,0.12141179852003368,0.1814790322580645,295.7930402930403
nhsn,2025-2026,Texas,early_sep_mar,Early Sep-Mar,2025-04,0.12934956582350016,0.12987862573585673,0.18499999999999991,699.9487179487179
nhsn,2025-2026,Texas,early_sep_mar,Early Sep-Mar,2025-05,0.14319032705130857,0.14273915996378936,0.18499999999999997,1304.9432234432234
nhsn,2025-2026,Texas,early_sep_mar,Early Sep-Mar,2025-06,0.1407761119436378,0.14121851915013026,0.18499999999999991,1747.9542124542127
nhsn,2025-2026,Texas,early_sep_mar,Early Sep-Mar,2025-07,0.14550912913451028,0.14541463128267715,0.18499999999999997,2221.258241758242
nhsn,2025-2026,Texas,early_sep_mar,Early Sep-Mar,2025-08,0.14604696907802722,0.1456969997788986,0.18499999999999997,2331.8626373626375
nhsn,2025-2026,Texas,early_sep_mar,Early Sep-Mar,2025-09,0.14644320164914015,0.14643041640751903,0.18499999999999997,2254.2783882783883
nhsn,2025-2026,Texas,early_sep_mar,Early Sep-Mar,2025-10,0.14743851440021946,0.14595466830610676,0.185,2267.659340659341
nhsn,2025-2026,Texas,early_sep_mar,Early Sep-Mar,2025-11,0.14380249958463265,0.14067846383768662,0.18499999999999997,2008.882783882784
nhsn,2025-2026,Texas,early_sep_mar,Early Sep-Mar,2025-12,0.1329531686085511,0.13066434512989777,0.185,1641.9688644688645
nhsn,2025-2026,Texas,early_sep_mar,Early Sep-Mar,2026-01,0.13154561557512418,0.12562876011920607,0.185,1054.6080586080586
nhsn,2025-2026,Texas,early_sep_mar,Early Sep-Mar,2026-02,0.11090267575381872,0.10320061050722196,0.185,514.2948717948718
nhsn,2025-2026,Texas,early_sep_mar,Early Sep-Mar,2026-03,0.07196046732837057,0.07026262785149122,0.12500891612903228,156.62271062271063
nhsn,2025-2026,Texas,early_sep_mar,Early Sep-Mar,2026-04,0.0,0.0,0.0,22.91575091575092
nhsn,2025-2026,Texas,extended_sep_apr,Extended Sep-Apr,2025-01,0.0,0.0,0.0,48.38827838827838
nhsn,2025-2026,Texas,extended_sep_apr,Extended Sep-Apr,2025-02,0.0,0.021209807987356086,0.035216071428571416,98.503663003663
nhsn,2025-2026,Texas,extended_sep_apr,Extended Sep-Apr,2025-03,0.12441796853043803,0.12141179852003368,0.1814790322580645,295.7930402930403
nhsn,2025-2026,Texas,extended_sep_apr,Extended Sep-Apr,2025-04,0.12934956582350016,0.12987862573585673,0.18499999999999991,699.9487179487179
nhsn,2025-2026,Texas,extended_sep_apr,Extended Sep-Apr,2025-05,0.14319032705130857,0.14273915996378936,0.18499999999999997,1304.9432234432234
nhsn,2025-2026,Texas,extended_sep_apr,Extended Sep-Apr,2025-06,0.1407761119436378,0.14121851915013026,0.18499999999999991,1747.9542124542127
nhsn,2025-2026,Texas,extended_sep_apr,Extended Sep-Apr,2025-07,0.14550912913451028,0.14541463128267715,0.18499999999999997,2221.258241758242
nhsn,2025-2026,Texas,extended_sep_apr,Extended Sep-Apr,2025-08,0.14604696907802722,0.1456969997788986,0.18499999999999997,2331.8626373626375
nhsn,2025-2026,Texas,extended_sep_apr,Extended Sep-Apr,2025-09,0.14644320164914015,0.14643041640751903,0.18499999999999997,2254.2783882783883
nhsn,2025-2026,Texas,extended_sep_apr,Extended Sep-Apr,2025-10,0.14743851440021946,0.14595466830610676,0.185,2267.659340659341
nhsn,2025-2026,Texas,extended_sep_apr,Extended Sep-Apr,2025-11,0.14380249958463265,0.14067846383768662,0.18499999999999997,2008.882783882784
nhsn,2025-2026,Texas,extended_sep_apr,Extended Sep-Apr,2025-12,0.1329531686085511,0.13066434512989777,0.185,1641.9688644688645
nhsn,2025-2026,Texas,extended_sep_apr,Extended Sep-Apr,2026-01,0.13154561557512418,0.12562876011920607,0.185,1054.6080586080586
nhsn,2025-2026,Texas,extended_sep_apr,Extended Sep-Apr,2026-02,0.11090267575381872,0.10320061050722196,0.185,514.2948717948718
nhsn,2025-2026,Texas,extended_sep_apr,Extended Sep-Apr,2026-03,0.08208520165598292,0.08684711248610137,0.185,156.62271062271063
nhsn,2025-2026,Texas,extended_sep_apr,Extended Sep-Apr,2026-04,0.02118942731277533,0.05405852613320348,0.13351405600000002,22.91575091575092
nhsn,2025-2026,Texas,late_oct_apr,Late Oct-Apr,2025-01,0.0,0.0,0.0,48.38827838827838
nhsn,2025-2026,Texas,late_oct_apr,Late Oct-Apr,2025-02,0.0,0.0,0.0,98.503663003663
nhsn,2025-2026,Texas,late_oct_apr,Late Oct-Apr,2025-03,0.0,0.0225353119269535,0.03425483870967742,295.7930402930403
nhsn,2025-2026,Texas,late_oct_apr,Late Oct-Apr,2025-04,0.12896722420791182,0.12498933102549699,0.18499999999999991,699.9487179487179
nhsn,2025-2026,Texas,late_oct_apr,Late Oct-Apr,2025-05,0.11778687250144652,0.11972521096300351,0.18499999999999997,1304.9432234432234
nhsn,2025-2026,Texas,late_oct_apr,Late Oct-Apr,2025-06,0.1396403508906463,0.13911253636478632,0.18499999999999991,1747.9542124542127
nhsn,2025-2026,Texas,late_oct_apr,Late Oct-Apr,2025-07,0.1309860454530455,0.1321038270841241,0.18499999999999997,2221.258241758242
nhsn,2025-2026,Texas,late_oct_apr,Late Oct-Apr,2025-08,0.14358261262438363,0.14369247081483763,0.18499999999999997,2331.8626373626375
nhsn,2025-2026,Texas,late_oct_apr,Late Oct-Apr,2025-09,0.14634178000484335,0.14639636055622945,0.18499999999999991,2254.278388278388
nhsn,2025-2026,Texas,late_oct_apr,Late Oct-Apr,2025-10,0.14743851440021946,0.14595466830610676,0.185,2267.659340659341
nhsn,2025-2026,Texas,late_oct_apr,Late Oct-Apr,2025-11,0.14380249958463265,0.14067846383768662,0.18499999999999997,2008.882783882784
nhsn,2025-2026,Texas,late_oct_apr,Late Oct-Apr,2025-12,0.1329531686085511,0.13066434512989777,0.185,1641.9688644688645
nhsn,2025-2026,Texas,late_oct_apr,Late Oct-Apr,2026-01,0.13154561557512418,0.12562876011920607,0.185,1054.6080586080586
nhsn,2025-2026,Texas,late_oct_apr,Late Oct-Apr,2026-02,0.11090267575381872,0.10320061050722196,0.185,514.2948717948718
nhsn,2025-2026,Texas,late_oct_apr,Late Oct-Apr,2026-03,0.08208520165598292,0.08684711248610137,0.185,156.62271062271063
nhsn,2025-2026,Texas,late_oct_apr,Late Oct-Apr,2026-04,0.02118942731277533,0.05405852613320348,0.13351405600000002,22.91575091575092
nhsn,2025-2026,Utah,baseline_oct_mar,Baseline Oct-Mar,2025-01,0.0,0.0,0.0,1.0787545787545791
nhsn,2025-2026,Utah,baseline_oct_mar,Baseline Oct-Mar,2025-02,0.0,0.0,0.0,1.2564102564102566
nhsn,2025-2026,Utah,baseline_oct_mar,Baseline Oct-Mar,2025-03,0.0,0.011097144189783966,0.03425483870967742,1.8095238095238093
nhsn,2025-2026,Utah,baseline_oct_mar,Baseline Oct-Mar,2025-04,0.09168591375291378,0.09907888261444281,0.18499999999999991,4.573260073260073
nhsn,2025-2026,Utah,baseline_oct_mar,Baseline Oct-Mar,2025-05,0.12931827489838685,0.1291684625235877,0.18499999999999997,12.131868131868133
nhsn,2025-2026,Utah,baseline_oct_mar,Baseline Oct-Mar,2025-06,0.1427642962879817,0.14238253028586628,0.18499999999999991,36.782051282051285
nhsn,2025-2026,Utah,baseline_oct_mar,Baseline Oct-Mar,2025-07,0.14683707995062614,0.14669643426408435,0.18499999999999997,73.60073260073261
nhsn,2025-2026,Utah,baseline_oct_mar,Baseline Oct-Mar,2025-08,0.1472434048709911,0.14724470257490485,0.18499999999999997,85.61904761904762
nhsn,2025-2026,Utah,baseline_oct_mar,Baseline Oct-Mar,2025-09,0.14711633223594586,0.1471674954825008,0.18499999999999991,84.61538461538461
nhsn,2025-2026,Utah,baseline_oct_mar,Baseline Oct-Mar,2025-10,0.14791728870672707,0.14788570912004126,0.185,87.14102564102564
nhsn,2025-2026,Utah,baseline_oct_mar,Baseline Oct-Mar,2025-11,0.14833318961965533,0.14778561718357014,0.18499999999999997,83.8974358974359
nhsn,2025-2026,Utah,baseline_oct_mar,Baseline Oct-Mar,2025-12,0.14706236288259722,0.1460226588224436,0.185,83.65934065934066
nhsn,2025-2026,Utah,baseline_oct_mar,Baseline Oct-Mar,2026-01,0.14869216751499048,0.1380999481759698,0.185,76.08424908424908
nhsn,2025-2026,Utah,baseline_oct_mar,Baseline Oct-Mar,2026-02,0.11138468506538023,0.10535695080099458,0.185,45.66666666666667
nhsn,2025-2026,Utah,baseline_oct_mar,Baseline Oct-Mar,2026-03,0.06547870494889727,0.06894247647772042,0.12500891612903228,14.8992673992674
nhsn,2025-2026,Utah,baseline_oct_mar,Baseline Oct-Mar,2026-04,0.0,0.0,0.0,1.9468864468864466
nhsn,2025-2026,Utah,early_sep_mar,Early Sep-Mar,2025-01,0.0,0.0,0.0,1.0787545787545791
nhsn,2025-2026,Utah,early_sep_mar,Early Sep-Mar,2025-02,0.0,0.008090423557692307,0.035216071428571416,1.2564102564102566
nhsn,2025-2026,Utah,early_sep_mar,Early Sep-Mar,2025-03,0.04563150887573965,0.05497826315446149,0.1814790322580645,1.8095238095238093
nhsn,2025-2026,Utah,early_sep_mar,Early Sep-Mar,2025-04,0.09168591375291378,0.09973768950497995,0.18499999999999991,4.573260073260073
nhsn,2025-2026,Utah,early_sep_mar,Early Sep-Mar,2025-05,0.13465967547401056,0.1345611426514256,0.18499999999999997,12.131868131868133
nhsn,2025-2026,Utah,early_sep_mar,Early Sep-Mar,2025-06,0.1427642962879817,0.1422765167150521,0.18499999999999991,36.782051282051285
nhsn,2025-2026,Utah,early_sep_mar,Early Sep-Mar,2025-07,0.14709329387359055,0.14672862417740656,0.18499999999999997,73.60073260073261
nhsn,2025-2026,Utah,early_sep_mar,Early Sep-Mar,2025-08,0.14569156777345874,0.14453404774778106,0.18499999999999997,85.61904761904762
nhsn,2025-2026,Utah,early_sep_mar,Early Sep-Mar,2025-09,0.14623694075924076,0.14509378169704684,0.18499999999999997,84.61538461538461
nhsn,2025-2026,Utah,early_sep_mar,Early Sep-Mar,2025-10,0.14791728870672707,0.14788570912004126,0.185,87.14102564102564
nhsn,2025-2026,Utah,early_sep_mar,Early Sep-Mar,2025-11,0.14833318961965533,0.14778561718357014,0.18499999999999997,83.8974358974359
nhsn,2025-2026,Utah,early_sep_mar,Early Sep-Mar,2025-12,0.14706236288259722,0.1460226588224436,0.185,83.65934065934066
nhsn,2025-2026,Utah,early_sep_mar,Early Sep-Mar,2026-01,0.14869216751499048,0.1380999481759698,0.185,76.08424908424908
nhsn,2025-2026,Utah,early_sep_mar,Early Sep-Mar,2026-02,0.11138468506538023,0.10535695080099458,0.185,45.66666666666667
nhsn,2025-2026,Utah,early_sep_mar,Early Sep-Mar,2026-03,0.06547870494889727,0.06894247647772042,0.12500891612903228,14.8992673992674
nhsn,2025-2026,Utah,early_sep_mar,Early Sep-Mar,2026-04,0.0,0.0,0.0,1.9468864468864466
nhsn,2025-2026,Utah,extended_sep_apr,Extended Sep-Apr,2025-01,0.0,0.0,0.0,1.0787545787545791
nhsn,2025-2026,Utah,extended_sep_apr,Extended Sep-Apr,2025-02,0.0,0.008090423557692307,0.035216071428571416,1.2564102564102566
nhsn,2025-2026,Utah,extended_sep_apr,Extended Sep-Apr,2025-03,0.04563150887573965,0.05497826315446149,0.1814790322580645,1.8095238095238093
nhsn,2025-2026,Utah,extended_sep_apr,Extended Sep-Apr,2025-04,0.09168591375291378,0.09973768950497995,0.18499999999999991,4.573260073260073
nhsn,2025-2026,Utah,extended_sep_apr,Extended Sep-Apr,2025-05,0.13465967547401056,0.1345611426514256,0.18499999999999997,12.131868131868133
nhsn,2025-2026,Utah,extended_sep_apr,Extended Sep-Apr,2025-06,0.1427642962879817,0.1422765167150521,0.18499999999999991,36.782051282051285
nhsn,2025-2026,Utah,extended_sep_apr,Extended Sep-Apr,2025-07,0.14709329387359055,0.14672862417740656,0.18499999999999997,73.60073260073261
nhsn,2025-2026,Utah,extended_sep_apr,Extended Sep-Apr,2025-08,0.14569156777345874,0.14453404774778106,0.18499999999999997,85.61904761904762
nhsn,2025-2026,Utah,extended_sep_apr,Extended Sep-Apr,2025-09,0.14623694075924076,0.14509378169704684,0.18499999999999997,84.61538461538461
nhsn,2025-2026,Utah,extended_sep_apr,Extended Sep-Apr,2025-10,0.14791728870672707,0.14788570912004126,0.185,87.14102564102564
nhsn,2025-2026,Utah,extended_sep_apr,Extended Sep-Apr,2025-11,0.14833318961965533,0.14778561718357014,0.18499999999999997,83.8974358974359
nhsn,2025-2026,Utah,extended_sep_apr,Extended Sep-Apr,2025-12,0.14706236288259722,0.1460226588224436,0.185,83.65934065934066
nhsn,2025-2026,Utah,extended_sep_apr,Extended Sep-Apr,2026-01,0.14869216751499048,0.1380999481759698,0.185,76.08424908424908
nhsn,2025-2026,Utah,extended_sep_apr,Extended Sep-Apr,2026-02,0.11138468506538023,0.10535695080099458,0.185,45.66666666666667
nhsn,2025-2026,Utah,extended_sep_apr,Extended Sep-Apr,2026-03,0.08138117866004964,0.0847849583479466,0.185,14.8992673992674
nhsn,2025-2026,Utah,extended_sep_apr,Extended Sep-Apr,2026-04,0.019566101694915256,0.053760436958643514,0.13351405600000002,1.9468864468864469
nhsn,2025-2026,Utah,late_oct_apr,Late Oct-Apr,2025-01,0.0,0.0,0.0,1.0787545787545791
nhsn,2025-2026,Utah,late_oct_apr,Late Oct-Apr,2025-02,0.0,0.0,0.0,1.2564102564102566
nhsn,2025-2026,Utah,late_oct_apr,Late Oct-Apr,2025-03,0.0,0.011097144189783966,0.03425483870967742,1.8095238095238093
nhsn,2025-2026,Utah,late_oct_apr,Late Oct-Apr,2025-04,0.09168591375291378,0.09907888261444281,0.18499999999999991,4.573260073260073
nhsn,2025-2026,Utah,late_oct_apr,Late Oct-Apr,2025-05,0.12931827489838685,0.1291684625235877,0.18499999999999997,12.131868131868133
nhsn,2025-2026,Utah,late_oct_apr,Late Oct-Apr,2025-06,0.1427642962879817,0.14238253028586628,0.18499999999999991,36.782051282051285
nhsn,2025-2026,Utah,late_oct_apr,Late Oct-Apr,2025-07,0.14683707995062614,0.14669643426408435,0.18499999999999997,73.60073260073261
nhsn,2025-2026,Utah,late_oct_apr,Late Oct-Apr,2025-08,0.1472434048709911,0.14724470257490485,0.18499999999999997,85.61904761904762
nhsn,2025-2026,Utah,late_oct_apr,Late Oct-Apr,2025-09,0.14711633223594586,0.1471674954825008,0.18499999999999991,84.61538461538461
nhsn,2025-2026,Utah,late_oct_apr,Late Oct-Apr,2025-10,0.14791728870672707,0.14788570912004126,0.185,87.14102564102564
nhsn,2025-2026,Utah,late_oct_apr,Late Oct-Apr,2025-11,0.14833318961965533,0.14778561718357014,0.18499999999999997,83.8974358974359
nhsn,2025-2026,Utah,late_oct_apr,Late Oct-Apr,2025-12,0.14706236288259722,0.1460226588224436,0.185,83.65934065934066
nhsn,2025-2026,Utah,late_oct_apr,Late Oct-Apr,2026-01,0.14869216751499048,0.1380999481759698,0.185,76.08424908424908
nhsn,2025-2026,Utah,late_oct_apr,Late Oct-Apr,2026-02,0.11138468506538023,0.10535695080099458,0.185,45.66666666666667
nhsn,2025-2026,Utah,late_oct_apr,Late Oct-Apr,2026-03,0.08138117866004964,0.0847849583479466,0.185,14.8992673992674
nhsn,2025-2026,Utah,late_oct_apr,Late Oct-Apr,2026-04,0.019566101694915256,0.053760436958643514,0.13351405600000002,1.9468864468864469
nhsn,2025-2026,Vermont,baseline_oct_mar,Baseline Oct-Mar,2025-01,,,0.0,0.0
nhsn,2025-2026,Vermont,baseline_oct_mar,Baseline Oct-Mar,2025-02,,,0.0,0.0
nhsn,2025-2026,Vermont,baseline_oct_mar,Baseline Oct-Mar,2025-03,,,0.03425483870967742,0.0
nhsn,2025-2026,Vermont,baseline_oct_mar,Baseline Oct-Mar,2025-04,0.1490676181818182,0.1494840598043623,0.18499999999999991,0.15934065934065933
nhsn,2025-2026,Vermont,baseline_oct_mar,Baseline Oct-Mar,2025-05,0.15184949156725627,0.15244702773510818,0.18499999999999997,1.2893772893772892
nhsn,2025-2026,Vermont,baseline_oct_mar,Baseline Oct-Mar,2025-06,0.14830074866310164,0.1483656359656237,0.18499999999999991,3.653846153846154
nhsn,2025-2026,Vermont,baseline_oct_mar,Baseline Oct-Mar,2025-07,0.14867455222437134,0.14861974872190567,0.18499999999999997,10.445054945054943
nhsn,2025-2026,Vermont,baseline_oct_mar,Baseline Oct-Mar,2025-08,0.14751633600000003,0.14749164942233248,0.18499999999999997,14.26007326007326
nhsn,2025-2026,Vermont,baseline_oct_mar,Baseline Oct-Mar,2025-09,0.14721879545454547,0.14724353163636367,0.18499999999999991,15.384615384615387
nhsn,2025-2026,Vermont,baseline_oct_mar,Baseline Oct-Mar,2025-10,0.14758206818181818,0.1476249452525205,0.185,15.8974358974359
nhsn,2025-2026,Vermont,baseline_oct_mar,Baseline Oct-Mar,2025-11,0.14866493269230768,0.14854250497437066,0.18499999999999997,15.384615384615387
nhsn,2025-2026,Vermont,baseline_oct_mar,Baseline Oct-Mar,2025-12,0.14671951921781923,0.14552085765987588,0.185,15.706959706959708
nhsn,2025-2026,Vermont,baseline_oct_mar,Baseline Oct-Mar,2026-01,0.150511,0.14632870960397046,0.185,14.587912087912088
nhsn,2025-2026,Vermont,baseline_oct_mar,Baseline Oct-Mar,2026-02,0.12196701441591196,0.11762583995432271,0.185,11.0
nhsn,2025-2026,Vermont,baseline_oct_mar,Baseline Oct-Mar,2026-03,0.12030174825174826,0.08948252445551937,0.12500891612903228,5.604395604395604
nhsn,2025-2026,Vermont,baseline_oct_mar,Baseline Oct-Mar,2026-04,0.0,0.0,0.0,1.7545787545787546
nhsn,2025-2026,Vermont,early_sep_mar,Early Sep-Mar,2025-01,,,0.0,0.0
nhsn,2025-2026,Vermont,early_sep_mar,Early Sep-Mar,2025-02,,,0.035216071428571416,0.0
nhsn,2025-2026,Vermont,early_sep_mar,Early Sep-Mar,2025-03,,,0.1814790322580645,0.0
nhsn,2025-2026,Vermont,early_sep_mar,Early Sep-Mar,2025-04,0.14900236363636363,0.14864523702020205,0.18499999999999991,0.15934065934065933
nhsn,2025-2026,Vermont,early_sep_mar,Early Sep-Mar,2025-05,0.14820362937062936,0.14824137270045537,0.18499999999999997,1.2893772893772892
nhsn,2025-2026,Vermont,early_sep_mar,Early Sep-Mar,2025-06,0.1482611022727273,0.14813589285832246,0.18499999999999991,3.653846153846154
nhsn,2025-2026,Vermont,early_sep_mar,Early Sep-Mar,2025-07,0.1471436392045455,0.14713659341012678,0.18499999999999997,10.445054945054943
nhsn,2025-2026,Vermont,early_sep_mar,Early Sep-Mar,2025-08,0.13903405023923446,0.13391275170103328,0.18499999999999997,14.26007326007326
nhsn,2025-2026,Vermont,early_sep_mar,Early Sep-Mar,2025-09,0.14070165389610392,0.13645531426840457,0.18499999999999997,15.384615384615387
nhsn,2025-2026,Vermont,early_sep_mar,Early Sep-Mar,2025-10,0.14758206818181818,0.1476249452525205,0.185,15.8974358974359
nhsn,2025-2026,Vermont,early_sep_mar,Early Sep-Mar,2025-11,0.14866493269230768,0.14854250497437066,0.18499999999999997,15.384615384615387
nhsn,2025-2026,Vermont,early_sep_mar,Early Sep-Mar,2025-12,0.14671951921781923,0.14552085765987588,0.185,15.706959706959708
nhsn,2025-2026,Vermont,early_sep_mar,Early Sep-Mar,2026-01,0.150511,0.14632870960397046,0.185,14.587912087912088
nhsn,2025-2026,Vermont,early_sep_mar,Early Sep-Mar,2026-02,0.12196701441591196,0.11762583995432271,0.185,11.0
nhsn,2025-2026,Vermont,early_sep_mar,Early Sep-Mar,2026-03,0.12030174825174826,0.08948252445551937,0.12500891612903228,5.604395604395604
nhsn,2025-2026,Vermont,early_sep_mar,Early Sep-Mar,2026-04,0.0,0.0,0.0,1.7545787545787546
nhsn,2025-2026,Vermont,extended_sep_apr,Extended Sep-Apr,2025-01,,,0.0,0.0
nhsn,2025-2026,Vermont,extended_sep_apr,Extended Sep-Apr,2025-02,,,0.035216071428571416,0.0
nhsn,2025-2026,Vermont,extended_sep_apr,Extended Sep-Apr,2025-03,,,0.1814790322580645,0.0
nhsn,2025-2026,Vermont,extended_sep_apr,Extended Sep-Apr,2025-04,0.14900236363636363,0.14864523702020205,0.18499999999999991,0.15934065934065933
nhsn,2025-2026,Vermont,extended_sep_apr,Extended Sep-Apr,2025-05,0.14820362937062936,0.14824137270045537,0.18499999999999997,1.2893772893772892
nhsn,2025-2026,Vermont,extended_sep_apr,Extended Sep-Apr,2025-06,0.1482611022727273,0.14813589285832246,0.18499999999999991,3.653846153846154
nhsn,2025-2026,Vermont,extended_sep_apr,Extended Sep-Apr,2025-07,0.1471436392045455,0.14713659341012678,0.18499999999999997,10.445054945054943
nhsn,2025-2026,Vermont,extended_sep_apr,Extended Sep-Apr,2025-08,0.13903405023923446,0.13391275170103328,0.18499999999999997,14.26007326007326
nhsn,2025-2026,Vermont,extended_sep_apr,Extended Sep-Apr,2025-09,0.14070165389610392,0.13645531426840457,0.18499999999999997,15.384615384615387
nhsn,2025-2026,Vermont,extended_sep_apr,Extended Sep-Apr,2025-10,0.14758206818181818,0.1476249452525205,0.185,15.8974358974359
nhsn,2025-2026,Vermont,extended_sep_apr,Extended Sep-Apr,2025-11,0.14866493269230768,0.14854250497437066,0.18499999999999997,15.384615384615387
nhsn,2025-2026,Vermont,extended_sep_apr,Extended Sep-Apr,2025-12,0.14671951921781923,0.14552085765987588,0.185,15.706959706959708
nhsn,2025-2026,Vermont,extended_sep_apr,Extended Sep-Apr,2026-01,0.150511,0.14632870960397046,0.185,14.587912087912088
nhsn,2025-2026,Vermont,extended_sep_apr,Extended Sep-Apr,2026-02,0.12196701441591196,0.11762583995432271,0.185,11.0
nhsn,2025-2026,Vermont,extended_sep_apr,Extended Sep-Apr,2026-03,0.1222094674556213,0.11277898942901135,0.185,5.604395604395604
nhsn,2025-2026,Vermont,extended_sep_apr,Extended Sep-Apr,2026-04,0.0222,0.05511482571557321,0.13351405600000002,1.7545787545787543
nhsn,2025-2026,Vermont,late_oct_apr,Late Oct-Apr,2025-01,,,0.0,0.0
nhsn,2025-2026,Vermont,late_oct_apr,Late Oct-Apr,2025-02,,,0.0,0.0
nhsn,2025-2026,Vermont,late_oct_apr,Late Oct-Apr,2025-03,,,0.03425483870967742,0.0
nhsn,2025-2026,Vermont,late_oct_apr,Late Oct-Apr,2025-04,0.1490676181818182,0.1494840598043623,0.18499999999999991,0.15934065934065933
nhsn,2025-2026,Vermont,late_oct_apr,Late Oct-Apr,2025-05,0.15184949156725627,0.15244702773510818,0.18499999999999997,1.2893772893772892
nhsn,2025-2026,Vermont,late_oct_apr,Late Oct-Apr,2025-06,0.14830074866310164,0.1483656359656237,0.18499999999999991,3.653846153846154
nhsn,2025-2026,Vermont,late_oct_apr,Late Oct-Apr,2025-07,0.14867455222437134,0.14861974872190567,0.18499999999999997,10.445054945054943
nhsn,2025-2026,Vermont,late_oct_apr,Late Oct-Apr,2025-08,0.14751633600000003,0.14749164942233248,0.18499999999999997,14.26007326007326
nhsn,2025-2026,Vermont,late_oct_apr,Late Oct-Apr,2025-09,0.14721879545454547,0.14724353163636367,0.18499999999999991,15.384615384615387
nhsn,2025-2026,Vermont,late_oct_apr,Late Oct-Apr,2025-10,0.14758206818181818,0.1476249452525205,0.185,15.8974358974359
nhsn,2025-2026,Vermont,late_oct_apr,Late Oct-Apr,2025-11,0.14866493269230768,0.14854250497437066,0.18499999999999997,15.384615384615387
nhsn,2025-2026,Vermont,late_oct_apr,Late Oct-Apr,2025-12,0.14671951921781923,0.14552085765987588,0.185,15.706959706959708
nhsn,2025-2026,Vermont,late_oct_apr,Late Oct-Apr,2026-01,0.150511,0.14632870960397046,0.185,14.587912087912088
nhsn,2025-2026,Vermont,late_oct_apr,Late Oct-Apr,2026-02,0.12196701441591196,0.11762583995432271,0.185,11.0
nhsn,2025-2026,Vermont,late_oct_apr,Late Oct-Apr,2026-03,0.1222094674556213,0.11277898942901135,0.185,5.604395604395604
nhsn,2025-2026,Vermont,late_oct_apr,Late Oct-Apr,2026-04,0.0222,0.05511482571557321,0.13351405600000002,1.7545787545787543
nhsn,2025-2026,Virginia,baseline_oct_mar,Baseline Oct-Mar,2025-01,0.0,0.0,0.0,3.611721611721612
nhsn,2025-2026,Virginia,baseline_oct_mar,Baseline Oct-Mar,2025-02,0.0,0.0,0.0,12.961538461538463
nhsn,2025-2026,Virginia,baseline_oct_mar,Baseline Oct-Mar,2025-03,0.0,0.02320933379967983,0.03425483870967742,38.27289377289378
nhsn,2025-2026,Virginia,baseline_oct_mar,Baseline Oct-Mar,2025-04,0.1158748875755513,0.11593650788631758,0.18499999999999991,74.05311355311355
nhsn,2025-2026,Virginia,baseline_oct_mar,Baseline Oct-Mar,2025-05,0.1095626186787489,0.11320349747402687,0.18499999999999997,138.0732600732601
nhsn,2025-2026,Virginia,baseline_oct_mar,Baseline Oct-Mar,2025-06,0.13542717750923777,0.13512147744104047,0.18499999999999991,183.8864468864469
nhsn,2025-2026,Virginia,baseline_oct_mar,Baseline Oct-Mar,2025-07,0.12423410940614256,0.12713610605642806,0.18499999999999997,218.53663003663
nhsn,2025-2026,Virginia,baseline_oct_mar,Baseline Oct-Mar,2025-08,0.14070996808645905,0.14054021683969614,0.18499999999999997,231.4505494505494
nhsn,2025-2026,Virginia,baseline_oct_mar,Baseline Oct-Mar,2025-09,0.14565740361330717,0.14490877472613348,0.18499999999999991,225.96520146520146
nhsn,2025-2026,Virginia,baseline_oct_mar,Baseline Oct-Mar,2025-10,0.14488215552092634,0.14373529112682587,0.185,222.65567765567766
nhsn,2025-2026,Virginia,baseline_oct_mar,Baseline Oct-Mar,2025-11,0.14506544551906084,0.14171776128386362,0.18499999999999997,191.8021978021978
nhsn,2025-2026,Virginia,baseline_oct_mar,Baseline Oct-Mar,2025-12,0.1352803540844341,0.13063102981556465,0.185,159.39377289377288
nhsn,2025-2026,Virginia,baseline_oct_mar,Baseline Oct-Mar,2026-01,0.12105327857649596,0.11801652213329339,0.185,96.67032967032966
nhsn,2025-2026,Virginia,baseline_oct_mar,Baseline Oct-Mar,2026-02,0.12111755766349036,0.11261625142718228,0.185,42.24358974358975
nhsn,2025-2026,Virginia,baseline_oct_mar,Baseline Oct-Mar,2026-03,0.10046797595190382,0.08233297762998917,0.12500891612903228,18.456043956043956
nhsn,2025-2026,Virginia,baseline_oct_mar,Baseline Oct-Mar,2026-04,0.0,0.0,0.0,4.351648351648352
nhsn,2025-2026,Virginia,early_sep_mar,Early Sep-Mar,2025-01,0.0,0.0,0.0,3.611721611721612
nhsn,2025-2026,Virginia,early_sep_mar,Early Sep-Mar,2025-02,0.0,0.02618247249181331,0.035216071428571416,12.961538461538463
nhsn,2025-2026,Virginia,early_sep_mar,Early Sep-Mar,2025-03,0.13706210815072192,0.1333855284763485,0.1814790322580645,38.27289377289378
nhsn,2025-2026,Virginia,early_sep_mar,Early Sep-Mar,2025-04,0.12246020439138429,0.12426285949265535,0.18499999999999991,74.05311355311355
nhsn,2025-2026,Virginia,early_sep_mar,Early Sep-Mar,2025-05,0.14530099858882375,0.144315328854039,0.18499999999999997,138.0732600732601
nhsn,2025-2026,Virginia,early_sep_mar,Early Sep-Mar,2025-06,0.13803428131400264,0.13883751420685922,0.18499999999999991,183.8864468864469
nhsn,2025-2026,Virginia,early_sep_mar,Early Sep-Mar,2025-07,0.1468329512960791,0.14642304727739752,0.18499999999999997,218.53663003663
nhsn,2025-2026,Virginia,early_sep_mar,Early Sep-Mar,2025-08,0.14599094252649789,0.14538113926879237,0.18499999999999997,231.4505494505494
nhsn,2025-2026,Virginia,early_sep_mar,Early Sep-Mar,2025-09,0.14536652326744148,0.14521347052401856,0.18499999999999997,225.96520146520146
nhsn,2025-2026,Virginia,early_sep_mar,Early Sep-Mar,2025-10,0.14488215552092634,0.14373529112682587,0.185,222.65567765567766
nhsn,2025-2026,Virginia,early_sep_mar,Early Sep-Mar,2025-11,0.14506544551906084,0.14171776128386362,0.18499999999999997,191.8021978021978
nhsn,2025-2026,Virginia,early_sep_mar,Early Sep-Mar,2025-12,0.1352803540844341,0.13063102981556465,0.185,159.39377289377288
nhsn,2025-2026,Virginia,early_sep_mar,Early Sep-Mar,2026-01,0.12105327857649596,0.11801652213329339,0.185,96.67032967032966
nhsn,2025-2026,Virginia,early_sep_mar,Early Sep-Mar,2026-02,0.12111755766349036,0.11261625142718228,0.185,42.24358974358975
nhsn,2025-2026,Virginia,early_sep_mar,Early Sep-Mar,2026-03,0.10046797595190382,0.08233297762998917,0.12500891612903228,18.456043956043956
nhsn,2025-2026,Virginia,early_sep_mar,Early Sep-Mar,2026-04,0.0,0.0,0.0,4.351648351648352
nhsn,2025-2026,Virginia,extended_sep_apr,Extended Sep-Apr,2025-01,0.0,0.0,0.0,3.611721611721612
nhsn,2025-2026,Virginia,extended_sep_apr,Extended Sep-Apr,2025-02,0.0,0.02618247249181331,0.035216071428571416,12.961538461538463
nhsn,2025-2026,Virginia,extended_sep_apr,Extended Sep-Apr,2025-03,0.13706210815072192,0.1333855284763485,0.1814790322580645,38.27289377289378
nhsn,2025-2026,Virginia,extended_sep_apr,Extended Sep-Apr,2025-04,0.12246020439138429,0.12426285949265535,0.18499999999999991,74.05311355311355
nhsn,2025-2026,Virginia,extended_sep_apr,Extended Sep-Apr,2025-05,0.14530099858882375,0.144315328854039,0.18499999999999997,138.0732600732601
nhsn,2025-2026,Virginia,extended_sep_apr,Extended Sep-Apr,2025-06,0.13803428131400264,0.13883751420685922,0.18499999999999991,183.8864468864469
nhsn,2025-2026,Virginia,extended_sep_apr,Extended Sep-Apr,2025-07,0.1468329512960791,0.14642304727739752,0.18499999999999997,218.53663003663
nhsn,2025-2026,Virginia,extended_sep_apr,Extended Sep-Apr,2025-08,0.14599094252649789,0.14538113926879237,0.18499999999999997,231.4505494505494
nhsn,2025-2026,Virginia,extended_sep_apr,Extended Sep-Apr,2025-09,0.14536652326744148,0.14521347052401856,0.18499999999999997,225.96520146520146
nhsn,2025-2026,Virginia,extended_sep_apr,Extended Sep-Apr,2025-10,0.14488215552092634,0.14373529112682587,0.185,222.65567765567766
nhsn,2025-2026,Virginia,extended_sep_apr,Extended Sep-Apr,2025-11,0.14506544551906084,0.14171776128386362,0.18499999999999997,191.8021978021978
nhsn,2025-2026,Virginia,extended_sep_apr,Extended Sep-Apr,2025-12,0.1352803540844341,0.13063102981556465,0.185,159.39377289377288
nhsn,2025-2026,Virginia,extended_sep_apr,Extended Sep-Apr,2026-01,0.12105327857649596,0.11801652213329339,0.185,96.67032967032966
nhsn,2025-2026,Virginia,extended_sep_apr,Extended Sep-Apr,2026-02,0.12111755766349036,0.11261625142718228,0.185,42.24358974358975
nhsn,2025-2026,Virginia,extended_sep_apr,Extended Sep-Apr,2026-03,0.1031360350678733,0.10142412938680226,0.185,18.456043956043956
nhsn,2025-2026,Virginia,extended_sep_apr,Extended Sep-Apr,2026-04,0.025195238095238093,0.05581125214486361,0.13351405600000002,4.351648351648351
nhsn,2025-2026,Virginia,late_oct_apr,Late Oct-Apr,2025-01,0.0,0.0,0.0,3.611721611721612
nhsn,2025-2026,Virginia,late_oct_apr,Late Oct-Apr,2025-02,0.0,0.0,0.0,12.961538461538463
nhsn,2025-2026,Virginia,late_oct_apr,Late Oct-Apr,2025-03,0.0,0.02320933379967983,0.03425483870967742,38.27289377289378
nhsn,2025-2026,Virginia,late_oct_apr,Late Oct-Apr,2025-04,0.1158748875755513,0.11593650788631758,0.18499999999999991,74.05311355311355
nhsn,2025-2026,Virginia,late_oct_apr,Late Oct-Apr,2025-05,0.1095626186787489,0.11320349747402687,0.18499999999999997,138.0732600732601
nhsn,2025-2026,Virginia,late_oct_apr,Late Oct-Apr,2025-06,0.13542717750923777,0.13512147744104047,0.18499999999999991,183.8864468864469
nhsn,2025-2026,Virginia,late_oct_apr,Late Oct-Apr,2025-07,0.12423410940614256,0.12713610605642806,0.18499999999999997,218.53663003663
nhsn,2025-2026,Virginia,late_oct_apr,Late Oct-Apr,2025-08,0.14070996808645905,0.14054021683969614,0.18499999999999997,231.4505494505494
nhsn,2025-2026,Virginia,late_oct_apr,Late Oct-Apr,2025-09,0.14565740361330717,0.14490877472613348,0.18499999999999991,225.96520146520146
nhsn,2025-2026,Virginia,late_oct_apr,Late Oct-Apr,2025-10,0.14488215552092634,0.14373529112682587,0.185,222.65567765567766
nhsn,2025-2026,Virginia,late_oct_apr,Late Oct-Apr,2025-11,0.14506544551906084,0.14171776128386362,0.18499999999999997,191.8021978021978
nhsn,2025-2026,Virginia,late_oct_apr,Late Oct-Apr,2025-12,0.1352803540844341,0.13063102981556465,0.185,159.39377289377288
nhsn,2025-2026,Virginia,late_oct_apr,Late Oct-Apr,2026-01,0.12105327857649596,0.11801652213329339,0.185,96.67032967032966
nhsn,2025-2026,Virginia,late_oct_apr,Late Oct-Apr,2026-02,0.12111755766349036,0.11261625142718228,0.185,42.24358974358975
nhsn,2025-2026,Virginia,late_oct_apr,Late Oct-Apr,2026-03,0.1031360350678733,0.10142412938680226,0.185,18.456043956043956
nhsn,2025-2026,Virginia,late_oct_apr,Late Oct-Apr,2026-04,0.025195238095238093,0.05581125214486361,0.13351405600000002,4.351648351648351
nhsn,2025-2026,Washington,baseline_oct_mar,Baseline Oct-Mar,2025-01,0.0,0.0,0.0,1.6794871794871793
nhsn,2025-2026,Washington,baseline_oct_mar,Baseline Oct-Mar,2025-02,0.0,0.0,0.0,4.009157509157509
nhsn,2025-2026,Washington,baseline_oct_mar,Baseline Oct-Mar,2025-03,0.0,0.019359518399149796,0.03425483870967742,9.003663003663002
nhsn,2025-2026,Washington,baseline_oct_mar,Baseline Oct-Mar,2025-04,0.12124995894671367,0.11713748602763274,0.18499999999999991,22.56776556776557
nhsn,2025-2026,Washington,baseline_oct_mar,Baseline Oct-Mar,2025-05,0.1252534719479713,0.12675208974901078,0.18499999999999997,49.44139194139194
nhsn,2025-2026,Washington,baseline_oct_mar,Baseline Oct-Mar,2025-06,0.13861011663265912,0.1387255366885095,0.18499999999999991,69.72161172161171
nhsn,2025-2026,Washington,baseline_oct_mar,Baseline Oct-Mar,2025-07,0.13747865128827916,0.13796765038887876,0.18499999999999997,97.74908424908423
nhsn,2025-2026,Washington,baseline_oct_mar,Baseline Oct-Mar,2025-08,0.14347515635387054,0.1435252819114949,0.18499999999999997,112.67399267399266
nhsn,2025-2026,Washington,baseline_oct_mar,Baseline Oct-Mar,2025-09,0.14525112644993893,0.14554903352409002,0.18499999999999991,110.03846153846153
nhsn,2025-2026,Washington,baseline_oct_mar,Baseline Oct-Mar,2025-10,0.14709991065165684,0.1468456369430741,0.185,110.82600732600733
nhsn,2025-2026,Washington,baseline_oct_mar,Baseline Oct-Mar,2025-11,0.14796420146537811,0.14470070512317032,0.18499999999999997,102.75091575091577
nhsn,2025-2026,Washington,baseline_oct_mar,Baseline Oct-Mar,2025-12,0.1360076011101496,0.13448533113806052,0.185,91.47985347985347
nhsn,2025-2026,Washington,baseline_oct_mar,Baseline Oct-Mar,2026-01,0.1382586791649211,0.13298645951774474,0.185,65.05860805860806
nhsn,2025-2026,Washington,baseline_oct_mar,Baseline Oct-Mar,2026-02,0.12046906988137211,0.11660069304762981,0.185,39.11538461538461
nhsn,2025-2026,Washington,baseline_oct_mar,Baseline Oct-Mar,2026-03,0.08782000000000001,0.07822266648698882,0.12500891612903228,17.930402930402934
nhsn,2025-2026,Washington,baseline_oct_mar,Baseline Oct-Mar,2026-04,0.0,0.0,0.0,2.0183150183150182
nhsn,2025-2026,Washington,early_sep_mar,Early Sep-Mar,2025-01,0.0,0.0,0.0,1.6794871794871793
nhsn,2025-2026,Washington,early_sep_mar,Early Sep-Mar,2025-02,0.0,0.02483948027861686,0.035216071428571416,4.009157509157509
nhsn,2025-2026,Washington,early_sep_mar,Early Sep-Mar,2025-03,0.11499160002960006,0.11643158998035039,0.1814790322580645,9.003663003663002
nhsn,2025-2026,Washington,early_sep_mar,Early Sep-Mar,2025-04,0.1223319134865135,0.12245401213654837,0.18499999999999991,22.56776556776557
nhsn,2025-2026,Washington,early_sep_mar,Early Sep-Mar,2025-05,0.1422833997681151,0.14257260801596885,0.18499999999999997,49.44139194139194
nhsn,2025-2026,Washington,early_sep_mar,Early Sep-Mar,2025-06,0.13973767936353818,0.14057688392169046,0.18499999999999991,69.72161172161171
nhsn,2025-2026,Washington,early_sep_mar,Early Sep-Mar,2025-07,0.14632881366508846,0.1458267065007942,0.18499999999999997,97.74908424908423
nhsn,2025-2026,Washington,early_sep_mar,Early Sep-Mar,2025-08,0.145009029694892,0.1436891258682897,0.18499999999999997,112.67399267399266
nhsn,2025-2026,Washington,early_sep_mar,Early Sep-Mar,2025-09,0.1455500570418156,0.14511485857773299,0.18499999999999997,110.03846153846153
nhsn,2025-2026,Washington,early_sep_mar,Early Sep-Mar,2025-10,0.14709991065165684,0.1468456369430741,0.185,110.82600732600733
nhsn,2025-2026,Washington,early_sep_mar,Early Sep-Mar,2025-11,0.14796420146537811,0.14470070512317032,0.18499999999999997,102.75091575091577
nhsn,2025-2026,Washington,early_sep_mar,Early Sep-Mar,2025-12,0.1360076011101496,0.13448533113806052,0.185,91.47985347985347
nhsn,2025-2026,Washington,early_sep_mar,Early Sep-Mar,2026-01,0.1382586791649211,0.13298645951774474,0.185,65.05860805860806
nhsn,2025-2026,Washington,early_sep_mar,Early Sep-Mar,2026-02,0.12046906988137211,0.11660069304762981,0.185,39.11538461538461
nhsn,2025-2026,Washington,early_sep_mar,Early Sep-Mar,2026-03,0.08782000000000001,0.07822266648698882,0.12500891612903228,17.930402930402934
nhsn,2025-2026,Washington,early_sep_mar,Early Sep-Mar,2026-04,0.0,0.0,0.0,2.0183150183150182
nhsn,2025-2026,Washington,extended_sep_apr,Extended Sep-Apr,2025-01,0.0,0.0,0.0,1.6794871794871793
nhsn,2025-2026,Washington,extended_sep_apr,Extended Sep-Apr,2025-02,0.0,0.02483948027861686,0.035216071428571416,4.009157509157509
nhsn,2025-2026,Washington,extended_sep_apr,Extended Sep-Apr,2025-03,0.11499160002960006,0.11643158998035039,0.1814790322580645,9.003663003663002
nhsn,2025-2026,Washington,extended_sep_apr,Extended Sep-Apr,2025-04,0.1223319134865135,0.12245401213654837,0.18499999999999991,22.56776556776557
nhsn,2025-2026,Washington,extended_sep_apr,Extended Sep-Apr,2025-05,0.1422833997681151,0.14257260801596885,0.18499999999999997,49.44139194139194
nhsn,2025-2026,Washington,extended_sep_apr,Extended Sep-Apr,2025-06,0.13973767936353818,0.14057688392169046,0.18499999999999991,69.72161172161171
nhsn,2025-2026,Washington,extended_sep_apr,Extended Sep-Apr,2025-07,0.14632881366508846,0.1458267065007942,0.18499999999999997,97.74908424908423
nhsn,2025-2026,Washington,extended_sep_apr,Extended Sep-Apr,2025-08,0.145009029694892,0.1436891258682897,0.18499999999999997,112.67399267399266
nhsn,2025-2026,Washington,extended_sep_apr,Extended Sep-Apr,2025-09,0.1455500570418156,0.14511485857773299,0.18499999999999997,110.03846153846153
nhsn,2025-2026,Washington,extended_sep_apr,Extended Sep-Apr,2025-10,0.14709991065165684,0.1468456369430741,0.185,110.82600732600733
nhsn,2025-2026,Washington,extended_sep_apr,Extended Sep-Apr,2025-11,0.14796420146537811,0.14470070512317032,0.18499999999999997,102.75091575091577
nhsn,2025-2026,Washington,extended_sep_apr,Extended Sep-Apr,2025-12,0.1360076011101496,0.13448533113806052,0.185,91.47985347985347
nhsn,2025-2026,Washington,extended_sep_apr,Extended Sep-Apr,2026-01,0.1382586791649211,0.13298645951774474,0.185,65.05860805860806
nhsn,2025-2026,Washington,extended_sep_apr,Extended Sep-Apr,2026-02,0.12046906988137211,0.11660069304762981,0.185,39.11538461538461
nhsn,2025-2026,Washington,extended_sep_apr,Extended Sep-Apr,2026-03,0.08782000000000001,0.08736205525329903,0.185,17.930402930402934
nhsn,2025-2026,Washington,extended_sep_apr,Extended Sep-Apr,2026-04,0.007528695652173912,0.03635258297240033,0.13351405600000002,2.0183150183150182
nhsn,2025-2026,Washington,late_oct_apr,Late Oct-Apr,2025-01,0.0,0.0,0.0,1.6794871794871793
nhsn,2025-2026,Washington,late_oct_apr,Late Oct-Apr,2025-02,0.0,0.0,0.0,4.009157509157509
nhsn,2025-2026,Washington,late_oct_apr,Late Oct-Apr,2025-03,0.0,0.019359518399149796,0.03425483870967742,9.003663003663002
nhsn,2025-2026,Washington,late_oct_apr,Late Oct-Apr,2025-04,0.12124995894671367,0.11713748602763274,0.18499999999999991,22.56776556776557
nhsn,2025-2026,Washington,late_oct_apr,Late Oct-Apr,2025-05,0.1252534719479713,0.12675208974901078,0.18499999999999997,49.44139194139194
nhsn,2025-2026,Washington,late_oct_apr,Late Oct-Apr,2025-06,0.13861011663265912,0.1387255366885095,0.18499999999999991,69.72161172161171
nhsn,2025-2026,Washington,late_oct_apr,Late Oct-Apr,2025-07,0.13747865128827916,0.13796765038887876,0.18499999999999997,97.74908424908423
nhsn,2025-2026,Washington,late_oct_apr,Late Oct-Apr,2025-08,0.14347515635387054,0.1435252819114949,0.18499999999999997,112.67399267399266
nhsn,2025-2026,Washington,late_oct_apr,Late Oct-Apr,2025-09,0.14525112644993893,0.14554903352409002,0.18499999999999991,110.03846153846153
nhsn,2025-2026,Washington,late_oct_apr,Late Oct-Apr,2025-10,0.14709991065165684,0.1468456369430741,0.185,110.82600732600733
nhsn,2025-2026,Washington,late_oct_apr,Late Oct-Apr,2025-11,0.14796420146537811,0.14470070512317032,0.18499999999999997,102.75091575091577
nhsn,2025-2026,Washington,late_oct_apr,Late Oct-Apr,2025-12,0.1360076011101496,0.13448533113806052,0.185,91.47985347985347
nhsn,2025-2026,Washington,late_oct_apr,Late Oct-Apr,2026-01,0.1382586791649211,0.13298645951774474,0.185,65.05860805860806
nhsn,2025-2026,Washington,late_oct_apr,Late Oct-Apr,2026-02,0.12046906988137211,0.11660069304762981,0.185,39.11538461538461
nhsn,2025-2026,Washington,late_oct_apr,Late Oct-Apr,2026-03,0.08782000000000001,0.08736205525329903,0.185,17.930402930402934
nhsn,2025-2026,Washington,late_oct_apr,Late Oct-Apr,2026-04,0.007528695652173912,0.03635258297240033,0.13351405600000002,2.0183150183150182
nhsn,2025-2026,West Virginia,baseline_oct_mar,Baseline Oct-Mar,2025-01,0.0,0.0,0.0,2.55128205128205
nhsn,2025-2026,West Virginia,baseline_oct_mar,Baseline Oct-Mar,2025-02,0.0,0.0,0.0,3.0
nhsn,2025-2026,West Virginia,baseline_oct_mar,Baseline Oct-Mar,2025-03,0.0,0.02067281534406591,0.03425483870967742,7.82051282051282
nhsn,2025-2026,West Virginia,baseline_oct_mar,Baseline Oct-Mar,2025-04,0.12782768413374707,0.12622296134714636,0.18499999999999991,20.206959706959708
nhsn,2025-2026,West Virginia,baseline_oct_mar,Baseline Oct-Mar,2025-05,0.12633166345261881,0.12470484692295813,0.18499999999999997,43.794871794871796
nhsn,2025-2026,West Virginia,baseline_oct_mar,Baseline Oct-Mar,2025-06,0.14202028626884536,0.14183983669898062,0.18499999999999991,68.03663003663004
nhsn,2025-2026,West Virginia,baseline_oct_mar,Baseline Oct-Mar,2025-07,0.14114901507252545,0.14042081808916043,0.18499999999999997,120.76739926739927
nhsn,2025-2026,West Virginia,baseline_oct_mar,Baseline Oct-Mar,2025-08,0.14675446578421578,0.14674651138863984,0.18499999999999997,158.36080586080584
nhsn,2025-2026,West Virginia,baseline_oct_mar,Baseline Oct-Mar,2025-09,0.14751547665115305,0.14746232876637924,0.18499999999999991,161.7948717948718
nhsn,2025-2026,West Virginia,baseline_oct_mar,Baseline Oct-Mar,2025-10,0.14774627629751205,0.14739443223197085,0.185,166.3974358974359
nhsn,2025-2026,West Virginia,baseline_oct_mar,Baseline Oct-Mar,2025-11,0.1457081133352725,0.1448574828373654,0.18499999999999997,156.53846153846155
nhsn,2025-2026,West Virginia,baseline_oct_mar,Baseline Oct-Mar,2025-12,0.14644830267108222,0.14238592023303762,0.185,148.56043956043956
nhsn,2025-2026,West Virginia,baseline_oct_mar,Baseline Oct-Mar,2026-01,0.14289656490781946,0.14102335164574803,0.185,125.04212454212455
nhsn,2025-2026,West Virginia,baseline_oct_mar,Baseline Oct-Mar,2026-02,0.13061530226489929,0.12294044507363558,0.185,90.16666666666669
nhsn,2025-2026,West Virginia,baseline_oct_mar,Baseline Oct-Mar,2026-03,0.11265137803373099,0.08647443289159372,0.12500891612903228,49.8058608058608
nhsn,2025-2026,West Virginia,baseline_oct_mar,Baseline Oct-Mar,2026-04,0.0,0.0,0.0,10.514652014652016
nhsn,2025-2026,West Virginia,early_sep_mar,Early Sep-Mar,2025-01,0.0,0.0,0.0,2.55128205128205
nhsn,2025-2026,West Virginia,early_sep_mar,Early Sep-Mar,2025-02,0.0,0.011364316863250139,0.035216071428571416,3.0
nhsn,2025-2026,West Virginia,early_sep_mar,Early Sep-Mar,2025-03,0.09472618495104895,0.09317160011051412,0.1814790322580645,7.82051282051282
nhsn,2025-2026,West Virginia,early_sep_mar,Early Sep-Mar,2025-04,0.12863966586045533,0.1288598649032014,0.18499999999999991,20.206959706959708
nhsn,2025-2026,West Virginia,early_sep_mar,Early Sep-Mar,2025-05,0.13967585206173141,0.13954792430865068,0.18499999999999997,43.794871794871796
nhsn,2025-2026,West Virginia,early_sep_mar,Early Sep-Mar,2025-06,0.14231302593437542,0.14245579879925988,0.18499999999999991,68.03663003663004
nhsn,2025-2026,West Virginia,early_sep_mar,Early Sep-Mar,2025-07,0.1449959558146771,0.1450870402262585,0.18499999999999997,120.76739926739927
nhsn,2025-2026,West Virginia,early_sep_mar,Early Sep-Mar,2025-08,0.1397885935438969,0.13674420810684998,0.18499999999999997,158.36080586080584
nhsn,2025-2026,West Virginia,early_sep_mar,Early Sep-Mar,2025-09,0.14549036301079873,0.14141868077061867,0.18499999999999997,161.7948717948718
nhsn,2025-2026,West Virginia,early_sep_mar,Early Sep-Mar,2025-10,0.14774627629751205,0.14739443223197085,0.185,166.3974358974359
nhsn,2025-2026,West Virginia,early_sep_mar,Early Sep-Mar,2025-11,0.1457081133352725,0.1448574828373654,0.18499999999999997,156.53846153846155
nhsn,2025-2026,West Virginia,early_sep_mar,Early Sep-Mar,2025-12,0.14644830267108222,0.14238592023303762,0.185,148.56043956043956
nhsn,2025-2026,West Virginia,early_sep_mar,Early Sep-Mar,2026-01,0.14289656490781946,0.14102335164574803,0.185,125.04212454212455
nhsn,2025-2026,West Virginia,early_sep_mar,Early Sep-Mar,2026-02,0.13061530226489929,0.12294044507363558,0.185,90.16666666666669
nhsn,2025-2026,West Virginia,early_sep_mar,Early Sep-Mar,2026-03,0.11265137803373099,0.08647443289159372,0.12500891612903228,49.8058608058608
nhsn,2025-2026,West Virginia,early_sep_mar,Early Sep-Mar,2026-04,0.0,0.0,0.0,10.514652014652016
nhsn,2025-2026,West Virginia,extended_sep_apr,Extended Sep-Apr,2025-01,0.0,0.0,0.0,2.55128205128205
nhsn,2025-2026,West Virginia,extended_sep_apr,Extended Sep-Apr,2025-02,0.0,0.011364316863250139,0.035216071428571416,3.0
nhsn,2025-2026,West Virginia,extended_sep_apr,Extended Sep-Apr,2025-03,0.09472618495104895,0.09317160011051412,0.1814790322580645,7.82051282051282
nhsn,2025-2026,West Virginia,extended_sep_apr,Extended Sep-Apr,2025-04,0.12863966586045533,0.1288598649032014,0.18499999999999991,20.206959706959708
nhsn,2025-2026,West Virginia,extended_sep_apr,Extended Sep-Apr,2025-05,0.13967585206173141,0.13954792430865068,0.18499999999999997,43.794871794871796
nhsn,2025-2026,West Virginia,extended_sep_apr,Extended Sep-Apr,2025-06,0.14231302593437542,0.14245579879925988,0.18499999999999991,68.03663003663004
nhsn,2025-2026,West Virginia,extended_sep_apr,Extended Sep-Apr,2025-07,0.1449959558146771,0.1450870402262585,0.18499999999999997,120.76739926739927
nhsn,2025-2026,West Virginia,extended_sep_apr,Extended Sep-Apr,2025-08,0.1397885935438969,0.13674420810684998,0.18499999999999997,158.36080586080584
nhsn,2025-2026,West Virginia,extended_sep_apr,Extended Sep-Apr,2025-09,0.14549036301079873,0.14141868077061867,0.18499999999999997,161.7948717948718
nhsn,2025-2026,West Virginia,extended_sep_apr,Extended Sep-Apr,2025-10,0.14774627629751205,0.14739443223197085,0.185,166.3974358974359
nhsn,2025-2026,West Virginia,extended_sep_apr,Extended Sep-Apr,2025-11,0.1457081133352725,0.1448574828373654,0.18499999999999997,156.53846153846155
nhsn,2025-2026,West Virginia,extended_sep_apr,Extended Sep-Apr,2025-12,0.14644830267108222,0.14238592023303762,0.185,148.56043956043956
nhsn,2025-2026,West Virginia,extended_sep_apr,Extended Sep-Apr,2026-01,0.14289656490781946,0.14102335164574803,0.185,125.04212454212455
nhsn,2025-2026,West Virginia,extended_sep_apr,Extended Sep-Apr,2026-02,0.13061530226489929,0.12294044507363558,0.185,90.16666666666669
nhsn,2025-2026,West Virginia,extended_sep_apr,Extended Sep-Apr,2026-03,0.11265137803373099,0.10248703867038315,0.185,49.8058608058608
nhsn,2025-2026,West Virginia,extended_sep_apr,Extended Sep-Apr,2026-04,0.01443,0.04572511434777892,0.13351405600000002,10.514652014652015
nhsn,2025-2026,West Virginia,late_oct_apr,Late Oct-Apr,2025-01,0.0,0.0,0.0,2.55128205128205
nhsn,2025-2026,West Virginia,late_oct_apr,Late Oct-Apr,2025-02,0.0,0.0,0.0,3.0
nhsn,2025-2026,West Virginia,late_oct_apr,Late Oct-Apr,2025-03,0.0,0.02067281534406591,0.03425483870967742,7.82051282051282
nhsn,2025-2026,West Virginia,late_oct_apr,Late Oct-Apr,2025-04,0.12782768413374707,0.12622296134714636,0.18499999999999991,20.206959706959708
nhsn,2025-2026,West Virginia,late_oct_apr,Late Oct-Apr,2025-05,0.12633166345261881,0.12470484692295813,0.18499999999999997,43.794871794871796
nhsn,2025-2026,West Virginia,late_oct_apr,Late Oct-Apr,2025-06,0.14202028626884536,0.14183983669898062,0.18499999999999991,68.03663003663004
nhsn,2025-2026,West Virginia,late_oct_apr,Late Oct-Apr,2025-07,0.14114901507252545,0.14042081808916043,0.18499999999999997,120.76739926739927
nhsn,2025-2026,West Virginia,late_oct_apr,Late Oct-Apr,2025-08,0.14675446578421578,0.14674651138863984,0.18499999999999997,158.36080586080584
nhsn,2025-2026,West Virginia,late_oct_apr,Late Oct-Apr,2025-09,0.14751547665115305,0.14746232876637924,0.18499999999999991,161.7948717948718
nhsn,2025-2026,West Virginia,late_oct_apr,Late Oct-Apr,2025-10,0.14774627629751205,0.14739443223197085,0.185,166.3974358974359
nhsn,2025-2026,West Virginia,late_oct_apr,Late Oct-Apr,2025-11,0.1457081133352725,0.1448574828373654,0.18499999999999997,156.53846153846155
nhsn,2025-2026,West Virginia,late_oct_apr,Late Oct-Apr,2025-12,0.14644830267108222,0.14238592023303762,0.185,148.56043956043956
nhsn,2025-2026,West Virginia,late_oct_apr,Late Oct-Apr,2026-01,0.14289656490781946,0.14102335164574803,0.185,125.04212454212455
nhsn,2025-2026,West Virginia,late_oct_apr,Late Oct-Apr,2026-02,0.13061530226489929,0.12294044507363558,0.185,90.16666666666669
nhsn,2025-2026,West Virginia,late_oct_apr,Late Oct-Apr,2026-03,0.11265137803373099,0.10248703867038315,0.185,49.8058608058608
nhsn,2025-2026,West Virginia,late_oct_apr,Late Oct-Apr,2026-04,0.01443,0.04572511434777892,0.13351405600000002,10.514652014652015
nhsn,2025-2026,Wisconsin,baseline_oct_mar,Baseline Oct-Mar,2025-01,0.0,0.0,0.0,2.0384615384615383
nhsn,2025-2026,Wisconsin,baseline_oct_mar,Baseline Oct-Mar,2025-02,0.0,0.0,0.0,2.8626373626373622
nhsn,2025-2026,Wisconsin,baseline_oct_mar,Baseline Oct-Mar,2025-03,0.0,0.019422600821571698,0.03425483870967742,6.7545787545787555
nhsn,2025-2026,Wisconsin,baseline_oct_mar,Baseline Oct-Mar,2025-04,0.11806381124409192,0.1182025692018867,0.18499999999999991,15.318681318681318
nhsn,2025-2026,Wisconsin,baseline_oct_mar,Baseline Oct-Mar,2025-05,0.1260711320227252,0.12611359419956686,0.18499999999999997,41.879120879120876
nhsn,2025-2026,Wisconsin,baseline_oct_mar,Baseline Oct-Mar,2025-06,0.14359814571413437,0.14369169882187943,0.18499999999999991,101.05860805860806
nhsn,2025-2026,Wisconsin,baseline_oct_mar,Baseline Oct-Mar,2025-07,0.1445221306774034,0.14433358683901754,0.18499999999999997,195.05311355311352
nhsn,2025-2026,Wisconsin,baseline_oct_mar,Baseline Oct-Mar,2025-08,0.14681963967559536,0.14682273948722213,0.18499999999999997,235.1666666666666
nhsn,2025-2026,Wisconsin,baseline_oct_mar,Baseline Oct-Mar,2025-09,0.14718473596140702,0.14719896589682221,0.18499999999999991,233.71794871794873
nhsn,2025-2026,Wisconsin,baseline_oct_mar,Baseline Oct-Mar,2025-10,0.14758817846557415,0.1474981700087025,0.185,240.36630036630038
nhsn,2025-2026,Wisconsin,baseline_oct_mar,Baseline Oct-Mar,2025-11,0.14743304699907603,0.1471662038083112,0.18499999999999997,229.04395604395603
nhsn,2025-2026,Wisconsin,baseline_oct_mar,Baseline Oct-Mar,2025-12,0.14793213294143465,0.14562968748933738,0.185,227.43772893772893
nhsn,2025-2026,Wisconsin,baseline_oct_mar,Baseline Oct-Mar,2026-01,0.14429870123550084,0.13693291478837816,0.185,200.30586080586085
nhsn,2025-2026,Wisconsin,baseline_oct_mar,Baseline Oct-Mar,2026-02,0.1184884979039127,0.11243914678086482,0.185,125.83333333333334
nhsn,2025-2026,Wisconsin,baseline_oct_mar,Baseline Oct-Mar,2026-03,0.08436878232938429,0.0758007561423512,0.12500891612903228,49.97435897435898
nhsn,2025-2026,Wisconsin,baseline_oct_mar,Baseline Oct-Mar,2026-04,0.0,0.0,0.0,7.5256410256410255
nhsn,2025-2026,Wisconsin,early_sep_mar,Early Sep-Mar,2025-01,0.0,0.0,0.0,2.0384615384615383
nhsn,2025-2026,Wisconsin,early_sep_mar,Early Sep-Mar,2025-02,0.0,0.014459823946927223,0.035216071428571416,2.8626373626373622
nhsn,2025-2026,Wisconsin,early_sep_mar,Early Sep-Mar,2025-03,0.10012998767569065,0.09913381432609492,0.1814790322580645,6.7545787545787555
nhsn,2025-2026,Wisconsin,early_sep_mar,Early Sep-Mar,2025-04,0.1214406779251676,0.12181719628012613,0.18499999999999991,15.318681318681318
nhsn,2025-2026,Wisconsin,early_sep_mar,Early Sep-Mar,2025-05,0.14108626687735343,0.14032111385014445,0.18499999999999997,41.879120879120876
nhsn,2025-2026,Wisconsin,early_sep_mar,Early Sep-Mar,2025-06,0.14378056074234086,0.14404042787245921,0.18499999999999991,101.05860805860806
nhsn,2025-2026,Wisconsin,early_sep_mar,Early Sep-Mar,2025-07,0.14650371683156446,0.14642272581051505,0.18499999999999997,195.05311355311352
nhsn,2025-2026,Wisconsin,early_sep_mar,Early Sep-Mar,2025-08,0.14362114496930253,0.14208380803156004,0.18499999999999997,235.1666666666666
nhsn,2025-2026,Wisconsin,early_sep_mar,Early Sep-Mar,2025-09,0.14618646181331024,0.1442714709412233,0.18499999999999997,233.71794871794873
nhsn,2025-2026,Wisconsin,early_sep_mar,Early Sep-Mar,2025-10,0.14758817846557415,0.1474981700087025,0.185,240.36630036630038
nhsn,2025-2026,Wisconsin,early_sep_mar,Early Sep-Mar,2025-11,0.14743304699907603,0.1471662038083112,0.18499999999999997,229.04395604395603
nhsn,2025-2026,Wisconsin,early_sep_mar,Early Sep-Mar,2025-12,0.14793213294143465,0.14562968748933738,0.185,227.43772893772893
nhsn,2025-2026,Wisconsin,early_sep_mar,Early Sep-Mar,2026-01,0.14429870123550084,0.13693291478837816,0.185,200.30586080586085
nhsn,2025-2026,Wisconsin,early_sep_mar,Early Sep-Mar,2026-02,0.1184884979039127,0.11243914678086482,0.185,125.83333333333334
nhsn,2025-2026,Wisconsin,early_sep_mar,Early Sep-Mar,2026-03,0.08436878232938429,0.0758007561423512,0.12500891612903228,49.97435897435898
nhsn,2025-2026,Wisconsin,early_sep_mar,Early Sep-Mar,2026-04,0.0,0.0,0.0,7.5256410256410255
nhsn,2025-2026,Wisconsin,extended_sep_apr,Extended Sep-Apr,2025-01,0.0,0.0,0.0,2.0384615384615383
nhsn,2025-2026,Wisconsin,extended_sep_apr,Extended Sep-Apr,2025-02,0.0,0.014459823946927223,0.035216071428571416,2.8626373626373622
nhsn,2025-2026,Wisconsin,extended_sep_apr,Extended Sep-Apr,2025-03,0.10012998767569065,0.09913381432609492,0.1814790322580645,6.7545787545787555
nhsn,2025-2026,Wisconsin,extended_sep_apr,Extended Sep-Apr,2025-04,0.1214406779251676,0.12181719628012613,0.18499999999999991,15.318681318681318
nhsn,2025-2026,Wisconsin,extended_sep_apr,Extended Sep-Apr,2025-05,0.14108626687735343,0.14032111385014445,0.18499999999999997,41.879120879120876
nhsn,2025-2026,Wisconsin,extended_sep_apr,Extended Sep-Apr,2025-06,0.14378056074234086,0.14404042787245921,0.18499999999999991,101.05860805860806
nhsn,2025-2026,Wisconsin,extended_sep_apr,Extended Sep-Apr,2025-07,0.14650371683156446,0.14642272581051505,0.18499999999999997,195.05311355311352
nhsn,2025-2026,Wisconsin,extended_sep_apr,Extended Sep-Apr,2025-08,0.14362114496930253,0.14208380803156004,0.18499999999999997,235.1666666666666
nhsn,2025-2026,Wisconsin,extended_sep_apr,Extended Sep-Apr,2025-09,0.14618646181331024,0.1442714709412233,0.18499999999999997,233.71794871794873
nhsn,2025-2026,Wisconsin,extended_sep_apr,Extended Sep-Apr,2025-10,0.14758817846557415,0.1474981700087025,0.185,240.36630036630038
nhsn,2025-2026,Wisconsin,extended_sep_apr,Extended Sep-Apr,2025-11,0.14743304699907603,0.1471662038083112,0.18499999999999997,229.04395604395603
nhsn,2025-2026,Wisconsin,extended_sep_apr,Extended Sep-Apr,2025-12,0.14793213294143465,0.14562968748933738,0.185,227.43772893772893
nhsn,2025-2026,Wisconsin,extended_sep_apr,Extended Sep-Apr,2026-01,0.14429870123550084,0.13693291478837816,0.185,200.30586080586085
nhsn,2025-2026,Wisconsin,extended_sep_apr,Extended Sep-Apr,2026-02,0.1184884979039127,0.11243914678086482,0.185,125.83333333333334
nhsn,2025-2026,Wisconsin,extended_sep_apr,Extended Sep-Apr,2026-03,0.09064792134831462,0.08977794719809551,0.185,49.97435897435898
nhsn,2025-2026,Wisconsin,extended_sep_apr,Extended Sep-Apr,2026-04,0.016233749999999998,0.04773240952956215,0.13351405600000002,7.525641025641026
nhsn,2025-2026,Wisconsin,late_oct_apr,Late Oct-Apr,2025-01,0.0,0.0,0.0,2.0384615384615383
nhsn,2025-2026,Wisconsin,late_oct_apr,Late Oct-Apr,2025-02,0.0,0.0,0.0,2.8626373626373622
nhsn,2025-2026,Wisconsin,late_oct_apr,Late Oct-Apr,2025-03,0.0,0.019422600821571698,0.03425483870967742,6.7545787545787555
nhsn,2025-2026,Wisconsin,late_oct_apr,Late Oct-Apr,2025-04,0.11806381124409192,0.1182025692018867,0.18499999999999991,15.318681318681318
nhsn,2025-2026,Wisconsin,late_oct_apr,Late Oct-Apr,2025-05,0.1260711320227252,0.12611359419956686,0.18499999999999997,41.879120879120876
nhsn,2025-2026,Wisconsin,late_oct_apr,Late Oct-Apr,2025-06,0.14359814571413437,0.14369169882187943,0.18499999999999991,101.05860805860806
nhsn,2025-2026,Wisconsin,late_oct_apr,Late Oct-Apr,2025-07,0.1445221306774034,0.14433358683901754,0.18499999999999997,195.05311355311352
nhsn,2025-2026,Wisconsin,late_oct_apr,Late Oct-Apr,2025-08,0.14681963967559536,0.14682273948722213,0.18499999999999997,235.1666666666666
nhsn,2025-2026,Wisconsin,late_oct_apr,Late Oct-Apr,2025-09,0.14718473596140702,0.14719896589682221,0.18499999999999991,233.71794871794873
nhsn,2025-2026,Wisconsin,late_oct_apr,Late Oct-Apr,2025-10,0.14758817846557415,0.1474981700087025,0.185,240.36630036630038
nhsn,2025-2026,Wisconsin,late_oct_apr,Late Oct-Apr,2025-11,0.14743304699907603,0.1471662038083112,0.18499999999999997,229.04395604395603
nhsn,2025-2026,Wisconsin,late_oct_apr,Late Oct-Apr,2025-12,0.14793213294143465,0.14562968748933738,0.185,227.43772893772893
nhsn,2025-2026,Wisconsin,late_oct_apr,Late Oct-Apr,2026-01,0.14429870123550084,0.13693291478837816,0.185,200.30586080586085
nhsn,2025-2026,Wisconsin,late_oct_apr,Late Oct-Apr,2026-02,0.1184884979039127,0.11243914678086482,0.185,125.83333333333334
nhsn,2025-2026,Wisconsin,late_oct_apr,Late Oct-Apr,2026-03,0.09064792134831462,0.08977794719809551,0.185,49.97435897435898
nhsn,2025-2026,Wisconsin,late_oct_apr,Late Oct-Apr,2026-04,0.016233749999999998,0.04773240952956215,0.13351405600000002,7.525641025641026
nhsn,2025-2026,Wyoming,baseline_oct_mar,Baseline Oct-Mar,2025-01,,,0.0,0.0
nhsn,2025-2026,Wyoming,baseline_oct_mar,Baseline Oct-Mar,2025-02,,,0.0,0.0
nhsn,2025-2026,Wyoming,baseline_oct_mar,Baseline Oct-Mar,2025-03,,,0.03425483870967742,0.0
nhsn,2025-2026,Wyoming,baseline_oct_mar,Baseline Oct-Mar,2025-04,0.15002527132867133,0.15116444825338154,0.18499999999999991,0.7619047619047619
nhsn,2025-2026,Wyoming,baseline_oct_mar,Baseline Oct-Mar,2025-05,0.15346197676282056,0.15307591953710697,0.18499999999999997,3.567765567765568
nhsn,2025-2026,Wyoming,baseline_oct_mar,Baseline Oct-Mar,2025-06,0.14823122507538333,0.14836336178902354,0.18499999999999991,15.490842490842489
nhsn,2025-2026,Wyoming,baseline_oct_mar,Baseline Oct-Mar,2025-07,0.14854607463564476,0.14845054530927343,0.18499999999999997,44.097069597069606
nhsn,2025-2026,Wyoming,baseline_oct_mar,Baseline Oct-Mar,2025-08,0.14741950043083488,0.1474364429647307,0.18499999999999997,65.63369963369964
nhsn,2025-2026,Wyoming,baseline_oct_mar,Baseline Oct-Mar,2025-09,0.14721778056426332,0.14724384136229002,0.18499999999999991,66.9230769230769
nhsn,2025-2026,Wyoming,baseline_oct_mar,Baseline Oct-Mar,2025-10,0.14760777395592914,0.14764165181184197,0.185,69.15384615384613
nhsn,2025-2026,Wyoming,baseline_oct_mar,Baseline Oct-Mar,2025-11,0.14811776742223293,0.14801482632726617,0.18499999999999997,66.9230769230769
nhsn,2025-2026,Wyoming,baseline_oct_mar,Baseline Oct-Mar,2025-12,0.14831738870997424,0.1480224428882081,0.185,68.33516483516485
nhsn,2025-2026,Wyoming,baseline_oct_mar,Baseline Oct-Mar,2026-01,0.14836474961321866,0.14399028952240156,0.185,65.42124542124542
nhsn,2025-2026,Wyoming,baseline_oct_mar,Baseline Oct-Mar,2026-02,0.13239195003128634,0.12433492750122073,0.185,48.06410256410256
nhsn,2025-2026,Wyoming,baseline_oct_mar,Baseline Oct-Mar,2026-03,0.09845185993111367,0.07965897179925273,0.12500891612903228,26.047619047619047
nhsn,2025-2026,Wyoming,baseline_oct_mar,Baseline Oct-Mar,2026-04,0.0,0.0,0.0,3.8882783882783882
nhsn,2025-2026,Wyoming,early_sep_mar,Early Sep-Mar,2025-01,,,0.0,0.0
nhsn,2025-2026,Wyoming,early_sep_mar,Early Sep-Mar,2025-02,,,0.035216071428571416,0.0
nhsn,2025-2026,Wyoming,early_sep_mar,Early Sep-Mar,2025-03,,,0.1814790322580645,0.0
nhsn,2025-2026,Wyoming,early_sep_mar,Early Sep-Mar,2025-04,0.14922626723276725,0.14977860298861287,0.18499999999999991,0.7619047619047619
nhsn,2025-2026,Wyoming,early_sep_mar,Early Sep-Mar,2025-05,0.1481478730703259,0.14829692803594557,0.18499999999999997,3.567765567765568
nhsn,2025-2026,Wyoming,early_sep_mar,Early Sep-Mar,2025-06,0.1481573827751196,0.1480861119671636,0.18499999999999991,15.490842490842489
nhsn,2025-2026,Wyoming,early_sep_mar,Early Sep-Mar,2025-07,0.1470645782414307,0.14709633163691263,0.18499999999999997,44.097069597069606
nhsn,2025-2026,Wyoming,early_sep_mar,Early Sep-Mar,2025-08,0.13883168454782813,0.13659479159857635,0.18499999999999997,65.63369963369964
nhsn,2025-2026,Wyoming,early_sep_mar,Early Sep-Mar,2025-09,0.14623647693685626,0.14190291098123742,0.18499999999999997,66.9230769230769
nhsn,2025-2026,Wyoming,early_sep_mar,Early Sep-Mar,2025-10,0.14760777395592914,0.14764165181184197,0.185,69.15384615384613
nhsn,2025-2026,Wyoming,early_sep_mar,Early Sep-Mar,2025-11,0.14811776742223293,0.14801482632726617,0.18499999999999997,66.9230769230769
nhsn,2025-2026,Wyoming,early_sep_mar,Early Sep-Mar,2025-12,0.14831738870997424,0.1480224428882081,0.185,68.33516483516485
nhsn,2025-2026,Wyoming,early_sep_mar,Early Sep-Mar,2026-01,0.14836474961321866,0.14399028952240156,0.185,65.42124542124542
nhsn,2025-2026,Wyoming,early_sep_mar,Early Sep-Mar,2026-02,0.13239195003128634,0.12433492750122073,0.185,48.06410256410256
nhsn,2025-2026,Wyoming,early_sep_mar,Early Sep-Mar,2026-03,0.09845185993111367,0.07965897179925273,0.12500891612903228,26.047619047619047
nhsn,2025-2026,Wyoming,early_sep_mar,Early Sep-Mar,2026-04,0.0,0.0,0.0,3.8882783882783882
nhsn,2025-2026,Wyoming,extended_sep_apr,Extended Sep-Apr,2025-01,,,0.0,0.0
nhsn,2025-2026,Wyoming,extended_sep_apr,Extended Sep-Apr,2025-02,,,0.035216071428571416,0.0
nhsn,2025-2026,Wyoming,extended_sep_apr,Extended Sep-Apr,2025-03,,,0.1814790322580645,0.0
nhsn,2025-2026,Wyoming,extended_sep_apr,Extended Sep-Apr,2025-04,0.14922626723276725,0.14977860298861287,0.18499999999999991,0.7619047619047619
nhsn,2025-2026,Wyoming,extended_sep_apr,Extended Sep-Apr,2025-05,0.1481478730703259,0.14829692803594557,0.18499999999999997,3.567765567765568
nhsn,2025-2026,Wyoming,extended_sep_apr,Extended Sep-Apr,2025-06,0.1481573827751196,0.1480861119671636,0.18499999999999991,15.490842490842489
nhsn,2025-2026,Wyoming,extended_sep_apr,Extended Sep-Apr,2025-07,0.1470645782414307,0.14709633163691263,0.18499999999999997,44.097069597069606
nhsn,2025-2026,Wyoming,extended_sep_apr,Extended Sep-Apr,2025-08,0.13883168454782813,0.13659479159857635,0.18499999999999997,65.63369963369964
nhsn,2025-2026,Wyoming,extended_sep_apr,Extended Sep-Apr,2025-09,0.14623647693685626,0.14190291098123742,0.18499999999999997,66.9230769230769
nhsn,2025-2026,Wyoming,extended_sep_apr,Extended Sep-Apr,2025-10,0.14760777395592914,0.14764165181184197,0.185,69.15384615384613
nhsn,2025-2026,Wyoming,extended_sep_apr,Extended Sep-Apr,2025-11,0.14811776742223293,0.14801482632726617,0.18499999999999997,66.9230769230769
nhsn,2025-2026,Wyoming,extended_sep_apr,Extended Sep-Apr,2025-12,0.14831738870997424,0.1480224428882081,0.185,68.33516483516485
nhsn,2025-2026,Wyoming,extended_sep_apr,Extended Sep-Apr,2026-01,0.14836474961321866,0.14399028952240156,0.185,65.42124542124542
nhsn,2025-2026,Wyoming,extended_sep_apr,Extended Sep-Apr,2026-02,0.13239195003128634,0.12433492750122073,0.185,48.06410256410256
nhsn,2025-2026,Wyoming,extended_sep_apr,Extended Sep-Apr,2026-03,0.09863623556755136,0.09234465980956275,0.185,26.047619047619047
nhsn,2025-2026,Wyoming,extended_sep_apr,Extended Sep-Apr,2026-04,0.007528695652173912,0.03899521430218549,0.13351405600000002,3.8882783882783887
nhsn,2025-2026,Wyoming,late_oct_apr,Late Oct-Apr,2025-01,,,0.0,0.0
nhsn,2025-2026,Wyoming,late_oct_apr,Late Oct-Apr,2025-02,,,0.0,0.0
nhsn,2025-2026,Wyoming,late_oct_apr,Late Oct-Apr,2025-03,,,0.03425483870967742,0.0
nhsn,2025-2026,Wyoming,late_oct_apr,Late Oct-Apr,2025-04,0.15002527132867133,0.15116444825338154,0.18499999999999991,0.7619047619047619
nhsn,2025-2026,Wyoming,late_oct_apr,Late Oct-Apr,2025-05,0.15346197676282056,0.15307591953710697,0.18499999999999997,3.567765567765568
nhsn,2025-2026,Wyoming,late_oct_apr,Late Oct-Apr,2025-06,0.14823122507538333,0.14836336178902354,0.18499999999999991,15.490842490842489
nhsn,2025-2026,Wyoming,late_oct_apr,Late Oct-Apr,2025-07,0.14854607463564476,0.14845054530927343,0.18499999999999997,44.097069597069606
nhsn,2025-2026,Wyoming,late_oct_apr,Late Oct-Apr,2025-08,0.14741950043083488,0.1474364429647307,0.18499999999999997,65.63369963369964
nhsn,2025-2026,Wyoming,late_oct_apr,Late Oct-Apr,2025-09,0.14721778056426332,0.14724384136229002,0.18499999999999991,66.9230769230769
nhsn,2025-2026,Wyoming,late_oct_apr,Late Oct-Apr,2025-10,0.14760777395592914,0.14764165181184197,0.185,69.15384615384613
nhsn,2025-2026,Wyoming,late_oct_apr,Late Oct-Apr,2025-11,0.14811776742223293,0.14801482632726617,0.18499999999999997,66.9230769230769
nhsn,2025-2026,Wyoming,late_oct_apr,Late Oct-Apr,2025-12,0.14831738870997424,0.1480224428882081,0.185,68.33516483516485
nhsn,2025-2026,Wyoming,late_oct_apr,Late Oct-Apr,2026-01,0.14836474961321866,0.14399028952240156,0.185,65.42124542124542
nhsn,2025-2026,Wyoming,late_oct_apr,Late Oct-Apr,2026-02,0.13239195003128634,0.12433492750122073,0.185,48.06410256410256
nhsn,2025-2026,Wyoming,late_oct_apr,Late Oct-Apr,2026-03,0.09863623556755136,0.09234465980956275,0.185,26.047619047619047
nhsn,2025-2026,Wyoming,late_oct_apr,Late Oct-Apr,2026-04,0.007528695652173912,0.03899521430218549,0.13351405600000002,3.8882783882783887
