datasource,season,jurisdiction,window_name,window_label,birth_month,median_person_activity_fractional_protection,mean_person_activity_fractional_protection,share_receiving_ppx,total_activity_exposure_weight
nhsn,2024-2025,Alabama,baseline_oct_mar,Baseline Oct-Mar,2024-01,0.0,0.0,0.0,243.43040293040292
nhsn,2024-2025,Alabama,baseline_oct_mar,Baseline Oct-Mar,2024-02,0.0,0.0,0.0,263.3827838827839
nhsn,2024-2025,Alabama,baseline_oct_mar,Baseline Oct-Mar,2024-03,0.0,0.02776084051914173,0.03425483870967742,298.04945054945057
nhsn,2024-2025,Alabama,baseline_oct_mar,Baseline Oct-Mar,2024-04,0.1510088109755622,0.14979991367888712,0.18499999999999991,301.1172161172161
nhsn,2024-2025,Alabama,baseline_oct_mar,Baseline Oct-Mar,2024-05,0.13549690564461242,0.13314874740208812,0.18499999999999997,320.1373626373627
nhsn,2024-2025,Alabama,baseline_oct_mar,Baseline Oct-Mar,2024-06,0.147295026537565,0.14661887399568646,0.18499999999999991,317.0769230769231
nhsn,2024-2025,Alabama,baseline_oct_mar,Baseline Oct-Mar,2024-07,0.13411625080921483,0.13149317404231134,0.18499999999999997,331.06410256410254
nhsn,2024-2025,Alabama,baseline_oct_mar,Baseline Oct-Mar,2024-08,0.14580464640281687,0.14539866407654226,0.18499999999999997,331.06410256410254
nhsn,2024-2025,Alabama,baseline_oct_mar,Baseline Oct-Mar,2024-09,0.1439809075090576,0.1442302158899268,0.18499999999999991,320.38461538461536
nhsn,2024-2025,Alabama,baseline_oct_mar,Baseline Oct-Mar,2024-10,0.14558137248705677,0.14354641595323916,0.185,330.30219780219784
nhsn,2024-2025,Alabama,baseline_oct_mar,Baseline Oct-Mar,2024-11,0.13373420479009984,0.12789718785610035,0.18499999999999997,282.3644688644689
nhsn,2024-2025,Alabama,baseline_oct_mar,Baseline Oct-Mar,2024-12,0.11748321622968062,0.11561048029611133,0.185,170.7197802197802
nhsn,2024-2025,Alabama,baseline_oct_mar,Baseline Oct-Mar,2025-01,0.12781635506598663,0.12576399851023903,0.185,78.94505494505495
nhsn,2024-2025,Alabama,baseline_oct_mar,Baseline Oct-Mar,2025-02,0.1323276258869336,0.13019925431472534,0.185,44.33150183150183
nhsn,2024-2025,Alabama,baseline_oct_mar,Baseline Oct-Mar,2025-03,0.12966535960630277,0.09346788722283733,0.12500891612903228,33.014652014652015
nhsn,2024-2025,Alabama,baseline_oct_mar,Baseline Oct-Mar,2025-04,0.0,0.0,0.0,19.267399267399266
nhsn,2024-2025,Alabama,baseline_oct_mar,Baseline Oct-Mar,2025-05,0.0,0.0,0.0,10.926739926739925
nhsn,2024-2025,Alabama,baseline_oct_mar,Baseline Oct-Mar,2025-06,0.0,0.0,0.0,3.3076923076923075
nhsn,2024-2025,Alabama,early_sep_mar,Early Sep-Mar,2024-01,0.0,0.0,0.0,243.43040293040292
nhsn,2024-2025,Alabama,early_sep_mar,Early Sep-Mar,2024-02,0.0,0.027244277030422575,0.034001724137931025,263.3827838827839
nhsn,2024-2025,Alabama,early_sep_mar,Early Sep-Mar,2024-03,0.14855034675720413,0.14594466643653856,0.1814790322580645,298.04945054945057
nhsn,2024-2025,Alabama,early_sep_mar,Early Sep-Mar,2024-04,0.1510088109755622,0.14976878034901678,0.18499999999999991,301.1172161172161
nhsn,2024-2025,Alabama,early_sep_mar,Early Sep-Mar,2024-05,0.145023126876165,0.14514864944698375,0.18499999999999997,320.1373626373627
nhsn,2024-2025,Alabama,early_sep_mar,Early Sep-Mar,2024-06,0.14728028875806068,0.14575045638103276,0.18499999999999991,317.0769230769231
nhsn,2024-2025,Alabama,early_sep_mar,Early Sep-Mar,2024-07,0.13918081426856457,0.13927477523177748,0.18499999999999997,331.06410256410254
nhsn,2024-2025,Alabama,early_sep_mar,Early Sep-Mar,2024-08,0.13763960729546565,0.13792522959025255,0.18499999999999997,331.06410256410254
nhsn,2024-2025,Alabama,early_sep_mar,Early Sep-Mar,2024-09,0.14094277874226616,0.14122489817821804,0.18499999999999997,320.3846153846154
nhsn,2024-2025,Alabama,early_sep_mar,Early Sep-Mar,2024-10,0.14558137248705677,0.14354641595323916,0.185,330.30219780219784
nhsn,2024-2025,Alabama,early_sep_mar,Early Sep-Mar,2024-11,0.13373420479009984,0.12789718785610035,0.18499999999999997,282.3644688644689
nhsn,2024-2025,Alabama,early_sep_mar,Early Sep-Mar,2024-12,0.11748321622968062,0.11561048029611133,0.185,170.7197802197802
nhsn,2024-2025,Alabama,early_sep_mar,Early Sep-Mar,2025-01,0.12781635506598663,0.12576399851023903,0.185,78.94505494505495
nhsn,2024-2025,Alabama,early_sep_mar,Early Sep-Mar,2025-02,0.1323276258869336,0.13019925431472534,0.185,44.33150183150183
nhsn,2024-2025,Alabama,early_sep_mar,Early Sep-Mar,2025-03,0.12966535960630277,0.09346788722283733,0.12500891612903228,33.014652014652015
nhsn,2024-2025,Alabama,early_sep_mar,Early Sep-Mar,2025-04,0.0,0.0,0.0,19.267399267399266
nhsn,2024-2025,Alabama,early_sep_mar,Early Sep-Mar,2025-05,0.0,0.0,0.0,10.926739926739925
nhsn,2024-2025,Alabama,early_sep_mar,Early Sep-Mar,2025-06,0.0,0.0,0.0,3.3076923076923075
nhsn,2024-2025,Alabama,extended_sep_apr,Extended Sep-Apr,2024-01,0.0,0.0,0.0,243.43040293040292
nhsn,2024-2025,Alabama,extended_sep_apr,Extended Sep-Apr,2024-02,0.0,0.027244277030422575,0.034001724137931025,263.3827838827839
nhsn,2024-2025,Alabama,extended_sep_apr,Extended Sep-Apr,2024-03,0.14855034675720413,0.14594466643653856,0.1814790322580645,298.04945054945057
nhsn,2024-2025,Alabama,extended_sep_apr,Extended Sep-Apr,2024-04,0.1510088109755622,0.14976878034901678,0.18499999999999991,301.1172161172161
nhsn,2024-2025,Alabama,extended_sep_apr,Extended Sep-Apr,2024-05,0.145023126876165,0.14514864944698375,0.18499999999999997,320.1373626373627
nhsn,2024-2025,Alabama,extended_sep_apr,Extended Sep-Apr,2024-06,0.14728028875806068,0.14575045638103276,0.18499999999999991,317.0769230769231
nhsn,2024-2025,Alabama,extended_sep_apr,Extended Sep-Apr,2024-07,0.13918081426856457,0.13927477523177748,0.18499999999999997,331.06410256410254
nhsn,2024-2025,Alabama,extended_sep_apr,Extended Sep-Apr,2024-08,0.13763960729546565,0.13792522959025255,0.18499999999999997,331.06410256410254
nhsn,2024-2025,Alabama,extended_sep_apr,Extended Sep-Apr,2024-09,0.14094277874226616,0.14122489817821804,0.18499999999999997,320.3846153846154
nhsn,2024-2025,Alabama,extended_sep_apr,Extended Sep-Apr,2024-10,0.14558137248705677,0.14354641595323916,0.185,330.30219780219784
nhsn,2024-2025,Alabama,extended_sep_apr,Extended Sep-Apr,2024-11,0.13373420479009984,0.12789718785610035,0.18499999999999997,282.3644688644689
nhsn,2024-2025,Alabama,extended_sep_apr,Extended Sep-Apr,2024-12,0.11748321622968062,0.11561048029611133,0.185,170.7197802197802
nhsn,2024-2025,Alabama,extended_sep_apr,Extended Sep-Apr,2025-01,0.12781635506598663,0.12576399851023903,0.185,78.94505494505495
nhsn,2024-2025,Alabama,extended_sep_apr,Extended Sep-Apr,2025-02,0.1323276258869336,0.13019925431472534,0.185,44.33150183150183
nhsn,2024-2025,Alabama,extended_sep_apr,Extended Sep-Apr,2025-03,0.1314812968142968,0.1280567779079153,0.185,33.014652014652015
nhsn,2024-2025,Alabama,extended_sep_apr,Extended Sep-Apr,2025-04,0.12029229847144006,0.08886004538714347,0.12300921333333335,19.267399267399266
nhsn,2024-2025,Alabama,extended_sep_apr,Extended Sep-Apr,2025-05,0.0,0.0,0.0,10.926739926739925
nhsn,2024-2025,Alabama,extended_sep_apr,Extended Sep-Apr,2025-06,0.0,0.0,0.0,3.3076923076923075
nhsn,2024-2025,Alabama,late_oct_apr,Late Oct-Apr,2024-01,0.0,0.0,0.0,243.43040293040292
nhsn,2024-2025,Alabama,late_oct_apr,Late Oct-Apr,2024-02,0.0,0.0,0.0,263.3827838827839
nhsn,2024-2025,Alabama,late_oct_apr,Late Oct-Apr,2024-03,0.0,0.02776084051914173,0.03425483870967742,298.04945054945057
nhsn,2024-2025,Alabama,late_oct_apr,Late Oct-Apr,2024-04,0.1510088109755622,0.14979991367888712,0.18499999999999991,301.1172161172161
nhsn,2024-2025,Alabama,late_oct_apr,Late Oct-Apr,2024-05,0.13549690564461242,0.13314874740208812,0.18499999999999997,320.1373626373627
nhsn,2024-2025,Alabama,late_oct_apr,Late Oct-Apr,2024-06,0.147295026537565,0.14661887399568646,0.18499999999999991,317.0769230769231
nhsn,2024-2025,Alabama,late_oct_apr,Late Oct-Apr,2024-07,0.13411625080921483,0.13149317404231134,0.18499999999999997,331.06410256410254
nhsn,2024-2025,Alabama,late_oct_apr,Late Oct-Apr,2024-08,0.14580464640281687,0.14539866407654226,0.18499999999999997,331.06410256410254
nhsn,2024-2025,Alabama,late_oct_apr,Late Oct-Apr,2024-09,0.1439809075090576,0.1442302158899268,0.18499999999999991,320.38461538461536
nhsn,2024-2025,Alabama,late_oct_apr,Late Oct-Apr,2024-10,0.14558137248705677,0.14354641595323916,0.185,330.30219780219784
nhsn,2024-2025,Alabama,late_oct_apr,Late Oct-Apr,2024-11,0.13373420479009984,0.12789718785610035,0.18499999999999997,282.3644688644689
nhsn,2024-2025,Alabama,late_oct_apr,Late Oct-Apr,2024-12,0.11748321622968062,0.11561048029611133,0.185,170.7197802197802
nhsn,2024-2025,Alabama,late_oct_apr,Late Oct-Apr,2025-01,0.12781635506598663,0.12576399851023903,0.185,78.94505494505495
nhsn,2024-2025,Alabama,late_oct_apr,Late Oct-Apr,2025-02,0.1323276258869336,0.13019925431472534,0.185,44.33150183150183
nhsn,2024-2025,Alabama,late_oct_apr,Late Oct-Apr,2025-03,0.1314812968142968,0.1280567779079153,0.185,33.014652014652015
nhsn,2024-2025,Alabama,late_oct_apr,Late Oct-Apr,2025-04,0.12029229847144006,0.08886004538714347,0.12300921333333335,19.267399267399266
nhsn,2024-2025,Alabama,late_oct_apr,Late Oct-Apr,2025-05,0.0,0.0,0.0,10.926739926739925
nhsn,2024-2025,Alabama,late_oct_apr,Late Oct-Apr,2025-06,0.0,0.0,0.0,3.3076923076923075
nhsn,2024-2025,Alaska,baseline_oct_mar,Baseline Oct-Mar,2024-01,0.0,0.0,0.0,38.027472527472526
nhsn,2024-2025,Alaska,baseline_oct_mar,Baseline Oct-Mar,2024-02,0.0,0.0,0.0,50.67948717948718
nhsn,2024-2025,Alaska,baseline_oct_mar,Baseline Oct-Mar,2024-03,0.0,0.02756593331007461,0.03425483870967742,63.6080586080586
nhsn,2024-2025,Alaska,baseline_oct_mar,Baseline Oct-Mar,2024-04,0.1475862667150277,0.1461269591249924,0.18499999999999991,65.4047619047619
nhsn,2024-2025,Alaska,baseline_oct_mar,Baseline Oct-Mar,2024-05,0.1350487684685257,0.1370887176570232,0.18499999999999997,68.88461538461539
nhsn,2024-2025,Alaska,baseline_oct_mar,Baseline Oct-Mar,2024-06,0.14617302860827697,0.1451054002314908,0.18499999999999991,67.16666666666669
nhsn,2024-2025,Alaska,baseline_oct_mar,Baseline Oct-Mar,2024-07,0.13493811478806908,0.13674609646875338,0.18499999999999997,69.55128205128207
nhsn,2024-2025,Alaska,baseline_oct_mar,Baseline Oct-Mar,2024-08,0.14660483143713432,0.14612915414171085,0.18499999999999997,69.55128205128207
nhsn,2024-2025,Alaska,baseline_oct_mar,Baseline Oct-Mar,2024-09,0.1470397892222064,0.14689387424280576,0.18499999999999991,67.30769230769232
nhsn,2024-2025,Alaska,baseline_oct_mar,Baseline Oct-Mar,2024-10,0.14660483143713432,0.1447376000210826,0.185,68.7985347985348
nhsn,2024-2025,Alaska,baseline_oct_mar,Baseline Oct-Mar,2024-11,0.14427278403517882,0.142090164792952,0.18499999999999997,60.89377289377289
nhsn,2024-2025,Alaska,baseline_oct_mar,Baseline Oct-Mar,2024-12,0.13484055563819877,0.12760852494374578,0.185,51.32234432234432
nhsn,2024-2025,Alaska,baseline_oct_mar,Baseline Oct-Mar,2025-01,0.12618203221418353,0.12186680556663478,0.185,29.972527472527474
nhsn,2024-2025,Alaska,baseline_oct_mar,Baseline Oct-Mar,2025-02,0.10697049622516787,0.10912360693352008,0.185,13.692307692307692
nhsn,2024-2025,Alaska,baseline_oct_mar,Baseline Oct-Mar,2025-03,0.11329741724941726,0.08939748786323186,0.12500891612903228,5.943223443223443
nhsn,2024-2025,Alaska,baseline_oct_mar,Baseline Oct-Mar,2025-04,0.0,0.0,0.0,1.9029304029304033
nhsn,2024-2025,Alaska,baseline_oct_mar,Baseline Oct-Mar,2025-05,0.0,0.0,0.0,0.6666666666666667
nhsn,2024-2025,Alaska,baseline_oct_mar,Baseline Oct-Mar,2025-06,0.0,0.0,0.0,0.14102564102564102
nhsn,2024-2025,Alaska,early_sep_mar,Early Sep-Mar,2024-01,0.0,0.0,0.0,38.027472527472526
nhsn,2024-2025,Alaska,early_sep_mar,Early Sep-Mar,2024-02,0.0,0.027203114149917062,0.034001724137931025,50.67948717948718
nhsn,2024-2025,Alaska,early_sep_mar,Early Sep-Mar,2024-03,0.14844011958999903,0.14561559066140944,0.1814790322580645,63.6080586080586
nhsn,2024-2025,Alaska,early_sep_mar,Early Sep-Mar,2024-04,0.1475862667150277,0.1466250364499532,0.18499999999999991,65.4047619047619
nhsn,2024-2025,Alaska,early_sep_mar,Early Sep-Mar,2024-05,0.14689635554494848,0.14597285187210554,0.18499999999999997,68.88461538461539
nhsn,2024-2025,Alaska,early_sep_mar,Early Sep-Mar,2024-06,0.14617302860827697,0.14536109958274718,0.18499999999999991,67.16666666666669
nhsn,2024-2025,Alaska,early_sep_mar,Early Sep-Mar,2024-07,0.14382142942200657,0.1435045978277704,0.18499999999999997,69.55128205128207
nhsn,2024-2025,Alaska,early_sep_mar,Early Sep-Mar,2024-08,0.14108249858712715,0.14160725284617595,0.18499999999999997,69.55128205128207
nhsn,2024-2025,Alaska,early_sep_mar,Early Sep-Mar,2024-09,0.14616664033680604,0.14510913962321745,0.18499999999999997,67.30769230769232
nhsn,2024-2025,Alaska,early_sep_mar,Early Sep-Mar,2024-10,0.14660483143713432,0.1447376000210826,0.185,68.7985347985348
nhsn,2024-2025,Alaska,early_sep_mar,Early Sep-Mar,2024-11,0.14427278403517882,0.142090164792952,0.18499999999999997,60.89377289377289
nhsn,2024-2025,Alaska,early_sep_mar,Early Sep-Mar,2024-12,0.13484055563819877,0.12760852494374578,0.185,51.32234432234432
nhsn,2024-2025,Alaska,early_sep_mar,Early Sep-Mar,2025-01,0.12618203221418353,0.12186680556663478,0.185,29.972527472527474
nhsn,2024-2025,Alaska,early_sep_mar,Early Sep-Mar,2025-02,0.10697049622516787,0.10912360693352008,0.185,13.692307692307692
nhsn,2024-2025,Alaska,early_sep_mar,Early Sep-Mar,2025-03,0.11329741724941726,0.08939748786323186,0.12500891612903228,5.943223443223443
nhsn,2024-2025,Alaska,early_sep_mar,Early Sep-Mar,2025-04,0.0,0.0,0.0,1.9029304029304033
nhsn,2024-2025,Alaska,early_sep_mar,Early Sep-Mar,2025-05,0.0,0.0,0.0,0.6666666666666667
nhsn,2024-2025,Alaska,early_sep_mar,Early Sep-Mar,2025-06,0.0,0.0,0.0,0.14102564102564102
nhsn,2024-2025,Alaska,extended_sep_apr,Extended Sep-Apr,2024-01,0.0,0.0,0.0,38.027472527472526
nhsn,2024-2025,Alaska,extended_sep_apr,Extended Sep-Apr,2024-02,0.0,0.027203114149917062,0.034001724137931025,50.67948717948718
nhsn,2024-2025,Alaska,extended_sep_apr,Extended Sep-Apr,2024-03,0.14844011958999903,0.14561559066140944,0.1814790322580645,63.6080586080586
nhsn,2024-2025,Alaska,extended_sep_apr,Extended Sep-Apr,2024-04,0.1475862667150277,0.1466250364499532,0.18499999999999991,65.4047619047619
nhsn,2024-2025,Alaska,extended_sep_apr,Extended Sep-Apr,2024-05,0.14689635554494848,0.14597285187210554,0.18499999999999997,68.88461538461539
nhsn,2024-2025,Alaska,extended_sep_apr,Extended Sep-Apr,2024-06,0.14617302860827697,0.14536109958274718,0.18499999999999991,67.16666666666669
nhsn,2024-2025,Alaska,extended_sep_apr,Extended Sep-Apr,2024-07,0.14382142942200657,0.1435045978277704,0.18499999999999997,69.55128205128207
nhsn,2024-2025,Alaska,extended_sep_apr,Extended Sep-Apr,2024-08,0.14108249858712715,0.14160725284617595,0.18499999999999997,69.55128205128207
nhsn,2024-2025,Alaska,extended_sep_apr,Extended Sep-Apr,2024-09,0.14616664033680604,0.14510913962321745,0.18499999999999997,67.30769230769232
nhsn,2024-2025,Alaska,extended_sep_apr,Extended Sep-Apr,2024-10,0.14660483143713432,0.1447376000210826,0.185,68.7985347985348
nhsn,2024-2025,Alaska,extended_sep_apr,Extended Sep-Apr,2024-11,0.14427278403517882,0.142090164792952,0.18499999999999997,60.89377289377289
nhsn,2024-2025,Alaska,extended_sep_apr,Extended Sep-Apr,2024-12,0.13484055563819877,0.12760852494374578,0.185,51.32234432234432
nhsn,2024-2025,Alaska,extended_sep_apr,Extended Sep-Apr,2025-01,0.12618203221418353,0.12186680556663478,0.185,29.972527472527474
nhsn,2024-2025,Alaska,extended_sep_apr,Extended Sep-Apr,2025-02,0.10697049622516787,0.10912360693352008,0.185,13.692307692307692
nhsn,2024-2025,Alaska,extended_sep_apr,Extended Sep-Apr,2025-03,0.11647200127145584,0.11110532989776194,0.185,5.943223443223443
nhsn,2024-2025,Alaska,extended_sep_apr,Extended Sep-Apr,2025-04,0.07692876039749726,0.0706857638360265,0.12300921333333335,1.9029304029304028
nhsn,2024-2025,Alaska,extended_sep_apr,Extended Sep-Apr,2025-05,0.0,0.0,0.0,0.6666666666666667
nhsn,2024-2025,Alaska,extended_sep_apr,Extended Sep-Apr,2025-06,0.0,0.0,0.0,0.14102564102564102
nhsn,2024-2025,Alaska,late_oct_apr,Late Oct-Apr,2024-01,0.0,0.0,0.0,38.027472527472526
nhsn,2024-2025,Alaska,late_oct_apr,Late Oct-Apr,2024-02,0.0,0.0,0.0,50.67948717948718
nhsn,2024-2025,Alaska,late_oct_apr,Late Oct-Apr,2024-03,0.0,0.02756593331007461,0.03425483870967742,63.6080586080586
nhsn,2024-2025,Alaska,late_oct_apr,Late Oct-Apr,2024-04,0.1475862667150277,0.1461269591249924,0.18499999999999991,65.4047619047619
nhsn,2024-2025,Alaska,late_oct_apr,Late Oct-Apr,2024-05,0.1350487684685257,0.1370887176570232,0.18499999999999997,68.88461538461539
nhsn,2024-2025,Alaska,late_oct_apr,Late Oct-Apr,2024-06,0.14617302860827697,0.1451054002314908,0.18499999999999991,67.16666666666669
nhsn,2024-2025,Alaska,late_oct_apr,Late Oct-Apr,2024-07,0.13493811478806908,0.13674609646875338,0.18499999999999997,69.55128205128207
nhsn,2024-2025,Alaska,late_oct_apr,Late Oct-Apr,2024-08,0.14660483143713432,0.14612915414171085,0.18499999999999997,69.55128205128207
nhsn,2024-2025,Alaska,late_oct_apr,Late Oct-Apr,2024-09,0.1470397892222064,0.14689387424280576,0.18499999999999991,67.30769230769232
nhsn,2024-2025,Alaska,late_oct_apr,Late Oct-Apr,2024-10,0.14660483143713432,0.1447376000210826,0.185,68.7985347985348
nhsn,2024-2025,Alaska,late_oct_apr,Late Oct-Apr,2024-11,0.14427278403517882,0.142090164792952,0.18499999999999997,60.89377289377289
nhsn,2024-2025,Alaska,late_oct_apr,Late Oct-Apr,2024-12,0.13484055563819877,0.12760852494374578,0.185,51.32234432234432
nhsn,2024-2025,Alaska,late_oct_apr,Late Oct-Apr,2025-01,0.12618203221418353,0.12186680556663478,0.185,29.972527472527474
nhsn,2024-2025,Alaska,late_oct_apr,Late Oct-Apr,2025-02,0.10697049622516787,0.10912360693352008,0.185,13.692307692307692
nhsn,2024-2025,Alaska,late_oct_apr,Late Oct-Apr,2025-03,0.11647200127145584,0.11110532989776194,0.185,5.943223443223443
nhsn,2024-2025,Alaska,late_oct_apr,Late Oct-Apr,2025-04,0.07692876039749726,0.0706857638360265,0.12300921333333335,1.9029304029304028
nhsn,2024-2025,Alaska,late_oct_apr,Late Oct-Apr,2025-05,0.0,0.0,0.0,0.6666666666666667
nhsn,2024-2025,Alaska,late_oct_apr,Late Oct-Apr,2025-06,0.0,0.0,0.0,0.14102564102564102
nhsn,2024-2025,Arizona,baseline_oct_mar,Baseline Oct-Mar,2024-01,0.0,0.0,0.0,197.92490842490844
nhsn,2024-2025,Arizona,baseline_oct_mar,Baseline Oct-Mar,2024-02,0.0,0.0,0.0,436.71611721611714
nhsn,2024-2025,Arizona,baseline_oct_mar,Baseline Oct-Mar,2024-03,0.0,0.027395078452721454,0.03425483870967742,666.6483516483516
nhsn,2024-2025,Arizona,baseline_oct_mar,Baseline Oct-Mar,2024-04,0.14836058258559082,0.14836460913966448,0.18499999999999991,689.6282051282051
nhsn,2024-2025,Arizona,baseline_oct_mar,Baseline Oct-Mar,2024-05,0.14799149959943933,0.1481493745438997,0.18499999999999997,720.8260073260074
nhsn,2024-2025,Arizona,baseline_oct_mar,Baseline Oct-Mar,2024-06,0.1481480812902013,0.1481179707797539,0.18499999999999991,698.7051282051282
nhsn,2024-2025,Arizona,baseline_oct_mar,Baseline Oct-Mar,2024-07,0.14798824339447014,0.14809123044272857,0.18499999999999997,722.1410256410256
nhsn,2024-2025,Arizona,baseline_oct_mar,Baseline Oct-Mar,2024-08,0.14790360143708797,0.1478632839935288,0.18499999999999997,722.1410256410256
nhsn,2024-2025,Arizona,baseline_oct_mar,Baseline Oct-Mar,2024-09,0.1475465921442344,0.14750390592179988,0.18499999999999991,698.8461538461538
nhsn,2024-2025,Arizona,baseline_oct_mar,Baseline Oct-Mar,2024-10,0.1482579123875574,0.14819339885517904,0.185,722.1410256410256
nhsn,2024-2025,Arizona,baseline_oct_mar,Baseline Oct-Mar,2024-11,0.1486203831369511,0.14765625285509365,0.18499999999999997,693.9358974358975
nhsn,2024-2025,Arizona,baseline_oct_mar,Baseline Oct-Mar,2024-12,0.14406615011146415,0.14069715863426643,0.185,671.4358974358973
nhsn,2024-2025,Arizona,baseline_oct_mar,Baseline Oct-Mar,2025-01,0.13387974875857112,0.12409114181604612,0.185,513.9652014652015
nhsn,2024-2025,Arizona,baseline_oct_mar,Baseline Oct-Mar,2025-02,0.0963243374240204,0.09478409985198234,0.185,225.7912087912088
nhsn,2024-2025,Arizona,baseline_oct_mar,Baseline Oct-Mar,2025-03,0.08198963577847772,0.07065757818185203,0.12500891612903228,55.492673992674
nhsn,2024-2025,Arizona,baseline_oct_mar,Baseline Oct-Mar,2025-04,0.0,0.0,0.0,9.217948717948719
nhsn,2024-2025,Arizona,baseline_oct_mar,Baseline Oct-Mar,2025-05,0.0,0.0,0.0,1.315018315018315
nhsn,2024-2025,Arizona,baseline_oct_mar,Baseline Oct-Mar,2025-06,0.0,0.0,0.0,0.14102564102564102
nhsn,2024-2025,Arizona,early_sep_mar,Early Sep-Mar,2024-01,0.0,0.0,0.0,197.92490842490844
nhsn,2024-2025,Arizona,early_sep_mar,Early Sep-Mar,2024-02,0.0,0.027104458621903905,0.034001724137931025,436.71611721611714
nhsn,2024-2025,Arizona,early_sep_mar,Early Sep-Mar,2024-03,0.14760150974379266,0.14481089508067077,0.1814790322580645,666.6483516483516
nhsn,2024-2025,Arizona,early_sep_mar,Early Sep-Mar,2024-04,0.1481651731156867,0.1477524103150105,0.18499999999999991,689.6282051282051
nhsn,2024-2025,Arizona,early_sep_mar,Early Sep-Mar,2024-05,0.1464381083610556,0.14619485407739863,0.18499999999999997,720.8260073260074
nhsn,2024-2025,Arizona,early_sep_mar,Early Sep-Mar,2024-06,0.1479364510393294,0.1473097315209254,0.18499999999999991,698.7051282051282
nhsn,2024-2025,Arizona,early_sep_mar,Early Sep-Mar,2024-07,0.14571947649543632,0.14537596047761175,0.18499999999999997,722.1410256410256
nhsn,2024-2025,Arizona,early_sep_mar,Early Sep-Mar,2024-08,0.1442866158002702,0.14457604688293,0.18499999999999997,722.1410256410256
nhsn,2024-2025,Arizona,early_sep_mar,Early Sep-Mar,2024-09,0.14635183455784725,0.14626280317928683,0.18499999999999997,698.8461538461539
nhsn,2024-2025,Arizona,early_sep_mar,Early Sep-Mar,2024-10,0.1482579123875574,0.14819339885517904,0.185,722.1410256410256
nhsn,2024-2025,Arizona,early_sep_mar,Early Sep-Mar,2024-11,0.1486203831369511,0.14765625285509365,0.18499999999999997,693.9358974358975
nhsn,2024-2025,Arizona,early_sep_mar,Early Sep-Mar,2024-12,0.14406615011146415,0.14069715863426643,0.185,671.4358974358973
nhsn,2024-2025,Arizona,early_sep_mar,Early Sep-Mar,2025-01,0.13387974875857112,0.12409114181604612,0.185,513.9652014652015
nhsn,2024-2025,Arizona,early_sep_mar,Early Sep-Mar,2025-02,0.0963243374240204,0.09478409985198234,0.185,225.7912087912088
nhsn,2024-2025,Arizona,early_sep_mar,Early Sep-Mar,2025-03,0.08198963577847772,0.07065757818185203,0.12500891612903228,55.492673992674
nhsn,2024-2025,Arizona,early_sep_mar,Early Sep-Mar,2025-04,0.0,0.0,0.0,9.217948717948719
nhsn,2024-2025,Arizona,early_sep_mar,Early Sep-Mar,2025-05,0.0,0.0,0.0,1.315018315018315
nhsn,2024-2025,Arizona,early_sep_mar,Early Sep-Mar,2025-06,0.0,0.0,0.0,0.14102564102564102
nhsn,2024-2025,Arizona,extended_sep_apr,Extended Sep-Apr,2024-01,0.0,0.0,0.0,197.92490842490844
nhsn,2024-2025,Arizona,extended_sep_apr,Extended Sep-Apr,2024-02,0.0,0.027104458621903905,0.034001724137931025,436.71611721611714
nhsn,2024-2025,Arizona,extended_sep_apr,Extended Sep-Apr,2024-03,0.14760150974379266,0.14481089508067077,0.1814790322580645,666.6483516483516
nhsn,2024-2025,Arizona,extended_sep_apr,Extended Sep-Apr,2024-04,0.1481651731156867,0.1477524103150105,0.18499999999999991,689.6282051282051
nhsn,2024-2025,Arizona,extended_sep_apr,Extended Sep-Apr,2024-05,0.1464381083610556,0.14619485407739863,0.18499999999999997,720.8260073260074
nhsn,2024-2025,Arizona,extended_sep_apr,Extended Sep-Apr,2024-06,0.1479364510393294,0.1473097315209254,0.18499999999999991,698.7051282051282
nhsn,2024-2025,Arizona,extended_sep_apr,Extended Sep-Apr,2024-07,0.14571947649543632,0.14537596047761175,0.18499999999999997,722.1410256410256
nhsn,2024-2025,Arizona,extended_sep_apr,Extended Sep-Apr,2024-08,0.1442866158002702,0.14457604688293,0.18499999999999997,722.1410256410256
nhsn,2024-2025,Arizona,extended_sep_apr,Extended Sep-Apr,2024-09,0.14635183455784725,0.14626280317928683,0.18499999999999997,698.8461538461539
nhsn,2024-2025,Arizona,extended_sep_apr,Extended Sep-Apr,2024-10,0.1482579123875574,0.14819339885517904,0.185,722.1410256410256
nhsn,2024-2025,Arizona,extended_sep_apr,Extended Sep-Apr,2024-11,0.1486203831369511,0.14765625285509365,0.18499999999999997,693.9358974358975
nhsn,2024-2025,Arizona,extended_sep_apr,Extended Sep-Apr,2024-12,0.14406615011146415,0.14069715863426643,0.185,671.4358974358973
nhsn,2024-2025,Arizona,extended_sep_apr,Extended Sep-Apr,2025-01,0.13387974875857112,0.12409114181604612,0.185,513.9652014652015
nhsn,2024-2025,Arizona,extended_sep_apr,Extended Sep-Apr,2025-02,0.0963243374240204,0.09478409985198234,0.185,225.7912087912088
nhsn,2024-2025,Arizona,extended_sep_apr,Extended Sep-Apr,2025-03,0.08433896982812585,0.08710745742528467,0.185,55.492673992674
nhsn,2024-2025,Arizona,extended_sep_apr,Extended Sep-Apr,2025-04,0.084783018000518,0.07485166689422405,0.12300921333333335,9.217948717948717
nhsn,2024-2025,Arizona,extended_sep_apr,Extended Sep-Apr,2025-05,0.0,0.0,0.0,1.315018315018315
nhsn,2024-2025,Arizona,extended_sep_apr,Extended Sep-Apr,2025-06,0.0,0.0,0.0,0.14102564102564102
nhsn,2024-2025,Arizona,late_oct_apr,Late Oct-Apr,2024-01,0.0,0.0,0.0,197.92490842490844
nhsn,2024-2025,Arizona,late_oct_apr,Late Oct-Apr,2024-02,0.0,0.0,0.0,436.71611721611714
nhsn,2024-2025,Arizona,late_oct_apr,Late Oct-Apr,2024-03,0.0,0.027395078452721454,0.03425483870967742,666.6483516483516
nhsn,2024-2025,Arizona,late_oct_apr,Late Oct-Apr,2024-04,0.14836058258559082,0.14836460913966448,0.18499999999999991,689.6282051282051
nhsn,2024-2025,Arizona,late_oct_apr,Late Oct-Apr,2024-05,0.14799149959943933,0.1481493745438997,0.18499999999999997,720.8260073260074
nhsn,2024-2025,Arizona,late_oct_apr,Late Oct-Apr,2024-06,0.1481480812902013,0.1481179707797539,0.18499999999999991,698.7051282051282
nhsn,2024-2025,Arizona,late_oct_apr,Late Oct-Apr,2024-07,0.14798824339447014,0.14809123044272857,0.18499999999999997,722.1410256410256
nhsn,2024-2025,Arizona,late_oct_apr,Late Oct-Apr,2024-08,0.14790360143708797,0.1478632839935288,0.18499999999999997,722.1410256410256
nhsn,2024-2025,Arizona,late_oct_apr,Late Oct-Apr,2024-09,0.1475465921442344,0.14750390592179988,0.18499999999999991,698.8461538461538
nhsn,2024-2025,Arizona,late_oct_apr,Late Oct-Apr,2024-10,0.1482579123875574,0.14819339885517904,0.185,722.1410256410256
nhsn,2024-2025,Arizona,late_oct_apr,Late Oct-Apr,2024-11,0.1486203831369511,0.14765625285509365,0.18499999999999997,693.9358974358975
nhsn,2024-2025,Arizona,late_oct_apr,Late Oct-Apr,2024-12,0.14406615011146415,0.14069715863426643,0.185,671.4358974358973
nhsn,2024-2025,Arizona,late_oct_apr,Late Oct-Apr,2025-01,0.13387974875857112,0.12409114181604612,0.185,513.9652014652015
nhsn,2024-2025,Arizona,late_oct_apr,Late Oct-Apr,2025-02,0.0963243374240204,0.09478409985198234,0.185,225.7912087912088
nhsn,2024-2025,Arizona,late_oct_apr,Late Oct-Apr,2025-03,0.08433896982812585,0.08710745742528467,0.185,55.492673992674
nhsn,2024-2025,Arizona,late_oct_apr,Late Oct-Apr,2025-04,0.084783018000518,0.07485166689422405,0.12300921333333335,9.217948717948717
nhsn,2024-2025,Arizona,late_oct_apr,Late Oct-Apr,2025-05,0.0,0.0,0.0,1.315018315018315
nhsn,2024-2025,Arizona,late_oct_apr,Late Oct-Apr,2025-06,0.0,0.0,0.0,0.14102564102564102
nhsn,2024-2025,Arkansas,baseline_oct_mar,Baseline Oct-Mar,2024-01,0.0,0.0,0.0,52.84798534798535
nhsn,2024-2025,Arkansas,baseline_oct_mar,Baseline Oct-Mar,2024-02,0.0,0.0,0.0,76.89377289377289
nhsn,2024-2025,Arkansas,baseline_oct_mar,Baseline Oct-Mar,2024-03,0.0,0.02750598707218538,0.03425483870967742,112.19780219780219
nhsn,2024-2025,Arkansas,baseline_oct_mar,Baseline Oct-Mar,2024-04,0.14920301552410192,0.14897817035937147,0.18499999999999991,122.5860805860806
nhsn,2024-2025,Arkansas,baseline_oct_mar,Baseline Oct-Mar,2024-05,0.14285393890711584,0.14244704469743158,0.18499999999999997,133.32417582417582
nhsn,2024-2025,Arkansas,baseline_oct_mar,Baseline Oct-Mar,2024-06,0.14380000908607457,0.14361866504350032,0.18499999999999991,134.3974358974359
nhsn,2024-2025,Arkansas,baseline_oct_mar,Baseline Oct-Mar,2024-07,0.14068707661940333,0.14066977848535447,0.18499999999999997,139.89743589743586
nhsn,2024-2025,Arkansas,baseline_oct_mar,Baseline Oct-Mar,2024-08,0.14159067397091546,0.14159639215815345,0.18499999999999997,139.89743589743586
nhsn,2024-2025,Arkansas,baseline_oct_mar,Baseline Oct-Mar,2024-09,0.13944155353453366,0.1398757360431623,0.18499999999999991,135.38461538461536
nhsn,2024-2025,Arkansas,baseline_oct_mar,Baseline Oct-Mar,2024-10,0.1431173343446326,0.1427720160033442,0.185,139.8974358974359
nhsn,2024-2025,Arkansas,baseline_oct_mar,Baseline Oct-Mar,2024-11,0.14397185694906964,0.1415679213072174,0.18499999999999997,129.66666666666666
nhsn,2024-2025,Arkansas,baseline_oct_mar,Baseline Oct-Mar,2024-12,0.13691210733095757,0.13623232885724237,0.185,112.64468864468866
nhsn,2024-2025,Arkansas,baseline_oct_mar,Baseline Oct-Mar,2025-01,0.14192224034078016,0.13492579336622887,0.185,84.95421245421245
nhsn,2024-2025,Arkansas,baseline_oct_mar,Baseline Oct-Mar,2025-02,0.11949692289228923,0.11694089680201103,0.185,51.56043956043956
nhsn,2024-2025,Arkansas,baseline_oct_mar,Baseline Oct-Mar,2025-03,0.12152848580729617,0.08799489191268223,0.12500891612903228,27.6996336996337
nhsn,2024-2025,Arkansas,baseline_oct_mar,Baseline Oct-Mar,2025-04,0.0,0.0,0.0,12.7985347985348
nhsn,2024-2025,Arkansas,baseline_oct_mar,Baseline Oct-Mar,2025-05,0.0,0.0,0.0,6.573260073260075
nhsn,2024-2025,Arkansas,baseline_oct_mar,Baseline Oct-Mar,2025-06,0.0,0.0,0.0,0.9871794871794872
nhsn,2024-2025,Arkansas,early_sep_mar,Early Sep-Mar,2024-01,0.0,0.0,0.0,52.84798534798535
nhsn,2024-2025,Arkansas,early_sep_mar,Early Sep-Mar,2024-02,0.0,0.027160031703771594,0.034001724137931025,76.89377289377289
nhsn,2024-2025,Arkansas,early_sep_mar,Early Sep-Mar,2024-03,0.14787114628820966,0.1451432666877936,0.1814790322580645,112.19780219780219
nhsn,2024-2025,Arkansas,early_sep_mar,Early Sep-Mar,2024-04,0.1490382607849667,0.1477244893939566,0.18499999999999991,122.5860805860806
nhsn,2024-2025,Arkansas,early_sep_mar,Early Sep-Mar,2024-05,0.14145103457832492,0.14148726297486963,0.18499999999999997,133.32417582417582
nhsn,2024-2025,Arkansas,early_sep_mar,Early Sep-Mar,2024-06,0.14260693016119283,0.14088492440513706,0.18499999999999991,134.3974358974359
nhsn,2024-2025,Arkansas,early_sep_mar,Early Sep-Mar,2024-07,0.1335833071133412,0.13329393677394363,0.18499999999999997,139.89743589743586
nhsn,2024-2025,Arkansas,early_sep_mar,Early Sep-Mar,2024-08,0.13029894963842975,0.13087694872463362,0.18499999999999997,139.89743589743586
nhsn,2024-2025,Arkansas,early_sep_mar,Early Sep-Mar,2024-09,0.13626252254847426,0.13601220761471056,0.18499999999999997,135.3846153846154
nhsn,2024-2025,Arkansas,early_sep_mar,Early Sep-Mar,2024-10,0.1431173343446326,0.1427720160033442,0.185,139.8974358974359
nhsn,2024-2025,Arkansas,early_sep_mar,Early Sep-Mar,2024-11,0.14397185694906964,0.1415679213072174,0.18499999999999997,129.66666666666666
nhsn,2024-2025,Arkansas,early_sep_mar,Early Sep-Mar,2024-12,0.13691210733095757,0.13623232885724237,0.185,112.64468864468866
nhsn,2024-2025,Arkansas,early_sep_mar,Early Sep-Mar,2025-01,0.14192224034078016,0.13492579336622887,0.185,84.95421245421245
nhsn,2024-2025,Arkansas,early_sep_mar,Early Sep-Mar,2025-02,0.11949692289228923,0.11694089680201103,0.185,51.56043956043956
nhsn,2024-2025,Arkansas,early_sep_mar,Early Sep-Mar,2025-03,0.12152848580729617,0.08799489191268223,0.12500891612903228,27.6996336996337
nhsn,2024-2025,Arkansas,early_sep_mar,Early Sep-Mar,2025-04,0.0,0.0,0.0,12.7985347985348
nhsn,2024-2025,Arkansas,early_sep_mar,Early Sep-Mar,2025-05,0.0,0.0,0.0,6.573260073260075
nhsn,2024-2025,Arkansas,early_sep_mar,Early Sep-Mar,2025-06,0.0,0.0,0.0,0.9871794871794872
nhsn,2024-2025,Arkansas,extended_sep_apr,Extended Sep-Apr,2024-01,0.0,0.0,0.0,52.84798534798535
nhsn,2024-2025,Arkansas,extended_sep_apr,Extended Sep-Apr,2024-02,0.0,0.027160031703771594,0.034001724137931025,76.89377289377289
nhsn,2024-2025,Arkansas,extended_sep_apr,Extended Sep-Apr,2024-03,0.14787114628820966,0.1451432666877936,0.1814790322580645,112.19780219780219
nhsn,2024-2025,Arkansas,extended_sep_apr,Extended Sep-Apr,2024-04,0.1490382607849667,0.1477244893939566,0.18499999999999991,122.5860805860806
nhsn,2024-2025,Arkansas,extended_sep_apr,Extended Sep-Apr,2024-05,0.14145103457832492,0.14148726297486963,0.18499999999999997,133.32417582417582
nhsn,2024-2025,Arkansas,extended_sep_apr,Extended Sep-Apr,2024-06,0.14260693016119283,0.14088492440513706,0.18499999999999991,134.3974358974359
nhsn,2024-2025,Arkansas,extended_sep_apr,Extended Sep-Apr,2024-07,0.1335833071133412,0.13329393677394363,0.18499999999999997,139.89743589743586
nhsn,2024-2025,Arkansas,extended_sep_apr,Extended Sep-Apr,2024-08,0.13029894963842975,0.13087694872463362,0.18499999999999997,139.89743589743586
nhsn,2024-2025,Arkansas,extended_sep_apr,Extended Sep-Apr,2024-09,0.13626252254847426,0.13601220761471056,0.18499999999999997,135.3846153846154
nhsn,2024-2025,Arkansas,extended_sep_apr,Extended Sep-Apr,2024-10,0.1431173343446326,0.1427720160033442,0.185,139.8974358974359
nhsn,2024-2025,Arkansas,extended_sep_apr,Extended Sep-Apr,2024-11,0.14397185694906964,0.1415679213072174,0.18499999999999997,129.66666666666666
nhsn,2024-2025,Arkansas,extended_sep_apr,Extended Sep-Apr,2024-12,0.13691210733095757,0.13623232885724237,0.185,112.64468864468866
nhsn,2024-2025,Arkansas,extended_sep_apr,Extended Sep-Apr,2025-01,0.14192224034078016,0.13492579336622887,0.185,84.95421245421245
nhsn,2024-2025,Arkansas,extended_sep_apr,Extended Sep-Apr,2025-02,0.11949692289228923,0.11694089680201103,0.185,51.56043956043956
nhsn,2024-2025,Arkansas,extended_sep_apr,Extended Sep-Apr,2025-03,0.12281466612143223,0.11760609482702579,0.185,27.6996336996337
nhsn,2024-2025,Arkansas,extended_sep_apr,Extended Sep-Apr,2025-04,0.12161411940714154,0.08766342580166556,0.12300921333333335,12.7985347985348
nhsn,2024-2025,Arkansas,extended_sep_apr,Extended Sep-Apr,2025-05,0.0,0.0,0.0,6.573260073260075
nhsn,2024-2025,Arkansas,extended_sep_apr,Extended Sep-Apr,2025-06,0.0,0.0,0.0,0.9871794871794872
nhsn,2024-2025,Arkansas,late_oct_apr,Late Oct-Apr,2024-01,0.0,0.0,0.0,52.84798534798535
nhsn,2024-2025,Arkansas,late_oct_apr,Late Oct-Apr,2024-02,0.0,0.0,0.0,76.89377289377289
nhsn,2024-2025,Arkansas,late_oct_apr,Late Oct-Apr,2024-03,0.0,0.02750598707218538,0.03425483870967742,112.19780219780219
nhsn,2024-2025,Arkansas,late_oct_apr,Late Oct-Apr,2024-04,0.14920301552410192,0.14897817035937147,0.18499999999999991,122.5860805860806
nhsn,2024-2025,Arkansas,late_oct_apr,Late Oct-Apr,2024-05,0.14285393890711584,0.14244704469743158,0.18499999999999997,133.32417582417582
nhsn,2024-2025,Arkansas,late_oct_apr,Late Oct-Apr,2024-06,0.14380000908607457,0.14361866504350032,0.18499999999999991,134.3974358974359
nhsn,2024-2025,Arkansas,late_oct_apr,Late Oct-Apr,2024-07,0.14068707661940333,0.14066977848535447,0.18499999999999997,139.89743589743586
nhsn,2024-2025,Arkansas,late_oct_apr,Late Oct-Apr,2024-08,0.14159067397091546,0.14159639215815345,0.18499999999999997,139.89743589743586
nhsn,2024-2025,Arkansas,late_oct_apr,Late Oct-Apr,2024-09,0.13944155353453366,0.1398757360431623,0.18499999999999991,135.38461538461536
nhsn,2024-2025,Arkansas,late_oct_apr,Late Oct-Apr,2024-10,0.1431173343446326,0.1427720160033442,0.185,139.8974358974359
nhsn,2024-2025,Arkansas,late_oct_apr,Late Oct-Apr,2024-11,0.14397185694906964,0.1415679213072174,0.18499999999999997,129.66666666666666
nhsn,2024-2025,Arkansas,late_oct_apr,Late Oct-Apr,2024-12,0.13691210733095757,0.13623232885724237,0.185,112.64468864468866
nhsn,2024-2025,Arkansas,late_oct_apr,Late Oct-Apr,2025-01,0.14192224034078016,0.13492579336622887,0.185,84.95421245421245
nhsn,2024-2025,Arkansas,late_oct_apr,Late Oct-Apr,2025-02,0.11949692289228923,0.11694089680201103,0.185,51.56043956043956
nhsn,2024-2025,Arkansas,late_oct_apr,Late Oct-Apr,2025-03,0.12281466612143223,0.11760609482702579,0.185,27.6996336996337
nhsn,2024-2025,Arkansas,late_oct_apr,Late Oct-Apr,2025-04,0.12161411940714154,0.08766342580166556,0.12300921333333335,12.7985347985348
nhsn,2024-2025,Arkansas,late_oct_apr,Late Oct-Apr,2025-05,0.0,0.0,0.0,6.573260073260075
nhsn,2024-2025,Arkansas,late_oct_apr,Late Oct-Apr,2025-06,0.0,0.0,0.0,0.9871794871794872
nhsn,2024-2025,California,baseline_oct_mar,Baseline Oct-Mar,2024-01,0.0,0.0,0.0,872.6886446886447
nhsn,2024-2025,California,baseline_oct_mar,Baseline Oct-Mar,2024-02,0.0,0.0,0.0,1211.203296703297
nhsn,2024-2025,California,baseline_oct_mar,Baseline Oct-Mar,2024-03,0.0,0.027525490765366714,0.03425483870967742,1583.8205128205127
nhsn,2024-2025,California,baseline_oct_mar,Baseline Oct-Mar,2024-04,0.14881292217091727,0.1484885561890474,0.18499999999999991,1653.1428571428569
nhsn,2024-2025,California,baseline_oct_mar,Baseline Oct-Mar,2024-05,0.1450416579080707,0.14407421829093478,0.18499999999999997,1744.2271062271066
nhsn,2024-2025,California,baseline_oct_mar,Baseline Oct-Mar,2024-06,0.14786894528630828,0.14757441895457482,0.18499999999999991,1699.2692307692305
nhsn,2024-2025,California,baseline_oct_mar,Baseline Oct-Mar,2024-07,0.14479697351168605,0.14375210691740556,0.18499999999999997,1758.6538461538453
nhsn,2024-2025,California,baseline_oct_mar,Baseline Oct-Mar,2024-08,0.1475655169921604,0.14738995497436408,0.18499999999999997,1758.6538461538453
nhsn,2024-2025,California,baseline_oct_mar,Baseline Oct-Mar,2024-09,0.14686021875164385,0.14691024217871537,0.18499999999999991,1701.9230769230762
nhsn,2024-2025,California,baseline_oct_mar,Baseline Oct-Mar,2024-10,0.1475834520856006,0.14716621699160368,0.185,1755.3168498168498
nhsn,2024-2025,California,baseline_oct_mar,Baseline Oct-Mar,2024-11,0.14618925210314457,0.14216023684633053,0.18499999999999997,1627.3498168498168
nhsn,2024-2025,California,baseline_oct_mar,Baseline Oct-Mar,2024-12,0.13188864603211617,0.13003692591489044,0.185,1356.5439560439559
nhsn,2024-2025,California,baseline_oct_mar,Baseline Oct-Mar,2025-01,0.12842900214440042,0.12394346980531955,0.185,849.8223443223444
nhsn,2024-2025,California,baseline_oct_mar,Baseline Oct-Mar,2025-02,0.11415625257468007,0.11076415247779103,0.185,413.4010989010989
nhsn,2024-2025,California,baseline_oct_mar,Baseline Oct-Mar,2025-03,0.10277348624640889,0.08041873300785365,0.12500891612903228,174.83333333333334
nhsn,2024-2025,California,baseline_oct_mar,Baseline Oct-Mar,2025-04,0.0,0.0,0.0,48.78021978021978
nhsn,2024-2025,California,baseline_oct_mar,Baseline Oct-Mar,2025-05,0.0,0.0,0.0,14.426739926739929
nhsn,2024-2025,California,baseline_oct_mar,Baseline Oct-Mar,2025-06,0.0,0.0,0.0,2.6538461538461537
nhsn,2024-2025,California,early_sep_mar,Early Sep-Mar,2024-01,0.0,0.0,0.0,872.6886446886447
nhsn,2024-2025,California,early_sep_mar,Early Sep-Mar,2024-02,0.0,0.027174055661610574,0.034001724137931025,1211.203296703297
nhsn,2024-2025,California,early_sep_mar,Early Sep-Mar,2024-03,0.14804277100812105,0.14529348866292607,0.1814790322580645,1583.8205128205127
nhsn,2024-2025,California,early_sep_mar,Early Sep-Mar,2024-04,0.14881292217091727,0.14802294314153797,0.18499999999999991,1653.1428571428569
nhsn,2024-2025,California,early_sep_mar,Early Sep-Mar,2024-05,0.14552443084646446,0.14542865989712345,0.18499999999999997,1744.2271062271066
nhsn,2024-2025,California,early_sep_mar,Early Sep-Mar,2024-06,0.14781776649676323,0.14668330078110445,0.18499999999999991,1699.2692307692305
nhsn,2024-2025,California,early_sep_mar,Early Sep-Mar,2024-07,0.14362874163418504,0.14335053681999715,0.18499999999999997,1758.6538461538453
nhsn,2024-2025,California,early_sep_mar,Early Sep-Mar,2024-08,0.1418587835328513,0.14205994269430136,0.18499999999999997,1758.6538461538453
nhsn,2024-2025,California,early_sep_mar,Early Sep-Mar,2024-09,0.14499551866461222,0.14483327196192472,0.18499999999999997,1701.923076923077
nhsn,2024-2025,California,early_sep_mar,Early Sep-Mar,2024-10,0.1475834520856006,0.14716621699160368,0.185,1755.3168498168498
nhsn,2024-2025,California,early_sep_mar,Early Sep-Mar,2024-11,0.14618925210314457,0.14216023684633053,0.18499999999999997,1627.3498168498168
nhsn,2024-2025,California,early_sep_mar,Early Sep-Mar,2024-12,0.13188864603211617,0.13003692591489044,0.185,1356.5439560439559
nhsn,2024-2025,California,early_sep_mar,Early Sep-Mar,2025-01,0.12842900214440042,0.12394346980531955,0.185,849.8223443223444
nhsn,2024-2025,California,early_sep_mar,Early Sep-Mar,2025-02,0.11415625257468007,0.11076415247779103,0.185,413.4010989010989
nhsn,2024-2025,California,early_sep_mar,Early Sep-Mar,2025-03,0.10277348624640889,0.08041873300785365,0.12500891612903228,174.83333333333334
nhsn,2024-2025,California,early_sep_mar,Early Sep-Mar,2025-04,0.0,0.0,0.0,48.78021978021978
nhsn,2024-2025,California,early_sep_mar,Early Sep-Mar,2025-05,0.0,0.0,0.0,14.426739926739929
nhsn,2024-2025,California,early_sep_mar,Early Sep-Mar,2025-06,0.0,0.0,0.0,2.6538461538461537
nhsn,2024-2025,California,extended_sep_apr,Extended Sep-Apr,2024-01,0.0,0.0,0.0,872.6886446886447
nhsn,2024-2025,California,extended_sep_apr,Extended Sep-Apr,2024-02,0.0,0.027174055661610574,0.034001724137931025,1211.203296703297
nhsn,2024-2025,California,extended_sep_apr,Extended Sep-Apr,2024-03,0.14804277100812105,0.14529348866292607,0.1814790322580645,1583.8205128205127
nhsn,2024-2025,California,extended_sep_apr,Extended Sep-Apr,2024-04,0.14881292217091727,0.14802294314153797,0.18499999999999991,1653.1428571428569
nhsn,2024-2025,California,extended_sep_apr,Extended Sep-Apr,2024-05,0.14552443084646446,0.14542865989712345,0.18499999999999997,1744.2271062271066
nhsn,2024-2025,California,extended_sep_apr,Extended Sep-Apr,2024-06,0.14781776649676323,0.14668330078110445,0.18499999999999991,1699.2692307692305
nhsn,2024-2025,California,extended_sep_apr,Extended Sep-Apr,2024-07,0.14362874163418504,0.14335053681999715,0.18499999999999997,1758.6538461538453
nhsn,2024-2025,California,extended_sep_apr,Extended Sep-Apr,2024-08,0.1418587835328513,0.14205994269430136,0.18499999999999997,1758.6538461538453
nhsn,2024-2025,California,extended_sep_apr,Extended Sep-Apr,2024-09,0.14499551866461222,0.14483327196192472,0.18499999999999997,1701.923076923077
nhsn,2024-2025,California,extended_sep_apr,Extended Sep-Apr,2024-10,0.1475834520856006,0.14716621699160368,0.185,1755.3168498168498
nhsn,2024-2025,California,extended_sep_apr,Extended Sep-Apr,2024-11,0.14618925210314457,0.14216023684633053,0.18499999999999997,1627.3498168498168
nhsn,2024-2025,California,extended_sep_apr,Extended Sep-Apr,2024-12,0.13188864603211617,0.13003692591489044,0.185,1356.5439560439559
nhsn,2024-2025,California,extended_sep_apr,Extended Sep-Apr,2025-01,0.12842900214440042,0.12394346980531955,0.185,849.8223443223444
nhsn,2024-2025,California,extended_sep_apr,Extended Sep-Apr,2025-02,0.11415625257468007,0.11076415247779103,0.185,413.4010989010989
nhsn,2024-2025,California,extended_sep_apr,Extended Sep-Apr,2025-03,0.10416433733559673,0.10149485595175894,0.185,174.83333333333334
nhsn,2024-2025,California,extended_sep_apr,Extended Sep-Apr,2025-04,0.09708670222970747,0.07899042367327755,0.12300921333333335,48.78021978021978
nhsn,2024-2025,California,extended_sep_apr,Extended Sep-Apr,2025-05,0.0,0.0,0.0,14.426739926739929
nhsn,2024-2025,California,extended_sep_apr,Extended Sep-Apr,2025-06,0.0,0.0,0.0,2.6538461538461537
nhsn,2024-2025,California,late_oct_apr,Late Oct-Apr,2024-01,0.0,0.0,0.0,872.6886446886447
nhsn,2024-2025,California,late_oct_apr,Late Oct-Apr,2024-02,0.0,0.0,0.0,1211.203296703297
nhsn,2024-2025,California,late_oct_apr,Late Oct-Apr,2024-03,0.0,0.027525490765366714,0.03425483870967742,1583.8205128205127
nhsn,2024-2025,California,late_oct_apr,Late Oct-Apr,2024-04,0.14881292217091727,0.1484885561890474,0.18499999999999991,1653.1428571428569
nhsn,2024-2025,California,late_oct_apr,Late Oct-Apr,2024-05,0.1450416579080707,0.14407421829093478,0.18499999999999997,1744.2271062271066
nhsn,2024-2025,California,late_oct_apr,Late Oct-Apr,2024-06,0.14786894528630828,0.14757441895457482,0.18499999999999991,1699.2692307692305
nhsn,2024-2025,California,late_oct_apr,Late Oct-Apr,2024-07,0.14479697351168605,0.14375210691740556,0.18499999999999997,1758.6538461538453
nhsn,2024-2025,California,late_oct_apr,Late Oct-Apr,2024-08,0.1475655169921604,0.14738995497436408,0.18499999999999997,1758.6538461538453
nhsn,2024-2025,California,late_oct_apr,Late Oct-Apr,2024-09,0.14686021875164385,0.14691024217871537,0.18499999999999991,1701.9230769230762
nhsn,2024-2025,California,late_oct_apr,Late Oct-Apr,2024-10,0.1475834520856006,0.14716621699160368,0.185,1755.3168498168498
nhsn,2024-2025,California,late_oct_apr,Late Oct-Apr,2024-11,0.14618925210314457,0.14216023684633053,0.18499999999999997,1627.3498168498168
nhsn,2024-2025,California,late_oct_apr,Late Oct-Apr,2024-12,0.13188864603211617,0.13003692591489044,0.185,1356.5439560439559
nhsn,2024-2025,California,late_oct_apr,Late Oct-Apr,2025-01,0.12842900214440042,0.12394346980531955,0.185,849.8223443223444
nhsn,2024-2025,California,late_oct_apr,Late Oct-Apr,2025-02,0.11415625257468007,0.11076415247779103,0.185,413.4010989010989
nhsn,2024-2025,California,late_oct_apr,Late Oct-Apr,2025-03,0.10416433733559673,0.10149485595175894,0.185,174.83333333333334
nhsn,2024-2025,California,late_oct_apr,Late Oct-Apr,2025-04,0.09708670222970747,0.07899042367327755,0.12300921333333335,48.78021978021978
nhsn,2024-2025,California,late_oct_apr,Late Oct-Apr,2025-05,0.0,0.0,0.0,14.426739926739929
nhsn,2024-2025,California,late_oct_apr,Late Oct-Apr,2025-06,0.0,0.0,0.0,2.6538461538461537
nhsn,2024-2025,Colorado,baseline_oct_mar,Baseline Oct-Mar,2024-01,0.0,0.0,0.0,214.13003663003664
nhsn,2024-2025,Colorado,baseline_oct_mar,Baseline Oct-Mar,2024-02,0.0,0.0,0.0,405.57692307692315
nhsn,2024-2025,Colorado,baseline_oct_mar,Baseline Oct-Mar,2024-03,0.0,0.02740310497278245,0.03425483870967742,626.2106227106228
nhsn,2024-2025,Colorado,baseline_oct_mar,Baseline Oct-Mar,2024-04,0.14809128017951548,0.1480644546656545,0.18499999999999991,697.2216117216118
nhsn,2024-2025,Colorado,baseline_oct_mar,Baseline Oct-Mar,2024-05,0.14678435739907053,0.14690408028123364,0.18499999999999997,746.4468864468865
nhsn,2024-2025,Colorado,baseline_oct_mar,Baseline Oct-Mar,2024-06,0.14745078304708598,0.14723317784018447,0.18499999999999991,726.8205128205129
nhsn,2024-2025,Colorado,baseline_oct_mar,Baseline Oct-Mar,2024-07,0.14666599896981325,0.1468040091091612,0.18499999999999997,751.1538461538464
nhsn,2024-2025,Colorado,baseline_oct_mar,Baseline Oct-Mar,2024-08,0.14707248254338257,0.14690750166868466,0.18499999999999997,751.1538461538464
nhsn,2024-2025,Colorado,baseline_oct_mar,Baseline Oct-Mar,2024-09,0.1462303099424385,0.14627220541560873,0.18499999999999991,726.9230769230771
nhsn,2024-2025,Colorado,baseline_oct_mar,Baseline Oct-Mar,2024-10,0.14767405800627295,0.1474505798022037,0.185,750.3296703296703
nhsn,2024-2025,Colorado,baseline_oct_mar,Baseline Oct-Mar,2024-11,0.1483178559835639,0.14715557103430016,0.18499999999999997,716.2600732600733
nhsn,2024-2025,Colorado,baseline_oct_mar,Baseline Oct-Mar,2024-12,0.1427925316724208,0.13986329112139853,0.185,685.9578754578754
nhsn,2024-2025,Colorado,baseline_oct_mar,Baseline Oct-Mar,2025-01,0.1342734183206189,0.12874893067450519,0.185,526.4120879120878
nhsn,2024-2025,Colorado,baseline_oct_mar,Baseline Oct-Mar,2025-02,0.11678142213357871,0.11309368775841012,0.185,283.49633699633694
nhsn,2024-2025,Colorado,baseline_oct_mar,Baseline Oct-Mar,2025-03,0.1025953556765278,0.08044666672699662,0.12500891612903228,124.94322344322345
nhsn,2024-2025,Colorado,baseline_oct_mar,Baseline Oct-Mar,2025-04,0.0,0.0,0.0,29.7014652014652
nhsn,2024-2025,Colorado,baseline_oct_mar,Baseline Oct-Mar,2025-05,0.0,0.0,0.0,4.706959706959706
nhsn,2024-2025,Colorado,baseline_oct_mar,Baseline Oct-Mar,2025-06,0.0,0.0,0.0,0.10256410256410256
nhsn,2024-2025,Colorado,early_sep_mar,Early Sep-Mar,2024-01,0.0,0.0,0.0,214.13003663003664
nhsn,2024-2025,Colorado,early_sep_mar,Early Sep-Mar,2024-02,0.0,0.027124607331195427,0.034001724137931025,405.57692307692315
nhsn,2024-2025,Colorado,early_sep_mar,Early Sep-Mar,2024-03,0.1476894384133129,0.14488119008366793,0.1814790322580645,626.2106227106228
nhsn,2024-2025,Colorado,early_sep_mar,Early Sep-Mar,2024-04,0.1480234457205939,0.14680837235259114,0.18499999999999991,697.2216117216118
nhsn,2024-2025,Colorado,early_sep_mar,Early Sep-Mar,2024-05,0.14388327307753246,0.14325645942931306,0.18499999999999997,746.4468864468865
nhsn,2024-2025,Colorado,early_sep_mar,Early Sep-Mar,2024-06,0.14713566346246348,0.14540436919038713,0.18499999999999991,726.8205128205129
nhsn,2024-2025,Colorado,early_sep_mar,Early Sep-Mar,2024-07,0.14152757685171974,0.1409271427323617,0.18499999999999997,751.1538461538464
nhsn,2024-2025,Colorado,early_sep_mar,Early Sep-Mar,2024-08,0.13830678598280025,0.13861162289775955,0.18499999999999997,751.1538461538464
nhsn,2024-2025,Colorado,early_sep_mar,Early Sep-Mar,2024-09,0.1439461737928738,0.14323737322901262,0.18499999999999997,726.9230769230769
nhsn,2024-2025,Colorado,early_sep_mar,Early Sep-Mar,2024-10,0.14767405800627295,0.1474505798022037,0.185,750.3296703296703
nhsn,2024-2025,Colorado,early_sep_mar,Early Sep-Mar,2024-11,0.1483178559835639,0.14715557103430016,0.18499999999999997,716.2600732600733
nhsn,2024-2025,Colorado,early_sep_mar,Early Sep-Mar,2024-12,0.1427925316724208,0.13986329112139853,0.185,685.9578754578754
nhsn,2024-2025,Colorado,early_sep_mar,Early Sep-Mar,2025-01,0.1342734183206189,0.12874893067450519,0.185,526.4120879120878
nhsn,2024-2025,Colorado,early_sep_mar,Early Sep-Mar,2025-02,0.11678142213357871,0.11309368775841012,0.185,283.49633699633694
nhsn,2024-2025,Colorado,early_sep_mar,Early Sep-Mar,2025-03,0.1025953556765278,0.08044666672699662,0.12500891612903228,124.94322344322345
nhsn,2024-2025,Colorado,early_sep_mar,Early Sep-Mar,2025-04,0.0,0.0,0.0,29.7014652014652
nhsn,2024-2025,Colorado,early_sep_mar,Early Sep-Mar,2025-05,0.0,0.0,0.0,4.706959706959706
nhsn,2024-2025,Colorado,early_sep_mar,Early Sep-Mar,2025-06,0.0,0.0,0.0,0.10256410256410256
nhsn,2024-2025,Colorado,extended_sep_apr,Extended Sep-Apr,2024-01,0.0,0.0,0.0,214.13003663003664
nhsn,2024-2025,Colorado,extended_sep_apr,Extended Sep-Apr,2024-02,0.0,0.027124607331195427,0.034001724137931025,405.57692307692315
nhsn,2024-2025,Colorado,extended_sep_apr,Extended Sep-Apr,2024-03,0.1476894384133129,0.14488119008366793,0.1814790322580645,626.2106227106228
nhsn,2024-2025,Colorado,extended_sep_apr,Extended Sep-Apr,2024-04,0.1480234457205939,0.14680837235259114,0.18499999999999991,697.2216117216118
nhsn,2024-2025,Colorado,extended_sep_apr,Extended Sep-Apr,2024-05,0.14388327307753246,0.14325645942931306,0.18499999999999997,746.4468864468865
nhsn,2024-2025,Colorado,extended_sep_apr,Extended Sep-Apr,2024-06,0.14713566346246348,0.14540436919038713,0.18499999999999991,726.8205128205129
nhsn,2024-2025,Colorado,extended_sep_apr,Extended Sep-Apr,2024-07,0.14152757685171974,0.1409271427323617,0.18499999999999997,751.1538461538464
nhsn,2024-2025,Colorado,extended_sep_apr,Extended Sep-Apr,2024-08,0.13830678598280025,0.13861162289775955,0.18499999999999997,751.1538461538464
nhsn,2024-2025,Colorado,extended_sep_apr,Extended Sep-Apr,2024-09,0.1439461737928738,0.14323737322901262,0.18499999999999997,726.9230769230769
nhsn,2024-2025,Colorado,extended_sep_apr,Extended Sep-Apr,2024-10,0.14767405800627295,0.1474505798022037,0.185,750.3296703296703
nhsn,2024-2025,Colorado,extended_sep_apr,Extended Sep-Apr,2024-11,0.1483178559835639,0.14715557103430016,0.18499999999999997,716.2600732600733
nhsn,2024-2025,Colorado,extended_sep_apr,Extended Sep-Apr,2024-12,0.1427925316724208,0.13986329112139853,0.185,685.9578754578754
nhsn,2024-2025,Colorado,extended_sep_apr,Extended Sep-Apr,2025-01,0.1342734183206189,0.12874893067450519,0.185,526.4120879120878
nhsn,2024-2025,Colorado,extended_sep_apr,Extended Sep-Apr,2025-02,0.11678142213357871,0.11309368775841012,0.185,283.49633699633694
nhsn,2024-2025,Colorado,extended_sep_apr,Extended Sep-Apr,2025-03,0.1025953556765278,0.09880941809300102,0.185,124.94322344322345
nhsn,2024-2025,Colorado,extended_sep_apr,Extended Sep-Apr,2025-04,0.09370798616103522,0.0738209260263453,0.12300921333333335,29.701465201465204
nhsn,2024-2025,Colorado,extended_sep_apr,Extended Sep-Apr,2025-05,0.0,0.0,0.0,4.706959706959706
nhsn,2024-2025,Colorado,extended_sep_apr,Extended Sep-Apr,2025-06,0.0,0.0,0.0,0.10256410256410256
nhsn,2024-2025,Colorado,late_oct_apr,Late Oct-Apr,2024-01,0.0,0.0,0.0,214.13003663003664
nhsn,2024-2025,Colorado,late_oct_apr,Late Oct-Apr,2024-02,0.0,0.0,0.0,405.57692307692315
nhsn,2024-2025,Colorado,late_oct_apr,Late Oct-Apr,2024-03,0.0,0.02740310497278245,0.03425483870967742,626.2106227106228
nhsn,2024-2025,Colorado,late_oct_apr,Late Oct-Apr,2024-04,0.14809128017951548,0.1480644546656545,0.18499999999999991,697.2216117216118
nhsn,2024-2025,Colorado,late_oct_apr,Late Oct-Apr,2024-05,0.14678435739907053,0.14690408028123364,0.18499999999999997,746.4468864468865
nhsn,2024-2025,Colorado,late_oct_apr,Late Oct-Apr,2024-06,0.14745078304708598,0.14723317784018447,0.18499999999999991,726.8205128205129
nhsn,2024-2025,Colorado,late_oct_apr,Late Oct-Apr,2024-07,0.14666599896981325,0.1468040091091612,0.18499999999999997,751.1538461538464
nhsn,2024-2025,Colorado,late_oct_apr,Late Oct-Apr,2024-08,0.14707248254338257,0.14690750166868466,0.18499999999999997,751.1538461538464
nhsn,2024-2025,Colorado,late_oct_apr,Late Oct-Apr,2024-09,0.1462303099424385,0.14627220541560873,0.18499999999999991,726.9230769230771
nhsn,2024-2025,Colorado,late_oct_apr,Late Oct-Apr,2024-10,0.14767405800627295,0.1474505798022037,0.185,750.3296703296703
nhsn,2024-2025,Colorado,late_oct_apr,Late Oct-Apr,2024-11,0.1483178559835639,0.14715557103430016,0.18499999999999997,716.2600732600733
nhsn,2024-2025,Colorado,late_oct_apr,Late Oct-Apr,2024-12,0.1427925316724208,0.13986329112139853,0.185,685.9578754578754
nhsn,2024-2025,Colorado,late_oct_apr,Late Oct-Apr,2025-01,0.1342734183206189,0.12874893067450519,0.185,526.4120879120878
nhsn,2024-2025,Colorado,late_oct_apr,Late Oct-Apr,2025-02,0.11678142213357871,0.11309368775841012,0.185,283.49633699633694
nhsn,2024-2025,Colorado,late_oct_apr,Late Oct-Apr,2025-03,0.1025953556765278,0.09880941809300102,0.185,124.94322344322345
nhsn,2024-2025,Colorado,late_oct_apr,Late Oct-Apr,2025-04,0.09370798616103522,0.0738209260263453,0.12300921333333335,29.701465201465204
nhsn,2024-2025,Colorado,late_oct_apr,Late Oct-Apr,2025-05,0.0,0.0,0.0,4.706959706959706
nhsn,2024-2025,Colorado,late_oct_apr,Late Oct-Apr,2025-06,0.0,0.0,0.0,0.10256410256410256
nhsn,2024-2025,Connecticut,baseline_oct_mar,Baseline Oct-Mar,2024-01,0.0,0.0,0.0,152.1868131868132
nhsn,2024-2025,Connecticut,baseline_oct_mar,Baseline Oct-Mar,2024-02,0.0,0.0,0.0,170.93772893772893
nhsn,2024-2025,Connecticut,baseline_oct_mar,Baseline Oct-Mar,2024-03,0.0,0.027727945385655636,0.03425483870967742,194.12454212454213
nhsn,2024-2025,Connecticut,baseline_oct_mar,Baseline Oct-Mar,2024-04,0.14698707678836745,0.1463590547418655,0.18499999999999991,193.518315018315
nhsn,2024-2025,Connecticut,baseline_oct_mar,Baseline Oct-Mar,2024-05,0.13761905346088915,0.13712488354883304,0.18499999999999997,201.70695970695974
nhsn,2024-2025,Connecticut,baseline_oct_mar,Baseline Oct-Mar,2024-06,0.1462440493612478,0.14566556809743578,0.18499999999999991,196.20512820512818
nhsn,2024-2025,Connecticut,baseline_oct_mar,Baseline Oct-Mar,2024-07,0.13751032650519737,0.13683028323035906,0.18499999999999997,203.08974358974356
nhsn,2024-2025,Connecticut,baseline_oct_mar,Baseline Oct-Mar,2024-08,0.14795623482388456,0.14681950899413065,0.18499999999999997,203.08974358974356
nhsn,2024-2025,Connecticut,baseline_oct_mar,Baseline Oct-Mar,2024-09,0.14836424222939487,0.14812158997943478,0.18499999999999991,196.53846153846152
nhsn,2024-2025,Connecticut,baseline_oct_mar,Baseline Oct-Mar,2024-10,0.1467867057060587,0.14550001417646977,0.185,200.63003663003664
nhsn,2024-2025,Connecticut,baseline_oct_mar,Baseline Oct-Mar,2024-11,0.1443162343848744,0.1376440610691293,0.18499999999999997,175.72893772893775
nhsn,2024-2025,Connecticut,baseline_oct_mar,Baseline Oct-Mar,2024-12,0.11670447518535836,0.11130209175203645,0.185,124.48717948717949
nhsn,2024-2025,Connecticut,baseline_oct_mar,Baseline Oct-Mar,2025-01,0.11655088304911462,0.11324458299941086,0.185,45.28388278388279
nhsn,2024-2025,Connecticut,baseline_oct_mar,Baseline Oct-Mar,2025-02,0.11892589735819735,0.1157444294031528,0.185,18.117216117216117
nhsn,2024-2025,Connecticut,baseline_oct_mar,Baseline Oct-Mar,2025-03,0.09712529230769232,0.0819845795621197,0.12500891612903228,8.965201465201464
nhsn,2024-2025,Connecticut,baseline_oct_mar,Baseline Oct-Mar,2025-04,0.0,0.0,0.0,3.02014652014652
nhsn,2024-2025,Connecticut,baseline_oct_mar,Baseline Oct-Mar,2025-05,0.0,0.0,0.0,1.3827838827838828
nhsn,2024-2025,Connecticut,baseline_oct_mar,Baseline Oct-Mar,2025-06,0.0,0.0,0.0,0.33333333333333337
nhsn,2024-2025,Connecticut,early_sep_mar,Early Sep-Mar,2024-01,0.0,0.0,0.0,152.1868131868132
nhsn,2024-2025,Connecticut,early_sep_mar,Early Sep-Mar,2024-02,0.0,0.027232642403131852,0.034001724137931025,170.93772893772893
nhsn,2024-2025,Connecticut,early_sep_mar,Early Sep-Mar,2024-03,0.14871125181681064,0.14598943691925984,0.1814790322580645,194.12454212454213
nhsn,2024-2025,Connecticut,early_sep_mar,Early Sep-Mar,2024-04,0.14702023782143364,0.14739858544073864,0.18499999999999991,193.518315018315
nhsn,2024-2025,Connecticut,early_sep_mar,Early Sep-Mar,2024-05,0.14755371804180073,0.1475796396501572,0.18499999999999997,201.70695970695974
nhsn,2024-2025,Connecticut,early_sep_mar,Early Sep-Mar,2024-06,0.1462440493612478,0.14651231137391663,0.18499999999999991,196.20512820512818
nhsn,2024-2025,Connecticut,early_sep_mar,Early Sep-Mar,2024-07,0.14603975524671026,0.14598110185190544,0.18499999999999997,203.08974358974356
nhsn,2024-2025,Connecticut,early_sep_mar,Early Sep-Mar,2024-08,0.14518770111297705,0.1453216176951746,0.18499999999999997,203.08974358974356
nhsn,2024-2025,Connecticut,early_sep_mar,Early Sep-Mar,2024-09,0.14697241187579546,0.1468537126256479,0.18499999999999997,196.53846153846155
nhsn,2024-2025,Connecticut,early_sep_mar,Early Sep-Mar,2024-10,0.1467867057060587,0.14550001417646977,0.185,200.63003663003664
nhsn,2024-2025,Connecticut,early_sep_mar,Early Sep-Mar,2024-11,0.1443162343848744,0.1376440610691293,0.18499999999999997,175.72893772893775
nhsn,2024-2025,Connecticut,early_sep_mar,Early Sep-Mar,2024-12,0.11670447518535836,0.11130209175203645,0.185,124.48717948717949
nhsn,2024-2025,Connecticut,early_sep_mar,Early Sep-Mar,2025-01,0.11655088304911462,0.11324458299941086,0.185,45.28388278388279
nhsn,2024-2025,Connecticut,early_sep_mar,Early Sep-Mar,2025-02,0.11892589735819735,0.1157444294031528,0.185,18.117216117216117
nhsn,2024-2025,Connecticut,early_sep_mar,Early Sep-Mar,2025-03,0.09712529230769232,0.0819845795621197,0.12500891612903228,8.965201465201464
nhsn,2024-2025,Connecticut,early_sep_mar,Early Sep-Mar,2025-04,0.0,0.0,0.0,3.02014652014652
nhsn,2024-2025,Connecticut,early_sep_mar,Early Sep-Mar,2025-05,0.0,0.0,0.0,1.3827838827838828
nhsn,2024-2025,Connecticut,early_sep_mar,Early Sep-Mar,2025-06,0.0,0.0,0.0,0.33333333333333337
nhsn,2024-2025,Connecticut,extended_sep_apr,Extended Sep-Apr,2024-01,0.0,0.0,0.0,152.1868131868132
nhsn,2024-2025,Connecticut,extended_sep_apr,Extended Sep-Apr,2024-02,0.0,0.027232642403131852,0.034001724137931025,170.93772893772893
nhsn,2024-2025,Connecticut,extended_sep_apr,Extended Sep-Apr,2024-03,0.14871125181681064,0.14598943691925984,0.1814790322580645,194.12454212454213
nhsn,2024-2025,Connecticut,extended_sep_apr,Extended Sep-Apr,2024-04,0.14702023782143364,0.14739858544073864,0.18499999999999991,193.518315018315
nhsn,2024-2025,Connecticut,extended_sep_apr,Extended Sep-Apr,2024-05,0.14755371804180073,0.1475796396501572,0.18499999999999997,201.70695970695974
nhsn,2024-2025,Connecticut,extended_sep_apr,Extended Sep-Apr,2024-06,0.1462440493612478,0.14651231137391663,0.18499999999999991,196.20512820512818
nhsn,2024-2025,Connecticut,extended_sep_apr,Extended Sep-Apr,2024-07,0.14603975524671026,0.14598110185190544,0.18499999999999997,203.08974358974356
nhsn,2024-2025,Connecticut,extended_sep_apr,Extended Sep-Apr,2024-08,0.14518770111297705,0.1453216176951746,0.18499999999999997,203.08974358974356
nhsn,2024-2025,Connecticut,extended_sep_apr,Extended Sep-Apr,2024-09,0.14697241187579546,0.1468537126256479,0.18499999999999997,196.53846153846155
nhsn,2024-2025,Connecticut,extended_sep_apr,Extended Sep-Apr,2024-10,0.1467867057060587,0.14550001417646977,0.185,200.63003663003664
nhsn,2024-2025,Connecticut,extended_sep_apr,Extended Sep-Apr,2024-11,0.1443162343848744,0.1376440610691293,0.18499999999999997,175.72893772893775
nhsn,2024-2025,Connecticut,extended_sep_apr,Extended Sep-Apr,2024-12,0.11670447518535836,0.11130209175203645,0.185,124.48717948717949
nhsn,2024-2025,Connecticut,extended_sep_apr,Extended Sep-Apr,2025-01,0.11655088304911462,0.11324458299941086,0.185,45.28388278388279
nhsn,2024-2025,Connecticut,extended_sep_apr,Extended Sep-Apr,2025-02,0.11892589735819735,0.1157444294031528,0.185,18.117216117216117
nhsn,2024-2025,Connecticut,extended_sep_apr,Extended Sep-Apr,2025-03,0.10729156163544484,0.10649756543557505,0.185,8.965201465201464
nhsn,2024-2025,Connecticut,extended_sep_apr,Extended Sep-Apr,2025-04,0.10342738508158508,0.08192200671989991,0.12300921333333335,3.02014652014652
nhsn,2024-2025,Connecticut,extended_sep_apr,Extended Sep-Apr,2025-05,0.0,0.0,0.0,1.3827838827838828
nhsn,2024-2025,Connecticut,extended_sep_apr,Extended Sep-Apr,2025-06,0.0,0.0,0.0,0.33333333333333337
nhsn,2024-2025,Connecticut,late_oct_apr,Late Oct-Apr,2024-01,0.0,0.0,0.0,152.1868131868132
nhsn,2024-2025,Connecticut,late_oct_apr,Late Oct-Apr,2024-02,0.0,0.0,0.0,170.93772893772893
nhsn,2024-2025,Connecticut,late_oct_apr,Late Oct-Apr,2024-03,0.0,0.027727945385655636,0.03425483870967742,194.12454212454213
nhsn,2024-2025,Connecticut,late_oct_apr,Late Oct-Apr,2024-04,0.14698707678836745,0.1463590547418655,0.18499999999999991,193.518315018315
nhsn,2024-2025,Connecticut,late_oct_apr,Late Oct-Apr,2024-05,0.13761905346088915,0.13712488354883304,0.18499999999999997,201.70695970695974
nhsn,2024-2025,Connecticut,late_oct_apr,Late Oct-Apr,2024-06,0.1462440493612478,0.14566556809743578,0.18499999999999991,196.20512820512818
nhsn,2024-2025,Connecticut,late_oct_apr,Late Oct-Apr,2024-07,0.13751032650519737,0.13683028323035906,0.18499999999999997,203.08974358974356
nhsn,2024-2025,Connecticut,late_oct_apr,Late Oct-Apr,2024-08,0.14795623482388456,0.14681950899413065,0.18499999999999997,203.08974358974356
nhsn,2024-2025,Connecticut,late_oct_apr,Late Oct-Apr,2024-09,0.14836424222939487,0.14812158997943478,0.18499999999999991,196.53846153846152
nhsn,2024-2025,Connecticut,late_oct_apr,Late Oct-Apr,2024-10,0.1467867057060587,0.14550001417646977,0.185,200.63003663003664
nhsn,2024-2025,Connecticut,late_oct_apr,Late Oct-Apr,2024-11,0.1443162343848744,0.1376440610691293,0.18499999999999997,175.72893772893775
nhsn,2024-2025,Connecticut,late_oct_apr,Late Oct-Apr,2024-12,0.11670447518535836,0.11130209175203645,0.185,124.48717948717949
nhsn,2024-2025,Connecticut,late_oct_apr,Late Oct-Apr,2025-01,0.11655088304911462,0.11324458299941086,0.185,45.28388278388279
nhsn,2024-2025,Connecticut,late_oct_apr,Late Oct-Apr,2025-02,0.11892589735819735,0.1157444294031528,0.185,18.117216117216117
nhsn,2024-2025,Connecticut,late_oct_apr,Late Oct-Apr,2025-03,0.10729156163544484,0.10649756543557505,0.185,8.965201465201464
nhsn,2024-2025,Connecticut,late_oct_apr,Late Oct-Apr,2025-04,0.10342738508158508,0.08192200671989991,0.12300921333333335,3.02014652014652
nhsn,2024-2025,Connecticut,late_oct_apr,Late Oct-Apr,2025-05,0.0,0.0,0.0,1.3827838827838828
nhsn,2024-2025,Connecticut,late_oct_apr,Late Oct-Apr,2025-06,0.0,0.0,0.0,0.33333333333333337
nhsn,2024-2025,Delaware,baseline_oct_mar,Baseline Oct-Mar,2024-01,0.0,0.0,0.0,157.0842490842491
nhsn,2024-2025,Delaware,baseline_oct_mar,Baseline Oct-Mar,2024-02,0.0,0.0,0.0,172.83699633699626
nhsn,2024-2025,Delaware,baseline_oct_mar,Baseline Oct-Mar,2024-03,0.0,0.02762188731686945,0.03425483870967742,195.95421245421244
nhsn,2024-2025,Delaware,baseline_oct_mar,Baseline Oct-Mar,2024-04,0.15011970194158084,0.15006481331392552,0.18499999999999991,196.93040293040292
nhsn,2024-2025,Delaware,baseline_oct_mar,Baseline Oct-Mar,2024-05,0.14446653509503443,0.14194771988050472,0.18499999999999997,206.02747252747253
nhsn,2024-2025,Delaware,baseline_oct_mar,Baseline Oct-Mar,2024-06,0.14911530875434315,0.1490505903516339,0.18499999999999991,200.82051282051282
nhsn,2024-2025,Delaware,baseline_oct_mar,Baseline Oct-Mar,2024-07,0.14432076651264605,0.14158717343552704,0.18499999999999997,207.8589743589743
nhsn,2024-2025,Delaware,baseline_oct_mar,Baseline Oct-Mar,2024-08,0.14859815734934287,0.14872891782355685,0.18499999999999997,207.8589743589743
nhsn,2024-2025,Delaware,baseline_oct_mar,Baseline Oct-Mar,2024-09,0.14746355813020634,0.14771251714261804,0.18499999999999991,201.15384615384613
nhsn,2024-2025,Delaware,baseline_oct_mar,Baseline Oct-Mar,2024-10,0.14861590688661244,0.14795023562308793,0.185,207.8589743589744
nhsn,2024-2025,Delaware,baseline_oct_mar,Baseline Oct-Mar,2024-11,0.1426182979555941,0.13604613608265692,0.18499999999999997,187.88461538461542
nhsn,2024-2025,Delaware,baseline_oct_mar,Baseline Oct-Mar,2024-12,0.11186348686187336,0.10855854592279325,0.185,127.16666666666666
nhsn,2024-2025,Delaware,baseline_oct_mar,Baseline Oct-Mar,2025-01,0.11957703045136682,0.11750425075149074,0.185,45.027472527472526
nhsn,2024-2025,Delaware,baseline_oct_mar,Baseline Oct-Mar,2025-02,0.12733714410079713,0.12267665986000843,0.185,20.653846153846157
nhsn,2024-2025,Delaware,baseline_oct_mar,Baseline Oct-Mar,2025-03,0.10812341068885865,0.08535936265271639,0.12500891612903228,11.904761904761907
nhsn,2024-2025,Delaware,baseline_oct_mar,Baseline Oct-Mar,2025-04,0.0,0.0,0.0,4.2234432234432235
nhsn,2024-2025,Delaware,baseline_oct_mar,Baseline Oct-Mar,2025-05,0.0,0.0,0.0,1.8315018315018312
nhsn,2024-2025,Delaware,baseline_oct_mar,Baseline Oct-Mar,2025-06,0.0,0.0,0.0,0.33333333333333337
nhsn,2024-2025,Delaware,early_sep_mar,Early Sep-Mar,2024-01,0.0,0.0,0.0,157.0842490842491
nhsn,2024-2025,Delaware,early_sep_mar,Early Sep-Mar,2024-02,0.0,0.027219767466172898,0.034001724137931025,172.83699633699626
nhsn,2024-2025,Delaware,early_sep_mar,Early Sep-Mar,2024-03,0.14832967068490333,0.1456287689781686,0.1814790322580645,195.95421245421244
nhsn,2024-2025,Delaware,early_sep_mar,Early Sep-Mar,2024-04,0.14994451480442741,0.14951701667128312,0.18499999999999991,196.93040293040292
nhsn,2024-2025,Delaware,early_sep_mar,Early Sep-Mar,2024-05,0.147204701302551,0.14694780161485005,0.18499999999999997,206.02747252747253
nhsn,2024-2025,Delaware,early_sep_mar,Early Sep-Mar,2024-06,0.14876326211837873,0.1482558114266768,0.18499999999999991,200.82051282051282
nhsn,2024-2025,Delaware,early_sep_mar,Early Sep-Mar,2024-07,0.1451549709468352,0.14498616218383972,0.18499999999999997,207.8589743589743
nhsn,2024-2025,Delaware,early_sep_mar,Early Sep-Mar,2024-08,0.14348240483226143,0.14397794281445167,0.18499999999999997,207.8589743589743
nhsn,2024-2025,Delaware,early_sep_mar,Early Sep-Mar,2024-09,0.14622859253366136,0.14612130769420673,0.18499999999999997,201.1538461538462
nhsn,2024-2025,Delaware,early_sep_mar,Early Sep-Mar,2024-10,0.14861590688661244,0.14795023562308793,0.185,207.8589743589744
nhsn,2024-2025,Delaware,early_sep_mar,Early Sep-Mar,2024-11,0.1426182979555941,0.13604613608265692,0.18499999999999997,187.88461538461542
nhsn,2024-2025,Delaware,early_sep_mar,Early Sep-Mar,2024-12,0.11186348686187336,0.10855854592279325,0.185,127.16666666666666
nhsn,2024-2025,Delaware,early_sep_mar,Early Sep-Mar,2025-01,0.11957703045136682,0.11750425075149074,0.185,45.027472527472526
nhsn,2024-2025,Delaware,early_sep_mar,Early Sep-Mar,2025-02,0.12733714410079713,0.12267665986000843,0.185,20.653846153846157
nhsn,2024-2025,Delaware,early_sep_mar,Early Sep-Mar,2025-03,0.10812341068885865,0.08535936265271639,0.12500891612903228,11.904761904761907
nhsn,2024-2025,Delaware,early_sep_mar,Early Sep-Mar,2025-04,0.0,0.0,0.0,4.2234432234432235
nhsn,2024-2025,Delaware,early_sep_mar,Early Sep-Mar,2025-05,0.0,0.0,0.0,1.8315018315018312
nhsn,2024-2025,Delaware,early_sep_mar,Early Sep-Mar,2025-06,0.0,0.0,0.0,0.33333333333333337
nhsn,2024-2025,Delaware,extended_sep_apr,Extended Sep-Apr,2024-01,0.0,0.0,0.0,157.0842490842491
nhsn,2024-2025,Delaware,extended_sep_apr,Extended Sep-Apr,2024-02,0.0,0.027219767466172898,0.034001724137931025,172.83699633699626
nhsn,2024-2025,Delaware,extended_sep_apr,Extended Sep-Apr,2024-03,0.14832967068490333,0.1456287689781686,0.1814790322580645,195.95421245421244
nhsn,2024-2025,Delaware,extended_sep_apr,Extended Sep-Apr,2024-04,0.14994451480442741,0.14951701667128312,0.18499999999999991,196.93040293040292
nhsn,2024-2025,Delaware,extended_sep_apr,Extended Sep-Apr,2024-05,0.147204701302551,0.14694780161485005,0.18499999999999997,206.02747252747253
nhsn,2024-2025,Delaware,extended_sep_apr,Extended Sep-Apr,2024-06,0.14876326211837873,0.1482558114266768,0.18499999999999991,200.82051282051282
nhsn,2024-2025,Delaware,extended_sep_apr,Extended Sep-Apr,2024-07,0.1451549709468352,0.14498616218383972,0.18499999999999997,207.8589743589743
nhsn,2024-2025,Delaware,extended_sep_apr,Extended Sep-Apr,2024-08,0.14348240483226143,0.14397794281445167,0.18499999999999997,207.8589743589743
nhsn,2024-2025,Delaware,extended_sep_apr,Extended Sep-Apr,2024-09,0.14622859253366136,0.14612130769420673,0.18499999999999997,201.1538461538462
nhsn,2024-2025,Delaware,extended_sep_apr,Extended Sep-Apr,2024-10,0.14861590688661244,0.14795023562308793,0.185,207.8589743589744
nhsn,2024-2025,Delaware,extended_sep_apr,Extended Sep-Apr,2024-11,0.1426182979555941,0.13604613608265692,0.18499999999999997,187.88461538461542
nhsn,2024-2025,Delaware,extended_sep_apr,Extended Sep-Apr,2024-12,0.11186348686187336,0.10855854592279325,0.185,127.16666666666666
nhsn,2024-2025,Delaware,extended_sep_apr,Extended Sep-Apr,2025-01,0.11957703045136682,0.11750425075149074,0.185,45.027472527472526
nhsn,2024-2025,Delaware,extended_sep_apr,Extended Sep-Apr,2025-02,0.12733714410079713,0.12267665986000843,0.185,20.653846153846157
nhsn,2024-2025,Delaware,extended_sep_apr,Extended Sep-Apr,2025-03,0.11543593515951506,0.11001556686371355,0.185,11.904761904761907
nhsn,2024-2025,Delaware,extended_sep_apr,Extended Sep-Apr,2025-04,0.09732680002453686,0.08081004865546836,0.12300921333333335,4.2234432234432235
nhsn,2024-2025,Delaware,extended_sep_apr,Extended Sep-Apr,2025-05,0.0,0.0,0.0,1.8315018315018312
nhsn,2024-2025,Delaware,extended_sep_apr,Extended Sep-Apr,2025-06,0.0,0.0,0.0,0.33333333333333337
nhsn,2024-2025,Delaware,late_oct_apr,Late Oct-Apr,2024-01,0.0,0.0,0.0,157.0842490842491
nhsn,2024-2025,Delaware,late_oct_apr,Late Oct-Apr,2024-02,0.0,0.0,0.0,172.83699633699626
nhsn,2024-2025,Delaware,late_oct_apr,Late Oct-Apr,2024-03,0.0,0.02762188731686945,0.03425483870967742,195.95421245421244
nhsn,2024-2025,Delaware,late_oct_apr,Late Oct-Apr,2024-04,0.15011970194158084,0.15006481331392552,0.18499999999999991,196.93040293040292
nhsn,2024-2025,Delaware,late_oct_apr,Late Oct-Apr,2024-05,0.14446653509503443,0.14194771988050472,0.18499999999999997,206.02747252747253
nhsn,2024-2025,Delaware,late_oct_apr,Late Oct-Apr,2024-06,0.14911530875434315,0.1490505903516339,0.18499999999999991,200.82051282051282
nhsn,2024-2025,Delaware,late_oct_apr,Late Oct-Apr,2024-07,0.14432076651264605,0.14158717343552704,0.18499999999999997,207.8589743589743
nhsn,2024-2025,Delaware,late_oct_apr,Late Oct-Apr,2024-08,0.14859815734934287,0.14872891782355685,0.18499999999999997,207.8589743589743
nhsn,2024-2025,Delaware,late_oct_apr,Late Oct-Apr,2024-09,0.14746355813020634,0.14771251714261804,0.18499999999999991,201.15384615384613
nhsn,2024-2025,Delaware,late_oct_apr,Late Oct-Apr,2024-10,0.14861590688661244,0.14795023562308793,0.185,207.8589743589744
nhsn,2024-2025,Delaware,late_oct_apr,Late Oct-Apr,2024-11,0.1426182979555941,0.13604613608265692,0.18499999999999997,187.88461538461542
nhsn,2024-2025,Delaware,late_oct_apr,Late Oct-Apr,2024-12,0.11186348686187336,0.10855854592279325,0.185,127.16666666666666
nhsn,2024-2025,Delaware,late_oct_apr,Late Oct-Apr,2025-01,0.11957703045136682,0.11750425075149074,0.185,45.027472527472526
nhsn,2024-2025,Delaware,late_oct_apr,Late Oct-Apr,2025-02,0.12733714410079713,0.12267665986000843,0.185,20.653846153846157
nhsn,2024-2025,Delaware,late_oct_apr,Late Oct-Apr,2025-03,0.11543593515951506,0.11001556686371355,0.185,11.904761904761907
nhsn,2024-2025,Delaware,late_oct_apr,Late Oct-Apr,2025-04,0.09732680002453686,0.08081004865546836,0.12300921333333335,4.2234432234432235
nhsn,2024-2025,Delaware,late_oct_apr,Late Oct-Apr,2025-05,0.0,0.0,0.0,1.8315018315018312
nhsn,2024-2025,Delaware,late_oct_apr,Late Oct-Apr,2025-06,0.0,0.0,0.0,0.33333333333333337
nhsn,2024-2025,District of Columbia,baseline_oct_mar,Baseline Oct-Mar,2024-01,,,0.0,0.0
nhsn,2024-2025,District of Columbia,baseline_oct_mar,Baseline Oct-Mar,2024-02,0.0,0.0,0.0,1.5018315018315018
nhsn,2024-2025,District of Columbia,baseline_oct_mar,Baseline Oct-Mar,2024-03,0.0,0.027305466158357775,0.03425483870967742,5.498168498168496
nhsn,2024-2025,District of Columbia,baseline_oct_mar,Baseline Oct-Mar,2024-04,0.1477371654545455,0.14772634580547053,0.18499999999999991,5.474358974358974
nhsn,2024-2025,District of Columbia,baseline_oct_mar,Baseline Oct-Mar,2024-05,0.1481621272727273,0.1480500205278593,0.18499999999999997,5.961538461538462
nhsn,2024-2025,District of Columbia,baseline_oct_mar,Baseline Oct-Mar,2024-06,0.14765758181818184,0.14766242545454544,0.18499999999999991,5.76923076923077
nhsn,2024-2025,District of Columbia,baseline_oct_mar,Baseline Oct-Mar,2024-07,0.1481621272727273,0.1480500205278593,0.18499999999999997,5.961538461538462
nhsn,2024-2025,District of Columbia,baseline_oct_mar,Baseline Oct-Mar,2024-08,0.14755667272727274,0.14755667272727271,0.18499999999999997,5.961538461538462
nhsn,2024-2025,District of Columbia,baseline_oct_mar,Baseline Oct-Mar,2024-09,0.1473952181818182,0.1474199543636364,0.18499999999999991,5.76923076923077
nhsn,2024-2025,District of Columbia,baseline_oct_mar,Baseline Oct-Mar,2024-10,0.14775849090909088,0.14775955166545454,0.185,5.961538461538463
nhsn,2024-2025,District of Columbia,baseline_oct_mar,Baseline Oct-Mar,2024-11,0.14836394545454545,0.14837519247112008,0.18499999999999997,5.76923076923077
nhsn,2024-2025,District of Columbia,baseline_oct_mar,Baseline Oct-Mar,2024-12,0.1489895818181818,0.15006756064663218,0.185,5.961538461538463
nhsn,2024-2025,District of Columbia,baseline_oct_mar,Baseline Oct-Mar,2025-01,0.15780432234432237,0.14857594058208,0.185,5.961538461538463
nhsn,2024-2025,District of Columbia,baseline_oct_mar,Baseline Oct-Mar,2025-02,0.06764777272727272,0.08008167544457002,0.185,3.8827838827838828
nhsn,2024-2025,District of Columbia,baseline_oct_mar,Baseline Oct-Mar,2025-03,0.1193593550893551,0.09387103961833825,0.12500891612903228,0.46336996336996333
nhsn,2024-2025,District of Columbia,baseline_oct_mar,Baseline Oct-Mar,2025-04,0.0,0.0,0.0,0.2948717948717948
nhsn,2024-2025,District of Columbia,baseline_oct_mar,Baseline Oct-Mar,2025-05,,,0.0,0.0
nhsn,2024-2025,District of Columbia,baseline_oct_mar,Baseline Oct-Mar,2025-06,,,0.0,0.0
nhsn,2024-2025,District of Columbia,early_sep_mar,Early Sep-Mar,2024-01,,,0.0,0.0
nhsn,2024-2025,District of Columbia,early_sep_mar,Early Sep-Mar,2024-02,0.0,0.04121292460790559,0.034001724137931025,1.5018315018315018
nhsn,2024-2025,District of Columbia,early_sep_mar,Early Sep-Mar,2024-03,0.14713554545454546,0.14434108122963085,0.1814790322580645,5.498168498168496
nhsn,2024-2025,District of Columbia,early_sep_mar,Early Sep-Mar,2024-04,0.14764009090909092,0.1465681236154877,0.18499999999999991,5.474358974358974
nhsn,2024-2025,District of Columbia,early_sep_mar,Early Sep-Mar,2024-05,0.1373265090909091,0.14090477735483872,0.18499999999999997,5.961538461538462
nhsn,2024-2025,District of Columbia,early_sep_mar,Early Sep-Mar,2024-06,0.14755667272727274,0.14571913006666665,0.18499999999999991,5.76923076923077
nhsn,2024-2025,District of Columbia,early_sep_mar,Early Sep-Mar,2024-07,0.13723232727272727,0.13912826803519063,0.18499999999999997,5.961538461538462
nhsn,2024-2025,District of Columbia,early_sep_mar,Early Sep-Mar,2024-08,0.13708163636363638,0.13749219715249267,0.18499999999999997,5.961538461538462
nhsn,2024-2025,District of Columbia,early_sep_mar,Early Sep-Mar,2024-09,0.14157343636363634,0.1421790154693667,0.18499999999999997,5.76923076923077
nhsn,2024-2025,District of Columbia,early_sep_mar,Early Sep-Mar,2024-10,0.14775849090909088,0.14775955166545454,0.185,5.961538461538463
nhsn,2024-2025,District of Columbia,early_sep_mar,Early Sep-Mar,2024-11,0.14836394545454545,0.14837519247112008,0.18499999999999997,5.76923076923077
nhsn,2024-2025,District of Columbia,early_sep_mar,Early Sep-Mar,2024-12,0.1489895818181818,0.15006756064663218,0.185,5.961538461538463
nhsn,2024-2025,District of Columbia,early_sep_mar,Early Sep-Mar,2025-01,0.15780432234432237,0.14857594058208,0.185,5.961538461538463
nhsn,2024-2025,District of Columbia,early_sep_mar,Early Sep-Mar,2025-02,0.06764777272727272,0.08008167544457002,0.185,3.8827838827838828
nhsn,2024-2025,District of Columbia,early_sep_mar,Early Sep-Mar,2025-03,0.1193593550893551,0.09387103961833825,0.12500891612903228,0.46336996336996333
nhsn,2024-2025,District of Columbia,early_sep_mar,Early Sep-Mar,2025-04,0.0,0.0,0.0,0.2948717948717948
nhsn,2024-2025,District of Columbia,early_sep_mar,Early Sep-Mar,2025-05,,,0.0,0.0
nhsn,2024-2025,District of Columbia,early_sep_mar,Early Sep-Mar,2025-06,,,0.0,0.0
nhsn,2024-2025,District of Columbia,extended_sep_apr,Extended Sep-Apr,2024-01,,,0.0,0.0
nhsn,2024-2025,District of Columbia,extended_sep_apr,Extended Sep-Apr,2024-02,0.0,0.04121292460790559,0.034001724137931025,1.5018315018315018
nhsn,2024-2025,District of Columbia,extended_sep_apr,Extended Sep-Apr,2024-03,0.14713554545454546,0.14434108122963085,0.1814790322580645,5.498168498168496
nhsn,2024-2025,District of Columbia,extended_sep_apr,Extended Sep-Apr,2024-04,0.14764009090909092,0.1465681236154877,0.18499999999999991,5.474358974358974
nhsn,2024-2025,District of Columbia,extended_sep_apr,Extended Sep-Apr,2024-05,0.1373265090909091,0.14090477735483872,0.18499999999999997,5.961538461538462
nhsn,2024-2025,District of Columbia,extended_sep_apr,Extended Sep-Apr,2024-06,0.14755667272727274,0.14571913006666665,0.18499999999999991,5.76923076923077
nhsn,2024-2025,District of Columbia,extended_sep_apr,Extended Sep-Apr,2024-07,0.13723232727272727,0.13912826803519063,0.18499999999999997,5.961538461538462
nhsn,2024-2025,District of Columbia,extended_sep_apr,Extended Sep-Apr,2024-08,0.13708163636363638,0.13749219715249267,0.18499999999999997,5.961538461538462
nhsn,2024-2025,District of Columbia,extended_sep_apr,Extended Sep-Apr,2024-09,0.14157343636363634,0.1421790154693667,0.18499999999999997,5.76923076923077
nhsn,2024-2025,District of Columbia,extended_sep_apr,Extended Sep-Apr,2024-10,0.14775849090909088,0.14775955166545454,0.185,5.961538461538463
nhsn,2024-2025,District of Columbia,extended_sep_apr,Extended Sep-Apr,2024-11,0.14836394545454545,0.14837519247112008,0.18499999999999997,5.76923076923077
nhsn,2024-2025,District of Columbia,extended_sep_apr,Extended Sep-Apr,2024-12,0.1489895818181818,0.15006756064663218,0.185,5.961538461538463
nhsn,2024-2025,District of Columbia,extended_sep_apr,Extended Sep-Apr,2025-01,0.15780432234432237,0.14857594058208,0.185,5.961538461538463
nhsn,2024-2025,District of Columbia,extended_sep_apr,Extended Sep-Apr,2025-02,0.06764777272727272,0.08008167544457002,0.185,3.8827838827838828
nhsn,2024-2025,District of Columbia,extended_sep_apr,Extended Sep-Apr,2025-03,0.15602615384615387,0.1401383375450424,0.185,0.46336996336996333
nhsn,2024-2025,District of Columbia,extended_sep_apr,Extended Sep-Apr,2025-04,0.04122857142857143,0.07136994072709216,0.12300921333333335,0.2948717948717948
nhsn,2024-2025,District of Columbia,extended_sep_apr,Extended Sep-Apr,2025-05,,,0.0,0.0
nhsn,2024-2025,District of Columbia,extended_sep_apr,Extended Sep-Apr,2025-06,,,0.0,0.0
nhsn,2024-2025,District of Columbia,late_oct_apr,Late Oct-Apr,2024-01,,,0.0,0.0
nhsn,2024-2025,District of Columbia,late_oct_apr,Late Oct-Apr,2024-02,0.0,0.0,0.0,1.5018315018315018
nhsn,2024-2025,District of Columbia,late_oct_apr,Late Oct-Apr,2024-03,0.0,0.027305466158357775,0.03425483870967742,5.498168498168496
nhsn,2024-2025,District of Columbia,late_oct_apr,Late Oct-Apr,2024-04,0.1477371654545455,0.14772634580547053,0.18499999999999991,5.474358974358974
nhsn,2024-2025,District of Columbia,late_oct_apr,Late Oct-Apr,2024-05,0.1481621272727273,0.1480500205278593,0.18499999999999997,5.961538461538462
nhsn,2024-2025,District of Columbia,late_oct_apr,Late Oct-Apr,2024-06,0.14765758181818184,0.14766242545454544,0.18499999999999991,5.76923076923077
nhsn,2024-2025,District of Columbia,late_oct_apr,Late Oct-Apr,2024-07,0.1481621272727273,0.1480500205278593,0.18499999999999997,5.961538461538462
nhsn,2024-2025,District of Columbia,late_oct_apr,Late Oct-Apr,2024-08,0.14755667272727274,0.14755667272727271,0.18499999999999997,5.961538461538462
nhsn,2024-2025,District of Columbia,late_oct_apr,Late Oct-Apr,2024-09,0.1473952181818182,0.1474199543636364,0.18499999999999991,5.76923076923077
nhsn,2024-2025,District of Columbia,late_oct_apr,Late Oct-Apr,2024-10,0.14775849090909088,0.14775955166545454,0.185,5.961538461538463
nhsn,2024-2025,District of Columbia,late_oct_apr,Late Oct-Apr,2024-11,0.14836394545454545,0.14837519247112008,0.18499999999999997,5.76923076923077
nhsn,2024-2025,District of Columbia,late_oct_apr,Late Oct-Apr,2024-12,0.1489895818181818,0.15006756064663218,0.185,5.961538461538463
nhsn,2024-2025,District of Columbia,late_oct_apr,Late Oct-Apr,2025-01,0.15780432234432237,0.14857594058208,0.185,5.961538461538463
nhsn,2024-2025,District of Columbia,late_oct_apr,Late Oct-Apr,2025-02,0.06764777272727272,0.08008167544457002,0.185,3.8827838827838828
nhsn,2024-2025,District of Columbia,late_oct_apr,Late Oct-Apr,2025-03,0.15602615384615387,0.1401383375450424,0.185,0.46336996336996333
nhsn,2024-2025,District of Columbia,late_oct_apr,Late Oct-Apr,2025-04,0.04122857142857143,0.07136994072709216,0.12300921333333335,0.2948717948717948
nhsn,2024-2025,District of Columbia,late_oct_apr,Late Oct-Apr,2025-05,,,0.0,0.0
nhsn,2024-2025,District of Columbia,late_oct_apr,Late Oct-Apr,2025-06,,,0.0,0.0
nhsn,2024-2025,Florida,baseline_oct_mar,Baseline Oct-Mar,2024-01,0.0,0.0,0.0,862.3461538461538
nhsn,2024-2025,Florida,baseline_oct_mar,Baseline Oct-Mar,2024-02,0.0,0.0,0.0,984.3992673992673
nhsn,2024-2025,Florida,baseline_oct_mar,Baseline Oct-Mar,2024-03,0.0,0.02778012080552707,0.03425483870967742,1171.2655677655675
nhsn,2024-2025,Florida,baseline_oct_mar,Baseline Oct-Mar,2024-04,0.14942244038482816,0.1468402974114595,0.18499999999999991,1212.8315018315018
nhsn,2024-2025,Florida,baseline_oct_mar,Baseline Oct-Mar,2024-05,0.12529182203869232,0.1264584117245367,0.18499999999999997,1311.142857142857
nhsn,2024-2025,Florida,baseline_oct_mar,Baseline Oct-Mar,2024-06,0.14291281577550774,0.1415857692123592,0.18499999999999991,1321.6410256410259
nhsn,2024-2025,Florida,baseline_oct_mar,Baseline Oct-Mar,2024-07,0.12392526752238875,0.1244702293644239,0.18499999999999997,1386.6538461538462
nhsn,2024-2025,Florida,baseline_oct_mar,Baseline Oct-Mar,2024-08,0.14059566490001832,0.140595553354411,0.18499999999999997,1386.6538461538462
nhsn,2024-2025,Florida,baseline_oct_mar,Baseline Oct-Mar,2024-09,0.13985114686001876,0.13975002166488532,0.18499999999999991,1341.9230769230771
nhsn,2024-2025,Florida,baseline_oct_mar,Baseline Oct-Mar,2024-10,0.14061039902237366,0.13835818030069338,0.185,1372.4120879120878
nhsn,2024-2025,Florida,baseline_oct_mar,Baseline Oct-Mar,2024-11,0.13564074278693272,0.13088143762941987,0.18499999999999997,1131.0750915750916
nhsn,2024-2025,Florida,baseline_oct_mar,Baseline Oct-Mar,2024-12,0.1307867749736357,0.12728161277314948,0.185,794.5622710622711
nhsn,2024-2025,Florida,baseline_oct_mar,Baseline Oct-Mar,2025-01,0.1338115065429893,0.13022110746751656,0.185,492.47985347985343
nhsn,2024-2025,Florida,baseline_oct_mar,Baseline Oct-Mar,2025-02,0.13455537077499466,0.12969370332513713,0.185,299.8901098901099
nhsn,2024-2025,Florida,baseline_oct_mar,Baseline Oct-Mar,2025-03,0.12840771263924633,0.09169270589722493,0.12500891612903228,215.3882783882784
nhsn,2024-2025,Florida,baseline_oct_mar,Baseline Oct-Mar,2025-04,0.0,0.0,0.0,129.09157509157507
nhsn,2024-2025,Florida,baseline_oct_mar,Baseline Oct-Mar,2025-05,0.0,0.0,0.0,75.51098901098902
nhsn,2024-2025,Florida,baseline_oct_mar,Baseline Oct-Mar,2025-06,0.0,0.0,0.0,20.282051282051285
nhsn,2024-2025,Florida,early_sep_mar,Early Sep-Mar,2024-01,0.0,0.0,0.0,862.3461538461538
nhsn,2024-2025,Florida,early_sep_mar,Early Sep-Mar,2024-02,0.0,0.027258076650461937,0.034001724137931025,984.3992673992673
nhsn,2024-2025,Florida,early_sep_mar,Early Sep-Mar,2024-03,0.1487720311096385,0.1461134941327809,0.1814790322580645,1171.2655677655675
nhsn,2024-2025,Florida,early_sep_mar,Early Sep-Mar,2024-04,0.14942244038482816,0.1481538788536232,0.18499999999999991,1212.8315018315018
nhsn,2024-2025,Florida,early_sep_mar,Early Sep-Mar,2024-05,0.14227476337804942,0.14299461551534665,0.18499999999999997,1311.142857142857
nhsn,2024-2025,Florida,early_sep_mar,Early Sep-Mar,2024-06,0.14291281577550774,0.14134795117119128,0.18499999999999991,1321.6410256410259
nhsn,2024-2025,Florida,early_sep_mar,Early Sep-Mar,2024-07,0.13381594565967136,0.13391016583849613,0.18499999999999997,1386.6538461538462
nhsn,2024-2025,Florida,early_sep_mar,Early Sep-Mar,2024-08,0.1317683080937406,0.13217665075181304,0.18499999999999997,1386.6538461538462
nhsn,2024-2025,Florida,early_sep_mar,Early Sep-Mar,2024-09,0.1362767870830803,0.13626762834527617,0.18499999999999997,1341.9230769230767
nhsn,2024-2025,Florida,early_sep_mar,Early Sep-Mar,2024-10,0.14061039902237366,0.13835818030069338,0.185,1372.4120879120878
nhsn,2024-2025,Florida,early_sep_mar,Early Sep-Mar,2024-11,0.13564074278693272,0.13088143762941987,0.18499999999999997,1131.0750915750916
nhsn,2024-2025,Florida,early_sep_mar,Early Sep-Mar,2024-12,0.1307867749736357,0.12728161277314948,0.185,794.5622710622711
nhsn,2024-2025,Florida,early_sep_mar,Early Sep-Mar,2025-01,0.1338115065429893,0.13022110746751656,0.185,492.47985347985343
nhsn,2024-2025,Florida,early_sep_mar,Early Sep-Mar,2025-02,0.13455537077499466,0.12969370332513713,0.185,299.8901098901099
nhsn,2024-2025,Florida,early_sep_mar,Early Sep-Mar,2025-03,0.12840771263924633,0.09169270589722493,0.12500891612903228,215.3882783882784
nhsn,2024-2025,Florida,early_sep_mar,Early Sep-Mar,2025-04,0.0,0.0,0.0,129.09157509157507
nhsn,2024-2025,Florida,early_sep_mar,Early Sep-Mar,2025-05,0.0,0.0,0.0,75.51098901098902
nhsn,2024-2025,Florida,early_sep_mar,Early Sep-Mar,2025-06,0.0,0.0,0.0,20.282051282051285
nhsn,2024-2025,Florida,extended_sep_apr,Extended Sep-Apr,2024-01,0.0,0.0,0.0,862.3461538461538
nhsn,2024-2025,Florida,extended_sep_apr,Extended Sep-Apr,2024-02,0.0,0.027258076650461937,0.034001724137931025,984.3992673992673
nhsn,2024-2025,Florida,extended_sep_apr,Extended Sep-Apr,2024-03,0.1487720311096385,0.1461134941327809,0.1814790322580645,1171.2655677655675
nhsn,2024-2025,Florida,extended_sep_apr,Extended Sep-Apr,2024-04,0.14942244038482816,0.1481538788536232,0.18499999999999991,1212.8315018315018
nhsn,2024-2025,Florida,extended_sep_apr,Extended Sep-Apr,2024-05,0.14227476337804942,0.14299461551534665,0.18499999999999997,1311.142857142857
nhsn,2024-2025,Florida,extended_sep_apr,Extended Sep-Apr,2024-06,0.14291281577550774,0.14134795117119128,0.18499999999999991,1321.6410256410259
nhsn,2024-2025,Florida,extended_sep_apr,Extended Sep-Apr,2024-07,0.13381594565967136,0.13391016583849613,0.18499999999999997,1386.6538461538462
nhsn,2024-2025,Florida,extended_sep_apr,Extended Sep-Apr,2024-08,0.1317683080937406,0.13217665075181304,0.18499999999999997,1386.6538461538462
nhsn,2024-2025,Florida,extended_sep_apr,Extended Sep-Apr,2024-09,0.1362767870830803,0.13626762834527617,0.18499999999999997,1341.9230769230767
nhsn,2024-2025,Florida,extended_sep_apr,Extended Sep-Apr,2024-10,0.14061039902237366,0.13835818030069338,0.185,1372.4120879120878
nhsn,2024-2025,Florida,extended_sep_apr,Extended Sep-Apr,2024-11,0.13564074278693272,0.13088143762941987,0.18499999999999997,1131.0750915750916
nhsn,2024-2025,Florida,extended_sep_apr,Extended Sep-Apr,2024-12,0.1307867749736357,0.12728161277314948,0.185,794.5622710622711
nhsn,2024-2025,Florida,extended_sep_apr,Extended Sep-Apr,2025-01,0.1338115065429893,0.13022110746751656,0.185,492.47985347985343
nhsn,2024-2025,Florida,extended_sep_apr,Extended Sep-Apr,2025-02,0.13455537077499466,0.12969370332513713,0.185,299.8901098901099
nhsn,2024-2025,Florida,extended_sep_apr,Extended Sep-Apr,2025-03,0.13065029816827833,0.12747716299804807,0.185,215.3882783882784
nhsn,2024-2025,Florida,extended_sep_apr,Extended Sep-Apr,2025-04,0.13265358376479972,0.0919350006306003,0.12300921333333335,129.0915750915751
nhsn,2024-2025,Florida,extended_sep_apr,Extended Sep-Apr,2025-05,0.0,0.0,0.0,75.51098901098902
nhsn,2024-2025,Florida,extended_sep_apr,Extended Sep-Apr,2025-06,0.0,0.0,0.0,20.282051282051285
nhsn,2024-2025,Florida,late_oct_apr,Late Oct-Apr,2024-01,0.0,0.0,0.0,862.3461538461538
nhsn,2024-2025,Florida,late_oct_apr,Late Oct-Apr,2024-02,0.0,0.0,0.0,984.3992673992673
nhsn,2024-2025,Florida,late_oct_apr,Late Oct-Apr,2024-03,0.0,0.02778012080552707,0.03425483870967742,1171.2655677655675
nhsn,2024-2025,Florida,late_oct_apr,Late Oct-Apr,2024-04,0.14942244038482816,0.1468402974114595,0.18499999999999991,1212.8315018315018
nhsn,2024-2025,Florida,late_oct_apr,Late Oct-Apr,2024-05,0.12529182203869232,0.1264584117245367,0.18499999999999997,1311.142857142857
nhsn,2024-2025,Florida,late_oct_apr,Late Oct-Apr,2024-06,0.14291281577550774,0.1415857692123592,0.18499999999999991,1321.6410256410259
nhsn,2024-2025,Florida,late_oct_apr,Late Oct-Apr,2024-07,0.12392526752238875,0.1244702293644239,0.18499999999999997,1386.6538461538462
nhsn,2024-2025,Florida,late_oct_apr,Late Oct-Apr,2024-08,0.14059566490001832,0.140595553354411,0.18499999999999997,1386.6538461538462
nhsn,2024-2025,Florida,late_oct_apr,Late Oct-Apr,2024-09,0.13985114686001876,0.13975002166488532,0.18499999999999991,1341.9230769230771
nhsn,2024-2025,Florida,late_oct_apr,Late Oct-Apr,2024-10,0.14061039902237366,0.13835818030069338,0.185,1372.4120879120878
nhsn,2024-2025,Florida,late_oct_apr,Late Oct-Apr,2024-11,0.13564074278693272,0.13088143762941987,0.18499999999999997,1131.0750915750916
nhsn,2024-2025,Florida,late_oct_apr,Late Oct-Apr,2024-12,0.1307867749736357,0.12728161277314948,0.185,794.5622710622711
nhsn,2024-2025,Florida,late_oct_apr,Late Oct-Apr,2025-01,0.1338115065429893,0.13022110746751656,0.185,492.47985347985343
nhsn,2024-2025,Florida,late_oct_apr,Late Oct-Apr,2025-02,0.13455537077499466,0.12969370332513713,0.185,299.8901098901099
nhsn,2024-2025,Florida,late_oct_apr,Late Oct-Apr,2025-03,0.13065029816827833,0.12747716299804807,0.185,215.3882783882784
nhsn,2024-2025,Florida,late_oct_apr,Late Oct-Apr,2025-04,0.13265358376479972,0.0919350006306003,0.12300921333333335,129.0915750915751
nhsn,2024-2025,Florida,late_oct_apr,Late Oct-Apr,2025-05,0.0,0.0,0.0,75.51098901098902
nhsn,2024-2025,Florida,late_oct_apr,Late Oct-Apr,2025-06,0.0,0.0,0.0,20.282051282051285
nhsn,2024-2025,Georgia,baseline_oct_mar,Baseline Oct-Mar,2024-01,0.0,0.0,0.0,651.5970695970695
nhsn,2024-2025,Georgia,baseline_oct_mar,Baseline Oct-Mar,2024-02,0.0,0.0,0.0,686.9395604395606
nhsn,2024-2025,Georgia,baseline_oct_mar,Baseline Oct-Mar,2024-03,0.0,0.02779923612430016,0.03425483870967742,764.9102564102562
nhsn,2024-2025,Georgia,baseline_oct_mar,Baseline Oct-Mar,2024-04,0.151435369710862,0.15041211605502006,0.18499999999999991,758.7454212454213
nhsn,2024-2025,Georgia,baseline_oct_mar,Baseline Oct-Mar,2024-05,0.12999675352455833,0.12861375298048017,0.18499999999999997,795.8095238095239
nhsn,2024-2025,Georgia,baseline_oct_mar,Baseline Oct-Mar,2024-06,0.15001645319859466,0.14904090752348895,0.18499999999999991,777.7564102564103
nhsn,2024-2025,Georgia,baseline_oct_mar,Baseline Oct-Mar,2024-07,0.12960581277490985,0.12806729302006958,0.18499999999999997,806.794871794872
nhsn,2024-2025,Georgia,baseline_oct_mar,Baseline Oct-Mar,2024-08,0.14903584808738057,0.14918909378255624,0.18499999999999997,806.794871794872
nhsn,2024-2025,Georgia,baseline_oct_mar,Baseline Oct-Mar,2024-09,0.1475298380722726,0.14776806128586173,0.18499999999999991,780.769230769231
nhsn,2024-2025,Georgia,baseline_oct_mar,Baseline Oct-Mar,2024-10,0.14903584808738057,0.14584718596448015,0.185,804.96336996337
nhsn,2024-2025,Georgia,baseline_oct_mar,Baseline Oct-Mar,2024-11,0.12841122327752805,0.1235252982735465,0.18499999999999997,663.9981684981685
nhsn,2024-2025,Georgia,baseline_oct_mar,Baseline Oct-Mar,2024-12,0.11074135297388818,0.10913259985946429,0.185,354.4505494505495
nhsn,2024-2025,Georgia,baseline_oct_mar,Baseline Oct-Mar,2025-01,0.12088699404185764,0.11993660074791791,0.185,132.16300366300365
nhsn,2024-2025,Georgia,baseline_oct_mar,Baseline Oct-Mar,2025-02,0.12905288913642468,0.12429294001342216,0.185,64.81318681318682
nhsn,2024-2025,Georgia,baseline_oct_mar,Baseline Oct-Mar,2025-03,0.12897213467539329,0.09143446734765874,0.12500891612903228,41.88461538461539
nhsn,2024-2025,Georgia,baseline_oct_mar,Baseline Oct-Mar,2025-04,0.0,0.0,0.0,22.023809523809526
nhsn,2024-2025,Georgia,baseline_oct_mar,Baseline Oct-Mar,2025-05,0.0,0.0,0.0,10.985347985347987
nhsn,2024-2025,Georgia,baseline_oct_mar,Baseline Oct-Mar,2025-06,0.0,0.0,0.0,3.0128205128205128
nhsn,2024-2025,Georgia,early_sep_mar,Early Sep-Mar,2024-01,0.0,0.0,0.0,651.5970695970695
nhsn,2024-2025,Georgia,early_sep_mar,Early Sep-Mar,2024-02,0.0,0.027258012286575095,0.034001724137931025,686.9395604395606
nhsn,2024-2025,Georgia,early_sep_mar,Early Sep-Mar,2024-03,0.14860977677475606,0.14604105802590128,0.1814790322580645,764.9102564102562
nhsn,2024-2025,Georgia,early_sep_mar,Early Sep-Mar,2024-04,0.15126108468499094,0.15080030874977246,0.18499999999999991,758.7454212454213
nhsn,2024-2025,Georgia,early_sep_mar,Early Sep-Mar,2024-05,0.14681183460944822,0.1469940575570648,0.18499999999999997,795.8095238095239
nhsn,2024-2025,Georgia,early_sep_mar,Early Sep-Mar,2024-06,0.1497736409841659,0.1489741073914923,0.18499999999999991,777.7564102564103
nhsn,2024-2025,Georgia,early_sep_mar,Early Sep-Mar,2024-07,0.14434778377484586,0.14426408597009063,0.18499999999999997,806.794871794872
nhsn,2024-2025,Georgia,early_sep_mar,Early Sep-Mar,2024-08,0.14320772242880273,0.14341472432646635,0.18499999999999997,806.794871794872
nhsn,2024-2025,Georgia,early_sep_mar,Early Sep-Mar,2024-09,0.14510709237314412,0.14561816550141318,0.18499999999999997,780.7692307692307
nhsn,2024-2025,Georgia,early_sep_mar,Early Sep-Mar,2024-10,0.14903584808738057,0.14584718596448015,0.185,804.96336996337
nhsn,2024-2025,Georgia,early_sep_mar,Early Sep-Mar,2024-11,0.12841122327752805,0.1235252982735465,0.18499999999999997,663.9981684981685
nhsn,2024-2025,Georgia,early_sep_mar,Early Sep-Mar,2024-12,0.11074135297388818,0.10913259985946429,0.185,354.4505494505495
nhsn,2024-2025,Georgia,early_sep_mar,Early Sep-Mar,2025-01,0.12088699404185764,0.11993660074791791,0.185,132.16300366300365
nhsn,2024-2025,Georgia,early_sep_mar,Early Sep-Mar,2025-02,0.12905288913642468,0.12429294001342216,0.185,64.81318681318682
nhsn,2024-2025,Georgia,early_sep_mar,Early Sep-Mar,2025-03,0.12897213467539329,0.09143446734765874,0.12500891612903228,41.88461538461539
nhsn,2024-2025,Georgia,early_sep_mar,Early Sep-Mar,2025-04,0.0,0.0,0.0,22.023809523809526
nhsn,2024-2025,Georgia,early_sep_mar,Early Sep-Mar,2025-05,0.0,0.0,0.0,10.985347985347987
nhsn,2024-2025,Georgia,early_sep_mar,Early Sep-Mar,2025-06,0.0,0.0,0.0,3.0128205128205128
nhsn,2024-2025,Georgia,extended_sep_apr,Extended Sep-Apr,2024-01,0.0,0.0,0.0,651.5970695970695
nhsn,2024-2025,Georgia,extended_sep_apr,Extended Sep-Apr,2024-02,0.0,0.027258012286575095,0.034001724137931025,686.9395604395606
nhsn,2024-2025,Georgia,extended_sep_apr,Extended Sep-Apr,2024-03,0.14860977677475606,0.14604105802590128,0.1814790322580645,764.9102564102562
nhsn,2024-2025,Georgia,extended_sep_apr,Extended Sep-Apr,2024-04,0.15126108468499094,0.15080030874977246,0.18499999999999991,758.7454212454213
nhsn,2024-2025,Georgia,extended_sep_apr,Extended Sep-Apr,2024-05,0.14681183460944822,0.1469940575570648,0.18499999999999997,795.8095238095239
nhsn,2024-2025,Georgia,extended_sep_apr,Extended Sep-Apr,2024-06,0.1497736409841659,0.1489741073914923,0.18499999999999991,777.7564102564103
nhsn,2024-2025,Georgia,extended_sep_apr,Extended Sep-Apr,2024-07,0.14434778377484586,0.14426408597009063,0.18499999999999997,806.794871794872
nhsn,2024-2025,Georgia,extended_sep_apr,Extended Sep-Apr,2024-08,0.14320772242880273,0.14341472432646635,0.18499999999999997,806.794871794872
nhsn,2024-2025,Georgia,extended_sep_apr,Extended Sep-Apr,2024-09,0.14510709237314412,0.14561816550141318,0.18499999999999997,780.7692307692307
nhsn,2024-2025,Georgia,extended_sep_apr,Extended Sep-Apr,2024-10,0.14903584808738057,0.14584718596448015,0.185,804.96336996337
nhsn,2024-2025,Georgia,extended_sep_apr,Extended Sep-Apr,2024-11,0.12841122327752805,0.1235252982735465,0.18499999999999997,663.9981684981685
nhsn,2024-2025,Georgia,extended_sep_apr,Extended Sep-Apr,2024-12,0.11074135297388818,0.10913259985946429,0.185,354.4505494505495
nhsn,2024-2025,Georgia,extended_sep_apr,Extended Sep-Apr,2025-01,0.12088699404185764,0.11993660074791791,0.185,132.16300366300365
nhsn,2024-2025,Georgia,extended_sep_apr,Extended Sep-Apr,2025-02,0.12905288913642468,0.12429294001342216,0.185,64.81318681318682
nhsn,2024-2025,Georgia,extended_sep_apr,Extended Sep-Apr,2025-03,0.12897213467539329,0.12326867839142662,0.185,41.88461538461539
nhsn,2024-2025,Georgia,extended_sep_apr,Extended Sep-Apr,2025-04,0.1184929944337272,0.08885446396530423,0.12300921333333335,22.023809523809522
nhsn,2024-2025,Georgia,extended_sep_apr,Extended Sep-Apr,2025-05,0.0,0.0,0.0,10.985347985347987
nhsn,2024-2025,Georgia,extended_sep_apr,Extended Sep-Apr,2025-06,0.0,0.0,0.0,3.0128205128205128
nhsn,2024-2025,Georgia,late_oct_apr,Late Oct-Apr,2024-01,0.0,0.0,0.0,651.5970695970695
nhsn,2024-2025,Georgia,late_oct_apr,Late Oct-Apr,2024-02,0.0,0.0,0.0,686.9395604395606
nhsn,2024-2025,Georgia,late_oct_apr,Late Oct-Apr,2024-03,0.0,0.02779923612430016,0.03425483870967742,764.9102564102562
nhsn,2024-2025,Georgia,late_oct_apr,Late Oct-Apr,2024-04,0.151435369710862,0.15041211605502006,0.18499999999999991,758.7454212454213
nhsn,2024-2025,Georgia,late_oct_apr,Late Oct-Apr,2024-05,0.12999675352455833,0.12861375298048017,0.18499999999999997,795.8095238095239
nhsn,2024-2025,Georgia,late_oct_apr,Late Oct-Apr,2024-06,0.15001645319859466,0.14904090752348895,0.18499999999999991,777.7564102564103
nhsn,2024-2025,Georgia,late_oct_apr,Late Oct-Apr,2024-07,0.12960581277490985,0.12806729302006958,0.18499999999999997,806.794871794872
nhsn,2024-2025,Georgia,late_oct_apr,Late Oct-Apr,2024-08,0.14903584808738057,0.14918909378255624,0.18499999999999997,806.794871794872
nhsn,2024-2025,Georgia,late_oct_apr,Late Oct-Apr,2024-09,0.1475298380722726,0.14776806128586173,0.18499999999999991,780.769230769231
nhsn,2024-2025,Georgia,late_oct_apr,Late Oct-Apr,2024-10,0.14903584808738057,0.14584718596448015,0.185,804.96336996337
nhsn,2024-2025,Georgia,late_oct_apr,Late Oct-Apr,2024-11,0.12841122327752805,0.1235252982735465,0.18499999999999997,663.9981684981685
nhsn,2024-2025,Georgia,late_oct_apr,Late Oct-Apr,2024-12,0.11074135297388818,0.10913259985946429,0.185,354.4505494505495
nhsn,2024-2025,Georgia,late_oct_apr,Late Oct-Apr,2025-01,0.12088699404185764,0.11993660074791791,0.185,132.16300366300365
nhsn,2024-2025,Georgia,late_oct_apr,Late Oct-Apr,2025-02,0.12905288913642468,0.12429294001342216,0.185,64.81318681318682
nhsn,2024-2025,Georgia,late_oct_apr,Late Oct-Apr,2025-03,0.12897213467539329,0.12326867839142662,0.185,41.88461538461539
nhsn,2024-2025,Georgia,late_oct_apr,Late Oct-Apr,2025-04,0.1184929944337272,0.08885446396530423,0.12300921333333335,22.023809523809522
nhsn,2024-2025,Georgia,late_oct_apr,Late Oct-Apr,2025-05,0.0,0.0,0.0,10.985347985347987
nhsn,2024-2025,Georgia,late_oct_apr,Late Oct-Apr,2025-06,0.0,0.0,0.0,3.0128205128205128
nhsn,2024-2025,Hawaii,baseline_oct_mar,Baseline Oct-Mar,2024-01,0.0,0.0,0.0,66.35347985347985
nhsn,2024-2025,Hawaii,baseline_oct_mar,Baseline Oct-Mar,2024-02,0.0,0.0,0.0,77.03479853479854
nhsn,2024-2025,Hawaii,baseline_oct_mar,Baseline Oct-Mar,2024-03,0.0,0.02789021968663634,0.03425483870967742,92.45970695970695
nhsn,2024-2025,Hawaii,baseline_oct_mar,Baseline Oct-Mar,2024-04,0.14454958687719816,0.14305438072646823,0.18499999999999991,94.73809523809524
nhsn,2024-2025,Hawaii,baseline_oct_mar,Baseline Oct-Mar,2024-05,0.11912553267142151,0.12237840473761302,0.18499999999999997,102.14285714285714
nhsn,2024-2025,Hawaii,baseline_oct_mar,Baseline Oct-Mar,2024-06,0.14151219377226548,0.13916002184391607,0.18499999999999991,102.2051282051282
nhsn,2024-2025,Hawaii,baseline_oct_mar,Baseline Oct-Mar,2024-07,0.11842030260074499,0.1210668367903939,0.18499999999999997,106.91025641025644
nhsn,2024-2025,Hawaii,baseline_oct_mar,Baseline Oct-Mar,2024-08,0.14037990668810746,0.1394577461089097,0.18499999999999997,106.91025641025644
nhsn,2024-2025,Hawaii,baseline_oct_mar,Baseline Oct-Mar,2024-09,0.14073674070167752,0.14057100138325243,0.18499999999999991,103.46153846153848
nhsn,2024-2025,Hawaii,baseline_oct_mar,Baseline Oct-Mar,2024-10,0.14055396700325698,0.1375146604280965,0.185,104.36813186813188
nhsn,2024-2025,Hawaii,baseline_oct_mar,Baseline Oct-Mar,2024-11,0.13529129831522582,0.13256960410927876,0.18499999999999997,83.74725274725276
nhsn,2024-2025,Hawaii,baseline_oct_mar,Baseline Oct-Mar,2024-12,0.13488837973443563,0.128434613079676,0.185,61.54945054945055
nhsn,2024-2025,Hawaii,baseline_oct_mar,Baseline Oct-Mar,2025-01,0.13176785663200435,0.12818364462395915,0.185,38.07142857142857
nhsn,2024-2025,Hawaii,baseline_oct_mar,Baseline Oct-Mar,2025-02,0.12531052284663127,0.12469083810119705,0.185,22.014652014652015
nhsn,2024-2025,Hawaii,baseline_oct_mar,Baseline Oct-Mar,2025-03,0.12863833616383616,0.09336453167974759,0.12500891612903228,14.45054945054945
nhsn,2024-2025,Hawaii,baseline_oct_mar,Baseline Oct-Mar,2025-04,0.0,0.0,0.0,8.723443223443224
nhsn,2024-2025,Hawaii,baseline_oct_mar,Baseline Oct-Mar,2025-05,0.0,0.0,0.0,4.767399267399268
nhsn,2024-2025,Hawaii,baseline_oct_mar,Baseline Oct-Mar,2025-06,0.0,0.0,0.0,1.2564102564102564
nhsn,2024-2025,Hawaii,early_sep_mar,Early Sep-Mar,2024-01,0.0,0.0,0.0,66.35347985347985
nhsn,2024-2025,Hawaii,early_sep_mar,Early Sep-Mar,2024-02,0.0,0.0272754669734871,0.034001724137931025,77.03479853479854
nhsn,2024-2025,Hawaii,early_sep_mar,Early Sep-Mar,2024-03,0.14918270111240448,0.14648384583988544,0.1814790322580645,92.45970695970695
nhsn,2024-2025,Hawaii,early_sep_mar,Early Sep-Mar,2024-04,0.14485345907175018,0.14534909634247004,0.18499999999999991,94.73809523809524
nhsn,2024-2025,Hawaii,early_sep_mar,Early Sep-Mar,2024-05,0.1428047566173575,0.14344037275677668,0.18499999999999997,102.14285714285714
nhsn,2024-2025,Hawaii,early_sep_mar,Early Sep-Mar,2024-06,0.14151219377226548,0.1399247261870937,0.18499999999999991,102.2051282051282
nhsn,2024-2025,Hawaii,early_sep_mar,Early Sep-Mar,2024-07,0.1358859197679644,0.13585088593934547,0.18499999999999997,106.91025641025644
nhsn,2024-2025,Hawaii,early_sep_mar,Early Sep-Mar,2024-08,0.13333699655734602,0.1341730513333902,0.18499999999999997,106.91025641025644
nhsn,2024-2025,Hawaii,early_sep_mar,Early Sep-Mar,2024-09,0.13836990964054532,0.13785857078821573,0.18499999999999997,103.46153846153847
nhsn,2024-2025,Hawaii,early_sep_mar,Early Sep-Mar,2024-10,0.14055396700325698,0.1375146604280965,0.185,104.36813186813188
nhsn,2024-2025,Hawaii,early_sep_mar,Early Sep-Mar,2024-11,0.13529129831522582,0.13256960410927876,0.18499999999999997,83.74725274725276
nhsn,2024-2025,Hawaii,early_sep_mar,Early Sep-Mar,2024-12,0.13488837973443563,0.128434613079676,0.185,61.54945054945055
nhsn,2024-2025,Hawaii,early_sep_mar,Early Sep-Mar,2025-01,0.13176785663200435,0.12818364462395915,0.185,38.07142857142857
nhsn,2024-2025,Hawaii,early_sep_mar,Early Sep-Mar,2025-02,0.12531052284663127,0.12469083810119705,0.185,22.014652014652015
nhsn,2024-2025,Hawaii,early_sep_mar,Early Sep-Mar,2025-03,0.12863833616383616,0.09336453167974759,0.12500891612903228,14.45054945054945
nhsn,2024-2025,Hawaii,early_sep_mar,Early Sep-Mar,2025-04,0.0,0.0,0.0,8.723443223443224
nhsn,2024-2025,Hawaii,early_sep_mar,Early Sep-Mar,2025-05,0.0,0.0,0.0,4.767399267399268
nhsn,2024-2025,Hawaii,early_sep_mar,Early Sep-Mar,2025-06,0.0,0.0,0.0,1.2564102564102564
nhsn,2024-2025,Hawaii,extended_sep_apr,Extended Sep-Apr,2024-01,0.0,0.0,0.0,66.35347985347985
nhsn,2024-2025,Hawaii,extended_sep_apr,Extended Sep-Apr,2024-02,0.0,0.0272754669734871,0.034001724137931025,77.03479853479854
nhsn,2024-2025,Hawaii,extended_sep_apr,Extended Sep-Apr,2024-03,0.14918270111240448,0.14648384583988544,0.1814790322580645,92.45970695970695
nhsn,2024-2025,Hawaii,extended_sep_apr,Extended Sep-Apr,2024-04,0.14485345907175018,0.14534909634247004,0.18499999999999991,94.73809523809524
nhsn,2024-2025,Hawaii,extended_sep_apr,Extended Sep-Apr,2024-05,0.1428047566173575,0.14344037275677668,0.18499999999999997,102.14285714285714
nhsn,2024-2025,Hawaii,extended_sep_apr,Extended Sep-Apr,2024-06,0.14151219377226548,0.1399247261870937,0.18499999999999991,102.2051282051282
nhsn,2024-2025,Hawaii,extended_sep_apr,Extended Sep-Apr,2024-07,0.1358859197679644,0.13585088593934547,0.18499999999999997,106.91025641025644
nhsn,2024-2025,Hawaii,extended_sep_apr,Extended Sep-Apr,2024-08,0.13333699655734602,0.1341730513333902,0.18499999999999997,106.91025641025644
nhsn,2024-2025,Hawaii,extended_sep_apr,Extended Sep-Apr,2024-09,0.13836990964054532,0.13785857078821573,0.18499999999999997,103.46153846153847
nhsn,2024-2025,Hawaii,extended_sep_apr,Extended Sep-Apr,2024-10,0.14055396700325698,0.1375146604280965,0.185,104.36813186813188
nhsn,2024-2025,Hawaii,extended_sep_apr,Extended Sep-Apr,2024-11,0.13529129831522582,0.13256960410927876,0.18499999999999997,83.74725274725276
nhsn,2024-2025,Hawaii,extended_sep_apr,Extended Sep-Apr,2024-12,0.13488837973443563,0.128434613079676,0.185,61.54945054945055
nhsn,2024-2025,Hawaii,extended_sep_apr,Extended Sep-Apr,2025-01,0.13176785663200435,0.12818364462395915,0.185,38.07142857142857
nhsn,2024-2025,Hawaii,extended_sep_apr,Extended Sep-Apr,2025-02,0.12531052284663127,0.12469083810119705,0.185,22.014652014652015
nhsn,2024-2025,Hawaii,extended_sep_apr,Extended Sep-Apr,2025-03,0.13158820877806407,0.12880188554652836,0.185,14.45054945054945
nhsn,2024-2025,Hawaii,extended_sep_apr,Extended Sep-Apr,2025-04,0.12876199960552268,0.09313967523101653,0.12300921333333335,8.723443223443223
nhsn,2024-2025,Hawaii,extended_sep_apr,Extended Sep-Apr,2025-05,0.0,0.0,0.0,4.767399267399268
nhsn,2024-2025,Hawaii,extended_sep_apr,Extended Sep-Apr,2025-06,0.0,0.0,0.0,1.2564102564102564
nhsn,2024-2025,Hawaii,late_oct_apr,Late Oct-Apr,2024-01,0.0,0.0,0.0,66.35347985347985
nhsn,2024-2025,Hawaii,late_oct_apr,Late Oct-Apr,2024-02,0.0,0.0,0.0,77.03479853479854
nhsn,2024-2025,Hawaii,late_oct_apr,Late Oct-Apr,2024-03,0.0,0.02789021968663634,0.03425483870967742,92.45970695970695
nhsn,2024-2025,Hawaii,late_oct_apr,Late Oct-Apr,2024-04,0.14454958687719816,0.14305438072646823,0.18499999999999991,94.73809523809524
nhsn,2024-2025,Hawaii,late_oct_apr,Late Oct-Apr,2024-05,0.11912553267142151,0.12237840473761302,0.18499999999999997,102.14285714285714
nhsn,2024-2025,Hawaii,late_oct_apr,Late Oct-Apr,2024-06,0.14151219377226548,0.13916002184391607,0.18499999999999991,102.2051282051282
nhsn,2024-2025,Hawaii,late_oct_apr,Late Oct-Apr,2024-07,0.11842030260074499,0.1210668367903939,0.18499999999999997,106.91025641025644
nhsn,2024-2025,Hawaii,late_oct_apr,Late Oct-Apr,2024-08,0.14037990668810746,0.1394577461089097,0.18499999999999997,106.91025641025644
nhsn,2024-2025,Hawaii,late_oct_apr,Late Oct-Apr,2024-09,0.14073674070167752,0.14057100138325243,0.18499999999999991,103.46153846153848
nhsn,2024-2025,Hawaii,late_oct_apr,Late Oct-Apr,2024-10,0.14055396700325698,0.1375146604280965,0.185,104.36813186813188
nhsn,2024-2025,Hawaii,late_oct_apr,Late Oct-Apr,2024-11,0.13529129831522582,0.13256960410927876,0.18499999999999997,83.74725274725276
nhsn,2024-2025,Hawaii,late_oct_apr,Late Oct-Apr,2024-12,0.13488837973443563,0.128434613079676,0.185,61.54945054945055
nhsn,2024-2025,Hawaii,late_oct_apr,Late Oct-Apr,2025-01,0.13176785663200435,0.12818364462395915,0.185,38.07142857142857
nhsn,2024-2025,Hawaii,late_oct_apr,Late Oct-Apr,2025-02,0.12531052284663127,0.12469083810119705,0.185,22.014652014652015
nhsn,2024-2025,Hawaii,late_oct_apr,Late Oct-Apr,2025-03,0.13158820877806407,0.12880188554652836,0.185,14.45054945054945
nhsn,2024-2025,Hawaii,late_oct_apr,Late Oct-Apr,2025-04,0.12876199960552268,0.09313967523101653,0.12300921333333335,8.723443223443223
nhsn,2024-2025,Hawaii,late_oct_apr,Late Oct-Apr,2025-05,0.0,0.0,0.0,4.767399267399268
nhsn,2024-2025,Hawaii,late_oct_apr,Late Oct-Apr,2025-06,0.0,0.0,0.0,1.2564102564102564
nhsn,2024-2025,Idaho,baseline_oct_mar,Baseline Oct-Mar,2024-01,0.0,0.0,0.0,44.01648351648352
nhsn,2024-2025,Idaho,baseline_oct_mar,Baseline Oct-Mar,2024-02,0.0,0.0,0.0,86.92857142857142
nhsn,2024-2025,Idaho,baseline_oct_mar,Baseline Oct-Mar,2024-03,0.0,0.02738592064572799,0.03425483870967742,151.96336996336998
nhsn,2024-2025,Idaho,baseline_oct_mar,Baseline Oct-Mar,2024-04,0.14805580423557485,0.1480003980880932,0.18499999999999991,172.58241758241758
nhsn,2024-2025,Idaho,baseline_oct_mar,Baseline Oct-Mar,2024-05,0.14797498998753356,0.14769838242444291,0.18499999999999997,183.26190476190482
nhsn,2024-2025,Idaho,baseline_oct_mar,Baseline Oct-Mar,2024-06,0.14754895997536946,0.1472080396827867,0.18499999999999991,178.41025641025647
nhsn,2024-2025,Idaho,baseline_oct_mar,Baseline Oct-Mar,2024-07,0.14790979577103933,0.1475725824330126,0.18499999999999997,184.41025641025644
nhsn,2024-2025,Idaho,baseline_oct_mar,Baseline Oct-Mar,2024-08,0.14716916118579698,0.14688641987649445,0.18499999999999997,184.41025641025644
nhsn,2024-2025,Idaho,baseline_oct_mar,Baseline Oct-Mar,2024-09,0.1461376725881877,0.14622398035183568,0.18499999999999991,178.46153846153848
nhsn,2024-2025,Idaho,baseline_oct_mar,Baseline Oct-Mar,2024-10,0.1476169576242723,0.14735606069364662,0.185,184.3919413919414
nhsn,2024-2025,Idaho,baseline_oct_mar,Baseline Oct-Mar,2024-11,0.1489422302927794,0.1482302848978214,0.18499999999999997,177.00549450549454
nhsn,2024-2025,Idaho,baseline_oct_mar,Baseline Oct-Mar,2024-12,0.14229313072982652,0.14054980498772612,0.185,173.68864468864467
nhsn,2024-2025,Idaho,baseline_oct_mar,Baseline Oct-Mar,2025-01,0.14116950906405684,0.13446245662838938,0.185,138.3003663003663
nhsn,2024-2025,Idaho,baseline_oct_mar,Baseline Oct-Mar,2025-02,0.11244963647761634,0.10971157603395433,0.185,81.72893772893774
nhsn,2024-2025,Idaho,baseline_oct_mar,Baseline Oct-Mar,2025-03,0.08797216573583017,0.07771219221311232,0.12500891612903228,32.446886446886445
nhsn,2024-2025,Idaho,baseline_oct_mar,Baseline Oct-Mar,2025-04,0.0,0.0,0.0,5.8791208791208796
nhsn,2024-2025,Idaho,baseline_oct_mar,Baseline Oct-Mar,2025-05,0.0,0.0,0.0,1.1483516483516485
nhsn,2024-2025,Idaho,baseline_oct_mar,Baseline Oct-Mar,2025-06,0.0,0.0,0.0,0.05128205128205128
nhsn,2024-2025,Idaho,early_sep_mar,Early Sep-Mar,2024-01,0.0,0.0,0.0,44.01648351648352
nhsn,2024-2025,Idaho,early_sep_mar,Early Sep-Mar,2024-02,0.0,0.02710607552787398,0.034001724137931025,86.92857142857142
nhsn,2024-2025,Idaho,early_sep_mar,Early Sep-Mar,2024-03,0.1475544272413936,0.14475952385440527,0.1814790322580645,151.96336996336998
nhsn,2024-2025,Idaho,early_sep_mar,Early Sep-Mar,2024-04,0.14805580423557485,0.14699187360420038,0.18499999999999991,172.58241758241758
nhsn,2024-2025,Idaho,early_sep_mar,Early Sep-Mar,2024-05,0.1447819299836233,0.14404780854201943,0.18499999999999997,183.26190476190482
nhsn,2024-2025,Idaho,early_sep_mar,Early Sep-Mar,2024-06,0.14724437977109098,0.14569816755952777,0.18499999999999991,178.41025641025647
nhsn,2024-2025,Idaho,early_sep_mar,Early Sep-Mar,2024-07,0.14323806668546968,0.14199379929048359,0.18499999999999997,184.41025641025644
nhsn,2024-2025,Idaho,early_sep_mar,Early Sep-Mar,2024-08,0.14015937813479623,0.14003849785681158,0.18499999999999997,184.41025641025644
nhsn,2024-2025,Idaho,early_sep_mar,Early Sep-Mar,2024-09,0.14424278751205694,0.14387104007978832,0.18499999999999997,178.46153846153848
nhsn,2024-2025,Idaho,early_sep_mar,Early Sep-Mar,2024-10,0.1476169576242723,0.14735606069364662,0.185,184.3919413919414
nhsn,2024-2025,Idaho,early_sep_mar,Early Sep-Mar,2024-11,0.1489422302927794,0.1482302848978214,0.18499999999999997,177.00549450549454
nhsn,2024-2025,Idaho,early_sep_mar,Early Sep-Mar,2024-12,0.14229313072982652,0.14054980498772612,0.185,173.68864468864467
nhsn,2024-2025,Idaho,early_sep_mar,Early Sep-Mar,2025-01,0.14116950906405684,0.13446245662838938,0.185,138.3003663003663
nhsn,2024-2025,Idaho,early_sep_mar,Early Sep-Mar,2025-02,0.11244963647761634,0.10971157603395433,0.185,81.72893772893774
nhsn,2024-2025,Idaho,early_sep_mar,Early Sep-Mar,2025-03,0.08797216573583017,0.07771219221311232,0.12500891612903228,32.446886446886445
nhsn,2024-2025,Idaho,early_sep_mar,Early Sep-Mar,2025-04,0.0,0.0,0.0,5.8791208791208796
nhsn,2024-2025,Idaho,early_sep_mar,Early Sep-Mar,2025-05,0.0,0.0,0.0,1.1483516483516485
nhsn,2024-2025,Idaho,early_sep_mar,Early Sep-Mar,2025-06,0.0,0.0,0.0,0.05128205128205128
nhsn,2024-2025,Idaho,extended_sep_apr,Extended Sep-Apr,2024-01,0.0,0.0,0.0,44.01648351648352
nhsn,2024-2025,Idaho,extended_sep_apr,Extended Sep-Apr,2024-02,0.0,0.02710607552787398,0.034001724137931025,86.92857142857142
nhsn,2024-2025,Idaho,extended_sep_apr,Extended Sep-Apr,2024-03,0.1475544272413936,0.14475952385440527,0.1814790322580645,151.96336996336998
nhsn,2024-2025,Idaho,extended_sep_apr,Extended Sep-Apr,2024-04,0.14805580423557485,0.14699187360420038,0.18499999999999991,172.58241758241758
nhsn,2024-2025,Idaho,extended_sep_apr,Extended Sep-Apr,2024-05,0.1447819299836233,0.14404780854201943,0.18499999999999997,183.26190476190482
nhsn,2024-2025,Idaho,extended_sep_apr,Extended Sep-Apr,2024-06,0.14724437977109098,0.14569816755952777,0.18499999999999991,178.41025641025647
nhsn,2024-2025,Idaho,extended_sep_apr,Extended Sep-Apr,2024-07,0.14323806668546968,0.14199379929048359,0.18499999999999997,184.41025641025644
nhsn,2024-2025,Idaho,extended_sep_apr,Extended Sep-Apr,2024-08,0.14015937813479623,0.14003849785681158,0.18499999999999997,184.41025641025644
nhsn,2024-2025,Idaho,extended_sep_apr,Extended Sep-Apr,2024-09,0.14424278751205694,0.14387104007978832,0.18499999999999997,178.46153846153848
nhsn,2024-2025,Idaho,extended_sep_apr,Extended Sep-Apr,2024-10,0.1476169576242723,0.14735606069364662,0.185,184.3919413919414
nhsn,2024-2025,Idaho,extended_sep_apr,Extended Sep-Apr,2024-11,0.1489422302927794,0.1482302848978214,0.18499999999999997,177.00549450549454
nhsn,2024-2025,Idaho,extended_sep_apr,Extended Sep-Apr,2024-12,0.14229313072982652,0.14054980498772612,0.185,173.68864468864467
nhsn,2024-2025,Idaho,extended_sep_apr,Extended Sep-Apr,2025-01,0.14116950906405684,0.13446245662838938,0.185,138.3003663003663
nhsn,2024-2025,Idaho,extended_sep_apr,Extended Sep-Apr,2025-02,0.11244963647761634,0.10971157603395433,0.185,81.72893772893774
nhsn,2024-2025,Idaho,extended_sep_apr,Extended Sep-Apr,2025-03,0.08797216573583017,0.09164141924339578,0.185,32.446886446886445
nhsn,2024-2025,Idaho,extended_sep_apr,Extended Sep-Apr,2025-04,0.09257217810465398,0.07784975275018587,0.12300921333333335,5.8791208791208796
nhsn,2024-2025,Idaho,extended_sep_apr,Extended Sep-Apr,2025-05,0.0,0.0,0.0,1.1483516483516485
nhsn,2024-2025,Idaho,extended_sep_apr,Extended Sep-Apr,2025-06,0.0,0.0,0.0,0.05128205128205128
nhsn,2024-2025,Idaho,late_oct_apr,Late Oct-Apr,2024-01,0.0,0.0,0.0,44.01648351648352
nhsn,2024-2025,Idaho,late_oct_apr,Late Oct-Apr,2024-02,0.0,0.0,0.0,86.92857142857142
nhsn,2024-2025,Idaho,late_oct_apr,Late Oct-Apr,2024-03,0.0,0.02738592064572799,0.03425483870967742,151.96336996336998
nhsn,2024-2025,Idaho,late_oct_apr,Late Oct-Apr,2024-04,0.14805580423557485,0.1480003980880932,0.18499999999999991,172.58241758241758
nhsn,2024-2025,Idaho,late_oct_apr,Late Oct-Apr,2024-05,0.14797498998753356,0.14769838242444291,0.18499999999999997,183.26190476190482
nhsn,2024-2025,Idaho,late_oct_apr,Late Oct-Apr,2024-06,0.14754895997536946,0.1472080396827867,0.18499999999999991,178.41025641025647
nhsn,2024-2025,Idaho,late_oct_apr,Late Oct-Apr,2024-07,0.14790979577103933,0.1475725824330126,0.18499999999999997,184.41025641025644
nhsn,2024-2025,Idaho,late_oct_apr,Late Oct-Apr,2024-08,0.14716916118579698,0.14688641987649445,0.18499999999999997,184.41025641025644
nhsn,2024-2025,Idaho,late_oct_apr,Late Oct-Apr,2024-09,0.1461376725881877,0.14622398035183568,0.18499999999999991,178.46153846153848
nhsn,2024-2025,Idaho,late_oct_apr,Late Oct-Apr,2024-10,0.1476169576242723,0.14735606069364662,0.185,184.3919413919414
nhsn,2024-2025,Idaho,late_oct_apr,Late Oct-Apr,2024-11,0.1489422302927794,0.1482302848978214,0.18499999999999997,177.00549450549454
nhsn,2024-2025,Idaho,late_oct_apr,Late Oct-Apr,2024-12,0.14229313072982652,0.14054980498772612,0.185,173.68864468864467
nhsn,2024-2025,Idaho,late_oct_apr,Late Oct-Apr,2025-01,0.14116950906405684,0.13446245662838938,0.185,138.3003663003663
nhsn,2024-2025,Idaho,late_oct_apr,Late Oct-Apr,2025-02,0.11244963647761634,0.10971157603395433,0.185,81.72893772893774
nhsn,2024-2025,Idaho,late_oct_apr,Late Oct-Apr,2025-03,0.08797216573583017,0.09164141924339578,0.185,32.446886446886445
nhsn,2024-2025,Idaho,late_oct_apr,Late Oct-Apr,2025-04,0.09257217810465398,0.07784975275018587,0.12300921333333335,5.8791208791208796
nhsn,2024-2025,Idaho,late_oct_apr,Late Oct-Apr,2025-05,0.0,0.0,0.0,1.1483516483516485
nhsn,2024-2025,Idaho,late_oct_apr,Late Oct-Apr,2025-06,0.0,0.0,0.0,0.05128205128205128
nhsn,2024-2025,Illinois,baseline_oct_mar,Baseline Oct-Mar,2024-01,0.0,0.0,0.0,646.6025641025641
nhsn,2024-2025,Illinois,baseline_oct_mar,Baseline Oct-Mar,2024-02,0.0,0.0,0.0,767.8809523809524
nhsn,2024-2025,Illinois,baseline_oct_mar,Baseline Oct-Mar,2024-03,0.0,0.027566571046080703,0.03425483870967742,893.3095238095239
nhsn,2024-2025,Illinois,baseline_oct_mar,Baseline Oct-Mar,2024-04,0.14931379774680645,0.1492208479053356,0.18499999999999991,900.6135531135532
nhsn,2024-2025,Illinois,baseline_oct_mar,Baseline Oct-Mar,2024-05,0.1456282174581135,0.14329664549797227,0.18499999999999997,943.7893772893772
nhsn,2024-2025,Illinois,baseline_oct_mar,Baseline Oct-Mar,2024-06,0.14855420137652617,0.14843713894760283,0.18499999999999991,918.7179487179487
nhsn,2024-2025,Illinois,baseline_oct_mar,Baseline Oct-Mar,2024-07,0.14551065941255398,0.1431443049097003,0.18499999999999997,949.8717948717948
nhsn,2024-2025,Illinois,baseline_oct_mar,Baseline Oct-Mar,2024-08,0.14808707566659282,0.14815124939618357,0.18499999999999997,949.8717948717948
nhsn,2024-2025,Illinois,baseline_oct_mar,Baseline Oct-Mar,2024-09,0.1473409600316002,0.1474902039962118,0.18499999999999991,919.2307692307692
nhsn,2024-2025,Illinois,baseline_oct_mar,Baseline Oct-Mar,2024-10,0.1486603757340818,0.14811776115035938,0.185,947.7216117216118
nhsn,2024-2025,Illinois,baseline_oct_mar,Baseline Oct-Mar,2024-11,0.1445769538787992,0.1392004684353227,0.18499999999999997,869.7912087912089
nhsn,2024-2025,Illinois,baseline_oct_mar,Baseline Oct-Mar,2024-12,0.12099682408766248,0.11644689624898497,0.185,644.8498168498169
nhsn,2024-2025,Illinois,baseline_oct_mar,Baseline Oct-Mar,2025-01,0.11950658555544802,0.11475573783030141,0.185,278.46336996337
nhsn,2024-2025,Illinois,baseline_oct_mar,Baseline Oct-Mar,2025-02,0.1204218290282986,0.11494704351506163,0.185,114.87362637362637
nhsn,2024-2025,Illinois,baseline_oct_mar,Baseline Oct-Mar,2025-03,0.11259750352138967,0.08515732948735938,0.12500891612903228,56.562271062271066
nhsn,2024-2025,Illinois,baseline_oct_mar,Baseline Oct-Mar,2025-04,0.0,0.0,0.0,18.617216117216117
nhsn,2024-2025,Illinois,baseline_oct_mar,Baseline Oct-Mar,2025-05,0.0,0.0,0.0,6.082417582417582
nhsn,2024-2025,Illinois,baseline_oct_mar,Baseline Oct-Mar,2025-06,0.0,0.0,0.0,0.5128205128205128
nhsn,2024-2025,Illinois,early_sep_mar,Early Sep-Mar,2024-01,0.0,0.0,0.0,646.6025641025641
nhsn,2024-2025,Illinois,early_sep_mar,Early Sep-Mar,2024-02,0.0,0.02720435228099998,0.034001724137931025,767.8809523809524
nhsn,2024-2025,Illinois,early_sep_mar,Early Sep-Mar,2024-03,0.14828221823130702,0.1455150428286965,0.1814790322580645,893.3095238095239
nhsn,2024-2025,Illinois,early_sep_mar,Early Sep-Mar,2024-04,0.14920920514468167,0.14865972235225194,0.18499999999999991,900.6135531135532
nhsn,2024-2025,Illinois,early_sep_mar,Early Sep-Mar,2024-05,0.1466315649352146,0.14652166045622877,0.18499999999999997,943.7893772893772
nhsn,2024-2025,Illinois,early_sep_mar,Early Sep-Mar,2024-06,0.14819337097153357,0.1475538833737024,0.18499999999999991,918.7179487179487
nhsn,2024-2025,Illinois,early_sep_mar,Early Sep-Mar,2024-07,0.14499155935236313,0.14496076847551212,0.18499999999999997,949.8717948717948
nhsn,2024-2025,Illinois,early_sep_mar,Early Sep-Mar,2024-08,0.1439437676022722,0.14396280445157267,0.18499999999999997,949.8717948717948
nhsn,2024-2025,Illinois,early_sep_mar,Early Sep-Mar,2024-09,0.1462371584545162,0.1460259989802899,0.18499999999999997,919.2307692307693
nhsn,2024-2025,Illinois,early_sep_mar,Early Sep-Mar,2024-10,0.1486603757340818,0.14811776115035938,0.185,947.7216117216118
nhsn,2024-2025,Illinois,early_sep_mar,Early Sep-Mar,2024-11,0.1445769538787992,0.1392004684353227,0.18499999999999997,869.7912087912089
nhsn,2024-2025,Illinois,early_sep_mar,Early Sep-Mar,2024-12,0.12099682408766248,0.11644689624898497,0.185,644.8498168498169
nhsn,2024-2025,Illinois,early_sep_mar,Early Sep-Mar,2025-01,0.11950658555544802,0.11475573783030141,0.185,278.46336996337
nhsn,2024-2025,Illinois,early_sep_mar,Early Sep-Mar,2025-02,0.1204218290282986,0.11494704351506163,0.185,114.87362637362637
nhsn,2024-2025,Illinois,early_sep_mar,Early Sep-Mar,2025-03,0.11259750352138967,0.08515732948735938,0.12500891612903228,56.562271062271066
nhsn,2024-2025,Illinois,early_sep_mar,Early Sep-Mar,2025-04,0.0,0.0,0.0,18.617216117216117
nhsn,2024-2025,Illinois,early_sep_mar,Early Sep-Mar,2025-05,0.0,0.0,0.0,6.082417582417582
nhsn,2024-2025,Illinois,early_sep_mar,Early Sep-Mar,2025-06,0.0,0.0,0.0,0.5128205128205128
nhsn,2024-2025,Illinois,extended_sep_apr,Extended Sep-Apr,2024-01,0.0,0.0,0.0,646.6025641025641
nhsn,2024-2025,Illinois,extended_sep_apr,Extended Sep-Apr,2024-02,0.0,0.02720435228099998,0.034001724137931025,767.8809523809524
nhsn,2024-2025,Illinois,extended_sep_apr,Extended Sep-Apr,2024-03,0.14828221823130702,0.1455150428286965,0.1814790322580645,893.3095238095239
nhsn,2024-2025,Illinois,extended_sep_apr,Extended Sep-Apr,2024-04,0.14920920514468167,0.14865972235225194,0.18499999999999991,900.6135531135532
nhsn,2024-2025,Illinois,extended_sep_apr,Extended Sep-Apr,2024-05,0.1466315649352146,0.14652166045622877,0.18499999999999997,943.7893772893772
nhsn,2024-2025,Illinois,extended_sep_apr,Extended Sep-Apr,2024-06,0.14819337097153357,0.1475538833737024,0.18499999999999991,918.7179487179487
nhsn,2024-2025,Illinois,extended_sep_apr,Extended Sep-Apr,2024-07,0.14499155935236313,0.14496076847551212,0.18499999999999997,949.8717948717948
nhsn,2024-2025,Illinois,extended_sep_apr,Extended Sep-Apr,2024-08,0.1439437676022722,0.14396280445157267,0.18499999999999997,949.8717948717948
nhsn,2024-2025,Illinois,extended_sep_apr,Extended Sep-Apr,2024-09,0.1462371584545162,0.1460259989802899,0.18499999999999997,919.2307692307693
nhsn,2024-2025,Illinois,extended_sep_apr,Extended Sep-Apr,2024-10,0.1486603757340818,0.14811776115035938,0.185,947.7216117216118
nhsn,2024-2025,Illinois,extended_sep_apr,Extended Sep-Apr,2024-11,0.1445769538787992,0.1392004684353227,0.18499999999999997,869.7912087912089
nhsn,2024-2025,Illinois,extended_sep_apr,Extended Sep-Apr,2024-12,0.12099682408766248,0.11644689624898497,0.185,644.8498168498169
nhsn,2024-2025,Illinois,extended_sep_apr,Extended Sep-Apr,2025-01,0.11950658555544802,0.11475573783030141,0.185,278.46336996337
nhsn,2024-2025,Illinois,extended_sep_apr,Extended Sep-Apr,2025-02,0.1204218290282986,0.11494704351506163,0.185,114.87362637362637
nhsn,2024-2025,Illinois,extended_sep_apr,Extended Sep-Apr,2025-03,0.11259750352138967,0.1078152031150399,0.185,56.562271062271066
nhsn,2024-2025,Illinois,extended_sep_apr,Extended Sep-Apr,2025-04,0.1036178857675276,0.08118455227408533,0.12300921333333335,18.617216117216117
nhsn,2024-2025,Illinois,extended_sep_apr,Extended Sep-Apr,2025-05,0.0,0.0,0.0,6.082417582417582
nhsn,2024-2025,Illinois,extended_sep_apr,Extended Sep-Apr,2025-06,0.0,0.0,0.0,0.5128205128205128
nhsn,2024-2025,Illinois,late_oct_apr,Late Oct-Apr,2024-01,0.0,0.0,0.0,646.6025641025641
nhsn,2024-2025,Illinois,late_oct_apr,Late Oct-Apr,2024-02,0.0,0.0,0.0,767.8809523809524
nhsn,2024-2025,Illinois,late_oct_apr,Late Oct-Apr,2024-03,0.0,0.027566571046080703,0.03425483870967742,893.3095238095239
nhsn,2024-2025,Illinois,late_oct_apr,Late Oct-Apr,2024-04,0.14931379774680645,0.1492208479053356,0.18499999999999991,900.6135531135532
nhsn,2024-2025,Illinois,late_oct_apr,Late Oct-Apr,2024-05,0.1456282174581135,0.14329664549797227,0.18499999999999997,943.7893772893772
nhsn,2024-2025,Illinois,late_oct_apr,Late Oct-Apr,2024-06,0.14855420137652617,0.14843713894760283,0.18499999999999991,918.7179487179487
nhsn,2024-2025,Illinois,late_oct_apr,Late Oct-Apr,2024-07,0.14551065941255398,0.1431443049097003,0.18499999999999997,949.8717948717948
nhsn,2024-2025,Illinois,late_oct_apr,Late Oct-Apr,2024-08,0.14808707566659282,0.14815124939618357,0.18499999999999997,949.8717948717948
nhsn,2024-2025,Illinois,late_oct_apr,Late Oct-Apr,2024-09,0.1473409600316002,0.1474902039962118,0.18499999999999991,919.2307692307692
nhsn,2024-2025,Illinois,late_oct_apr,Late Oct-Apr,2024-10,0.1486603757340818,0.14811776115035938,0.185,947.7216117216118
nhsn,2024-2025,Illinois,late_oct_apr,Late Oct-Apr,2024-11,0.1445769538787992,0.1392004684353227,0.18499999999999997,869.7912087912089
nhsn,2024-2025,Illinois,late_oct_apr,Late Oct-Apr,2024-12,0.12099682408766248,0.11644689624898497,0.185,644.8498168498169
nhsn,2024-2025,Illinois,late_oct_apr,Late Oct-Apr,2025-01,0.11950658555544802,0.11475573783030141,0.185,278.46336996337
nhsn,2024-2025,Illinois,late_oct_apr,Late Oct-Apr,2025-02,0.1204218290282986,0.11494704351506163,0.185,114.87362637362637
nhsn,2024-2025,Illinois,late_oct_apr,Late Oct-Apr,2025-03,0.11259750352138967,0.1078152031150399,0.185,56.562271062271066
nhsn,2024-2025,Illinois,late_oct_apr,Late Oct-Apr,2025-04,0.1036178857675276,0.08118455227408533,0.12300921333333335,18.617216117216117
nhsn,2024-2025,Illinois,late_oct_apr,Late Oct-Apr,2025-05,0.0,0.0,0.0,6.082417582417582
nhsn,2024-2025,Illinois,late_oct_apr,Late Oct-Apr,2025-06,0.0,0.0,0.0,0.5128205128205128
nhsn,2024-2025,Indiana,baseline_oct_mar,Baseline Oct-Mar,2024-01,0.0,0.0,0.0,263.5952380952381
nhsn,2024-2025,Indiana,baseline_oct_mar,Baseline Oct-Mar,2024-02,0.0,0.0,0.0,374.57326007326003
nhsn,2024-2025,Indiana,baseline_oct_mar,Baseline Oct-Mar,2024-03,0.0,0.02750379912220613,0.03425483870967742,487.0512820512821
nhsn,2024-2025,Indiana,baseline_oct_mar,Baseline Oct-Mar,2024-04,0.14891288287090718,0.1487344041204206,0.18499999999999991,505.1355311355311
nhsn,2024-2025,Indiana,baseline_oct_mar,Baseline Oct-Mar,2024-05,0.14616326387524323,0.14522239409069204,0.18499999999999997,534.6190476190477
nhsn,2024-2025,Indiana,baseline_oct_mar,Baseline Oct-Mar,2024-06,0.14752435738618472,0.14737036438298615,0.18499999999999991,522.5641025641025
nhsn,2024-2025,Indiana,baseline_oct_mar,Baseline Oct-Mar,2024-07,0.14522965144921207,0.14480784494001692,0.18499999999999997,540.9102564102565
nhsn,2024-2025,Indiana,baseline_oct_mar,Baseline Oct-Mar,2024-08,0.14725147120697085,0.14679875798861608,0.18499999999999997,540.9102564102565
nhsn,2024-2025,Indiana,baseline_oct_mar,Baseline Oct-Mar,2024-09,0.14591373221341483,0.14603608510867006,0.18499999999999991,523.4615384615385
nhsn,2024-2025,Indiana,baseline_oct_mar,Baseline Oct-Mar,2024-10,0.1474654551979982,0.1471023493739249,0.185,540.3424908424909
nhsn,2024-2025,Indiana,baseline_oct_mar,Baseline Oct-Mar,2024-11,0.14701712367888115,0.1440082378331829,0.18499999999999997,506.1318681318681
nhsn,2024-2025,Indiana,baseline_oct_mar,Baseline Oct-Mar,2024-12,0.13307829290839707,0.12926031721514716,0.185,437.62820512820514
nhsn,2024-2025,Indiana,baseline_oct_mar,Baseline Oct-Mar,2025-01,0.12953769077675573,0.12251230952718442,0.185,266.34432234432234
nhsn,2024-2025,Indiana,baseline_oct_mar,Baseline Oct-Mar,2025-02,0.11709069591064673,0.11107241851571241,0.185,124.96153846153845
nhsn,2024-2025,Indiana,baseline_oct_mar,Baseline Oct-Mar,2025-03,0.10520062635589264,0.08134525017551594,0.12500891612903228,53.858974358974365
nhsn,2024-2025,Indiana,baseline_oct_mar,Baseline Oct-Mar,2025-04,0.0,0.0,0.0,18.32600732600733
nhsn,2024-2025,Indiana,baseline_oct_mar,Baseline Oct-Mar,2025-05,0.0,0.0,0.0,6.291208791208793
nhsn,2024-2025,Indiana,baseline_oct_mar,Baseline Oct-Mar,2025-06,0.0,0.0,0.0,0.8974358974358976
nhsn,2024-2025,Indiana,early_sep_mar,Early Sep-Mar,2024-01,0.0,0.0,0.0,263.5952380952381
nhsn,2024-2025,Indiana,early_sep_mar,Early Sep-Mar,2024-02,0.0,0.02716429288186786,0.034001724137931025,374.57326007326003
nhsn,2024-2025,Indiana,early_sep_mar,Early Sep-Mar,2024-03,0.1479682492814934,0.14521313075796433,0.1814790322580645,487.0512820512821
nhsn,2024-2025,Indiana,early_sep_mar,Early Sep-Mar,2024-04,0.14890305352618868,0.14806655359455254,0.18499999999999991,505.1355311355311
nhsn,2024-2025,Indiana,early_sep_mar,Early Sep-Mar,2024-05,0.14502645032023567,0.144961337893941,0.18499999999999997,534.6190476190477
nhsn,2024-2025,Indiana,early_sep_mar,Early Sep-Mar,2024-06,0.14739749040940156,0.14611848850053852,0.18499999999999991,522.5641025641025
nhsn,2024-2025,Indiana,early_sep_mar,Early Sep-Mar,2024-07,0.14293146080223962,0.1424142852830737,0.18499999999999997,540.9102564102565
nhsn,2024-2025,Indiana,early_sep_mar,Early Sep-Mar,2024-08,0.14087419433395407,0.14121550685609274,0.18499999999999997,540.9102564102565
nhsn,2024-2025,Indiana,early_sep_mar,Early Sep-Mar,2024-09,0.14379615795666495,0.14389060458156916,0.18499999999999997,523.4615384615386
nhsn,2024-2025,Indiana,early_sep_mar,Early Sep-Mar,2024-10,0.1474654551979982,0.1471023493739249,0.185,540.3424908424909
nhsn,2024-2025,Indiana,early_sep_mar,Early Sep-Mar,2024-11,0.14701712367888115,0.1440082378331829,0.18499999999999997,506.1318681318681
nhsn,2024-2025,Indiana,early_sep_mar,Early Sep-Mar,2024-12,0.13307829290839707,0.12926031721514716,0.185,437.62820512820514
nhsn,2024-2025,Indiana,early_sep_mar,Early Sep-Mar,2025-01,0.12953769077675573,0.12251230952718442,0.185,266.34432234432234
nhsn,2024-2025,Indiana,early_sep_mar,Early Sep-Mar,2025-02,0.11709069591064673,0.11107241851571241,0.185,124.96153846153845
nhsn,2024-2025,Indiana,early_sep_mar,Early Sep-Mar,2025-03,0.10520062635589264,0.08134525017551594,0.12500891612903228,53.858974358974365
nhsn,2024-2025,Indiana,early_sep_mar,Early Sep-Mar,2025-04,0.0,0.0,0.0,18.32600732600733
nhsn,2024-2025,Indiana,early_sep_mar,Early Sep-Mar,2025-05,0.0,0.0,0.0,6.291208791208793
nhsn,2024-2025,Indiana,early_sep_mar,Early Sep-Mar,2025-06,0.0,0.0,0.0,0.8974358974358976
nhsn,2024-2025,Indiana,extended_sep_apr,Extended Sep-Apr,2024-01,0.0,0.0,0.0,263.5952380952381
nhsn,2024-2025,Indiana,extended_sep_apr,Extended Sep-Apr,2024-02,0.0,0.02716429288186786,0.034001724137931025,374.57326007326003
nhsn,2024-2025,Indiana,extended_sep_apr,Extended Sep-Apr,2024-03,0.1479682492814934,0.14521313075796433,0.1814790322580645,487.0512820512821
nhsn,2024-2025,Indiana,extended_sep_apr,Extended Sep-Apr,2024-04,0.14890305352618868,0.14806655359455254,0.18499999999999991,505.1355311355311
nhsn,2024-2025,Indiana,extended_sep_apr,Extended Sep-Apr,2024-05,0.14502645032023567,0.144961337893941,0.18499999999999997,534.6190476190477
nhsn,2024-2025,Indiana,extended_sep_apr,Extended Sep-Apr,2024-06,0.14739749040940156,0.14611848850053852,0.18499999999999991,522.5641025641025
nhsn,2024-2025,Indiana,extended_sep_apr,Extended Sep-Apr,2024-07,0.14293146080223962,0.1424142852830737,0.18499999999999997,540.9102564102565
nhsn,2024-2025,Indiana,extended_sep_apr,Extended Sep-Apr,2024-08,0.14087419433395407,0.14121550685609274,0.18499999999999997,540.9102564102565
nhsn,2024-2025,Indiana,extended_sep_apr,Extended Sep-Apr,2024-09,0.14379615795666495,0.14389060458156916,0.18499999999999997,523.4615384615386
nhsn,2024-2025,Indiana,extended_sep_apr,Extended Sep-Apr,2024-10,0.1474654551979982,0.1471023493739249,0.185,540.3424908424909
nhsn,2024-2025,Indiana,extended_sep_apr,Extended Sep-Apr,2024-11,0.14701712367888115,0.1440082378331829,0.18499999999999997,506.1318681318681
nhsn,2024-2025,Indiana,extended_sep_apr,Extended Sep-Apr,2024-12,0.13307829290839707,0.12926031721514716,0.185,437.62820512820514
nhsn,2024-2025,Indiana,extended_sep_apr,Extended Sep-Apr,2025-01,0.12953769077675573,0.12251230952718442,0.185,266.34432234432234
nhsn,2024-2025,Indiana,extended_sep_apr,Extended Sep-Apr,2025-02,0.11709069591064673,0.11107241851571241,0.185,124.96153846153845
nhsn,2024-2025,Indiana,extended_sep_apr,Extended Sep-Apr,2025-03,0.10758610173626998,0.1060962759710449,0.185,53.858974358974365
nhsn,2024-2025,Indiana,extended_sep_apr,Extended Sep-Apr,2025-04,0.10973911332041453,0.08608825397549133,0.12300921333333335,18.32600732600733
nhsn,2024-2025,Indiana,extended_sep_apr,Extended Sep-Apr,2025-05,0.0,0.0,0.0,6.291208791208793
nhsn,2024-2025,Indiana,extended_sep_apr,Extended Sep-Apr,2025-06,0.0,0.0,0.0,0.8974358974358976
nhsn,2024-2025,Indiana,late_oct_apr,Late Oct-Apr,2024-01,0.0,0.0,0.0,263.5952380952381
nhsn,2024-2025,Indiana,late_oct_apr,Late Oct-Apr,2024-02,0.0,0.0,0.0,374.57326007326003
nhsn,2024-2025,Indiana,late_oct_apr,Late Oct-Apr,2024-03,0.0,0.02750379912220613,0.03425483870967742,487.0512820512821
nhsn,2024-2025,Indiana,late_oct_apr,Late Oct-Apr,2024-04,0.14891288287090718,0.1487344041204206,0.18499999999999991,505.1355311355311
nhsn,2024-2025,Indiana,late_oct_apr,Late Oct-Apr,2024-05,0.14616326387524323,0.14522239409069204,0.18499999999999997,534.6190476190477
nhsn,2024-2025,Indiana,late_oct_apr,Late Oct-Apr,2024-06,0.14752435738618472,0.14737036438298615,0.18499999999999991,522.5641025641025
nhsn,2024-2025,Indiana,late_oct_apr,Late Oct-Apr,2024-07,0.14522965144921207,0.14480784494001692,0.18499999999999997,540.9102564102565
nhsn,2024-2025,Indiana,late_oct_apr,Late Oct-Apr,2024-08,0.14725147120697085,0.14679875798861608,0.18499999999999997,540.9102564102565
nhsn,2024-2025,Indiana,late_oct_apr,Late Oct-Apr,2024-09,0.14591373221341483,0.14603608510867006,0.18499999999999991,523.4615384615385
nhsn,2024-2025,Indiana,late_oct_apr,Late Oct-Apr,2024-10,0.1474654551979982,0.1471023493739249,0.185,540.3424908424909
nhsn,2024-2025,Indiana,late_oct_apr,Late Oct-Apr,2024-11,0.14701712367888115,0.1440082378331829,0.18499999999999997,506.1318681318681
nhsn,2024-2025,Indiana,late_oct_apr,Late Oct-Apr,2024-12,0.13307829290839707,0.12926031721514716,0.185,437.62820512820514
nhsn,2024-2025,Indiana,late_oct_apr,Late Oct-Apr,2025-01,0.12953769077675573,0.12251230952718442,0.185,266.34432234432234
nhsn,2024-2025,Indiana,late_oct_apr,Late Oct-Apr,2025-02,0.11709069591064673,0.11107241851571241,0.185,124.96153846153845
nhsn,2024-2025,Indiana,late_oct_apr,Late Oct-Apr,2025-03,0.10758610173626998,0.1060962759710449,0.185,53.858974358974365
nhsn,2024-2025,Indiana,late_oct_apr,Late Oct-Apr,2025-04,0.10973911332041453,0.08608825397549133,0.12300921333333335,18.32600732600733
nhsn,2024-2025,Indiana,late_oct_apr,Late Oct-Apr,2025-05,0.0,0.0,0.0,6.291208791208793
nhsn,2024-2025,Indiana,late_oct_apr,Late Oct-Apr,2025-06,0.0,0.0,0.0,0.8974358974358976
nhsn,2024-2025,Iowa,baseline_oct_mar,Baseline Oct-Mar,2024-01,0.0,0.0,0.0,87.63919413919413
nhsn,2024-2025,Iowa,baseline_oct_mar,Baseline Oct-Mar,2024-02,0.0,0.0,0.0,160.13186813186812
nhsn,2024-2025,Iowa,baseline_oct_mar,Baseline Oct-Mar,2024-03,0.0,0.027433102796051215,0.03425483870967742,234.48901098901098
nhsn,2024-2025,Iowa,baseline_oct_mar,Baseline Oct-Mar,2024-04,0.1485074375933433,0.1484132140168659,0.18499999999999991,255.54029304029308
nhsn,2024-2025,Iowa,baseline_oct_mar,Baseline Oct-Mar,2024-05,0.14628420912857157,0.1463320251346233,0.18499999999999997,272.4945054945055
nhsn,2024-2025,Iowa,baseline_oct_mar,Baseline Oct-Mar,2024-06,0.14817502223648446,0.14789026048040343,0.18499999999999991,264.6794871794872
nhsn,2024-2025,Iowa,baseline_oct_mar,Baseline Oct-Mar,2024-07,0.1460721643204401,0.1461265141897336,0.18499999999999997,273.8333333333334
nhsn,2024-2025,Iowa,baseline_oct_mar,Baseline Oct-Mar,2024-08,0.14780301716280816,0.14750668218690807,0.18499999999999997,273.8333333333334
nhsn,2024-2025,Iowa,baseline_oct_mar,Baseline Oct-Mar,2024-09,0.14661910804145056,0.14674920513152184,0.18499999999999991,265.00000000000006
nhsn,2024-2025,Iowa,baseline_oct_mar,Baseline Oct-Mar,2024-10,0.14795996414905851,0.147600727826721,0.185,273.81501831501834
nhsn,2024-2025,Iowa,baseline_oct_mar,Baseline Oct-Mar,2024-11,0.14758124465087155,0.14641614162165542,0.18499999999999997,259.92857142857144
nhsn,2024-2025,Iowa,baseline_oct_mar,Baseline Oct-Mar,2024-12,0.14280484925557083,0.13887645261966175,0.185,245.6923076923077
nhsn,2024-2025,Iowa,baseline_oct_mar,Baseline Oct-Mar,2025-01,0.1276919901458835,0.12530081930789677,0.185,181.8040293040293
nhsn,2024-2025,Iowa,baseline_oct_mar,Baseline Oct-Mar,2025-02,0.1171086071857685,0.1129551584349969,0.185,91.5915750915751
nhsn,2024-2025,Iowa,baseline_oct_mar,Baseline Oct-Mar,2025-03,0.09997244080267559,0.07913577660659675,0.12500891612903228,39.34432234432235
nhsn,2024-2025,Iowa,baseline_oct_mar,Baseline Oct-Mar,2025-04,0.0,0.0,0.0,9.45970695970696
nhsn,2024-2025,Iowa,baseline_oct_mar,Baseline Oct-Mar,2025-05,0.0,0.0,0.0,1.3388278388278387
nhsn,2024-2025,Iowa,baseline_oct_mar,Baseline Oct-Mar,2025-06,0.0,0.0,0.0,0.32051282051282043
nhsn,2024-2025,Iowa,early_sep_mar,Early Sep-Mar,2024-01,0.0,0.0,0.0,87.63919413919413
nhsn,2024-2025,Iowa,early_sep_mar,Early Sep-Mar,2024-02,0.0,0.027130489366417185,0.034001724137931025,160.13186813186812
nhsn,2024-2025,Iowa,early_sep_mar,Early Sep-Mar,2024-03,0.14771889890859938,0.14493848494217898,0.1814790322580645,234.48901098901098
nhsn,2024-2025,Iowa,early_sep_mar,Early Sep-Mar,2024-04,0.14843063183564495,0.14734127866733734,0.18499999999999991,255.54029304029308
nhsn,2024-2025,Iowa,early_sep_mar,Early Sep-Mar,2024-05,0.14454085163734945,0.1438500063198391,0.18499999999999997,272.4945054945055
nhsn,2024-2025,Iowa,early_sep_mar,Early Sep-Mar,2024-06,0.14801784712961458,0.14632383058639117,0.18499999999999991,264.6794871794872
nhsn,2024-2025,Iowa,early_sep_mar,Early Sep-Mar,2024-07,0.14269109819498355,0.14186374875226934,0.18499999999999997,273.8333333333334
nhsn,2024-2025,Iowa,early_sep_mar,Early Sep-Mar,2024-08,0.13899426151207284,0.13990384617746457,0.18499999999999997,273.8333333333334
nhsn,2024-2025,Iowa,early_sep_mar,Early Sep-Mar,2024-09,0.14434075944664915,0.14394713252965677,0.18499999999999997,265.0
nhsn,2024-2025,Iowa,early_sep_mar,Early Sep-Mar,2024-10,0.14795996414905851,0.147600727826721,0.185,273.81501831501834
nhsn,2024-2025,Iowa,early_sep_mar,Early Sep-Mar,2024-11,0.14758124465087155,0.14641614162165542,0.18499999999999997,259.92857142857144
nhsn,2024-2025,Iowa,early_sep_mar,Early Sep-Mar,2024-12,0.14280484925557083,0.13887645261966175,0.185,245.6923076923077
nhsn,2024-2025,Iowa,early_sep_mar,Early Sep-Mar,2025-01,0.1276919901458835,0.12530081930789677,0.185,181.8040293040293
nhsn,2024-2025,Iowa,early_sep_mar,Early Sep-Mar,2025-02,0.1171086071857685,0.1129551584349969,0.185,91.5915750915751
nhsn,2024-2025,Iowa,early_sep_mar,Early Sep-Mar,2025-03,0.09997244080267559,0.07913577660659675,0.12500891612903228,39.34432234432235
nhsn,2024-2025,Iowa,early_sep_mar,Early Sep-Mar,2025-04,0.0,0.0,0.0,9.45970695970696
nhsn,2024-2025,Iowa,early_sep_mar,Early Sep-Mar,2025-05,0.0,0.0,0.0,1.3388278388278387
nhsn,2024-2025,Iowa,early_sep_mar,Early Sep-Mar,2025-06,0.0,0.0,0.0,0.32051282051282043
nhsn,2024-2025,Iowa,extended_sep_apr,Extended Sep-Apr,2024-01,0.0,0.0,0.0,87.63919413919413
nhsn,2024-2025,Iowa,extended_sep_apr,Extended Sep-Apr,2024-02,0.0,0.027130489366417185,0.034001724137931025,160.13186813186812
nhsn,2024-2025,Iowa,extended_sep_apr,Extended Sep-Apr,2024-03,0.14771889890859938,0.14493848494217898,0.1814790322580645,234.48901098901098
nhsn,2024-2025,Iowa,extended_sep_apr,Extended Sep-Apr,2024-04,0.14843063183564495,0.14734127866733734,0.18499999999999991,255.54029304029308
nhsn,2024-2025,Iowa,extended_sep_apr,Extended Sep-Apr,2024-05,0.14454085163734945,0.1438500063198391,0.18499999999999997,272.4945054945055
nhsn,2024-2025,Iowa,extended_sep_apr,Extended Sep-Apr,2024-06,0.14801784712961458,0.14632383058639117,0.18499999999999991,264.6794871794872
nhsn,2024-2025,Iowa,extended_sep_apr,Extended Sep-Apr,2024-07,0.14269109819498355,0.14186374875226934,0.18499999999999997,273.8333333333334
nhsn,2024-2025,Iowa,extended_sep_apr,Extended Sep-Apr,2024-08,0.13899426151207284,0.13990384617746457,0.18499999999999997,273.8333333333334
nhsn,2024-2025,Iowa,extended_sep_apr,Extended Sep-Apr,2024-09,0.14434075944664915,0.14394713252965677,0.18499999999999997,265.0
nhsn,2024-2025,Iowa,extended_sep_apr,Extended Sep-Apr,2024-10,0.14795996414905851,0.147600727826721,0.185,273.81501831501834
nhsn,2024-2025,Iowa,extended_sep_apr,Extended Sep-Apr,2024-11,0.14758124465087155,0.14641614162165542,0.18499999999999997,259.92857142857144
nhsn,2024-2025,Iowa,extended_sep_apr,Extended Sep-Apr,2024-12,0.14280484925557083,0.13887645261966175,0.185,245.6923076923077
nhsn,2024-2025,Iowa,extended_sep_apr,Extended Sep-Apr,2025-01,0.1276919901458835,0.12530081930789677,0.185,181.8040293040293
nhsn,2024-2025,Iowa,extended_sep_apr,Extended Sep-Apr,2025-02,0.1171086071857685,0.1129551584349969,0.185,91.5915750915751
nhsn,2024-2025,Iowa,extended_sep_apr,Extended Sep-Apr,2025-03,0.1017464241265427,0.09850334884744508,0.185,39.34432234432235
nhsn,2024-2025,Iowa,extended_sep_apr,Extended Sep-Apr,2025-04,0.08935278308073252,0.07476191338827917,0.12300921333333335,9.459706959706962
nhsn,2024-2025,Iowa,extended_sep_apr,Extended Sep-Apr,2025-05,0.0,0.0,0.0,1.3388278388278387
nhsn,2024-2025,Iowa,extended_sep_apr,Extended Sep-Apr,2025-06,0.0,0.0,0.0,0.32051282051282043
nhsn,2024-2025,Iowa,late_oct_apr,Late Oct-Apr,2024-01,0.0,0.0,0.0,87.63919413919413
nhsn,2024-2025,Iowa,late_oct_apr,Late Oct-Apr,2024-02,0.0,0.0,0.0,160.13186813186812
nhsn,2024-2025,Iowa,late_oct_apr,Late Oct-Apr,2024-03,0.0,0.027433102796051215,0.03425483870967742,234.48901098901098
nhsn,2024-2025,Iowa,late_oct_apr,Late Oct-Apr,2024-04,0.1485074375933433,0.1484132140168659,0.18499999999999991,255.54029304029308
nhsn,2024-2025,Iowa,late_oct_apr,Late Oct-Apr,2024-05,0.14628420912857157,0.1463320251346233,0.18499999999999997,272.4945054945055
nhsn,2024-2025,Iowa,late_oct_apr,Late Oct-Apr,2024-06,0.14817502223648446,0.14789026048040343,0.18499999999999991,264.6794871794872
nhsn,2024-2025,Iowa,late_oct_apr,Late Oct-Apr,2024-07,0.1460721643204401,0.1461265141897336,0.18499999999999997,273.8333333333334
nhsn,2024-2025,Iowa,late_oct_apr,Late Oct-Apr,2024-08,0.14780301716280816,0.14750668218690807,0.18499999999999997,273.8333333333334
nhsn,2024-2025,Iowa,late_oct_apr,Late Oct-Apr,2024-09,0.14661910804145056,0.14674920513152184,0.18499999999999991,265.00000000000006
nhsn,2024-2025,Iowa,late_oct_apr,Late Oct-Apr,2024-10,0.14795996414905851,0.147600727826721,0.185,273.81501831501834
nhsn,2024-2025,Iowa,late_oct_apr,Late Oct-Apr,2024-11,0.14758124465087155,0.14641614162165542,0.18499999999999997,259.92857142857144
nhsn,2024-2025,Iowa,late_oct_apr,Late Oct-Apr,2024-12,0.14280484925557083,0.13887645261966175,0.185,245.6923076923077
nhsn,2024-2025,Iowa,late_oct_apr,Late Oct-Apr,2025-01,0.1276919901458835,0.12530081930789677,0.185,181.8040293040293
nhsn,2024-2025,Iowa,late_oct_apr,Late Oct-Apr,2025-02,0.1171086071857685,0.1129551584349969,0.185,91.5915750915751
nhsn,2024-2025,Iowa,late_oct_apr,Late Oct-Apr,2025-03,0.1017464241265427,0.09850334884744508,0.185,39.34432234432235
nhsn,2024-2025,Iowa,late_oct_apr,Late Oct-Apr,2025-04,0.08935278308073252,0.07476191338827917,0.12300921333333335,9.459706959706962
nhsn,2024-2025,Iowa,late_oct_apr,Late Oct-Apr,2025-05,0.0,0.0,0.0,1.3388278388278387
nhsn,2024-2025,Iowa,late_oct_apr,Late Oct-Apr,2025-06,0.0,0.0,0.0,0.32051282051282043
nhsn,2024-2025,Kansas,baseline_oct_mar,Baseline Oct-Mar,2024-01,0.0,0.0,0.0,76.41941391941393
nhsn,2024-2025,Kansas,baseline_oct_mar,Baseline Oct-Mar,2024-02,0.0,0.0,0.0,131.16483516483515
nhsn,2024-2025,Kansas,baseline_oct_mar,Baseline Oct-Mar,2024-03,0.0,0.027433439775016142,0.03425483870967742,192.6904761904762
nhsn,2024-2025,Kansas,baseline_oct_mar,Baseline Oct-Mar,2024-04,0.14811320677174022,0.14812128520426912,0.18499999999999991,203.06227106227104
nhsn,2024-2025,Kansas,baseline_oct_mar,Baseline Oct-Mar,2024-05,0.14721240114060338,0.14709031563320374,0.18499999999999997,213.3992673992674
nhsn,2024-2025,Kansas,baseline_oct_mar,Baseline Oct-Mar,2024-06,0.14655345086898397,0.14666682340202586,0.18499999999999991,208.79487179487182
nhsn,2024-2025,Kansas,baseline_oct_mar,Baseline Oct-Mar,2024-07,0.1465772528225451,0.14655842359947752,0.18499999999999997,216.20512820512826
nhsn,2024-2025,Kansas,baseline_oct_mar,Baseline Oct-Mar,2024-08,0.14639437405241817,0.14606865658606105,0.18499999999999997,216.20512820512826
nhsn,2024-2025,Kansas,baseline_oct_mar,Baseline Oct-Mar,2024-09,0.14552691062062936,0.14565640098143032,0.18499999999999991,209.23076923076925
nhsn,2024-2025,Kansas,baseline_oct_mar,Baseline Oct-Mar,2024-10,0.1465772528225451,0.14666746174531206,0.185,215.96336996336998
nhsn,2024-2025,Kansas,baseline_oct_mar,Baseline Oct-Mar,2024-11,0.14832209259266105,0.14741731994236956,0.18499999999999997,205.93406593406593
nhsn,2024-2025,Kansas,baseline_oct_mar,Baseline Oct-Mar,2024-12,0.14282773502801427,0.1355472657165718,0.185,196.12087912087912
nhsn,2024-2025,Kansas,baseline_oct_mar,Baseline Oct-Mar,2025-01,0.1314670456021551,0.12651941567732372,0.185,136.27106227106228
nhsn,2024-2025,Kansas,baseline_oct_mar,Baseline Oct-Mar,2025-02,0.11414299150938667,0.10565569895439779,0.185,67.63186813186815
nhsn,2024-2025,Kansas,baseline_oct_mar,Baseline Oct-Mar,2025-03,0.08779782442735411,0.07477437598969823,0.12500891612903228,23.514652014652015
nhsn,2024-2025,Kansas,baseline_oct_mar,Baseline Oct-Mar,2025-04,0.0,0.0,0.0,6.168498168498168
nhsn,2024-2025,Kansas,baseline_oct_mar,Baseline Oct-Mar,2025-05,0.0,0.0,0.0,2.8058608058608066
nhsn,2024-2025,Kansas,baseline_oct_mar,Baseline Oct-Mar,2025-06,0.0,0.0,0.0,0.4358974358974359
nhsn,2024-2025,Kansas,early_sep_mar,Early Sep-Mar,2024-01,0.0,0.0,0.0,76.41941391941393
nhsn,2024-2025,Kansas,early_sep_mar,Early Sep-Mar,2024-02,0.0,0.0271289211123027,0.034001724137931025,131.16483516483515
nhsn,2024-2025,Kansas,early_sep_mar,Early Sep-Mar,2024-03,0.14774683509641043,0.1449582506239924,0.1814790322580645,192.6904761904762
nhsn,2024-2025,Kansas,early_sep_mar,Early Sep-Mar,2024-04,0.14806408121462433,0.1475138358022011,0.18499999999999991,203.06227106227104
nhsn,2024-2025,Kansas,early_sep_mar,Early Sep-Mar,2024-05,0.1457813532311844,0.14555272310874554,0.18499999999999997,213.3992673992674
nhsn,2024-2025,Kansas,early_sep_mar,Early Sep-Mar,2024-06,0.1464684576269319,0.14565518001003244,0.18499999999999991,208.79487179487182
nhsn,2024-2025,Kansas,early_sep_mar,Early Sep-Mar,2024-07,0.1430762483600958,0.1429914827252207,0.18499999999999997,216.20512820512826
nhsn,2024-2025,Kansas,early_sep_mar,Early Sep-Mar,2024-08,0.1419432260276488,0.14190818158526244,0.18499999999999997,216.20512820512826
nhsn,2024-2025,Kansas,early_sep_mar,Early Sep-Mar,2024-09,0.14444145108751547,0.14413106061935527,0.18499999999999997,209.23076923076925
nhsn,2024-2025,Kansas,early_sep_mar,Early Sep-Mar,2024-10,0.1465772528225451,0.14666746174531206,0.185,215.96336996336998
nhsn,2024-2025,Kansas,early_sep_mar,Early Sep-Mar,2024-11,0.14832209259266105,0.14741731994236956,0.18499999999999997,205.93406593406593
nhsn,2024-2025,Kansas,early_sep_mar,Early Sep-Mar,2024-12,0.14282773502801427,0.1355472657165718,0.185,196.12087912087912
nhsn,2024-2025,Kansas,early_sep_mar,Early Sep-Mar,2025-01,0.1314670456021551,0.12651941567732372,0.185,136.27106227106228
nhsn,2024-2025,Kansas,early_sep_mar,Early Sep-Mar,2025-02,0.11414299150938667,0.10565569895439779,0.185,67.63186813186815
nhsn,2024-2025,Kansas,early_sep_mar,Early Sep-Mar,2025-03,0.08779782442735411,0.07477437598969823,0.12500891612903228,23.514652014652015
nhsn,2024-2025,Kansas,early_sep_mar,Early Sep-Mar,2025-04,0.0,0.0,0.0,6.168498168498168
nhsn,2024-2025,Kansas,early_sep_mar,Early Sep-Mar,2025-05,0.0,0.0,0.0,2.8058608058608066
nhsn,2024-2025,Kansas,early_sep_mar,Early Sep-Mar,2025-06,0.0,0.0,0.0,0.4358974358974359
nhsn,2024-2025,Kansas,extended_sep_apr,Extended Sep-Apr,2024-01,0.0,0.0,0.0,76.41941391941393
nhsn,2024-2025,Kansas,extended_sep_apr,Extended Sep-Apr,2024-02,0.0,0.0271289211123027,0.034001724137931025,131.16483516483515
nhsn,2024-2025,Kansas,extended_sep_apr,Extended Sep-Apr,2024-03,0.14774683509641043,0.1449582506239924,0.1814790322580645,192.6904761904762
nhsn,2024-2025,Kansas,extended_sep_apr,Extended Sep-Apr,2024-04,0.14806408121462433,0.1475138358022011,0.18499999999999991,203.06227106227104
nhsn,2024-2025,Kansas,extended_sep_apr,Extended Sep-Apr,2024-05,0.1457813532311844,0.14555272310874554,0.18499999999999997,213.3992673992674
nhsn,2024-2025,Kansas,extended_sep_apr,Extended Sep-Apr,2024-06,0.1464684576269319,0.14565518001003244,0.18499999999999991,208.79487179487182
nhsn,2024-2025,Kansas,extended_sep_apr,Extended Sep-Apr,2024-07,0.1430762483600958,0.1429914827252207,0.18499999999999997,216.20512820512826
nhsn,2024-2025,Kansas,extended_sep_apr,Extended Sep-Apr,2024-08,0.1419432260276488,0.14190818158526244,0.18499999999999997,216.20512820512826
nhsn,2024-2025,Kansas,extended_sep_apr,Extended Sep-Apr,2024-09,0.14444145108751547,0.14413106061935527,0.18499999999999997,209.23076923076925
nhsn,2024-2025,Kansas,extended_sep_apr,Extended Sep-Apr,2024-10,0.1465772528225451,0.14666746174531206,0.185,215.96336996336998
nhsn,2024-2025,Kansas,extended_sep_apr,Extended Sep-Apr,2024-11,0.14832209259266105,0.14741731994236956,0.18499999999999997,205.93406593406593
nhsn,2024-2025,Kansas,extended_sep_apr,Extended Sep-Apr,2024-12,0.14282773502801427,0.1355472657165718,0.185,196.12087912087912
nhsn,2024-2025,Kansas,extended_sep_apr,Extended Sep-Apr,2025-01,0.1314670456021551,0.12651941567732372,0.185,136.27106227106228
nhsn,2024-2025,Kansas,extended_sep_apr,Extended Sep-Apr,2025-02,0.11414299150938667,0.10565569895439779,0.185,67.63186813186815
nhsn,2024-2025,Kansas,extended_sep_apr,Extended Sep-Apr,2025-03,0.09353785553283193,0.096999221507328,0.185,23.514652014652015
nhsn,2024-2025,Kansas,extended_sep_apr,Extended Sep-Apr,2025-04,0.11266499704295704,0.08488122062516137,0.12300921333333335,6.16849816849817
nhsn,2024-2025,Kansas,extended_sep_apr,Extended Sep-Apr,2025-05,0.0,0.0,0.0,2.8058608058608066
nhsn,2024-2025,Kansas,extended_sep_apr,Extended Sep-Apr,2025-06,0.0,0.0,0.0,0.4358974358974359
nhsn,2024-2025,Kansas,late_oct_apr,Late Oct-Apr,2024-01,0.0,0.0,0.0,76.41941391941393
nhsn,2024-2025,Kansas,late_oct_apr,Late Oct-Apr,2024-02,0.0,0.0,0.0,131.16483516483515
nhsn,2024-2025,Kansas,late_oct_apr,Late Oct-Apr,2024-03,0.0,0.027433439775016142,0.03425483870967742,192.6904761904762
nhsn,2024-2025,Kansas,late_oct_apr,Late Oct-Apr,2024-04,0.14811320677174022,0.14812128520426912,0.18499999999999991,203.06227106227104
nhsn,2024-2025,Kansas,late_oct_apr,Late Oct-Apr,2024-05,0.14721240114060338,0.14709031563320374,0.18499999999999997,213.3992673992674
nhsn,2024-2025,Kansas,late_oct_apr,Late Oct-Apr,2024-06,0.14655345086898397,0.14666682340202586,0.18499999999999991,208.79487179487182
nhsn,2024-2025,Kansas,late_oct_apr,Late Oct-Apr,2024-07,0.1465772528225451,0.14655842359947752,0.18499999999999997,216.20512820512826
nhsn,2024-2025,Kansas,late_oct_apr,Late Oct-Apr,2024-08,0.14639437405241817,0.14606865658606105,0.18499999999999997,216.20512820512826
nhsn,2024-2025,Kansas,late_oct_apr,Late Oct-Apr,2024-09,0.14552691062062936,0.14565640098143032,0.18499999999999991,209.23076923076925
nhsn,2024-2025,Kansas,late_oct_apr,Late Oct-Apr,2024-10,0.1465772528225451,0.14666746174531206,0.185,215.96336996336998
nhsn,2024-2025,Kansas,late_oct_apr,Late Oct-Apr,2024-11,0.14832209259266105,0.14741731994236956,0.18499999999999997,205.93406593406593
nhsn,2024-2025,Kansas,late_oct_apr,Late Oct-Apr,2024-12,0.14282773502801427,0.1355472657165718,0.185,196.12087912087912
nhsn,2024-2025,Kansas,late_oct_apr,Late Oct-Apr,2025-01,0.1314670456021551,0.12651941567732372,0.185,136.27106227106228
nhsn,2024-2025,Kansas,late_oct_apr,Late Oct-Apr,2025-02,0.11414299150938667,0.10565569895439779,0.185,67.63186813186815
nhsn,2024-2025,Kansas,late_oct_apr,Late Oct-Apr,2025-03,0.09353785553283193,0.096999221507328,0.185,23.514652014652015
nhsn,2024-2025,Kansas,late_oct_apr,Late Oct-Apr,2025-04,0.11266499704295704,0.08488122062516137,0.12300921333333335,6.16849816849817
nhsn,2024-2025,Kansas,late_oct_apr,Late Oct-Apr,2025-05,0.0,0.0,0.0,2.8058608058608066
nhsn,2024-2025,Kansas,late_oct_apr,Late Oct-Apr,2025-06,0.0,0.0,0.0,0.4358974358974359
nhsn,2024-2025,Kentucky,baseline_oct_mar,Baseline Oct-Mar,2024-01,0.0,0.0,0.0,239.92124542124543
nhsn,2024-2025,Kentucky,baseline_oct_mar,Baseline Oct-Mar,2024-02,0.0,0.0,0.0,288.2380952380952
nhsn,2024-2025,Kentucky,baseline_oct_mar,Baseline Oct-Mar,2024-03,0.0,0.027587181907951515,0.03425483870967742,350.2051282051282
nhsn,2024-2025,Kentucky,baseline_oct_mar,Baseline Oct-Mar,2024-04,0.14884342366603348,0.14849330208230996,0.18499999999999991,363.55860805860806
nhsn,2024-2025,Kentucky,baseline_oct_mar,Baseline Oct-Mar,2024-05,0.1428745568046167,0.14197740805107764,0.18499999999999997,390.10622710622715
nhsn,2024-2025,Kentucky,baseline_oct_mar,Baseline Oct-Mar,2024-06,0.14660005905106416,0.14609906505732684,0.18499999999999991,384.4487179487179
nhsn,2024-2025,Kentucky,baseline_oct_mar,Baseline Oct-Mar,2024-07,0.14194458151897854,0.14100663894372611,0.18499999999999997,399.4230769230769
nhsn,2024-2025,Kentucky,baseline_oct_mar,Baseline Oct-Mar,2024-08,0.14533457981023953,0.14501622043672904,0.18499999999999997,399.4230769230769
nhsn,2024-2025,Kentucky,baseline_oct_mar,Baseline Oct-Mar,2024-09,0.14372938302493526,0.14387218972595944,0.18499999999999991,386.53846153846155
nhsn,2024-2025,Kentucky,baseline_oct_mar,Baseline Oct-Mar,2024-10,0.14615350681756054,0.14536471198403098,0.185,398.03113553113553
nhsn,2024-2025,Kentucky,baseline_oct_mar,Baseline Oct-Mar,2024-11,0.1453377020760426,0.14046424986083875,0.18499999999999997,364.13553113553115
nhsn,2024-2025,Kentucky,baseline_oct_mar,Baseline Oct-Mar,2024-12,0.1257634198837613,0.12177377317620494,0.185,287.7472527472528
nhsn,2024-2025,Kentucky,baseline_oct_mar,Baseline Oct-Mar,2025-01,0.13086176632179808,0.12613303803288786,0.185,150.3956043956044
nhsn,2024-2025,Kentucky,baseline_oct_mar,Baseline Oct-Mar,2025-02,0.12701074892485037,0.12209553332222561,0.185,81.63736263736263
nhsn,2024-2025,Kentucky,baseline_oct_mar,Baseline Oct-Mar,2025-03,0.12070963440704376,0.08901815574224807,0.12500891612903228,49.217948717948715
nhsn,2024-2025,Kentucky,baseline_oct_mar,Baseline Oct-Mar,2025-04,0.0,0.0,0.0,22.979853479853478
nhsn,2024-2025,Kentucky,baseline_oct_mar,Baseline Oct-Mar,2025-05,0.0,0.0,0.0,9.316849816849818
nhsn,2024-2025,Kentucky,baseline_oct_mar,Baseline Oct-Mar,2025-06,0.0,0.0,0.0,2.0897435897435894
nhsn,2024-2025,Kentucky,early_sep_mar,Early Sep-Mar,2024-01,0.0,0.0,0.0,239.92124542124543
nhsn,2024-2025,Kentucky,early_sep_mar,Early Sep-Mar,2024-02,0.0,0.02720117799967,0.034001724137931025,288.2380952380952
nhsn,2024-2025,Kentucky,early_sep_mar,Early Sep-Mar,2024-03,0.1482786280715947,0.14552386920933044,0.1814790322580645,350.2051282051282
nhsn,2024-2025,Kentucky,early_sep_mar,Early Sep-Mar,2024-04,0.14884342366603348,0.14796280494515104,0.18499999999999991,363.55860805860806
nhsn,2024-2025,Kentucky,early_sep_mar,Early Sep-Mar,2024-05,0.14319233791475022,0.14343478311984517,0.18499999999999997,390.10622710622715
nhsn,2024-2025,Kentucky,early_sep_mar,Early Sep-Mar,2024-06,0.14631456136236282,0.1445916626567077,0.18499999999999991,384.4487179487179
nhsn,2024-2025,Kentucky,early_sep_mar,Early Sep-Mar,2024-07,0.1390823160550892,0.13899022854827345,0.18499999999999997,399.4230769230769
nhsn,2024-2025,Kentucky,early_sep_mar,Early Sep-Mar,2024-08,0.13722660675543363,0.13741367498156157,0.18499999999999997,399.4230769230769
nhsn,2024-2025,Kentucky,early_sep_mar,Early Sep-Mar,2024-09,0.14097530561180113,0.14097661836818812,0.18499999999999997,386.53846153846155
nhsn,2024-2025,Kentucky,early_sep_mar,Early Sep-Mar,2024-10,0.14615350681756054,0.14536471198403098,0.185,398.03113553113553
nhsn,2024-2025,Kentucky,early_sep_mar,Early Sep-Mar,2024-11,0.1453377020760426,0.14046424986083875,0.18499999999999997,364.13553113553115
nhsn,2024-2025,Kentucky,early_sep_mar,Early Sep-Mar,2024-12,0.1257634198837613,0.12177377317620494,0.185,287.7472527472528
nhsn,2024-2025,Kentucky,early_sep_mar,Early Sep-Mar,2025-01,0.13086176632179808,0.12613303803288786,0.185,150.3956043956044
nhsn,2024-2025,Kentucky,early_sep_mar,Early Sep-Mar,2025-02,0.12701074892485037,0.12209553332222561,0.185,81.63736263736263
nhsn,2024-2025,Kentucky,early_sep_mar,Early Sep-Mar,2025-03,0.12070963440704376,0.08901815574224807,0.12500891612903228,49.217948717948715
nhsn,2024-2025,Kentucky,early_sep_mar,Early Sep-Mar,2025-04,0.0,0.0,0.0,22.979853479853478
nhsn,2024-2025,Kentucky,early_sep_mar,Early Sep-Mar,2025-05,0.0,0.0,0.0,9.316849816849818
nhsn,2024-2025,Kentucky,early_sep_mar,Early Sep-Mar,2025-06,0.0,0.0,0.0,2.0897435897435894
nhsn,2024-2025,Kentucky,extended_sep_apr,Extended Sep-Apr,2024-01,0.0,0.0,0.0,239.92124542124543
nhsn,2024-2025,Kentucky,extended_sep_apr,Extended Sep-Apr,2024-02,0.0,0.02720117799967,0.034001724137931025,288.2380952380952
nhsn,2024-2025,Kentucky,extended_sep_apr,Extended Sep-Apr,2024-03,0.1482786280715947,0.14552386920933044,0.1814790322580645,350.2051282051282
nhsn,2024-2025,Kentucky,extended_sep_apr,Extended Sep-Apr,2024-04,0.14884342366603348,0.14796280494515104,0.18499999999999991,363.55860805860806
nhsn,2024-2025,Kentucky,extended_sep_apr,Extended Sep-Apr,2024-05,0.14319233791475022,0.14343478311984517,0.18499999999999997,390.10622710622715
nhsn,2024-2025,Kentucky,extended_sep_apr,Extended Sep-Apr,2024-06,0.14631456136236282,0.1445916626567077,0.18499999999999991,384.4487179487179
nhsn,2024-2025,Kentucky,extended_sep_apr,Extended Sep-Apr,2024-07,0.1390823160550892,0.13899022854827345,0.18499999999999997,399.4230769230769
nhsn,2024-2025,Kentucky,extended_sep_apr,Extended Sep-Apr,2024-08,0.13722660675543363,0.13741367498156157,0.18499999999999997,399.4230769230769
nhsn,2024-2025,Kentucky,extended_sep_apr,Extended Sep-Apr,2024-09,0.14097530561180113,0.14097661836818812,0.18499999999999997,386.53846153846155
nhsn,2024-2025,Kentucky,extended_sep_apr,Extended Sep-Apr,2024-10,0.14615350681756054,0.14536471198403098,0.185,398.03113553113553
nhsn,2024-2025,Kentucky,extended_sep_apr,Extended Sep-Apr,2024-11,0.1453377020760426,0.14046424986083875,0.18499999999999997,364.13553113553115
nhsn,2024-2025,Kentucky,extended_sep_apr,Extended Sep-Apr,2024-12,0.1257634198837613,0.12177377317620494,0.185,287.7472527472528
nhsn,2024-2025,Kentucky,extended_sep_apr,Extended Sep-Apr,2025-01,0.13086176632179808,0.12613303803288786,0.185,150.3956043956044
nhsn,2024-2025,Kentucky,extended_sep_apr,Extended Sep-Apr,2025-02,0.12701074892485037,0.12209553332222561,0.185,81.63736263736263
nhsn,2024-2025,Kentucky,extended_sep_apr,Extended Sep-Apr,2025-03,0.12263320710324162,0.11860827049084846,0.185,49.217948717948715
nhsn,2024-2025,Kentucky,extended_sep_apr,Extended Sep-Apr,2025-04,0.12482827764403177,0.08889252549540536,0.12300921333333335,22.979853479853478
nhsn,2024-2025,Kentucky,extended_sep_apr,Extended Sep-Apr,2025-05,0.0,0.0,0.0,9.316849816849818
nhsn,2024-2025,Kentucky,extended_sep_apr,Extended Sep-Apr,2025-06,0.0,0.0,0.0,2.0897435897435894
nhsn,2024-2025,Kentucky,late_oct_apr,Late Oct-Apr,2024-01,0.0,0.0,0.0,239.92124542124543
nhsn,2024-2025,Kentucky,late_oct_apr,Late Oct-Apr,2024-02,0.0,0.0,0.0,288.2380952380952
nhsn,2024-2025,Kentucky,late_oct_apr,Late Oct-Apr,2024-03,0.0,0.027587181907951515,0.03425483870967742,350.2051282051282
nhsn,2024-2025,Kentucky,late_oct_apr,Late Oct-Apr,2024-04,0.14884342366603348,0.14849330208230996,0.18499999999999991,363.55860805860806
nhsn,2024-2025,Kentucky,late_oct_apr,Late Oct-Apr,2024-05,0.1428745568046167,0.14197740805107764,0.18499999999999997,390.10622710622715
nhsn,2024-2025,Kentucky,late_oct_apr,Late Oct-Apr,2024-06,0.14660005905106416,0.14609906505732684,0.18499999999999991,384.4487179487179
nhsn,2024-2025,Kentucky,late_oct_apr,Late Oct-Apr,2024-07,0.14194458151897854,0.14100663894372611,0.18499999999999997,399.4230769230769
nhsn,2024-2025,Kentucky,late_oct_apr,Late Oct-Apr,2024-08,0.14533457981023953,0.14501622043672904,0.18499999999999997,399.4230769230769
nhsn,2024-2025,Kentucky,late_oct_apr,Late Oct-Apr,2024-09,0.14372938302493526,0.14387218972595944,0.18499999999999991,386.53846153846155
nhsn,2024-2025,Kentucky,late_oct_apr,Late Oct-Apr,2024-10,0.14615350681756054,0.14536471198403098,0.185,398.03113553113553
nhsn,2024-2025,Kentucky,late_oct_apr,Late Oct-Apr,2024-11,0.1453377020760426,0.14046424986083875,0.18499999999999997,364.13553113553115
nhsn,2024-2025,Kentucky,late_oct_apr,Late Oct-Apr,2024-12,0.1257634198837613,0.12177377317620494,0.185,287.7472527472528
nhsn,2024-2025,Kentucky,late_oct_apr,Late Oct-Apr,2025-01,0.13086176632179808,0.12613303803288786,0.185,150.3956043956044
nhsn,2024-2025,Kentucky,late_oct_apr,Late Oct-Apr,2025-02,0.12701074892485037,0.12209553332222561,0.185,81.63736263736263
nhsn,2024-2025,Kentucky,late_oct_apr,Late Oct-Apr,2025-03,0.12263320710324162,0.11860827049084846,0.185,49.217948717948715
nhsn,2024-2025,Kentucky,late_oct_apr,Late Oct-Apr,2025-04,0.12482827764403177,0.08889252549540536,0.12300921333333335,22.979853479853478
nhsn,2024-2025,Kentucky,late_oct_apr,Late Oct-Apr,2025-05,0.0,0.0,0.0,9.316849816849818
nhsn,2024-2025,Kentucky,late_oct_apr,Late Oct-Apr,2025-06,0.0,0.0,0.0,2.0897435897435894
nhsn,2024-2025,Louisiana,baseline_oct_mar,Baseline Oct-Mar,2024-01,0.0,0.0,0.0,307.4432234432235
nhsn,2024-2025,Louisiana,baseline_oct_mar,Baseline Oct-Mar,2024-02,0.0,0.0,0.0,339.8131868131868
nhsn,2024-2025,Louisiana,baseline_oct_mar,Baseline Oct-Mar,2024-03,0.0,0.027731307478695517,0.03425483870967742,385.75091575091574
nhsn,2024-2025,Louisiana,baseline_oct_mar,Baseline Oct-Mar,2024-04,0.1504195577090641,0.14928839109080333,0.18499999999999991,383.09890109890114
nhsn,2024-2025,Louisiana,baseline_oct_mar,Baseline Oct-Mar,2024-05,0.13564628194412082,0.13493786162380744,0.18499999999999997,404.0567765567765
nhsn,2024-2025,Louisiana,baseline_oct_mar,Baseline Oct-Mar,2024-06,0.14845735048881176,0.14763315122359522,0.18499999999999991,395.87179487179486
nhsn,2024-2025,Louisiana,baseline_oct_mar,Baseline Oct-Mar,2024-07,0.13521357707539314,0.13435015658441987,0.18499999999999997,410.5512820512821
nhsn,2024-2025,Louisiana,baseline_oct_mar,Baseline Oct-Mar,2024-08,0.14776674906700268,0.14754418672973654,0.18499999999999997,410.5512820512821
nhsn,2024-2025,Louisiana,baseline_oct_mar,Baseline Oct-Mar,2024-09,0.14646511056997213,0.1466156873575531,0.18499999999999991,397.3076923076924
nhsn,2024-2025,Louisiana,baseline_oct_mar,Baseline Oct-Mar,2024-10,0.147780242292932,0.14579820175049962,0.185,409.007326007326
nhsn,2024-2025,Louisiana,baseline_oct_mar,Baseline Oct-Mar,2024-11,0.13857558638353884,0.13114765712468351,0.18499999999999997,352.9157509157509
nhsn,2024-2025,Louisiana,baseline_oct_mar,Baseline Oct-Mar,2024-12,0.11528460525309478,0.11307478704623324,0.185,222.08608058608058
nhsn,2024-2025,Louisiana,baseline_oct_mar,Baseline Oct-Mar,2025-01,0.1245743678406004,0.11869547320973922,0.185,91.94871794871796
nhsn,2024-2025,Louisiana,baseline_oct_mar,Baseline Oct-Mar,2025-02,0.1211078579743302,0.11820398771679469,0.185,42.166666666666664
nhsn,2024-2025,Louisiana,baseline_oct_mar,Baseline Oct-Mar,2025-03,0.1296779576949768,0.0935856067277533,0.12500891612903228,24.8003663003663
nhsn,2024-2025,Louisiana,baseline_oct_mar,Baseline Oct-Mar,2025-04,0.0,0.0,0.0,14.20879120879121
nhsn,2024-2025,Louisiana,baseline_oct_mar,Baseline Oct-Mar,2025-05,0.0,0.0,0.0,6.4945054945054945
nhsn,2024-2025,Louisiana,baseline_oct_mar,Baseline Oct-Mar,2025-06,0.0,0.0,0.0,1.4358974358974357
nhsn,2024-2025,Louisiana,early_sep_mar,Early Sep-Mar,2024-01,0.0,0.0,0.0,307.4432234432235
nhsn,2024-2025,Louisiana,early_sep_mar,Early Sep-Mar,2024-02,0.0,0.027236309227523497,0.034001724137931025,339.8131868131868
nhsn,2024-2025,Louisiana,early_sep_mar,Early Sep-Mar,2024-03,0.1485300079190637,0.14588712821459632,0.1814790322580645,385.75091575091574
nhsn,2024-2025,Louisiana,early_sep_mar,Early Sep-Mar,2024-04,0.1504195577090641,0.14947841040079934,0.18499999999999991,383.09890109890114
nhsn,2024-2025,Louisiana,early_sep_mar,Early Sep-Mar,2024-05,0.14581776218607057,0.14607593966757518,0.18499999999999997,404.0567765567765
nhsn,2024-2025,Louisiana,early_sep_mar,Early Sep-Mar,2024-06,0.14839471824733214,0.1472083113559341,0.18499999999999991,395.87179487179486
nhsn,2024-2025,Louisiana,early_sep_mar,Early Sep-Mar,2024-07,0.1429473288956929,0.14296836281372904,0.18499999999999997,410.5512820512821
nhsn,2024-2025,Louisiana,early_sep_mar,Early Sep-Mar,2024-08,0.14166932609597566,0.1419622131383624,0.18499999999999997,410.5512820512821
nhsn,2024-2025,Louisiana,early_sep_mar,Early Sep-Mar,2024-09,0.14419432010100255,0.1444032964796735,0.18499999999999997,397.30769230769226
nhsn,2024-2025,Louisiana,early_sep_mar,Early Sep-Mar,2024-10,0.147780242292932,0.14579820175049962,0.185,409.007326007326
nhsn,2024-2025,Louisiana,early_sep_mar,Early Sep-Mar,2024-11,0.13857558638353884,0.13114765712468351,0.18499999999999997,352.9157509157509
nhsn,2024-2025,Louisiana,early_sep_mar,Early Sep-Mar,2024-12,0.11528460525309478,0.11307478704623324,0.185,222.08608058608058
nhsn,2024-2025,Louisiana,early_sep_mar,Early Sep-Mar,2025-01,0.1245743678406004,0.11869547320973922,0.185,91.94871794871796
nhsn,2024-2025,Louisiana,early_sep_mar,Early Sep-Mar,2025-02,0.1211078579743302,0.11820398771679469,0.185,42.166666666666664
nhsn,2024-2025,Louisiana,early_sep_mar,Early Sep-Mar,2025-03,0.1296779576949768,0.0935856067277533,0.12500891612903228,24.8003663003663
nhsn,2024-2025,Louisiana,early_sep_mar,Early Sep-Mar,2025-04,0.0,0.0,0.0,14.20879120879121
nhsn,2024-2025,Louisiana,early_sep_mar,Early Sep-Mar,2025-05,0.0,0.0,0.0,6.4945054945054945
nhsn,2024-2025,Louisiana,early_sep_mar,Early Sep-Mar,2025-06,0.0,0.0,0.0,1.4358974358974357
nhsn,2024-2025,Louisiana,extended_sep_apr,Extended Sep-Apr,2024-01,0.0,0.0,0.0,307.4432234432235
nhsn,2024-2025,Louisiana,extended_sep_apr,Extended Sep-Apr,2024-02,0.0,0.027236309227523497,0.034001724137931025,339.8131868131868
nhsn,2024-2025,Louisiana,extended_sep_apr,Extended Sep-Apr,2024-03,0.1485300079190637,0.14588712821459632,0.1814790322580645,385.75091575091574
nhsn,2024-2025,Louisiana,extended_sep_apr,Extended Sep-Apr,2024-04,0.1504195577090641,0.14947841040079934,0.18499999999999991,383.09890109890114
nhsn,2024-2025,Louisiana,extended_sep_apr,Extended Sep-Apr,2024-05,0.14581776218607057,0.14607593966757518,0.18499999999999997,404.0567765567765
nhsn,2024-2025,Louisiana,extended_sep_apr,Extended Sep-Apr,2024-06,0.14839471824733214,0.1472083113559341,0.18499999999999991,395.87179487179486
nhsn,2024-2025,Louisiana,extended_sep_apr,Extended Sep-Apr,2024-07,0.1429473288956929,0.14296836281372904,0.18499999999999997,410.5512820512821
nhsn,2024-2025,Louisiana,extended_sep_apr,Extended Sep-Apr,2024-08,0.14166932609597566,0.1419622131383624,0.18499999999999997,410.5512820512821
nhsn,2024-2025,Louisiana,extended_sep_apr,Extended Sep-Apr,2024-09,0.14419432010100255,0.1444032964796735,0.18499999999999997,397.30769230769226
nhsn,2024-2025,Louisiana,extended_sep_apr,Extended Sep-Apr,2024-10,0.147780242292932,0.14579820175049962,0.185,409.007326007326
nhsn,2024-2025,Louisiana,extended_sep_apr,Extended Sep-Apr,2024-11,0.13857558638353884,0.13114765712468351,0.18499999999999997,352.9157509157509
nhsn,2024-2025,Louisiana,extended_sep_apr,Extended Sep-Apr,2024-12,0.11528460525309478,0.11307478704623324,0.185,222.08608058608058
nhsn,2024-2025,Louisiana,extended_sep_apr,Extended Sep-Apr,2025-01,0.1245743678406004,0.11869547320973922,0.185,91.94871794871796
nhsn,2024-2025,Louisiana,extended_sep_apr,Extended Sep-Apr,2025-02,0.1211078579743302,0.11820398771679469,0.185,42.166666666666664
nhsn,2024-2025,Louisiana,extended_sep_apr,Extended Sep-Apr,2025-03,0.13241854158207383,0.1279733535923288,0.185,24.8003663003663
nhsn,2024-2025,Louisiana,extended_sep_apr,Extended Sep-Apr,2025-04,0.12171717264335664,0.0887603748183429,0.12300921333333335,14.20879120879121
nhsn,2024-2025,Louisiana,extended_sep_apr,Extended Sep-Apr,2025-05,0.0,0.0,0.0,6.4945054945054945
nhsn,2024-2025,Louisiana,extended_sep_apr,Extended Sep-Apr,2025-06,0.0,0.0,0.0,1.4358974358974357
nhsn,2024-2025,Louisiana,late_oct_apr,Late Oct-Apr,2024-01,0.0,0.0,0.0,307.4432234432235
nhsn,2024-2025,Louisiana,late_oct_apr,Late Oct-Apr,2024-02,0.0,0.0,0.0,339.8131868131868
nhsn,2024-2025,Louisiana,late_oct_apr,Late Oct-Apr,2024-03,0.0,0.027731307478695517,0.03425483870967742,385.75091575091574
nhsn,2024-2025,Louisiana,late_oct_apr,Late Oct-Apr,2024-04,0.1504195577090641,0.14928839109080333,0.18499999999999991,383.09890109890114
nhsn,2024-2025,Louisiana,late_oct_apr,Late Oct-Apr,2024-05,0.13564628194412082,0.13493786162380744,0.18499999999999997,404.0567765567765
nhsn,2024-2025,Louisiana,late_oct_apr,Late Oct-Apr,2024-06,0.14845735048881176,0.14763315122359522,0.18499999999999991,395.87179487179486
nhsn,2024-2025,Louisiana,late_oct_apr,Late Oct-Apr,2024-07,0.13521357707539314,0.13435015658441987,0.18499999999999997,410.5512820512821
nhsn,2024-2025,Louisiana,late_oct_apr,Late Oct-Apr,2024-08,0.14776674906700268,0.14754418672973654,0.18499999999999997,410.5512820512821
nhsn,2024-2025,Louisiana,late_oct_apr,Late Oct-Apr,2024-09,0.14646511056997213,0.1466156873575531,0.18499999999999991,397.3076923076924
nhsn,2024-2025,Louisiana,late_oct_apr,Late Oct-Apr,2024-10,0.147780242292932,0.14579820175049962,0.185,409.007326007326
nhsn,2024-2025,Louisiana,late_oct_apr,Late Oct-Apr,2024-11,0.13857558638353884,0.13114765712468351,0.18499999999999997,352.9157509157509
nhsn,2024-2025,Louisiana,late_oct_apr,Late Oct-Apr,2024-12,0.11528460525309478,0.11307478704623324,0.185,222.08608058608058
nhsn,2024-2025,Louisiana,late_oct_apr,Late Oct-Apr,2025-01,0.1245743678406004,0.11869547320973922,0.185,91.94871794871796
nhsn,2024-2025,Louisiana,late_oct_apr,Late Oct-Apr,2025-02,0.1211078579743302,0.11820398771679469,0.185,42.166666666666664
nhsn,2024-2025,Louisiana,late_oct_apr,Late Oct-Apr,2025-03,0.13241854158207383,0.1279733535923288,0.185,24.8003663003663
nhsn,2024-2025,Louisiana,late_oct_apr,Late Oct-Apr,2025-04,0.12171717264335664,0.0887603748183429,0.12300921333333335,14.20879120879121
nhsn,2024-2025,Louisiana,late_oct_apr,Late Oct-Apr,2025-05,0.0,0.0,0.0,6.4945054945054945
nhsn,2024-2025,Louisiana,late_oct_apr,Late Oct-Apr,2025-06,0.0,0.0,0.0,1.4358974358974357
nhsn,2024-2025,Maine,baseline_oct_mar,Baseline Oct-Mar,2024-01,0.0,0.0,0.0,18.35164835164835
nhsn,2024-2025,Maine,baseline_oct_mar,Baseline Oct-Mar,2024-02,0.0,0.0,0.0,39.206959706959694
nhsn,2024-2025,Maine,baseline_oct_mar,Baseline Oct-Mar,2024-03,0.0,0.027422813475346638,0.03425483870967742,52.600732600732606
nhsn,2024-2025,Maine,baseline_oct_mar,Baseline Oct-Mar,2024-04,0.14833579856017967,0.14832224535400867,0.18499999999999991,56.2967032967033
nhsn,2024-2025,Maine,baseline_oct_mar,Baseline Oct-Mar,2024-05,0.14760995282537367,0.14736083623671714,0.18499999999999997,59.96153846153847
nhsn,2024-2025,Maine,baseline_oct_mar,Baseline Oct-Mar,2024-06,0.14756442295204797,0.1473680919496841,0.18499999999999991,58.46153846153847
nhsn,2024-2025,Maine,baseline_oct_mar,Baseline Oct-Mar,2024-07,0.14760013581155684,0.14730018035829834,0.18499999999999997,60.41025641025642
nhsn,2024-2025,Maine,baseline_oct_mar,Baseline Oct-Mar,2024-08,0.1466893631762974,0.1470236327922926,0.18499999999999997,60.41025641025642
nhsn,2024-2025,Maine,baseline_oct_mar,Baseline Oct-Mar,2024-09,0.1460327170132499,0.14625193808795373,0.18499999999999991,58.46153846153847
nhsn,2024-2025,Maine,baseline_oct_mar,Baseline Oct-Mar,2024-10,0.14774282869761815,0.1475303254931287,0.185,60.41025641025641
nhsn,2024-2025,Maine,baseline_oct_mar,Baseline Oct-Mar,2024-11,0.148360027308898,0.14777327992377134,0.18499999999999997,57.858974358974365
nhsn,2024-2025,Maine,baseline_oct_mar,Baseline Oct-Mar,2024-12,0.14846401656741695,0.14145949965311808,0.185,56.417582417582416
nhsn,2024-2025,Maine,baseline_oct_mar,Baseline Oct-Mar,2025-01,0.11930542444418027,0.1159926789490842,0.185,41.001831501831504
nhsn,2024-2025,Maine,baseline_oct_mar,Baseline Oct-Mar,2025-02,0.11698941114767589,0.11258144393897308,0.185,16.413919413919412
nhsn,2024-2025,Maine,baseline_oct_mar,Baseline Oct-Mar,2025-03,0.11199651934079906,0.08709863130399687,0.12500891612903228,7.80952380952381
nhsn,2024-2025,Maine,baseline_oct_mar,Baseline Oct-Mar,2025-04,0.0,0.0,0.0,2.1648351648351647
nhsn,2024-2025,Maine,baseline_oct_mar,Baseline Oct-Mar,2025-05,0.0,0.0,0.0,0.4487179487179487
nhsn,2024-2025,Maine,baseline_oct_mar,Baseline Oct-Mar,2025-06,,,0.0,0.0
nhsn,2024-2025,Maine,early_sep_mar,Early Sep-Mar,2024-01,0.0,0.0,0.0,18.35164835164835
nhsn,2024-2025,Maine,early_sep_mar,Early Sep-Mar,2024-02,0.0,0.02711480439026307,0.034001724137931025,39.206959706959694
nhsn,2024-2025,Maine,early_sep_mar,Early Sep-Mar,2024-03,0.1476879970143107,0.14491712181735367,0.1814790322580645,52.600732600732606
nhsn,2024-2025,Maine,early_sep_mar,Early Sep-Mar,2024-04,0.1482970359688808,0.14694184062688673,0.18499999999999991,56.2967032967033
nhsn,2024-2025,Maine,early_sep_mar,Early Sep-Mar,2024-05,0.1449556187067871,0.1438893272036132,0.18499999999999997,59.96153846153847
nhsn,2024-2025,Maine,early_sep_mar,Early Sep-Mar,2024-06,0.1466893631762974,0.14556881308123454,0.18499999999999991,58.46153846153847
nhsn,2024-2025,Maine,early_sep_mar,Early Sep-Mar,2024-07,0.1412468266404648,0.14147360101121922,0.18499999999999997,60.41025641025642
nhsn,2024-2025,Maine,early_sep_mar,Early Sep-Mar,2024-08,0.1395840933014354,0.13886858413726766,0.18499999999999997,60.41025641025642
nhsn,2024-2025,Maine,early_sep_mar,Early Sep-Mar,2024-09,0.14513953197460439,0.14366159189603603,0.18499999999999997,58.46153846153846
nhsn,2024-2025,Maine,early_sep_mar,Early Sep-Mar,2024-10,0.14774282869761815,0.1475303254931287,0.185,60.41025641025641
nhsn,2024-2025,Maine,early_sep_mar,Early Sep-Mar,2024-11,0.148360027308898,0.14777327992377134,0.18499999999999997,57.858974358974365
nhsn,2024-2025,Maine,early_sep_mar,Early Sep-Mar,2024-12,0.14846401656741695,0.14145949965311808,0.185,56.417582417582416
nhsn,2024-2025,Maine,early_sep_mar,Early Sep-Mar,2025-01,0.11930542444418027,0.1159926789490842,0.185,41.001831501831504
nhsn,2024-2025,Maine,early_sep_mar,Early Sep-Mar,2025-02,0.11698941114767589,0.11258144393897308,0.185,16.413919413919412
nhsn,2024-2025,Maine,early_sep_mar,Early Sep-Mar,2025-03,0.11199651934079906,0.08709863130399687,0.12500891612903228,7.80952380952381
nhsn,2024-2025,Maine,early_sep_mar,Early Sep-Mar,2025-04,0.0,0.0,0.0,2.1648351648351647
nhsn,2024-2025,Maine,early_sep_mar,Early Sep-Mar,2025-05,0.0,0.0,0.0,0.4487179487179487
nhsn,2024-2025,Maine,early_sep_mar,Early Sep-Mar,2025-06,,,0.0,0.0
nhsn,2024-2025,Maine,extended_sep_apr,Extended Sep-Apr,2024-01,0.0,0.0,0.0,18.35164835164835
nhsn,2024-2025,Maine,extended_sep_apr,Extended Sep-Apr,2024-02,0.0,0.02711480439026307,0.034001724137931025,39.206959706959694
nhsn,2024-2025,Maine,extended_sep_apr,Extended Sep-Apr,2024-03,0.1476879970143107,0.14491712181735367,0.1814790322580645,52.600732600732606
nhsn,2024-2025,Maine,extended_sep_apr,Extended Sep-Apr,2024-04,0.1482970359688808,0.14694184062688673,0.18499999999999991,56.2967032967033
nhsn,2024-2025,Maine,extended_sep_apr,Extended Sep-Apr,2024-05,0.1449556187067871,0.1438893272036132,0.18499999999999997,59.96153846153847
nhsn,2024-2025,Maine,extended_sep_apr,Extended Sep-Apr,2024-06,0.1466893631762974,0.14556881308123454,0.18499999999999991,58.46153846153847
nhsn,2024-2025,Maine,extended_sep_apr,Extended Sep-Apr,2024-07,0.1412468266404648,0.14147360101121922,0.18499999999999997,60.41025641025642
nhsn,2024-2025,Maine,extended_sep_apr,Extended Sep-Apr,2024-08,0.1395840933014354,0.13886858413726766,0.18499999999999997,60.41025641025642
nhsn,2024-2025,Maine,extended_sep_apr,Extended Sep-Apr,2024-09,0.14513953197460439,0.14366159189603603,0.18499999999999997,58.46153846153846
nhsn,2024-2025,Maine,extended_sep_apr,Extended Sep-Apr,2024-10,0.14774282869761815,0.1475303254931287,0.185,60.41025641025641
nhsn,2024-2025,Maine,extended_sep_apr,Extended Sep-Apr,2024-11,0.148360027308898,0.14777327992377134,0.18499999999999997,57.858974358974365
nhsn,2024-2025,Maine,extended_sep_apr,Extended Sep-Apr,2024-12,0.14846401656741695,0.14145949965311808,0.185,56.417582417582416
nhsn,2024-2025,Maine,extended_sep_apr,Extended Sep-Apr,2025-01,0.11930542444418027,0.1159926789490842,0.185,41.001831501831504
nhsn,2024-2025,Maine,extended_sep_apr,Extended Sep-Apr,2025-02,0.11698941114767589,0.11258144393897308,0.185,16.413919413919412
nhsn,2024-2025,Maine,extended_sep_apr,Extended Sep-Apr,2025-03,0.11199651934079906,0.10661028968501787,0.185,7.80952380952381
nhsn,2024-2025,Maine,extended_sep_apr,Extended Sep-Apr,2025-04,0.0628573076923077,0.07103509557978051,0.12300921333333335,2.164835164835165
nhsn,2024-2025,Maine,extended_sep_apr,Extended Sep-Apr,2025-05,0.0,0.0,0.0,0.4487179487179487
nhsn,2024-2025,Maine,extended_sep_apr,Extended Sep-Apr,2025-06,,,0.0,0.0
nhsn,2024-2025,Maine,late_oct_apr,Late Oct-Apr,2024-01,0.0,0.0,0.0,18.35164835164835
nhsn,2024-2025,Maine,late_oct_apr,Late Oct-Apr,2024-02,0.0,0.0,0.0,39.206959706959694
nhsn,2024-2025,Maine,late_oct_apr,Late Oct-Apr,2024-03,0.0,0.027422813475346638,0.03425483870967742,52.600732600732606
nhsn,2024-2025,Maine,late_oct_apr,Late Oct-Apr,2024-04,0.14833579856017967,0.14832224535400867,0.18499999999999991,56.2967032967033
nhsn,2024-2025,Maine,late_oct_apr,Late Oct-Apr,2024-05,0.14760995282537367,0.14736083623671714,0.18499999999999997,59.96153846153847
nhsn,2024-2025,Maine,late_oct_apr,Late Oct-Apr,2024-06,0.14756442295204797,0.1473680919496841,0.18499999999999991,58.46153846153847
nhsn,2024-2025,Maine,late_oct_apr,Late Oct-Apr,2024-07,0.14760013581155684,0.14730018035829834,0.18499999999999997,60.41025641025642
nhsn,2024-2025,Maine,late_oct_apr,Late Oct-Apr,2024-08,0.1466893631762974,0.1470236327922926,0.18499999999999997,60.41025641025642
nhsn,2024-2025,Maine,late_oct_apr,Late Oct-Apr,2024-09,0.1460327170132499,0.14625193808795373,0.18499999999999991,58.46153846153847
nhsn,2024-2025,Maine,late_oct_apr,Late Oct-Apr,2024-10,0.14774282869761815,0.1475303254931287,0.185,60.41025641025641
nhsn,2024-2025,Maine,late_oct_apr,Late Oct-Apr,2024-11,0.148360027308898,0.14777327992377134,0.18499999999999997,57.858974358974365
nhsn,2024-2025,Maine,late_oct_apr,Late Oct-Apr,2024-12,0.14846401656741695,0.14145949965311808,0.185,56.417582417582416
nhsn,2024-2025,Maine,late_oct_apr,Late Oct-Apr,2025-01,0.11930542444418027,0.1159926789490842,0.185,41.001831501831504
nhsn,2024-2025,Maine,late_oct_apr,Late Oct-Apr,2025-02,0.11698941114767589,0.11258144393897308,0.185,16.413919413919412
nhsn,2024-2025,Maine,late_oct_apr,Late Oct-Apr,2025-03,0.11199651934079906,0.10661028968501787,0.185,7.80952380952381
nhsn,2024-2025,Maine,late_oct_apr,Late Oct-Apr,2025-04,0.0628573076923077,0.07103509557978051,0.12300921333333335,2.164835164835165
nhsn,2024-2025,Maine,late_oct_apr,Late Oct-Apr,2025-05,0.0,0.0,0.0,0.4487179487179487
nhsn,2024-2025,Maine,late_oct_apr,Late Oct-Apr,2025-06,,,0.0,0.0
nhsn,2024-2025,Maryland,baseline_oct_mar,Baseline Oct-Mar,2024-01,0.0,0.0,0.0,234.8131868131868
nhsn,2024-2025,Maryland,baseline_oct_mar,Baseline Oct-Mar,2024-02,0.0,0.0,0.0,252.01831501831504
nhsn,2024-2025,Maryland,baseline_oct_mar,Baseline Oct-Mar,2024-03,0.0,0.027760433295011586,0.03425483870967742,282.07326007326003
nhsn,2024-2025,Maryland,baseline_oct_mar,Baseline Oct-Mar,2024-04,0.15095648525544847,0.14958830489057248,0.18499999999999991,278.5421245421245
nhsn,2024-2025,Maryland,baseline_oct_mar,Baseline Oct-Mar,2024-05,0.13282746916806765,0.13215591044923755,0.18499999999999997,289.7692307692308
nhsn,2024-2025,Maryland,baseline_oct_mar,Baseline Oct-Mar,2024-06,0.15026240960798337,0.148590667588098,0.18499999999999991,282.4230769230769
nhsn,2024-2025,Maryland,baseline_oct_mar,Baseline Oct-Mar,2024-07,0.13161063317602562,0.1312292990858807,0.18499999999999997,293.7051282051283
nhsn,2024-2025,Maryland,baseline_oct_mar,Baseline Oct-Mar,2024-08,0.14908597152509198,0.14883371233162496,0.18499999999999997,293.7051282051283
nhsn,2024-2025,Maryland,baseline_oct_mar,Baseline Oct-Mar,2024-09,0.14752271065875938,0.14788730800826325,0.18499999999999991,284.2307692307693
nhsn,2024-2025,Maryland,baseline_oct_mar,Baseline Oct-Mar,2024-10,0.14850547518246301,0.1453115584118621,0.185,293.0897435897436
nhsn,2024-2025,Maryland,baseline_oct_mar,Baseline Oct-Mar,2024-11,0.13503806423687836,0.12934162713204483,0.18499999999999997,246.38461538461542
nhsn,2024-2025,Maryland,baseline_oct_mar,Baseline Oct-Mar,2024-12,0.10714217862804788,0.10682436522485832,0.185,146.62637362637363
nhsn,2024-2025,Maryland,baseline_oct_mar,Baseline Oct-Mar,2025-01,0.12094805860805863,0.11600089334806958,0.185,50.49084249084249
nhsn,2024-2025,Maryland,baseline_oct_mar,Baseline Oct-Mar,2025-02,0.11647250906847163,0.11538854275563512,0.185,21.664835164835168
nhsn,2024-2025,Maryland,baseline_oct_mar,Baseline Oct-Mar,2025-03,0.12273434597698028,0.09081028299349715,0.12500891612903228,11.631868131868133
nhsn,2024-2025,Maryland,baseline_oct_mar,Baseline Oct-Mar,2025-04,0.0,0.0,0.0,5.688644688644688
nhsn,2024-2025,Maryland,baseline_oct_mar,Baseline Oct-Mar,2025-05,0.0,0.0,0.0,3.9358974358974352
nhsn,2024-2025,Maryland,baseline_oct_mar,Baseline Oct-Mar,2025-06,0.0,0.0,0.0,1.8076923076923075
nhsn,2024-2025,Maryland,early_sep_mar,Early Sep-Mar,2024-01,0.0,0.0,0.0,234.8131868131868
nhsn,2024-2025,Maryland,early_sep_mar,Early Sep-Mar,2024-02,0.0,0.027245015992956423,0.034001724137931025,252.01831501831504
nhsn,2024-2025,Maryland,early_sep_mar,Early Sep-Mar,2024-03,0.1485558186982594,0.14595835076955185,0.1814790322580645,282.07326007326003
nhsn,2024-2025,Maryland,early_sep_mar,Early Sep-Mar,2024-04,0.15095648525544847,0.15040855573389908,0.18499999999999991,278.5421245421245
nhsn,2024-2025,Maryland,early_sep_mar,Early Sep-Mar,2024-05,0.1479965199047528,0.14792938627896357,0.18499999999999997,289.7692307692308
nhsn,2024-2025,Maryland,early_sep_mar,Early Sep-Mar,2024-06,0.15026240960798337,0.14924922238087854,0.18499999999999991,282.4230769230769
nhsn,2024-2025,Maryland,early_sep_mar,Early Sep-Mar,2024-07,0.1452650490253995,0.14541648862142528,0.18499999999999997,293.7051282051283
nhsn,2024-2025,Maryland,early_sep_mar,Early Sep-Mar,2024-08,0.14477092049493132,0.14472325674513667,0.18499999999999997,293.7051282051283
nhsn,2024-2025,Maryland,early_sep_mar,Early Sep-Mar,2024-09,0.1463152806949478,0.1464230090265917,0.18499999999999997,284.2307692307693
nhsn,2024-2025,Maryland,early_sep_mar,Early Sep-Mar,2024-10,0.14850547518246301,0.1453115584118621,0.185,293.0897435897436
nhsn,2024-2025,Maryland,early_sep_mar,Early Sep-Mar,2024-11,0.13503806423687836,0.12934162713204483,0.18499999999999997,246.38461538461542
nhsn,2024-2025,Maryland,early_sep_mar,Early Sep-Mar,2024-12,0.10714217862804788,0.10682436522485832,0.185,146.62637362637363
nhsn,2024-2025,Maryland,early_sep_mar,Early Sep-Mar,2025-01,0.12094805860805863,0.11600089334806958,0.185,50.49084249084249
nhsn,2024-2025,Maryland,early_sep_mar,Early Sep-Mar,2025-02,0.11647250906847163,0.11538854275563512,0.185,21.664835164835168
nhsn,2024-2025,Maryland,early_sep_mar,Early Sep-Mar,2025-03,0.12273434597698028,0.09081028299349715,0.12500891612903228,11.631868131868133
nhsn,2024-2025,Maryland,early_sep_mar,Early Sep-Mar,2025-04,0.0,0.0,0.0,5.688644688644688
nhsn,2024-2025,Maryland,early_sep_mar,Early Sep-Mar,2025-05,0.0,0.0,0.0,3.9358974358974352
nhsn,2024-2025,Maryland,early_sep_mar,Early Sep-Mar,2025-06,0.0,0.0,0.0,1.8076923076923075
nhsn,2024-2025,Maryland,extended_sep_apr,Extended Sep-Apr,2024-01,0.0,0.0,0.0,234.8131868131868
nhsn,2024-2025,Maryland,extended_sep_apr,Extended Sep-Apr,2024-02,0.0,0.027245015992956423,0.034001724137931025,252.01831501831504
nhsn,2024-2025,Maryland,extended_sep_apr,Extended Sep-Apr,2024-03,0.1485558186982594,0.14595835076955185,0.1814790322580645,282.07326007326003
nhsn,2024-2025,Maryland,extended_sep_apr,Extended Sep-Apr,2024-04,0.15095648525544847,0.15040855573389908,0.18499999999999991,278.5421245421245
nhsn,2024-2025,Maryland,extended_sep_apr,Extended Sep-Apr,2024-05,0.1479965199047528,0.14792938627896357,0.18499999999999997,289.7692307692308
nhsn,2024-2025,Maryland,extended_sep_apr,Extended Sep-Apr,2024-06,0.15026240960798337,0.14924922238087854,0.18499999999999991,282.4230769230769
nhsn,2024-2025,Maryland,extended_sep_apr,Extended Sep-Apr,2024-07,0.1452650490253995,0.14541648862142528,0.18499999999999997,293.7051282051283
nhsn,2024-2025,Maryland,extended_sep_apr,Extended Sep-Apr,2024-08,0.14477092049493132,0.14472325674513667,0.18499999999999997,293.7051282051283
nhsn,2024-2025,Maryland,extended_sep_apr,Extended Sep-Apr,2024-09,0.1463152806949478,0.1464230090265917,0.18499999999999997,284.2307692307693
nhsn,2024-2025,Maryland,extended_sep_apr,Extended Sep-Apr,2024-10,0.14850547518246301,0.1453115584118621,0.185,293.0897435897436
nhsn,2024-2025,Maryland,extended_sep_apr,Extended Sep-Apr,2024-11,0.13503806423687836,0.12934162713204483,0.18499999999999997,246.38461538461542
nhsn,2024-2025,Maryland,extended_sep_apr,Extended Sep-Apr,2024-12,0.10714217862804788,0.10682436522485832,0.185,146.62637362637363
nhsn,2024-2025,Maryland,extended_sep_apr,Extended Sep-Apr,2025-01,0.12094805860805863,0.11600089334806958,0.185,50.49084249084249
nhsn,2024-2025,Maryland,extended_sep_apr,Extended Sep-Apr,2025-02,0.11647250906847163,0.11538854275563512,0.185,21.664835164835168
nhsn,2024-2025,Maryland,extended_sep_apr,Extended Sep-Apr,2025-03,0.12273434597698028,0.11988171275869902,0.185,11.631868131868133
nhsn,2024-2025,Maryland,extended_sep_apr,Extended Sep-Apr,2025-04,0.11927527376327375,0.08951809307791336,0.12300921333333335,5.68864468864469
nhsn,2024-2025,Maryland,extended_sep_apr,Extended Sep-Apr,2025-05,0.0,0.0,0.0,3.9358974358974352
nhsn,2024-2025,Maryland,extended_sep_apr,Extended Sep-Apr,2025-06,0.0,0.0,0.0,1.8076923076923075
nhsn,2024-2025,Maryland,late_oct_apr,Late Oct-Apr,2024-01,0.0,0.0,0.0,234.8131868131868
nhsn,2024-2025,Maryland,late_oct_apr,Late Oct-Apr,2024-02,0.0,0.0,0.0,252.01831501831504
nhsn,2024-2025,Maryland,late_oct_apr,Late Oct-Apr,2024-03,0.0,0.027760433295011586,0.03425483870967742,282.07326007326003
nhsn,2024-2025,Maryland,late_oct_apr,Late Oct-Apr,2024-04,0.15095648525544847,0.14958830489057248,0.18499999999999991,278.5421245421245
nhsn,2024-2025,Maryland,late_oct_apr,Late Oct-Apr,2024-05,0.13282746916806765,0.13215591044923755,0.18499999999999997,289.7692307692308
nhsn,2024-2025,Maryland,late_oct_apr,Late Oct-Apr,2024-06,0.15026240960798337,0.148590667588098,0.18499999999999991,282.4230769230769
nhsn,2024-2025,Maryland,late_oct_apr,Late Oct-Apr,2024-07,0.13161063317602562,0.1312292990858807,0.18499999999999997,293.7051282051283
nhsn,2024-2025,Maryland,late_oct_apr,Late Oct-Apr,2024-08,0.14908597152509198,0.14883371233162496,0.18499999999999997,293.7051282051283
nhsn,2024-2025,Maryland,late_oct_apr,Late Oct-Apr,2024-09,0.14752271065875938,0.14788730800826325,0.18499999999999991,284.2307692307693
nhsn,2024-2025,Maryland,late_oct_apr,Late Oct-Apr,2024-10,0.14850547518246301,0.1453115584118621,0.185,293.0897435897436
nhsn,2024-2025,Maryland,late_oct_apr,Late Oct-Apr,2024-11,0.13503806423687836,0.12934162713204483,0.18499999999999997,246.38461538461542
nhsn,2024-2025,Maryland,late_oct_apr,Late Oct-Apr,2024-12,0.10714217862804788,0.10682436522485832,0.185,146.62637362637363
nhsn,2024-2025,Maryland,late_oct_apr,Late Oct-Apr,2025-01,0.12094805860805863,0.11600089334806958,0.185,50.49084249084249
nhsn,2024-2025,Maryland,late_oct_apr,Late Oct-Apr,2025-02,0.11647250906847163,0.11538854275563512,0.185,21.664835164835168
nhsn,2024-2025,Maryland,late_oct_apr,Late Oct-Apr,2025-03,0.12273434597698028,0.11988171275869902,0.185,11.631868131868133
nhsn,2024-2025,Maryland,late_oct_apr,Late Oct-Apr,2025-04,0.11927527376327375,0.08951809307791336,0.12300921333333335,5.68864468864469
nhsn,2024-2025,Maryland,late_oct_apr,Late Oct-Apr,2025-05,0.0,0.0,0.0,3.9358974358974352
nhsn,2024-2025,Maryland,late_oct_apr,Late Oct-Apr,2025-06,0.0,0.0,0.0,1.8076923076923075
nhsn,2024-2025,Massachusetts,baseline_oct_mar,Baseline Oct-Mar,2024-01,0.0,0.0,0.0,348.9761904761905
nhsn,2024-2025,Massachusetts,baseline_oct_mar,Baseline Oct-Mar,2024-02,0.0,0.0,0.0,464.8021978021978
nhsn,2024-2025,Massachusetts,baseline_oct_mar,Baseline Oct-Mar,2024-03,0.0,0.027514154456367384,0.03425483870967742,557.0787545787546
nhsn,2024-2025,Massachusetts,baseline_oct_mar,Baseline Oct-Mar,2024-04,0.14941548060772672,0.14943870455815073,0.18499999999999991,567.2930402930403
nhsn,2024-2025,Massachusetts,baseline_oct_mar,Baseline Oct-Mar,2024-05,0.14697712118327547,0.14544085936514092,0.18499999999999997,599.4194139194142
nhsn,2024-2025,Massachusetts,baseline_oct_mar,Baseline Oct-Mar,2024-06,0.1490581168514654,0.14883230369820263,0.18499999999999991,582.6410256410257
nhsn,2024-2025,Massachusetts,baseline_oct_mar,Baseline Oct-Mar,2024-07,0.14673437844136064,0.14539169723575687,0.18499999999999997,602.1153846153848
nhsn,2024-2025,Massachusetts,baseline_oct_mar,Baseline Oct-Mar,2024-08,0.1483281599159916,0.14838630948731882,0.18499999999999997,602.1153846153848
nhsn,2024-2025,Massachusetts,baseline_oct_mar,Baseline Oct-Mar,2024-09,0.14719263668278917,0.14741965287191722,0.18499999999999991,582.6923076923078
nhsn,2024-2025,Massachusetts,baseline_oct_mar,Baseline Oct-Mar,2024-10,0.14910661255114524,0.14859558543829646,0.185,602.1153846153848
nhsn,2024-2025,Massachusetts,baseline_oct_mar,Baseline Oct-Mar,2024-11,0.14591734623751354,0.14194580472710513,0.18499999999999997,564.0256410256411
nhsn,2024-2025,Massachusetts,baseline_oct_mar,Baseline Oct-Mar,2024-12,0.13505647081740282,0.1256439815645614,0.185,465.8772893772894
nhsn,2024-2025,Massachusetts,baseline_oct_mar,Baseline Oct-Mar,2025-01,0.11843828545233047,0.11347724722224149,0.185,238.61538461538458
nhsn,2024-2025,Massachusetts,baseline_oct_mar,Baseline Oct-Mar,2025-02,0.11639849674637096,0.11329760039323991,0.185,93.56776556776558
nhsn,2024-2025,Massachusetts,baseline_oct_mar,Baseline Oct-Mar,2025-03,0.1145143725802095,0.08577676522163966,0.12500891612903228,45.03663003663004
nhsn,2024-2025,Massachusetts,baseline_oct_mar,Baseline Oct-Mar,2025-04,0.0,0.0,0.0,15.3992673992674
nhsn,2024-2025,Massachusetts,baseline_oct_mar,Baseline Oct-Mar,2025-05,0.0,0.0,0.0,2.6959706959706957
nhsn,2024-2025,Massachusetts,baseline_oct_mar,Baseline Oct-Mar,2025-06,0.0,0.0,0.0,0.05128205128205128
nhsn,2024-2025,Massachusetts,early_sep_mar,Early Sep-Mar,2024-01,0.0,0.0,0.0,348.9761904761905
nhsn,2024-2025,Massachusetts,early_sep_mar,Early Sep-Mar,2024-02,0.0,0.02717402484338948,0.034001724137931025,464.8021978021978
nhsn,2024-2025,Massachusetts,early_sep_mar,Early Sep-Mar,2024-03,0.14805413750210603,0.14529154505103914,0.1814790322580645,557.0787545787546
nhsn,2024-2025,Massachusetts,early_sep_mar,Early Sep-Mar,2024-04,0.14905990859841525,0.14847193035860934,0.18499999999999991,567.2930402930403
nhsn,2024-2025,Massachusetts,early_sep_mar,Early Sep-Mar,2024-05,0.14544244467532466,0.1453107902084167,0.18499999999999997,599.4194139194142
nhsn,2024-2025,Massachusetts,early_sep_mar,Early Sep-Mar,2024-06,0.1483281599159916,0.1474508686039857,0.18499999999999991,582.6410256410257
nhsn,2024-2025,Massachusetts,early_sep_mar,Early Sep-Mar,2024-07,0.14383136790536197,0.14378642745085812,0.18499999999999997,602.1153846153848
nhsn,2024-2025,Massachusetts,early_sep_mar,Early Sep-Mar,2024-08,0.1422710878487849,0.1424790087548716,0.18499999999999997,602.1153846153848
nhsn,2024-2025,Massachusetts,early_sep_mar,Early Sep-Mar,2024-09,0.1454316456276397,0.14528488869496992,0.18499999999999997,582.6923076923077
nhsn,2024-2025,Massachusetts,early_sep_mar,Early Sep-Mar,2024-10,0.14910661255114524,0.14859558543829646,0.185,602.1153846153848
nhsn,2024-2025,Massachusetts,early_sep_mar,Early Sep-Mar,2024-11,0.14591734623751354,0.14194580472710513,0.18499999999999997,564.0256410256411
nhsn,2024-2025,Massachusetts,early_sep_mar,Early Sep-Mar,2024-12,0.13505647081740282,0.1256439815645614,0.185,465.8772893772894
nhsn,2024-2025,Massachusetts,early_sep_mar,Early Sep-Mar,2025-01,0.11843828545233047,0.11347724722224149,0.185,238.61538461538458
nhsn,2024-2025,Massachusetts,early_sep_mar,Early Sep-Mar,2025-02,0.11639849674637096,0.11329760039323991,0.185,93.56776556776558
nhsn,2024-2025,Massachusetts,early_sep_mar,Early Sep-Mar,2025-03,0.1145143725802095,0.08577676522163966,0.12500891612903228,45.03663003663004
nhsn,2024-2025,Massachusetts,early_sep_mar,Early Sep-Mar,2025-04,0.0,0.0,0.0,15.3992673992674
nhsn,2024-2025,Massachusetts,early_sep_mar,Early Sep-Mar,2025-05,0.0,0.0,0.0,2.6959706959706957
nhsn,2024-2025,Massachusetts,early_sep_mar,Early Sep-Mar,2025-06,0.0,0.0,0.0,0.05128205128205128
nhsn,2024-2025,Massachusetts,extended_sep_apr,Extended Sep-Apr,2024-01,0.0,0.0,0.0,348.9761904761905
nhsn,2024-2025,Massachusetts,extended_sep_apr,Extended Sep-Apr,2024-02,0.0,0.02717402484338948,0.034001724137931025,464.8021978021978
nhsn,2024-2025,Massachusetts,extended_sep_apr,Extended Sep-Apr,2024-03,0.14805413750210603,0.14529154505103914,0.1814790322580645,557.0787545787546
nhsn,2024-2025,Massachusetts,extended_sep_apr,Extended Sep-Apr,2024-04,0.14905990859841525,0.14847193035860934,0.18499999999999991,567.2930402930403
nhsn,2024-2025,Massachusetts,extended_sep_apr,Extended Sep-Apr,2024-05,0.14544244467532466,0.1453107902084167,0.18499999999999997,599.4194139194142
nhsn,2024-2025,Massachusetts,extended_sep_apr,Extended Sep-Apr,2024-06,0.1483281599159916,0.1474508686039857,0.18499999999999991,582.6410256410257
nhsn,2024-2025,Massachusetts,extended_sep_apr,Extended Sep-Apr,2024-07,0.14383136790536197,0.14378642745085812,0.18499999999999997,602.1153846153848
nhsn,2024-2025,Massachusetts,extended_sep_apr,Extended Sep-Apr,2024-08,0.1422710878487849,0.1424790087548716,0.18499999999999997,602.1153846153848
nhsn,2024-2025,Massachusetts,extended_sep_apr,Extended Sep-Apr,2024-09,0.1454316456276397,0.14528488869496992,0.18499999999999997,582.6923076923077
nhsn,2024-2025,Massachusetts,extended_sep_apr,Extended Sep-Apr,2024-10,0.14910661255114524,0.14859558543829646,0.185,602.1153846153848
nhsn,2024-2025,Massachusetts,extended_sep_apr,Extended Sep-Apr,2024-11,0.14591734623751354,0.14194580472710513,0.18499999999999997,564.0256410256411
nhsn,2024-2025,Massachusetts,extended_sep_apr,Extended Sep-Apr,2024-12,0.13505647081740282,0.1256439815645614,0.185,465.8772893772894
nhsn,2024-2025,Massachusetts,extended_sep_apr,Extended Sep-Apr,2025-01,0.11843828545233047,0.11347724722224149,0.185,238.61538461538458
nhsn,2024-2025,Massachusetts,extended_sep_apr,Extended Sep-Apr,2025-02,0.11639849674637096,0.11329760039323991,0.185,93.56776556776558
nhsn,2024-2025,Massachusetts,extended_sep_apr,Extended Sep-Apr,2025-03,0.11531372940927687,0.11007791307992798,0.185,45.03663003663004
nhsn,2024-2025,Massachusetts,extended_sep_apr,Extended Sep-Apr,2025-04,0.09154164663461539,0.07758435523323094,0.12300921333333335,15.399267399267398
nhsn,2024-2025,Massachusetts,extended_sep_apr,Extended Sep-Apr,2025-05,0.0,0.0,0.0,2.6959706959706957
nhsn,2024-2025,Massachusetts,extended_sep_apr,Extended Sep-Apr,2025-06,0.0,0.0,0.0,0.05128205128205128
nhsn,2024-2025,Massachusetts,late_oct_apr,Late Oct-Apr,2024-01,0.0,0.0,0.0,348.9761904761905
nhsn,2024-2025,Massachusetts,late_oct_apr,Late Oct-Apr,2024-02,0.0,0.0,0.0,464.8021978021978
nhsn,2024-2025,Massachusetts,late_oct_apr,Late Oct-Apr,2024-03,0.0,0.027514154456367384,0.03425483870967742,557.0787545787546
nhsn,2024-2025,Massachusetts,late_oct_apr,Late Oct-Apr,2024-04,0.14941548060772672,0.14943870455815073,0.18499999999999991,567.2930402930403
nhsn,2024-2025,Massachusetts,late_oct_apr,Late Oct-Apr,2024-05,0.14697712118327547,0.14544085936514092,0.18499999999999997,599.4194139194142
nhsn,2024-2025,Massachusetts,late_oct_apr,Late Oct-Apr,2024-06,0.1490581168514654,0.14883230369820263,0.18499999999999991,582.6410256410257
nhsn,2024-2025,Massachusetts,late_oct_apr,Late Oct-Apr,2024-07,0.14673437844136064,0.14539169723575687,0.18499999999999997,602.1153846153848
nhsn,2024-2025,Massachusetts,late_oct_apr,Late Oct-Apr,2024-08,0.1483281599159916,0.14838630948731882,0.18499999999999997,602.1153846153848
nhsn,2024-2025,Massachusetts,late_oct_apr,Late Oct-Apr,2024-09,0.14719263668278917,0.14741965287191722,0.18499999999999991,582.6923076923078
nhsn,2024-2025,Massachusetts,late_oct_apr,Late Oct-Apr,2024-10,0.14910661255114524,0.14859558543829646,0.185,602.1153846153848
nhsn,2024-2025,Massachusetts,late_oct_apr,Late Oct-Apr,2024-11,0.14591734623751354,0.14194580472710513,0.18499999999999997,564.0256410256411
nhsn,2024-2025,Massachusetts,late_oct_apr,Late Oct-Apr,2024-12,0.13505647081740282,0.1256439815645614,0.185,465.8772893772894
nhsn,2024-2025,Massachusetts,late_oct_apr,Late Oct-Apr,2025-01,0.11843828545233047,0.11347724722224149,0.185,238.61538461538458
nhsn,2024-2025,Massachusetts,late_oct_apr,Late Oct-Apr,2025-02,0.11639849674637096,0.11329760039323991,0.185,93.56776556776558
nhsn,2024-2025,Massachusetts,late_oct_apr,Late Oct-Apr,2025-03,0.11531372940927687,0.11007791307992798,0.185,45.03663003663004
nhsn,2024-2025,Massachusetts,late_oct_apr,Late Oct-Apr,2025-04,0.09154164663461539,0.07758435523323094,0.12300921333333335,15.399267399267398
nhsn,2024-2025,Massachusetts,late_oct_apr,Late Oct-Apr,2025-05,0.0,0.0,0.0,2.6959706959706957
nhsn,2024-2025,Massachusetts,late_oct_apr,Late Oct-Apr,2025-06,0.0,0.0,0.0,0.05128205128205128
nhsn,2024-2025,Michigan,baseline_oct_mar,Baseline Oct-Mar,2024-01,0.0,0.0,0.0,426.56776556776555
nhsn,2024-2025,Michigan,baseline_oct_mar,Baseline Oct-Mar,2024-02,0.0,0.0,0.0,673.5622710622711
nhsn,2024-2025,Michigan,baseline_oct_mar,Baseline Oct-Mar,2024-03,0.0,0.02740932613017029,0.03425483870967742,910.46336996337
nhsn,2024-2025,Michigan,baseline_oct_mar,Baseline Oct-Mar,2024-04,0.14798899764028262,0.14788976359372313,0.18499999999999991,940.6355311355312
nhsn,2024-2025,Michigan,baseline_oct_mar,Baseline Oct-Mar,2024-05,0.14696904158754887,0.14656515864284034,0.18499999999999997,992.9413919413921
nhsn,2024-2025,Michigan,baseline_oct_mar,Baseline Oct-Mar,2024-06,0.1466794070732773,0.14666625862436852,0.18499999999999991,969.4999999999999
nhsn,2024-2025,Michigan,baseline_oct_mar,Baseline Oct-Mar,2024-07,0.14600583616107105,0.14589572635334377,0.18499999999999997,1005.1153846153848
nhsn,2024-2025,Michigan,baseline_oct_mar,Baseline Oct-Mar,2024-08,0.1460436371291816,0.1461097201251153,0.18499999999999997,1005.1153846153848
nhsn,2024-2025,Michigan,baseline_oct_mar,Baseline Oct-Mar,2024-09,0.14572333752052616,0.14579258588684715,0.18499999999999991,972.6923076923078
nhsn,2024-2025,Michigan,baseline_oct_mar,Baseline Oct-Mar,2024-10,0.14676023833519422,0.1466967610048298,0.185,1001.8589743589744
nhsn,2024-2025,Michigan,baseline_oct_mar,Baseline Oct-Mar,2024-11,0.147796132130942,0.14632341465870174,0.18499999999999997,950.3846153846155
nhsn,2024-2025,Michigan,baseline_oct_mar,Baseline Oct-Mar,2024-12,0.14113912755777638,0.13293718681234012,0.185,876.4010989010989
nhsn,2024-2025,Michigan,baseline_oct_mar,Baseline Oct-Mar,2025-01,0.1276326855667561,0.12143619420094787,0.185,559.3168498168498
nhsn,2024-2025,Michigan,baseline_oct_mar,Baseline Oct-Mar,2025-02,0.1078543228972256,0.1053454574229309,0.185,253.51465201465203
nhsn,2024-2025,Michigan,baseline_oct_mar,Baseline Oct-Mar,2025-03,0.10453575045579172,0.08223924713553733,0.12500891612903228,94.65201465201466
nhsn,2024-2025,Michigan,baseline_oct_mar,Baseline Oct-Mar,2025-04,0.0,0.0,0.0,32.056776556776555
nhsn,2024-2025,Michigan,baseline_oct_mar,Baseline Oct-Mar,2025-05,0.0,0.0,0.0,12.173992673992675
nhsn,2024-2025,Michigan,baseline_oct_mar,Baseline Oct-Mar,2025-06,0.0,0.0,0.0,3.1923076923076925
nhsn,2024-2025,Michigan,early_sep_mar,Early Sep-Mar,2024-01,0.0,0.0,0.0,426.56776556776555
nhsn,2024-2025,Michigan,early_sep_mar,Early Sep-Mar,2024-02,0.0,0.02715029077464133,0.034001724137931025,673.5622710622711
nhsn,2024-2025,Michigan,early_sep_mar,Early Sep-Mar,2024-03,0.14789249911845953,0.14506458140486397,0.1814790322580645,910.46336996337
nhsn,2024-2025,Michigan,early_sep_mar,Early Sep-Mar,2024-04,0.14798899764028262,0.14737386570324024,0.18499999999999991,940.6355311355312
nhsn,2024-2025,Michigan,early_sep_mar,Early Sep-Mar,2024-05,0.14526563012878707,0.14517624388183292,0.18499999999999997,992.9413919413921
nhsn,2024-2025,Michigan,early_sep_mar,Early Sep-Mar,2024-06,0.146676307329286,0.14573122079338777,0.18499999999999991,969.4999999999999
nhsn,2024-2025,Michigan,early_sep_mar,Early Sep-Mar,2024-07,0.14263789380094005,0.14261032131824122,0.18499999999999997,1005.1153846153848
nhsn,2024-2025,Michigan,early_sep_mar,Early Sep-Mar,2024-08,0.14122754764057616,0.141386514491932,0.18499999999999997,1005.1153846153848
nhsn,2024-2025,Michigan,early_sep_mar,Early Sep-Mar,2024-09,0.14425903897723472,0.14394345768042752,0.18499999999999997,972.6923076923075
nhsn,2024-2025,Michigan,early_sep_mar,Early Sep-Mar,2024-10,0.14676023833519422,0.1466967610048298,0.185,1001.8589743589744
nhsn,2024-2025,Michigan,early_sep_mar,Early Sep-Mar,2024-11,0.147796132130942,0.14632341465870174,0.18499999999999997,950.3846153846155
nhsn,2024-2025,Michigan,early_sep_mar,Early Sep-Mar,2024-12,0.14113912755777638,0.13293718681234012,0.185,876.4010989010989
nhsn,2024-2025,Michigan,early_sep_mar,Early Sep-Mar,2025-01,0.1276326855667561,0.12143619420094787,0.185,559.3168498168498
nhsn,2024-2025,Michigan,early_sep_mar,Early Sep-Mar,2025-02,0.1078543228972256,0.1053454574229309,0.185,253.51465201465203
nhsn,2024-2025,Michigan,early_sep_mar,Early Sep-Mar,2025-03,0.10453575045579172,0.08223924713553733,0.12500891612903228,94.65201465201466
nhsn,2024-2025,Michigan,early_sep_mar,Early Sep-Mar,2025-04,0.0,0.0,0.0,32.056776556776555
nhsn,2024-2025,Michigan,early_sep_mar,Early Sep-Mar,2025-05,0.0,0.0,0.0,12.173992673992675
nhsn,2024-2025,Michigan,early_sep_mar,Early Sep-Mar,2025-06,0.0,0.0,0.0,3.1923076923076925
nhsn,2024-2025,Michigan,extended_sep_apr,Extended Sep-Apr,2024-01,0.0,0.0,0.0,426.56776556776555
nhsn,2024-2025,Michigan,extended_sep_apr,Extended Sep-Apr,2024-02,0.0,0.02715029077464133,0.034001724137931025,673.5622710622711
nhsn,2024-2025,Michigan,extended_sep_apr,Extended Sep-Apr,2024-03,0.14789249911845953,0.14506458140486397,0.1814790322580645,910.46336996337
nhsn,2024-2025,Michigan,extended_sep_apr,Extended Sep-Apr,2024-04,0.14798899764028262,0.14737386570324024,0.18499999999999991,940.6355311355312
nhsn,2024-2025,Michigan,extended_sep_apr,Extended Sep-Apr,2024-05,0.14526563012878707,0.14517624388183292,0.18499999999999997,992.9413919413921
nhsn,2024-2025,Michigan,extended_sep_apr,Extended Sep-Apr,2024-06,0.146676307329286,0.14573122079338777,0.18499999999999991,969.4999999999999
nhsn,2024-2025,Michigan,extended_sep_apr,Extended Sep-Apr,2024-07,0.14263789380094005,0.14261032131824122,0.18499999999999997,1005.1153846153848
nhsn,2024-2025,Michigan,extended_sep_apr,Extended Sep-Apr,2024-08,0.14122754764057616,0.141386514491932,0.18499999999999997,1005.1153846153848
nhsn,2024-2025,Michigan,extended_sep_apr,Extended Sep-Apr,2024-09,0.14425903897723472,0.14394345768042752,0.18499999999999997,972.6923076923075
nhsn,2024-2025,Michigan,extended_sep_apr,Extended Sep-Apr,2024-10,0.14676023833519422,0.1466967610048298,0.185,1001.8589743589744
nhsn,2024-2025,Michigan,extended_sep_apr,Extended Sep-Apr,2024-11,0.147796132130942,0.14632341465870174,0.18499999999999997,950.3846153846155
nhsn,2024-2025,Michigan,extended_sep_apr,Extended Sep-Apr,2024-12,0.14113912755777638,0.13293718681234012,0.185,876.4010989010989
nhsn,2024-2025,Michigan,extended_sep_apr,Extended Sep-Apr,2025-01,0.1276326855667561,0.12143619420094787,0.185,559.3168498168498
nhsn,2024-2025,Michigan,extended_sep_apr,Extended Sep-Apr,2025-02,0.1078543228972256,0.1053454574229309,0.185,253.51465201465203
nhsn,2024-2025,Michigan,extended_sep_apr,Extended Sep-Apr,2025-03,0.10898997576898627,0.10674889000763028,0.185,94.65201465201466
nhsn,2024-2025,Michigan,extended_sep_apr,Extended Sep-Apr,2025-04,0.0972901066756652,0.0807445323325204,0.12300921333333335,32.056776556776555
nhsn,2024-2025,Michigan,extended_sep_apr,Extended Sep-Apr,2025-05,0.0,0.0,0.0,12.173992673992675
nhsn,2024-2025,Michigan,extended_sep_apr,Extended Sep-Apr,2025-06,0.0,0.0,0.0,3.1923076923076925
nhsn,2024-2025,Michigan,late_oct_apr,Late Oct-Apr,2024-01,0.0,0.0,0.0,426.56776556776555
nhsn,2024-2025,Michigan,late_oct_apr,Late Oct-Apr,2024-02,0.0,0.0,0.0,673.5622710622711
nhsn,2024-2025,Michigan,late_oct_apr,Late Oct-Apr,2024-03,0.0,0.02740932613017029,0.03425483870967742,910.46336996337
nhsn,2024-2025,Michigan,late_oct_apr,Late Oct-Apr,2024-04,0.14798899764028262,0.14788976359372313,0.18499999999999991,940.6355311355312
nhsn,2024-2025,Michigan,late_oct_apr,Late Oct-Apr,2024-05,0.14696904158754887,0.14656515864284034,0.18499999999999997,992.9413919413921
nhsn,2024-2025,Michigan,late_oct_apr,Late Oct-Apr,2024-06,0.1466794070732773,0.14666625862436852,0.18499999999999991,969.4999999999999
nhsn,2024-2025,Michigan,late_oct_apr,Late Oct-Apr,2024-07,0.14600583616107105,0.14589572635334377,0.18499999999999997,1005.1153846153848
nhsn,2024-2025,Michigan,late_oct_apr,Late Oct-Apr,2024-08,0.1460436371291816,0.1461097201251153,0.18499999999999997,1005.1153846153848
nhsn,2024-2025,Michigan,late_oct_apr,Late Oct-Apr,2024-09,0.14572333752052616,0.14579258588684715,0.18499999999999991,972.6923076923078
nhsn,2024-2025,Michigan,late_oct_apr,Late Oct-Apr,2024-10,0.14676023833519422,0.1466967610048298,0.185,1001.8589743589744
nhsn,2024-2025,Michigan,late_oct_apr,Late Oct-Apr,2024-11,0.147796132130942,0.14632341465870174,0.18499999999999997,950.3846153846155
nhsn,2024-2025,Michigan,late_oct_apr,Late Oct-Apr,2024-12,0.14113912755777638,0.13293718681234012,0.185,876.4010989010989
nhsn,2024-2025,Michigan,late_oct_apr,Late Oct-Apr,2025-01,0.1276326855667561,0.12143619420094787,0.185,559.3168498168498
nhsn,2024-2025,Michigan,late_oct_apr,Late Oct-Apr,2025-02,0.1078543228972256,0.1053454574229309,0.185,253.51465201465203
nhsn,2024-2025,Michigan,late_oct_apr,Late Oct-Apr,2025-03,0.10898997576898627,0.10674889000763028,0.185,94.65201465201466
nhsn,2024-2025,Michigan,late_oct_apr,Late Oct-Apr,2025-04,0.0972901066756652,0.0807445323325204,0.12300921333333335,32.056776556776555
nhsn,2024-2025,Michigan,late_oct_apr,Late Oct-Apr,2025-05,0.0,0.0,0.0,12.173992673992675
nhsn,2024-2025,Michigan,late_oct_apr,Late Oct-Apr,2025-06,0.0,0.0,0.0,3.1923076923076925
nhsn,2024-2025,Minnesota,baseline_oct_mar,Baseline Oct-Mar,2024-01,0.0,0.0,0.0,179.65567765567766
nhsn,2024-2025,Minnesota,baseline_oct_mar,Baseline Oct-Mar,2024-02,0.0,0.0,0.0,319.8296703296703
nhsn,2024-2025,Minnesota,baseline_oct_mar,Baseline Oct-Mar,2024-03,0.0,0.027430244731668087,0.03425483870967742,478.09890109890114
nhsn,2024-2025,Minnesota,baseline_oct_mar,Baseline Oct-Mar,2024-04,0.1481415021501849,0.14798546352138883,0.18499999999999991,518.945054945055
nhsn,2024-2025,Minnesota,baseline_oct_mar,Baseline Oct-Mar,2024-05,0.14695602243787959,0.14686787971728596,0.18499999999999997,550.2673992673994
nhsn,2024-2025,Minnesota,baseline_oct_mar,Baseline Oct-Mar,2024-06,0.1474228721888642,0.14724802046266433,0.18499999999999991,535.3333333333334
nhsn,2024-2025,Minnesota,baseline_oct_mar,Baseline Oct-Mar,2024-07,0.14653986417453513,0.1464453586798296,0.18499999999999997,554.4230769230769
nhsn,2024-2025,Minnesota,baseline_oct_mar,Baseline Oct-Mar,2024-08,0.1471047526480688,0.14686232004108732,0.18499999999999997,554.4230769230769
nhsn,2024-2025,Minnesota,baseline_oct_mar,Baseline Oct-Mar,2024-09,0.14646705790839984,0.14647395740380456,0.18499999999999991,536.5384615384617
nhsn,2024-2025,Minnesota,baseline_oct_mar,Baseline Oct-Mar,2024-10,0.1471324424407134,0.14704691965138478,0.185,553.8260073260074
nhsn,2024-2025,Minnesota,baseline_oct_mar,Baseline Oct-Mar,2024-11,0.14812219906185722,0.147215680054961,0.18499999999999997,527.1227106227107
nhsn,2024-2025,Minnesota,baseline_oct_mar,Baseline Oct-Mar,2024-12,0.14282060883532316,0.13803707404671714,0.185,503.6684981684982
nhsn,2024-2025,Minnesota,baseline_oct_mar,Baseline Oct-Mar,2025-01,0.13256484259740262,0.12669842997584196,0.185,366.1135531135531
nhsn,2024-2025,Minnesota,baseline_oct_mar,Baseline Oct-Mar,2025-02,0.11576030384488548,0.1106434812968266,0.185,189.5934065934066
nhsn,2024-2025,Minnesota,baseline_oct_mar,Baseline Oct-Mar,2025-03,0.0988409170026571,0.07808735179109595,0.12500891612903228,76.32417582417582
nhsn,2024-2025,Minnesota,baseline_oct_mar,Baseline Oct-Mar,2025-04,0.0,0.0,0.0,17.59340659340659
nhsn,2024-2025,Minnesota,baseline_oct_mar,Baseline Oct-Mar,2025-05,0.0,0.0,0.0,4.155677655677655
nhsn,2024-2025,Minnesota,baseline_oct_mar,Baseline Oct-Mar,2025-06,0.0,0.0,0.0,1.2051282051282053
nhsn,2024-2025,Minnesota,early_sep_mar,Early Sep-Mar,2024-01,0.0,0.0,0.0,179.65567765567766
nhsn,2024-2025,Minnesota,early_sep_mar,Early Sep-Mar,2024-02,0.0,0.027130095066844443,0.034001724137931025,319.8296703296703
nhsn,2024-2025,Minnesota,early_sep_mar,Early Sep-Mar,2024-03,0.14772842914036402,0.1449454804091053,0.1814790322580645,478.09890109890114
nhsn,2024-2025,Minnesota,early_sep_mar,Early Sep-Mar,2024-04,0.1481415021501849,0.14714708771961163,0.18499999999999991,518.945054945055
nhsn,2024-2025,Minnesota,early_sep_mar,Early Sep-Mar,2024-05,0.14504946371324784,0.14450717533513407,0.18499999999999997,550.2673992673994
nhsn,2024-2025,Minnesota,early_sep_mar,Early Sep-Mar,2024-06,0.1474228721888642,0.14601120560089428,0.18499999999999991,535.3333333333334
nhsn,2024-2025,Minnesota,early_sep_mar,Early Sep-Mar,2024-07,0.14280726362383137,0.1422994430350829,0.18499999999999997,554.4230769230769
nhsn,2024-2025,Minnesota,early_sep_mar,Early Sep-Mar,2024-08,0.14014233016803984,0.14052585712529753,0.18499999999999997,554.4230769230769
nhsn,2024-2025,Minnesota,early_sep_mar,Early Sep-Mar,2024-09,0.14464467767000028,0.14410320487268344,0.18499999999999997,536.5384615384615
nhsn,2024-2025,Minnesota,early_sep_mar,Early Sep-Mar,2024-10,0.1471324424407134,0.14704691965138478,0.185,553.8260073260074
nhsn,2024-2025,Minnesota,early_sep_mar,Early Sep-Mar,2024-11,0.14812219906185722,0.147215680054961,0.18499999999999997,527.1227106227107
nhsn,2024-2025,Minnesota,early_sep_mar,Early Sep-Mar,2024-12,0.14282060883532316,0.13803707404671714,0.185,503.6684981684982
nhsn,2024-2025,Minnesota,early_sep_mar,Early Sep-Mar,2025-01,0.13256484259740262,0.12669842997584196,0.185,366.1135531135531
nhsn,2024-2025,Minnesota,early_sep_mar,Early Sep-Mar,2025-02,0.11576030384488548,0.1106434812968266,0.185,189.5934065934066
nhsn,2024-2025,Minnesota,early_sep_mar,Early Sep-Mar,2025-03,0.0988409170026571,0.07808735179109595,0.12500891612903228,76.32417582417582
nhsn,2024-2025,Minnesota,early_sep_mar,Early Sep-Mar,2025-04,0.0,0.0,0.0,17.59340659340659
nhsn,2024-2025,Minnesota,early_sep_mar,Early Sep-Mar,2025-05,0.0,0.0,0.0,4.155677655677655
nhsn,2024-2025,Minnesota,early_sep_mar,Early Sep-Mar,2025-06,0.0,0.0,0.0,1.2051282051282053
nhsn,2024-2025,Minnesota,extended_sep_apr,Extended Sep-Apr,2024-01,0.0,0.0,0.0,179.65567765567766
nhsn,2024-2025,Minnesota,extended_sep_apr,Extended Sep-Apr,2024-02,0.0,0.027130095066844443,0.034001724137931025,319.8296703296703
nhsn,2024-2025,Minnesota,extended_sep_apr,Extended Sep-Apr,2024-03,0.14772842914036402,0.1449454804091053,0.1814790322580645,478.09890109890114
nhsn,2024-2025,Minnesota,extended_sep_apr,Extended Sep-Apr,2024-04,0.1481415021501849,0.14714708771961163,0.18499999999999991,518.945054945055
nhsn,2024-2025,Minnesota,extended_sep_apr,Extended Sep-Apr,2024-05,0.14504946371324784,0.14450717533513407,0.18499999999999997,550.2673992673994
nhsn,2024-2025,Minnesota,extended_sep_apr,Extended Sep-Apr,2024-06,0.1474228721888642,0.14601120560089428,0.18499999999999991,535.3333333333334
nhsn,2024-2025,Minnesota,extended_sep_apr,Extended Sep-Apr,2024-07,0.14280726362383137,0.1422994430350829,0.18499999999999997,554.4230769230769
nhsn,2024-2025,Minnesota,extended_sep_apr,Extended Sep-Apr,2024-08,0.14014233016803984,0.14052585712529753,0.18499999999999997,554.4230769230769
nhsn,2024-2025,Minnesota,extended_sep_apr,Extended Sep-Apr,2024-09,0.14464467767000028,0.14410320487268344,0.18499999999999997,536.5384615384615
nhsn,2024-2025,Minnesota,extended_sep_apr,Extended Sep-Apr,2024-10,0.1471324424407134,0.14704691965138478,0.185,553.8260073260074
nhsn,2024-2025,Minnesota,extended_sep_apr,Extended Sep-Apr,2024-11,0.14812219906185722,0.147215680054961,0.18499999999999997,527.1227106227107
nhsn,2024-2025,Minnesota,extended_sep_apr,Extended Sep-Apr,2024-12,0.14282060883532316,0.13803707404671714,0.185,503.6684981684982
nhsn,2024-2025,Minnesota,extended_sep_apr,Extended Sep-Apr,2025-01,0.13256484259740262,0.12669842997584196,0.185,366.1135531135531
nhsn,2024-2025,Minnesota,extended_sep_apr,Extended Sep-Apr,2025-02,0.11576030384488548,0.1106434812968266,0.185,189.5934065934066
nhsn,2024-2025,Minnesota,extended_sep_apr,Extended Sep-Apr,2025-03,0.1008399612366581,0.09668570568315815,0.185,76.32417582417582
nhsn,2024-2025,Minnesota,extended_sep_apr,Extended Sep-Apr,2025-04,0.09520934260878011,0.07506255211416873,0.12300921333333335,17.59340659340659
nhsn,2024-2025,Minnesota,extended_sep_apr,Extended Sep-Apr,2025-05,0.0,0.0,0.0,4.155677655677655
nhsn,2024-2025,Minnesota,extended_sep_apr,Extended Sep-Apr,2025-06,0.0,0.0,0.0,1.2051282051282053
nhsn,2024-2025,Minnesota,late_oct_apr,Late Oct-Apr,2024-01,0.0,0.0,0.0,179.65567765567766
nhsn,2024-2025,Minnesota,late_oct_apr,Late Oct-Apr,2024-02,0.0,0.0,0.0,319.8296703296703
nhsn,2024-2025,Minnesota,late_oct_apr,Late Oct-Apr,2024-03,0.0,0.027430244731668087,0.03425483870967742,478.09890109890114
nhsn,2024-2025,Minnesota,late_oct_apr,Late Oct-Apr,2024-04,0.1481415021501849,0.14798546352138883,0.18499999999999991,518.945054945055
nhsn,2024-2025,Minnesota,late_oct_apr,Late Oct-Apr,2024-05,0.14695602243787959,0.14686787971728596,0.18499999999999997,550.2673992673994
nhsn,2024-2025,Minnesota,late_oct_apr,Late Oct-Apr,2024-06,0.1474228721888642,0.14724802046266433,0.18499999999999991,535.3333333333334
nhsn,2024-2025,Minnesota,late_oct_apr,Late Oct-Apr,2024-07,0.14653986417453513,0.1464453586798296,0.18499999999999997,554.4230769230769
nhsn,2024-2025,Minnesota,late_oct_apr,Late Oct-Apr,2024-08,0.1471047526480688,0.14686232004108732,0.18499999999999997,554.4230769230769
nhsn,2024-2025,Minnesota,late_oct_apr,Late Oct-Apr,2024-09,0.14646705790839984,0.14647395740380456,0.18499999999999991,536.5384615384617
nhsn,2024-2025,Minnesota,late_oct_apr,Late Oct-Apr,2024-10,0.1471324424407134,0.14704691965138478,0.185,553.8260073260074
nhsn,2024-2025,Minnesota,late_oct_apr,Late Oct-Apr,2024-11,0.14812219906185722,0.147215680054961,0.18499999999999997,527.1227106227107
nhsn,2024-2025,Minnesota,late_oct_apr,Late Oct-Apr,2024-12,0.14282060883532316,0.13803707404671714,0.185,503.6684981684982
nhsn,2024-2025,Minnesota,late_oct_apr,Late Oct-Apr,2025-01,0.13256484259740262,0.12669842997584196,0.185,366.1135531135531
nhsn,2024-2025,Minnesota,late_oct_apr,Late Oct-Apr,2025-02,0.11576030384488548,0.1106434812968266,0.185,189.5934065934066
nhsn,2024-2025,Minnesota,late_oct_apr,Late Oct-Apr,2025-03,0.1008399612366581,0.09668570568315815,0.185,76.32417582417582
nhsn,2024-2025,Minnesota,late_oct_apr,Late Oct-Apr,2025-04,0.09520934260878011,0.07506255211416873,0.12300921333333335,17.59340659340659
nhsn,2024-2025,Minnesota,late_oct_apr,Late Oct-Apr,2025-05,0.0,0.0,0.0,4.155677655677655
nhsn,2024-2025,Minnesota,late_oct_apr,Late Oct-Apr,2025-06,0.0,0.0,0.0,1.2051282051282053
nhsn,2024-2025,Mississippi,baseline_oct_mar,Baseline Oct-Mar,2024-01,0.0,0.0,0.0,170.90842490842488
nhsn,2024-2025,Mississippi,baseline_oct_mar,Baseline Oct-Mar,2024-02,0.0,0.0,0.0,181.68681318681317
nhsn,2024-2025,Mississippi,baseline_oct_mar,Baseline Oct-Mar,2024-03,0.0,0.02775085953045023,0.03425483870967742,202.19230769230768
nhsn,2024-2025,Mississippi,baseline_oct_mar,Baseline Oct-Mar,2024-04,0.15015323274705097,0.1492665638189009,0.18499999999999991,201.6135531135531
nhsn,2024-2025,Mississippi,baseline_oct_mar,Baseline Oct-Mar,2024-05,0.1350523206350326,0.1331466154216936,0.18499999999999997,213.7912087912088
nhsn,2024-2025,Mississippi,baseline_oct_mar,Baseline Oct-Mar,2024-06,0.14766188572122577,0.14733525022291444,0.18499999999999991,209.80769230769226
nhsn,2024-2025,Mississippi,baseline_oct_mar,Baseline Oct-Mar,2024-07,0.13500409582739015,0.13269116974576348,0.18499999999999997,217.39743589743586
nhsn,2024-2025,Mississippi,baseline_oct_mar,Baseline Oct-Mar,2024-08,0.1473879222459442,0.14743261251510176,0.18499999999999997,217.39743589743586
nhsn,2024-2025,Mississippi,baseline_oct_mar,Baseline Oct-Mar,2024-09,0.1467034608645468,0.14657772645261774,0.18499999999999991,210.38461538461536
nhsn,2024-2025,Mississippi,baseline_oct_mar,Baseline Oct-Mar,2024-10,0.14740798769208469,0.1456054259652124,0.185,216.2765567765568
nhsn,2024-2025,Mississippi,baseline_oct_mar,Baseline Oct-Mar,2024-11,0.13602773707433183,0.12792363338065138,0.18499999999999997,184.03113553113553
nhsn,2024-2025,Mississippi,baseline_oct_mar,Baseline Oct-Mar,2024-12,0.11485551415937573,0.10967054755765668,0.185,105.21794871794873
nhsn,2024-2025,Mississippi,baseline_oct_mar,Baseline Oct-Mar,2025-01,0.1228998047660494,0.12006460593046911,0.185,40.32967032967033
nhsn,2024-2025,Mississippi,baseline_oct_mar,Baseline Oct-Mar,2025-02,0.14002765041804163,0.13328818606592782,0.185,20.831501831501832
nhsn,2024-2025,Mississippi,baseline_oct_mar,Baseline Oct-Mar,2025-03,0.11339527148938018,0.08888838846047768,0.12500891612903228,15.205128205128208
nhsn,2024-2025,Mississippi,baseline_oct_mar,Baseline Oct-Mar,2025-04,0.0,0.0,0.0,8.77106227106227
nhsn,2024-2025,Mississippi,baseline_oct_mar,Baseline Oct-Mar,2025-05,0.0,0.0,0.0,3.6062271062271067
nhsn,2024-2025,Mississippi,baseline_oct_mar,Baseline Oct-Mar,2025-06,0.0,0.0,0.0,0.5769230769230769
nhsn,2024-2025,Mississippi,early_sep_mar,Early Sep-Mar,2024-01,0.0,0.0,0.0,170.90842490842488
nhsn,2024-2025,Mississippi,early_sep_mar,Early Sep-Mar,2024-02,0.0,0.02725548810680291,0.034001724137931025,181.68681318681317
nhsn,2024-2025,Mississippi,early_sep_mar,Early Sep-Mar,2024-03,0.14867276964447387,0.1460145912100045,0.1814790322580645,202.19230769230768
nhsn,2024-2025,Mississippi,early_sep_mar,Early Sep-Mar,2024-04,0.15015323274705097,0.14952339676336548,0.18499999999999991,201.6135531135531
nhsn,2024-2025,Mississippi,early_sep_mar,Early Sep-Mar,2024-05,0.14514403522493546,0.14551739379830317,0.18499999999999997,213.7912087912088
nhsn,2024-2025,Mississippi,early_sep_mar,Early Sep-Mar,2024-06,0.14755302592836778,0.14687734841158076,0.18499999999999991,209.80769230769226
nhsn,2024-2025,Mississippi,early_sep_mar,Early Sep-Mar,2024-07,0.1417703556388767,0.142197375703042,0.18499999999999997,217.39743589743586
nhsn,2024-2025,Mississippi,early_sep_mar,Early Sep-Mar,2024-08,0.14117273090529214,0.14126520649440727,0.18499999999999997,217.39743589743586
nhsn,2024-2025,Mississippi,early_sep_mar,Early Sep-Mar,2024-09,0.14340010263228548,0.14385772391174131,0.18499999999999997,210.3846153846154
nhsn,2024-2025,Mississippi,early_sep_mar,Early Sep-Mar,2024-10,0.14740798769208469,0.1456054259652124,0.185,216.2765567765568
nhsn,2024-2025,Mississippi,early_sep_mar,Early Sep-Mar,2024-11,0.13602773707433183,0.12792363338065138,0.18499999999999997,184.03113553113553
nhsn,2024-2025,Mississippi,early_sep_mar,Early Sep-Mar,2024-12,0.11485551415937573,0.10967054755765668,0.185,105.21794871794873
nhsn,2024-2025,Mississippi,early_sep_mar,Early Sep-Mar,2025-01,0.1228998047660494,0.12006460593046911,0.185,40.32967032967033
nhsn,2024-2025,Mississippi,early_sep_mar,Early Sep-Mar,2025-02,0.14002765041804163,0.13328818606592782,0.185,20.831501831501832
nhsn,2024-2025,Mississippi,early_sep_mar,Early Sep-Mar,2025-03,0.11339527148938018,0.08888838846047768,0.12500891612903228,15.205128205128208
nhsn,2024-2025,Mississippi,early_sep_mar,Early Sep-Mar,2025-04,0.0,0.0,0.0,8.77106227106227
nhsn,2024-2025,Mississippi,early_sep_mar,Early Sep-Mar,2025-05,0.0,0.0,0.0,3.6062271062271067
nhsn,2024-2025,Mississippi,early_sep_mar,Early Sep-Mar,2025-06,0.0,0.0,0.0,0.5769230769230769
nhsn,2024-2025,Mississippi,extended_sep_apr,Extended Sep-Apr,2024-01,0.0,0.0,0.0,170.90842490842488
nhsn,2024-2025,Mississippi,extended_sep_apr,Extended Sep-Apr,2024-02,0.0,0.02725548810680291,0.034001724137931025,181.68681318681317
nhsn,2024-2025,Mississippi,extended_sep_apr,Extended Sep-Apr,2024-03,0.14867276964447387,0.1460145912100045,0.1814790322580645,202.19230769230768
nhsn,2024-2025,Mississippi,extended_sep_apr,Extended Sep-Apr,2024-04,0.15015323274705097,0.14952339676336548,0.18499999999999991,201.6135531135531
nhsn,2024-2025,Mississippi,extended_sep_apr,Extended Sep-Apr,2024-05,0.14514403522493546,0.14551739379830317,0.18499999999999997,213.7912087912088
nhsn,2024-2025,Mississippi,extended_sep_apr,Extended Sep-Apr,2024-06,0.14755302592836778,0.14687734841158076,0.18499999999999991,209.80769230769226
nhsn,2024-2025,Mississippi,extended_sep_apr,Extended Sep-Apr,2024-07,0.1417703556388767,0.142197375703042,0.18499999999999997,217.39743589743586
nhsn,2024-2025,Mississippi,extended_sep_apr,Extended Sep-Apr,2024-08,0.14117273090529214,0.14126520649440727,0.18499999999999997,217.39743589743586
nhsn,2024-2025,Mississippi,extended_sep_apr,Extended Sep-Apr,2024-09,0.14340010263228548,0.14385772391174131,0.18499999999999997,210.3846153846154
nhsn,2024-2025,Mississippi,extended_sep_apr,Extended Sep-Apr,2024-10,0.14740798769208469,0.1456054259652124,0.185,216.2765567765568
nhsn,2024-2025,Mississippi,extended_sep_apr,Extended Sep-Apr,2024-11,0.13602773707433183,0.12792363338065138,0.18499999999999997,184.03113553113553
nhsn,2024-2025,Mississippi,extended_sep_apr,Extended Sep-Apr,2024-12,0.11485551415937573,0.10967054755765668,0.185,105.21794871794873
nhsn,2024-2025,Mississippi,extended_sep_apr,Extended Sep-Apr,2025-01,0.1228998047660494,0.12006460593046911,0.185,40.32967032967033
nhsn,2024-2025,Mississippi,extended_sep_apr,Extended Sep-Apr,2025-02,0.14002765041804163,0.13328818606592782,0.185,20.831501831501832
nhsn,2024-2025,Mississippi,extended_sep_apr,Extended Sep-Apr,2025-03,0.1326506795618175,0.1262487963725736,0.185,15.205128205128208
nhsn,2024-2025,Mississippi,extended_sep_apr,Extended Sep-Apr,2025-04,0.12122762256973796,0.088902201832502,0.12300921333333335,8.771062271062272
nhsn,2024-2025,Mississippi,extended_sep_apr,Extended Sep-Apr,2025-05,0.0,0.0,0.0,3.6062271062271067
nhsn,2024-2025,Mississippi,extended_sep_apr,Extended Sep-Apr,2025-06,0.0,0.0,0.0,0.5769230769230769
nhsn,2024-2025,Mississippi,late_oct_apr,Late Oct-Apr,2024-01,0.0,0.0,0.0,170.90842490842488
nhsn,2024-2025,Mississippi,late_oct_apr,Late Oct-Apr,2024-02,0.0,0.0,0.0,181.68681318681317
nhsn,2024-2025,Mississippi,late_oct_apr,Late Oct-Apr,2024-03,0.0,0.02775085953045023,0.03425483870967742,202.19230769230768
nhsn,2024-2025,Mississippi,late_oct_apr,Late Oct-Apr,2024-04,0.15015323274705097,0.1492665638189009,0.18499999999999991,201.6135531135531
nhsn,2024-2025,Mississippi,late_oct_apr,Late Oct-Apr,2024-05,0.1350523206350326,0.1331466154216936,0.18499999999999997,213.7912087912088
nhsn,2024-2025,Mississippi,late_oct_apr,Late Oct-Apr,2024-06,0.14766188572122577,0.14733525022291444,0.18499999999999991,209.80769230769226
nhsn,2024-2025,Mississippi,late_oct_apr,Late Oct-Apr,2024-07,0.13500409582739015,0.13269116974576348,0.18499999999999997,217.39743589743586
nhsn,2024-2025,Mississippi,late_oct_apr,Late Oct-Apr,2024-08,0.1473879222459442,0.14743261251510176,0.18499999999999997,217.39743589743586
nhsn,2024-2025,Mississippi,late_oct_apr,Late Oct-Apr,2024-09,0.1467034608645468,0.14657772645261774,0.18499999999999991,210.38461538461536
nhsn,2024-2025,Mississippi,late_oct_apr,Late Oct-Apr,2024-10,0.14740798769208469,0.1456054259652124,0.185,216.2765567765568
nhsn,2024-2025,Mississippi,late_oct_apr,Late Oct-Apr,2024-11,0.13602773707433183,0.12792363338065138,0.18499999999999997,184.03113553113553
nhsn,2024-2025,Mississippi,late_oct_apr,Late Oct-Apr,2024-12,0.11485551415937573,0.10967054755765668,0.185,105.21794871794873
nhsn,2024-2025,Mississippi,late_oct_apr,Late Oct-Apr,2025-01,0.1228998047660494,0.12006460593046911,0.185,40.32967032967033
nhsn,2024-2025,Mississippi,late_oct_apr,Late Oct-Apr,2025-02,0.14002765041804163,0.13328818606592782,0.185,20.831501831501832
nhsn,2024-2025,Mississippi,late_oct_apr,Late Oct-Apr,2025-03,0.1326506795618175,0.1262487963725736,0.185,15.205128205128208
nhsn,2024-2025,Mississippi,late_oct_apr,Late Oct-Apr,2025-04,0.12122762256973796,0.088902201832502,0.12300921333333335,8.771062271062272
nhsn,2024-2025,Mississippi,late_oct_apr,Late Oct-Apr,2025-05,0.0,0.0,0.0,3.6062271062271067
nhsn,2024-2025,Mississippi,late_oct_apr,Late Oct-Apr,2025-06,0.0,0.0,0.0,0.5769230769230769
nhsn,2024-2025,Missouri,baseline_oct_mar,Baseline Oct-Mar,2024-01,0.0,0.0,0.0,214.41208791208794
nhsn,2024-2025,Missouri,baseline_oct_mar,Baseline Oct-Mar,2024-02,0.0,0.0,0.0,302.3260073260073
nhsn,2024-2025,Missouri,baseline_oct_mar,Baseline Oct-Mar,2024-03,0.0,0.027530495169136658,0.03425483870967742,390.37362637362634
nhsn,2024-2025,Missouri,baseline_oct_mar,Baseline Oct-Mar,2024-04,0.14926208139026267,0.14896407264976752,0.18499999999999991,411.33333333333337
nhsn,2024-2025,Missouri,baseline_oct_mar,Baseline Oct-Mar,2024-05,0.14445207778210276,0.14287150418545905,0.18499999999999997,443.5531135531136
nhsn,2024-2025,Missouri,baseline_oct_mar,Baseline Oct-Mar,2024-06,0.1447961582615249,0.14487892896547117,0.18499999999999991,442.49999999999994
nhsn,2024-2025,Missouri,baseline_oct_mar,Baseline Oct-Mar,2024-07,0.14064222435247156,0.14053749326944714,0.18499999999999997,463.01282051282067
nhsn,2024-2025,Missouri,baseline_oct_mar,Baseline Oct-Mar,2024-08,0.14253439819408062,0.14243039844776567,0.18499999999999997,463.01282051282067
nhsn,2024-2025,Missouri,baseline_oct_mar,Baseline Oct-Mar,2024-09,0.14077734205193948,0.14107689777551863,0.18499999999999991,448.0769230769232
nhsn,2024-2025,Missouri,baseline_oct_mar,Baseline Oct-Mar,2024-10,0.14378671143413008,0.1430848316448343,0.185,462.78205128205127
nhsn,2024-2025,Missouri,baseline_oct_mar,Baseline Oct-Mar,2024-11,0.14355969143693278,0.1411008346852789,0.18499999999999997,428.5641025641026
nhsn,2024-2025,Missouri,baseline_oct_mar,Baseline Oct-Mar,2024-12,0.13687135289926625,0.13218004912622303,0.185,367.2802197802198
nhsn,2024-2025,Missouri,baseline_oct_mar,Baseline Oct-Mar,2025-01,0.1287464080668624,0.12502728041232058,0.185,239.56043956043953
nhsn,2024-2025,Missouri,baseline_oct_mar,Baseline Oct-Mar,2025-02,0.12551329497831917,0.12102834978369036,0.185,124.91941391941393
nhsn,2024-2025,Missouri,baseline_oct_mar,Baseline Oct-Mar,2025-03,0.12184181481444693,0.08832006083821196,0.12500891612903228,72.63919413919413
nhsn,2024-2025,Missouri,baseline_oct_mar,Baseline Oct-Mar,2025-04,0.0,0.0,0.0,36.743589743589745
nhsn,2024-2025,Missouri,baseline_oct_mar,Baseline Oct-Mar,2025-05,0.0,0.0,0.0,19.459706959706956
nhsn,2024-2025,Missouri,baseline_oct_mar,Baseline Oct-Mar,2025-06,0.0,0.0,0.0,5.576923076923077
nhsn,2024-2025,Missouri,early_sep_mar,Early Sep-Mar,2024-01,0.0,0.0,0.0,214.41208791208794
nhsn,2024-2025,Missouri,early_sep_mar,Early Sep-Mar,2024-02,0.0,0.02717206038113862,0.034001724137931025,302.3260073260073
nhsn,2024-2025,Missouri,early_sep_mar,Early Sep-Mar,2024-03,0.14799899761044594,0.14527080516331473,0.1814790322580645,390.37362637362634
nhsn,2024-2025,Missouri,early_sep_mar,Early Sep-Mar,2024-04,0.1491888071166269,0.14796158925776892,0.18499999999999991,411.33333333333337
nhsn,2024-2025,Missouri,early_sep_mar,Early Sep-Mar,2024-05,0.14277142014276026,0.14270079493154506,0.18499999999999997,443.5531135531136
nhsn,2024-2025,Missouri,early_sep_mar,Early Sep-Mar,2024-06,0.14437906021409147,0.14276576276877026,0.18499999999999991,442.49999999999994
nhsn,2024-2025,Missouri,early_sep_mar,Early Sep-Mar,2024-07,0.1354399637521277,0.1353872611897044,0.18499999999999997,463.01282051282067
nhsn,2024-2025,Missouri,early_sep_mar,Early Sep-Mar,2024-08,0.13279648718491807,0.13346451408328872,0.18499999999999997,463.01282051282067
nhsn,2024-2025,Missouri,early_sep_mar,Early Sep-Mar,2024-09,0.13786586912572404,0.13770962837981374,0.18499999999999997,448.0769230769231
nhsn,2024-2025,Missouri,early_sep_mar,Early Sep-Mar,2024-10,0.14378671143413008,0.1430848316448343,0.185,462.78205128205127
nhsn,2024-2025,Missouri,early_sep_mar,Early Sep-Mar,2024-11,0.14355969143693278,0.1411008346852789,0.18499999999999997,428.5641025641026
nhsn,2024-2025,Missouri,early_sep_mar,Early Sep-Mar,2024-12,0.13687135289926625,0.13218004912622303,0.185,367.2802197802198
nhsn,2024-2025,Missouri,early_sep_mar,Early Sep-Mar,2025-01,0.1287464080668624,0.12502728041232058,0.185,239.56043956043953
nhsn,2024-2025,Missouri,early_sep_mar,Early Sep-Mar,2025-02,0.12551329497831917,0.12102834978369036,0.185,124.91941391941393
nhsn,2024-2025,Missouri,early_sep_mar,Early Sep-Mar,2025-03,0.12184181481444693,0.08832006083821196,0.12500891612903228,72.63919413919413
nhsn,2024-2025,Missouri,early_sep_mar,Early Sep-Mar,2025-04,0.0,0.0,0.0,36.743589743589745
nhsn,2024-2025,Missouri,early_sep_mar,Early Sep-Mar,2025-05,0.0,0.0,0.0,19.459706959706956
nhsn,2024-2025,Missouri,early_sep_mar,Early Sep-Mar,2025-06,0.0,0.0,0.0,5.576923076923077
nhsn,2024-2025,Missouri,extended_sep_apr,Extended Sep-Apr,2024-01,0.0,0.0,0.0,214.41208791208794
nhsn,2024-2025,Missouri,extended_sep_apr,Extended Sep-Apr,2024-02,0.0,0.02717206038113862,0.034001724137931025,302.3260073260073
nhsn,2024-2025,Missouri,extended_sep_apr,Extended Sep-Apr,2024-03,0.14799899761044594,0.14527080516331473,0.1814790322580645,390.37362637362634
nhsn,2024-2025,Missouri,extended_sep_apr,Extended Sep-Apr,2024-04,0.1491888071166269,0.14796158925776892,0.18499999999999991,411.33333333333337
nhsn,2024-2025,Missouri,extended_sep_apr,Extended Sep-Apr,2024-05,0.14277142014276026,0.14270079493154506,0.18499999999999997,443.5531135531136
nhsn,2024-2025,Missouri,extended_sep_apr,Extended Sep-Apr,2024-06,0.14437906021409147,0.14276576276877026,0.18499999999999991,442.49999999999994
nhsn,2024-2025,Missouri,extended_sep_apr,Extended Sep-Apr,2024-07,0.1354399637521277,0.1353872611897044,0.18499999999999997,463.01282051282067
nhsn,2024-2025,Missouri,extended_sep_apr,Extended Sep-Apr,2024-08,0.13279648718491807,0.13346451408328872,0.18499999999999997,463.01282051282067
nhsn,2024-2025,Missouri,extended_sep_apr,Extended Sep-Apr,2024-09,0.13786586912572404,0.13770962837981374,0.18499999999999997,448.0769230769231
nhsn,2024-2025,Missouri,extended_sep_apr,Extended Sep-Apr,2024-10,0.14378671143413008,0.1430848316448343,0.185,462.78205128205127
nhsn,2024-2025,Missouri,extended_sep_apr,Extended Sep-Apr,2024-11,0.14355969143693278,0.1411008346852789,0.18499999999999997,428.5641025641026
nhsn,2024-2025,Missouri,extended_sep_apr,Extended Sep-Apr,2024-12,0.13687135289926625,0.13218004912622303,0.185,367.2802197802198
nhsn,2024-2025,Missouri,extended_sep_apr,Extended Sep-Apr,2025-01,0.1287464080668624,0.12502728041232058,0.185,239.56043956043953
nhsn,2024-2025,Missouri,extended_sep_apr,Extended Sep-Apr,2025-02,0.12551329497831917,0.12102834978369036,0.185,124.91941391941393
nhsn,2024-2025,Missouri,extended_sep_apr,Extended Sep-Apr,2025-03,0.12309921979635355,0.12064771134519227,0.185,72.63919413919413
nhsn,2024-2025,Missouri,extended_sep_apr,Extended Sep-Apr,2025-04,0.12287312477116381,0.08810248690383189,0.12300921333333335,36.743589743589745
nhsn,2024-2025,Missouri,extended_sep_apr,Extended Sep-Apr,2025-05,0.0,0.0,0.0,19.459706959706956
nhsn,2024-2025,Missouri,extended_sep_apr,Extended Sep-Apr,2025-06,0.0,0.0,0.0,5.576923076923077
nhsn,2024-2025,Missouri,late_oct_apr,Late Oct-Apr,2024-01,0.0,0.0,0.0,214.41208791208794
nhsn,2024-2025,Missouri,late_oct_apr,Late Oct-Apr,2024-02,0.0,0.0,0.0,302.3260073260073
nhsn,2024-2025,Missouri,late_oct_apr,Late Oct-Apr,2024-03,0.0,0.027530495169136658,0.03425483870967742,390.37362637362634
nhsn,2024-2025,Missouri,late_oct_apr,Late Oct-Apr,2024-04,0.14926208139026267,0.14896407264976752,0.18499999999999991,411.33333333333337
nhsn,2024-2025,Missouri,late_oct_apr,Late Oct-Apr,2024-05,0.14445207778210276,0.14287150418545905,0.18499999999999997,443.5531135531136
nhsn,2024-2025,Missouri,late_oct_apr,Late Oct-Apr,2024-06,0.1447961582615249,0.14487892896547117,0.18499999999999991,442.49999999999994
nhsn,2024-2025,Missouri,late_oct_apr,Late Oct-Apr,2024-07,0.14064222435247156,0.14053749326944714,0.18499999999999997,463.01282051282067
nhsn,2024-2025,Missouri,late_oct_apr,Late Oct-Apr,2024-08,0.14253439819408062,0.14243039844776567,0.18499999999999997,463.01282051282067
nhsn,2024-2025,Missouri,late_oct_apr,Late Oct-Apr,2024-09,0.14077734205193948,0.14107689777551863,0.18499999999999991,448.0769230769232
nhsn,2024-2025,Missouri,late_oct_apr,Late Oct-Apr,2024-10,0.14378671143413008,0.1430848316448343,0.185,462.78205128205127
nhsn,2024-2025,Missouri,late_oct_apr,Late Oct-Apr,2024-11,0.14355969143693278,0.1411008346852789,0.18499999999999997,428.5641025641026
nhsn,2024-2025,Missouri,late_oct_apr,Late Oct-Apr,2024-12,0.13687135289926625,0.13218004912622303,0.185,367.2802197802198
nhsn,2024-2025,Missouri,late_oct_apr,Late Oct-Apr,2025-01,0.1287464080668624,0.12502728041232058,0.185,239.56043956043953
nhsn,2024-2025,Missouri,late_oct_apr,Late Oct-Apr,2025-02,0.12551329497831917,0.12102834978369036,0.185,124.91941391941393
nhsn,2024-2025,Missouri,late_oct_apr,Late Oct-Apr,2025-03,0.12309921979635355,0.12064771134519227,0.185,72.63919413919413
nhsn,2024-2025,Missouri,late_oct_apr,Late Oct-Apr,2025-04,0.12287312477116381,0.08810248690383189,0.12300921333333335,36.743589743589745
nhsn,2024-2025,Missouri,late_oct_apr,Late Oct-Apr,2025-05,0.0,0.0,0.0,19.459706959706956
nhsn,2024-2025,Missouri,late_oct_apr,Late Oct-Apr,2025-06,0.0,0.0,0.0,5.576923076923077
nhsn,2024-2025,Montana,baseline_oct_mar,Baseline Oct-Mar,2024-01,0.0,0.0,0.0,9.408424908424909
nhsn,2024-2025,Montana,baseline_oct_mar,Baseline Oct-Mar,2024-02,0.0,0.0,0.0,32.6007326007326
nhsn,2024-2025,Montana,baseline_oct_mar,Baseline Oct-Mar,2024-03,0.0,0.027310216255814805,0.03425483870967742,83.39010989010988
nhsn,2024-2025,Montana,baseline_oct_mar,Baseline Oct-Mar,2024-04,0.1476823485471182,0.1476882785516805,0.18499999999999991,107.13369963369964
nhsn,2024-2025,Montana,baseline_oct_mar,Baseline Oct-Mar,2024-05,0.1482193625125487,0.14736517489568762,0.18499999999999997,119.65567765567766
nhsn,2024-2025,Montana,baseline_oct_mar,Baseline Oct-Mar,2024-06,0.1471557552381829,0.14638173518796885,0.18499999999999991,116.92307692307693
nhsn,2024-2025,Montana,baseline_oct_mar,Baseline Oct-Mar,2024-07,0.1481893391444082,0.14732578834650178,0.18499999999999997,120.82051282051285
nhsn,2024-2025,Montana,baseline_oct_mar,Baseline Oct-Mar,2024-08,0.1467025300423261,0.14561761444020757,0.18499999999999997,120.82051282051285
nhsn,2024-2025,Montana,baseline_oct_mar,Baseline Oct-Mar,2024-09,0.14393038726076557,0.1439551803600473,0.18499999999999991,116.92307692307693
nhsn,2024-2025,Montana,baseline_oct_mar,Baseline Oct-Mar,2024-10,0.14760921753246753,0.14683898940477585,0.185,120.82051282051282
nhsn,2024-2025,Montana,baseline_oct_mar,Baseline Oct-Mar,2024-11,0.1483374235271308,0.14841525236046482,0.18499999999999997,116.88461538461539
nhsn,2024-2025,Montana,baseline_oct_mar,Baseline Oct-Mar,2024-12,0.14889364155976037,0.14706798264614693,0.185,119.88095238095238
nhsn,2024-2025,Montana,baseline_oct_mar,Baseline Oct-Mar,2025-01,0.1466717985336342,0.141440903375324,0.185,110.82783882783883
nhsn,2024-2025,Montana,baseline_oct_mar,Baseline Oct-Mar,2025-02,0.1250578984701573,0.11883733544443187,0.185,77.11172161172162
nhsn,2024-2025,Montana,baseline_oct_mar,Baseline Oct-Mar,2025-03,0.09480143766968327,0.07872621794474469,0.12500891612903228,37.430402930402934
nhsn,2024-2025,Montana,baseline_oct_mar,Baseline Oct-Mar,2025-04,0.0,0.0,0.0,9.789377289377288
nhsn,2024-2025,Montana,baseline_oct_mar,Baseline Oct-Mar,2025-05,0.0,0.0,0.0,1.164835164835165
nhsn,2024-2025,Montana,baseline_oct_mar,Baseline Oct-Mar,2025-06,,,0.0,0.0
nhsn,2024-2025,Montana,early_sep_mar,Early Sep-Mar,2024-01,0.0,0.0,0.0,9.408424908424909
nhsn,2024-2025,Montana,early_sep_mar,Early Sep-Mar,2024-02,0.0,0.027065009612516035,0.034001724137931025,32.6007326007326
nhsn,2024-2025,Montana,early_sep_mar,Early Sep-Mar,2024-03,0.14723908196806038,0.1444504034330189,0.1814790322580645,83.39010989010988
nhsn,2024-2025,Montana,early_sep_mar,Early Sep-Mar,2024-04,0.14757825503010435,0.14588357399666743,0.18499999999999991,107.13369963369964
nhsn,2024-2025,Montana,early_sep_mar,Early Sep-Mar,2024-05,0.1380526771308162,0.13771985148922963,0.18499999999999997,119.65567765567766
nhsn,2024-2025,Montana,early_sep_mar,Early Sep-Mar,2024-06,0.14670253004232608,0.14307933165040332,0.18499999999999991,116.92307692307693
nhsn,2024-2025,Montana,early_sep_mar,Early Sep-Mar,2024-07,0.1358971842959672,0.1340322638260795,0.18499999999999997,120.82051282051285
nhsn,2024-2025,Montana,early_sep_mar,Early Sep-Mar,2024-08,0.129919956638756,0.13089361445895256,0.18499999999999997,120.82051282051285
nhsn,2024-2025,Montana,early_sep_mar,Early Sep-Mar,2024-09,0.13750626226076554,0.13805196455687757,0.18499999999999997,116.92307692307692
nhsn,2024-2025,Montana,early_sep_mar,Early Sep-Mar,2024-10,0.14760921753246753,0.14683898940477585,0.185,120.82051282051282
nhsn,2024-2025,Montana,early_sep_mar,Early Sep-Mar,2024-11,0.1483374235271308,0.14841525236046482,0.18499999999999997,116.88461538461539
nhsn,2024-2025,Montana,early_sep_mar,Early Sep-Mar,2024-12,0.14889364155976037,0.14706798264614693,0.185,119.88095238095238
nhsn,2024-2025,Montana,early_sep_mar,Early Sep-Mar,2025-01,0.1466717985336342,0.141440903375324,0.185,110.82783882783883
nhsn,2024-2025,Montana,early_sep_mar,Early Sep-Mar,2025-02,0.1250578984701573,0.11883733544443187,0.185,77.11172161172162
nhsn,2024-2025,Montana,early_sep_mar,Early Sep-Mar,2025-03,0.09480143766968327,0.07872621794474469,0.12500891612903228,37.430402930402934
nhsn,2024-2025,Montana,early_sep_mar,Early Sep-Mar,2025-04,0.0,0.0,0.0,9.789377289377288
nhsn,2024-2025,Montana,early_sep_mar,Early Sep-Mar,2025-05,0.0,0.0,0.0,1.164835164835165
nhsn,2024-2025,Montana,early_sep_mar,Early Sep-Mar,2025-06,,,0.0,0.0
nhsn,2024-2025,Montana,extended_sep_apr,Extended Sep-Apr,2024-01,0.0,0.0,0.0,9.408424908424909
nhsn,2024-2025,Montana,extended_sep_apr,Extended Sep-Apr,2024-02,0.0,0.027065009612516035,0.034001724137931025,32.6007326007326
nhsn,2024-2025,Montana,extended_sep_apr,Extended Sep-Apr,2024-03,0.14723908196806038,0.1444504034330189,0.1814790322580645,83.39010989010988
nhsn,2024-2025,Montana,extended_sep_apr,Extended Sep-Apr,2024-04,0.14757825503010435,0.14588357399666743,0.18499999999999991,107.13369963369964
nhsn,2024-2025,Montana,extended_sep_apr,Extended Sep-Apr,2024-05,0.1380526771308162,0.13771985148922963,0.18499999999999997,119.65567765567766
nhsn,2024-2025,Montana,extended_sep_apr,Extended Sep-Apr,2024-06,0.14670253004232608,0.14307933165040332,0.18499999999999991,116.92307692307693
nhsn,2024-2025,Montana,extended_sep_apr,Extended Sep-Apr,2024-07,0.1358971842959672,0.1340322638260795,0.18499999999999997,120.82051282051285
nhsn,2024-2025,Montana,extended_sep_apr,Extended Sep-Apr,2024-08,0.129919956638756,0.13089361445895256,0.18499999999999997,120.82051282051285
nhsn,2024-2025,Montana,extended_sep_apr,Extended Sep-Apr,2024-09,0.13750626226076554,0.13805196455687757,0.18499999999999997,116.92307692307692
nhsn,2024-2025,Montana,extended_sep_apr,Extended Sep-Apr,2024-10,0.14760921753246753,0.14683898940477585,0.185,120.82051282051282
nhsn,2024-2025,Montana,extended_sep_apr,Extended Sep-Apr,2024-11,0.1483374235271308,0.14841525236046482,0.18499999999999997,116.88461538461539
nhsn,2024-2025,Montana,extended_sep_apr,Extended Sep-Apr,2024-12,0.14889364155976037,0.14706798264614693,0.185,119.88095238095238
nhsn,2024-2025,Montana,extended_sep_apr,Extended Sep-Apr,2025-01,0.1466717985336342,0.141440903375324,0.185,110.82783882783883
nhsn,2024-2025,Montana,extended_sep_apr,Extended Sep-Apr,2025-02,0.1250578984701573,0.11883733544443187,0.185,77.11172161172162
nhsn,2024-2025,Montana,extended_sep_apr,Extended Sep-Apr,2025-03,0.10001494482904032,0.09942347087647539,0.185,37.430402930402934
nhsn,2024-2025,Montana,extended_sep_apr,Extended Sep-Apr,2025-04,0.0989516097902098,0.08241181377150429,0.12300921333333335,9.78937728937729
nhsn,2024-2025,Montana,extended_sep_apr,Extended Sep-Apr,2025-05,0.0,0.0,0.0,1.164835164835165
nhsn,2024-2025,Montana,extended_sep_apr,Extended Sep-Apr,2025-06,,,0.0,0.0
nhsn,2024-2025,Montana,late_oct_apr,Late Oct-Apr,2024-01,0.0,0.0,0.0,9.408424908424909
nhsn,2024-2025,Montana,late_oct_apr,Late Oct-Apr,2024-02,0.0,0.0,0.0,32.6007326007326
nhsn,2024-2025,Montana,late_oct_apr,Late Oct-Apr,2024-03,0.0,0.027310216255814805,0.03425483870967742,83.39010989010988
nhsn,2024-2025,Montana,late_oct_apr,Late Oct-Apr,2024-04,0.1476823485471182,0.1476882785516805,0.18499999999999991,107.13369963369964
nhsn,2024-2025,Montana,late_oct_apr,Late Oct-Apr,2024-05,0.1482193625125487,0.14736517489568762,0.18499999999999997,119.65567765567766
nhsn,2024-2025,Montana,late_oct_apr,Late Oct-Apr,2024-06,0.1471557552381829,0.14638173518796885,0.18499999999999991,116.92307692307693
nhsn,2024-2025,Montana,late_oct_apr,Late Oct-Apr,2024-07,0.1481893391444082,0.14732578834650178,0.18499999999999997,120.82051282051285
nhsn,2024-2025,Montana,late_oct_apr,Late Oct-Apr,2024-08,0.1467025300423261,0.14561761444020757,0.18499999999999997,120.82051282051285
nhsn,2024-2025,Montana,late_oct_apr,Late Oct-Apr,2024-09,0.14393038726076557,0.1439551803600473,0.18499999999999991,116.92307692307693
nhsn,2024-2025,Montana,late_oct_apr,Late Oct-Apr,2024-10,0.14760921753246753,0.14683898940477585,0.185,120.82051282051282
nhsn,2024-2025,Montana,late_oct_apr,Late Oct-Apr,2024-11,0.1483374235271308,0.14841525236046482,0.18499999999999997,116.88461538461539
nhsn,2024-2025,Montana,late_oct_apr,Late Oct-Apr,2024-12,0.14889364155976037,0.14706798264614693,0.185,119.88095238095238
nhsn,2024-2025,Montana,late_oct_apr,Late Oct-Apr,2025-01,0.1466717985336342,0.141440903375324,0.185,110.82783882783883
nhsn,2024-2025,Montana,late_oct_apr,Late Oct-Apr,2025-02,0.1250578984701573,0.11883733544443187,0.185,77.11172161172162
nhsn,2024-2025,Montana,late_oct_apr,Late Oct-Apr,2025-03,0.10001494482904032,0.09942347087647539,0.185,37.430402930402934
nhsn,2024-2025,Montana,late_oct_apr,Late Oct-Apr,2025-04,0.0989516097902098,0.08241181377150429,0.12300921333333335,9.78937728937729
nhsn,2024-2025,Montana,late_oct_apr,Late Oct-Apr,2025-05,0.0,0.0,0.0,1.164835164835165
nhsn,2024-2025,Montana,late_oct_apr,Late Oct-Apr,2025-06,,,0.0,0.0
nhsn,2024-2025,Nebraska,baseline_oct_mar,Baseline Oct-Mar,2024-01,0.0,0.0,0.0,45.10989010989011
nhsn,2024-2025,Nebraska,baseline_oct_mar,Baseline Oct-Mar,2024-02,0.0,0.0,0.0,102.5
nhsn,2024-2025,Nebraska,baseline_oct_mar,Baseline Oct-Mar,2024-03,0.0,0.027367856974727267,0.03425483870967742,172.71611721611723
nhsn,2024-2025,Nebraska,baseline_oct_mar,Baseline Oct-Mar,2024-04,0.14809703081455758,0.1481129972198325,0.18499999999999991,197.3809523809524
nhsn,2024-2025,Nebraska,baseline_oct_mar,Baseline Oct-Mar,2024-05,0.14850467506946793,0.14809293253243092,0.18499999999999997,210.66117216117217
nhsn,2024-2025,Nebraska,baseline_oct_mar,Baseline Oct-Mar,2024-06,0.14630371715234367,0.14639968914986226,0.18499999999999991,206.4230769230769
nhsn,2024-2025,Nebraska,baseline_oct_mar,Baseline Oct-Mar,2024-07,0.14784153596310928,0.14717849972557873,0.18499999999999997,214.2179487179487
nhsn,2024-2025,Nebraska,baseline_oct_mar,Baseline Oct-Mar,2024-08,0.1454135911750587,0.1452928075531507,0.18499999999999997,214.2179487179487
nhsn,2024-2025,Nebraska,baseline_oct_mar,Baseline Oct-Mar,2024-09,0.1446320328576804,0.14464509453028418,0.18499999999999991,207.3076923076923
nhsn,2024-2025,Nebraska,baseline_oct_mar,Baseline Oct-Mar,2024-10,0.1461873876661372,0.14619183810841443,0.185,214.2179487179488
nhsn,2024-2025,Nebraska,baseline_oct_mar,Baseline Oct-Mar,2024-11,0.1480590749245442,0.14766245540126824,0.18499999999999997,206.55128205128207
nhsn,2024-2025,Nebraska,baseline_oct_mar,Baseline Oct-Mar,2024-12,0.1451761448488186,0.14249336424217274,0.185,203.95787545787547
nhsn,2024-2025,Nebraska,baseline_oct_mar,Baseline Oct-Mar,2025-01,0.13721744661279314,0.1313940181554926,0.185,166.71794871794873
nhsn,2024-2025,Nebraska,baseline_oct_mar,Baseline Oct-Mar,2025-02,0.12199133092125265,0.1141649419542222,0.185,93.37728937728937
nhsn,2024-2025,Nebraska,baseline_oct_mar,Baseline Oct-Mar,2025-03,0.0886576197081874,0.07654202908225233,0.12500891612903228,41.501831501831504
nhsn,2024-2025,Nebraska,baseline_oct_mar,Baseline Oct-Mar,2025-04,0.0,0.0,0.0,9.926739926739927
nhsn,2024-2025,Nebraska,baseline_oct_mar,Baseline Oct-Mar,2025-05,0.0,0.0,0.0,3.5567765567765566
nhsn,2024-2025,Nebraska,baseline_oct_mar,Baseline Oct-Mar,2025-06,0.0,0.0,0.0,0.8846153846153846
nhsn,2024-2025,Nebraska,early_sep_mar,Early Sep-Mar,2024-01,0.0,0.0,0.0,45.10989010989011
nhsn,2024-2025,Nebraska,early_sep_mar,Early Sep-Mar,2024-02,0.0,0.027100847040162242,0.034001724137931025,102.5
nhsn,2024-2025,Nebraska,early_sep_mar,Early Sep-Mar,2024-03,0.1475185566175684,0.14472000667707577,0.1814790322580645,172.71611721611723
nhsn,2024-2025,Nebraska,early_sep_mar,Early Sep-Mar,2024-04,0.14794291686314834,0.14693543952210675,0.18499999999999991,197.3809523809524
nhsn,2024-2025,Nebraska,early_sep_mar,Early Sep-Mar,2024-05,0.14401843327145716,0.14344760523310446,0.18499999999999997,210.66117216117217
nhsn,2024-2025,Nebraska,early_sep_mar,Early Sep-Mar,2024-06,0.14592722164241717,0.14460808407662554,0.18499999999999991,206.4230769230769
nhsn,2024-2025,Nebraska,early_sep_mar,Early Sep-Mar,2024-07,0.13969256258583718,0.13985186443740052,0.18499999999999997,214.2179487179487
nhsn,2024-2025,Nebraska,early_sep_mar,Early Sep-Mar,2024-08,0.13810878731657955,0.13796974180809346,0.18499999999999997,214.2179487179487
nhsn,2024-2025,Nebraska,early_sep_mar,Early Sep-Mar,2024-09,0.14242018907066958,0.14185569028478112,0.18499999999999997,207.30769230769235
nhsn,2024-2025,Nebraska,early_sep_mar,Early Sep-Mar,2024-10,0.1461873876661372,0.14619183810841443,0.185,214.2179487179488
nhsn,2024-2025,Nebraska,early_sep_mar,Early Sep-Mar,2024-11,0.1480590749245442,0.14766245540126824,0.18499999999999997,206.55128205128207
nhsn,2024-2025,Nebraska,early_sep_mar,Early Sep-Mar,2024-12,0.1451761448488186,0.14249336424217274,0.185,203.95787545787547
nhsn,2024-2025,Nebraska,early_sep_mar,Early Sep-Mar,2025-01,0.13721744661279314,0.1313940181554926,0.185,166.71794871794873
nhsn,2024-2025,Nebraska,early_sep_mar,Early Sep-Mar,2025-02,0.12199133092125265,0.1141649419542222,0.185,93.37728937728937
nhsn,2024-2025,Nebraska,early_sep_mar,Early Sep-Mar,2025-03,0.0886576197081874,0.07654202908225233,0.12500891612903228,41.501831501831504
nhsn,2024-2025,Nebraska,early_sep_mar,Early Sep-Mar,2025-04,0.0,0.0,0.0,9.926739926739927
nhsn,2024-2025,Nebraska,early_sep_mar,Early Sep-Mar,2025-05,0.0,0.0,0.0,3.5567765567765566
nhsn,2024-2025,Nebraska,early_sep_mar,Early Sep-Mar,2025-06,0.0,0.0,0.0,0.8846153846153846
nhsn,2024-2025,Nebraska,extended_sep_apr,Extended Sep-Apr,2024-01,0.0,0.0,0.0,45.10989010989011
nhsn,2024-2025,Nebraska,extended_sep_apr,Extended Sep-Apr,2024-02,0.0,0.027100847040162242,0.034001724137931025,102.5
nhsn,2024-2025,Nebraska,extended_sep_apr,Extended Sep-Apr,2024-03,0.1475185566175684,0.14472000667707577,0.1814790322580645,172.71611721611723
nhsn,2024-2025,Nebraska,extended_sep_apr,Extended Sep-Apr,2024-04,0.14794291686314834,0.14693543952210675,0.18499999999999991,197.3809523809524
nhsn,2024-2025,Nebraska,extended_sep_apr,Extended Sep-Apr,2024-05,0.14401843327145716,0.14344760523310446,0.18499999999999997,210.66117216117217
nhsn,2024-2025,Nebraska,extended_sep_apr,Extended Sep-Apr,2024-06,0.14592722164241717,0.14460808407662554,0.18499999999999991,206.4230769230769
nhsn,2024-2025,Nebraska,extended_sep_apr,Extended Sep-Apr,2024-07,0.13969256258583718,0.13985186443740052,0.18499999999999997,214.2179487179487
nhsn,2024-2025,Nebraska,extended_sep_apr,Extended Sep-Apr,2024-08,0.13810878731657955,0.13796974180809346,0.18499999999999997,214.2179487179487
nhsn,2024-2025,Nebraska,extended_sep_apr,Extended Sep-Apr,2024-09,0.14242018907066958,0.14185569028478112,0.18499999999999997,207.30769230769235
nhsn,2024-2025,Nebraska,extended_sep_apr,Extended Sep-Apr,2024-10,0.1461873876661372,0.14619183810841443,0.185,214.2179487179488
nhsn,2024-2025,Nebraska,extended_sep_apr,Extended Sep-Apr,2024-11,0.1480590749245442,0.14766245540126824,0.18499999999999997,206.55128205128207
nhsn,2024-2025,Nebraska,extended_sep_apr,Extended Sep-Apr,2024-12,0.1451761448488186,0.14249336424217274,0.185,203.95787545787547
nhsn,2024-2025,Nebraska,extended_sep_apr,Extended Sep-Apr,2025-01,0.13721744661279314,0.1313940181554926,0.185,166.71794871794873
nhsn,2024-2025,Nebraska,extended_sep_apr,Extended Sep-Apr,2025-02,0.12199133092125265,0.1141649419542222,0.185,93.37728937728937
nhsn,2024-2025,Nebraska,extended_sep_apr,Extended Sep-Apr,2025-03,0.09458247606393606,0.09615780075561575,0.185,41.501831501831504
nhsn,2024-2025,Nebraska,extended_sep_apr,Extended Sep-Apr,2025-04,0.10267327412587411,0.08055907992926171,0.12300921333333335,9.926739926739927
nhsn,2024-2025,Nebraska,extended_sep_apr,Extended Sep-Apr,2025-05,0.0,0.0,0.0,3.5567765567765566
nhsn,2024-2025,Nebraska,extended_sep_apr,Extended Sep-Apr,2025-06,0.0,0.0,0.0,0.8846153846153846
nhsn,2024-2025,Nebraska,late_oct_apr,Late Oct-Apr,2024-01,0.0,0.0,0.0,45.10989010989011
nhsn,2024-2025,Nebraska,late_oct_apr,Late Oct-Apr,2024-02,0.0,0.0,0.0,102.5
nhsn,2024-2025,Nebraska,late_oct_apr,Late Oct-Apr,2024-03,0.0,0.027367856974727267,0.03425483870967742,172.71611721611723
nhsn,2024-2025,Nebraska,late_oct_apr,Late Oct-Apr,2024-04,0.14809703081455758,0.1481129972198325,0.18499999999999991,197.3809523809524
nhsn,2024-2025,Nebraska,late_oct_apr,Late Oct-Apr,2024-05,0.14850467506946793,0.14809293253243092,0.18499999999999997,210.66117216117217
nhsn,2024-2025,Nebraska,late_oct_apr,Late Oct-Apr,2024-06,0.14630371715234367,0.14639968914986226,0.18499999999999991,206.4230769230769
nhsn,2024-2025,Nebraska,late_oct_apr,Late Oct-Apr,2024-07,0.14784153596310928,0.14717849972557873,0.18499999999999997,214.2179487179487
nhsn,2024-2025,Nebraska,late_oct_apr,Late Oct-Apr,2024-08,0.1454135911750587,0.1452928075531507,0.18499999999999997,214.2179487179487
nhsn,2024-2025,Nebraska,late_oct_apr,Late Oct-Apr,2024-09,0.1446320328576804,0.14464509453028418,0.18499999999999991,207.3076923076923
nhsn,2024-2025,Nebraska,late_oct_apr,Late Oct-Apr,2024-10,0.1461873876661372,0.14619183810841443,0.185,214.2179487179488
nhsn,2024-2025,Nebraska,late_oct_apr,Late Oct-Apr,2024-11,0.1480590749245442,0.14766245540126824,0.18499999999999997,206.55128205128207
nhsn,2024-2025,Nebraska,late_oct_apr,Late Oct-Apr,2024-12,0.1451761448488186,0.14249336424217274,0.185,203.95787545787547
nhsn,2024-2025,Nebraska,late_oct_apr,Late Oct-Apr,2025-01,0.13721744661279314,0.1313940181554926,0.185,166.71794871794873
nhsn,2024-2025,Nebraska,late_oct_apr,Late Oct-Apr,2025-02,0.12199133092125265,0.1141649419542222,0.185,93.37728937728937
nhsn,2024-2025,Nebraska,late_oct_apr,Late Oct-Apr,2025-03,0.09458247606393606,0.09615780075561575,0.185,41.501831501831504
nhsn,2024-2025,Nebraska,late_oct_apr,Late Oct-Apr,2025-04,0.10267327412587411,0.08055907992926171,0.12300921333333335,9.926739926739927
nhsn,2024-2025,Nebraska,late_oct_apr,Late Oct-Apr,2025-05,0.0,0.0,0.0,3.5567765567765566
nhsn,2024-2025,Nebraska,late_oct_apr,Late Oct-Apr,2025-06,0.0,0.0,0.0,0.8846153846153846
nhsn,2024-2025,Nevada,baseline_oct_mar,Baseline Oct-Mar,2024-01,0.0,0.0,0.0,108.90293040293042
nhsn,2024-2025,Nevada,baseline_oct_mar,Baseline Oct-Mar,2024-02,0.0,0.0,0.0,174.7197802197802
nhsn,2024-2025,Nevada,baseline_oct_mar,Baseline Oct-Mar,2024-03,0.0,0.027490007390816765,0.03425483870967742,233.83699633699632
nhsn,2024-2025,Nevada,baseline_oct_mar,Baseline Oct-Mar,2024-04,0.14868781803682762,0.14864236993412788,0.18499999999999991,241.6721611721612
nhsn,2024-2025,Nevada,baseline_oct_mar,Baseline Oct-Mar,2024-05,0.14653015330223598,0.14507449930944086,0.18499999999999997,254.53113553113553
nhsn,2024-2025,Nevada,baseline_oct_mar,Baseline Oct-Mar,2024-06,0.1483212311529839,0.1480896133881841,0.18499999999999991,247.30769230769232
nhsn,2024-2025,Nevada,baseline_oct_mar,Baseline Oct-Mar,2024-07,0.1463571640257099,0.1450270700502362,0.18499999999999997,255.55128205128207
nhsn,2024-2025,Nevada,baseline_oct_mar,Baseline Oct-Mar,2024-08,0.14832123115298387,0.14797758901751434,0.18499999999999997,255.55128205128207
nhsn,2024-2025,Nevada,baseline_oct_mar,Baseline Oct-Mar,2024-09,0.14725308061145698,0.147378535787654,0.18499999999999991,247.30769230769232
nhsn,2024-2025,Nevada,baseline_oct_mar,Baseline Oct-Mar,2024-10,0.1482561955804693,0.14779777470486263,0.185,255.44139194139197
nhsn,2024-2025,Nevada,baseline_oct_mar,Baseline Oct-Mar,2024-11,0.14654147094279255,0.1442597074133843,0.18499999999999997,239.1996336996337
nhsn,2024-2025,Nevada,baseline_oct_mar,Baseline Oct-Mar,2024-12,0.1377261150999274,0.13373318079552035,0.185,211.3168498168498
nhsn,2024-2025,Nevada,baseline_oct_mar,Baseline Oct-Mar,2025-01,0.1329467603799634,0.121935403682023,0.185,141.95787545787545
nhsn,2024-2025,Nevada,baseline_oct_mar,Baseline Oct-Mar,2025-02,0.10850444896757601,0.10335359803325833,0.185,60.79120879120879
nhsn,2024-2025,Nevada,baseline_oct_mar,Baseline Oct-Mar,2025-03,0.1014935978667797,0.07969750530133167,0.12500891612903228,21.714285714285715
nhsn,2024-2025,Nevada,baseline_oct_mar,Baseline Oct-Mar,2025-04,0.0,0.0,0.0,5.635531135531135
nhsn,2024-2025,Nevada,baseline_oct_mar,Baseline Oct-Mar,2025-05,0.0,0.0,0.0,1.02014652014652
nhsn,2024-2025,Nevada,baseline_oct_mar,Baseline Oct-Mar,2025-06,,,0.0,0.0
nhsn,2024-2025,Nevada,early_sep_mar,Early Sep-Mar,2024-01,0.0,0.0,0.0,108.90293040293042
nhsn,2024-2025,Nevada,early_sep_mar,Early Sep-Mar,2024-02,0.0,0.02714711577248513,0.034001724137931025,174.7197802197802
nhsn,2024-2025,Nevada,early_sep_mar,Early Sep-Mar,2024-03,0.14789744654352271,0.14513646634096472,0.1814790322580645,233.83699633699632
nhsn,2024-2025,Nevada,early_sep_mar,Early Sep-Mar,2024-04,0.14868781803682762,0.14807207400288452,0.18499999999999991,241.6721611721612
nhsn,2024-2025,Nevada,early_sep_mar,Early Sep-Mar,2024-05,0.14587335828701886,0.14551353140326745,0.18499999999999997,254.53113553113553
nhsn,2024-2025,Nevada,early_sep_mar,Early Sep-Mar,2024-06,0.1483212311529839,0.14714622576292552,0.18499999999999991,247.30769230769232
nhsn,2024-2025,Nevada,early_sep_mar,Early Sep-Mar,2024-07,0.14420448825979618,0.14414322120221024,0.18499999999999997,255.55128205128207
nhsn,2024-2025,Nevada,early_sep_mar,Early Sep-Mar,2024-08,0.14293691121164995,0.1429770993127707,0.18499999999999997,255.55128205128207
nhsn,2024-2025,Nevada,early_sep_mar,Early Sep-Mar,2024-09,0.1457088051093541,0.14549645333630787,0.18499999999999997,247.30769230769232
nhsn,2024-2025,Nevada,early_sep_mar,Early Sep-Mar,2024-10,0.1482561955804693,0.14779777470486263,0.185,255.44139194139197
nhsn,2024-2025,Nevada,early_sep_mar,Early Sep-Mar,2024-11,0.14654147094279255,0.1442597074133843,0.18499999999999997,239.1996336996337
nhsn,2024-2025,Nevada,early_sep_mar,Early Sep-Mar,2024-12,0.1377261150999274,0.13373318079552035,0.185,211.3168498168498
nhsn,2024-2025,Nevada,early_sep_mar,Early Sep-Mar,2025-01,0.1329467603799634,0.121935403682023,0.185,141.95787545787545
nhsn,2024-2025,Nevada,early_sep_mar,Early Sep-Mar,2025-02,0.10850444896757601,0.10335359803325833,0.185,60.79120879120879
nhsn,2024-2025,Nevada,early_sep_mar,Early Sep-Mar,2025-03,0.1014935978667797,0.07969750530133167,0.12500891612903228,21.714285714285715
nhsn,2024-2025,Nevada,early_sep_mar,Early Sep-Mar,2025-04,0.0,0.0,0.0,5.635531135531135
nhsn,2024-2025,Nevada,early_sep_mar,Early Sep-Mar,2025-05,0.0,0.0,0.0,1.02014652014652
nhsn,2024-2025,Nevada,early_sep_mar,Early Sep-Mar,2025-06,,,0.0,0.0
nhsn,2024-2025,Nevada,extended_sep_apr,Extended Sep-Apr,2024-01,0.0,0.0,0.0,108.90293040293042
nhsn,2024-2025,Nevada,extended_sep_apr,Extended Sep-Apr,2024-02,0.0,0.02714711577248513,0.034001724137931025,174.7197802197802
nhsn,2024-2025,Nevada,extended_sep_apr,Extended Sep-Apr,2024-03,0.14789744654352271,0.14513646634096472,0.1814790322580645,233.83699633699632
nhsn,2024-2025,Nevada,extended_sep_apr,Extended Sep-Apr,2024-04,0.14868781803682762,0.14807207400288452,0.18499999999999991,241.6721611721612
nhsn,2024-2025,Nevada,extended_sep_apr,Extended Sep-Apr,2024-05,0.14587335828701886,0.14551353140326745,0.18499999999999997,254.53113553113553
nhsn,2024-2025,Nevada,extended_sep_apr,Extended Sep-Apr,2024-06,0.1483212311529839,0.14714622576292552,0.18499999999999991,247.30769230769232
nhsn,2024-2025,Nevada,extended_sep_apr,Extended Sep-Apr,2024-07,0.14420448825979618,0.14414322120221024,0.18499999999999997,255.55128205128207
nhsn,2024-2025,Nevada,extended_sep_apr,Extended Sep-Apr,2024-08,0.14293691121164995,0.1429770993127707,0.18499999999999997,255.55128205128207
nhsn,2024-2025,Nevada,extended_sep_apr,Extended Sep-Apr,2024-09,0.1457088051093541,0.14549645333630787,0.18499999999999997,247.30769230769232
nhsn,2024-2025,Nevada,extended_sep_apr,Extended Sep-Apr,2024-10,0.1482561955804693,0.14779777470486263,0.185,255.44139194139197
nhsn,2024-2025,Nevada,extended_sep_apr,Extended Sep-Apr,2024-11,0.14654147094279255,0.1442597074133843,0.18499999999999997,239.1996336996337
nhsn,2024-2025,Nevada,extended_sep_apr,Extended Sep-Apr,2024-12,0.1377261150999274,0.13373318079552035,0.185,211.3168498168498
nhsn,2024-2025,Nevada,extended_sep_apr,Extended Sep-Apr,2025-01,0.1329467603799634,0.121935403682023,0.185,141.95787545787545
nhsn,2024-2025,Nevada,extended_sep_apr,Extended Sep-Apr,2025-02,0.10850444896757601,0.10335359803325833,0.185,60.79120879120879
nhsn,2024-2025,Nevada,extended_sep_apr,Extended Sep-Apr,2025-03,0.10329601609916562,0.09981427834601181,0.185,21.714285714285715
nhsn,2024-2025,Nevada,extended_sep_apr,Extended Sep-Apr,2025-04,0.0971033203125,0.07986808276875403,0.12300921333333335,5.635531135531135
nhsn,2024-2025,Nevada,extended_sep_apr,Extended Sep-Apr,2025-05,0.0,0.0,0.0,1.02014652014652
nhsn,2024-2025,Nevada,extended_sep_apr,Extended Sep-Apr,2025-06,,,0.0,0.0
nhsn,2024-2025,Nevada,late_oct_apr,Late Oct-Apr,2024-01,0.0,0.0,0.0,108.90293040293042
nhsn,2024-2025,Nevada,late_oct_apr,Late Oct-Apr,2024-02,0.0,0.0,0.0,174.7197802197802
nhsn,2024-2025,Nevada,late_oct_apr,Late Oct-Apr,2024-03,0.0,0.027490007390816765,0.03425483870967742,233.83699633699632
nhsn,2024-2025,Nevada,late_oct_apr,Late Oct-Apr,2024-04,0.14868781803682762,0.14864236993412788,0.18499999999999991,241.6721611721612
nhsn,2024-2025,Nevada,late_oct_apr,Late Oct-Apr,2024-05,0.14653015330223598,0.14507449930944086,0.18499999999999997,254.53113553113553
nhsn,2024-2025,Nevada,late_oct_apr,Late Oct-Apr,2024-06,0.1483212311529839,0.1480896133881841,0.18499999999999991,247.30769230769232
nhsn,2024-2025,Nevada,late_oct_apr,Late Oct-Apr,2024-07,0.1463571640257099,0.1450270700502362,0.18499999999999997,255.55128205128207
nhsn,2024-2025,Nevada,late_oct_apr,Late Oct-Apr,2024-08,0.14832123115298387,0.14797758901751434,0.18499999999999997,255.55128205128207
nhsn,2024-2025,Nevada,late_oct_apr,Late Oct-Apr,2024-09,0.14725308061145698,0.147378535787654,0.18499999999999991,247.30769230769232
nhsn,2024-2025,Nevada,late_oct_apr,Late Oct-Apr,2024-10,0.1482561955804693,0.14779777470486263,0.185,255.44139194139197
nhsn,2024-2025,Nevada,late_oct_apr,Late Oct-Apr,2024-11,0.14654147094279255,0.1442597074133843,0.18499999999999997,239.1996336996337
nhsn,2024-2025,Nevada,late_oct_apr,Late Oct-Apr,2024-12,0.1377261150999274,0.13373318079552035,0.185,211.3168498168498
nhsn,2024-2025,Nevada,late_oct_apr,Late Oct-Apr,2025-01,0.1329467603799634,0.121935403682023,0.185,141.95787545787545
nhsn,2024-2025,Nevada,late_oct_apr,Late Oct-Apr,2025-02,0.10850444896757601,0.10335359803325833,0.185,60.79120879120879
nhsn,2024-2025,Nevada,late_oct_apr,Late Oct-Apr,2025-03,0.10329601609916562,0.09981427834601181,0.185,21.714285714285715
nhsn,2024-2025,Nevada,late_oct_apr,Late Oct-Apr,2025-04,0.0971033203125,0.07986808276875403,0.12300921333333335,5.635531135531135
nhsn,2024-2025,Nevada,late_oct_apr,Late Oct-Apr,2025-05,0.0,0.0,0.0,1.02014652014652
nhsn,2024-2025,Nevada,late_oct_apr,Late Oct-Apr,2025-06,,,0.0,0.0
nhsn,2024-2025,New Hampshire,baseline_oct_mar,Baseline Oct-Mar,2024-01,0.0,0.0,0.0,45.8919413919414
nhsn,2024-2025,New Hampshire,baseline_oct_mar,Baseline Oct-Mar,2024-02,0.0,0.0,0.0,57.63553113553113
nhsn,2024-2025,New Hampshire,baseline_oct_mar,Baseline Oct-Mar,2024-03,0.0,0.02749266724224746,0.03425483870967742,69.77106227106226
nhsn,2024-2025,New Hampshire,baseline_oct_mar,Baseline Oct-Mar,2024-04,0.14905468871683872,0.14918486145783685,0.18499999999999991,70.58791208791209
nhsn,2024-2025,New Hampshire,baseline_oct_mar,Baseline Oct-Mar,2024-05,0.14862408411165554,0.14864604635313827,0.18499999999999997,75.014652014652
nhsn,2024-2025,New Hampshire,baseline_oct_mar,Baseline Oct-Mar,2024-06,0.14899799671756817,0.148941849579669,0.18499999999999991,72.6923076923077
nhsn,2024-2025,New Hampshire,baseline_oct_mar,Baseline Oct-Mar,2024-07,0.14862408411165554,0.1486419464735913,0.18499999999999997,75.1153846153846
nhsn,2024-2025,New Hampshire,baseline_oct_mar,Baseline Oct-Mar,2024-08,0.1487204150664151,0.14854623092797287,0.18499999999999997,75.1153846153846
nhsn,2024-2025,New Hampshire,baseline_oct_mar,Baseline Oct-Mar,2024-09,0.14782990197104484,0.14790110495042963,0.18499999999999991,72.6923076923077
nhsn,2024-2025,New Hampshire,baseline_oct_mar,Baseline Oct-Mar,2024-10,0.14906424758310474,0.1490748181891334,0.185,75.11538461538463
nhsn,2024-2025,New Hampshire,baseline_oct_mar,Baseline Oct-Mar,2024-11,0.14932775145665353,0.14506305883602086,0.18499999999999997,71.44871794871796
nhsn,2024-2025,New Hampshire,baseline_oct_mar,Baseline Oct-Mar,2024-12,0.12812915985680987,0.12017773168349756,0.185,59.70879120879121
nhsn,2024-2025,New Hampshire,baseline_oct_mar,Baseline Oct-Mar,2025-01,0.11526167041926685,0.1168710356282144,0.185,27.375457875457876
nhsn,2024-2025,New Hampshire,baseline_oct_mar,Baseline Oct-Mar,2025-02,0.11796336465973054,0.11168739222612822,0.185,12.058608058608058
nhsn,2024-2025,New Hampshire,baseline_oct_mar,Baseline Oct-Mar,2025-03,0.1092599853283971,0.0864070565417464,0.12500891612903228,5.344322344322345
nhsn,2024-2025,New Hampshire,baseline_oct_mar,Baseline Oct-Mar,2025-04,0.0,0.0,0.0,2.104395604395604
nhsn,2024-2025,New Hampshire,baseline_oct_mar,Baseline Oct-Mar,2025-05,0.0,0.0,0.0,0.10073260073260074
nhsn,2024-2025,New Hampshire,baseline_oct_mar,Baseline Oct-Mar,2025-06,,,0.0,0.0
nhsn,2024-2025,New Hampshire,early_sep_mar,Early Sep-Mar,2024-01,0.0,0.0,0.0,45.8919413919414
nhsn,2024-2025,New Hampshire,early_sep_mar,Early Sep-Mar,2024-02,0.0,0.027175457083010737,0.034001724137931025,57.63553113553113
nhsn,2024-2025,New Hampshire,early_sep_mar,Early Sep-Mar,2024-03,0.14802982424242425,0.14525388877510367,0.1814790322580645,69.77106227106226
nhsn,2024-2025,New Hampshire,early_sep_mar,Early Sep-Mar,2024-04,0.14878842425148725,0.14789408139020233,0.18499999999999991,70.58791208791209
nhsn,2024-2025,New Hampshire,early_sep_mar,Early Sep-Mar,2024-05,0.14548737892561983,0.14473612155153434,0.18499999999999997,75.014652014652
nhsn,2024-2025,New Hampshire,early_sep_mar,Early Sep-Mar,2024-06,0.1487204150664151,0.1473199747235463,0.18499999999999991,72.6923076923077
nhsn,2024-2025,New Hampshire,early_sep_mar,Early Sep-Mar,2024-07,0.1428525075242218,0.14338176100416397,0.18499999999999997,75.1153846153846
nhsn,2024-2025,New Hampshire,early_sep_mar,Early Sep-Mar,2024-08,0.1407116940836941,0.14167325530515998,0.18499999999999997,75.1153846153846
nhsn,2024-2025,New Hampshire,early_sep_mar,Early Sep-Mar,2024-09,0.14600931457431457,0.14525358460629928,0.18499999999999997,72.69230769230771
nhsn,2024-2025,New Hampshire,early_sep_mar,Early Sep-Mar,2024-10,0.14906424758310474,0.1490748181891334,0.185,75.11538461538463
nhsn,2024-2025,New Hampshire,early_sep_mar,Early Sep-Mar,2024-11,0.14932775145665353,0.14506305883602086,0.18499999999999997,71.44871794871796
nhsn,2024-2025,New Hampshire,early_sep_mar,Early Sep-Mar,2024-12,0.12812915985680987,0.12017773168349756,0.185,59.70879120879121
nhsn,2024-2025,New Hampshire,early_sep_mar,Early Sep-Mar,2025-01,0.11526167041926685,0.1168710356282144,0.185,27.375457875457876
nhsn,2024-2025,New Hampshire,early_sep_mar,Early Sep-Mar,2025-02,0.11796336465973054,0.11168739222612822,0.185,12.058608058608058
nhsn,2024-2025,New Hampshire,early_sep_mar,Early Sep-Mar,2025-03,0.1092599853283971,0.0864070565417464,0.12500891612903228,5.344322344322345
nhsn,2024-2025,New Hampshire,early_sep_mar,Early Sep-Mar,2025-04,0.0,0.0,0.0,2.104395604395604
nhsn,2024-2025,New Hampshire,early_sep_mar,Early Sep-Mar,2025-05,0.0,0.0,0.0,0.10073260073260074
nhsn,2024-2025,New Hampshire,early_sep_mar,Early Sep-Mar,2025-06,,,0.0,0.0
nhsn,2024-2025,New Hampshire,extended_sep_apr,Extended Sep-Apr,2024-01,0.0,0.0,0.0,45.8919413919414
nhsn,2024-2025,New Hampshire,extended_sep_apr,Extended Sep-Apr,2024-02,0.0,0.027175457083010737,0.034001724137931025,57.63553113553113
nhsn,2024-2025,New Hampshire,extended_sep_apr,Extended Sep-Apr,2024-03,0.14802982424242425,0.14525388877510367,0.1814790322580645,69.77106227106226
nhsn,2024-2025,New Hampshire,extended_sep_apr,Extended Sep-Apr,2024-04,0.14878842425148725,0.14789408139020233,0.18499999999999991,70.58791208791209
nhsn,2024-2025,New Hampshire,extended_sep_apr,Extended Sep-Apr,2024-05,0.14548737892561983,0.14473612155153434,0.18499999999999997,75.014652014652
nhsn,2024-2025,New Hampshire,extended_sep_apr,Extended Sep-Apr,2024-06,0.1487204150664151,0.1473199747235463,0.18499999999999991,72.6923076923077
nhsn,2024-2025,New Hampshire,extended_sep_apr,Extended Sep-Apr,2024-07,0.1428525075242218,0.14338176100416397,0.18499999999999997,75.1153846153846
nhsn,2024-2025,New Hampshire,extended_sep_apr,Extended Sep-Apr,2024-08,0.1407116940836941,0.14167325530515998,0.18499999999999997,75.1153846153846
nhsn,2024-2025,New Hampshire,extended_sep_apr,Extended Sep-Apr,2024-09,0.14600931457431457,0.14525358460629928,0.18499999999999997,72.69230769230771
nhsn,2024-2025,New Hampshire,extended_sep_apr,Extended Sep-Apr,2024-10,0.14906424758310474,0.1490748181891334,0.185,75.11538461538463
nhsn,2024-2025,New Hampshire,extended_sep_apr,Extended Sep-Apr,2024-11,0.14932775145665353,0.14506305883602086,0.18499999999999997,71.44871794871796
nhsn,2024-2025,New Hampshire,extended_sep_apr,Extended Sep-Apr,2024-12,0.12812915985680987,0.12017773168349756,0.185,59.70879120879121
nhsn,2024-2025,New Hampshire,extended_sep_apr,Extended Sep-Apr,2025-01,0.11526167041926685,0.1168710356282144,0.185,27.375457875457876
nhsn,2024-2025,New Hampshire,extended_sep_apr,Extended Sep-Apr,2025-02,0.11796336465973054,0.11168739222612822,0.185,12.058608058608058
nhsn,2024-2025,New Hampshire,extended_sep_apr,Extended Sep-Apr,2025-03,0.12925159201557937,0.11735744966626768,0.185,5.344322344322345
nhsn,2024-2025,New Hampshire,extended_sep_apr,Extended Sep-Apr,2025-04,0.06567906593406593,0.06933448781229258,0.12300921333333335,2.1043956043956045
nhsn,2024-2025,New Hampshire,extended_sep_apr,Extended Sep-Apr,2025-05,0.0,0.0,0.0,0.10073260073260074
nhsn,2024-2025,New Hampshire,extended_sep_apr,Extended Sep-Apr,2025-06,,,0.0,0.0
nhsn,2024-2025,New Hampshire,late_oct_apr,Late Oct-Apr,2024-01,0.0,0.0,0.0,45.8919413919414
nhsn,2024-2025,New Hampshire,late_oct_apr,Late Oct-Apr,2024-02,0.0,0.0,0.0,57.63553113553113
nhsn,2024-2025,New Hampshire,late_oct_apr,Late Oct-Apr,2024-03,0.0,0.02749266724224746,0.03425483870967742,69.77106227106226
nhsn,2024-2025,New Hampshire,late_oct_apr,Late Oct-Apr,2024-04,0.14905468871683872,0.14918486145783685,0.18499999999999991,70.58791208791209
nhsn,2024-2025,New Hampshire,late_oct_apr,Late Oct-Apr,2024-05,0.14862408411165554,0.14864604635313827,0.18499999999999997,75.014652014652
nhsn,2024-2025,New Hampshire,late_oct_apr,Late Oct-Apr,2024-06,0.14899799671756817,0.148941849579669,0.18499999999999991,72.6923076923077
nhsn,2024-2025,New Hampshire,late_oct_apr,Late Oct-Apr,2024-07,0.14862408411165554,0.1486419464735913,0.18499999999999997,75.1153846153846
nhsn,2024-2025,New Hampshire,late_oct_apr,Late Oct-Apr,2024-08,0.1487204150664151,0.14854623092797287,0.18499999999999997,75.1153846153846
nhsn,2024-2025,New Hampshire,late_oct_apr,Late Oct-Apr,2024-09,0.14782990197104484,0.14790110495042963,0.18499999999999991,72.6923076923077
nhsn,2024-2025,New Hampshire,late_oct_apr,Late Oct-Apr,2024-10,0.14906424758310474,0.1490748181891334,0.185,75.11538461538463
nhsn,2024-2025,New Hampshire,late_oct_apr,Late Oct-Apr,2024-11,0.14932775145665353,0.14506305883602086,0.18499999999999997,71.44871794871796
nhsn,2024-2025,New Hampshire,late_oct_apr,Late Oct-Apr,2024-12,0.12812915985680987,0.12017773168349756,0.185,59.70879120879121
nhsn,2024-2025,New Hampshire,late_oct_apr,Late Oct-Apr,2025-01,0.11526167041926685,0.1168710356282144,0.185,27.375457875457876
nhsn,2024-2025,New Hampshire,late_oct_apr,Late Oct-Apr,2025-02,0.11796336465973054,0.11168739222612822,0.185,12.058608058608058
nhsn,2024-2025,New Hampshire,late_oct_apr,Late Oct-Apr,2025-03,0.12925159201557937,0.11735744966626768,0.185,5.344322344322345
nhsn,2024-2025,New Hampshire,late_oct_apr,Late Oct-Apr,2025-04,0.06567906593406593,0.06933448781229258,0.12300921333333335,2.1043956043956045
nhsn,2024-2025,New Hampshire,late_oct_apr,Late Oct-Apr,2025-05,0.0,0.0,0.0,0.10073260073260074
nhsn,2024-2025,New Hampshire,late_oct_apr,Late Oct-Apr,2025-06,,,0.0,0.0
nhsn,2024-2025,New Jersey,baseline_oct_mar,Baseline Oct-Mar,2024-01,0.0,0.0,0.0,628.2802197802198
nhsn,2024-2025,New Jersey,baseline_oct_mar,Baseline Oct-Mar,2024-02,0.0,0.0,0.0,699.6208791208792
nhsn,2024-2025,New Jersey,baseline_oct_mar,Baseline Oct-Mar,2024-03,0.0,0.027759214773667475,0.03425483870967742,783.0311355311355
nhsn,2024-2025,New Jersey,baseline_oct_mar,Baseline Oct-Mar,2024-04,0.1501308266096287,0.1490860244035053,0.18499999999999991,781.9597069597069
nhsn,2024-2025,New Jersey,baseline_oct_mar,Baseline Oct-Mar,2024-05,0.1351094654590627,0.1345273825598516,0.18499999999999997,818.9853479853481
nhsn,2024-2025,New Jersey,baseline_oct_mar,Baseline Oct-Mar,2024-06,0.14856249666411156,0.14776799353074682,0.18499999999999991,800.1923076923076
nhsn,2024-2025,New Jersey,baseline_oct_mar,Baseline Oct-Mar,2024-07,0.1347913548522427,0.13407154622052755,0.18499999999999997,829.051282051282
nhsn,2024-2025,New Jersey,baseline_oct_mar,Baseline Oct-Mar,2024-08,0.14834362171673005,0.1483250511722373,0.18499999999999997,829.051282051282
nhsn,2024-2025,New Jersey,baseline_oct_mar,Baseline Oct-Mar,2024-09,0.14758559518381908,0.14779183608835594,0.18499999999999991,802.3076923076922
nhsn,2024-2025,New Jersey,baseline_oct_mar,Baseline Oct-Mar,2024-10,0.14776636644228255,0.14546017221996022,0.185,827.4798534798534
nhsn,2024-2025,New Jersey,baseline_oct_mar,Baseline Oct-Mar,2024-11,0.13834921553540644,0.1324521664350625,0.18499999999999997,707.4047619047619
nhsn,2024-2025,New Jersey,baseline_oct_mar,Baseline Oct-Mar,2024-12,0.11593334937386338,0.11260187169684259,0.185,454.1336996336997
nhsn,2024-2025,New Jersey,baseline_oct_mar,Baseline Oct-Mar,2025-01,0.1134512179533853,0.11213237354674419,0.185,177.46703296703296
nhsn,2024-2025,New Jersey,baseline_oct_mar,Baseline Oct-Mar,2025-02,0.13003224740984506,0.12490706608331109,0.185,72.50366300366301
nhsn,2024-2025,New Jersey,baseline_oct_mar,Baseline Oct-Mar,2025-03,0.1206560404560572,0.08884416805347736,0.12500891612903228,46.02014652014652
nhsn,2024-2025,New Jersey,baseline_oct_mar,Baseline Oct-Mar,2025-04,0.0,0.0,0.0,20.34798534798535
nhsn,2024-2025,New Jersey,baseline_oct_mar,Baseline Oct-Mar,2025-05,0.0,0.0,0.0,10.065934065934067
nhsn,2024-2025,New Jersey,baseline_oct_mar,Baseline Oct-Mar,2025-06,0.0,0.0,0.0,2.1153846153846154
nhsn,2024-2025,New Jersey,early_sep_mar,Early Sep-Mar,2024-01,0.0,0.0,0.0,628.2802197802198
nhsn,2024-2025,New Jersey,early_sep_mar,Early Sep-Mar,2024-02,0.0,0.027233497466330102,0.034001724137931025,699.6208791208792
nhsn,2024-2025,New Jersey,early_sep_mar,Early Sep-Mar,2024-03,0.14853807524372925,0.14592471848643895,0.1814790322580645,783.0311355311355
nhsn,2024-2025,New Jersey,early_sep_mar,Early Sep-Mar,2024-04,0.1501308266096287,0.14969829025113077,0.18499999999999991,781.9597069597069
nhsn,2024-2025,New Jersey,early_sep_mar,Early Sep-Mar,2024-05,0.1470108394925656,0.1469705280632949,0.18499999999999997,818.9853479853481
nhsn,2024-2025,New Jersey,early_sep_mar,Early Sep-Mar,2024-06,0.14856249666411156,0.14800064476901842,0.18499999999999991,800.1923076923076
nhsn,2024-2025,New Jersey,early_sep_mar,Early Sep-Mar,2024-07,0.1444738183623663,0.14445810455485122,0.18499999999999997,829.051282051282
nhsn,2024-2025,New Jersey,early_sep_mar,Early Sep-Mar,2024-08,0.1434831577976195,0.14359478790567493,0.18499999999999997,829.051282051282
nhsn,2024-2025,New Jersey,early_sep_mar,Early Sep-Mar,2024-09,0.14566778964659502,0.14581814952665237,0.18499999999999997,802.3076923076922
nhsn,2024-2025,New Jersey,early_sep_mar,Early Sep-Mar,2024-10,0.14776636644228255,0.14546017221996022,0.185,827.4798534798534
nhsn,2024-2025,New Jersey,early_sep_mar,Early Sep-Mar,2024-11,0.13834921553540644,0.1324521664350625,0.18499999999999997,707.4047619047619
nhsn,2024-2025,New Jersey,early_sep_mar,Early Sep-Mar,2024-12,0.11593334937386338,0.11260187169684259,0.185,454.1336996336997
nhsn,2024-2025,New Jersey,early_sep_mar,Early Sep-Mar,2025-01,0.1134512179533853,0.11213237354674419,0.185,177.46703296703296
nhsn,2024-2025,New Jersey,early_sep_mar,Early Sep-Mar,2025-02,0.13003224740984506,0.12490706608331109,0.185,72.50366300366301
nhsn,2024-2025,New Jersey,early_sep_mar,Early Sep-Mar,2025-03,0.1206560404560572,0.08884416805347736,0.12500891612903228,46.02014652014652
nhsn,2024-2025,New Jersey,early_sep_mar,Early Sep-Mar,2025-04,0.0,0.0,0.0,20.34798534798535
nhsn,2024-2025,New Jersey,early_sep_mar,Early Sep-Mar,2025-05,0.0,0.0,0.0,10.065934065934067
nhsn,2024-2025,New Jersey,early_sep_mar,Early Sep-Mar,2025-06,0.0,0.0,0.0,2.1153846153846154
nhsn,2024-2025,New Jersey,extended_sep_apr,Extended Sep-Apr,2024-01,0.0,0.0,0.0,628.2802197802198
nhsn,2024-2025,New Jersey,extended_sep_apr,Extended Sep-Apr,2024-02,0.0,0.027233497466330102,0.034001724137931025,699.6208791208792
nhsn,2024-2025,New Jersey,extended_sep_apr,Extended Sep-Apr,2024-03,0.14853807524372925,0.14592471848643895,0.1814790322580645,783.0311355311355
nhsn,2024-2025,New Jersey,extended_sep_apr,Extended Sep-Apr,2024-04,0.1501308266096287,0.14969829025113077,0.18499999999999991,781.9597069597069
nhsn,2024-2025,New Jersey,extended_sep_apr,Extended Sep-Apr,2024-05,0.1470108394925656,0.1469705280632949,0.18499999999999997,818.9853479853481
nhsn,2024-2025,New Jersey,extended_sep_apr,Extended Sep-Apr,2024-06,0.14856249666411156,0.14800064476901842,0.18499999999999991,800.1923076923076
nhsn,2024-2025,New Jersey,extended_sep_apr,Extended Sep-Apr,2024-07,0.1444738183623663,0.14445810455485122,0.18499999999999997,829.051282051282
nhsn,2024-2025,New Jersey,extended_sep_apr,Extended Sep-Apr,2024-08,0.1434831577976195,0.14359478790567493,0.18499999999999997,829.051282051282
nhsn,2024-2025,New Jersey,extended_sep_apr,Extended Sep-Apr,2024-09,0.14566778964659502,0.14581814952665237,0.18499999999999997,802.3076923076922
nhsn,2024-2025,New Jersey,extended_sep_apr,Extended Sep-Apr,2024-10,0.14776636644228255,0.14546017221996022,0.185,827.4798534798534
nhsn,2024-2025,New Jersey,extended_sep_apr,Extended Sep-Apr,2024-11,0.13834921553540644,0.1324521664350625,0.18499999999999997,707.4047619047619
nhsn,2024-2025,New Jersey,extended_sep_apr,Extended Sep-Apr,2024-12,0.11593334937386338,0.11260187169684259,0.185,454.1336996336997
nhsn,2024-2025,New Jersey,extended_sep_apr,Extended Sep-Apr,2025-01,0.1134512179533853,0.11213237354674419,0.185,177.46703296703296
nhsn,2024-2025,New Jersey,extended_sep_apr,Extended Sep-Apr,2025-02,0.13003224740984506,0.12490706608331109,0.185,72.50366300366301
nhsn,2024-2025,New Jersey,extended_sep_apr,Extended Sep-Apr,2025-03,0.1206560404560572,0.11684908121985757,0.185,46.02014652014652
nhsn,2024-2025,New Jersey,extended_sep_apr,Extended Sep-Apr,2025-04,0.11993708871248036,0.08651235707566132,0.12300921333333335,20.34798534798535
nhsn,2024-2025,New Jersey,extended_sep_apr,Extended Sep-Apr,2025-05,0.0,0.0,0.0,10.065934065934067
nhsn,2024-2025,New Jersey,extended_sep_apr,Extended Sep-Apr,2025-06,0.0,0.0,0.0,2.1153846153846154
nhsn,2024-2025,New Jersey,late_oct_apr,Late Oct-Apr,2024-01,0.0,0.0,0.0,628.2802197802198
nhsn,2024-2025,New Jersey,late_oct_apr,Late Oct-Apr,2024-02,0.0,0.0,0.0,699.6208791208792
nhsn,2024-2025,New Jersey,late_oct_apr,Late Oct-Apr,2024-03,0.0,0.027759214773667475,0.03425483870967742,783.0311355311355
nhsn,2024-2025,New Jersey,late_oct_apr,Late Oct-Apr,2024-04,0.1501308266096287,0.1490860244035053,0.18499999999999991,781.9597069597069
nhsn,2024-2025,New Jersey,late_oct_apr,Late Oct-Apr,2024-05,0.1351094654590627,0.1345273825598516,0.18499999999999997,818.9853479853481
nhsn,2024-2025,New Jersey,late_oct_apr,Late Oct-Apr,2024-06,0.14856249666411156,0.14776799353074682,0.18499999999999991,800.1923076923076
nhsn,2024-2025,New Jersey,late_oct_apr,Late Oct-Apr,2024-07,0.1347913548522427,0.13407154622052755,0.18499999999999997,829.051282051282
nhsn,2024-2025,New Jersey,late_oct_apr,Late Oct-Apr,2024-08,0.14834362171673005,0.1483250511722373,0.18499999999999997,829.051282051282
nhsn,2024-2025,New Jersey,late_oct_apr,Late Oct-Apr,2024-09,0.14758559518381908,0.14779183608835594,0.18499999999999991,802.3076923076922
nhsn,2024-2025,New Jersey,late_oct_apr,Late Oct-Apr,2024-10,0.14776636644228255,0.14546017221996022,0.185,827.4798534798534
nhsn,2024-2025,New Jersey,late_oct_apr,Late Oct-Apr,2024-11,0.13834921553540644,0.1324521664350625,0.18499999999999997,707.4047619047619
nhsn,2024-2025,New Jersey,late_oct_apr,Late Oct-Apr,2024-12,0.11593334937386338,0.11260187169684259,0.185,454.1336996336997
nhsn,2024-2025,New Jersey,late_oct_apr,Late Oct-Apr,2025-01,0.1134512179533853,0.11213237354674419,0.185,177.46703296703296
nhsn,2024-2025,New Jersey,late_oct_apr,Late Oct-Apr,2025-02,0.13003224740984506,0.12490706608331109,0.185,72.50366300366301
nhsn,2024-2025,New Jersey,late_oct_apr,Late Oct-Apr,2025-03,0.1206560404560572,0.11684908121985757,0.185,46.02014652014652
nhsn,2024-2025,New Jersey,late_oct_apr,Late Oct-Apr,2025-04,0.11993708871248036,0.08651235707566132,0.12300921333333335,20.34798534798535
nhsn,2024-2025,New Jersey,late_oct_apr,Late Oct-Apr,2025-05,0.0,0.0,0.0,10.065934065934067
nhsn,2024-2025,New Jersey,late_oct_apr,Late Oct-Apr,2025-06,0.0,0.0,0.0,2.1153846153846154
nhsn,2024-2025,New Mexico,baseline_oct_mar,Baseline Oct-Mar,2024-01,0.0,0.0,0.0,52.96336996336997
nhsn,2024-2025,New Mexico,baseline_oct_mar,Baseline Oct-Mar,2024-02,0.0,0.0,0.0,143.30219780219784
nhsn,2024-2025,New Mexico,baseline_oct_mar,Baseline Oct-Mar,2024-03,0.0,0.027345128646818043,0.03425483870967742,301.07875457875457
nhsn,2024-2025,New Mexico,baseline_oct_mar,Baseline Oct-Mar,2024-04,0.1479922976676368,0.14798514662921283,0.18499999999999991,330.73626373626377
nhsn,2024-2025,New Mexico,baseline_oct_mar,Baseline Oct-Mar,2024-05,0.14806094602497064,0.1478733940085905,0.18499999999999997,348.9761904761904
nhsn,2024-2025,New Mexico,baseline_oct_mar,Baseline Oct-Mar,2024-06,0.14733777763914907,0.1471577410868622,0.18499999999999991,339.7564102564103
nhsn,2024-2025,New Mexico,baseline_oct_mar,Baseline Oct-Mar,2024-07,0.14793740021177917,0.14764487216527164,0.18499999999999997,351.33333333333326
nhsn,2024-2025,New Mexico,baseline_oct_mar,Baseline Oct-Mar,2024-08,0.14688266333892352,0.1467228342013409,0.18499999999999997,351.33333333333326
nhsn,2024-2025,New Mexico,baseline_oct_mar,Baseline Oct-Mar,2024-09,0.14625801084435924,0.14619898571615264,0.18499999999999991,340.0
nhsn,2024-2025,New Mexico,baseline_oct_mar,Baseline Oct-Mar,2024-10,0.1474080149691937,0.14727797833623718,0.185,351.33333333333326
nhsn,2024-2025,New Mexico,baseline_oct_mar,Baseline Oct-Mar,2024-11,0.14825366201897652,0.14814753861092744,0.18499999999999997,338.80769230769226
nhsn,2024-2025,New Mexico,baseline_oct_mar,Baseline Oct-Mar,2024-12,0.14840786645941495,0.1452203135733121,0.185,340.8772893772894
nhsn,2024-2025,New Mexico,baseline_oct_mar,Baseline Oct-Mar,2025-01,0.14279897657387478,0.13597904305753608,0.185,295.38461538461536
nhsn,2024-2025,New Mexico,baseline_oct_mar,Baseline Oct-Mar,2025-02,0.11010031962988115,0.1023458159036195,0.185,177.0164835164835
nhsn,2024-2025,New Mexico,baseline_oct_mar,Baseline Oct-Mar,2025-03,0.07922023392724492,0.06959719545733019,0.12500891612903228,50.25457875457876
nhsn,2024-2025,New Mexico,baseline_oct_mar,Baseline Oct-Mar,2025-04,0.0,0.0,0.0,9.263736263736265
nhsn,2024-2025,New Mexico,baseline_oct_mar,Baseline Oct-Mar,2025-05,0.0,0.0,0.0,2.357142857142857
nhsn,2024-2025,New Mexico,baseline_oct_mar,Baseline Oct-Mar,2025-06,0.0,0.0,0.0,0.24358974358974358
nhsn,2024-2025,New Mexico,early_sep_mar,Early Sep-Mar,2024-01,0.0,0.0,0.0,52.96336996336997
nhsn,2024-2025,New Mexico,early_sep_mar,Early Sep-Mar,2024-02,0.0,0.027082370824930663,0.034001724137931025,143.30219780219784
nhsn,2024-2025,New Mexico,early_sep_mar,Early Sep-Mar,2024-03,0.14738816500520754,0.14458017576477672,0.1814790322580645,301.07875457875457
nhsn,2024-2025,New Mexico,early_sep_mar,Early Sep-Mar,2024-04,0.14784579690914892,0.14731570932996804,0.18499999999999991,330.73626373626377
nhsn,2024-2025,New Mexico,early_sep_mar,Early Sep-Mar,2024-05,0.14477096335055953,0.14468583609575542,0.18499999999999997,348.9761904761904
nhsn,2024-2025,New Mexico,early_sep_mar,Early Sep-Mar,2024-06,0.1469330035247558,0.14601482362181967,0.18499999999999991,339.7564102564103
nhsn,2024-2025,New Mexico,early_sep_mar,Early Sep-Mar,2024-07,0.14311089203443617,0.142953644023661,0.18499999999999997,351.33333333333326
nhsn,2024-2025,New Mexico,early_sep_mar,Early Sep-Mar,2024-08,0.14236448601398605,0.14192460087839817,0.18499999999999997,351.33333333333326
nhsn,2024-2025,New Mexico,early_sep_mar,Early Sep-Mar,2024-09,0.14413928655507388,0.14425601088070797,0.18499999999999997,339.99999999999994
nhsn,2024-2025,New Mexico,early_sep_mar,Early Sep-Mar,2024-10,0.1474080149691937,0.14727797833623718,0.185,351.33333333333326
nhsn,2024-2025,New Mexico,early_sep_mar,Early Sep-Mar,2024-11,0.14825366201897652,0.14814753861092744,0.18499999999999997,338.80769230769226
nhsn,2024-2025,New Mexico,early_sep_mar,Early Sep-Mar,2024-12,0.14840786645941495,0.1452203135733121,0.185,340.8772893772894
nhsn,2024-2025,New Mexico,early_sep_mar,Early Sep-Mar,2025-01,0.14279897657387478,0.13597904305753608,0.185,295.38461538461536
nhsn,2024-2025,New Mexico,early_sep_mar,Early Sep-Mar,2025-02,0.11010031962988115,0.1023458159036195,0.185,177.0164835164835
nhsn,2024-2025,New Mexico,early_sep_mar,Early Sep-Mar,2025-03,0.07922023392724492,0.06959719545733019,0.12500891612903228,50.25457875457876
nhsn,2024-2025,New Mexico,early_sep_mar,Early Sep-Mar,2025-04,0.0,0.0,0.0,9.263736263736265
nhsn,2024-2025,New Mexico,early_sep_mar,Early Sep-Mar,2025-05,0.0,0.0,0.0,2.357142857142857
nhsn,2024-2025,New Mexico,early_sep_mar,Early Sep-Mar,2025-06,0.0,0.0,0.0,0.24358974358974358
nhsn,2024-2025,New Mexico,extended_sep_apr,Extended Sep-Apr,2024-01,0.0,0.0,0.0,52.96336996336997
nhsn,2024-2025,New Mexico,extended_sep_apr,Extended Sep-Apr,2024-02,0.0,0.027082370824930663,0.034001724137931025,143.30219780219784
nhsn,2024-2025,New Mexico,extended_sep_apr,Extended Sep-Apr,2024-03,0.14738816500520754,0.14458017576477672,0.1814790322580645,301.07875457875457
nhsn,2024-2025,New Mexico,extended_sep_apr,Extended Sep-Apr,2024-04,0.14784579690914892,0.14731570932996804,0.18499999999999991,330.73626373626377
nhsn,2024-2025,New Mexico,extended_sep_apr,Extended Sep-Apr,2024-05,0.14477096335055953,0.14468583609575542,0.18499999999999997,348.9761904761904
nhsn,2024-2025,New Mexico,extended_sep_apr,Extended Sep-Apr,2024-06,0.1469330035247558,0.14601482362181967,0.18499999999999991,339.7564102564103
nhsn,2024-2025,New Mexico,extended_sep_apr,Extended Sep-Apr,2024-07,0.14311089203443617,0.142953644023661,0.18499999999999997,351.33333333333326
nhsn,2024-2025,New Mexico,extended_sep_apr,Extended Sep-Apr,2024-08,0.14236448601398605,0.14192460087839817,0.18499999999999997,351.33333333333326
nhsn,2024-2025,New Mexico,extended_sep_apr,Extended Sep-Apr,2024-09,0.14413928655507388,0.14425601088070797,0.18499999999999997,339.99999999999994
nhsn,2024-2025,New Mexico,extended_sep_apr,Extended Sep-Apr,2024-10,0.1474080149691937,0.14727797833623718,0.185,351.33333333333326
nhsn,2024-2025,New Mexico,extended_sep_apr,Extended Sep-Apr,2024-11,0.14825366201897652,0.14814753861092744,0.18499999999999997,338.80769230769226
nhsn,2024-2025,New Mexico,extended_sep_apr,Extended Sep-Apr,2024-12,0.14840786645941495,0.1452203135733121,0.185,340.8772893772894
nhsn,2024-2025,New Mexico,extended_sep_apr,Extended Sep-Apr,2025-01,0.14279897657387478,0.13597904305753608,0.185,295.38461538461536
nhsn,2024-2025,New Mexico,extended_sep_apr,Extended Sep-Apr,2025-02,0.11010031962988115,0.1023458159036195,0.185,177.0164835164835
nhsn,2024-2025,New Mexico,extended_sep_apr,Extended Sep-Apr,2025-03,0.08402677057147646,0.08743772820649014,0.185,50.25457875457876
nhsn,2024-2025,New Mexico,extended_sep_apr,Extended Sep-Apr,2025-04,0.10821769941111521,0.08314184555456422,0.12300921333333335,9.263736263736263
nhsn,2024-2025,New Mexico,extended_sep_apr,Extended Sep-Apr,2025-05,0.0,0.0,0.0,2.357142857142857
nhsn,2024-2025,New Mexico,extended_sep_apr,Extended Sep-Apr,2025-06,0.0,0.0,0.0,0.24358974358974358
nhsn,2024-2025,New Mexico,late_oct_apr,Late Oct-Apr,2024-01,0.0,0.0,0.0,52.96336996336997
nhsn,2024-2025,New Mexico,late_oct_apr,Late Oct-Apr,2024-02,0.0,0.0,0.0,143.30219780219784
nhsn,2024-2025,New Mexico,late_oct_apr,Late Oct-Apr,2024-03,0.0,0.027345128646818043,0.03425483870967742,301.07875457875457
nhsn,2024-2025,New Mexico,late_oct_apr,Late Oct-Apr,2024-04,0.1479922976676368,0.14798514662921283,0.18499999999999991,330.73626373626377
nhsn,2024-2025,New Mexico,late_oct_apr,Late Oct-Apr,2024-05,0.14806094602497064,0.1478733940085905,0.18499999999999997,348.9761904761904
nhsn,2024-2025,New Mexico,late_oct_apr,Late Oct-Apr,2024-06,0.14733777763914907,0.1471577410868622,0.18499999999999991,339.7564102564103
nhsn,2024-2025,New Mexico,late_oct_apr,Late Oct-Apr,2024-07,0.14793740021177917,0.14764487216527164,0.18499999999999997,351.33333333333326
nhsn,2024-2025,New Mexico,late_oct_apr,Late Oct-Apr,2024-08,0.14688266333892352,0.1467228342013409,0.18499999999999997,351.33333333333326
nhsn,2024-2025,New Mexico,late_oct_apr,Late Oct-Apr,2024-09,0.14625801084435924,0.14619898571615264,0.18499999999999991,340.0
nhsn,2024-2025,New Mexico,late_oct_apr,Late Oct-Apr,2024-10,0.1474080149691937,0.14727797833623718,0.185,351.33333333333326
nhsn,2024-2025,New Mexico,late_oct_apr,Late Oct-Apr,2024-11,0.14825366201897652,0.14814753861092744,0.18499999999999997,338.80769230769226
nhsn,2024-2025,New Mexico,late_oct_apr,Late Oct-Apr,2024-12,0.14840786645941495,0.1452203135733121,0.185,340.8772893772894
nhsn,2024-2025,New Mexico,late_oct_apr,Late Oct-Apr,2025-01,0.14279897657387478,0.13597904305753608,0.185,295.38461538461536
nhsn,2024-2025,New Mexico,late_oct_apr,Late Oct-Apr,2025-02,0.11010031962988115,0.1023458159036195,0.185,177.0164835164835
nhsn,2024-2025,New Mexico,late_oct_apr,Late Oct-Apr,2025-03,0.08402677057147646,0.08743772820649014,0.185,50.25457875457876
nhsn,2024-2025,New Mexico,late_oct_apr,Late Oct-Apr,2025-04,0.10821769941111521,0.08314184555456422,0.12300921333333335,9.263736263736263
nhsn,2024-2025,New Mexico,late_oct_apr,Late Oct-Apr,2025-05,0.0,0.0,0.0,2.357142857142857
nhsn,2024-2025,New Mexico,late_oct_apr,Late Oct-Apr,2025-06,0.0,0.0,0.0,0.24358974358974358
nhsn,2024-2025,New York,baseline_oct_mar,Baseline Oct-Mar,2024-01,0.0,0.0,0.0,1227.4065934065934
nhsn,2024-2025,New York,baseline_oct_mar,Baseline Oct-Mar,2024-02,0.0,0.0,0.0,1391.8021978021977
nhsn,2024-2025,New York,baseline_oct_mar,Baseline Oct-Mar,2024-03,0.0,0.0276547201616983,0.03425483870967742,1595.1886446886451
nhsn,2024-2025,New York,baseline_oct_mar,Baseline Oct-Mar,2024-04,0.1502752063116175,0.14982493158744478,0.18499999999999991,1605.6996336996335
nhsn,2024-2025,New York,baseline_oct_mar,Baseline Oct-Mar,2024-05,0.14197162539135882,0.13961912549619473,0.18499999999999997,1688.3882783882786
nhsn,2024-2025,New York,baseline_oct_mar,Baseline Oct-Mar,2024-06,0.14895054518536874,0.14857320135516697,0.18499999999999991,1648.6153846153845
nhsn,2024-2025,New York,baseline_oct_mar,Baseline Oct-Mar,2024-07,0.14156159869439702,0.13907894319013142,0.18499999999999997,1708.5769230769238
nhsn,2024-2025,New York,baseline_oct_mar,Baseline Oct-Mar,2024-08,0.14824170508184534,0.14818128310618162,0.18499999999999997,1708.5769230769238
nhsn,2024-2025,New York,baseline_oct_mar,Baseline Oct-Mar,2024-09,0.14701165367756228,0.14720902560211466,0.18499999999999991,1653.461538461539
nhsn,2024-2025,New York,baseline_oct_mar,Baseline Oct-Mar,2024-10,0.1483792861655674,0.14714123579038738,0.185,1706.7802197802198
nhsn,2024-2025,New York,baseline_oct_mar,Baseline Oct-Mar,2024-11,0.14079408633164534,0.13366673039402088,0.18499999999999997,1521.1172161172162
nhsn,2024-2025,New York,baseline_oct_mar,Baseline Oct-Mar,2024-12,0.11658585518199925,0.11463285396675338,0.185,999.7161172161173
nhsn,2024-2025,New York,baseline_oct_mar,Baseline Oct-Mar,2025-01,0.12173277449547916,0.1182139832942315,0.185,435.7802197802198
nhsn,2024-2025,New York,baseline_oct_mar,Baseline Oct-Mar,2025-02,0.1256072713214153,0.12026634114160963,0.185,196.81868131868129
nhsn,2024-2025,New York,baseline_oct_mar,Baseline Oct-Mar,2025-03,0.11878154906832794,0.08818974641088337,0.12500891612903228,113.3882783882784
nhsn,2024-2025,New York,baseline_oct_mar,Baseline Oct-Mar,2025-04,0.0,0.0,0.0,47.76190476190476
nhsn,2024-2025,New York,baseline_oct_mar,Baseline Oct-Mar,2025-05,0.0,0.0,0.0,20.188644688644693
nhsn,2024-2025,New York,baseline_oct_mar,Baseline Oct-Mar,2025-06,0.0,0.0,0.0,4.846153846153847
nhsn,2024-2025,New York,early_sep_mar,Early Sep-Mar,2024-01,0.0,0.0,0.0,1227.4065934065934
nhsn,2024-2025,New York,early_sep_mar,Early Sep-Mar,2024-02,0.0,0.027222131143577584,0.034001724137931025,1391.8021978021977
nhsn,2024-2025,New York,early_sep_mar,Early Sep-Mar,2024-03,0.14837604933884754,0.1456931050736223,0.1814790322580645,1595.1886446886451
nhsn,2024-2025,New York,early_sep_mar,Early Sep-Mar,2024-04,0.15016775575969224,0.14944001533516357,0.18499999999999991,1605.6996336996335
nhsn,2024-2025,New York,early_sep_mar,Early Sep-Mar,2024-05,0.14628898375088076,0.1463172190466311,0.18499999999999997,1688.3882783882786
nhsn,2024-2025,New York,early_sep_mar,Early Sep-Mar,2024-06,0.14872028572410137,0.14777692439296375,0.18499999999999991,1648.6153846153845
nhsn,2024-2025,New York,early_sep_mar,Early Sep-Mar,2024-07,0.1437383162678215,0.14380851533579606,0.18499999999999997,1708.5769230769238
nhsn,2024-2025,New York,early_sep_mar,Early Sep-Mar,2024-08,0.14257081484275205,0.14273454907456376,0.18499999999999997,1708.5769230769238
nhsn,2024-2025,New York,early_sep_mar,Early Sep-Mar,2024-09,0.1451616809763858,0.1451789109833993,0.18499999999999997,1653.4615384615383
nhsn,2024-2025,New York,early_sep_mar,Early Sep-Mar,2024-10,0.1483792861655674,0.14714123579038738,0.185,1706.7802197802198
nhsn,2024-2025,New York,early_sep_mar,Early Sep-Mar,2024-11,0.14079408633164534,0.13366673039402088,0.18499999999999997,1521.1172161172162
nhsn,2024-2025,New York,early_sep_mar,Early Sep-Mar,2024-12,0.11658585518199925,0.11463285396675338,0.185,999.7161172161173
nhsn,2024-2025,New York,early_sep_mar,Early Sep-Mar,2025-01,0.12173277449547916,0.1182139832942315,0.185,435.7802197802198
nhsn,2024-2025,New York,early_sep_mar,Early Sep-Mar,2025-02,0.1256072713214153,0.12026634114160963,0.185,196.81868131868129
nhsn,2024-2025,New York,early_sep_mar,Early Sep-Mar,2025-03,0.11878154906832794,0.08818974641088337,0.12500891612903228,113.3882783882784
nhsn,2024-2025,New York,early_sep_mar,Early Sep-Mar,2025-04,0.0,0.0,0.0,47.76190476190476
nhsn,2024-2025,New York,early_sep_mar,Early Sep-Mar,2025-05,0.0,0.0,0.0,20.188644688644693
nhsn,2024-2025,New York,early_sep_mar,Early Sep-Mar,2025-06,0.0,0.0,0.0,4.846153846153847
nhsn,2024-2025,New York,extended_sep_apr,Extended Sep-Apr,2024-01,0.0,0.0,0.0,1227.4065934065934
nhsn,2024-2025,New York,extended_sep_apr,Extended Sep-Apr,2024-02,0.0,0.027222131143577584,0.034001724137931025,1391.8021978021977
nhsn,2024-2025,New York,extended_sep_apr,Extended Sep-Apr,2024-03,0.14837604933884754,0.1456931050736223,0.1814790322580645,1595.1886446886451
nhsn,2024-2025,New York,extended_sep_apr,Extended Sep-Apr,2024-04,0.15016775575969224,0.14944001533516357,0.18499999999999991,1605.6996336996335
nhsn,2024-2025,New York,extended_sep_apr,Extended Sep-Apr,2024-05,0.14628898375088076,0.1463172190466311,0.18499999999999997,1688.3882783882786
nhsn,2024-2025,New York,extended_sep_apr,Extended Sep-Apr,2024-06,0.14872028572410137,0.14777692439296375,0.18499999999999991,1648.6153846153845
nhsn,2024-2025,New York,extended_sep_apr,Extended Sep-Apr,2024-07,0.1437383162678215,0.14380851533579606,0.18499999999999997,1708.5769230769238
nhsn,2024-2025,New York,extended_sep_apr,Extended Sep-Apr,2024-08,0.14257081484275205,0.14273454907456376,0.18499999999999997,1708.5769230769238
nhsn,2024-2025,New York,extended_sep_apr,Extended Sep-Apr,2024-09,0.1451616809763858,0.1451789109833993,0.18499999999999997,1653.4615384615383
nhsn,2024-2025,New York,extended_sep_apr,Extended Sep-Apr,2024-10,0.1483792861655674,0.14714123579038738,0.185,1706.7802197802198
nhsn,2024-2025,New York,extended_sep_apr,Extended Sep-Apr,2024-11,0.14079408633164534,0.13366673039402088,0.18499999999999997,1521.1172161172162
nhsn,2024-2025,New York,extended_sep_apr,Extended Sep-Apr,2024-12,0.11658585518199925,0.11463285396675338,0.185,999.7161172161173
nhsn,2024-2025,New York,extended_sep_apr,Extended Sep-Apr,2025-01,0.12173277449547916,0.1182139832942315,0.185,435.7802197802198
nhsn,2024-2025,New York,extended_sep_apr,Extended Sep-Apr,2025-02,0.1256072713214153,0.12026634114160963,0.185,196.81868131868129
nhsn,2024-2025,New York,extended_sep_apr,Extended Sep-Apr,2025-03,0.12013851547368622,0.11564892973714054,0.185,113.3882783882784
nhsn,2024-2025,New York,extended_sep_apr,Extended Sep-Apr,2025-04,0.11322110354069989,0.08388063835786268,0.12300921333333335,47.76190476190477
nhsn,2024-2025,New York,extended_sep_apr,Extended Sep-Apr,2025-05,0.0,0.0,0.0,20.188644688644693
nhsn,2024-2025,New York,extended_sep_apr,Extended Sep-Apr,2025-06,0.0,0.0,0.0,4.846153846153847
nhsn,2024-2025,New York,late_oct_apr,Late Oct-Apr,2024-01,0.0,0.0,0.0,1227.4065934065934
nhsn,2024-2025,New York,late_oct_apr,Late Oct-Apr,2024-02,0.0,0.0,0.0,1391.8021978021977
nhsn,2024-2025,New York,late_oct_apr,Late Oct-Apr,2024-03,0.0,0.0276547201616983,0.03425483870967742,1595.1886446886451
nhsn,2024-2025,New York,late_oct_apr,Late Oct-Apr,2024-04,0.1502752063116175,0.14982493158744478,0.18499999999999991,1605.6996336996335
nhsn,2024-2025,New York,late_oct_apr,Late Oct-Apr,2024-05,0.14197162539135882,0.13961912549619473,0.18499999999999997,1688.3882783882786
nhsn,2024-2025,New York,late_oct_apr,Late Oct-Apr,2024-06,0.14895054518536874,0.14857320135516697,0.18499999999999991,1648.6153846153845
nhsn,2024-2025,New York,late_oct_apr,Late Oct-Apr,2024-07,0.14156159869439702,0.13907894319013142,0.18499999999999997,1708.5769230769238
nhsn,2024-2025,New York,late_oct_apr,Late Oct-Apr,2024-08,0.14824170508184534,0.14818128310618162,0.18499999999999997,1708.5769230769238
nhsn,2024-2025,New York,late_oct_apr,Late Oct-Apr,2024-09,0.14701165367756228,0.14720902560211466,0.18499999999999991,1653.461538461539
nhsn,2024-2025,New York,late_oct_apr,Late Oct-Apr,2024-10,0.1483792861655674,0.14714123579038738,0.185,1706.7802197802198
nhsn,2024-2025,New York,late_oct_apr,Late Oct-Apr,2024-11,0.14079408633164534,0.13366673039402088,0.18499999999999997,1521.1172161172162
nhsn,2024-2025,New York,late_oct_apr,Late Oct-Apr,2024-12,0.11658585518199925,0.11463285396675338,0.185,999.7161172161173
nhsn,2024-2025,New York,late_oct_apr,Late Oct-Apr,2025-01,0.12173277449547916,0.1182139832942315,0.185,435.7802197802198
nhsn,2024-2025,New York,late_oct_apr,Late Oct-Apr,2025-02,0.1256072713214153,0.12026634114160963,0.185,196.81868131868129
nhsn,2024-2025,New York,late_oct_apr,Late Oct-Apr,2025-03,0.12013851547368622,0.11564892973714054,0.185,113.3882783882784
nhsn,2024-2025,New York,late_oct_apr,Late Oct-Apr,2025-04,0.11322110354069989,0.08388063835786268,0.12300921333333335,47.76190476190477
nhsn,2024-2025,New York,late_oct_apr,Late Oct-Apr,2025-05,0.0,0.0,0.0,20.188644688644693
nhsn,2024-2025,New York,late_oct_apr,Late Oct-Apr,2025-06,0.0,0.0,0.0,4.846153846153847
nhsn,2024-2025,North Carolina,baseline_oct_mar,Baseline Oct-Mar,2024-01,0.0,0.0,0.0,459.92490842490844
nhsn,2024-2025,North Carolina,baseline_oct_mar,Baseline Oct-Mar,2024-02,0.0,0.0,0.0,580.4432234432234
nhsn,2024-2025,North Carolina,baseline_oct_mar,Baseline Oct-Mar,2024-03,0.0,0.027505897894125445,0.03425483870967742,696.8223443223444
nhsn,2024-2025,North Carolina,baseline_oct_mar,Baseline Oct-Mar,2024-04,0.14901273829816628,0.14900723822498066,0.18499999999999991,711.1703296703297
nhsn,2024-2025,North Carolina,baseline_oct_mar,Baseline Oct-Mar,2024-05,0.14656989302104323,0.1459508397694941,0.18499999999999997,751.6831501831501
nhsn,2024-2025,North Carolina,baseline_oct_mar,Baseline Oct-Mar,2024-06,0.14778507359923382,0.1476665430289962,0.18499999999999991,734.6923076923077
nhsn,2024-2025,North Carolina,baseline_oct_mar,Baseline Oct-Mar,2024-07,0.1457576453494314,0.1453678710937753,0.18499999999999997,761.4871794871794
nhsn,2024-2025,North Carolina,baseline_oct_mar,Baseline Oct-Mar,2024-08,0.1466963688800761,0.14679095511542808,0.18499999999999997,761.4871794871794
nhsn,2024-2025,North Carolina,baseline_oct_mar,Baseline Oct-Mar,2024-09,0.14565402865818944,0.1458565199899534,0.18499999999999991,736.9230769230769
nhsn,2024-2025,North Carolina,baseline_oct_mar,Baseline Oct-Mar,2024-10,0.14768941386678658,0.14738243855105979,0.185,760.4890109890109
nhsn,2024-2025,North Carolina,baseline_oct_mar,Baseline Oct-Mar,2024-11,0.147627399818259,0.1431412557058135,0.18499999999999997,713.2545787545788
nhsn,2024-2025,North Carolina,baseline_oct_mar,Baseline Oct-Mar,2024-12,0.12661331731578196,0.12082935193878201,0.185,585.4542124542124
nhsn,2024-2025,North Carolina,baseline_oct_mar,Baseline Oct-Mar,2025-01,0.12360831259371889,0.11806167390094456,0.185,283.34615384615387
nhsn,2024-2025,North Carolina,baseline_oct_mar,Baseline Oct-Mar,2025-02,0.1212920863548318,0.11608735870249834,0.185,125.56776556776558
nhsn,2024-2025,North Carolina,baseline_oct_mar,Baseline Oct-Mar,2025-03,0.11707501098187018,0.08601869918060091,0.12500891612903228,64.66483516483517
nhsn,2024-2025,North Carolina,baseline_oct_mar,Baseline Oct-Mar,2025-04,0.0,0.0,0.0,25.75274725274725
nhsn,2024-2025,North Carolina,baseline_oct_mar,Baseline Oct-Mar,2025-05,0.0,0.0,0.0,9.804029304029303
nhsn,2024-2025,North Carolina,baseline_oct_mar,Baseline Oct-Mar,2025-06,0.0,0.0,0.0,2.230769230769231
nhsn,2024-2025,North Carolina,early_sep_mar,Early Sep-Mar,2024-01,0.0,0.0,0.0,459.92490842490844
nhsn,2024-2025,North Carolina,early_sep_mar,Early Sep-Mar,2024-02,0.0,0.027183027635328906,0.034001724137931025,580.4432234432234
nhsn,2024-2025,North Carolina,early_sep_mar,Early Sep-Mar,2024-03,0.14811840396313256,0.1453278131119524,0.1814790322580645,696.8223443223444
nhsn,2024-2025,North Carolina,early_sep_mar,Early Sep-Mar,2024-04,0.14882135081899814,0.14826106231170408,0.18499999999999991,711.1703296703297
nhsn,2024-2025,North Carolina,early_sep_mar,Early Sep-Mar,2024-05,0.14527176581246734,0.14522633962017242,0.18499999999999997,751.6831501831501
nhsn,2024-2025,North Carolina,early_sep_mar,Early Sep-Mar,2024-06,0.14719724728779926,0.14638487871710257,0.18499999999999991,734.6923076923077
nhsn,2024-2025,North Carolina,early_sep_mar,Early Sep-Mar,2024-07,0.14266041112332345,0.14258985761075121,0.18499999999999997,761.4871794871794
nhsn,2024-2025,North Carolina,early_sep_mar,Early Sep-Mar,2024-08,0.14136069073515212,0.14140469395524327,0.18499999999999997,761.4871794871794
nhsn,2024-2025,North Carolina,early_sep_mar,Early Sep-Mar,2024-09,0.14404583924478445,0.14393941231941504,0.18499999999999997,736.9230769230769
nhsn,2024-2025,North Carolina,early_sep_mar,Early Sep-Mar,2024-10,0.14768941386678658,0.14738243855105979,0.185,760.4890109890109
nhsn,2024-2025,North Carolina,early_sep_mar,Early Sep-Mar,2024-11,0.147627399818259,0.1431412557058135,0.18499999999999997,713.2545787545788
nhsn,2024-2025,North Carolina,early_sep_mar,Early Sep-Mar,2024-12,0.12661331731578196,0.12082935193878201,0.185,585.4542124542124
nhsn,2024-2025,North Carolina,early_sep_mar,Early Sep-Mar,2025-01,0.12360831259371889,0.11806167390094456,0.185,283.34615384615387
nhsn,2024-2025,North Carolina,early_sep_mar,Early Sep-Mar,2025-02,0.1212920863548318,0.11608735870249834,0.185,125.56776556776558
nhsn,2024-2025,North Carolina,early_sep_mar,Early Sep-Mar,2025-03,0.11707501098187018,0.08601869918060091,0.12500891612903228,64.66483516483517
nhsn,2024-2025,North Carolina,early_sep_mar,Early Sep-Mar,2025-04,0.0,0.0,0.0,25.75274725274725
nhsn,2024-2025,North Carolina,early_sep_mar,Early Sep-Mar,2025-05,0.0,0.0,0.0,9.804029304029303
nhsn,2024-2025,North Carolina,early_sep_mar,Early Sep-Mar,2025-06,0.0,0.0,0.0,2.230769230769231
nhsn,2024-2025,North Carolina,extended_sep_apr,Extended Sep-Apr,2024-01,0.0,0.0,0.0,459.92490842490844
nhsn,2024-2025,North Carolina,extended_sep_apr,Extended Sep-Apr,2024-02,0.0,0.027183027635328906,0.034001724137931025,580.4432234432234
nhsn,2024-2025,North Carolina,extended_sep_apr,Extended Sep-Apr,2024-03,0.14811840396313256,0.1453278131119524,0.1814790322580645,696.8223443223444
nhsn,2024-2025,North Carolina,extended_sep_apr,Extended Sep-Apr,2024-04,0.14882135081899814,0.14826106231170408,0.18499999999999991,711.1703296703297
nhsn,2024-2025,North Carolina,extended_sep_apr,Extended Sep-Apr,2024-05,0.14527176581246734,0.14522633962017242,0.18499999999999997,751.6831501831501
nhsn,2024-2025,North Carolina,extended_sep_apr,Extended Sep-Apr,2024-06,0.14719724728779926,0.14638487871710257,0.18499999999999991,734.6923076923077
nhsn,2024-2025,North Carolina,extended_sep_apr,Extended Sep-Apr,2024-07,0.14266041112332345,0.14258985761075121,0.18499999999999997,761.4871794871794
nhsn,2024-2025,North Carolina,extended_sep_apr,Extended Sep-Apr,2024-08,0.14136069073515212,0.14140469395524327,0.18499999999999997,761.4871794871794
nhsn,2024-2025,North Carolina,extended_sep_apr,Extended Sep-Apr,2024-09,0.14404583924478445,0.14393941231941504,0.18499999999999997,736.9230769230769
nhsn,2024-2025,North Carolina,extended_sep_apr,Extended Sep-Apr,2024-10,0.14768941386678658,0.14738243855105979,0.185,760.4890109890109
nhsn,2024-2025,North Carolina,extended_sep_apr,Extended Sep-Apr,2024-11,0.147627399818259,0.1431412557058135,0.18499999999999997,713.2545787545788
nhsn,2024-2025,North Carolina,extended_sep_apr,Extended Sep-Apr,2024-12,0.12661331731578196,0.12082935193878201,0.185,585.4542124542124
nhsn,2024-2025,North Carolina,extended_sep_apr,Extended Sep-Apr,2025-01,0.12360831259371889,0.11806167390094456,0.185,283.34615384615387
nhsn,2024-2025,North Carolina,extended_sep_apr,Extended Sep-Apr,2025-02,0.1212920863548318,0.11608735870249834,0.185,125.56776556776558
nhsn,2024-2025,North Carolina,extended_sep_apr,Extended Sep-Apr,2025-03,0.11707501098187018,0.11265956601601114,0.185,64.66483516483517
nhsn,2024-2025,North Carolina,extended_sep_apr,Extended Sep-Apr,2025-04,0.11967112708700516,0.08563822876782103,0.12300921333333335,25.752747252747255
nhsn,2024-2025,North Carolina,extended_sep_apr,Extended Sep-Apr,2025-05,0.0,0.0,0.0,9.804029304029303
nhsn,2024-2025,North Carolina,extended_sep_apr,Extended Sep-Apr,2025-06,0.0,0.0,0.0,2.230769230769231
nhsn,2024-2025,North Carolina,late_oct_apr,Late Oct-Apr,2024-01,0.0,0.0,0.0,459.92490842490844
nhsn,2024-2025,North Carolina,late_oct_apr,Late Oct-Apr,2024-02,0.0,0.0,0.0,580.4432234432234
nhsn,2024-2025,North Carolina,late_oct_apr,Late Oct-Apr,2024-03,0.0,0.027505897894125445,0.03425483870967742,696.8223443223444
nhsn,2024-2025,North Carolina,late_oct_apr,Late Oct-Apr,2024-04,0.14901273829816628,0.14900723822498066,0.18499999999999991,711.1703296703297
nhsn,2024-2025,North Carolina,late_oct_apr,Late Oct-Apr,2024-05,0.14656989302104323,0.1459508397694941,0.18499999999999997,751.6831501831501
nhsn,2024-2025,North Carolina,late_oct_apr,Late Oct-Apr,2024-06,0.14778507359923382,0.1476665430289962,0.18499999999999991,734.6923076923077
nhsn,2024-2025,North Carolina,late_oct_apr,Late Oct-Apr,2024-07,0.1457576453494314,0.1453678710937753,0.18499999999999997,761.4871794871794
nhsn,2024-2025,North Carolina,late_oct_apr,Late Oct-Apr,2024-08,0.1466963688800761,0.14679095511542808,0.18499999999999997,761.4871794871794
nhsn,2024-2025,North Carolina,late_oct_apr,Late Oct-Apr,2024-09,0.14565402865818944,0.1458565199899534,0.18499999999999991,736.9230769230769
nhsn,2024-2025,North Carolina,late_oct_apr,Late Oct-Apr,2024-10,0.14768941386678658,0.14738243855105979,0.185,760.4890109890109
nhsn,2024-2025,North Carolina,late_oct_apr,Late Oct-Apr,2024-11,0.147627399818259,0.1431412557058135,0.18499999999999997,713.2545787545788
nhsn,2024-2025,North Carolina,late_oct_apr,Late Oct-Apr,2024-12,0.12661331731578196,0.12082935193878201,0.185,585.4542124542124
nhsn,2024-2025,North Carolina,late_oct_apr,Late Oct-Apr,2025-01,0.12360831259371889,0.11806167390094456,0.185,283.34615384615387
nhsn,2024-2025,North Carolina,late_oct_apr,Late Oct-Apr,2025-02,0.1212920863548318,0.11608735870249834,0.185,125.56776556776558
nhsn,2024-2025,North Carolina,late_oct_apr,Late Oct-Apr,2025-03,0.11707501098187018,0.11265956601601114,0.185,64.66483516483517
nhsn,2024-2025,North Carolina,late_oct_apr,Late Oct-Apr,2025-04,0.11967112708700516,0.08563822876782103,0.12300921333333335,25.752747252747255
nhsn,2024-2025,North Carolina,late_oct_apr,Late Oct-Apr,2025-05,0.0,0.0,0.0,9.804029304029303
nhsn,2024-2025,North Carolina,late_oct_apr,Late Oct-Apr,2025-06,0.0,0.0,0.0,2.230769230769231
nhsn,2024-2025,North Dakota,baseline_oct_mar,Baseline Oct-Mar,2024-01,0.0,0.0,0.0,8.62087912087912
nhsn,2024-2025,North Dakota,baseline_oct_mar,Baseline Oct-Mar,2024-02,0.0,0.0,0.0,31.395604395604394
nhsn,2024-2025,North Dakota,baseline_oct_mar,Baseline Oct-Mar,2024-03,0.0,0.027318769697473818,0.03425483870967742,72.79304029304029
nhsn,2024-2025,North Dakota,baseline_oct_mar,Baseline Oct-Mar,2024-04,0.1477136010011303,0.14771587708461234,0.18499999999999991,89.84981684981686
nhsn,2024-2025,North Dakota,baseline_oct_mar,Baseline Oct-Mar,2024-05,0.14824404490611434,0.1481826544629328,0.18499999999999997,97.34981684981685
nhsn,2024-2025,North Dakota,baseline_oct_mar,Baseline Oct-Mar,2024-06,0.14648908602489366,0.14663183934492513,0.18499999999999991,94.87179487179488
nhsn,2024-2025,North Dakota,baseline_oct_mar,Baseline Oct-Mar,2024-07,0.14729193114546743,0.1472128158140507,0.18499999999999997,98.56410256410255
nhsn,2024-2025,North Dakota,baseline_oct_mar,Baseline Oct-Mar,2024-08,0.1457681052052786,0.14568675128214661,0.18499999999999997,98.56410256410255
nhsn,2024-2025,North Dakota,baseline_oct_mar,Baseline Oct-Mar,2024-09,0.14560860373900292,0.14545734333682445,0.18499999999999991,95.38461538461537
nhsn,2024-2025,North Dakota,baseline_oct_mar,Baseline Oct-Mar,2024-10,0.14596748203812315,0.146106563845965,0.185,98.56410256410255
nhsn,2024-2025,North Dakota,baseline_oct_mar,Baseline Oct-Mar,2024-11,0.14871817362476236,0.14828877618481306,0.18499999999999997,95.38461538461539
nhsn,2024-2025,North Dakota,baseline_oct_mar,Baseline Oct-Mar,2024-12,0.14911638760030294,0.14672913775426885,0.185,98.02197802197803
nhsn,2024-2025,North Dakota,baseline_oct_mar,Baseline Oct-Mar,2025-01,0.14626226363803066,0.13889922244774447,0.185,89.3809523809524
nhsn,2024-2025,North Dakota,baseline_oct_mar,Baseline Oct-Mar,2025-02,0.12136771438666198,0.11536087010743545,0.185,58.19230769230769
nhsn,2024-2025,North Dakota,baseline_oct_mar,Baseline Oct-Mar,2025-03,0.09806498145202437,0.079382522088661,0.12500891612903228,25.77106227106227
nhsn,2024-2025,North Dakota,baseline_oct_mar,Baseline Oct-Mar,2025-04,0.0,0.0,0.0,5.534798534798535
nhsn,2024-2025,North Dakota,baseline_oct_mar,Baseline Oct-Mar,2025-05,0.0,0.0,0.0,1.2142857142857142
nhsn,2024-2025,North Dakota,baseline_oct_mar,Baseline Oct-Mar,2025-06,0.0,0.0,0.0,0.5128205128205128
nhsn,2024-2025,North Dakota,early_sep_mar,Early Sep-Mar,2024-01,0.0,0.0,0.0,8.62087912087912
nhsn,2024-2025,North Dakota,early_sep_mar,Early Sep-Mar,2024-02,0.0,0.02706623334411114,0.034001724137931025,31.395604395604394
nhsn,2024-2025,North Dakota,early_sep_mar,Early Sep-Mar,2024-03,0.14729403489875054,0.14448163583217138,0.1814790322580645,72.79304029304029
nhsn,2024-2025,North Dakota,early_sep_mar,Early Sep-Mar,2024-04,0.147612415420023,0.14544033380235866,0.18499999999999991,89.84981684981686
nhsn,2024-2025,North Dakota,early_sep_mar,Early Sep-Mar,2024-05,0.14347662300556588,0.14169320956908038,0.18499999999999997,97.34981684981685
nhsn,2024-2025,North Dakota,early_sep_mar,Early Sep-Mar,2024-06,0.14639942099125366,0.14403696940985602,0.18499999999999991,94.87179487179488
nhsn,2024-2025,North Dakota,early_sep_mar,Early Sep-Mar,2024-07,0.1387017426686217,0.13759061572918496,0.18499999999999997,98.56410256410255
nhsn,2024-2025,North Dakota,early_sep_mar,Early Sep-Mar,2024-08,0.13266648387096774,0.13354157869215982,0.18499999999999997,98.56410256410255
nhsn,2024-2025,North Dakota,early_sep_mar,Early Sep-Mar,2024-09,0.14316465065982406,0.14114794209499568,0.18499999999999997,95.38461538461539
nhsn,2024-2025,North Dakota,early_sep_mar,Early Sep-Mar,2024-10,0.14596748203812315,0.146106563845965,0.185,98.56410256410255
nhsn,2024-2025,North Dakota,early_sep_mar,Early Sep-Mar,2024-11,0.14871817362476236,0.14828877618481306,0.18499999999999997,95.38461538461539
nhsn,2024-2025,North Dakota,early_sep_mar,Early Sep-Mar,2024-12,0.14911638760030294,0.14672913775426885,0.185,98.02197802197803
nhsn,2024-2025,North Dakota,early_sep_mar,Early Sep-Mar,2025-01,0.14626226363803066,0.13889922244774447,0.185,89.3809523809524
nhsn,2024-2025,North Dakota,early_sep_mar,Early Sep-Mar,2025-02,0.12136771438666198,0.11536087010743545,0.185,58.19230769230769
nhsn,2024-2025,North Dakota,early_sep_mar,Early Sep-Mar,2025-03,0.09806498145202437,0.079382522088661,0.12500891612903228,25.77106227106227
nhsn,2024-2025,North Dakota,early_sep_mar,Early Sep-Mar,2025-04,0.0,0.0,0.0,5.534798534798535
nhsn,2024-2025,North Dakota,early_sep_mar,Early Sep-Mar,2025-05,0.0,0.0,0.0,1.2142857142857142
nhsn,2024-2025,North Dakota,early_sep_mar,Early Sep-Mar,2025-06,0.0,0.0,0.0,0.5128205128205128
nhsn,2024-2025,North Dakota,extended_sep_apr,Extended Sep-Apr,2024-01,0.0,0.0,0.0,8.62087912087912
nhsn,2024-2025,North Dakota,extended_sep_apr,Extended Sep-Apr,2024-02,0.0,0.02706623334411114,0.034001724137931025,31.395604395604394
nhsn,2024-2025,North Dakota,extended_sep_apr,Extended Sep-Apr,2024-03,0.14729403489875054,0.14448163583217138,0.1814790322580645,72.79304029304029
nhsn,2024-2025,North Dakota,extended_sep_apr,Extended Sep-Apr,2024-04,0.147612415420023,0.14544033380235866,0.18499999999999991,89.84981684981686
nhsn,2024-2025,North Dakota,extended_sep_apr,Extended Sep-Apr,2024-05,0.14347662300556588,0.14169320956908038,0.18499999999999997,97.34981684981685
nhsn,2024-2025,North Dakota,extended_sep_apr,Extended Sep-Apr,2024-06,0.14639942099125366,0.14403696940985602,0.18499999999999991,94.87179487179488
nhsn,2024-2025,North Dakota,extended_sep_apr,Extended Sep-Apr,2024-07,0.1387017426686217,0.13759061572918496,0.18499999999999997,98.56410256410255
nhsn,2024-2025,North Dakota,extended_sep_apr,Extended Sep-Apr,2024-08,0.13266648387096774,0.13354157869215982,0.18499999999999997,98.56410256410255
nhsn,2024-2025,North Dakota,extended_sep_apr,Extended Sep-Apr,2024-09,0.14316465065982406,0.14114794209499568,0.18499999999999997,95.38461538461539
nhsn,2024-2025,North Dakota,extended_sep_apr,Extended Sep-Apr,2024-10,0.14596748203812315,0.146106563845965,0.185,98.56410256410255
nhsn,2024-2025,North Dakota,extended_sep_apr,Extended Sep-Apr,2024-11,0.14871817362476236,0.14828877618481306,0.18499999999999997,95.38461538461539
nhsn,2024-2025,North Dakota,extended_sep_apr,Extended Sep-Apr,2024-12,0.14911638760030294,0.14672913775426885,0.185,98.02197802197803
nhsn,2024-2025,North Dakota,extended_sep_apr,Extended Sep-Apr,2025-01,0.14626226363803066,0.13889922244774447,0.185,89.3809523809524
nhsn,2024-2025,North Dakota,extended_sep_apr,Extended Sep-Apr,2025-02,0.12136771438666198,0.11536087010743545,0.185,58.19230769230769
nhsn,2024-2025,North Dakota,extended_sep_apr,Extended Sep-Apr,2025-03,0.100393408090265,0.09681954069122636,0.185,25.77106227106227
nhsn,2024-2025,North Dakota,extended_sep_apr,Extended Sep-Apr,2025-04,0.06973680557903635,0.06458625501827359,0.12300921333333335,5.534798534798535
nhsn,2024-2025,North Dakota,extended_sep_apr,Extended Sep-Apr,2025-05,0.0,0.0,0.0,1.2142857142857142
nhsn,2024-2025,North Dakota,extended_sep_apr,Extended Sep-Apr,2025-06,0.0,0.0,0.0,0.5128205128205128
nhsn,2024-2025,North Dakota,late_oct_apr,Late Oct-Apr,2024-01,0.0,0.0,0.0,8.62087912087912
nhsn,2024-2025,North Dakota,late_oct_apr,Late Oct-Apr,2024-02,0.0,0.0,0.0,31.395604395604394
nhsn,2024-2025,North Dakota,late_oct_apr,Late Oct-Apr,2024-03,0.0,0.027318769697473818,0.03425483870967742,72.79304029304029
nhsn,2024-2025,North Dakota,late_oct_apr,Late Oct-Apr,2024-04,0.1477136010011303,0.14771587708461234,0.18499999999999991,89.84981684981686
nhsn,2024-2025,North Dakota,late_oct_apr,Late Oct-Apr,2024-05,0.14824404490611434,0.1481826544629328,0.18499999999999997,97.34981684981685
nhsn,2024-2025,North Dakota,late_oct_apr,Late Oct-Apr,2024-06,0.14648908602489366,0.14663183934492513,0.18499999999999991,94.87179487179488
nhsn,2024-2025,North Dakota,late_oct_apr,Late Oct-Apr,2024-07,0.14729193114546743,0.1472128158140507,0.18499999999999997,98.56410256410255
nhsn,2024-2025,North Dakota,late_oct_apr,Late Oct-Apr,2024-08,0.1457681052052786,0.14568675128214661,0.18499999999999997,98.56410256410255
nhsn,2024-2025,North Dakota,late_oct_apr,Late Oct-Apr,2024-09,0.14560860373900292,0.14545734333682445,0.18499999999999991,95.38461538461537
nhsn,2024-2025,North Dakota,late_oct_apr,Late Oct-Apr,2024-10,0.14596748203812315,0.146106563845965,0.185,98.56410256410255
nhsn,2024-2025,North Dakota,late_oct_apr,Late Oct-Apr,2024-11,0.14871817362476236,0.14828877618481306,0.18499999999999997,95.38461538461539
nhsn,2024-2025,North Dakota,late_oct_apr,Late Oct-Apr,2024-12,0.14911638760030294,0.14672913775426885,0.185,98.02197802197803
nhsn,2024-2025,North Dakota,late_oct_apr,Late Oct-Apr,2025-01,0.14626226363803066,0.13889922244774447,0.185,89.3809523809524
nhsn,2024-2025,North Dakota,late_oct_apr,Late Oct-Apr,2025-02,0.12136771438666198,0.11536087010743545,0.185,58.19230769230769
nhsn,2024-2025,North Dakota,late_oct_apr,Late Oct-Apr,2025-03,0.100393408090265,0.09681954069122636,0.185,25.77106227106227
nhsn,2024-2025,North Dakota,late_oct_apr,Late Oct-Apr,2025-04,0.06973680557903635,0.06458625501827359,0.12300921333333335,5.534798534798535
nhsn,2024-2025,North Dakota,late_oct_apr,Late Oct-Apr,2025-05,0.0,0.0,0.0,1.2142857142857142
nhsn,2024-2025,North Dakota,late_oct_apr,Late Oct-Apr,2025-06,0.0,0.0,0.0,0.5128205128205128
nhsn,2024-2025,Ohio,baseline_oct_mar,Baseline Oct-Mar,2024-01,0.0,0.0,0.0,826.4798534798535
nhsn,2024-2025,Ohio,baseline_oct_mar,Baseline Oct-Mar,2024-02,0.0,0.0,0.0,1000.6483516483518
nhsn,2024-2025,Ohio,baseline_oct_mar,Baseline Oct-Mar,2024-03,0.0,0.02763429894862155,0.03425483870967742,1189.6959706959706
nhsn,2024-2025,Ohio,baseline_oct_mar,Baseline Oct-Mar,2024-04,0.14870186012924577,0.14794928952425912,0.18499999999999991,1222.7142857142858
nhsn,2024-2025,Ohio,baseline_oct_mar,Baseline Oct-Mar,2024-05,0.14046351190507655,0.1402213654534977,0.18499999999999997,1290.5201465201467
nhsn,2024-2025,Ohio,baseline_oct_mar,Baseline Oct-Mar,2024-06,0.14750348873328514,0.14709206313219628,0.18499999999999991,1256.8333333333333
nhsn,2024-2025,Ohio,baseline_oct_mar,Baseline Oct-Mar,2024-07,0.14025259317058245,0.1399661808272692,0.18499999999999997,1300.4102564102566
nhsn,2024-2025,Ohio,baseline_oct_mar,Baseline Oct-Mar,2024-08,0.14749577748626683,0.14746338390890792,0.18499999999999997,1300.4102564102566
nhsn,2024-2025,Ohio,baseline_oct_mar,Baseline Oct-Mar,2024-09,0.14731918762777566,0.147387442270709,0.18499999999999991,1258.4615384615388
nhsn,2024-2025,Ohio,baseline_oct_mar,Baseline Oct-Mar,2024-10,0.14757235849358463,0.14651684832316897,0.185,1293.602564102564
nhsn,2024-2025,Ohio,baseline_oct_mar,Baseline Oct-Mar,2024-11,0.14524195718894714,0.14005738390586922,0.18499999999999997,1162.602564102564
nhsn,2024-2025,Ohio,baseline_oct_mar,Baseline Oct-Mar,2024-12,0.1236063130146887,0.12063444058541643,0.185,896.4945054945056
nhsn,2024-2025,Ohio,baseline_oct_mar,Baseline Oct-Mar,2025-01,0.12328440892903393,0.11924746102200606,0.185,441.7967032967033
nhsn,2024-2025,Ohio,baseline_oct_mar,Baseline Oct-Mar,2025-02,0.12892394702510884,0.12053430415348675,0.185,206.04945054945057
nhsn,2024-2025,Ohio,baseline_oct_mar,Baseline Oct-Mar,2025-03,0.10442198117267351,0.08271943674981953,0.12500891612903228,110.71428571428572
nhsn,2024-2025,Ohio,baseline_oct_mar,Baseline Oct-Mar,2025-04,0.0,0.0,0.0,35.747252747252745
nhsn,2024-2025,Ohio,baseline_oct_mar,Baseline Oct-Mar,2025-05,0.0,0.0,0.0,9.89010989010989
nhsn,2024-2025,Ohio,baseline_oct_mar,Baseline Oct-Mar,2025-06,0.0,0.0,0.0,1.6282051282051284
nhsn,2024-2025,Ohio,early_sep_mar,Early Sep-Mar,2024-01,0.0,0.0,0.0,826.4798534798535
nhsn,2024-2025,Ohio,early_sep_mar,Early Sep-Mar,2024-02,0.0,0.027208328393094994,0.034001724137931025,1000.6483516483518
nhsn,2024-2025,Ohio,early_sep_mar,Early Sep-Mar,2024-03,0.14837635647712705,0.14564934393488016,0.1814790322580645,1189.6959706959706
nhsn,2024-2025,Ohio,early_sep_mar,Early Sep-Mar,2024-04,0.14870186012924577,0.1479972829874196,0.18499999999999991,1222.7142857142858
nhsn,2024-2025,Ohio,early_sep_mar,Early Sep-Mar,2024-05,0.1459401134396747,0.14570663887685922,0.18499999999999997,1290.5201465201467
nhsn,2024-2025,Ohio,early_sep_mar,Early Sep-Mar,2024-06,0.14750348873328514,0.14669689396585098,0.18499999999999991,1256.8333333333333
nhsn,2024-2025,Ohio,early_sep_mar,Early Sep-Mar,2024-07,0.14376479485856442,0.1436759112636492,0.18499999999999997,1300.4102564102566
nhsn,2024-2025,Ohio,early_sep_mar,Early Sep-Mar,2024-08,0.1422683772489735,0.14241159753809643,0.18499999999999997,1300.4102564102566
nhsn,2024-2025,Ohio,early_sep_mar,Early Sep-Mar,2024-09,0.1454326986146494,0.14520448448834788,0.18499999999999997,1258.4615384615386
nhsn,2024-2025,Ohio,early_sep_mar,Early Sep-Mar,2024-10,0.14757235849358463,0.14651684832316897,0.185,1293.602564102564
nhsn,2024-2025,Ohio,early_sep_mar,Early Sep-Mar,2024-11,0.14524195718894714,0.14005738390586922,0.18499999999999997,1162.602564102564
nhsn,2024-2025,Ohio,early_sep_mar,Early Sep-Mar,2024-12,0.1236063130146887,0.12063444058541643,0.185,896.4945054945056
nhsn,2024-2025,Ohio,early_sep_mar,Early Sep-Mar,2025-01,0.12328440892903393,0.11924746102200606,0.185,441.7967032967033
nhsn,2024-2025,Ohio,early_sep_mar,Early Sep-Mar,2025-02,0.12892394702510884,0.12053430415348675,0.185,206.04945054945057
nhsn,2024-2025,Ohio,early_sep_mar,Early Sep-Mar,2025-03,0.10442198117267351,0.08271943674981953,0.12500891612903228,110.71428571428572
nhsn,2024-2025,Ohio,early_sep_mar,Early Sep-Mar,2025-04,0.0,0.0,0.0,35.747252747252745
nhsn,2024-2025,Ohio,early_sep_mar,Early Sep-Mar,2025-05,0.0,0.0,0.0,9.89010989010989
nhsn,2024-2025,Ohio,early_sep_mar,Early Sep-Mar,2025-06,0.0,0.0,0.0,1.6282051282051284
nhsn,2024-2025,Ohio,extended_sep_apr,Extended Sep-Apr,2024-01,0.0,0.0,0.0,826.4798534798535
nhsn,2024-2025,Ohio,extended_sep_apr,Extended Sep-Apr,2024-02,0.0,0.027208328393094994,0.034001724137931025,1000.6483516483518
nhsn,2024-2025,Ohio,extended_sep_apr,Extended Sep-Apr,2024-03,0.14837635647712705,0.14564934393488016,0.1814790322580645,1189.6959706959706
nhsn,2024-2025,Ohio,extended_sep_apr,Extended Sep-Apr,2024-04,0.14870186012924577,0.1479972829874196,0.18499999999999991,1222.7142857142858
nhsn,2024-2025,Ohio,extended_sep_apr,Extended Sep-Apr,2024-05,0.1459401134396747,0.14570663887685922,0.18499999999999997,1290.5201465201467
nhsn,2024-2025,Ohio,extended_sep_apr,Extended Sep-Apr,2024-06,0.14750348873328514,0.14669689396585098,0.18499999999999991,1256.8333333333333
nhsn,2024-2025,Ohio,extended_sep_apr,Extended Sep-Apr,2024-07,0.14376479485856442,0.1436759112636492,0.18499999999999997,1300.4102564102566
nhsn,2024-2025,Ohio,extended_sep_apr,Extended Sep-Apr,2024-08,0.1422683772489735,0.14241159753809643,0.18499999999999997,1300.4102564102566
nhsn,2024-2025,Ohio,extended_sep_apr,Extended Sep-Apr,2024-09,0.1454326986146494,0.14520448448834788,0.18499999999999997,1258.4615384615386
nhsn,2024-2025,Ohio,extended_sep_apr,Extended Sep-Apr,2024-10,0.14757235849358463,0.14651684832316897,0.185,1293.602564102564
nhsn,2024-2025,Ohio,extended_sep_apr,Extended Sep-Apr,2024-11,0.14524195718894714,0.14005738390586922,0.18499999999999997,1162.602564102564
nhsn,2024-2025,Ohio,extended_sep_apr,Extended Sep-Apr,2024-12,0.1236063130146887,0.12063444058541643,0.185,896.4945054945056
nhsn,2024-2025,Ohio,extended_sep_apr,Extended Sep-Apr,2025-01,0.12328440892903393,0.11924746102200606,0.185,441.7967032967033
nhsn,2024-2025,Ohio,extended_sep_apr,Extended Sep-Apr,2025-02,0.12892394702510884,0.12053430415348675,0.185,206.04945054945057
nhsn,2024-2025,Ohio,extended_sep_apr,Extended Sep-Apr,2025-03,0.11005717927274945,0.10644153815860675,0.185,110.71428571428572
nhsn,2024-2025,Ohio,extended_sep_apr,Extended Sep-Apr,2025-04,0.10424869722990188,0.08055049610974674,0.12300921333333335,35.747252747252745
nhsn,2024-2025,Ohio,extended_sep_apr,Extended Sep-Apr,2025-05,0.0,0.0,0.0,9.89010989010989
nhsn,2024-2025,Ohio,extended_sep_apr,Extended Sep-Apr,2025-06,0.0,0.0,0.0,1.6282051282051284
nhsn,2024-2025,Ohio,late_oct_apr,Late Oct-Apr,2024-01,0.0,0.0,0.0,826.4798534798535
nhsn,2024-2025,Ohio,late_oct_apr,Late Oct-Apr,2024-02,0.0,0.0,0.0,1000.6483516483518
nhsn,2024-2025,Ohio,late_oct_apr,Late Oct-Apr,2024-03,0.0,0.02763429894862155,0.03425483870967742,1189.6959706959706
nhsn,2024-2025,Ohio,late_oct_apr,Late Oct-Apr,2024-04,0.14870186012924577,0.14794928952425912,0.18499999999999991,1222.7142857142858
nhsn,2024-2025,Ohio,late_oct_apr,Late Oct-Apr,2024-05,0.14046351190507655,0.1402213654534977,0.18499999999999997,1290.5201465201467
nhsn,2024-2025,Ohio,late_oct_apr,Late Oct-Apr,2024-06,0.14750348873328514,0.14709206313219628,0.18499999999999991,1256.8333333333333
nhsn,2024-2025,Ohio,late_oct_apr,Late Oct-Apr,2024-07,0.14025259317058245,0.1399661808272692,0.18499999999999997,1300.4102564102566
nhsn,2024-2025,Ohio,late_oct_apr,Late Oct-Apr,2024-08,0.14749577748626683,0.14746338390890792,0.18499999999999997,1300.4102564102566
nhsn,2024-2025,Ohio,late_oct_apr,Late Oct-Apr,2024-09,0.14731918762777566,0.147387442270709,0.18499999999999991,1258.4615384615388
nhsn,2024-2025,Ohio,late_oct_apr,Late Oct-Apr,2024-10,0.14757235849358463,0.14651684832316897,0.185,1293.602564102564
nhsn,2024-2025,Ohio,late_oct_apr,Late Oct-Apr,2024-11,0.14524195718894714,0.14005738390586922,0.18499999999999997,1162.602564102564
nhsn,2024-2025,Ohio,late_oct_apr,Late Oct-Apr,2024-12,0.1236063130146887,0.12063444058541643,0.185,896.4945054945056
nhsn,2024-2025,Ohio,late_oct_apr,Late Oct-Apr,2025-01,0.12328440892903393,0.11924746102200606,0.185,441.7967032967033
nhsn,2024-2025,Ohio,late_oct_apr,Late Oct-Apr,2025-02,0.12892394702510884,0.12053430415348675,0.185,206.04945054945057
nhsn,2024-2025,Ohio,late_oct_apr,Late Oct-Apr,2025-03,0.11005717927274945,0.10644153815860675,0.185,110.71428571428572
nhsn,2024-2025,Ohio,late_oct_apr,Late Oct-Apr,2025-04,0.10424869722990188,0.08055049610974674,0.12300921333333335,35.747252747252745
nhsn,2024-2025,Ohio,late_oct_apr,Late Oct-Apr,2025-05,0.0,0.0,0.0,9.89010989010989
nhsn,2024-2025,Ohio,late_oct_apr,Late Oct-Apr,2025-06,0.0,0.0,0.0,1.6282051282051284
nhsn,2024-2025,Oklahoma,baseline_oct_mar,Baseline Oct-Mar,2024-01,0.0,0.0,0.0,121.64468864468864
nhsn,2024-2025,Oklahoma,baseline_oct_mar,Baseline Oct-Mar,2024-02,0.0,0.0,0.0,201.43772893772893
nhsn,2024-2025,Oklahoma,baseline_oct_mar,Baseline Oct-Mar,2024-03,0.0,0.02742926763742703,0.03425483870967742,266.86996336996333
nhsn,2024-2025,Oklahoma,baseline_oct_mar,Baseline Oct-Mar,2024-04,0.14859013512499647,0.14869234059440906,0.18499999999999991,273.2051282051282
nhsn,2024-2025,Oklahoma,baseline_oct_mar,Baseline Oct-Mar,2024-05,0.14892976611812178,0.14871865078838534,0.18499999999999997,285.39743589743597
nhsn,2024-2025,Oklahoma,baseline_oct_mar,Baseline Oct-Mar,2024-06,0.14840461107737882,0.1484449876816265,0.18499999999999991,276.69230769230774
nhsn,2024-2025,Oklahoma,baseline_oct_mar,Baseline Oct-Mar,2024-07,0.1488325872224997,0.14857403960340465,0.18499999999999997,286.15384615384613
nhsn,2024-2025,Oklahoma,baseline_oct_mar,Baseline Oct-Mar,2024-08,0.14790267267871018,0.14798733838786662,0.18499999999999997,286.15384615384613
nhsn,2024-2025,Oklahoma,baseline_oct_mar,Baseline Oct-Mar,2024-09,0.14746722063769566,0.14758601555043174,0.18499999999999991,276.92307692307696
nhsn,2024-2025,Oklahoma,baseline_oct_mar,Baseline Oct-Mar,2024-10,0.1485460556124431,0.14850255438155766,0.185,286.15384615384613
nhsn,2024-2025,Oklahoma,baseline_oct_mar,Baseline Oct-Mar,2024-11,0.1491426243375806,0.14728744163695467,0.18499999999999997,274.8717948717949
nhsn,2024-2025,Oklahoma,baseline_oct_mar,Baseline Oct-Mar,2024-12,0.14046471437393832,0.1326051171001034,0.185,255.27289377289378
nhsn,2024-2025,Oklahoma,baseline_oct_mar,Baseline Oct-Mar,2025-01,0.11992658326776234,0.11671463654176954,0.185,158.76556776556777
nhsn,2024-2025,Oklahoma,baseline_oct_mar,Baseline Oct-Mar,2025-02,0.1041415038121839,0.10080778911494835,0.185,62.76739926739927
nhsn,2024-2025,Oklahoma,baseline_oct_mar,Baseline Oct-Mar,2025-03,0.09205634184872942,0.07596508769542797,0.12500891612903228,19.283882783882785
nhsn,2024-2025,Oklahoma,baseline_oct_mar,Baseline Oct-Mar,2025-04,0.0,0.0,0.0,3.717948717948718
nhsn,2024-2025,Oklahoma,baseline_oct_mar,Baseline Oct-Mar,2025-05,0.0,0.0,0.0,0.7564102564102567
nhsn,2024-2025,Oklahoma,baseline_oct_mar,Baseline Oct-Mar,2025-06,0.0,0.0,0.0,0.23076923076923073
nhsn,2024-2025,Oklahoma,early_sep_mar,Early Sep-Mar,2024-01,0.0,0.0,0.0,121.64468864468864
nhsn,2024-2025,Oklahoma,early_sep_mar,Early Sep-Mar,2024-02,0.0,0.02713477267078202,0.034001724137931025,201.43772893772893
nhsn,2024-2025,Oklahoma,early_sep_mar,Early Sep-Mar,2024-03,0.14779041469850904,0.14499405720483025,0.1814790322580645,266.86996336996333
nhsn,2024-2025,Oklahoma,early_sep_mar,Early Sep-Mar,2024-04,0.14836243289648693,0.14788845393402453,0.18499999999999991,273.2051282051282
nhsn,2024-2025,Oklahoma,early_sep_mar,Early Sep-Mar,2024-05,0.14664395197153335,0.14643449021046898,0.18499999999999997,285.39743589743597
nhsn,2024-2025,Oklahoma,early_sep_mar,Early Sep-Mar,2024-06,0.1480789571515096,0.14750383916883714,0.18499999999999991,276.69230769230774
nhsn,2024-2025,Oklahoma,early_sep_mar,Early Sep-Mar,2024-07,0.14566339594155844,0.14547750387974795,0.18499999999999997,286.15384615384613
nhsn,2024-2025,Oklahoma,early_sep_mar,Early Sep-Mar,2024-08,0.1444040625,0.14451776522976914,0.18499999999999997,286.15384615384613
nhsn,2024-2025,Oklahoma,early_sep_mar,Early Sep-Mar,2024-09,0.1467120215909091,0.14639874880403442,0.18499999999999997,276.9230769230769
nhsn,2024-2025,Oklahoma,early_sep_mar,Early Sep-Mar,2024-10,0.1485460556124431,0.14850255438155766,0.185,286.15384615384613
nhsn,2024-2025,Oklahoma,early_sep_mar,Early Sep-Mar,2024-11,0.1491426243375806,0.14728744163695467,0.18499999999999997,274.8717948717949
nhsn,2024-2025,Oklahoma,early_sep_mar,Early Sep-Mar,2024-12,0.14046471437393832,0.1326051171001034,0.185,255.27289377289378
nhsn,2024-2025,Oklahoma,early_sep_mar,Early Sep-Mar,2025-01,0.11992658326776234,0.11671463654176954,0.185,158.76556776556777
nhsn,2024-2025,Oklahoma,early_sep_mar,Early Sep-Mar,2025-02,0.1041415038121839,0.10080778911494835,0.185,62.76739926739927
nhsn,2024-2025,Oklahoma,early_sep_mar,Early Sep-Mar,2025-03,0.09205634184872942,0.07596508769542797,0.12500891612903228,19.283882783882785
nhsn,2024-2025,Oklahoma,early_sep_mar,Early Sep-Mar,2025-04,0.0,0.0,0.0,3.717948717948718
nhsn,2024-2025,Oklahoma,early_sep_mar,Early Sep-Mar,2025-05,0.0,0.0,0.0,0.7564102564102567
nhsn,2024-2025,Oklahoma,early_sep_mar,Early Sep-Mar,2025-06,0.0,0.0,0.0,0.23076923076923073
nhsn,2024-2025,Oklahoma,extended_sep_apr,Extended Sep-Apr,2024-01,0.0,0.0,0.0,121.64468864468864
nhsn,2024-2025,Oklahoma,extended_sep_apr,Extended Sep-Apr,2024-02,0.0,0.02713477267078202,0.034001724137931025,201.43772893772893
nhsn,2024-2025,Oklahoma,extended_sep_apr,Extended Sep-Apr,2024-03,0.14779041469850904,0.14499405720483025,0.1814790322580645,266.86996336996333
nhsn,2024-2025,Oklahoma,extended_sep_apr,Extended Sep-Apr,2024-04,0.14836243289648693,0.14788845393402453,0.18499999999999991,273.2051282051282
nhsn,2024-2025,Oklahoma,extended_sep_apr,Extended Sep-Apr,2024-05,0.14664395197153335,0.14643449021046898,0.18499999999999997,285.39743589743597
nhsn,2024-2025,Oklahoma,extended_sep_apr,Extended Sep-Apr,2024-06,0.1480789571515096,0.14750383916883714,0.18499999999999991,276.69230769230774
nhsn,2024-2025,Oklahoma,extended_sep_apr,Extended Sep-Apr,2024-07,0.14566339594155844,0.14547750387974795,0.18499999999999997,286.15384615384613
nhsn,2024-2025,Oklahoma,extended_sep_apr,Extended Sep-Apr,2024-08,0.1444040625,0.14451776522976914,0.18499999999999997,286.15384615384613
nhsn,2024-2025,Oklahoma,extended_sep_apr,Extended Sep-Apr,2024-09,0.1467120215909091,0.14639874880403442,0.18499999999999997,276.9230769230769
nhsn,2024-2025,Oklahoma,extended_sep_apr,Extended Sep-Apr,2024-10,0.1485460556124431,0.14850255438155766,0.185,286.15384615384613
nhsn,2024-2025,Oklahoma,extended_sep_apr,Extended Sep-Apr,2024-11,0.1491426243375806,0.14728744163695467,0.18499999999999997,274.8717948717949
nhsn,2024-2025,Oklahoma,extended_sep_apr,Extended Sep-Apr,2024-12,0.14046471437393832,0.1326051171001034,0.185,255.27289377289378
nhsn,2024-2025,Oklahoma,extended_sep_apr,Extended Sep-Apr,2025-01,0.11992658326776234,0.11671463654176954,0.185,158.76556776556777
nhsn,2024-2025,Oklahoma,extended_sep_apr,Extended Sep-Apr,2025-02,0.1041415038121839,0.10080778911494835,0.185,62.76739926739927
nhsn,2024-2025,Oklahoma,extended_sep_apr,Extended Sep-Apr,2025-03,0.09401344089913437,0.09253990312646072,0.185,19.283882783882785
nhsn,2024-2025,Oklahoma,extended_sep_apr,Extended Sep-Apr,2025-04,0.0660965107187894,0.06931782724758435,0.12300921333333335,3.717948717948718
nhsn,2024-2025,Oklahoma,extended_sep_apr,Extended Sep-Apr,2025-05,0.0,0.0,0.0,0.7564102564102567
nhsn,2024-2025,Oklahoma,extended_sep_apr,Extended Sep-Apr,2025-06,0.0,0.0,0.0,0.23076923076923073
nhsn,2024-2025,Oklahoma,late_oct_apr,Late Oct-Apr,2024-01,0.0,0.0,0.0,121.64468864468864
nhsn,2024-2025,Oklahoma,late_oct_apr,Late Oct-Apr,2024-02,0.0,0.0,0.0,201.43772893772893
nhsn,2024-2025,Oklahoma,late_oct_apr,Late Oct-Apr,2024-03,0.0,0.02742926763742703,0.03425483870967742,266.86996336996333
nhsn,2024-2025,Oklahoma,late_oct_apr,Late Oct-Apr,2024-04,0.14859013512499647,0.14869234059440906,0.18499999999999991,273.2051282051282
nhsn,2024-2025,Oklahoma,late_oct_apr,Late Oct-Apr,2024-05,0.14892976611812178,0.14871865078838534,0.18499999999999997,285.39743589743597
nhsn,2024-2025,Oklahoma,late_oct_apr,Late Oct-Apr,2024-06,0.14840461107737882,0.1484449876816265,0.18499999999999991,276.69230769230774
nhsn,2024-2025,Oklahoma,late_oct_apr,Late Oct-Apr,2024-07,0.1488325872224997,0.14857403960340465,0.18499999999999997,286.15384615384613
nhsn,2024-2025,Oklahoma,late_oct_apr,Late Oct-Apr,2024-08,0.14790267267871018,0.14798733838786662,0.18499999999999997,286.15384615384613
nhsn,2024-2025,Oklahoma,late_oct_apr,Late Oct-Apr,2024-09,0.14746722063769566,0.14758601555043174,0.18499999999999991,276.92307692307696
nhsn,2024-2025,Oklahoma,late_oct_apr,Late Oct-Apr,2024-10,0.1485460556124431,0.14850255438155766,0.185,286.15384615384613
nhsn,2024-2025,Oklahoma,late_oct_apr,Late Oct-Apr,2024-11,0.1491426243375806,0.14728744163695467,0.18499999999999997,274.8717948717949
nhsn,2024-2025,Oklahoma,late_oct_apr,Late Oct-Apr,2024-12,0.14046471437393832,0.1326051171001034,0.185,255.27289377289378
nhsn,2024-2025,Oklahoma,late_oct_apr,Late Oct-Apr,2025-01,0.11992658326776234,0.11671463654176954,0.185,158.76556776556777
nhsn,2024-2025,Oklahoma,late_oct_apr,Late Oct-Apr,2025-02,0.1041415038121839,0.10080778911494835,0.185,62.76739926739927
nhsn,2024-2025,Oklahoma,late_oct_apr,Late Oct-Apr,2025-03,0.09401344089913437,0.09253990312646072,0.185,19.283882783882785
nhsn,2024-2025,Oklahoma,late_oct_apr,Late Oct-Apr,2025-04,0.0660965107187894,0.06931782724758435,0.12300921333333335,3.717948717948718
nhsn,2024-2025,Oklahoma,late_oct_apr,Late Oct-Apr,2025-05,0.0,0.0,0.0,0.7564102564102567
nhsn,2024-2025,Oklahoma,late_oct_apr,Late Oct-Apr,2025-06,0.0,0.0,0.0,0.23076923076923073
nhsn,2024-2025,Oregon,baseline_oct_mar,Baseline Oct-Mar,2024-01,0.0,0.0,0.0,79.89377289377289
nhsn,2024-2025,Oregon,baseline_oct_mar,Baseline Oct-Mar,2024-02,0.0,0.0,0.0,155.99816849816852
nhsn,2024-2025,Oregon,baseline_oct_mar,Baseline Oct-Mar,2024-03,0.0,0.027364517120441915,0.03425483870967742,249.37362637362637
nhsn,2024-2025,Oregon,baseline_oct_mar,Baseline Oct-Mar,2024-04,0.14799937030391355,0.14804871816472998,0.18499999999999991,268.2014652014652
nhsn,2024-2025,Oregon,baseline_oct_mar,Baseline Oct-Mar,2024-05,0.14873380132329864,0.148364221809931,0.18499999999999997,281.56593406593413
nhsn,2024-2025,Oregon,baseline_oct_mar,Baseline Oct-Mar,2024-06,0.1472241200370457,0.14720292555945153,0.18499999999999991,274.2948717948717
nhsn,2024-2025,Oregon,baseline_oct_mar,Baseline Oct-Mar,2024-07,0.14851061003282431,0.14809688591539846,0.18499999999999997,283.76923076923083
nhsn,2024-2025,Oregon,baseline_oct_mar,Baseline Oct-Mar,2024-08,0.14654810531625237,0.14662054031556226,0.18499999999999997,283.76923076923083
nhsn,2024-2025,Oregon,baseline_oct_mar,Baseline Oct-Mar,2024-09,0.14579568262969525,0.1460032997729427,0.18499999999999991,274.61538461538464
nhsn,2024-2025,Oregon,baseline_oct_mar,Baseline Oct-Mar,2024-10,0.14775706742836997,0.14751014294908021,0.185,283.48717948717945
nhsn,2024-2025,Oregon,baseline_oct_mar,Baseline Oct-Mar,2024-11,0.14899722234114934,0.14811125000388134,0.18499999999999997,273.21794871794873
nhsn,2024-2025,Oregon,baseline_oct_mar,Baseline Oct-Mar,2024-12,0.14438987447887575,0.13859069611008432,0.185,265.67399267399264
nhsn,2024-2025,Oregon,baseline_oct_mar,Baseline Oct-Mar,2025-01,0.1379827410975093,0.1301815837223598,0.185,200.12454212454213
nhsn,2024-2025,Oregon,baseline_oct_mar,Baseline Oct-Mar,2025-02,0.10514484581890073,0.10312701499959342,0.185,104.06043956043956
nhsn,2024-2025,Oregon,baseline_oct_mar,Baseline Oct-Mar,2025-03,0.08571207808592318,0.07437304760169294,0.12500891612903228,34.395604395604394
nhsn,2024-2025,Oregon,baseline_oct_mar,Baseline Oct-Mar,2025-04,0.0,0.0,0.0,6.413919413919414
nhsn,2024-2025,Oregon,baseline_oct_mar,Baseline Oct-Mar,2025-05,0.0,0.0,0.0,2.2032967032967035
nhsn,2024-2025,Oregon,baseline_oct_mar,Baseline Oct-Mar,2025-06,0.0,0.0,0.0,0.32051282051282043
nhsn,2024-2025,Oregon,early_sep_mar,Early Sep-Mar,2024-01,0.0,0.0,0.0,79.89377289377289
nhsn,2024-2025,Oregon,early_sep_mar,Early Sep-Mar,2024-02,0.0,0.027110629515530775,0.034001724137931025,155.99816849816852
nhsn,2024-2025,Oregon,early_sep_mar,Early Sep-Mar,2024-03,0.14761872377447902,0.14479082846172164,0.1814790322580645,249.37362637362637
nhsn,2024-2025,Oregon,early_sep_mar,Early Sep-Mar,2024-04,0.1478390178489539,0.14734575451607518,0.18499999999999991,268.2014652014652
nhsn,2024-2025,Oregon,early_sep_mar,Early Sep-Mar,2024-05,0.14555692783474797,0.14546775381815163,0.18499999999999997,281.56593406593413
nhsn,2024-2025,Oregon,early_sep_mar,Early Sep-Mar,2024-06,0.14675364263086144,0.1461129313625074,0.18499999999999991,274.2948717948717
nhsn,2024-2025,Oregon,early_sep_mar,Early Sep-Mar,2024-07,0.14418744884667153,0.14373082057829584,0.18499999999999997,283.76923076923083
nhsn,2024-2025,Oregon,early_sep_mar,Early Sep-Mar,2024-08,0.14291361613876322,0.1425735513220673,0.18499999999999997,283.76923076923083
nhsn,2024-2025,Oregon,early_sep_mar,Early Sep-Mar,2024-09,0.14507650244853187,0.14475566436129605,0.18499999999999997,274.61538461538464
nhsn,2024-2025,Oregon,early_sep_mar,Early Sep-Mar,2024-10,0.14775706742836997,0.14751014294908021,0.185,283.48717948717945
nhsn,2024-2025,Oregon,early_sep_mar,Early Sep-Mar,2024-11,0.14899722234114934,0.14811125000388134,0.18499999999999997,273.21794871794873
nhsn,2024-2025,Oregon,early_sep_mar,Early Sep-Mar,2024-12,0.14438987447887575,0.13859069611008432,0.185,265.67399267399264
nhsn,2024-2025,Oregon,early_sep_mar,Early Sep-Mar,2025-01,0.1379827410975093,0.1301815837223598,0.185,200.12454212454213
nhsn,2024-2025,Oregon,early_sep_mar,Early Sep-Mar,2025-02,0.10514484581890073,0.10312701499959342,0.185,104.06043956043956
nhsn,2024-2025,Oregon,early_sep_mar,Early Sep-Mar,2025-03,0.08571207808592318,0.07437304760169294,0.12500891612903228,34.395604395604394
nhsn,2024-2025,Oregon,early_sep_mar,Early Sep-Mar,2025-04,0.0,0.0,0.0,6.413919413919414
nhsn,2024-2025,Oregon,early_sep_mar,Early Sep-Mar,2025-05,0.0,0.0,0.0,2.2032967032967035
nhsn,2024-2025,Oregon,early_sep_mar,Early Sep-Mar,2025-06,0.0,0.0,0.0,0.32051282051282043
nhsn,2024-2025,Oregon,extended_sep_apr,Extended Sep-Apr,2024-01,0.0,0.0,0.0,79.89377289377289
nhsn,2024-2025,Oregon,extended_sep_apr,Extended Sep-Apr,2024-02,0.0,0.027110629515530775,0.034001724137931025,155.99816849816852
nhsn,2024-2025,Oregon,extended_sep_apr,Extended Sep-Apr,2024-03,0.14761872377447902,0.14479082846172164,0.1814790322580645,249.37362637362637
nhsn,2024-2025,Oregon,extended_sep_apr,Extended Sep-Apr,2024-04,0.1478390178489539,0.14734575451607518,0.18499999999999991,268.2014652014652
nhsn,2024-2025,Oregon,extended_sep_apr,Extended Sep-Apr,2024-05,0.14555692783474797,0.14546775381815163,0.18499999999999997,281.56593406593413
nhsn,2024-2025,Oregon,extended_sep_apr,Extended Sep-Apr,2024-06,0.14675364263086144,0.1461129313625074,0.18499999999999991,274.2948717948717
nhsn,2024-2025,Oregon,extended_sep_apr,Extended Sep-Apr,2024-07,0.14418744884667153,0.14373082057829584,0.18499999999999997,283.76923076923083
nhsn,2024-2025,Oregon,extended_sep_apr,Extended Sep-Apr,2024-08,0.14291361613876322,0.1425735513220673,0.18499999999999997,283.76923076923083
nhsn,2024-2025,Oregon,extended_sep_apr,Extended Sep-Apr,2024-09,0.14507650244853187,0.14475566436129605,0.18499999999999997,274.61538461538464
nhsn,2024-2025,Oregon,extended_sep_apr,Extended Sep-Apr,2024-10,0.14775706742836997,0.14751014294908021,0.185,283.48717948717945
nhsn,2024-2025,Oregon,extended_sep_apr,Extended Sep-Apr,2024-11,0.14899722234114934,0.14811125000388134,0.18499999999999997,273.21794871794873
nhsn,2024-2025,Oregon,extended_sep_apr,Extended Sep-Apr,2024-12,0.14438987447887575,0.13859069611008432,0.185,265.67399267399264
nhsn,2024-2025,Oregon,extended_sep_apr,Extended Sep-Apr,2025-01,0.1379827410975093,0.1301815837223598,0.185,200.12454212454213
nhsn,2024-2025,Oregon,extended_sep_apr,Extended Sep-Apr,2025-02,0.10514484581890073,0.10312701499959342,0.185,104.06043956043956
nhsn,2024-2025,Oregon,extended_sep_apr,Extended Sep-Apr,2025-03,0.08571207808592318,0.08970552909900326,0.185,34.395604395604394
nhsn,2024-2025,Oregon,extended_sep_apr,Extended Sep-Apr,2025-04,0.11080853879139728,0.08375919328875332,0.12300921333333335,6.413919413919414
nhsn,2024-2025,Oregon,extended_sep_apr,Extended Sep-Apr,2025-05,0.0,0.0,0.0,2.2032967032967035
nhsn,2024-2025,Oregon,extended_sep_apr,Extended Sep-Apr,2025-06,0.0,0.0,0.0,0.32051282051282043
nhsn,2024-2025,Oregon,late_oct_apr,Late Oct-Apr,2024-01,0.0,0.0,0.0,79.89377289377289
nhsn,2024-2025,Oregon,late_oct_apr,Late Oct-Apr,2024-02,0.0,0.0,0.0,155.99816849816852
nhsn,2024-2025,Oregon,late_oct_apr,Late Oct-Apr,2024-03,0.0,0.027364517120441915,0.03425483870967742,249.37362637362637
nhsn,2024-2025,Oregon,late_oct_apr,Late Oct-Apr,2024-04,0.14799937030391355,0.14804871816472998,0.18499999999999991,268.2014652014652
nhsn,2024-2025,Oregon,late_oct_apr,Late Oct-Apr,2024-05,0.14873380132329864,0.148364221809931,0.18499999999999997,281.56593406593413
nhsn,2024-2025,Oregon,late_oct_apr,Late Oct-Apr,2024-06,0.1472241200370457,0.14720292555945153,0.18499999999999991,274.2948717948717
nhsn,2024-2025,Oregon,late_oct_apr,Late Oct-Apr,2024-07,0.14851061003282431,0.14809688591539846,0.18499999999999997,283.76923076923083
nhsn,2024-2025,Oregon,late_oct_apr,Late Oct-Apr,2024-08,0.14654810531625237,0.14662054031556226,0.18499999999999997,283.76923076923083
nhsn,2024-2025,Oregon,late_oct_apr,Late Oct-Apr,2024-09,0.14579568262969525,0.1460032997729427,0.18499999999999991,274.61538461538464
nhsn,2024-2025,Oregon,late_oct_apr,Late Oct-Apr,2024-10,0.14775706742836997,0.14751014294908021,0.185,283.48717948717945
nhsn,2024-2025,Oregon,late_oct_apr,Late Oct-Apr,2024-11,0.14899722234114934,0.14811125000388134,0.18499999999999997,273.21794871794873
nhsn,2024-2025,Oregon,late_oct_apr,Late Oct-Apr,2024-12,0.14438987447887575,0.13859069611008432,0.185,265.67399267399264
nhsn,2024-2025,Oregon,late_oct_apr,Late Oct-Apr,2025-01,0.1379827410975093,0.1301815837223598,0.185,200.12454212454213
nhsn,2024-2025,Oregon,late_oct_apr,Late Oct-Apr,2025-02,0.10514484581890073,0.10312701499959342,0.185,104.06043956043956
nhsn,2024-2025,Oregon,late_oct_apr,Late Oct-Apr,2025-03,0.08571207808592318,0.08970552909900326,0.185,34.395604395604394
nhsn,2024-2025,Oregon,late_oct_apr,Late Oct-Apr,2025-04,0.11080853879139728,0.08375919328875332,0.12300921333333335,6.413919413919414
nhsn,2024-2025,Oregon,late_oct_apr,Late Oct-Apr,2025-05,0.0,0.0,0.0,2.2032967032967035
nhsn,2024-2025,Oregon,late_oct_apr,Late Oct-Apr,2025-06,0.0,0.0,0.0,0.32051282051282043
nhsn,2024-2025,Pennsylvania,baseline_oct_mar,Baseline Oct-Mar,2024-01,0.0,0.0,0.0,911.8113553113553
nhsn,2024-2025,Pennsylvania,baseline_oct_mar,Baseline Oct-Mar,2024-02,0.0,0.0,0.0,1137.113553113553
nhsn,2024-2025,Pennsylvania,baseline_oct_mar,Baseline Oct-Mar,2024-03,0.0,0.027546729471780225,0.03425483870967742,1359.252747252747
nhsn,2024-2025,Pennsylvania,baseline_oct_mar,Baseline Oct-Mar,2024-04,0.14921405809291968,0.1489600260987034,0.18499999999999991,1376.7747252747254
nhsn,2024-2025,Pennsylvania,baseline_oct_mar,Baseline Oct-Mar,2024-05,0.14566287921239607,0.14559819872810367,0.18499999999999997,1446.5091575091571
nhsn,2024-2025,Pennsylvania,baseline_oct_mar,Baseline Oct-Mar,2024-06,0.14832117663320807,0.14813140936086758,0.18499999999999991,1408.4358974358975
nhsn,2024-2025,Pennsylvania,baseline_oct_mar,Baseline Oct-Mar,2024-07,0.14554195482471144,0.14538806382088418,0.18499999999999997,1456.602564102564
nhsn,2024-2025,Pennsylvania,baseline_oct_mar,Baseline Oct-Mar,2024-08,0.1480488458717272,0.14801238253409665,0.18499999999999997,1456.602564102564
nhsn,2024-2025,Pennsylvania,baseline_oct_mar,Baseline Oct-Mar,2024-09,0.14714996464953875,0.14733034781030327,0.18499999999999991,1409.6153846153848
nhsn,2024-2025,Pennsylvania,baseline_oct_mar,Baseline Oct-Mar,2024-10,0.1479652792204869,0.14772508912659815,0.185,1456.2252747252749
nhsn,2024-2025,Pennsylvania,baseline_oct_mar,Baseline Oct-Mar,2024-11,0.14809047817948046,0.1440984599485238,0.18499999999999997,1355.8772893772893
nhsn,2024-2025,Pennsylvania,baseline_oct_mar,Baseline Oct-Mar,2024-12,0.12458652154560725,0.11924513036782167,0.185,1117.5897435897436
nhsn,2024-2025,Pennsylvania,baseline_oct_mar,Baseline Oct-Mar,2025-01,0.1183318465449673,0.11564122221191321,0.185,508.46886446886447
nhsn,2024-2025,Pennsylvania,baseline_oct_mar,Baseline Oct-Mar,2025-02,0.12175871212596152,0.11280435010997263,0.185,214.84981684981685
nhsn,2024-2025,Pennsylvania,baseline_oct_mar,Baseline Oct-Mar,2025-03,0.10707911705481402,0.08356418959757866,0.12500891612903228,97.34981684981685
nhsn,2024-2025,Pennsylvania,baseline_oct_mar,Baseline Oct-Mar,2025-04,0.0,0.0,0.0,32.84065934065934
nhsn,2024-2025,Pennsylvania,baseline_oct_mar,Baseline Oct-Mar,2025-05,0.0,0.0,0.0,10.093406593406591
nhsn,2024-2025,Pennsylvania,baseline_oct_mar,Baseline Oct-Mar,2025-06,0.0,0.0,0.0,1.1794871794871795
nhsn,2024-2025,Pennsylvania,early_sep_mar,Early Sep-Mar,2024-01,0.0,0.0,0.0,911.8113553113553
nhsn,2024-2025,Pennsylvania,early_sep_mar,Early Sep-Mar,2024-02,0.0,0.0271829434826249,0.034001724137931025,1137.113553113553
nhsn,2024-2025,Pennsylvania,early_sep_mar,Early Sep-Mar,2024-03,0.14811649298403484,0.14537122915739303,0.1814790322580645,1359.252747252747
nhsn,2024-2025,Pennsylvania,early_sep_mar,Early Sep-Mar,2024-04,0.14921405809291968,0.14855260041530335,0.18499999999999991,1376.7747252747254
nhsn,2024-2025,Pennsylvania,early_sep_mar,Early Sep-Mar,2024-05,0.14616115824714243,0.14606745028137566,0.18499999999999997,1446.5091575091571
nhsn,2024-2025,Pennsylvania,early_sep_mar,Early Sep-Mar,2024-06,0.14821845467470723,0.14736634646821892,0.18499999999999991,1408.4358974358975
nhsn,2024-2025,Pennsylvania,early_sep_mar,Early Sep-Mar,2024-07,0.14445705319073834,0.14433580356805029,0.18499999999999997,1456.602564102564
nhsn,2024-2025,Pennsylvania,early_sep_mar,Early Sep-Mar,2024-08,0.14309482128921555,0.1432798450326142,0.18499999999999997,1456.602564102564
nhsn,2024-2025,Pennsylvania,early_sep_mar,Early Sep-Mar,2024-09,0.14566550356900945,0.14557694862365791,0.18499999999999997,1409.6153846153848
nhsn,2024-2025,Pennsylvania,early_sep_mar,Early Sep-Mar,2024-10,0.1479652792204869,0.14772508912659815,0.185,1456.2252747252749
nhsn,2024-2025,Pennsylvania,early_sep_mar,Early Sep-Mar,2024-11,0.14809047817948046,0.1440984599485238,0.18499999999999997,1355.8772893772893
nhsn,2024-2025,Pennsylvania,early_sep_mar,Early Sep-Mar,2024-12,0.12458652154560725,0.11924513036782167,0.185,1117.5897435897436
nhsn,2024-2025,Pennsylvania,early_sep_mar,Early Sep-Mar,2025-01,0.1183318465449673,0.11564122221191321,0.185,508.46886446886447
nhsn,2024-2025,Pennsylvania,early_sep_mar,Early Sep-Mar,2025-02,0.12175871212596152,0.11280435010997263,0.185,214.84981684981685
nhsn,2024-2025,Pennsylvania,early_sep_mar,Early Sep-Mar,2025-03,0.10707911705481402,0.08356418959757866,0.12500891612903228,97.34981684981685
nhsn,2024-2025,Pennsylvania,early_sep_mar,Early Sep-Mar,2025-04,0.0,0.0,0.0,32.84065934065934
nhsn,2024-2025,Pennsylvania,early_sep_mar,Early Sep-Mar,2025-05,0.0,0.0,0.0,10.093406593406591
nhsn,2024-2025,Pennsylvania,early_sep_mar,Early Sep-Mar,2025-06,0.0,0.0,0.0,1.1794871794871795
nhsn,2024-2025,Pennsylvania,extended_sep_apr,Extended Sep-Apr,2024-01,0.0,0.0,0.0,911.8113553113553
nhsn,2024-2025,Pennsylvania,extended_sep_apr,Extended Sep-Apr,2024-02,0.0,0.0271829434826249,0.034001724137931025,1137.113553113553
nhsn,2024-2025,Pennsylvania,extended_sep_apr,Extended Sep-Apr,2024-03,0.14811649298403484,0.14537122915739303,0.1814790322580645,1359.252747252747
nhsn,2024-2025,Pennsylvania,extended_sep_apr,Extended Sep-Apr,2024-04,0.14921405809291968,0.14855260041530335,0.18499999999999991,1376.7747252747254
nhsn,2024-2025,Pennsylvania,extended_sep_apr,Extended Sep-Apr,2024-05,0.14616115824714243,0.14606745028137566,0.18499999999999997,1446.5091575091571
nhsn,2024-2025,Pennsylvania,extended_sep_apr,Extended Sep-Apr,2024-06,0.14821845467470723,0.14736634646821892,0.18499999999999991,1408.4358974358975
nhsn,2024-2025,Pennsylvania,extended_sep_apr,Extended Sep-Apr,2024-07,0.14445705319073834,0.14433580356805029,0.18499999999999997,1456.602564102564
nhsn,2024-2025,Pennsylvania,extended_sep_apr,Extended Sep-Apr,2024-08,0.14309482128921555,0.1432798450326142,0.18499999999999997,1456.602564102564
nhsn,2024-2025,Pennsylvania,extended_sep_apr,Extended Sep-Apr,2024-09,0.14566550356900945,0.14557694862365791,0.18499999999999997,1409.6153846153848
nhsn,2024-2025,Pennsylvania,extended_sep_apr,Extended Sep-Apr,2024-10,0.1479652792204869,0.14772508912659815,0.185,1456.2252747252749
nhsn,2024-2025,Pennsylvania,extended_sep_apr,Extended Sep-Apr,2024-11,0.14809047817948046,0.1440984599485238,0.18499999999999997,1355.8772893772893
nhsn,2024-2025,Pennsylvania,extended_sep_apr,Extended Sep-Apr,2024-12,0.12458652154560725,0.11924513036782167,0.185,1117.5897435897436
nhsn,2024-2025,Pennsylvania,extended_sep_apr,Extended Sep-Apr,2025-01,0.1183318465449673,0.11564122221191321,0.185,508.46886446886447
nhsn,2024-2025,Pennsylvania,extended_sep_apr,Extended Sep-Apr,2025-02,0.12175871212596152,0.11280435010997263,0.185,214.84981684981685
nhsn,2024-2025,Pennsylvania,extended_sep_apr,Extended Sep-Apr,2025-03,0.11240947484455573,0.10774663771117701,0.185,97.34981684981685
nhsn,2024-2025,Pennsylvania,extended_sep_apr,Extended Sep-Apr,2025-04,0.09702201439656236,0.08006643122032314,0.12300921333333335,32.84065934065934
nhsn,2024-2025,Pennsylvania,extended_sep_apr,Extended Sep-Apr,2025-05,0.0,0.0,0.0,10.093406593406591
nhsn,2024-2025,Pennsylvania,extended_sep_apr,Extended Sep-Apr,2025-06,0.0,0.0,0.0,1.1794871794871795
nhsn,2024-2025,Pennsylvania,late_oct_apr,Late Oct-Apr,2024-01,0.0,0.0,0.0,911.8113553113553
nhsn,2024-2025,Pennsylvania,late_oct_apr,Late Oct-Apr,2024-02,0.0,0.0,0.0,1137.113553113553
nhsn,2024-2025,Pennsylvania,late_oct_apr,Late Oct-Apr,2024-03,0.0,0.027546729471780225,0.03425483870967742,1359.252747252747
nhsn,2024-2025,Pennsylvania,late_oct_apr,Late Oct-Apr,2024-04,0.14921405809291968,0.1489600260987034,0.18499999999999991,1376.7747252747254
nhsn,2024-2025,Pennsylvania,late_oct_apr,Late Oct-Apr,2024-05,0.14566287921239607,0.14559819872810367,0.18499999999999997,1446.5091575091571
nhsn,2024-2025,Pennsylvania,late_oct_apr,Late Oct-Apr,2024-06,0.14832117663320807,0.14813140936086758,0.18499999999999991,1408.4358974358975
nhsn,2024-2025,Pennsylvania,late_oct_apr,Late Oct-Apr,2024-07,0.14554195482471144,0.14538806382088418,0.18499999999999997,1456.602564102564
nhsn,2024-2025,Pennsylvania,late_oct_apr,Late Oct-Apr,2024-08,0.1480488458717272,0.14801238253409665,0.18499999999999997,1456.602564102564
nhsn,2024-2025,Pennsylvania,late_oct_apr,Late Oct-Apr,2024-09,0.14714996464953875,0.14733034781030327,0.18499999999999991,1409.6153846153848
nhsn,2024-2025,Pennsylvania,late_oct_apr,Late Oct-Apr,2024-10,0.1479652792204869,0.14772508912659815,0.185,1456.2252747252749
nhsn,2024-2025,Pennsylvania,late_oct_apr,Late Oct-Apr,2024-11,0.14809047817948046,0.1440984599485238,0.18499999999999997,1355.8772893772893
nhsn,2024-2025,Pennsylvania,late_oct_apr,Late Oct-Apr,2024-12,0.12458652154560725,0.11924513036782167,0.185,1117.5897435897436
nhsn,2024-2025,Pennsylvania,late_oct_apr,Late Oct-Apr,2025-01,0.1183318465449673,0.11564122221191321,0.185,508.46886446886447
nhsn,2024-2025,Pennsylvania,late_oct_apr,Late Oct-Apr,2025-02,0.12175871212596152,0.11280435010997263,0.185,214.84981684981685
nhsn,2024-2025,Pennsylvania,late_oct_apr,Late Oct-Apr,2025-03,0.11240947484455573,0.10774663771117701,0.185,97.34981684981685
nhsn,2024-2025,Pennsylvania,late_oct_apr,Late Oct-Apr,2025-04,0.09702201439656236,0.08006643122032314,0.12300921333333335,32.84065934065934
nhsn,2024-2025,Pennsylvania,late_oct_apr,Late Oct-Apr,2025-05,0.0,0.0,0.0,10.093406593406591
nhsn,2024-2025,Pennsylvania,late_oct_apr,Late Oct-Apr,2025-06,0.0,0.0,0.0,1.1794871794871795
nhsn,2024-2025,Rhode Island,baseline_oct_mar,Baseline Oct-Mar,2024-01,0.0,0.0,0.0,90.6996336996337
nhsn,2024-2025,Rhode Island,baseline_oct_mar,Baseline Oct-Mar,2024-02,0.0,0.0,0.0,102.93589743589746
nhsn,2024-2025,Rhode Island,baseline_oct_mar,Baseline Oct-Mar,2024-03,0.0,0.027604801585863262,0.03425483870967742,117.95604395604397
nhsn,2024-2025,Rhode Island,baseline_oct_mar,Baseline Oct-Mar,2024-04,0.15010972427997135,0.15015418331417288,0.18499999999999991,116.66300366300366
nhsn,2024-2025,Rhode Island,baseline_oct_mar,Baseline Oct-Mar,2024-05,0.14489050978135787,0.14269883076012246,0.18499999999999997,121.03846153846156
nhsn,2024-2025,Rhode Island,baseline_oct_mar,Baseline Oct-Mar,2024-06,0.14966126274705688,0.14958959897443497,0.18499999999999991,117.64102564102564
nhsn,2024-2025,Rhode Island,baseline_oct_mar,Baseline Oct-Mar,2024-07,0.1448961362363127,0.1425599902070036,0.18499999999999997,121.61538461538463
nhsn,2024-2025,Rhode Island,baseline_oct_mar,Baseline Oct-Mar,2024-08,0.14906088735774028,0.14933983012412422,0.18499999999999997,121.61538461538463
nhsn,2024-2025,Rhode Island,baseline_oct_mar,Baseline Oct-Mar,2024-09,0.14808298576260343,0.14835466115671256,0.18499999999999991,117.6923076923077
nhsn,2024-2025,Rhode Island,baseline_oct_mar,Baseline Oct-Mar,2024-10,0.14957224452018572,0.14875832106828715,0.185,121.61538461538461
nhsn,2024-2025,Rhode Island,baseline_oct_mar,Baseline Oct-Mar,2024-11,0.14395062666703926,0.1355228343892401,0.18499999999999997,110.53846153846155
nhsn,2024-2025,Rhode Island,baseline_oct_mar,Baseline Oct-Mar,2024-12,0.1124024923428878,0.11074648063658334,0.185,73.84432234432234
nhsn,2024-2025,Rhode Island,baseline_oct_mar,Baseline Oct-Mar,2025-01,0.10862842972999225,0.11156586299545676,0.185,27.52014652014652
nhsn,2024-2025,Rhode Island,baseline_oct_mar,Baseline Oct-Mar,2025-02,0.11005783385579938,0.10677262542414859,0.185,10.305860805860807
nhsn,2024-2025,Rhode Island,baseline_oct_mar,Baseline Oct-Mar,2025-03,0.09196365838834064,0.07757634070684463,0.12500891612903228,3.6593406593406597
nhsn,2024-2025,Rhode Island,baseline_oct_mar,Baseline Oct-Mar,2025-04,0.0,0.0,0.0,1.0293040293040292
nhsn,2024-2025,Rhode Island,baseline_oct_mar,Baseline Oct-Mar,2025-05,0.0,0.0,0.0,0.5769230769230771
nhsn,2024-2025,Rhode Island,baseline_oct_mar,Baseline Oct-Mar,2025-06,0.0,0.0,0.0,0.05128205128205128
nhsn,2024-2025,Rhode Island,early_sep_mar,Early Sep-Mar,2024-01,0.0,0.0,0.0,90.6996336996337
nhsn,2024-2025,Rhode Island,early_sep_mar,Early Sep-Mar,2024-02,0.0,0.02721501028208499,0.034001724137931025,102.93589743589746
nhsn,2024-2025,Rhode Island,early_sep_mar,Early Sep-Mar,2024-03,0.14828882128490117,0.1455760838886643,0.1814790322580645,117.95604395604397
nhsn,2024-2025,Rhode Island,early_sep_mar,Early Sep-Mar,2024-04,0.14984199875548182,0.1497439747241295,0.18499999999999991,116.66300366300366
nhsn,2024-2025,Rhode Island,early_sep_mar,Early Sep-Mar,2024-05,0.14784841410065347,0.14789147420990745,0.18499999999999997,121.03846153846156
nhsn,2024-2025,Rhode Island,early_sep_mar,Early Sep-Mar,2024-06,0.1492516103471692,0.14904869450779154,0.18499999999999991,117.64102564102564
nhsn,2024-2025,Rhode Island,early_sep_mar,Early Sep-Mar,2024-07,0.1467671189202954,0.14687383798487616,0.18499999999999997,121.61538461538463
nhsn,2024-2025,Rhode Island,early_sep_mar,Early Sep-Mar,2024-08,0.14653909358288772,0.14637363019473779,0.18499999999999997,121.61538461538463
nhsn,2024-2025,Rhode Island,early_sep_mar,Early Sep-Mar,2024-09,0.1473969020293432,0.1474745025607949,0.18499999999999997,117.69230769230768
nhsn,2024-2025,Rhode Island,early_sep_mar,Early Sep-Mar,2024-10,0.14957224452018572,0.14875832106828715,0.185,121.61538461538461
nhsn,2024-2025,Rhode Island,early_sep_mar,Early Sep-Mar,2024-11,0.14395062666703926,0.1355228343892401,0.18499999999999997,110.53846153846155
nhsn,2024-2025,Rhode Island,early_sep_mar,Early Sep-Mar,2024-12,0.1124024923428878,0.11074648063658334,0.185,73.84432234432234
nhsn,2024-2025,Rhode Island,early_sep_mar,Early Sep-Mar,2025-01,0.10862842972999225,0.11156586299545676,0.185,27.52014652014652
nhsn,2024-2025,Rhode Island,early_sep_mar,Early Sep-Mar,2025-02,0.11005783385579938,0.10677262542414859,0.185,10.305860805860807
nhsn,2024-2025,Rhode Island,early_sep_mar,Early Sep-Mar,2025-03,0.09196365838834064,0.07757634070684463,0.12500891612903228,3.6593406593406597
nhsn,2024-2025,Rhode Island,early_sep_mar,Early Sep-Mar,2025-04,0.0,0.0,0.0,1.0293040293040292
nhsn,2024-2025,Rhode Island,early_sep_mar,Early Sep-Mar,2025-05,0.0,0.0,0.0,0.5769230769230771
nhsn,2024-2025,Rhode Island,early_sep_mar,Early Sep-Mar,2025-06,0.0,0.0,0.0,0.05128205128205128
nhsn,2024-2025,Rhode Island,extended_sep_apr,Extended Sep-Apr,2024-01,0.0,0.0,0.0,90.6996336996337
nhsn,2024-2025,Rhode Island,extended_sep_apr,Extended Sep-Apr,2024-02,0.0,0.02721501028208499,0.034001724137931025,102.93589743589746
nhsn,2024-2025,Rhode Island,extended_sep_apr,Extended Sep-Apr,2024-03,0.14828882128490117,0.1455760838886643,0.1814790322580645,117.95604395604397
nhsn,2024-2025,Rhode Island,extended_sep_apr,Extended Sep-Apr,2024-04,0.14984199875548182,0.1497439747241295,0.18499999999999991,116.66300366300366
nhsn,2024-2025,Rhode Island,extended_sep_apr,Extended Sep-Apr,2024-05,0.14784841410065347,0.14789147420990745,0.18499999999999997,121.03846153846156
nhsn,2024-2025,Rhode Island,extended_sep_apr,Extended Sep-Apr,2024-06,0.1492516103471692,0.14904869450779154,0.18499999999999991,117.64102564102564
nhsn,2024-2025,Rhode Island,extended_sep_apr,Extended Sep-Apr,2024-07,0.1467671189202954,0.14687383798487616,0.18499999999999997,121.61538461538463
nhsn,2024-2025,Rhode Island,extended_sep_apr,Extended Sep-Apr,2024-08,0.14653909358288772,0.14637363019473779,0.18499999999999997,121.61538461538463
nhsn,2024-2025,Rhode Island,extended_sep_apr,Extended Sep-Apr,2024-09,0.1473969020293432,0.1474745025607949,0.18499999999999997,117.69230769230768
nhsn,2024-2025,Rhode Island,extended_sep_apr,Extended Sep-Apr,2024-10,0.14957224452018572,0.14875832106828715,0.185,121.61538461538461
nhsn,2024-2025,Rhode Island,extended_sep_apr,Extended Sep-Apr,2024-11,0.14395062666703926,0.1355228343892401,0.18499999999999997,110.53846153846155
nhsn,2024-2025,Rhode Island,extended_sep_apr,Extended Sep-Apr,2024-12,0.1124024923428878,0.11074648063658334,0.185,73.84432234432234
nhsn,2024-2025,Rhode Island,extended_sep_apr,Extended Sep-Apr,2025-01,0.10862842972999225,0.11156586299545676,0.185,27.52014652014652
nhsn,2024-2025,Rhode Island,extended_sep_apr,Extended Sep-Apr,2025-02,0.11005783385579938,0.10677262542414859,0.185,10.305860805860807
nhsn,2024-2025,Rhode Island,extended_sep_apr,Extended Sep-Apr,2025-03,0.09466064475524474,0.0987891825163593,0.185,3.6593406593406597
nhsn,2024-2025,Rhode Island,extended_sep_apr,Extended Sep-Apr,2025-04,0.11121636929736929,0.0876158554109313,0.12300921333333335,1.0293040293040292
nhsn,2024-2025,Rhode Island,extended_sep_apr,Extended Sep-Apr,2025-05,0.0,0.0,0.0,0.5769230769230771
nhsn,2024-2025,Rhode Island,extended_sep_apr,Extended Sep-Apr,2025-06,0.0,0.0,0.0,0.05128205128205128
nhsn,2024-2025,Rhode Island,late_oct_apr,Late Oct-Apr,2024-01,0.0,0.0,0.0,90.6996336996337
nhsn,2024-2025,Rhode Island,late_oct_apr,Late Oct-Apr,2024-02,0.0,0.0,0.0,102.93589743589746
nhsn,2024-2025,Rhode Island,late_oct_apr,Late Oct-Apr,2024-03,0.0,0.027604801585863262,0.03425483870967742,117.95604395604397
nhsn,2024-2025,Rhode Island,late_oct_apr,Late Oct-Apr,2024-04,0.15010972427997135,0.15015418331417288,0.18499999999999991,116.66300366300366
nhsn,2024-2025,Rhode Island,late_oct_apr,Late Oct-Apr,2024-05,0.14489050978135787,0.14269883076012246,0.18499999999999997,121.03846153846156
nhsn,2024-2025,Rhode Island,late_oct_apr,Late Oct-Apr,2024-06,0.14966126274705688,0.14958959897443497,0.18499999999999991,117.64102564102564
nhsn,2024-2025,Rhode Island,late_oct_apr,Late Oct-Apr,2024-07,0.1448961362363127,0.1425599902070036,0.18499999999999997,121.61538461538463
nhsn,2024-2025,Rhode Island,late_oct_apr,Late Oct-Apr,2024-08,0.14906088735774028,0.14933983012412422,0.18499999999999997,121.61538461538463
nhsn,2024-2025,Rhode Island,late_oct_apr,Late Oct-Apr,2024-09,0.14808298576260343,0.14835466115671256,0.18499999999999991,117.6923076923077
nhsn,2024-2025,Rhode Island,late_oct_apr,Late Oct-Apr,2024-10,0.14957224452018572,0.14875832106828715,0.185,121.61538461538461
nhsn,2024-2025,Rhode Island,late_oct_apr,Late Oct-Apr,2024-11,0.14395062666703926,0.1355228343892401,0.18499999999999997,110.53846153846155
nhsn,2024-2025,Rhode Island,late_oct_apr,Late Oct-Apr,2024-12,0.1124024923428878,0.11074648063658334,0.185,73.84432234432234
nhsn,2024-2025,Rhode Island,late_oct_apr,Late Oct-Apr,2025-01,0.10862842972999225,0.11156586299545676,0.185,27.52014652014652
nhsn,2024-2025,Rhode Island,late_oct_apr,Late Oct-Apr,2025-02,0.11005783385579938,0.10677262542414859,0.185,10.305860805860807
nhsn,2024-2025,Rhode Island,late_oct_apr,Late Oct-Apr,2025-03,0.09466064475524474,0.0987891825163593,0.185,3.6593406593406597
nhsn,2024-2025,Rhode Island,late_oct_apr,Late Oct-Apr,2025-04,0.11121636929736929,0.0876158554109313,0.12300921333333335,1.0293040293040292
nhsn,2024-2025,Rhode Island,late_oct_apr,Late Oct-Apr,2025-05,0.0,0.0,0.0,0.5769230769230771
nhsn,2024-2025,Rhode Island,late_oct_apr,Late Oct-Apr,2025-06,0.0,0.0,0.0,0.05128205128205128
nhsn,2024-2025,South Carolina,baseline_oct_mar,Baseline Oct-Mar,2024-01,0.0,0.0,0.0,263.13003663003667
nhsn,2024-2025,South Carolina,baseline_oct_mar,Baseline Oct-Mar,2024-02,0.0,0.0,0.0,285.43589743589746
nhsn,2024-2025,South Carolina,baseline_oct_mar,Baseline Oct-Mar,2024-03,0.0,0.027755692703633806,0.03425483870967742,322.6941391941392
nhsn,2024-2025,South Carolina,baseline_oct_mar,Baseline Oct-Mar,2024-04,0.15005961863667516,0.1488688498601477,0.18499999999999991,322.8058608058608
nhsn,2024-2025,South Carolina,baseline_oct_mar,Baseline Oct-Mar,2024-05,0.13435590984243445,0.13317260961414765,0.18499999999999997,342.7728937728938
nhsn,2024-2025,South Carolina,baseline_oct_mar,Baseline Oct-Mar,2024-06,0.14809392866949656,0.1471209924450108,0.18499999999999991,335.8974358974359
nhsn,2024-2025,South Carolina,baseline_oct_mar,Baseline Oct-Mar,2024-07,0.13383493528592277,0.13248976473482157,0.18499999999999997,348.5512820512819
nhsn,2024-2025,South Carolina,baseline_oct_mar,Baseline Oct-Mar,2024-08,0.1476065589439067,0.1472809859052927,0.18499999999999997,348.5512820512819
nhsn,2024-2025,South Carolina,baseline_oct_mar,Baseline Oct-Mar,2024-09,0.1468030881831965,0.14668777132530125,0.18499999999999991,337.30769230769215
nhsn,2024-2025,South Carolina,baseline_oct_mar,Baseline Oct-Mar,2024-10,0.14726047221649502,0.14494066318232401,0.185,347.00549450549454
nhsn,2024-2025,South Carolina,baseline_oct_mar,Baseline Oct-Mar,2024-11,0.13633042461848063,0.13151001351022326,0.18499999999999997,295.72527472527474
nhsn,2024-2025,South Carolina,baseline_oct_mar,Baseline Oct-Mar,2024-12,0.11502748433241324,0.11230381127487173,0.185,189.6849816849817
nhsn,2024-2025,South Carolina,baseline_oct_mar,Baseline Oct-Mar,2025-01,0.1214752048605535,0.12138089001694082,0.185,75.93589743589743
nhsn,2024-2025,South Carolina,baseline_oct_mar,Baseline Oct-Mar,2025-02,0.1290010730875492,0.12566432192575408,0.185,38.86996336996337
nhsn,2024-2025,South Carolina,baseline_oct_mar,Baseline Oct-Mar,2025-03,0.12934599752421494,0.09203051282460195,0.12500891612903228,25.857142857142858
nhsn,2024-2025,South Carolina,baseline_oct_mar,Baseline Oct-Mar,2025-04,0.0,0.0,0.0,14.501831501831502
nhsn,2024-2025,South Carolina,baseline_oct_mar,Baseline Oct-Mar,2025-05,0.0,0.0,0.0,5.778388278388277
nhsn,2024-2025,South Carolina,baseline_oct_mar,Baseline Oct-Mar,2025-06,0.0,0.0,0.0,1.4102564102564101
nhsn,2024-2025,South Carolina,early_sep_mar,Early Sep-Mar,2024-01,0.0,0.0,0.0,263.13003663003667
nhsn,2024-2025,South Carolina,early_sep_mar,Early Sep-Mar,2024-02,0.0,0.027242666974343754,0.034001724137931025,285.43589743589746
nhsn,2024-2025,South Carolina,early_sep_mar,Early Sep-Mar,2024-03,0.14859981138868103,0.1459655639678801,0.1814790322580645,322.6941391941392
nhsn,2024-2025,South Carolina,early_sep_mar,Early Sep-Mar,2024-04,0.15005961863667516,0.14927168447625833,0.18499999999999991,322.8058608058608
nhsn,2024-2025,South Carolina,early_sep_mar,Early Sep-Mar,2024-05,0.1450346800472406,0.14531965212907125,0.18499999999999997,342.7728937728938
nhsn,2024-2025,South Carolina,early_sep_mar,Early Sep-Mar,2024-06,0.14809392866949656,0.14682484113441732,0.18499999999999991,335.8974358974359
nhsn,2024-2025,South Carolina,early_sep_mar,Early Sep-Mar,2024-07,0.1415835713670594,0.14186549891887604,0.18499999999999997,348.5512820512819
nhsn,2024-2025,South Carolina,early_sep_mar,Early Sep-Mar,2024-08,0.14053758675304173,0.1407513831256677,0.18499999999999997,348.5512820512819
nhsn,2024-2025,South Carolina,early_sep_mar,Early Sep-Mar,2024-09,0.1434095149628023,0.14373454632489938,0.18499999999999997,337.3076923076924
nhsn,2024-2025,South Carolina,early_sep_mar,Early Sep-Mar,2024-10,0.14726047221649502,0.14494066318232401,0.185,347.00549450549454
nhsn,2024-2025,South Carolina,early_sep_mar,Early Sep-Mar,2024-11,0.13633042461848063,0.13151001351022326,0.18499999999999997,295.72527472527474
nhsn,2024-2025,South Carolina,early_sep_mar,Early Sep-Mar,2024-12,0.11502748433241324,0.11230381127487173,0.185,189.6849816849817
nhsn,2024-2025,South Carolina,early_sep_mar,Early Sep-Mar,2025-01,0.1214752048605535,0.12138089001694082,0.185,75.93589743589743
nhsn,2024-2025,South Carolina,early_sep_mar,Early Sep-Mar,2025-02,0.1290010730875492,0.12566432192575408,0.185,38.86996336996337
nhsn,2024-2025,South Carolina,early_sep_mar,Early Sep-Mar,2025-03,0.12934599752421494,0.09203051282460195,0.12500891612903228,25.857142857142858
nhsn,2024-2025,South Carolina,early_sep_mar,Early Sep-Mar,2025-04,0.0,0.0,0.0,14.501831501831502
nhsn,2024-2025,South Carolina,early_sep_mar,Early Sep-Mar,2025-05,0.0,0.0,0.0,5.778388278388277
nhsn,2024-2025,South Carolina,early_sep_mar,Early Sep-Mar,2025-06,0.0,0.0,0.0,1.4102564102564101
nhsn,2024-2025,South Carolina,extended_sep_apr,Extended Sep-Apr,2024-01,0.0,0.0,0.0,263.13003663003667
nhsn,2024-2025,South Carolina,extended_sep_apr,Extended Sep-Apr,2024-02,0.0,0.027242666974343754,0.034001724137931025,285.43589743589746
nhsn,2024-2025,South Carolina,extended_sep_apr,Extended Sep-Apr,2024-03,0.14859981138868103,0.1459655639678801,0.1814790322580645,322.6941391941392
nhsn,2024-2025,South Carolina,extended_sep_apr,Extended Sep-Apr,2024-04,0.15005961863667516,0.14927168447625833,0.18499999999999991,322.8058608058608
nhsn,2024-2025,South Carolina,extended_sep_apr,Extended Sep-Apr,2024-05,0.1450346800472406,0.14531965212907125,0.18499999999999997,342.7728937728938
nhsn,2024-2025,South Carolina,extended_sep_apr,Extended Sep-Apr,2024-06,0.14809392866949656,0.14682484113441732,0.18499999999999991,335.8974358974359
nhsn,2024-2025,South Carolina,extended_sep_apr,Extended Sep-Apr,2024-07,0.1415835713670594,0.14186549891887604,0.18499999999999997,348.5512820512819
nhsn,2024-2025,South Carolina,extended_sep_apr,Extended Sep-Apr,2024-08,0.14053758675304173,0.1407513831256677,0.18499999999999997,348.5512820512819
nhsn,2024-2025,South Carolina,extended_sep_apr,Extended Sep-Apr,2024-09,0.1434095149628023,0.14373454632489938,0.18499999999999997,337.3076923076924
nhsn,2024-2025,South Carolina,extended_sep_apr,Extended Sep-Apr,2024-10,0.14726047221649502,0.14494066318232401,0.185,347.00549450549454
nhsn,2024-2025,South Carolina,extended_sep_apr,Extended Sep-Apr,2024-11,0.13633042461848063,0.13151001351022326,0.18499999999999997,295.72527472527474
nhsn,2024-2025,South Carolina,extended_sep_apr,Extended Sep-Apr,2024-12,0.11502748433241324,0.11230381127487173,0.185,189.6849816849817
nhsn,2024-2025,South Carolina,extended_sep_apr,Extended Sep-Apr,2025-01,0.1214752048605535,0.12138089001694082,0.185,75.93589743589743
nhsn,2024-2025,South Carolina,extended_sep_apr,Extended Sep-Apr,2025-02,0.1290010730875492,0.12566432192575408,0.185,38.86996336996337
nhsn,2024-2025,South Carolina,extended_sep_apr,Extended Sep-Apr,2025-03,0.1311440804939741,0.12676770664792858,0.185,25.857142857142858
nhsn,2024-2025,South Carolina,extended_sep_apr,Extended Sep-Apr,2025-04,0.1150306659859315,0.086889091304379,0.12300921333333335,14.501831501831504
nhsn,2024-2025,South Carolina,extended_sep_apr,Extended Sep-Apr,2025-05,0.0,0.0,0.0,5.778388278388277
nhsn,2024-2025,South Carolina,extended_sep_apr,Extended Sep-Apr,2025-06,0.0,0.0,0.0,1.4102564102564101
nhsn,2024-2025,South Carolina,late_oct_apr,Late Oct-Apr,2024-01,0.0,0.0,0.0,263.13003663003667
nhsn,2024-2025,South Carolina,late_oct_apr,Late Oct-Apr,2024-02,0.0,0.0,0.0,285.43589743589746
nhsn,2024-2025,South Carolina,late_oct_apr,Late Oct-Apr,2024-03,0.0,0.027755692703633806,0.03425483870967742,322.6941391941392
nhsn,2024-2025,South Carolina,late_oct_apr,Late Oct-Apr,2024-04,0.15005961863667516,0.1488688498601477,0.18499999999999991,322.8058608058608
nhsn,2024-2025,South Carolina,late_oct_apr,Late Oct-Apr,2024-05,0.13435590984243445,0.13317260961414765,0.18499999999999997,342.7728937728938
nhsn,2024-2025,South Carolina,late_oct_apr,Late Oct-Apr,2024-06,0.14809392866949656,0.1471209924450108,0.18499999999999991,335.8974358974359
nhsn,2024-2025,South Carolina,late_oct_apr,Late Oct-Apr,2024-07,0.13383493528592277,0.13248976473482157,0.18499999999999997,348.5512820512819
nhsn,2024-2025,South Carolina,late_oct_apr,Late Oct-Apr,2024-08,0.1476065589439067,0.1472809859052927,0.18499999999999997,348.5512820512819
nhsn,2024-2025,South Carolina,late_oct_apr,Late Oct-Apr,2024-09,0.1468030881831965,0.14668777132530125,0.18499999999999991,337.30769230769215
nhsn,2024-2025,South Carolina,late_oct_apr,Late Oct-Apr,2024-10,0.14726047221649502,0.14494066318232401,0.185,347.00549450549454
nhsn,2024-2025,South Carolina,late_oct_apr,Late Oct-Apr,2024-11,0.13633042461848063,0.13151001351022326,0.18499999999999997,295.72527472527474
nhsn,2024-2025,South Carolina,late_oct_apr,Late Oct-Apr,2024-12,0.11502748433241324,0.11230381127487173,0.185,189.6849816849817
nhsn,2024-2025,South Carolina,late_oct_apr,Late Oct-Apr,2025-01,0.1214752048605535,0.12138089001694082,0.185,75.93589743589743
nhsn,2024-2025,South Carolina,late_oct_apr,Late Oct-Apr,2025-02,0.1290010730875492,0.12566432192575408,0.185,38.86996336996337
nhsn,2024-2025,South Carolina,late_oct_apr,Late Oct-Apr,2025-03,0.1311440804939741,0.12676770664792858,0.185,25.857142857142858
nhsn,2024-2025,South Carolina,late_oct_apr,Late Oct-Apr,2025-04,0.1150306659859315,0.086889091304379,0.12300921333333335,14.501831501831504
nhsn,2024-2025,South Carolina,late_oct_apr,Late Oct-Apr,2025-05,0.0,0.0,0.0,5.778388278388277
nhsn,2024-2025,South Carolina,late_oct_apr,Late Oct-Apr,2025-06,0.0,0.0,0.0,1.4102564102564101
nhsn,2024-2025,South Dakota,baseline_oct_mar,Baseline Oct-Mar,2024-01,0.0,0.0,0.0,3.302197802197802
nhsn,2024-2025,South Dakota,baseline_oct_mar,Baseline Oct-Mar,2024-02,0.0,0.0,0.0,21.580586080586087
nhsn,2024-2025,South Dakota,baseline_oct_mar,Baseline Oct-Mar,2024-03,0.0,0.027310284074368873,0.03425483870967742,65.51282051282051
nhsn,2024-2025,South Dakota,baseline_oct_mar,Baseline Oct-Mar,2024-04,0.14728149341439606,0.14726370696126967,0.18499999999999991,93.06776556776556
nhsn,2024-2025,South Dakota,baseline_oct_mar,Baseline Oct-Mar,2024-05,0.14748863028089235,0.14714607080371866,0.18499999999999997,101.58974358974358
nhsn,2024-2025,South Dakota,baseline_oct_mar,Baseline Oct-Mar,2024-06,0.14450859516345724,0.144730388899996,0.18499999999999991,100.28205128205127
nhsn,2024-2025,South Dakota,baseline_oct_mar,Baseline Oct-Mar,2024-07,0.14746402633381944,0.14656002522287995,0.18499999999999997,103.73076923076921
nhsn,2024-2025,South Dakota,baseline_oct_mar,Baseline Oct-Mar,2024-08,0.14427698250791354,0.14397552435884475,0.18499999999999997,103.73076923076921
nhsn,2024-2025,South Dakota,baseline_oct_mar,Baseline Oct-Mar,2024-09,0.1431110380309346,0.1433499160947137,0.18499999999999991,100.38461538461537
nhsn,2024-2025,South Dakota,baseline_oct_mar,Baseline Oct-Mar,2024-10,0.14476412488660767,0.14524422742562795,0.185,103.62820512820514
nhsn,2024-2025,South Dakota,baseline_oct_mar,Baseline Oct-Mar,2024-11,0.14815025360793055,0.1480511292451348,0.18499999999999997,100.0
nhsn,2024-2025,South Dakota,baseline_oct_mar,Baseline Oct-Mar,2024-12,0.1489313193899124,0.14881910681491345,0.185,102.80952380952382
nhsn,2024-2025,South Dakota,baseline_oct_mar,Baseline Oct-Mar,2025-01,0.1499393084701815,0.1435137232871245,0.185,100.16300366300366
nhsn,2024-2025,South Dakota,baseline_oct_mar,Baseline Oct-Mar,2025-02,0.13025853372772983,0.12282155004936542,0.185,72.37728937728937
nhsn,2024-2025,South Dakota,baseline_oct_mar,Baseline Oct-Mar,2025-03,0.09198963433725366,0.07877332121807133,0.12500891612903228,38.21794871794872
nhsn,2024-2025,South Dakota,baseline_oct_mar,Baseline Oct-Mar,2025-04,0.0,0.0,0.0,7.316849816849817
nhsn,2024-2025,South Dakota,baseline_oct_mar,Baseline Oct-Mar,2025-05,0.0,0.0,0.0,2.1410256410256414
nhsn,2024-2025,South Dakota,baseline_oct_mar,Baseline Oct-Mar,2025-06,0.0,0.0,0.0,0.10256410256410256
nhsn,2024-2025,South Dakota,early_sep_mar,Early Sep-Mar,2024-01,0.0,0.0,0.0,3.302197802197802
nhsn,2024-2025,South Dakota,early_sep_mar,Early Sep-Mar,2024-02,0.0,0.027053337457123735,0.034001724137931025,21.580586080586087
nhsn,2024-2025,South Dakota,early_sep_mar,Early Sep-Mar,2024-03,0.14720113123915693,0.14441506749414945,0.1814790322580645,65.51282051282051
nhsn,2024-2025,South Dakota,early_sep_mar,Early Sep-Mar,2024-04,0.14716354990830496,0.14500359526511403,0.18499999999999991,93.06776556776556
nhsn,2024-2025,South Dakota,early_sep_mar,Early Sep-Mar,2024-05,0.14184021074698383,0.1403584476300101,0.18499999999999997,101.58974358974358
nhsn,2024-2025,South Dakota,early_sep_mar,Early Sep-Mar,2024-06,0.14433051107513176,0.14157945942381575,0.18499999999999991,100.28205128205127
nhsn,2024-2025,South Dakota,early_sep_mar,Early Sep-Mar,2024-07,0.1365638180631629,0.13508736569267096,0.18499999999999997,103.73076923076921
nhsn,2024-2025,South Dakota,early_sep_mar,Early Sep-Mar,2024-08,0.13152623381216486,0.1307439656915035,0.18499999999999997,103.73076923076921
nhsn,2024-2025,South Dakota,early_sep_mar,Early Sep-Mar,2024-09,0.14059056238780376,0.13884706367306493,0.18499999999999997,100.38461538461542
nhsn,2024-2025,South Dakota,early_sep_mar,Early Sep-Mar,2024-10,0.14476412488660767,0.14524422742562795,0.185,103.62820512820514
nhsn,2024-2025,South Dakota,early_sep_mar,Early Sep-Mar,2024-11,0.14815025360793055,0.1480511292451348,0.18499999999999997,100.0
nhsn,2024-2025,South Dakota,early_sep_mar,Early Sep-Mar,2024-12,0.1489313193899124,0.14881910681491345,0.185,102.80952380952382
nhsn,2024-2025,South Dakota,early_sep_mar,Early Sep-Mar,2025-01,0.1499393084701815,0.1435137232871245,0.185,100.16300366300366
nhsn,2024-2025,South Dakota,early_sep_mar,Early Sep-Mar,2025-02,0.13025853372772983,0.12282155004936542,0.185,72.37728937728937
nhsn,2024-2025,South Dakota,early_sep_mar,Early Sep-Mar,2025-03,0.09198963433725366,0.07877332121807133,0.12500891612903228,38.21794871794872
nhsn,2024-2025,South Dakota,early_sep_mar,Early Sep-Mar,2025-04,0.0,0.0,0.0,7.316849816849817
nhsn,2024-2025,South Dakota,early_sep_mar,Early Sep-Mar,2025-05,0.0,0.0,0.0,2.1410256410256414
nhsn,2024-2025,South Dakota,early_sep_mar,Early Sep-Mar,2025-06,0.0,0.0,0.0,0.10256410256410256
nhsn,2024-2025,South Dakota,extended_sep_apr,Extended Sep-Apr,2024-01,0.0,0.0,0.0,3.302197802197802
nhsn,2024-2025,South Dakota,extended_sep_apr,Extended Sep-Apr,2024-02,0.0,0.027053337457123735,0.034001724137931025,21.580586080586087
nhsn,2024-2025,South Dakota,extended_sep_apr,Extended Sep-Apr,2024-03,0.14720113123915693,0.14441506749414945,0.1814790322580645,65.51282051282051
nhsn,2024-2025,South Dakota,extended_sep_apr,Extended Sep-Apr,2024-04,0.14716354990830496,0.14500359526511403,0.18499999999999991,93.06776556776556
nhsn,2024-2025,South Dakota,extended_sep_apr,Extended Sep-Apr,2024-05,0.14184021074698383,0.1403584476300101,0.18499999999999997,101.58974358974358
nhsn,2024-2025,South Dakota,extended_sep_apr,Extended Sep-Apr,2024-06,0.14433051107513176,0.14157945942381575,0.18499999999999991,100.28205128205127
nhsn,2024-2025,South Dakota,extended_sep_apr,Extended Sep-Apr,2024-07,0.1365638180631629,0.13508736569267096,0.18499999999999997,103.73076923076921
nhsn,2024-2025,South Dakota,extended_sep_apr,Extended Sep-Apr,2024-08,0.13152623381216486,0.1307439656915035,0.18499999999999997,103.73076923076921
nhsn,2024-2025,South Dakota,extended_sep_apr,Extended Sep-Apr,2024-09,0.14059056238780376,0.13884706367306493,0.18499999999999997,100.38461538461542
nhsn,2024-2025,South Dakota,extended_sep_apr,Extended Sep-Apr,2024-10,0.14476412488660767,0.14524422742562795,0.185,103.62820512820514
nhsn,2024-2025,South Dakota,extended_sep_apr,Extended Sep-Apr,2024-11,0.14815025360793055,0.1480511292451348,0.18499999999999997,100.0
nhsn,2024-2025,South Dakota,extended_sep_apr,Extended Sep-Apr,2024-12,0.1489313193899124,0.14881910681491345,0.185,102.80952380952382
nhsn,2024-2025,South Dakota,extended_sep_apr,Extended Sep-Apr,2025-01,0.1499393084701815,0.1435137232871245,0.185,100.16300366300366
nhsn,2024-2025,South Dakota,extended_sep_apr,Extended Sep-Apr,2025-02,0.13025853372772983,0.12282155004936542,0.185,72.37728937728937
nhsn,2024-2025,South Dakota,extended_sep_apr,Extended Sep-Apr,2025-03,0.09198963433725366,0.09350835180383718,0.185,38.21794871794872
nhsn,2024-2025,South Dakota,extended_sep_apr,Extended Sep-Apr,2025-04,0.0847664992877493,0.07371270958602823,0.12300921333333335,7.316849816849817
nhsn,2024-2025,South Dakota,extended_sep_apr,Extended Sep-Apr,2025-05,0.0,0.0,0.0,2.1410256410256414
nhsn,2024-2025,South Dakota,extended_sep_apr,Extended Sep-Apr,2025-06,0.0,0.0,0.0,0.10256410256410256
nhsn,2024-2025,South Dakota,late_oct_apr,Late Oct-Apr,2024-01,0.0,0.0,0.0,3.302197802197802
nhsn,2024-2025,South Dakota,late_oct_apr,Late Oct-Apr,2024-02,0.0,0.0,0.0,21.580586080586087
nhsn,2024-2025,South Dakota,late_oct_apr,Late Oct-Apr,2024-03,0.0,0.027310284074368873,0.03425483870967742,65.51282051282051
nhsn,2024-2025,South Dakota,late_oct_apr,Late Oct-Apr,2024-04,0.14728149341439606,0.14726370696126967,0.18499999999999991,93.06776556776556
nhsn,2024-2025,South Dakota,late_oct_apr,Late Oct-Apr,2024-05,0.14748863028089235,0.14714607080371866,0.18499999999999997,101.58974358974358
nhsn,2024-2025,South Dakota,late_oct_apr,Late Oct-Apr,2024-06,0.14450859516345724,0.144730388899996,0.18499999999999991,100.28205128205127
nhsn,2024-2025,South Dakota,late_oct_apr,Late Oct-Apr,2024-07,0.14746402633381944,0.14656002522287995,0.18499999999999997,103.73076923076921
nhsn,2024-2025,South Dakota,late_oct_apr,Late Oct-Apr,2024-08,0.14427698250791354,0.14397552435884475,0.18499999999999997,103.73076923076921
nhsn,2024-2025,South Dakota,late_oct_apr,Late Oct-Apr,2024-09,0.1431110380309346,0.1433499160947137,0.18499999999999991,100.38461538461537
nhsn,2024-2025,South Dakota,late_oct_apr,Late Oct-Apr,2024-10,0.14476412488660767,0.14524422742562795,0.185,103.62820512820514
nhsn,2024-2025,South Dakota,late_oct_apr,Late Oct-Apr,2024-11,0.14815025360793055,0.1480511292451348,0.18499999999999997,100.0
nhsn,2024-2025,South Dakota,late_oct_apr,Late Oct-Apr,2024-12,0.1489313193899124,0.14881910681491345,0.185,102.80952380952382
nhsn,2024-2025,South Dakota,late_oct_apr,Late Oct-Apr,2025-01,0.1499393084701815,0.1435137232871245,0.185,100.16300366300366
nhsn,2024-2025,South Dakota,late_oct_apr,Late Oct-Apr,2025-02,0.13025853372772983,0.12282155004936542,0.185,72.37728937728937
nhsn,2024-2025,South Dakota,late_oct_apr,Late Oct-Apr,2025-03,0.09198963433725366,0.09350835180383718,0.185,38.21794871794872
nhsn,2024-2025,South Dakota,late_oct_apr,Late Oct-Apr,2025-04,0.0847664992877493,0.07371270958602823,0.12300921333333335,7.316849816849817
nhsn,2024-2025,South Dakota,late_oct_apr,Late Oct-Apr,2025-05,0.0,0.0,0.0,2.1410256410256414
nhsn,2024-2025,South Dakota,late_oct_apr,Late Oct-Apr,2025-06,0.0,0.0,0.0,0.10256410256410256
nhsn,2024-2025,Tennessee,baseline_oct_mar,Baseline Oct-Mar,2024-01,0.0,0.0,0.0,439.8754578754578
nhsn,2024-2025,Tennessee,baseline_oct_mar,Baseline Oct-Mar,2024-02,0.0,0.0,0.0,497.41208791208794
nhsn,2024-2025,Tennessee,baseline_oct_mar,Baseline Oct-Mar,2024-03,0.0,0.027683258006625706,0.03425483870967742,567.3058608058608
nhsn,2024-2025,Tennessee,baseline_oct_mar,Baseline Oct-Mar,2024-04,0.15047465901305176,0.14958062007326395,0.18499999999999991,569.9230769230769
nhsn,2024-2025,Tennessee,baseline_oct_mar,Baseline Oct-Mar,2024-05,0.13684490475992261,0.13632290253750132,0.18499999999999997,601.217948717949
nhsn,2024-2025,Tennessee,baseline_oct_mar,Baseline Oct-Mar,2024-06,0.1487780884393566,0.1481689852781594,0.18499999999999991,587.948717948718
nhsn,2024-2025,Tennessee,baseline_oct_mar,Baseline Oct-Mar,2024-07,0.13677148084834828,0.13602377184449313,0.18499999999999997,608.4743589743591
nhsn,2024-2025,Tennessee,baseline_oct_mar,Baseline Oct-Mar,2024-08,0.1483347584603509,0.14837891637220157,0.18499999999999997,608.4743589743591
nhsn,2024-2025,Tennessee,baseline_oct_mar,Baseline Oct-Mar,2024-09,0.14690152850806934,0.1471834712143141,0.18499999999999991,588.846153846154
nhsn,2024-2025,Tennessee,baseline_oct_mar,Baseline Oct-Mar,2024-10,0.14809109645481888,0.1463216272705347,0.185,607.9175824175825
nhsn,2024-2025,Tennessee,baseline_oct_mar,Baseline Oct-Mar,2024-11,0.1399255921294392,0.1354659269637713,0.18499999999999997,530.467032967033
nhsn,2024-2025,Tennessee,baseline_oct_mar,Baseline Oct-Mar,2024-12,0.1205751149144973,0.11427466693757929,0.185,373.2472527472528
nhsn,2024-2025,Tennessee,baseline_oct_mar,Baseline Oct-Mar,2025-01,0.12241412528051658,0.11754723544596533,0.185,152.38095238095238
nhsn,2024-2025,Tennessee,baseline_oct_mar,Baseline Oct-Mar,2025-02,0.12461082445409745,0.12108958734725297,0.185,68.39560439560441
nhsn,2024-2025,Tennessee,baseline_oct_mar,Baseline Oct-Mar,2025-03,0.12491702777657127,0.08991173628395616,0.12500891612903228,41.16849816849816
nhsn,2024-2025,Tennessee,baseline_oct_mar,Baseline Oct-Mar,2025-04,0.0,0.0,0.0,18.923076923076923
nhsn,2024-2025,Tennessee,baseline_oct_mar,Baseline Oct-Mar,2025-05,0.0,0.0,0.0,7.2564102564102555
nhsn,2024-2025,Tennessee,baseline_oct_mar,Baseline Oct-Mar,2025-06,0.0,0.0,0.0,0.8974358974358972
nhsn,2024-2025,Tennessee,early_sep_mar,Early Sep-Mar,2024-01,0.0,0.0,0.0,439.8754578754578
nhsn,2024-2025,Tennessee,early_sep_mar,Early Sep-Mar,2024-02,0.0,0.027221184527314198,0.034001724137931025,497.41208791208794
nhsn,2024-2025,Tennessee,early_sep_mar,Early Sep-Mar,2024-03,0.14837725841329516,0.14573575782052653,0.1814790322580645,567.3058608058608
nhsn,2024-2025,Tennessee,early_sep_mar,Early Sep-Mar,2024-04,0.15047465901305176,0.14966414829864097,0.18499999999999991,569.9230769230769
nhsn,2024-2025,Tennessee,early_sep_mar,Early Sep-Mar,2024-05,0.14573782723989628,0.14591600021129184,0.18499999999999997,601.217948717949
nhsn,2024-2025,Tennessee,early_sep_mar,Early Sep-Mar,2024-06,0.14877130490310217,0.14770307112659256,0.18499999999999991,587.948717948718
nhsn,2024-2025,Tennessee,early_sep_mar,Early Sep-Mar,2024-07,0.14304958869739012,0.14333613605830509,0.18499999999999997,608.4743589743591
nhsn,2024-2025,Tennessee,early_sep_mar,Early Sep-Mar,2024-08,0.14212005368765787,0.14219551117502588,0.18499999999999997,608.4743589743591
nhsn,2024-2025,Tennessee,early_sep_mar,Early Sep-Mar,2024-09,0.1448267108430433,0.14488347948831748,0.18499999999999997,588.8461538461538
nhsn,2024-2025,Tennessee,early_sep_mar,Early Sep-Mar,2024-10,0.14809109645481888,0.1463216272705347,0.185,607.9175824175825
nhsn,2024-2025,Tennessee,early_sep_mar,Early Sep-Mar,2024-11,0.1399255921294392,0.1354659269637713,0.18499999999999997,530.467032967033
nhsn,2024-2025,Tennessee,early_sep_mar,Early Sep-Mar,2024-12,0.1205751149144973,0.11427466693757929,0.185,373.2472527472528
nhsn,2024-2025,Tennessee,early_sep_mar,Early Sep-Mar,2025-01,0.12241412528051658,0.11754723544596533,0.185,152.38095238095238
nhsn,2024-2025,Tennessee,early_sep_mar,Early Sep-Mar,2025-02,0.12461082445409745,0.12108958734725297,0.185,68.39560439560441
nhsn,2024-2025,Tennessee,early_sep_mar,Early Sep-Mar,2025-03,0.12491702777657127,0.08991173628395616,0.12500891612903228,41.16849816849816
nhsn,2024-2025,Tennessee,early_sep_mar,Early Sep-Mar,2025-04,0.0,0.0,0.0,18.923076923076923
nhsn,2024-2025,Tennessee,early_sep_mar,Early Sep-Mar,2025-05,0.0,0.0,0.0,7.2564102564102555
nhsn,2024-2025,Tennessee,early_sep_mar,Early Sep-Mar,2025-06,0.0,0.0,0.0,0.8974358974358972
nhsn,2024-2025,Tennessee,extended_sep_apr,Extended Sep-Apr,2024-01,0.0,0.0,0.0,439.8754578754578
nhsn,2024-2025,Tennessee,extended_sep_apr,Extended Sep-Apr,2024-02,0.0,0.027221184527314198,0.034001724137931025,497.41208791208794
nhsn,2024-2025,Tennessee,extended_sep_apr,Extended Sep-Apr,2024-03,0.14837725841329516,0.14573575782052653,0.1814790322580645,567.3058608058608
nhsn,2024-2025,Tennessee,extended_sep_apr,Extended Sep-Apr,2024-04,0.15047465901305176,0.14966414829864097,0.18499999999999991,569.9230769230769
nhsn,2024-2025,Tennessee,extended_sep_apr,Extended Sep-Apr,2024-05,0.14573782723989628,0.14591600021129184,0.18499999999999997,601.217948717949
nhsn,2024-2025,Tennessee,extended_sep_apr,Extended Sep-Apr,2024-06,0.14877130490310217,0.14770307112659256,0.18499999999999991,587.948717948718
nhsn,2024-2025,Tennessee,extended_sep_apr,Extended Sep-Apr,2024-07,0.14304958869739012,0.14333613605830509,0.18499999999999997,608.4743589743591
nhsn,2024-2025,Tennessee,extended_sep_apr,Extended Sep-Apr,2024-08,0.14212005368765787,0.14219551117502588,0.18499999999999997,608.4743589743591
nhsn,2024-2025,Tennessee,extended_sep_apr,Extended Sep-Apr,2024-09,0.1448267108430433,0.14488347948831748,0.18499999999999997,588.8461538461538
nhsn,2024-2025,Tennessee,extended_sep_apr,Extended Sep-Apr,2024-10,0.14809109645481888,0.1463216272705347,0.185,607.9175824175825
nhsn,2024-2025,Tennessee,extended_sep_apr,Extended Sep-Apr,2024-11,0.1399255921294392,0.1354659269637713,0.18499999999999997,530.467032967033
nhsn,2024-2025,Tennessee,extended_sep_apr,Extended Sep-Apr,2024-12,0.1205751149144973,0.11427466693757929,0.185,373.2472527472528
nhsn,2024-2025,Tennessee,extended_sep_apr,Extended Sep-Apr,2025-01,0.12241412528051658,0.11754723544596533,0.185,152.38095238095238
nhsn,2024-2025,Tennessee,extended_sep_apr,Extended Sep-Apr,2025-02,0.12461082445409745,0.12108958734725297,0.185,68.39560439560441
nhsn,2024-2025,Tennessee,extended_sep_apr,Extended Sep-Apr,2025-03,0.1255643834463409,0.1194175956878415,0.185,41.16849816849816
nhsn,2024-2025,Tennessee,extended_sep_apr,Extended Sep-Apr,2025-04,0.11006474696403341,0.08447197945371135,0.12300921333333335,18.923076923076923
nhsn,2024-2025,Tennessee,extended_sep_apr,Extended Sep-Apr,2025-05,0.0,0.0,0.0,7.2564102564102555
nhsn,2024-2025,Tennessee,extended_sep_apr,Extended Sep-Apr,2025-06,0.0,0.0,0.0,0.8974358974358972
nhsn,2024-2025,Tennessee,late_oct_apr,Late Oct-Apr,2024-01,0.0,0.0,0.0,439.8754578754578
nhsn,2024-2025,Tennessee,late_oct_apr,Late Oct-Apr,2024-02,0.0,0.0,0.0,497.41208791208794
nhsn,2024-2025,Tennessee,late_oct_apr,Late Oct-Apr,2024-03,0.0,0.027683258006625706,0.03425483870967742,567.3058608058608
nhsn,2024-2025,Tennessee,late_oct_apr,Late Oct-Apr,2024-04,0.15047465901305176,0.14958062007326395,0.18499999999999991,569.9230769230769
nhsn,2024-2025,Tennessee,late_oct_apr,Late Oct-Apr,2024-05,0.13684490475992261,0.13632290253750132,0.18499999999999997,601.217948717949
nhsn,2024-2025,Tennessee,late_oct_apr,Late Oct-Apr,2024-06,0.1487780884393566,0.1481689852781594,0.18499999999999991,587.948717948718
nhsn,2024-2025,Tennessee,late_oct_apr,Late Oct-Apr,2024-07,0.13677148084834828,0.13602377184449313,0.18499999999999997,608.4743589743591
nhsn,2024-2025,Tennessee,late_oct_apr,Late Oct-Apr,2024-08,0.1483347584603509,0.14837891637220157,0.18499999999999997,608.4743589743591
nhsn,2024-2025,Tennessee,late_oct_apr,Late Oct-Apr,2024-09,0.14690152850806934,0.1471834712143141,0.18499999999999991,588.846153846154
nhsn,2024-2025,Tennessee,late_oct_apr,Late Oct-Apr,2024-10,0.14809109645481888,0.1463216272705347,0.185,607.9175824175825
nhsn,2024-2025,Tennessee,late_oct_apr,Late Oct-Apr,2024-11,0.1399255921294392,0.1354659269637713,0.18499999999999997,530.467032967033
nhsn,2024-2025,Tennessee,late_oct_apr,Late Oct-Apr,2024-12,0.1205751149144973,0.11427466693757929,0.185,373.2472527472528
nhsn,2024-2025,Tennessee,late_oct_apr,Late Oct-Apr,2025-01,0.12241412528051658,0.11754723544596533,0.185,152.38095238095238
nhsn,2024-2025,Tennessee,late_oct_apr,Late Oct-Apr,2025-02,0.12461082445409745,0.12108958734725297,0.185,68.39560439560441
nhsn,2024-2025,Tennessee,late_oct_apr,Late Oct-Apr,2025-03,0.1255643834463409,0.1194175956878415,0.185,41.16849816849816
nhsn,2024-2025,Tennessee,late_oct_apr,Late Oct-Apr,2025-04,0.11006474696403341,0.08447197945371135,0.12300921333333335,18.923076923076923
nhsn,2024-2025,Tennessee,late_oct_apr,Late Oct-Apr,2025-05,0.0,0.0,0.0,7.2564102564102555
nhsn,2024-2025,Tennessee,late_oct_apr,Late Oct-Apr,2025-06,0.0,0.0,0.0,0.8974358974358972
nhsn,2024-2025,Texas,baseline_oct_mar,Baseline Oct-Mar,2024-01,0.0,0.0,0.0,2133.5311355311355
nhsn,2024-2025,Texas,baseline_oct_mar,Baseline Oct-Mar,2024-02,0.0,0.0,0.0,2401.133699633699
nhsn,2024-2025,Texas,baseline_oct_mar,Baseline Oct-Mar,2024-03,0.0,0.02770338404591532,0.03425483870967742,2789.326007326007
nhsn,2024-2025,Texas,baseline_oct_mar,Baseline Oct-Mar,2024-04,0.149459760305484,0.1479182700353113,0.18499999999999991,2800.40293040293
nhsn,2024-2025,Texas,baseline_oct_mar,Baseline Oct-Mar,2024-05,0.13223993779048238,0.13241671881007727,0.18499999999999997,2936.4175824175827
nhsn,2024-2025,Texas,baseline_oct_mar,Baseline Oct-Mar,2024-06,0.1480413802479604,0.14680236988008027,0.18499999999999991,2865.538461538462
nhsn,2024-2025,Texas,baseline_oct_mar,Baseline Oct-Mar,2024-07,0.13194148355646493,0.13199845281348874,0.18499999999999997,2969.2435897435907
nhsn,2024-2025,Texas,baseline_oct_mar,Baseline Oct-Mar,2024-08,0.14761878498612885,0.147582380301358,0.18499999999999997,2969.2435897435907
nhsn,2024-2025,Texas,baseline_oct_mar,Baseline Oct-Mar,2024-09,0.14738438134172077,0.1474220641925926,0.18499999999999991,2873.461538461539
nhsn,2024-2025,Texas,baseline_oct_mar,Baseline Oct-Mar,2024-10,0.14769884496991428,0.14510831442644453,0.185,2946.108058608059
nhsn,2024-2025,Texas,baseline_oct_mar,Baseline Oct-Mar,2024-11,0.1375362217666455,0.1324950133348801,0.18499999999999997,2500.4047619047624
nhsn,2024-2025,Texas,baseline_oct_mar,Baseline Oct-Mar,2024-12,0.11715297962609231,0.11667867575930127,0.185,1661.1703296703295
nhsn,2024-2025,Texas,baseline_oct_mar,Baseline Oct-Mar,2025-01,0.12583243198204702,0.12062019231246851,0.185,757.423076923077
nhsn,2024-2025,Texas,baseline_oct_mar,Baseline Oct-Mar,2025-02,0.12430362494737565,0.11632833935180532,0.185,359.0531135531135
nhsn,2024-2025,Texas,baseline_oct_mar,Baseline Oct-Mar,2025-03,0.11362368640048291,0.08408136621524627,0.12500891612903228,179.91758241758242
nhsn,2024-2025,Texas,baseline_oct_mar,Baseline Oct-Mar,2025-04,0.0,0.0,0.0,73.05860805860806
nhsn,2024-2025,Texas,baseline_oct_mar,Baseline Oct-Mar,2025-05,0.0,0.0,0.0,32.82600732600733
nhsn,2024-2025,Texas,baseline_oct_mar,Baseline Oct-Mar,2025-06,0.0,0.0,0.0,7.9230769230769225
nhsn,2024-2025,Texas,early_sep_mar,Early Sep-Mar,2024-01,0.0,0.0,0.0,2133.5311355311355
nhsn,2024-2025,Texas,early_sep_mar,Early Sep-Mar,2024-02,0.0,0.027242739714175315,0.034001724137931025,2401.133699633699
nhsn,2024-2025,Texas,early_sep_mar,Early Sep-Mar,2024-03,0.14862364071058198,0.14592449745200428,0.1814790322580645,2789.326007326007
nhsn,2024-2025,Texas,early_sep_mar,Early Sep-Mar,2024-04,0.149459760305484,0.14880818708504448,0.18499999999999991,2800.40293040293
nhsn,2024-2025,Texas,early_sep_mar,Early Sep-Mar,2024-05,0.14683028699221973,0.14680414967057082,0.18499999999999997,2936.4175824175827
nhsn,2024-2025,Texas,early_sep_mar,Early Sep-Mar,2024-06,0.1480413802479604,0.14729166012095857,0.18499999999999991,2865.538461538462
nhsn,2024-2025,Texas,early_sep_mar,Early Sep-Mar,2024-07,0.14451332043969953,0.1444961932488346,0.18499999999999997,2969.2435897435907
nhsn,2024-2025,Texas,early_sep_mar,Early Sep-Mar,2024-08,0.14336522497125417,0.14360984031206772,0.18499999999999997,2969.2435897435907
nhsn,2024-2025,Texas,early_sep_mar,Early Sep-Mar,2024-09,0.14576494348216365,0.1456944412362336,0.18499999999999997,2873.461538461538
nhsn,2024-2025,Texas,early_sep_mar,Early Sep-Mar,2024-10,0.14769884496991428,0.14510831442644453,0.185,2946.108058608059
nhsn,2024-2025,Texas,early_sep_mar,Early Sep-Mar,2024-11,0.1375362217666455,0.1324950133348801,0.18499999999999997,2500.4047619047624
nhsn,2024-2025,Texas,early_sep_mar,Early Sep-Mar,2024-12,0.11715297962609231,0.11667867575930127,0.185,1661.1703296703295
nhsn,2024-2025,Texas,early_sep_mar,Early Sep-Mar,2025-01,0.12583243198204702,0.12062019231246851,0.185,757.423076923077
nhsn,2024-2025,Texas,early_sep_mar,Early Sep-Mar,2025-02,0.12430362494737565,0.11632833935180532,0.185,359.0531135531135
nhsn,2024-2025,Texas,early_sep_mar,Early Sep-Mar,2025-03,0.11362368640048291,0.08408136621524627,0.12500891612903228,179.91758241758242
nhsn,2024-2025,Texas,early_sep_mar,Early Sep-Mar,2025-04,0.0,0.0,0.0,73.05860805860806
nhsn,2024-2025,Texas,early_sep_mar,Early Sep-Mar,2025-05,0.0,0.0,0.0,32.82600732600733
nhsn,2024-2025,Texas,early_sep_mar,Early Sep-Mar,2025-06,0.0,0.0,0.0,7.9230769230769225
nhsn,2024-2025,Texas,extended_sep_apr,Extended Sep-Apr,2024-01,0.0,0.0,0.0,2133.5311355311355
nhsn,2024-2025,Texas,extended_sep_apr,Extended Sep-Apr,2024-02,0.0,0.027242739714175315,0.034001724137931025,2401.133699633699
nhsn,2024-2025,Texas,extended_sep_apr,Extended Sep-Apr,2024-03,0.14862364071058198,0.14592449745200428,0.1814790322580645,2789.326007326007
nhsn,2024-2025,Texas,extended_sep_apr,Extended Sep-Apr,2024-04,0.149459760305484,0.14880818708504448,0.18499999999999991,2800.40293040293
nhsn,2024-2025,Texas,extended_sep_apr,Extended Sep-Apr,2024-05,0.14683028699221973,0.14680414967057082,0.18499999999999997,2936.4175824175827
nhsn,2024-2025,Texas,extended_sep_apr,Extended Sep-Apr,2024-06,0.1480413802479604,0.14729166012095857,0.18499999999999991,2865.538461538462
nhsn,2024-2025,Texas,extended_sep_apr,Extended Sep-Apr,2024-07,0.14451332043969953,0.1444961932488346,0.18499999999999997,2969.2435897435907
nhsn,2024-2025,Texas,extended_sep_apr,Extended Sep-Apr,2024-08,0.14336522497125417,0.14360984031206772,0.18499999999999997,2969.2435897435907
nhsn,2024-2025,Texas,extended_sep_apr,Extended Sep-Apr,2024-09,0.14576494348216365,0.1456944412362336,0.18499999999999997,2873.461538461538
nhsn,2024-2025,Texas,extended_sep_apr,Extended Sep-Apr,2024-10,0.14769884496991428,0.14510831442644453,0.185,2946.108058608059
nhsn,2024-2025,Texas,extended_sep_apr,Extended Sep-Apr,2024-11,0.1375362217666455,0.1324950133348801,0.18499999999999997,2500.4047619047624
nhsn,2024-2025,Texas,extended_sep_apr,Extended Sep-Apr,2024-12,0.11715297962609231,0.11667867575930127,0.185,1661.1703296703295
nhsn,2024-2025,Texas,extended_sep_apr,Extended Sep-Apr,2025-01,0.12583243198204702,0.12062019231246851,0.185,757.423076923077
nhsn,2024-2025,Texas,extended_sep_apr,Extended Sep-Apr,2025-02,0.12430362494737565,0.11632833935180532,0.185,359.0531135531135
nhsn,2024-2025,Texas,extended_sep_apr,Extended Sep-Apr,2025-03,0.11444374999884908,0.11213525797003412,0.185,179.91758241758242
nhsn,2024-2025,Texas,extended_sep_apr,Extended Sep-Apr,2025-04,0.11983199521255311,0.08586557310932483,0.12300921333333335,73.05860805860806
nhsn,2024-2025,Texas,extended_sep_apr,Extended Sep-Apr,2025-05,0.0,0.0,0.0,32.82600732600733
nhsn,2024-2025,Texas,extended_sep_apr,Extended Sep-Apr,2025-06,0.0,0.0,0.0,7.9230769230769225
nhsn,2024-2025,Texas,late_oct_apr,Late Oct-Apr,2024-01,0.0,0.0,0.0,2133.5311355311355
nhsn,2024-2025,Texas,late_oct_apr,Late Oct-Apr,2024-02,0.0,0.0,0.0,2401.133699633699
nhsn,2024-2025,Texas,late_oct_apr,Late Oct-Apr,2024-03,0.0,0.02770338404591532,0.03425483870967742,2789.326007326007
nhsn,2024-2025,Texas,late_oct_apr,Late Oct-Apr,2024-04,0.149459760305484,0.1479182700353113,0.18499999999999991,2800.40293040293
nhsn,2024-2025,Texas,late_oct_apr,Late Oct-Apr,2024-05,0.13223993779048238,0.13241671881007727,0.18499999999999997,2936.4175824175827
nhsn,2024-2025,Texas,late_oct_apr,Late Oct-Apr,2024-06,0.1480413802479604,0.14680236988008027,0.18499999999999991,2865.538461538462
nhsn,2024-2025,Texas,late_oct_apr,Late Oct-Apr,2024-07,0.13194148355646493,0.13199845281348874,0.18499999999999997,2969.2435897435907
nhsn,2024-2025,Texas,late_oct_apr,Late Oct-Apr,2024-08,0.14761878498612885,0.147582380301358,0.18499999999999997,2969.2435897435907
nhsn,2024-2025,Texas,late_oct_apr,Late Oct-Apr,2024-09,0.14738438134172077,0.1474220641925926,0.18499999999999991,2873.461538461539
nhsn,2024-2025,Texas,late_oct_apr,Late Oct-Apr,2024-10,0.14769884496991428,0.14510831442644453,0.185,2946.108058608059
nhsn,2024-2025,Texas,late_oct_apr,Late Oct-Apr,2024-11,0.1375362217666455,0.1324950133348801,0.18499999999999997,2500.4047619047624
nhsn,2024-2025,Texas,late_oct_apr,Late Oct-Apr,2024-12,0.11715297962609231,0.11667867575930127,0.185,1661.1703296703295
nhsn,2024-2025,Texas,late_oct_apr,Late Oct-Apr,2025-01,0.12583243198204702,0.12062019231246851,0.185,757.423076923077
nhsn,2024-2025,Texas,late_oct_apr,Late Oct-Apr,2025-02,0.12430362494737565,0.11632833935180532,0.185,359.0531135531135
nhsn,2024-2025,Texas,late_oct_apr,Late Oct-Apr,2025-03,0.11444374999884908,0.11213525797003412,0.185,179.91758241758242
nhsn,2024-2025,Texas,late_oct_apr,Late Oct-Apr,2025-04,0.11983199521255311,0.08586557310932483,0.12300921333333335,73.05860805860806
nhsn,2024-2025,Texas,late_oct_apr,Late Oct-Apr,2025-05,0.0,0.0,0.0,32.82600732600733
nhsn,2024-2025,Texas,late_oct_apr,Late Oct-Apr,2025-06,0.0,0.0,0.0,7.9230769230769225
nhsn,2024-2025,Utah,baseline_oct_mar,Baseline Oct-Mar,2024-01,0.0,0.0,0.0,111.3131868131868
nhsn,2024-2025,Utah,baseline_oct_mar,Baseline Oct-Mar,2024-02,0.0,0.0,0.0,286.4542124542125
nhsn,2024-2025,Utah,baseline_oct_mar,Baseline Oct-Mar,2024-03,0.0,0.027375320970429745,0.03425483870967742,506.7472527472528
nhsn,2024-2025,Utah,baseline_oct_mar,Baseline Oct-Mar,2024-04,0.14792185111984543,0.14789350722936465,0.18499999999999991,559.5018315018315
nhsn,2024-2025,Utah,baseline_oct_mar,Baseline Oct-Mar,2024-05,0.1476392275449905,0.14746177324691698,0.18499999999999997,589.3534798534799
nhsn,2024-2025,Utah,baseline_oct_mar,Baseline Oct-Mar,2024-06,0.14700372713187923,0.14682896738306134,0.18499999999999991,574.9615384615385
nhsn,2024-2025,Utah,baseline_oct_mar,Baseline Oct-Mar,2024-07,0.14747532339404082,0.14711891076839526,0.18499999999999997,594.9615384615385
nhsn,2024-2025,Utah,baseline_oct_mar,Baseline Oct-Mar,2024-08,0.14656196586179351,0.14638732223218845,0.18499999999999997,594.9615384615385
nhsn,2024-2025,Utah,baseline_oct_mar,Baseline Oct-Mar,2024-09,0.1456928174057072,0.14583257880539452,0.18499999999999991,575.7692307692308
nhsn,2024-2025,Utah,baseline_oct_mar,Baseline Oct-Mar,2024-10,0.14700901129998925,0.14681632304610148,0.185,594.8699633699634
nhsn,2024-2025,Utah,baseline_oct_mar,Baseline Oct-Mar,2024-11,0.1486934145730398,0.14838580095852855,0.18499999999999997,571.2069597069598
nhsn,2024-2025,Utah,baseline_oct_mar,Baseline Oct-Mar,2024-12,0.14764499928343858,0.14372748267721272,0.185,572.9468864468865
nhsn,2024-2025,Utah,baseline_oct_mar,Baseline Oct-Mar,2025-01,0.1390342971812776,0.13137552418716503,0.185,477.503663003663
nhsn,2024-2025,Utah,baseline_oct_mar,Baseline Oct-Mar,2025-02,0.11044671948760065,0.10539889001383773,0.185,257.07509157509156
nhsn,2024-2025,Utah,baseline_oct_mar,Baseline Oct-Mar,2025-03,0.08755368962888964,0.0736880042988227,0.12500891612903228,88.21428571428572
nhsn,2024-2025,Utah,baseline_oct_mar,Baseline Oct-Mar,2025-04,0.0,0.0,0.0,16.26739926739927
nhsn,2024-2025,Utah,baseline_oct_mar,Baseline Oct-Mar,2025-05,0.0,0.0,0.0,5.6080586080586095
nhsn,2024-2025,Utah,baseline_oct_mar,Baseline Oct-Mar,2025-06,0.0,0.0,0.0,0.8076923076923077
nhsn,2024-2025,Utah,early_sep_mar,Early Sep-Mar,2024-01,0.0,0.0,0.0,111.3131868131868
nhsn,2024-2025,Utah,early_sep_mar,Early Sep-Mar,2024-02,0.0,0.02709040266270003,0.034001724137931025,286.4542124542125
nhsn,2024-2025,Utah,early_sep_mar,Early Sep-Mar,2024-03,0.1474897553856432,0.14469843393737264,0.1814790322580645,506.7472527472528
nhsn,2024-2025,Utah,early_sep_mar,Early Sep-Mar,2024-04,0.14792185111984543,0.147213952523663,0.18499999999999991,559.5018315018315
nhsn,2024-2025,Utah,early_sep_mar,Early Sep-Mar,2024-05,0.1453995885389596,0.14496560116609108,0.18499999999999997,589.3534798534799
nhsn,2024-2025,Utah,early_sep_mar,Early Sep-Mar,2024-06,0.14671677663037747,0.14573654354739793,0.18499999999999991,574.9615384615385
nhsn,2024-2025,Utah,early_sep_mar,Early Sep-Mar,2024-07,0.14333292137254866,0.14280063061875334,0.18499999999999997,594.9615384615385
nhsn,2024-2025,Utah,early_sep_mar,Early Sep-Mar,2024-08,0.1417945762433959,0.14142418228630294,0.18499999999999997,594.9615384615385
nhsn,2024-2025,Utah,early_sep_mar,Early Sep-Mar,2024-09,0.14445378080169663,0.14413891672643928,0.18499999999999997,575.7692307692308
nhsn,2024-2025,Utah,early_sep_mar,Early Sep-Mar,2024-10,0.14700901129998925,0.14681632304610148,0.185,594.8699633699634
nhsn,2024-2025,Utah,early_sep_mar,Early Sep-Mar,2024-11,0.1486934145730398,0.14838580095852855,0.18499999999999997,571.2069597069598
nhsn,2024-2025,Utah,early_sep_mar,Early Sep-Mar,2024-12,0.14764499928343858,0.14372748267721272,0.185,572.9468864468865
nhsn,2024-2025,Utah,early_sep_mar,Early Sep-Mar,2025-01,0.1390342971812776,0.13137552418716503,0.185,477.503663003663
nhsn,2024-2025,Utah,early_sep_mar,Early Sep-Mar,2025-02,0.11044671948760065,0.10539889001383773,0.185,257.07509157509156
nhsn,2024-2025,Utah,early_sep_mar,Early Sep-Mar,2025-03,0.08755368962888964,0.0736880042988227,0.12500891612903228,88.21428571428572
nhsn,2024-2025,Utah,early_sep_mar,Early Sep-Mar,2025-04,0.0,0.0,0.0,16.26739926739927
nhsn,2024-2025,Utah,early_sep_mar,Early Sep-Mar,2025-05,0.0,0.0,0.0,5.6080586080586095
nhsn,2024-2025,Utah,early_sep_mar,Early Sep-Mar,2025-06,0.0,0.0,0.0,0.8076923076923077
nhsn,2024-2025,Utah,extended_sep_apr,Extended Sep-Apr,2024-01,0.0,0.0,0.0,111.3131868131868
nhsn,2024-2025,Utah,extended_sep_apr,Extended Sep-Apr,2024-02,0.0,0.02709040266270003,0.034001724137931025,286.4542124542125
nhsn,2024-2025,Utah,extended_sep_apr,Extended Sep-Apr,2024-03,0.1474897553856432,0.14469843393737264,0.1814790322580645,506.7472527472528
nhsn,2024-2025,Utah,extended_sep_apr,Extended Sep-Apr,2024-04,0.14792185111984543,0.147213952523663,0.18499999999999991,559.5018315018315
nhsn,2024-2025,Utah,extended_sep_apr,Extended Sep-Apr,2024-05,0.1453995885389596,0.14496560116609108,0.18499999999999997,589.3534798534799
nhsn,2024-2025,Utah,extended_sep_apr,Extended Sep-Apr,2024-06,0.14671677663037747,0.14573654354739793,0.18499999999999991,574.9615384615385
nhsn,2024-2025,Utah,extended_sep_apr,Extended Sep-Apr,2024-07,0.14333292137254866,0.14280063061875334,0.18499999999999997,594.9615384615385
nhsn,2024-2025,Utah,extended_sep_apr,Extended Sep-Apr,2024-08,0.1417945762433959,0.14142418228630294,0.18499999999999997,594.9615384615385
nhsn,2024-2025,Utah,extended_sep_apr,Extended Sep-Apr,2024-09,0.14445378080169663,0.14413891672643928,0.18499999999999997,575.7692307692308
nhsn,2024-2025,Utah,extended_sep_apr,Extended Sep-Apr,2024-10,0.14700901129998925,0.14681632304610148,0.185,594.8699633699634
nhsn,2024-2025,Utah,extended_sep_apr,Extended Sep-Apr,2024-11,0.1486934145730398,0.14838580095852855,0.18499999999999997,571.2069597069598
nhsn,2024-2025,Utah,extended_sep_apr,Extended Sep-Apr,2024-12,0.14764499928343858,0.14372748267721272,0.185,572.9468864468865
nhsn,2024-2025,Utah,extended_sep_apr,Extended Sep-Apr,2025-01,0.1390342971812776,0.13137552418716503,0.185,477.503663003663
nhsn,2024-2025,Utah,extended_sep_apr,Extended Sep-Apr,2025-02,0.11044671948760065,0.10539889001383773,0.185,257.07509157509156
nhsn,2024-2025,Utah,extended_sep_apr,Extended Sep-Apr,2025-03,0.08755368962888964,0.0892699482290546,0.185,88.21428571428572
nhsn,2024-2025,Utah,extended_sep_apr,Extended Sep-Apr,2025-04,0.10049922311148926,0.08189167678506926,0.12300921333333335,16.26739926739927
nhsn,2024-2025,Utah,extended_sep_apr,Extended Sep-Apr,2025-05,0.0,0.0,0.0,5.6080586080586095
nhsn,2024-2025,Utah,extended_sep_apr,Extended Sep-Apr,2025-06,0.0,0.0,0.0,0.8076923076923077
nhsn,2024-2025,Utah,late_oct_apr,Late Oct-Apr,2024-01,0.0,0.0,0.0,111.3131868131868
nhsn,2024-2025,Utah,late_oct_apr,Late Oct-Apr,2024-02,0.0,0.0,0.0,286.4542124542125
nhsn,2024-2025,Utah,late_oct_apr,Late Oct-Apr,2024-03,0.0,0.027375320970429745,0.03425483870967742,506.7472527472528
nhsn,2024-2025,Utah,late_oct_apr,Late Oct-Apr,2024-04,0.14792185111984543,0.14789350722936465,0.18499999999999991,559.5018315018315
nhsn,2024-2025,Utah,late_oct_apr,Late Oct-Apr,2024-05,0.1476392275449905,0.14746177324691698,0.18499999999999997,589.3534798534799
nhsn,2024-2025,Utah,late_oct_apr,Late Oct-Apr,2024-06,0.14700372713187923,0.14682896738306134,0.18499999999999991,574.9615384615385
nhsn,2024-2025,Utah,late_oct_apr,Late Oct-Apr,2024-07,0.14747532339404082,0.14711891076839526,0.18499999999999997,594.9615384615385
nhsn,2024-2025,Utah,late_oct_apr,Late Oct-Apr,2024-08,0.14656196586179351,0.14638732223218845,0.18499999999999997,594.9615384615385
nhsn,2024-2025,Utah,late_oct_apr,Late Oct-Apr,2024-09,0.1456928174057072,0.14583257880539452,0.18499999999999991,575.7692307692308
nhsn,2024-2025,Utah,late_oct_apr,Late Oct-Apr,2024-10,0.14700901129998925,0.14681632304610148,0.185,594.8699633699634
nhsn,2024-2025,Utah,late_oct_apr,Late Oct-Apr,2024-11,0.1486934145730398,0.14838580095852855,0.18499999999999997,571.2069597069598
nhsn,2024-2025,Utah,late_oct_apr,Late Oct-Apr,2024-12,0.14764499928343858,0.14372748267721272,0.185,572.9468864468865
nhsn,2024-2025,Utah,late_oct_apr,Late Oct-Apr,2025-01,0.1390342971812776,0.13137552418716503,0.185,477.503663003663
nhsn,2024-2025,Utah,late_oct_apr,Late Oct-Apr,2025-02,0.11044671948760065,0.10539889001383773,0.185,257.07509157509156
nhsn,2024-2025,Utah,late_oct_apr,Late Oct-Apr,2025-03,0.08755368962888964,0.0892699482290546,0.185,88.21428571428572
nhsn,2024-2025,Utah,late_oct_apr,Late Oct-Apr,2025-04,0.10049922311148926,0.08189167678506926,0.12300921333333335,16.26739926739927
nhsn,2024-2025,Utah,late_oct_apr,Late Oct-Apr,2025-05,0.0,0.0,0.0,5.6080586080586095
nhsn,2024-2025,Utah,late_oct_apr,Late Oct-Apr,2025-06,0.0,0.0,0.0,0.8076923076923077
nhsn,2024-2025,Vermont,baseline_oct_mar,Baseline Oct-Mar,2024-01,0.0,0.0,0.0,9.917582417582418
nhsn,2024-2025,Vermont,baseline_oct_mar,Baseline Oct-Mar,2024-02,0.0,0.0,0.0,16.531135531135533
nhsn,2024-2025,Vermont,baseline_oct_mar,Baseline Oct-Mar,2024-03,0.0,0.027473257608308474,0.03425483870967742,21.24542124542124
nhsn,2024-2025,Vermont,baseline_oct_mar,Baseline Oct-Mar,2024-04,0.14885806175791422,0.14898039876328206,0.18499999999999991,23.14835164835165
nhsn,2024-2025,Vermont,baseline_oct_mar,Baseline Oct-Mar,2024-05,0.1473129549160517,0.14713309233490238,0.18499999999999997,24.64102564102564
nhsn,2024-2025,Vermont,baseline_oct_mar,Baseline Oct-Mar,2024-06,0.1488195373014083,0.14891541095455618,0.18499999999999991,23.846153846153843
nhsn,2024-2025,Vermont,baseline_oct_mar,Baseline Oct-Mar,2024-07,0.1473129549160517,0.14713309233490238,0.18499999999999997,24.64102564102564
nhsn,2024-2025,Vermont,baseline_oct_mar,Baseline Oct-Mar,2024-08,0.14856156034288293,0.14869588305762915,0.18499999999999997,24.64102564102564
nhsn,2024-2025,Vermont,baseline_oct_mar,Baseline Oct-Mar,2024-09,0.14819013309271376,0.14827331849463973,0.18499999999999991,23.846153846153843
nhsn,2024-2025,Vermont,baseline_oct_mar,Baseline Oct-Mar,2024-10,0.1488195373014083,0.1488122175170823,0.185,24.64102564102564
nhsn,2024-2025,Vermont,baseline_oct_mar,Baseline Oct-Mar,2024-11,0.14722680778898523,0.14290470266312963,0.18499999999999997,23.333333333333336
nhsn,2024-2025,Vermont,baseline_oct_mar,Baseline Oct-Mar,2024-12,0.13808370784513502,0.1357780681100702,0.185,19.893772893772894
nhsn,2024-2025,Vermont,baseline_oct_mar,Baseline Oct-Mar,2025-01,0.13280708291708293,0.12018645763958855,0.185,14.256410256410255
nhsn,2024-2025,Vermont,baseline_oct_mar,Baseline Oct-Mar,2025-02,0.12381721398601397,0.11924942122981314,0.185,6.192307692307692
nhsn,2024-2025,Vermont,baseline_oct_mar,Baseline Oct-Mar,2025-03,0.11988328402366864,0.08843919545507174,0.12500891612903228,3.395604395604396
nhsn,2024-2025,Vermont,baseline_oct_mar,Baseline Oct-Mar,2025-04,0.0,0.0,0.0,0.6978021978021978
nhsn,2024-2025,Vermont,baseline_oct_mar,Baseline Oct-Mar,2025-05,,,0.0,0.0
nhsn,2024-2025,Vermont,baseline_oct_mar,Baseline Oct-Mar,2025-06,,,0.0,0.0
nhsn,2024-2025,Vermont,early_sep_mar,Early Sep-Mar,2024-01,0.0,0.0,0.0,9.917582417582418
nhsn,2024-2025,Vermont,early_sep_mar,Early Sep-Mar,2024-02,0.0,0.027152628289307666,0.034001724137931025,16.531135531135533
nhsn,2024-2025,Vermont,early_sep_mar,Early Sep-Mar,2024-03,0.14789389427987745,0.14511923945646227,0.1814790322580645,21.24542124542124
nhsn,2024-2025,Vermont,early_sep_mar,Early Sep-Mar,2024-04,0.14867134935347673,0.1472241320274647,0.18499999999999991,23.14835164835165
nhsn,2024-2025,Vermont,early_sep_mar,Early Sep-Mar,2024-05,0.1449859493087558,0.14426713278696854,0.18499999999999997,24.64102564102564
nhsn,2024-2025,Vermont,early_sep_mar,Early Sep-Mar,2024-06,0.14856156034288293,0.1469688738703393,0.18499999999999991,23.846153846153843
nhsn,2024-2025,Vermont,early_sep_mar,Early Sep-Mar,2024-07,0.1432057408881441,0.14261000295141385,0.18499999999999997,24.64102564102564
nhsn,2024-2025,Vermont,early_sep_mar,Early Sep-Mar,2024-08,0.1403598255131965,0.1396851981290146,0.18499999999999997,24.64102564102564
nhsn,2024-2025,Vermont,early_sep_mar,Early Sep-Mar,2024-09,0.1464109530791789,0.14516289621433412,0.18499999999999997,23.846153846153847
nhsn,2024-2025,Vermont,early_sep_mar,Early Sep-Mar,2024-10,0.1488195373014083,0.1488122175170823,0.185,24.64102564102564
nhsn,2024-2025,Vermont,early_sep_mar,Early Sep-Mar,2024-11,0.14722680778898523,0.14290470266312963,0.18499999999999997,23.333333333333336
nhsn,2024-2025,Vermont,early_sep_mar,Early Sep-Mar,2024-12,0.13808370784513502,0.1357780681100702,0.185,19.893772893772894
nhsn,2024-2025,Vermont,early_sep_mar,Early Sep-Mar,2025-01,0.13280708291708293,0.12018645763958855,0.185,14.256410256410255
nhsn,2024-2025,Vermont,early_sep_mar,Early Sep-Mar,2025-02,0.12381721398601397,0.11924942122981314,0.185,6.192307692307692
nhsn,2024-2025,Vermont,early_sep_mar,Early Sep-Mar,2025-03,0.11988328402366864,0.08843919545507174,0.12500891612903228,3.395604395604396
nhsn,2024-2025,Vermont,early_sep_mar,Early Sep-Mar,2025-04,0.0,0.0,0.0,0.6978021978021978
nhsn,2024-2025,Vermont,early_sep_mar,Early Sep-Mar,2025-05,,,0.0,0.0
nhsn,2024-2025,Vermont,early_sep_mar,Early Sep-Mar,2025-06,,,0.0,0.0
nhsn,2024-2025,Vermont,extended_sep_apr,Extended Sep-Apr,2024-01,0.0,0.0,0.0,9.917582417582418
nhsn,2024-2025,Vermont,extended_sep_apr,Extended Sep-Apr,2024-02,0.0,0.027152628289307666,0.034001724137931025,16.531135531135533
nhsn,2024-2025,Vermont,extended_sep_apr,Extended Sep-Apr,2024-03,0.14789389427987745,0.14511923945646227,0.1814790322580645,21.24542124542124
nhsn,2024-2025,Vermont,extended_sep_apr,Extended Sep-Apr,2024-04,0.14867134935347673,0.1472241320274647,0.18499999999999991,23.14835164835165
nhsn,2024-2025,Vermont,extended_sep_apr,Extended Sep-Apr,2024-05,0.1449859493087558,0.14426713278696854,0.18499999999999997,24.64102564102564
nhsn,2024-2025,Vermont,extended_sep_apr,Extended Sep-Apr,2024-06,0.14856156034288293,0.1469688738703393,0.18499999999999991,23.846153846153843
nhsn,2024-2025,Vermont,extended_sep_apr,Extended Sep-Apr,2024-07,0.1432057408881441,0.14261000295141385,0.18499999999999997,24.64102564102564
nhsn,2024-2025,Vermont,extended_sep_apr,Extended Sep-Apr,2024-08,0.1403598255131965,0.1396851981290146,0.18499999999999997,24.64102564102564
nhsn,2024-2025,Vermont,extended_sep_apr,Extended Sep-Apr,2024-09,0.1464109530791789,0.14516289621433412,0.18499999999999997,23.846153846153847
nhsn,2024-2025,Vermont,extended_sep_apr,Extended Sep-Apr,2024-10,0.1488195373014083,0.1488122175170823,0.185,24.64102564102564
nhsn,2024-2025,Vermont,extended_sep_apr,Extended Sep-Apr,2024-11,0.14722680778898523,0.14290470266312963,0.18499999999999997,23.333333333333336
nhsn,2024-2025,Vermont,extended_sep_apr,Extended Sep-Apr,2024-12,0.13808370784513502,0.1357780681100702,0.185,19.893772893772894
nhsn,2024-2025,Vermont,extended_sep_apr,Extended Sep-Apr,2025-01,0.13280708291708293,0.12018645763958855,0.185,14.256410256410255
nhsn,2024-2025,Vermont,extended_sep_apr,Extended Sep-Apr,2025-02,0.12381721398601397,0.11924942122981314,0.185,6.192307692307692
nhsn,2024-2025,Vermont,extended_sep_apr,Extended Sep-Apr,2025-03,0.11988328402366864,0.10283631584087823,0.185,3.395604395604396
nhsn,2024-2025,Vermont,extended_sep_apr,Extended Sep-Apr,2025-04,0.021645000000000005,0.04839975723471745,0.12300921333333335,0.6978021978021979
nhsn,2024-2025,Vermont,extended_sep_apr,Extended Sep-Apr,2025-05,,,0.0,0.0
nhsn,2024-2025,Vermont,extended_sep_apr,Extended Sep-Apr,2025-06,,,0.0,0.0
nhsn,2024-2025,Vermont,late_oct_apr,Late Oct-Apr,2024-01,0.0,0.0,0.0,9.917582417582418
nhsn,2024-2025,Vermont,late_oct_apr,Late Oct-Apr,2024-02,0.0,0.0,0.0,16.531135531135533
nhsn,2024-2025,Vermont,late_oct_apr,Late Oct-Apr,2024-03,0.0,0.027473257608308474,0.03425483870967742,21.24542124542124
nhsn,2024-2025,Vermont,late_oct_apr,Late Oct-Apr,2024-04,0.14885806175791422,0.14898039876328206,0.18499999999999991,23.14835164835165
nhsn,2024-2025,Vermont,late_oct_apr,Late Oct-Apr,2024-05,0.1473129549160517,0.14713309233490238,0.18499999999999997,24.64102564102564
nhsn,2024-2025,Vermont,late_oct_apr,Late Oct-Apr,2024-06,0.1488195373014083,0.14891541095455618,0.18499999999999991,23.846153846153843
nhsn,2024-2025,Vermont,late_oct_apr,Late Oct-Apr,2024-07,0.1473129549160517,0.14713309233490238,0.18499999999999997,24.64102564102564
nhsn,2024-2025,Vermont,late_oct_apr,Late Oct-Apr,2024-08,0.14856156034288293,0.14869588305762915,0.18499999999999997,24.64102564102564
nhsn,2024-2025,Vermont,late_oct_apr,Late Oct-Apr,2024-09,0.14819013309271376,0.14827331849463973,0.18499999999999991,23.846153846153843
nhsn,2024-2025,Vermont,late_oct_apr,Late Oct-Apr,2024-10,0.1488195373014083,0.1488122175170823,0.185,24.64102564102564
nhsn,2024-2025,Vermont,late_oct_apr,Late Oct-Apr,2024-11,0.14722680778898523,0.14290470266312963,0.18499999999999997,23.333333333333336
nhsn,2024-2025,Vermont,late_oct_apr,Late Oct-Apr,2024-12,0.13808370784513502,0.1357780681100702,0.185,19.893772893772894
nhsn,2024-2025,Vermont,late_oct_apr,Late Oct-Apr,2025-01,0.13280708291708293,0.12018645763958855,0.185,14.256410256410255
nhsn,2024-2025,Vermont,late_oct_apr,Late Oct-Apr,2025-02,0.12381721398601397,0.11924942122981314,0.185,6.192307692307692
nhsn,2024-2025,Vermont,late_oct_apr,Late Oct-Apr,2025-03,0.11988328402366864,0.10283631584087823,0.185,3.395604395604396
nhsn,2024-2025,Vermont,late_oct_apr,Late Oct-Apr,2025-04,0.021645000000000005,0.04839975723471745,0.12300921333333335,0.6978021978021979
nhsn,2024-2025,Vermont,late_oct_apr,Late Oct-Apr,2025-05,,,0.0,0.0
nhsn,2024-2025,Vermont,late_oct_apr,Late Oct-Apr,2025-06,,,0.0,0.0
nhsn,2024-2025,Virginia,baseline_oct_mar,Baseline Oct-Mar,2024-01,0.0,0.0,0.0,219.07509157509156
nhsn,2024-2025,Virginia,baseline_oct_mar,Baseline Oct-Mar,2024-02,0.0,0.0,0.0,247.16849816849816
nhsn,2024-2025,Virginia,baseline_oct_mar,Baseline Oct-Mar,2024-03,0.0,0.027705634831610926,0.03425483870967742,284.80036630036625
nhsn,2024-2025,Virginia,baseline_oct_mar,Baseline Oct-Mar,2024-04,0.14845892917236023,0.14731940992116505,0.18499999999999991,285.49633699633705
nhsn,2024-2025,Virginia,baseline_oct_mar,Baseline Oct-Mar,2024-05,0.13478646157008622,0.1345180802095256,0.18499999999999997,300.69413919413904
nhsn,2024-2025,Virginia,baseline_oct_mar,Baseline Oct-Mar,2024-06,0.1473762365321204,0.1463783395450567,0.18499999999999991,293.1025641025641
nhsn,2024-2025,Virginia,baseline_oct_mar,Baseline Oct-Mar,2024-07,0.1344368064880146,0.1341389067727767,0.18499999999999997,303.6410256410255
nhsn,2024-2025,Virginia,baseline_oct_mar,Baseline Oct-Mar,2024-08,0.14710562126355317,0.14711354516388017,0.18499999999999997,303.6410256410255
nhsn,2024-2025,Virginia,baseline_oct_mar,Baseline Oct-Mar,2024-09,0.14710562126355317,0.14730723465472922,0.18499999999999991,293.8461538461538
nhsn,2024-2025,Virginia,baseline_oct_mar,Baseline Oct-Mar,2024-10,0.147166986362584,0.1453503917655959,0.185,300.7600732600733
nhsn,2024-2025,Virginia,baseline_oct_mar,Baseline Oct-Mar,2024-11,0.13952416865862646,0.135236137123423,0.18499999999999997,259.7271062271062
nhsn,2024-2025,Virginia,baseline_oct_mar,Baseline Oct-Mar,2024-12,0.11930952619534013,0.11521583349123696,0.185,181.51648351648353
nhsn,2024-2025,Virginia,baseline_oct_mar,Baseline Oct-Mar,2025-01,0.12535662578265616,0.11878414165941563,0.185,76.47252747252747
nhsn,2024-2025,Virginia,baseline_oct_mar,Baseline Oct-Mar,2025-02,0.11994493024293416,0.11681265574826376,0.185,35.181318681318686
nhsn,2024-2025,Virginia,baseline_oct_mar,Baseline Oct-Mar,2025-03,0.1193237258325199,0.08945564022645115,0.12500891612903228,18.840659340659343
nhsn,2024-2025,Virginia,baseline_oct_mar,Baseline Oct-Mar,2025-04,0.0,0.0,0.0,8.34981684981685
nhsn,2024-2025,Virginia,baseline_oct_mar,Baseline Oct-Mar,2025-05,0.0,0.0,0.0,2.946886446886447
nhsn,2024-2025,Virginia,baseline_oct_mar,Baseline Oct-Mar,2025-06,0.0,0.0,0.0,0.7435897435897436
nhsn,2024-2025,Virginia,early_sep_mar,Early Sep-Mar,2024-01,0.0,0.0,0.0,219.07509157509156
nhsn,2024-2025,Virginia,early_sep_mar,Early Sep-Mar,2024-02,0.0,0.027235482699642193,0.034001724137931025,247.16849816849816
nhsn,2024-2025,Virginia,early_sep_mar,Early Sep-Mar,2024-03,0.1486444468838155,0.1459268796091462,0.1814790322580645,284.80036630036625
nhsn,2024-2025,Virginia,early_sep_mar,Early Sep-Mar,2024-04,0.14845892917236023,0.1480648658643584,0.18499999999999991,285.49633699633705
nhsn,2024-2025,Virginia,early_sep_mar,Early Sep-Mar,2024-05,0.14639869668181485,0.14619718733771497,0.18499999999999997,300.69413919413904
nhsn,2024-2025,Virginia,early_sep_mar,Early Sep-Mar,2024-06,0.1473762365321204,0.14666827411691968,0.18499999999999991,293.1025641025641
nhsn,2024-2025,Virginia,early_sep_mar,Early Sep-Mar,2024-07,0.14400199238457878,0.14397692725632164,0.18499999999999997,303.6410256410255
nhsn,2024-2025,Virginia,early_sep_mar,Early Sep-Mar,2024-08,0.14284617428121615,0.14292095564070703,0.18499999999999997,303.6410256410255
nhsn,2024-2025,Virginia,early_sep_mar,Early Sep-Mar,2024-09,0.14551397266869256,0.14534195545286813,0.18499999999999997,293.84615384615387
nhsn,2024-2025,Virginia,early_sep_mar,Early Sep-Mar,2024-10,0.147166986362584,0.1453503917655959,0.185,300.7600732600733
nhsn,2024-2025,Virginia,early_sep_mar,Early Sep-Mar,2024-11,0.13952416865862646,0.135236137123423,0.18499999999999997,259.7271062271062
nhsn,2024-2025,Virginia,early_sep_mar,Early Sep-Mar,2024-12,0.11930952619534013,0.11521583349123696,0.185,181.51648351648353
nhsn,2024-2025,Virginia,early_sep_mar,Early Sep-Mar,2025-01,0.12535662578265616,0.11878414165941563,0.185,76.47252747252747
nhsn,2024-2025,Virginia,early_sep_mar,Early Sep-Mar,2025-02,0.11994493024293416,0.11681265574826376,0.185,35.181318681318686
nhsn,2024-2025,Virginia,early_sep_mar,Early Sep-Mar,2025-03,0.1193237258325199,0.08945564022645115,0.12500891612903228,18.840659340659343
nhsn,2024-2025,Virginia,early_sep_mar,Early Sep-Mar,2025-04,0.0,0.0,0.0,8.34981684981685
nhsn,2024-2025,Virginia,early_sep_mar,Early Sep-Mar,2025-05,0.0,0.0,0.0,2.946886446886447
nhsn,2024-2025,Virginia,early_sep_mar,Early Sep-Mar,2025-06,0.0,0.0,0.0,0.7435897435897436
nhsn,2024-2025,Virginia,extended_sep_apr,Extended Sep-Apr,2024-01,0.0,0.0,0.0,219.07509157509156
nhsn,2024-2025,Virginia,extended_sep_apr,Extended Sep-Apr,2024-02,0.0,0.027235482699642193,0.034001724137931025,247.16849816849816
nhsn,2024-2025,Virginia,extended_sep_apr,Extended Sep-Apr,2024-03,0.1486444468838155,0.1459268796091462,0.1814790322580645,284.80036630036625
nhsn,2024-2025,Virginia,extended_sep_apr,Extended Sep-Apr,2024-04,0.14845892917236023,0.1480648658643584,0.18499999999999991,285.49633699633705
nhsn,2024-2025,Virginia,extended_sep_apr,Extended Sep-Apr,2024-05,0.14639869668181485,0.14619718733771497,0.18499999999999997,300.69413919413904
nhsn,2024-2025,Virginia,extended_sep_apr,Extended Sep-Apr,2024-06,0.1473762365321204,0.14666827411691968,0.18499999999999991,293.1025641025641
nhsn,2024-2025,Virginia,extended_sep_apr,Extended Sep-Apr,2024-07,0.14400199238457878,0.14397692725632164,0.18499999999999997,303.6410256410255
nhsn,2024-2025,Virginia,extended_sep_apr,Extended Sep-Apr,2024-08,0.14284617428121615,0.14292095564070703,0.18499999999999997,303.6410256410255
nhsn,2024-2025,Virginia,extended_sep_apr,Extended Sep-Apr,2024-09,0.14551397266869256,0.14534195545286813,0.18499999999999997,293.84615384615387
nhsn,2024-2025,Virginia,extended_sep_apr,Extended Sep-Apr,2024-10,0.147166986362584,0.1453503917655959,0.185,300.7600732600733
nhsn,2024-2025,Virginia,extended_sep_apr,Extended Sep-Apr,2024-11,0.13952416865862646,0.135236137123423,0.18499999999999997,259.7271062271062
nhsn,2024-2025,Virginia,extended_sep_apr,Extended Sep-Apr,2024-12,0.11930952619534013,0.11521583349123696,0.185,181.51648351648353
nhsn,2024-2025,Virginia,extended_sep_apr,Extended Sep-Apr,2025-01,0.12535662578265616,0.11878414165941563,0.185,76.47252747252747
nhsn,2024-2025,Virginia,extended_sep_apr,Extended Sep-Apr,2025-02,0.11994493024293416,0.11681265574826376,0.185,35.181318681318686
nhsn,2024-2025,Virginia,extended_sep_apr,Extended Sep-Apr,2025-03,0.1196986472934473,0.11790929055574563,0.185,18.840659340659343
nhsn,2024-2025,Virginia,extended_sep_apr,Extended Sep-Apr,2025-04,0.11231129562594265,0.08548260919565306,0.12300921333333335,8.34981684981685
nhsn,2024-2025,Virginia,extended_sep_apr,Extended Sep-Apr,2025-05,0.0,0.0,0.0,2.946886446886447
nhsn,2024-2025,Virginia,extended_sep_apr,Extended Sep-Apr,2025-06,0.0,0.0,0.0,0.7435897435897436
nhsn,2024-2025,Virginia,late_oct_apr,Late Oct-Apr,2024-01,0.0,0.0,0.0,219.07509157509156
nhsn,2024-2025,Virginia,late_oct_apr,Late Oct-Apr,2024-02,0.0,0.0,0.0,247.16849816849816
nhsn,2024-2025,Virginia,late_oct_apr,Late Oct-Apr,2024-03,0.0,0.027705634831610926,0.03425483870967742,284.80036630036625
nhsn,2024-2025,Virginia,late_oct_apr,Late Oct-Apr,2024-04,0.14845892917236023,0.14731940992116505,0.18499999999999991,285.49633699633705
nhsn,2024-2025,Virginia,late_oct_apr,Late Oct-Apr,2024-05,0.13478646157008622,0.1345180802095256,0.18499999999999997,300.69413919413904
nhsn,2024-2025,Virginia,late_oct_apr,Late Oct-Apr,2024-06,0.1473762365321204,0.1463783395450567,0.18499999999999991,293.1025641025641
nhsn,2024-2025,Virginia,late_oct_apr,Late Oct-Apr,2024-07,0.1344368064880146,0.1341389067727767,0.18499999999999997,303.6410256410255
nhsn,2024-2025,Virginia,late_oct_apr,Late Oct-Apr,2024-08,0.14710562126355317,0.14711354516388017,0.18499999999999997,303.6410256410255
nhsn,2024-2025,Virginia,late_oct_apr,Late Oct-Apr,2024-09,0.14710562126355317,0.14730723465472922,0.18499999999999991,293.8461538461538
nhsn,2024-2025,Virginia,late_oct_apr,Late Oct-Apr,2024-10,0.147166986362584,0.1453503917655959,0.185,300.7600732600733
nhsn,2024-2025,Virginia,late_oct_apr,Late Oct-Apr,2024-11,0.13952416865862646,0.135236137123423,0.18499999999999997,259.7271062271062
nhsn,2024-2025,Virginia,late_oct_apr,Late Oct-Apr,2024-12,0.11930952619534013,0.11521583349123696,0.185,181.51648351648353
nhsn,2024-2025,Virginia,late_oct_apr,Late Oct-Apr,2025-01,0.12535662578265616,0.11878414165941563,0.185,76.47252747252747
nhsn,2024-2025,Virginia,late_oct_apr,Late Oct-Apr,2025-02,0.11994493024293416,0.11681265574826376,0.185,35.181318681318686
nhsn,2024-2025,Virginia,late_oct_apr,Late Oct-Apr,2025-03,0.1196986472934473,0.11790929055574563,0.185,18.840659340659343
nhsn,2024-2025,Virginia,late_oct_apr,Late Oct-Apr,2025-04,0.11231129562594265,0.08548260919565306,0.12300921333333335,8.34981684981685
nhsn,2024-2025,Virginia,late_oct_apr,Late Oct-Apr,2025-05,0.0,0.0,0.0,2.946886446886447
nhsn,2024-2025,Virginia,late_oct_apr,Late Oct-Apr,2025-06,0.0,0.0,0.0,0.7435897435897436
nhsn,2024-2025,Washington,baseline_oct_mar,Baseline Oct-Mar,2024-01,0.0,0.0,0.0,99.55494505494505
nhsn,2024-2025,Washington,baseline_oct_mar,Baseline Oct-Mar,2024-02,0.0,0.0,0.0,134.05128205128204
nhsn,2024-2025,Washington,baseline_oct_mar,Baseline Oct-Mar,2024-03,0.0,0.02751413762292503,0.03425483870967742,175.34432234432236
nhsn,2024-2025,Washington,baseline_oct_mar,Baseline Oct-Mar,2024-04,0.1491417812361419,0.14894556025793473,0.18499999999999991,184.9084249084249
nhsn,2024-2025,Washington,baseline_oct_mar,Baseline Oct-Mar,2024-05,0.1447789169225084,0.14498784026940972,0.18499999999999997,195.57692307692304
nhsn,2024-2025,Washington,baseline_oct_mar,Baseline Oct-Mar,2024-06,0.14856994092344902,0.14847266995267855,0.18499999999999991,189.85897435897434
nhsn,2024-2025,Washington,baseline_oct_mar,Baseline Oct-Mar,2024-07,0.14470032443063008,0.14483873018303428,0.18499999999999997,196.33333333333331
nhsn,2024-2025,Washington,baseline_oct_mar,Baseline Oct-Mar,2024-08,0.14834484972112907,0.14842109835254202,0.18499999999999997,196.33333333333331
nhsn,2024-2025,Washington,baseline_oct_mar,Baseline Oct-Mar,2024-09,0.14764620933924377,0.14780629430355305,0.18499999999999991,189.99999999999994
nhsn,2024-2025,Washington,baseline_oct_mar,Baseline Oct-Mar,2024-10,0.14834484972112907,0.14791218869324932,0.185,196.33333333333337
nhsn,2024-2025,Washington,baseline_oct_mar,Baseline Oct-Mar,2024-11,0.1464792783889976,0.1437600488828316,0.18499999999999997,183.05128205128207
nhsn,2024-2025,Washington,baseline_oct_mar,Baseline Oct-Mar,2024-12,0.13219360519654708,0.127537268962732,0.185,156.82051282051282
nhsn,2024-2025,Washington,baseline_oct_mar,Baseline Oct-Mar,2025-01,0.1312878315653273,0.1258422579522868,0.185,92.77655677655679
nhsn,2024-2025,Washington,baseline_oct_mar,Baseline Oct-Mar,2025-02,0.11481349732280921,0.11197336252196745,0.185,47.28388278388279
nhsn,2024-2025,Washington,baseline_oct_mar,Baseline Oct-Mar,2025-03,0.10875963569212245,0.08353236297099263,0.12500891612903228,20.98901098901099
nhsn,2024-2025,Washington,baseline_oct_mar,Baseline Oct-Mar,2025-04,0.0,0.0,0.0,5.091575091575092
nhsn,2024-2025,Washington,baseline_oct_mar,Baseline Oct-Mar,2025-05,0.0,0.0,0.0,0.7564102564102566
nhsn,2024-2025,Washington,baseline_oct_mar,Baseline Oct-Mar,2025-06,0.0,0.0,0.0,0.14102564102564102
nhsn,2024-2025,Washington,early_sep_mar,Early Sep-Mar,2024-01,0.0,0.0,0.0,99.55494505494505
nhsn,2024-2025,Washington,early_sep_mar,Early Sep-Mar,2024-02,0.0,0.02716904257550486,0.034001724137931025,134.05128205128204
nhsn,2024-2025,Washington,early_sep_mar,Early Sep-Mar,2024-03,0.14795997204221445,0.14522673098776165,0.1814790322580645,175.34432234432236
nhsn,2024-2025,Washington,early_sep_mar,Early Sep-Mar,2024-04,0.14900608613353558,0.14803046896402922,0.18499999999999991,184.9084249084249
nhsn,2024-2025,Washington,early_sep_mar,Early Sep-Mar,2024-05,0.14531611866766952,0.14517818626868048,0.18499999999999997,195.57692307692304
nhsn,2024-2025,Washington,early_sep_mar,Early Sep-Mar,2024-06,0.14841645767390504,0.14728680585125503,0.18499999999999991,189.85897435897434
nhsn,2024-2025,Washington,early_sep_mar,Early Sep-Mar,2024-07,0.14397278374257322,0.14343499575104404,0.18499999999999997,196.33333333333331
nhsn,2024-2025,Washington,early_sep_mar,Early Sep-Mar,2024-08,0.14103074972396026,0.14156391217237607,0.18499999999999997,196.33333333333331
nhsn,2024-2025,Washington,early_sep_mar,Early Sep-Mar,2024-09,0.1458292896860225,0.14531911119322713,0.18499999999999997,190.00000000000006
nhsn,2024-2025,Washington,early_sep_mar,Early Sep-Mar,2024-10,0.14834484972112907,0.14791218869324932,0.185,196.33333333333337
nhsn,2024-2025,Washington,early_sep_mar,Early Sep-Mar,2024-11,0.1464792783889976,0.1437600488828316,0.18499999999999997,183.05128205128207
nhsn,2024-2025,Washington,early_sep_mar,Early Sep-Mar,2024-12,0.13219360519654708,0.127537268962732,0.185,156.82051282051282
nhsn,2024-2025,Washington,early_sep_mar,Early Sep-Mar,2025-01,0.1312878315653273,0.1258422579522868,0.185,92.77655677655679
nhsn,2024-2025,Washington,early_sep_mar,Early Sep-Mar,2025-02,0.11481349732280921,0.11197336252196745,0.185,47.28388278388279
nhsn,2024-2025,Washington,early_sep_mar,Early Sep-Mar,2025-03,0.10875963569212245,0.08353236297099263,0.12500891612903228,20.98901098901099
nhsn,2024-2025,Washington,early_sep_mar,Early Sep-Mar,2025-04,0.0,0.0,0.0,5.091575091575092
nhsn,2024-2025,Washington,early_sep_mar,Early Sep-Mar,2025-05,0.0,0.0,0.0,0.7564102564102566
nhsn,2024-2025,Washington,early_sep_mar,Early Sep-Mar,2025-06,0.0,0.0,0.0,0.14102564102564102
nhsn,2024-2025,Washington,extended_sep_apr,Extended Sep-Apr,2024-01,0.0,0.0,0.0,99.55494505494505
nhsn,2024-2025,Washington,extended_sep_apr,Extended Sep-Apr,2024-02,0.0,0.02716904257550486,0.034001724137931025,134.05128205128204
nhsn,2024-2025,Washington,extended_sep_apr,Extended Sep-Apr,2024-03,0.14795997204221445,0.14522673098776165,0.1814790322580645,175.34432234432236
nhsn,2024-2025,Washington,extended_sep_apr,Extended Sep-Apr,2024-04,0.14900608613353558,0.14803046896402922,0.18499999999999991,184.9084249084249
nhsn,2024-2025,Washington,extended_sep_apr,Extended Sep-Apr,2024-05,0.14531611866766952,0.14517818626868048,0.18499999999999997,195.57692307692304
nhsn,2024-2025,Washington,extended_sep_apr,Extended Sep-Apr,2024-06,0.14841645767390504,0.14728680585125503,0.18499999999999991,189.85897435897434
nhsn,2024-2025,Washington,extended_sep_apr,Extended Sep-Apr,2024-07,0.14397278374257322,0.14343499575104404,0.18499999999999997,196.33333333333331
nhsn,2024-2025,Washington,extended_sep_apr,Extended Sep-Apr,2024-08,0.14103074972396026,0.14156391217237607,0.18499999999999997,196.33333333333331
nhsn,2024-2025,Washington,extended_sep_apr,Extended Sep-Apr,2024-09,0.1458292896860225,0.14531911119322713,0.18499999999999997,190.00000000000006
nhsn,2024-2025,Washington,extended_sep_apr,Extended Sep-Apr,2024-10,0.14834484972112907,0.14791218869324932,0.185,196.33333333333337
nhsn,2024-2025,Washington,extended_sep_apr,Extended Sep-Apr,2024-11,0.1464792783889976,0.1437600488828316,0.18499999999999997,183.05128205128207
nhsn,2024-2025,Washington,extended_sep_apr,Extended Sep-Apr,2024-12,0.13219360519654708,0.127537268962732,0.185,156.82051282051282
nhsn,2024-2025,Washington,extended_sep_apr,Extended Sep-Apr,2025-01,0.1312878315653273,0.1258422579522868,0.185,92.77655677655679
nhsn,2024-2025,Washington,extended_sep_apr,Extended Sep-Apr,2025-02,0.11481349732280921,0.11197336252196745,0.185,47.28388278388279
nhsn,2024-2025,Washington,extended_sep_apr,Extended Sep-Apr,2025-03,0.10875963569212245,0.1017296869046219,0.185,20.98901098901099
nhsn,2024-2025,Washington,extended_sep_apr,Extended Sep-Apr,2025-04,0.06021231131368632,0.0659208720391071,0.12300921333333335,5.091575091575091
nhsn,2024-2025,Washington,extended_sep_apr,Extended Sep-Apr,2025-05,0.0,0.0,0.0,0.7564102564102566
nhsn,2024-2025,Washington,extended_sep_apr,Extended Sep-Apr,2025-06,0.0,0.0,0.0,0.14102564102564102
nhsn,2024-2025,Washington,late_oct_apr,Late Oct-Apr,2024-01,0.0,0.0,0.0,99.55494505494505
nhsn,2024-2025,Washington,late_oct_apr,Late Oct-Apr,2024-02,0.0,0.0,0.0,134.05128205128204
nhsn,2024-2025,Washington,late_oct_apr,Late Oct-Apr,2024-03,0.0,0.02751413762292503,0.03425483870967742,175.34432234432236
nhsn,2024-2025,Washington,late_oct_apr,Late Oct-Apr,2024-04,0.1491417812361419,0.14894556025793473,0.18499999999999991,184.9084249084249
nhsn,2024-2025,Washington,late_oct_apr,Late Oct-Apr,2024-05,0.1447789169225084,0.14498784026940972,0.18499999999999997,195.57692307692304
nhsn,2024-2025,Washington,late_oct_apr,Late Oct-Apr,2024-06,0.14856994092344902,0.14847266995267855,0.18499999999999991,189.85897435897434
nhsn,2024-2025,Washington,late_oct_apr,Late Oct-Apr,2024-07,0.14470032443063008,0.14483873018303428,0.18499999999999997,196.33333333333331
nhsn,2024-2025,Washington,late_oct_apr,Late Oct-Apr,2024-08,0.14834484972112907,0.14842109835254202,0.18499999999999997,196.33333333333331
nhsn,2024-2025,Washington,late_oct_apr,Late Oct-Apr,2024-09,0.14764620933924377,0.14780629430355305,0.18499999999999991,189.99999999999994
nhsn,2024-2025,Washington,late_oct_apr,Late Oct-Apr,2024-10,0.14834484972112907,0.14791218869324932,0.185,196.33333333333337
nhsn,2024-2025,Washington,late_oct_apr,Late Oct-Apr,2024-11,0.1464792783889976,0.1437600488828316,0.18499999999999997,183.05128205128207
nhsn,2024-2025,Washington,late_oct_apr,Late Oct-Apr,2024-12,0.13219360519654708,0.127537268962732,0.185,156.82051282051282
nhsn,2024-2025,Washington,late_oct_apr,Late Oct-Apr,2025-01,0.1312878315653273,0.1258422579522868,0.185,92.77655677655679
nhsn,2024-2025,Washington,late_oct_apr,Late Oct-Apr,2025-02,0.11481349732280921,0.11197336252196745,0.185,47.28388278388279
nhsn,2024-2025,Washington,late_oct_apr,Late Oct-Apr,2025-03,0.10875963569212245,0.1017296869046219,0.185,20.98901098901099
nhsn,2024-2025,Washington,late_oct_apr,Late Oct-Apr,2025-04,0.06021231131368632,0.0659208720391071,0.12300921333333335,5.091575091575091
nhsn,2024-2025,Washington,late_oct_apr,Late Oct-Apr,2025-05,0.0,0.0,0.0,0.7564102564102566
nhsn,2024-2025,Washington,late_oct_apr,Late Oct-Apr,2025-06,0.0,0.0,0.0,0.14102564102564102
nhsn,2024-2025,West Virginia,baseline_oct_mar,Baseline Oct-Mar,2024-01,0.0,0.0,0.0,104.74175824175825
nhsn,2024-2025,West Virginia,baseline_oct_mar,Baseline Oct-Mar,2024-02,0.0,0.0,0.0,149.29120879120876
nhsn,2024-2025,West Virginia,baseline_oct_mar,Baseline Oct-Mar,2024-03,0.0,0.027450307783477713,0.03425483870967742,206.18681318681314
nhsn,2024-2025,West Virginia,baseline_oct_mar,Baseline Oct-Mar,2024-04,0.14859027993906251,0.14856148043736228,0.18499999999999991,233.52380952380952
nhsn,2024-2025,West Virginia,baseline_oct_mar,Baseline Oct-Mar,2024-05,0.14663858459450999,0.14689391883972935,0.18499999999999997,253.54761904761907
nhsn,2024-2025,West Virginia,baseline_oct_mar,Baseline Oct-Mar,2024-06,0.14608977404742793,0.14589803379993646,0.18499999999999991,250.2051282051282
nhsn,2024-2025,West Virginia,baseline_oct_mar,Baseline Oct-Mar,2024-07,0.1460199499843668,0.14552846630442498,0.18499999999999997,260.3205128205128
nhsn,2024-2025,West Virginia,baseline_oct_mar,Baseline Oct-Mar,2024-08,0.1443288012598089,0.14427385992047845,0.18499999999999997,260.3205128205128
nhsn,2024-2025,West Virginia,baseline_oct_mar,Baseline Oct-Mar,2024-09,0.14293179992526558,0.14312065459584283,0.18499999999999991,251.9230769230769
nhsn,2024-2025,West Virginia,baseline_oct_mar,Baseline Oct-Mar,2024-10,0.14585829397625275,0.14527289883314448,0.185,260.3205128205128
nhsn,2024-2025,West Virginia,baseline_oct_mar,Baseline Oct-Mar,2024-11,0.14707978153619833,0.14614724652000363,0.18499999999999997,247.83333333333331
nhsn,2024-2025,West Virginia,baseline_oct_mar,Baseline Oct-Mar,2024-12,0.13913289437751414,0.13214551314138873,0.185,230.00915750915755
nhsn,2024-2025,West Virginia,baseline_oct_mar,Baseline Oct-Mar,2025-01,0.13412257913648123,0.13082398699831102,0.185,151.1996336996337
nhsn,2024-2025,West Virginia,baseline_oct_mar,Baseline Oct-Mar,2025-02,0.1306071421940182,0.12415848305550241,0.185,90.21611721611721
nhsn,2024-2025,West Virginia,baseline_oct_mar,Baseline Oct-Mar,2025-03,0.11114576668709443,0.08670185550319164,0.12500891612903228,54.13369963369964
nhsn,2024-2025,West Virginia,baseline_oct_mar,Baseline Oct-Mar,2025-04,0.0,0.0,0.0,18.3992673992674
nhsn,2024-2025,West Virginia,baseline_oct_mar,Baseline Oct-Mar,2025-05,0.0,0.0,0.0,6.772893772893772
nhsn,2024-2025,West Virginia,baseline_oct_mar,Baseline Oct-Mar,2025-06,0.0,0.0,0.0,1.717948717948718
nhsn,2024-2025,West Virginia,early_sep_mar,Early Sep-Mar,2024-01,0.0,0.0,0.0,104.74175824175825
nhsn,2024-2025,West Virginia,early_sep_mar,Early Sep-Mar,2024-02,0.0,0.02715174129556106,0.034001724137931025,149.29120879120876
nhsn,2024-2025,West Virginia,early_sep_mar,Early Sep-Mar,2024-03,0.1478308758259922,0.1450529205505906,0.1814790322580645,206.18681318681314
nhsn,2024-2025,West Virginia,early_sep_mar,Early Sep-Mar,2024-04,0.1484635047815641,0.14673264243949705,0.18499999999999991,233.52380952380952
nhsn,2024-2025,West Virginia,early_sep_mar,Early Sep-Mar,2024-05,0.142912682558283,0.14174352109880436,0.18499999999999997,253.54761904761907
nhsn,2024-2025,West Virginia,early_sep_mar,Early Sep-Mar,2024-06,0.14532412889655322,0.14323451148485586,0.18499999999999991,250.2051282051282
nhsn,2024-2025,West Virginia,early_sep_mar,Early Sep-Mar,2024-07,0.13677567016952513,0.13618659951448844,0.18499999999999997,260.3205128205128
nhsn,2024-2025,West Virginia,early_sep_mar,Early Sep-Mar,2024-08,0.13210751658570438,0.13300062184980227,0.18499999999999997,260.3205128205128
nhsn,2024-2025,West Virginia,early_sep_mar,Early Sep-Mar,2024-09,0.14049151670314422,0.1392214902510446,0.18499999999999997,251.9230769230769
nhsn,2024-2025,West Virginia,early_sep_mar,Early Sep-Mar,2024-10,0.14585829397625275,0.14527289883314448,0.185,260.3205128205128
nhsn,2024-2025,West Virginia,early_sep_mar,Early Sep-Mar,2024-11,0.14707978153619833,0.14614724652000363,0.18499999999999997,247.83333333333331
nhsn,2024-2025,West Virginia,early_sep_mar,Early Sep-Mar,2024-12,0.13913289437751414,0.13214551314138873,0.185,230.00915750915755
nhsn,2024-2025,West Virginia,early_sep_mar,Early Sep-Mar,2025-01,0.13412257913648123,0.13082398699831102,0.185,151.1996336996337
nhsn,2024-2025,West Virginia,early_sep_mar,Early Sep-Mar,2025-02,0.1306071421940182,0.12415848305550241,0.185,90.21611721611721
nhsn,2024-2025,West Virginia,early_sep_mar,Early Sep-Mar,2025-03,0.11114576668709443,0.08670185550319164,0.12500891612903228,54.13369963369964
nhsn,2024-2025,West Virginia,early_sep_mar,Early Sep-Mar,2025-04,0.0,0.0,0.0,18.3992673992674
nhsn,2024-2025,West Virginia,early_sep_mar,Early Sep-Mar,2025-05,0.0,0.0,0.0,6.772893772893772
nhsn,2024-2025,West Virginia,early_sep_mar,Early Sep-Mar,2025-06,0.0,0.0,0.0,1.717948717948718
nhsn,2024-2025,West Virginia,extended_sep_apr,Extended Sep-Apr,2024-01,0.0,0.0,0.0,104.74175824175825
nhsn,2024-2025,West Virginia,extended_sep_apr,Extended Sep-Apr,2024-02,0.0,0.02715174129556106,0.034001724137931025,149.29120879120876
nhsn,2024-2025,West Virginia,extended_sep_apr,Extended Sep-Apr,2024-03,0.1478308758259922,0.1450529205505906,0.1814790322580645,206.18681318681314
nhsn,2024-2025,West Virginia,extended_sep_apr,Extended Sep-Apr,2024-04,0.1484635047815641,0.14673264243949705,0.18499999999999991,233.52380952380952
nhsn,2024-2025,West Virginia,extended_sep_apr,Extended Sep-Apr,2024-05,0.142912682558283,0.14174352109880436,0.18499999999999997,253.54761904761907
nhsn,2024-2025,West Virginia,extended_sep_apr,Extended Sep-Apr,2024-06,0.14532412889655322,0.14323451148485586,0.18499999999999991,250.2051282051282
nhsn,2024-2025,West Virginia,extended_sep_apr,Extended Sep-Apr,2024-07,0.13677567016952513,0.13618659951448844,0.18499999999999997,260.3205128205128
nhsn,2024-2025,West Virginia,extended_sep_apr,Extended Sep-Apr,2024-08,0.13210751658570438,0.13300062184980227,0.18499999999999997,260.3205128205128
nhsn,2024-2025,West Virginia,extended_sep_apr,Extended Sep-Apr,2024-09,0.14049151670314422,0.1392214902510446,0.18499999999999997,251.9230769230769
nhsn,2024-2025,West Virginia,extended_sep_apr,Extended Sep-Apr,2024-10,0.14585829397625275,0.14527289883314448,0.185,260.3205128205128
nhsn,2024-2025,West Virginia,extended_sep_apr,Extended Sep-Apr,2024-11,0.14707978153619833,0.14614724652000363,0.18499999999999997,247.83333333333331
nhsn,2024-2025,West Virginia,extended_sep_apr,Extended Sep-Apr,2024-12,0.13913289437751414,0.13214551314138873,0.185,230.00915750915755
nhsn,2024-2025,West Virginia,extended_sep_apr,Extended Sep-Apr,2025-01,0.13412257913648123,0.13082398699831102,0.185,151.1996336996337
nhsn,2024-2025,West Virginia,extended_sep_apr,Extended Sep-Apr,2025-02,0.1306071421940182,0.12415848305550241,0.185,90.21611721611721
nhsn,2024-2025,West Virginia,extended_sep_apr,Extended Sep-Apr,2025-03,0.11231558144314703,0.10976078387216101,0.185,54.13369963369964
nhsn,2024-2025,West Virginia,extended_sep_apr,Extended Sep-Apr,2025-04,0.0962147844487119,0.07955616655141833,0.12300921333333335,18.3992673992674
nhsn,2024-2025,West Virginia,extended_sep_apr,Extended Sep-Apr,2025-05,0.0,0.0,0.0,6.772893772893772
nhsn,2024-2025,West Virginia,extended_sep_apr,Extended Sep-Apr,2025-06,0.0,0.0,0.0,1.717948717948718
nhsn,2024-2025,West Virginia,late_oct_apr,Late Oct-Apr,2024-01,0.0,0.0,0.0,104.74175824175825
nhsn,2024-2025,West Virginia,late_oct_apr,Late Oct-Apr,2024-02,0.0,0.0,0.0,149.29120879120876
nhsn,2024-2025,West Virginia,late_oct_apr,Late Oct-Apr,2024-03,0.0,0.027450307783477713,0.03425483870967742,206.18681318681314
nhsn,2024-2025,West Virginia,late_oct_apr,Late Oct-Apr,2024-04,0.14859027993906251,0.14856148043736228,0.18499999999999991,233.52380952380952
nhsn,2024-2025,West Virginia,late_oct_apr,Late Oct-Apr,2024-05,0.14663858459450999,0.14689391883972935,0.18499999999999997,253.54761904761907
nhsn,2024-2025,West Virginia,late_oct_apr,Late Oct-Apr,2024-06,0.14608977404742793,0.14589803379993646,0.18499999999999991,250.2051282051282
nhsn,2024-2025,West Virginia,late_oct_apr,Late Oct-Apr,2024-07,0.1460199499843668,0.14552846630442498,0.18499999999999997,260.3205128205128
nhsn,2024-2025,West Virginia,late_oct_apr,Late Oct-Apr,2024-08,0.1443288012598089,0.14427385992047845,0.18499999999999997,260.3205128205128
nhsn,2024-2025,West Virginia,late_oct_apr,Late Oct-Apr,2024-09,0.14293179992526558,0.14312065459584283,0.18499999999999991,251.9230769230769
nhsn,2024-2025,West Virginia,late_oct_apr,Late Oct-Apr,2024-10,0.14585829397625275,0.14527289883314448,0.185,260.3205128205128
nhsn,2024-2025,West Virginia,late_oct_apr,Late Oct-Apr,2024-11,0.14707978153619833,0.14614724652000363,0.18499999999999997,247.83333333333331
nhsn,2024-2025,West Virginia,late_oct_apr,Late Oct-Apr,2024-12,0.13913289437751414,0.13214551314138873,0.185,230.00915750915755
nhsn,2024-2025,West Virginia,late_oct_apr,Late Oct-Apr,2025-01,0.13412257913648123,0.13082398699831102,0.185,151.1996336996337
nhsn,2024-2025,West Virginia,late_oct_apr,Late Oct-Apr,2025-02,0.1306071421940182,0.12415848305550241,0.185,90.21611721611721
nhsn,2024-2025,West Virginia,late_oct_apr,Late Oct-Apr,2025-03,0.11231558144314703,0.10976078387216101,0.185,54.13369963369964
nhsn,2024-2025,West Virginia,late_oct_apr,Late Oct-Apr,2025-04,0.0962147844487119,0.07955616655141833,0.12300921333333335,18.3992673992674
nhsn,2024-2025,West Virginia,late_oct_apr,Late Oct-Apr,2025-05,0.0,0.0,0.0,6.772893772893772
nhsn,2024-2025,West Virginia,late_oct_apr,Late Oct-Apr,2025-06,0.0,0.0,0.0,1.717948717948718
nhsn,2024-2025,Wisconsin,baseline_oct_mar,Baseline Oct-Mar,2024-01,0.0,0.0,0.0,113.70879120879121
nhsn,2024-2025,Wisconsin,baseline_oct_mar,Baseline Oct-Mar,2024-02,0.0,0.0,0.0,212.3772893772894
nhsn,2024-2025,Wisconsin,baseline_oct_mar,Baseline Oct-Mar,2024-03,0.0,0.027412441919797956,0.03425483870967742,310.4029304029304
nhsn,2024-2025,Wisconsin,baseline_oct_mar,Baseline Oct-Mar,2024-04,0.14803406741456668,0.14807839233629022,0.18499999999999991,336.8479853479854
nhsn,2024-2025,Wisconsin,baseline_oct_mar,Baseline Oct-Mar,2024-05,0.14741896208831715,0.14737841052581685,0.18499999999999997,357.15567765567766
nhsn,2024-2025,Wisconsin,baseline_oct_mar,Baseline Oct-Mar,2024-06,0.14717811342461287,0.14698878871931986,0.18499999999999991,348.5641025641026
nhsn,2024-2025,Wisconsin,baseline_oct_mar,Baseline Oct-Mar,2024-07,0.14738446025088475,0.14713752886176668,0.18499999999999997,360.47435897435895
nhsn,2024-2025,Wisconsin,baseline_oct_mar,Baseline Oct-Mar,2024-08,0.14665004541874885,0.14650922302081743,0.18499999999999997,360.47435897435895
nhsn,2024-2025,Wisconsin,baseline_oct_mar,Baseline Oct-Mar,2024-09,0.14558688190640673,0.14578040231943487,0.18499999999999991,348.84615384615387
nhsn,2024-2025,Wisconsin,baseline_oct_mar,Baseline Oct-Mar,2024-10,0.14761696080986267,0.14721969624999964,0.185,360.0897435897436
nhsn,2024-2025,Wisconsin,baseline_oct_mar,Baseline Oct-Mar,2024-11,0.14853078383061386,0.1478788433545154,0.18499999999999997,344.5769230769231
nhsn,2024-2025,Wisconsin,baseline_oct_mar,Baseline Oct-Mar,2024-12,0.14264000432175108,0.13788445669213598,0.185,332.15934065934067
nhsn,2024-2025,Wisconsin,baseline_oct_mar,Baseline Oct-Mar,2025-01,0.12859045815762285,0.1251512070896457,0.185,241.10622710622712
nhsn,2024-2025,Wisconsin,baseline_oct_mar,Baseline Oct-Mar,2025-02,0.11426007807627728,0.1110924233008458,0.185,118.87179487179489
nhsn,2024-2025,Wisconsin,baseline_oct_mar,Baseline Oct-Mar,2025-03,0.09422623113964688,0.07900729307614492,0.12500891612903228,50.07142857142857
nhsn,2024-2025,Wisconsin,baseline_oct_mar,Baseline Oct-Mar,2025-04,0.0,0.0,0.0,11.998168498168498
nhsn,2024-2025,Wisconsin,baseline_oct_mar,Baseline Oct-Mar,2025-05,0.0,0.0,0.0,3.3186813186813184
nhsn,2024-2025,Wisconsin,baseline_oct_mar,Baseline Oct-Mar,2025-06,0.0,0.0,0.0,0.28205128205128205
nhsn,2024-2025,Wisconsin,early_sep_mar,Early Sep-Mar,2024-01,0.0,0.0,0.0,113.70879120879121
nhsn,2024-2025,Wisconsin,early_sep_mar,Early Sep-Mar,2024-02,0.0,0.027124627383750096,0.034001724137931025,212.3772893772894
nhsn,2024-2025,Wisconsin,early_sep_mar,Early Sep-Mar,2024-03,0.14770497066194146,0.14491126696738063,0.1814790322580645,310.4029304029304
nhsn,2024-2025,Wisconsin,early_sep_mar,Early Sep-Mar,2024-04,0.1480153677208054,0.1472242932309322,0.18499999999999991,336.8479853479854
nhsn,2024-2025,Wisconsin,early_sep_mar,Early Sep-Mar,2024-05,0.14491757217104398,0.1443757240926294,0.18499999999999997,357.15567765567766
nhsn,2024-2025,Wisconsin,early_sep_mar,Early Sep-Mar,2024-06,0.1468410595640173,0.14558614212507748,0.18499999999999991,348.5641025641026
nhsn,2024-2025,Wisconsin,early_sep_mar,Early Sep-Mar,2024-07,0.1425653373087772,0.14209248114916276,0.18499999999999997,360.47435897435895
nhsn,2024-2025,Wisconsin,early_sep_mar,Early Sep-Mar,2024-08,0.14049148813810225,0.14049028598023414,0.18499999999999997,360.47435897435895
nhsn,2024-2025,Wisconsin,early_sep_mar,Early Sep-Mar,2024-09,0.14407378768089682,0.1436910394888754,0.18499999999999997,348.8461538461538
nhsn,2024-2025,Wisconsin,early_sep_mar,Early Sep-Mar,2024-10,0.14761696080986267,0.14721969624999964,0.185,360.0897435897436
nhsn,2024-2025,Wisconsin,early_sep_mar,Early Sep-Mar,2024-11,0.14853078383061386,0.1478788433545154,0.18499999999999997,344.5769230769231
nhsn,2024-2025,Wisconsin,early_sep_mar,Early Sep-Mar,2024-12,0.14264000432175108,0.13788445669213598,0.185,332.15934065934067
nhsn,2024-2025,Wisconsin,early_sep_mar,Early Sep-Mar,2025-01,0.12859045815762285,0.1251512070896457,0.185,241.10622710622712
nhsn,2024-2025,Wisconsin,early_sep_mar,Early Sep-Mar,2025-02,0.11426007807627728,0.1110924233008458,0.185,118.87179487179489
nhsn,2024-2025,Wisconsin,early_sep_mar,Early Sep-Mar,2025-03,0.09422623113964688,0.07900729307614492,0.12500891612903228,50.07142857142857
nhsn,2024-2025,Wisconsin,early_sep_mar,Early Sep-Mar,2025-04,0.0,0.0,0.0,11.998168498168498
nhsn,2024-2025,Wisconsin,early_sep_mar,Early Sep-Mar,2025-05,0.0,0.0,0.0,3.3186813186813184
nhsn,2024-2025,Wisconsin,early_sep_mar,Early Sep-Mar,2025-06,0.0,0.0,0.0,0.28205128205128205
nhsn,2024-2025,Wisconsin,extended_sep_apr,Extended Sep-Apr,2024-01,0.0,0.0,0.0,113.70879120879121
nhsn,2024-2025,Wisconsin,extended_sep_apr,Extended Sep-Apr,2024-02,0.0,0.027124627383750096,0.034001724137931025,212.3772893772894
nhsn,2024-2025,Wisconsin,extended_sep_apr,Extended Sep-Apr,2024-03,0.14770497066194146,0.14491126696738063,0.1814790322580645,310.4029304029304
nhsn,2024-2025,Wisconsin,extended_sep_apr,Extended Sep-Apr,2024-04,0.1480153677208054,0.1472242932309322,0.18499999999999991,336.8479853479854
nhsn,2024-2025,Wisconsin,extended_sep_apr,Extended Sep-Apr,2024-05,0.14491757217104398,0.1443757240926294,0.18499999999999997,357.15567765567766
nhsn,2024-2025,Wisconsin,extended_sep_apr,Extended Sep-Apr,2024-06,0.1468410595640173,0.14558614212507748,0.18499999999999991,348.5641025641026
nhsn,2024-2025,Wisconsin,extended_sep_apr,Extended Sep-Apr,2024-07,0.1425653373087772,0.14209248114916276,0.18499999999999997,360.47435897435895
nhsn,2024-2025,Wisconsin,extended_sep_apr,Extended Sep-Apr,2024-08,0.14049148813810225,0.14049028598023414,0.18499999999999997,360.47435897435895
nhsn,2024-2025,Wisconsin,extended_sep_apr,Extended Sep-Apr,2024-09,0.14407378768089682,0.1436910394888754,0.18499999999999997,348.8461538461538
nhsn,2024-2025,Wisconsin,extended_sep_apr,Extended Sep-Apr,2024-10,0.14761696080986267,0.14721969624999964,0.185,360.0897435897436
nhsn,2024-2025,Wisconsin,extended_sep_apr,Extended Sep-Apr,2024-11,0.14853078383061386,0.1478788433545154,0.18499999999999997,344.5769230769231
nhsn,2024-2025,Wisconsin,extended_sep_apr,Extended Sep-Apr,2024-12,0.14264000432175108,0.13788445669213598,0.185,332.15934065934067
nhsn,2024-2025,Wisconsin,extended_sep_apr,Extended Sep-Apr,2025-01,0.12859045815762285,0.1251512070896457,0.185,241.10622710622712
nhsn,2024-2025,Wisconsin,extended_sep_apr,Extended Sep-Apr,2025-02,0.11426007807627728,0.1110924233008458,0.185,118.87179487179489
nhsn,2024-2025,Wisconsin,extended_sep_apr,Extended Sep-Apr,2025-03,0.09531339781319599,0.09744431136625392,0.185,50.07142857142857
nhsn,2024-2025,Wisconsin,extended_sep_apr,Extended Sep-Apr,2025-04,0.10216645496672004,0.08172216226320579,0.12300921333333335,11.998168498168498
nhsn,2024-2025,Wisconsin,extended_sep_apr,Extended Sep-Apr,2025-05,0.0,0.0,0.0,3.3186813186813184
nhsn,2024-2025,Wisconsin,extended_sep_apr,Extended Sep-Apr,2025-06,0.0,0.0,0.0,0.28205128205128205
nhsn,2024-2025,Wisconsin,late_oct_apr,Late Oct-Apr,2024-01,0.0,0.0,0.0,113.70879120879121
nhsn,2024-2025,Wisconsin,late_oct_apr,Late Oct-Apr,2024-02,0.0,0.0,0.0,212.3772893772894
nhsn,2024-2025,Wisconsin,late_oct_apr,Late Oct-Apr,2024-03,0.0,0.027412441919797956,0.03425483870967742,310.4029304029304
nhsn,2024-2025,Wisconsin,late_oct_apr,Late Oct-Apr,2024-04,0.14803406741456668,0.14807839233629022,0.18499999999999991,336.8479853479854
nhsn,2024-2025,Wisconsin,late_oct_apr,Late Oct-Apr,2024-05,0.14741896208831715,0.14737841052581685,0.18499999999999997,357.15567765567766
nhsn,2024-2025,Wisconsin,late_oct_apr,Late Oct-Apr,2024-06,0.14717811342461287,0.14698878871931986,0.18499999999999991,348.5641025641026
nhsn,2024-2025,Wisconsin,late_oct_apr,Late Oct-Apr,2024-07,0.14738446025088475,0.14713752886176668,0.18499999999999997,360.47435897435895
nhsn,2024-2025,Wisconsin,late_oct_apr,Late Oct-Apr,2024-08,0.14665004541874885,0.14650922302081743,0.18499999999999997,360.47435897435895
nhsn,2024-2025,Wisconsin,late_oct_apr,Late Oct-Apr,2024-09,0.14558688190640673,0.14578040231943487,0.18499999999999991,348.84615384615387
nhsn,2024-2025,Wisconsin,late_oct_apr,Late Oct-Apr,2024-10,0.14761696080986267,0.14721969624999964,0.185,360.0897435897436
nhsn,2024-2025,Wisconsin,late_oct_apr,Late Oct-Apr,2024-11,0.14853078383061386,0.1478788433545154,0.18499999999999997,344.5769230769231
nhsn,2024-2025,Wisconsin,late_oct_apr,Late Oct-Apr,2024-12,0.14264000432175108,0.13788445669213598,0.185,332.15934065934067
nhsn,2024-2025,Wisconsin,late_oct_apr,Late Oct-Apr,2025-01,0.12859045815762285,0.1251512070896457,0.185,241.10622710622712
nhsn,2024-2025,Wisconsin,late_oct_apr,Late Oct-Apr,2025-02,0.11426007807627728,0.1110924233008458,0.185,118.87179487179489
nhsn,2024-2025,Wisconsin,late_oct_apr,Late Oct-Apr,2025-03,0.09531339781319599,0.09744431136625392,0.185,50.07142857142857
nhsn,2024-2025,Wisconsin,late_oct_apr,Late Oct-Apr,2025-04,0.10216645496672004,0.08172216226320579,0.12300921333333335,11.998168498168498
nhsn,2024-2025,Wisconsin,late_oct_apr,Late Oct-Apr,2025-05,0.0,0.0,0.0,3.3186813186813184
nhsn,2024-2025,Wisconsin,late_oct_apr,Late Oct-Apr,2025-06,0.0,0.0,0.0,0.28205128205128205
nhsn,2024-2025,Wyoming,baseline_oct_mar,Baseline Oct-Mar,2024-01,0.0,0.0,0.0,19.840659340659343
nhsn,2024-2025,Wyoming,baseline_oct_mar,Baseline Oct-Mar,2024-02,0.0,0.0,0.0,39.01831501831503
nhsn,2024-2025,Wyoming,baseline_oct_mar,Baseline Oct-Mar,2024-03,0.0,0.027382155910936967,0.03425483870967742,78.38461538461536
nhsn,2024-2025,Wyoming,baseline_oct_mar,Baseline Oct-Mar,2024-04,0.14780386315247254,0.14780974002579697,0.18499999999999991,98.35531135531136
nhsn,2024-2025,Wyoming,baseline_oct_mar,Baseline Oct-Mar,2024-05,0.14691457305871802,0.14654397894439528,0.18499999999999997,105.5915750915751
nhsn,2024-2025,Wyoming,baseline_oct_mar,Baseline Oct-Mar,2024-06,0.14526051435971438,0.14572231931931648,0.18499999999999991,103.84615384615381
nhsn,2024-2025,Wyoming,baseline_oct_mar,Baseline Oct-Mar,2024-07,0.14682517504717504,0.14630504177054127,0.18499999999999997,107.30769230769229
nhsn,2024-2025,Wyoming,baseline_oct_mar,Baseline Oct-Mar,2024-08,0.14467858541828543,0.1452086037488199,0.18499999999999997,107.30769230769229
nhsn,2024-2025,Wyoming,baseline_oct_mar,Baseline Oct-Mar,2024-09,0.14441364176194177,0.14446163511600493,0.18499999999999991,103.84615384615381
nhsn,2024-2025,Wyoming,baseline_oct_mar,Baseline Oct-Mar,2024-10,0.1466677925962926,0.14610117573698622,0.185,107.27106227106225
nhsn,2024-2025,Wyoming,baseline_oct_mar,Baseline Oct-Mar,2024-11,0.14810777911267836,0.14692959743148734,0.18499999999999997,102.4084249084249
nhsn,2024-2025,Wyoming,baseline_oct_mar,Baseline Oct-Mar,2024-12,0.14416345270518954,0.1429302043058762,0.185,99.28021978021978
nhsn,2024-2025,Wyoming,baseline_oct_mar,Baseline Oct-Mar,2025-01,0.14658801406070565,0.140714383023837,0.185,86.58424908424908
nhsn,2024-2025,Wyoming,baseline_oct_mar,Baseline Oct-Mar,2025-02,0.1255334927746393,0.11920452416264037,0.185,58.78754578754579
nhsn,2024-2025,Wyoming,baseline_oct_mar,Baseline Oct-Mar,2025-03,0.0896152163621325,0.07809008607325091,0.12500891612903228,28.923076923076927
nhsn,2024-2025,Wyoming,baseline_oct_mar,Baseline Oct-Mar,2025-04,0.0,0.0,0.0,5.490842490842491
nhsn,2024-2025,Wyoming,baseline_oct_mar,Baseline Oct-Mar,2025-05,0.0,0.0,0.0,1.7161172161172158
nhsn,2024-2025,Wyoming,baseline_oct_mar,Baseline Oct-Mar,2025-06,,,0.0,0.0
nhsn,2024-2025,Wyoming,early_sep_mar,Early Sep-Mar,2024-01,0.0,0.0,0.0,19.840659340659343
nhsn,2024-2025,Wyoming,early_sep_mar,Early Sep-Mar,2024-02,0.0,0.027110942710426633,0.034001724137931025,39.01831501831503
nhsn,2024-2025,Wyoming,early_sep_mar,Early Sep-Mar,2024-03,0.14750688538756526,0.1447322305403479,0.1814790322580645,78.38461538461536
nhsn,2024-2025,Wyoming,early_sep_mar,Early Sep-Mar,2024-04,0.14780386315247254,0.14598521291814134,0.18499999999999991,98.35531135531136
nhsn,2024-2025,Wyoming,early_sep_mar,Early Sep-Mar,2024-05,0.14400474382875625,0.14279454251174303,0.18499999999999997,105.5915750915751
nhsn,2024-2025,Wyoming,early_sep_mar,Early Sep-Mar,2024-06,0.14467858541828543,0.14326018035703803,0.18499999999999991,103.84615384615381
nhsn,2024-2025,Wyoming,early_sep_mar,Early Sep-Mar,2024-07,0.14005884868094867,0.1387163602188063,0.18499999999999997,107.30769230769229
nhsn,2024-2025,Wyoming,early_sep_mar,Early Sep-Mar,2024-08,0.1339549494949495,0.13518663046109627,0.18499999999999997,107.30769230769229
nhsn,2024-2025,Wyoming,early_sep_mar,Early Sep-Mar,2024-09,0.14351589228179232,0.1414560199169463,0.18499999999999997,103.84615384615383
nhsn,2024-2025,Wyoming,early_sep_mar,Early Sep-Mar,2024-10,0.1466677925962926,0.14610117573698622,0.185,107.27106227106225
nhsn,2024-2025,Wyoming,early_sep_mar,Early Sep-Mar,2024-11,0.14810777911267836,0.14692959743148734,0.18499999999999997,102.4084249084249
nhsn,2024-2025,Wyoming,early_sep_mar,Early Sep-Mar,2024-12,0.14416345270518954,0.1429302043058762,0.185,99.28021978021978
nhsn,2024-2025,Wyoming,early_sep_mar,Early Sep-Mar,2025-01,0.14658801406070565,0.140714383023837,0.185,86.58424908424908
nhsn,2024-2025,Wyoming,early_sep_mar,Early Sep-Mar,2025-02,0.1255334927746393,0.11920452416264037,0.185,58.78754578754579
nhsn,2024-2025,Wyoming,early_sep_mar,Early Sep-Mar,2025-03,0.0896152163621325,0.07809008607325091,0.12500891612903228,28.923076923076927
nhsn,2024-2025,Wyoming,early_sep_mar,Early Sep-Mar,2025-04,0.0,0.0,0.0,5.490842490842491
nhsn,2024-2025,Wyoming,early_sep_mar,Early Sep-Mar,2025-05,0.0,0.0,0.0,1.7161172161172158
nhsn,2024-2025,Wyoming,early_sep_mar,Early Sep-Mar,2025-06,,,0.0,0.0
nhsn,2024-2025,Wyoming,extended_sep_apr,Extended Sep-Apr,2024-01,0.0,0.0,0.0,19.840659340659343
nhsn,2024-2025,Wyoming,extended_sep_apr,Extended Sep-Apr,2024-02,0.0,0.027110942710426633,0.034001724137931025,39.01831501831503
nhsn,2024-2025,Wyoming,extended_sep_apr,Extended Sep-Apr,2024-03,0.14750688538756526,0.1447322305403479,0.1814790322580645,78.38461538461536
nhsn,2024-2025,Wyoming,extended_sep_apr,Extended Sep-Apr,2024-04,0.14780386315247254,0.14598521291814134,0.18499999999999991,98.35531135531136
nhsn,2024-2025,Wyoming,extended_sep_apr,Extended Sep-Apr,2024-05,0.14400474382875625,0.14279454251174303,0.18499999999999997,105.5915750915751
nhsn,2024-2025,Wyoming,extended_sep_apr,Extended Sep-Apr,2024-06,0.14467858541828543,0.14326018035703803,0.18499999999999991,103.84615384615381
nhsn,2024-2025,Wyoming,extended_sep_apr,Extended Sep-Apr,2024-07,0.14005884868094867,0.1387163602188063,0.18499999999999997,107.30769230769229
nhsn,2024-2025,Wyoming,extended_sep_apr,Extended Sep-Apr,2024-08,0.1339549494949495,0.13518663046109627,0.18499999999999997,107.30769230769229
nhsn,2024-2025,Wyoming,extended_sep_apr,Extended Sep-Apr,2024-09,0.14351589228179232,0.1414560199169463,0.18499999999999997,103.84615384615383
nhsn,2024-2025,Wyoming,extended_sep_apr,Extended Sep-Apr,2024-10,0.1466677925962926,0.14610117573698622,0.185,107.27106227106225
nhsn,2024-2025,Wyoming,extended_sep_apr,Extended Sep-Apr,2024-11,0.14810777911267836,0.14692959743148734,0.18499999999999997,102.4084249084249
nhsn,2024-2025,Wyoming,extended_sep_apr,Extended Sep-Apr,2024-12,0.14416345270518954,0.1429302043058762,0.185,99.28021978021978
nhsn,2024-2025,Wyoming,extended_sep_apr,Extended Sep-Apr,2025-01,0.14658801406070565,0.140714383023837,0.185,86.58424908424908
nhsn,2024-2025,Wyoming,extended_sep_apr,Extended Sep-Apr,2025-02,0.1255334927746393,0.11920452416264037,0.185,58.78754578754579
nhsn,2024-2025,Wyoming,extended_sep_apr,Extended Sep-Apr,2025-03,0.09440559476192598,0.09337394061538812,0.185,28.923076923076927
nhsn,2024-2025,Wyoming,extended_sep_apr,Extended Sep-Apr,2025-04,0.07392899316592498,0.0734903422976908,0.12300921333333335,5.490842490842491
nhsn,2024-2025,Wyoming,extended_sep_apr,Extended Sep-Apr,2025-05,0.0,0.0,0.0,1.7161172161172158
nhsn,2024-2025,Wyoming,extended_sep_apr,Extended Sep-Apr,2025-06,,,0.0,0.0
nhsn,2024-2025,Wyoming,late_oct_apr,Late Oct-Apr,2024-01,0.0,0.0,0.0,19.840659340659343
nhsn,2024-2025,Wyoming,late_oct_apr,Late Oct-Apr,2024-02,0.0,0.0,0.0,39.01831501831503
nhsn,2024-2025,Wyoming,late_oct_apr,Late Oct-Apr,2024-03,0.0,0.027382155910936967,0.03425483870967742,78.38461538461536
nhsn,2024-2025,Wyoming,late_oct_apr,Late Oct-Apr,2024-04,0.14780386315247254,0.14780974002579697,0.18499999999999991,98.35531135531136
nhsn,2024-2025,Wyoming,late_oct_apr,Late Oct-Apr,2024-05,0.14691457305871802,0.14654397894439528,0.18499999999999997,105.5915750915751
nhsn,2024-2025,Wyoming,late_oct_apr,Late Oct-Apr,2024-06,0.14526051435971438,0.14572231931931648,0.18499999999999991,103.84615384615381
nhsn,2024-2025,Wyoming,late_oct_apr,Late Oct-Apr,2024-07,0.14682517504717504,0.14630504177054127,0.18499999999999997,107.30769230769229
nhsn,2024-2025,Wyoming,late_oct_apr,Late Oct-Apr,2024-08,0.14467858541828543,0.1452086037488199,0.18499999999999997,107.30769230769229
nhsn,2024-2025,Wyoming,late_oct_apr,Late Oct-Apr,2024-09,0.14441364176194177,0.14446163511600493,0.18499999999999991,103.84615384615381
nhsn,2024-2025,Wyoming,late_oct_apr,Late Oct-Apr,2024-10,0.1466677925962926,0.14610117573698622,0.185,107.27106227106225
nhsn,2024-2025,Wyoming,late_oct_apr,Late Oct-Apr,2024-11,0.14810777911267836,0.14692959743148734,0.18499999999999997,102.4084249084249
nhsn,2024-2025,Wyoming,late_oct_apr,Late Oct-Apr,2024-12,0.14416345270518954,0.1429302043058762,0.185,99.28021978021978
nhsn,2024-2025,Wyoming,late_oct_apr,Late Oct-Apr,2025-01,0.14658801406070565,0.140714383023837,0.185,86.58424908424908
nhsn,2024-2025,Wyoming,late_oct_apr,Late Oct-Apr,2025-02,0.1255334927746393,0.11920452416264037,0.185,58.78754578754579
nhsn,2024-2025,Wyoming,late_oct_apr,Late Oct-Apr,2025-03,0.09440559476192598,0.09337394061538812,0.185,28.923076923076927
nhsn,2024-2025,Wyoming,late_oct_apr,Late Oct-Apr,2025-04,0.07392899316592498,0.0734903422976908,0.12300921333333335,5.490842490842491
nhsn,2024-2025,Wyoming,late_oct_apr,Late Oct-Apr,2025-05,0.0,0.0,0.0,1.7161172161172158
nhsn,2024-2025,Wyoming,late_oct_apr,Late Oct-Apr,2025-06,,,0.0,0.0
nhsn,2025-2026,Alabama,baseline_oct_mar,Baseline Oct-Mar,2025-01,0.0,0.0,0.0,190.78388278388277
nhsn,2025-2026,Alabama,baseline_oct_mar,Baseline Oct-Mar,2025-02,0.0,0.0,0.0,203.82051282051282
nhsn,2025-2026,Alabama,baseline_oct_mar,Baseline Oct-Mar,2025-03,0.0,0.02489391854798867,0.03425483870967742,255.5311355311355
nhsn,2025-2026,Alabama,baseline_oct_mar,Baseline Oct-Mar,2025-04,0.13029858486860757,0.12952215210410684,0.18499999999999991,264.30952380952385
nhsn,2025-2026,Alabama,baseline_oct_mar,Baseline Oct-Mar,2025-05,0.11523010292787297,0.11718548053665503,0.18499999999999997,276.5018315018316
nhsn,2025-2026,Alabama,baseline_oct_mar,Baseline Oct-Mar,2025-06,0.1306645999842047,0.1296929658043159,0.18499999999999991,267.58241758241763
nhsn,2025-2026,Alabama,baseline_oct_mar,Baseline Oct-Mar,2025-07,0.11607580521388261,0.11837358855009339,0.18499999999999997,273.7399267399268
nhsn,2025-2026,Alabama,baseline_oct_mar,Baseline Oct-Mar,2025-08,0.13496019549816898,0.13528315340949967,0.18499999999999997,269.92857142857144
nhsn,2025-2026,Alabama,baseline_oct_mar,Baseline Oct-Mar,2025-09,0.14120520523201494,0.14157327824459642,0.18499999999999991,254.2326007326007
nhsn,2025-2026,Alabama,baseline_oct_mar,Baseline Oct-Mar,2025-10,0.14550521597537164,0.1435474752155755,0.185,244.5805860805861
nhsn,2025-2026,Alabama,baseline_oct_mar,Baseline Oct-Mar,2025-11,0.14132863448150076,0.13699329190173137,0.18499999999999997,204.19963369963372
nhsn,2025-2026,Alabama,baseline_oct_mar,Baseline Oct-Mar,2025-12,0.12723437360129156,0.12476986100928145,0.185,153.66666666666669
nhsn,2025-2026,Alabama,baseline_oct_mar,Baseline Oct-Mar,2026-01,0.1321490092647994,0.12669041217495414,0.185,85.71794871794872
nhsn,2025-2026,Alabama,baseline_oct_mar,Baseline Oct-Mar,2026-02,0.11927228162904094,0.11474403309988933,0.185,45.92307692307692
nhsn,2025-2026,Alabama,baseline_oct_mar,Baseline Oct-Mar,2026-03,0.09243136465767911,0.08051406880926691,0.12500891612903228,20.97069597069597
nhsn,2025-2026,Alabama,baseline_oct_mar,Baseline Oct-Mar,2026-04,0.0,0.0,0.0,3.2728937728937733
nhsn,2025-2026,Alabama,early_sep_mar,Early Sep-Mar,2025-01,0.0,0.0,0.0,190.78388278388277
nhsn,2025-2026,Alabama,early_sep_mar,Early Sep-Mar,2025-02,0.0,0.027035678636966466,0.035216071428571416,203.82051282051282
nhsn,2025-2026,Alabama,early_sep_mar,Early Sep-Mar,2025-03,0.13952791704053658,0.13656339473269882,0.1814790322580645,255.5311355311355
nhsn,2025-2026,Alabama,early_sep_mar,Early Sep-Mar,2025-04,0.13181302865930503,0.13270839648550628,0.18499999999999991,264.30952380952385
nhsn,2025-2026,Alabama,early_sep_mar,Early Sep-Mar,2025-05,0.13895291525538117,0.1380249622951075,0.18499999999999997,276.5018315018316
nhsn,2025-2026,Alabama,early_sep_mar,Early Sep-Mar,2025-06,0.13199937016269153,0.13282739746188738,0.18499999999999991,267.58241758241763
nhsn,2025-2026,Alabama,early_sep_mar,Early Sep-Mar,2025-07,0.1403536497765009,0.14012407627279402,0.18499999999999997,273.7399267399268
nhsn,2025-2026,Alabama,early_sep_mar,Early Sep-Mar,2025-08,0.142327019320612,0.1422888500491781,0.18499999999999997,269.92857142857144
nhsn,2025-2026,Alabama,early_sep_mar,Early Sep-Mar,2025-09,0.14490075771129257,0.14456222609620606,0.18499999999999997,254.23260073260073
nhsn,2025-2026,Alabama,early_sep_mar,Early Sep-Mar,2025-10,0.14550521597537164,0.1435474752155755,0.185,244.5805860805861
nhsn,2025-2026,Alabama,early_sep_mar,Early Sep-Mar,2025-11,0.14132863448150076,0.13699329190173137,0.18499999999999997,204.19963369963372
nhsn,2025-2026,Alabama,early_sep_mar,Early Sep-Mar,2025-12,0.12723437360129156,0.12476986100928145,0.185,153.66666666666669
nhsn,2025-2026,Alabama,early_sep_mar,Early Sep-Mar,2026-01,0.1321490092647994,0.12669041217495414,0.185,85.71794871794872
nhsn,2025-2026,Alabama,early_sep_mar,Early Sep-Mar,2026-02,0.11927228162904094,0.11474403309988933,0.185,45.92307692307692
nhsn,2025-2026,Alabama,early_sep_mar,Early Sep-Mar,2026-03,0.09243136465767911,0.08051406880926691,0.12500891612903228,20.97069597069597
nhsn,2025-2026,Alabama,early_sep_mar,Early Sep-Mar,2026-04,0.0,0.0,0.0,3.2728937728937733
nhsn,2025-2026,Alabama,extended_sep_apr,Extended Sep-Apr,2025-01,0.0,0.0,0.0,190.78388278388277
nhsn,2025-2026,Alabama,extended_sep_apr,Extended Sep-Apr,2025-02,0.0,0.027035678636966466,0.035216071428571416,203.82051282051282
nhsn,2025-2026,Alabama,extended_sep_apr,Extended Sep-Apr,2025-03,0.13952791704053658,0.13656339473269882,0.1814790322580645,255.5311355311355
nhsn,2025-2026,Alabama,extended_sep_apr,Extended Sep-Apr,2025-04,0.13181302865930503,0.13270839648550628,0.18499999999999991,264.30952380952385
nhsn,2025-2026,Alabama,extended_sep_apr,Extended Sep-Apr,2025-05,0.13895291525538117,0.1380249622951075,0.18499999999999997,276.5018315018316
nhsn,2025-2026,Alabama,extended_sep_apr,Extended Sep-Apr,2025-06,0.13199937016269153,0.13282739746188738,0.18499999999999991,267.58241758241763
nhsn,2025-2026,Alabama,extended_sep_apr,Extended Sep-Apr,2025-07,0.1403536497765009,0.14012407627279402,0.18499999999999997,273.7399267399268
nhsn,2025-2026,Alabama,extended_sep_apr,Extended Sep-Apr,2025-08,0.142327019320612,0.1422888500491781,0.18499999999999997,269.92857142857144
nhsn,2025-2026,Alabama,extended_sep_apr,Extended Sep-Apr,2025-09,0.14490075771129257,0.14456222609620606,0.18499999999999997,254.23260073260073
nhsn,2025-2026,Alabama,extended_sep_apr,Extended Sep-Apr,2025-10,0.14550521597537164,0.1435474752155755,0.185,244.5805860805861
nhsn,2025-2026,Alabama,extended_sep_apr,Extended Sep-Apr,2025-11,0.14132863448150076,0.13699329190173137,0.18499999999999997,204.19963369963372
nhsn,2025-2026,Alabama,extended_sep_apr,Extended Sep-Apr,2025-12,0.12723437360129156,0.12476986100928145,0.185,153.66666666666669
nhsn,2025-2026,Alabama,extended_sep_apr,Extended Sep-Apr,2026-01,0.1321490092647994,0.12669041217495414,0.185,85.71794871794872
nhsn,2025-2026,Alabama,extended_sep_apr,Extended Sep-Apr,2026-02,0.11927228162904094,0.11474403309988933,0.185,45.92307692307692
nhsn,2025-2026,Alabama,extended_sep_apr,Extended Sep-Apr,2026-03,0.09243136465767911,0.09342742171864836,0.185,20.97069597069597
nhsn,2025-2026,Alabama,extended_sep_apr,Extended Sep-Apr,2026-04,0.013118181818181817,0.04355898061002275,0.13351405600000002,3.272893772893773
nhsn,2025-2026,Alabama,late_oct_apr,Late Oct-Apr,2025-01,0.0,0.0,0.0,190.78388278388277
nhsn,2025-2026,Alabama,late_oct_apr,Late Oct-Apr,2025-02,0.0,0.0,0.0,203.82051282051282
nhsn,2025-2026,Alabama,late_oct_apr,Late Oct-Apr,2025-03,0.0,0.02489391854798867,0.03425483870967742,255.5311355311355
nhsn,2025-2026,Alabama,late_oct_apr,Late Oct-Apr,2025-04,0.13029858486860757,0.12952215210410684,0.18499999999999991,264.30952380952385
nhsn,2025-2026,Alabama,late_oct_apr,Late Oct-Apr,2025-05,0.11523010292787297,0.11718548053665503,0.18499999999999997,276.5018315018316
nhsn,2025-2026,Alabama,late_oct_apr,Late Oct-Apr,2025-06,0.1306645999842047,0.1296929658043159,0.18499999999999991,267.58241758241763
nhsn,2025-2026,Alabama,late_oct_apr,Late Oct-Apr,2025-07,0.11607580521388261,0.11837358855009339,0.18499999999999997,273.7399267399268
nhsn,2025-2026,Alabama,late_oct_apr,Late Oct-Apr,2025-08,0.13496019549816898,0.13528315340949967,0.18499999999999997,269.92857142857144
nhsn,2025-2026,Alabama,late_oct_apr,Late Oct-Apr,2025-09,0.14120520523201494,0.14157327824459642,0.18499999999999991,254.2326007326007
nhsn,2025-2026,Alabama,late_oct_apr,Late Oct-Apr,2025-10,0.14550521597537164,0.1435474752155755,0.185,244.5805860805861
nhsn,2025-2026,Alabama,late_oct_apr,Late Oct-Apr,2025-11,0.14132863448150076,0.13699329190173137,0.18499999999999997,204.19963369963372
nhsn,2025-2026,Alabama,late_oct_apr,Late Oct-Apr,2025-12,0.12723437360129156,0.12476986100928145,0.185,153.66666666666669
nhsn,2025-2026,Alabama,late_oct_apr,Late Oct-Apr,2026-01,0.1321490092647994,0.12669041217495414,0.185,85.71794871794872
nhsn,2025-2026,Alabama,late_oct_apr,Late Oct-Apr,2026-02,0.11927228162904094,0.11474403309988933,0.185,45.92307692307692
nhsn,2025-2026,Alabama,late_oct_apr,Late Oct-Apr,2026-03,0.09243136465767911,0.09342742171864836,0.185,20.97069597069597
nhsn,2025-2026,Alabama,late_oct_apr,Late Oct-Apr,2026-04,0.013118181818181817,0.04355898061002275,0.13351405600000002,3.272893772893773
nhsn,2025-2026,Alaska,baseline_oct_mar,Baseline Oct-Mar,2025-01,0.0,0.0,0.0,8.104395604395602
nhsn,2025-2026,Alaska,baseline_oct_mar,Baseline Oct-Mar,2025-02,0.0,0.0,0.0,13.948717948717949
nhsn,2025-2026,Alaska,baseline_oct_mar,Baseline Oct-Mar,2025-03,0.0,0.02665558221887303,0.03425483870967742,21.901098901098898
nhsn,2025-2026,Alaska,baseline_oct_mar,Baseline Oct-Mar,2025-04,0.14305422870572054,0.14144751950987536,0.18499999999999991,28.111721611721613
nhsn,2025-2026,Alaska,baseline_oct_mar,Baseline Oct-Mar,2025-05,0.13121259512282588,0.1344472401470738,0.18499999999999997,31.0
nhsn,2025-2026,Alaska,baseline_oct_mar,Baseline Oct-Mar,2025-06,0.1434504571966495,0.14165919944102903,0.18499999999999991,30.0
nhsn,2025-2026,Alaska,baseline_oct_mar,Baseline Oct-Mar,2025-07,0.13227848968979738,0.13490304430960015,0.18499999999999997,30.897435897435898
nhsn,2025-2026,Alaska,baseline_oct_mar,Baseline Oct-Mar,2025-08,0.1465851241128275,0.14623899603364005,0.18499999999999997,30.371794871794876
nhsn,2025-2026,Alaska,baseline_oct_mar,Baseline Oct-Mar,2025-09,0.14830035774751563,0.14804288253650297,0.18499999999999991,29.230769230769234
nhsn,2025-2026,Alaska,baseline_oct_mar,Baseline Oct-Mar,2025-10,0.14725954671644145,0.14487107996265824,0.185,29.94505494505495
nhsn,2025-2026,Alaska,baseline_oct_mar,Baseline Oct-Mar,2025-11,0.14705456825539193,0.1457263112767683,0.18499999999999997,26.836996336996336
nhsn,2025-2026,Alaska,baseline_oct_mar,Baseline Oct-Mar,2025-12,0.1461962221940955,0.1447230171152714,0.185,25.93772893772894
nhsn,2025-2026,Alaska,baseline_oct_mar,Baseline Oct-Mar,2026-01,0.14295964265734268,0.13419029732451193,0.185,22.895604395604394
nhsn,2025-2026,Alaska,baseline_oct_mar,Baseline Oct-Mar,2026-02,0.13595457359047203,0.13041110041315232,0.185,14.051282051282053
nhsn,2025-2026,Alaska,baseline_oct_mar,Baseline Oct-Mar,2026-03,0.10169642533936651,0.08370129059354689,0.12500891612903228,9.098901098901099
nhsn,2025-2026,Alaska,baseline_oct_mar,Baseline Oct-Mar,2026-04,0.0,0.0,0.0,1.8882783882783882
nhsn,2025-2026,Alaska,early_sep_mar,Early Sep-Mar,2025-01,0.0,0.0,0.0,8.104395604395602
nhsn,2025-2026,Alaska,early_sep_mar,Early Sep-Mar,2025-02,0.0,0.026841601980910023,0.035216071428571416,13.948717948717949
nhsn,2025-2026,Alaska,early_sep_mar,Early Sep-Mar,2025-03,0.14277909384164222,0.14004363848281276,0.1814790322580645,21.901098901098898
nhsn,2025-2026,Alaska,early_sep_mar,Early Sep-Mar,2025-04,0.14305422870572054,0.1400467091766845,0.18499999999999991,28.111721611721613
nhsn,2025-2026,Alaska,early_sep_mar,Early Sep-Mar,2025-05,0.1382048274289813,0.13653350778517598,0.18499999999999997,31.0
nhsn,2025-2026,Alaska,early_sep_mar,Early Sep-Mar,2025-06,0.1434504571966495,0.1398920355365233,0.18499999999999991,30.0
nhsn,2025-2026,Alaska,early_sep_mar,Early Sep-Mar,2025-07,0.13397683414021874,0.13364941912229486,0.18499999999999997,30.897435897435898
nhsn,2025-2026,Alaska,early_sep_mar,Early Sep-Mar,2025-08,0.12846181054010922,0.13025530600290514,0.18499999999999997,30.371794871794876
nhsn,2025-2026,Alaska,early_sep_mar,Early Sep-Mar,2025-09,0.14535529275987172,0.14185524950038872,0.18499999999999997,29.23076923076923
nhsn,2025-2026,Alaska,early_sep_mar,Early Sep-Mar,2025-10,0.14725954671644145,0.14487107996265824,0.185,29.94505494505495
nhsn,2025-2026,Alaska,early_sep_mar,Early Sep-Mar,2025-11,0.14705456825539193,0.1457263112767683,0.18499999999999997,26.836996336996336
nhsn,2025-2026,Alaska,early_sep_mar,Early Sep-Mar,2025-12,0.1461962221940955,0.1447230171152714,0.185,25.93772893772894
nhsn,2025-2026,Alaska,early_sep_mar,Early Sep-Mar,2026-01,0.14295964265734268,0.13419029732451193,0.185,22.895604395604394
nhsn,2025-2026,Alaska,early_sep_mar,Early Sep-Mar,2026-02,0.13595457359047203,0.13041110041315232,0.185,14.051282051282053
nhsn,2025-2026,Alaska,early_sep_mar,Early Sep-Mar,2026-03,0.10169642533936651,0.08370129059354689,0.12500891612903228,9.098901098901099
nhsn,2025-2026,Alaska,early_sep_mar,Early Sep-Mar,2026-04,0.0,0.0,0.0,1.8882783882783882
nhsn,2025-2026,Alaska,extended_sep_apr,Extended Sep-Apr,2025-01,0.0,0.0,0.0,8.104395604395602
nhsn,2025-2026,Alaska,extended_sep_apr,Extended Sep-Apr,2025-02,0.0,0.026841601980910023,0.035216071428571416,13.948717948717949
nhsn,2025-2026,Alaska,extended_sep_apr,Extended Sep-Apr,2025-03,0.14277909384164222,0.14004363848281276,0.1814790322580645,21.901098901098898
nhsn,2025-2026,Alaska,extended_sep_apr,Extended Sep-Apr,2025-04,0.14305422870572054,0.1400467091766845,0.18499999999999991,28.111721611721613
nhsn,2025-2026,Alaska,extended_sep_apr,Extended Sep-Apr,2025-05,0.1382048274289813,0.13653350778517598,0.18499999999999997,31.0
nhsn,2025-2026,Alaska,extended_sep_apr,Extended Sep-Apr,2025-06,0.1434504571966495,0.1398920355365233,0.18499999999999991,30.0
nhsn,2025-2026,Alaska,extended_sep_apr,Extended Sep-Apr,2025-07,0.13397683414021874,0.13364941912229486,0.18499999999999997,30.897435897435898
nhsn,2025-2026,Alaska,extended_sep_apr,Extended Sep-Apr,2025-08,0.12846181054010922,0.13025530600290514,0.18499999999999997,30.371794871794876
nhsn,2025-2026,Alaska,extended_sep_apr,Extended Sep-Apr,2025-09,0.14535529275987172,0.14185524950038872,0.18499999999999997,29.23076923076923
nhsn,2025-2026,Alaska,extended_sep_apr,Extended Sep-Apr,2025-10,0.14725954671644145,0.14487107996265824,0.185,29.94505494505495
nhsn,2025-2026,Alaska,extended_sep_apr,Extended Sep-Apr,2025-11,0.14705456825539193,0.1457263112767683,0.18499999999999997,26.836996336996336
nhsn,2025-2026,Alaska,extended_sep_apr,Extended Sep-Apr,2025-12,0.1461962221940955,0.1447230171152714,0.185,25.93772893772894
nhsn,2025-2026,Alaska,extended_sep_apr,Extended Sep-Apr,2026-01,0.14295964265734268,0.13419029732451193,0.185,22.895604395604394
nhsn,2025-2026,Alaska,extended_sep_apr,Extended Sep-Apr,2026-02,0.13595457359047203,0.13041110041315232,0.185,14.051282051282053
nhsn,2025-2026,Alaska,extended_sep_apr,Extended Sep-Apr,2026-03,0.10498320032908268,0.10035512270989659,0.185,9.098901098901099
nhsn,2025-2026,Alaska,extended_sep_apr,Extended Sep-Apr,2026-04,0.01574181818181818,0.04826123307064118,0.13351405600000002,1.8882783882783882
nhsn,2025-2026,Alaska,late_oct_apr,Late Oct-Apr,2025-01,0.0,0.0,0.0,8.104395604395602
nhsn,2025-2026,Alaska,late_oct_apr,Late Oct-Apr,2025-02,0.0,0.0,0.0,13.948717948717949
nhsn,2025-2026,Alaska,late_oct_apr,Late Oct-Apr,2025-03,0.0,0.02665558221887303,0.03425483870967742,21.901098901098898
nhsn,2025-2026,Alaska,late_oct_apr,Late Oct-Apr,2025-04,0.14305422870572054,0.14144751950987536,0.18499999999999991,28.111721611721613
nhsn,2025-2026,Alaska,late_oct_apr,Late Oct-Apr,2025-05,0.13121259512282588,0.1344472401470738,0.18499999999999997,31.0
nhsn,2025-2026,Alaska,late_oct_apr,Late Oct-Apr,2025-06,0.1434504571966495,0.14165919944102903,0.18499999999999991,30.0
nhsn,2025-2026,Alaska,late_oct_apr,Late Oct-Apr,2025-07,0.13227848968979738,0.13490304430960015,0.18499999999999997,30.897435897435898
nhsn,2025-2026,Alaska,late_oct_apr,Late Oct-Apr,2025-08,0.1465851241128275,0.14623899603364005,0.18499999999999997,30.371794871794876
nhsn,2025-2026,Alaska,late_oct_apr,Late Oct-Apr,2025-09,0.14830035774751563,0.14804288253650297,0.18499999999999991,29.230769230769234
nhsn,2025-2026,Alaska,late_oct_apr,Late Oct-Apr,2025-10,0.14725954671644145,0.14487107996265824,0.185,29.94505494505495
nhsn,2025-2026,Alaska,late_oct_apr,Late Oct-Apr,2025-11,0.14705456825539193,0.1457263112767683,0.18499999999999997,26.836996336996336
nhsn,2025-2026,Alaska,late_oct_apr,Late Oct-Apr,2025-12,0.1461962221940955,0.1447230171152714,0.185,25.93772893772894
nhsn,2025-2026,Alaska,late_oct_apr,Late Oct-Apr,2026-01,0.14295964265734268,0.13419029732451193,0.185,22.895604395604394
nhsn,2025-2026,Alaska,late_oct_apr,Late Oct-Apr,2026-02,0.13595457359047203,0.13041110041315232,0.185,14.051282051282053
nhsn,2025-2026,Alaska,late_oct_apr,Late Oct-Apr,2026-03,0.10498320032908268,0.10035512270989659,0.185,9.098901098901099
nhsn,2025-2026,Alaska,late_oct_apr,Late Oct-Apr,2026-04,0.01574181818181818,0.04826123307064118,0.13351405600000002,1.8882783882783882
nhsn,2025-2026,Arizona,baseline_oct_mar,Baseline Oct-Mar,2025-01,0.0,0.0,0.0,43.948717948717956
nhsn,2025-2026,Arizona,baseline_oct_mar,Baseline Oct-Mar,2025-02,0.0,0.0,0.0,99.19230769230768
nhsn,2025-2026,Arizona,baseline_oct_mar,Baseline Oct-Mar,2025-03,0.0,0.02687612312643877,0.03425483870967742,199.29853479853483
nhsn,2025-2026,Arizona,baseline_oct_mar,Baseline Oct-Mar,2025-04,0.1451452558834608,0.14512594826951528,0.18499999999999991,238.61172161172158
nhsn,2025-2026,Arizona,baseline_oct_mar,Baseline Oct-Mar,2025-05,0.14497987094653814,0.14482433905583142,0.18499999999999997,259.1282051282051
nhsn,2025-2026,Arizona,baseline_oct_mar,Baseline Oct-Mar,2025-06,0.14517777036613694,0.14519180950851499,0.18499999999999991,250.76923076923072
nhsn,2025-2026,Arizona,baseline_oct_mar,Baseline Oct-Mar,2025-07,0.14497987094653814,0.1448816701759694,0.18499999999999997,259.02564102564105
nhsn,2025-2026,Arizona,baseline_oct_mar,Baseline Oct-Mar,2025-08,0.14570749873475222,0.1456980670226884,0.18499999999999997,258.2692307692308
nhsn,2025-2026,Arizona,baseline_oct_mar,Baseline Oct-Mar,2025-09,0.14618863218291722,0.14633199549673612,0.18499999999999991,249.02747252747253
nhsn,2025-2026,Arizona,baseline_oct_mar,Baseline Oct-Mar,2025-10,0.14755233099920426,0.14761717955883205,0.185,254.7673992673993
nhsn,2025-2026,Arizona,baseline_oct_mar,Baseline Oct-Mar,2025-11,0.14821979045842354,0.14787574588859767,0.18499999999999997,244.35897435897436
nhsn,2025-2026,Arizona,baseline_oct_mar,Baseline Oct-Mar,2025-12,0.14688066835190763,0.145007175468453,0.185,244.64102564102564
nhsn,2025-2026,Arizona,baseline_oct_mar,Baseline Oct-Mar,2026-01,0.1434257720338081,0.13727091498423433,0.185,215.17948717948718
nhsn,2025-2026,Arizona,baseline_oct_mar,Baseline Oct-Mar,2026-02,0.11946372656487335,0.11396292213232163,0.185,134.85897435897436
nhsn,2025-2026,Arizona,baseline_oct_mar,Baseline Oct-Mar,2026-03,0.10416509964297307,0.08121231441901151,0.12500891612903228,59.82967032967033
nhsn,2025-2026,Arizona,baseline_oct_mar,Baseline Oct-Mar,2026-04,0.0,0.0,0.0,12.157509157509162
nhsn,2025-2026,Arizona,early_sep_mar,Early Sep-Mar,2025-01,0.0,0.0,0.0,43.948717948717956
nhsn,2025-2026,Arizona,early_sep_mar,Early Sep-Mar,2025-02,0.0,0.027832043480262948,0.035216071428571416,99.19230769230768
nhsn,2025-2026,Arizona,early_sep_mar,Early Sep-Mar,2025-03,0.14589544717671707,0.14305107164559408,0.1814790322580645,199.29853479853483
nhsn,2025-2026,Arizona,early_sep_mar,Early Sep-Mar,2025-04,0.14503440060285658,0.14316255083662224,0.18499999999999991,238.61172161172158
nhsn,2025-2026,Arizona,early_sep_mar,Early Sep-Mar,2025-05,0.1415267640779466,0.14027642849094304,0.18499999999999997,259.1282051282051
nhsn,2025-2026,Arizona,early_sep_mar,Early Sep-Mar,2025-06,0.145084437507278,0.14293666058902244,0.18499999999999991,250.76923076923072
nhsn,2025-2026,Arizona,early_sep_mar,Early Sep-Mar,2025-07,0.13819714946862952,0.13813134495765272,0.18499999999999997,259.02564102564105
nhsn,2025-2026,Arizona,early_sep_mar,Early Sep-Mar,2025-08,0.1338766005423462,0.13463623125150465,0.18499999999999997,258.2692307692308
nhsn,2025-2026,Arizona,early_sep_mar,Early Sep-Mar,2025-09,0.14513985527415574,0.14237266928780506,0.18499999999999997,249.02747252747253
nhsn,2025-2026,Arizona,early_sep_mar,Early Sep-Mar,2025-10,0.14755233099920426,0.14761717955883205,0.185,254.7673992673993
nhsn,2025-2026,Arizona,early_sep_mar,Early Sep-Mar,2025-11,0.14821979045842354,0.14787574588859767,0.18499999999999997,244.35897435897436
nhsn,2025-2026,Arizona,early_sep_mar,Early Sep-Mar,2025-12,0.14688066835190763,0.145007175468453,0.185,244.64102564102564
nhsn,2025-2026,Arizona,early_sep_mar,Early Sep-Mar,2026-01,0.1434257720338081,0.13727091498423433,0.185,215.17948717948718
nhsn,2025-2026,Arizona,early_sep_mar,Early Sep-Mar,2026-02,0.11946372656487335,0.11396292213232163,0.185,134.85897435897436
nhsn,2025-2026,Arizona,early_sep_mar,Early Sep-Mar,2026-03,0.10416509964297307,0.08121231441901151,0.12500891612903228,59.82967032967033
nhsn,2025-2026,Arizona,early_sep_mar,Early Sep-Mar,2026-04,0.0,0.0,0.0,12.157509157509162
nhsn,2025-2026,Arizona,extended_sep_apr,Extended Sep-Apr,2025-01,0.0,0.0,0.0,43.948717948717956
nhsn,2025-2026,Arizona,extended_sep_apr,Extended Sep-Apr,2025-02,0.0,0.027832043480262948,0.035216071428571416,99.19230769230768
nhsn,2025-2026,Arizona,extended_sep_apr,Extended Sep-Apr,2025-03,0.14589544717671707,0.14305107164559408,0.1814790322580645,199.29853479853483
nhsn,2025-2026,Arizona,extended_sep_apr,Extended Sep-Apr,2025-04,0.14503440060285658,0.14316255083662224,0.18499999999999991,238.61172161172158
nhsn,2025-2026,Arizona,extended_sep_apr,Extended Sep-Apr,2025-05,0.1415267640779466,0.14027642849094304,0.18499999999999997,259.1282051282051
nhsn,2025-2026,Arizona,extended_sep_apr,Extended Sep-Apr,2025-06,0.145084437507278,0.14293666058902244,0.18499999999999991,250.76923076923072
nhsn,2025-2026,Arizona,extended_sep_apr,Extended Sep-Apr,2025-07,0.13819714946862952,0.13813134495765272,0.18499999999999997,259.02564102564105
nhsn,2025-2026,Arizona,extended_sep_apr,Extended Sep-Apr,2025-08,0.1338766005423462,0.13463623125150465,0.18499999999999997,258.2692307692308
nhsn,2025-2026,Arizona,extended_sep_apr,Extended Sep-Apr,2025-09,0.14513985527415574,0.14237266928780506,0.18499999999999997,249.02747252747253
nhsn,2025-2026,Arizona,extended_sep_apr,Extended Sep-Apr,2025-10,0.14755233099920426,0.14761717955883205,0.185,254.7673992673993
nhsn,2025-2026,Arizona,extended_sep_apr,Extended Sep-Apr,2025-11,0.14821979045842354,0.14787574588859767,0.18499999999999997,244.35897435897436
nhsn,2025-2026,Arizona,extended_sep_apr,Extended Sep-Apr,2025-12,0.14688066835190763,0.145007175468453,0.185,244.64102564102564
nhsn,2025-2026,Arizona,extended_sep_apr,Extended Sep-Apr,2026-01,0.1434257720338081,0.13727091498423433,0.185,215.17948717948718
nhsn,2025-2026,Arizona,extended_sep_apr,Extended Sep-Apr,2026-02,0.11946372656487335,0.11396292213232163,0.185,134.85897435897436
nhsn,2025-2026,Arizona,extended_sep_apr,Extended Sep-Apr,2026-03,0.10547306245675833,0.09821345896543793,0.185,59.82967032967033
nhsn,2025-2026,Arizona,extended_sep_apr,Extended Sep-Apr,2026-04,0.015189473684210525,0.04943807700115695,0.13351405600000002,12.157509157509159
nhsn,2025-2026,Arizona,late_oct_apr,Late Oct-Apr,2025-01,0.0,0.0,0.0,43.948717948717956
nhsn,2025-2026,Arizona,late_oct_apr,Late Oct-Apr,2025-02,0.0,0.0,0.0,99.19230769230768
nhsn,2025-2026,Arizona,late_oct_apr,Late Oct-Apr,2025-03,0.0,0.02687612312643877,0.03425483870967742,199.29853479853483
nhsn,2025-2026,Arizona,late_oct_apr,Late Oct-Apr,2025-04,0.1451452558834608,0.14512594826951528,0.18499999999999991,238.61172161172158
nhsn,2025-2026,Arizona,late_oct_apr,Late Oct-Apr,2025-05,0.14497987094653814,0.14482433905583142,0.18499999999999997,259.1282051282051
nhsn,2025-2026,Arizona,late_oct_apr,Late Oct-Apr,2025-06,0.14517777036613694,0.14519180950851499,0.18499999999999991,250.76923076923072
nhsn,2025-2026,Arizona,late_oct_apr,Late Oct-Apr,2025-07,0.14497987094653814,0.1448816701759694,0.18499999999999997,259.02564102564105
nhsn,2025-2026,Arizona,late_oct_apr,Late Oct-Apr,2025-08,0.14570749873475222,0.1456980670226884,0.18499999999999997,258.2692307692308
nhsn,2025-2026,Arizona,late_oct_apr,Late Oct-Apr,2025-09,0.14618863218291722,0.14633199549673612,0.18499999999999991,249.02747252747253
nhsn,2025-2026,Arizona,late_oct_apr,Late Oct-Apr,2025-10,0.14755233099920426,0.14761717955883205,0.185,254.7673992673993
nhsn,2025-2026,Arizona,late_oct_apr,Late Oct-Apr,2025-11,0.14821979045842354,0.14787574588859767,0.18499999999999997,244.35897435897436
nhsn,2025-2026,Arizona,late_oct_apr,Late Oct-Apr,2025-12,0.14688066835190763,0.145007175468453,0.185,244.64102564102564
nhsn,2025-2026,Arizona,late_oct_apr,Late Oct-Apr,2026-01,0.1434257720338081,0.13727091498423433,0.185,215.17948717948718
nhsn,2025-2026,Arizona,late_oct_apr,Late Oct-Apr,2026-02,0.11946372656487335,0.11396292213232163,0.185,134.85897435897436
nhsn,2025-2026,Arizona,late_oct_apr,Late Oct-Apr,2026-03,0.10547306245675833,0.09821345896543793,0.185,59.82967032967033
nhsn,2025-2026,Arizona,late_oct_apr,Late Oct-Apr,2026-04,0.015189473684210525,0.04943807700115695,0.13351405600000002,12.157509157509159
nhsn,2025-2026,Arkansas,baseline_oct_mar,Baseline Oct-Mar,2025-01,0.0,0.0,0.0,120.14468864468864
nhsn,2025-2026,Arkansas,baseline_oct_mar,Baseline Oct-Mar,2025-02,0.0,0.0,0.0,154.4871794871795
nhsn,2025-2026,Arkansas,baseline_oct_mar,Baseline Oct-Mar,2025-03,0.0,0.026362890628263115,0.03425483870967742,209.1391941391941
nhsn,2025-2026,Arkansas,baseline_oct_mar,Baseline Oct-Mar,2025-04,0.14016254686367288,0.1399122179692514,0.18499999999999991,228.65018315018312
nhsn,2025-2026,Arkansas,baseline_oct_mar,Baseline Oct-Mar,2025-05,0.129695951325473,0.13171139614878483,0.18499999999999997,238.3479853479853
nhsn,2025-2026,Arkansas,baseline_oct_mar,Baseline Oct-Mar,2025-06,0.14028629249526084,0.13995277564299627,0.18499999999999991,230.65934065934061
nhsn,2025-2026,Arkansas,baseline_oct_mar,Baseline Oct-Mar,2025-07,0.1298506090303686,0.13197688896613283,0.18499999999999997,237.8681318681319
nhsn,2025-2026,Arkansas,baseline_oct_mar,Baseline Oct-Mar,2025-08,0.14252419806960717,0.14255089255836922,0.18499999999999997,236.22344322344324
nhsn,2025-2026,Arkansas,baseline_oct_mar,Baseline Oct-Mar,2025-09,0.14543028153616208,0.14549074845616178,0.18499999999999991,225.73992673992674
nhsn,2025-2026,Arkansas,baseline_oct_mar,Baseline Oct-Mar,2025-10,0.14736004803182928,0.145807249851558,0.185,226.04761904761904
nhsn,2025-2026,Arkansas,baseline_oct_mar,Baseline Oct-Mar,2025-11,0.14425677630122447,0.1422628458931515,0.18499999999999997,200.91758241758242
nhsn,2025-2026,Arkansas,baseline_oct_mar,Baseline Oct-Mar,2025-12,0.13585315637406903,0.13362174656999568,0.185,172.8736263736264
nhsn,2025-2026,Arkansas,baseline_oct_mar,Baseline Oct-Mar,2026-01,0.13029637796184398,0.1265345008622491,0.185,118.2032967032967
nhsn,2025-2026,Arkansas,baseline_oct_mar,Baseline Oct-Mar,2026-02,0.12510314325157723,0.11891992582190727,0.185,60.794871794871796
nhsn,2025-2026,Arkansas,baseline_oct_mar,Baseline Oct-Mar,2026-03,0.0747576923076923,0.07318169860163469,0.12500891612903228,29.208791208791208
nhsn,2025-2026,Arkansas,baseline_oct_mar,Baseline Oct-Mar,2026-04,0.0,0.0,0.0,2.009157509157509
nhsn,2025-2026,Arkansas,early_sep_mar,Early Sep-Mar,2025-01,0.0,0.0,0.0,120.14468864468864
nhsn,2025-2026,Arkansas,early_sep_mar,Early Sep-Mar,2025-02,0.0,0.02761338233314857,0.035216071428571416,154.4871794871795
nhsn,2025-2026,Arkansas,early_sep_mar,Early Sep-Mar,2025-03,0.1441519251169236,0.14132158042326265,0.1814790322580645,209.1391941391941
nhsn,2025-2026,Arkansas,early_sep_mar,Early Sep-Mar,2025-04,0.14094271885274628,0.14113687469711808,0.18499999999999991,228.65018315018312
nhsn,2025-2026,Arkansas,early_sep_mar,Early Sep-Mar,2025-05,0.14399325003414878,0.1432115269583122,0.18499999999999997,238.3479853479853
nhsn,2025-2026,Arkansas,early_sep_mar,Early Sep-Mar,2025-06,0.14095323192695824,0.14115984744483612,0.18499999999999991,230.65934065934061
nhsn,2025-2026,Arkansas,early_sep_mar,Early Sep-Mar,2025-07,0.14427940949034268,0.14337036922372212,0.18499999999999997,237.8681318681319
nhsn,2025-2026,Arkansas,early_sep_mar,Early Sep-Mar,2025-08,0.14342689939087758,0.14358362138218542,0.18499999999999997,236.22344322344324
nhsn,2025-2026,Arkansas,early_sep_mar,Early Sep-Mar,2025-09,0.14645248297545857,0.1461916848692596,0.18499999999999997,225.73992673992674
nhsn,2025-2026,Arkansas,early_sep_mar,Early Sep-Mar,2025-10,0.14736004803182928,0.145807249851558,0.185,226.04761904761904
nhsn,2025-2026,Arkansas,early_sep_mar,Early Sep-Mar,2025-11,0.14425677630122447,0.1422628458931515,0.18499999999999997,200.91758241758242
nhsn,2025-2026,Arkansas,early_sep_mar,Early Sep-Mar,2025-12,0.13585315637406903,0.13362174656999568,0.185,172.8736263736264
nhsn,2025-2026,Arkansas,early_sep_mar,Early Sep-Mar,2026-01,0.13029637796184398,0.1265345008622491,0.185,118.2032967032967
nhsn,2025-2026,Arkansas,early_sep_mar,Early Sep-Mar,2026-02,0.12510314325157723,0.11891992582190727,0.185,60.794871794871796
nhsn,2025-2026,Arkansas,early_sep_mar,Early Sep-Mar,2026-03,0.0747576923076923,0.07318169860163469,0.12500891612903228,29.208791208791208
nhsn,2025-2026,Arkansas,early_sep_mar,Early Sep-Mar,2026-04,0.0,0.0,0.0,2.009157509157509
nhsn,2025-2026,Arkansas,extended_sep_apr,Extended Sep-Apr,2025-01,0.0,0.0,0.0,120.14468864468864
nhsn,2025-2026,Arkansas,extended_sep_apr,Extended Sep-Apr,2025-02,0.0,0.02761338233314857,0.035216071428571416,154.4871794871795
nhsn,2025-2026,Arkansas,extended_sep_apr,Extended Sep-Apr,2025-03,0.1441519251169236,0.14132158042326265,0.1814790322580645,209.1391941391941
nhsn,2025-2026,Arkansas,extended_sep_apr,Extended Sep-Apr,2025-04,0.14094271885274628,0.14113687469711808,0.18499999999999991,228.65018315018312
nhsn,2025-2026,Arkansas,extended_sep_apr,Extended Sep-Apr,2025-05,0.14399325003414878,0.1432115269583122,0.18499999999999997,238.3479853479853
nhsn,2025-2026,Arkansas,extended_sep_apr,Extended Sep-Apr,2025-06,0.14095323192695824,0.14115984744483612,0.18499999999999991,230.65934065934061
nhsn,2025-2026,Arkansas,extended_sep_apr,Extended Sep-Apr,2025-07,0.14427940949034268,0.14337036922372212,0.18499999999999997,237.8681318681319
nhsn,2025-2026,Arkansas,extended_sep_apr,Extended Sep-Apr,2025-08,0.14342689939087758,0.14358362138218542,0.18499999999999997,236.22344322344324
nhsn,2025-2026,Arkansas,extended_sep_apr,Extended Sep-Apr,2025-09,0.14645248297545857,0.1461916848692596,0.18499999999999997,225.73992673992674
nhsn,2025-2026,Arkansas,extended_sep_apr,Extended Sep-Apr,2025-10,0.14736004803182928,0.145807249851558,0.185,226.04761904761904
nhsn,2025-2026,Arkansas,extended_sep_apr,Extended Sep-Apr,2025-11,0.14425677630122447,0.1422628458931515,0.18499999999999997,200.91758241758242
nhsn,2025-2026,Arkansas,extended_sep_apr,Extended Sep-Apr,2025-12,0.13585315637406903,0.13362174656999568,0.185,172.8736263736264
nhsn,2025-2026,Arkansas,extended_sep_apr,Extended Sep-Apr,2026-01,0.13029637796184398,0.1265345008622491,0.185,118.2032967032967
nhsn,2025-2026,Arkansas,extended_sep_apr,Extended Sep-Apr,2026-02,0.12510314325157723,0.11891992582190727,0.185,60.794871794871796
nhsn,2025-2026,Arkansas,extended_sep_apr,Extended Sep-Apr,2026-03,0.0747576923076923,0.07887276118966746,0.185,29.208791208791208
nhsn,2025-2026,Arkansas,extended_sep_apr,Extended Sep-Apr,2026-04,0.0074846002422774074,0.03521761189178146,0.13351405600000002,2.009157509157509
nhsn,2025-2026,Arkansas,late_oct_apr,Late Oct-Apr,2025-01,0.0,0.0,0.0,120.14468864468864
nhsn,2025-2026,Arkansas,late_oct_apr,Late Oct-Apr,2025-02,0.0,0.0,0.0,154.4871794871795
nhsn,2025-2026,Arkansas,late_oct_apr,Late Oct-Apr,2025-03,0.0,0.026362890628263115,0.03425483870967742,209.1391941391941
nhsn,2025-2026,Arkansas,late_oct_apr,Late Oct-Apr,2025-04,0.14016254686367288,0.1399122179692514,0.18499999999999991,228.65018315018312
nhsn,2025-2026,Arkansas,late_oct_apr,Late Oct-Apr,2025-05,0.129695951325473,0.13171139614878483,0.18499999999999997,238.3479853479853
nhsn,2025-2026,Arkansas,late_oct_apr,Late Oct-Apr,2025-06,0.14028629249526084,0.13995277564299627,0.18499999999999991,230.65934065934061
nhsn,2025-2026,Arkansas,late_oct_apr,Late Oct-Apr,2025-07,0.1298506090303686,0.13197688896613283,0.18499999999999997,237.8681318681319
nhsn,2025-2026,Arkansas,late_oct_apr,Late Oct-Apr,2025-08,0.14252419806960717,0.14255089255836922,0.18499999999999997,236.22344322344324
nhsn,2025-2026,Arkansas,late_oct_apr,Late Oct-Apr,2025-09,0.14543028153616208,0.14549074845616178,0.18499999999999991,225.73992673992674
nhsn,2025-2026,Arkansas,late_oct_apr,Late Oct-Apr,2025-10,0.14736004803182928,0.145807249851558,0.185,226.04761904761904
nhsn,2025-2026,Arkansas,late_oct_apr,Late Oct-Apr,2025-11,0.14425677630122447,0.1422628458931515,0.18499999999999997,200.91758241758242
nhsn,2025-2026,Arkansas,late_oct_apr,Late Oct-Apr,2025-12,0.13585315637406903,0.13362174656999568,0.185,172.8736263736264
nhsn,2025-2026,Arkansas,late_oct_apr,Late Oct-Apr,2026-01,0.13029637796184398,0.1265345008622491,0.185,118.2032967032967
nhsn,2025-2026,Arkansas,late_oct_apr,Late Oct-Apr,2026-02,0.12510314325157723,0.11891992582190727,0.185,60.794871794871796
nhsn,2025-2026,Arkansas,late_oct_apr,Late Oct-Apr,2026-03,0.0747576923076923,0.07887276118966746,0.185,29.208791208791208
nhsn,2025-2026,Arkansas,late_oct_apr,Late Oct-Apr,2026-04,0.0074846002422774074,0.03521761189178146,0.13351405600000002,2.009157509157509
nhsn,2025-2026,California,baseline_oct_mar,Baseline Oct-Mar,2025-01,0.0,0.0,0.0,375.2344322344322
nhsn,2025-2026,California,baseline_oct_mar,Baseline Oct-Mar,2025-02,0.0,0.0,0.0,597.1282051282051
nhsn,2025-2026,California,baseline_oct_mar,Baseline Oct-Mar,2025-03,0.0,0.02680451121929964,0.03425483870967742,955.7362637362637
nhsn,2025-2026,California,baseline_oct_mar,Baseline Oct-Mar,2025-04,0.14442640202881477,0.1442267523183651,0.18499999999999991,1104.0238095238096
nhsn,2025-2026,California,baseline_oct_mar,Baseline Oct-Mar,2025-05,0.14155923461141612,0.14177701827720746,0.18499999999999997,1175.5586080586081
nhsn,2025-2026,California,baseline_oct_mar,Baseline Oct-Mar,2025-06,0.14449788643937564,0.144282449481451,0.18499999999999991,1137.6373626373625
nhsn,2025-2026,California,baseline_oct_mar,Baseline Oct-Mar,2025-07,0.14172991805330626,0.14205982488943195,0.18499999999999997,1173.2161172161173
nhsn,2025-2026,California,baseline_oct_mar,Baseline Oct-Mar,2025-08,0.14563118570605707,0.14563201862670974,0.18499999999999997,1167.4322344322345
nhsn,2025-2026,California,baseline_oct_mar,Baseline Oct-Mar,2025-09,0.1467579333905704,0.14690082482438044,0.18499999999999991,1122.2435897435898
nhsn,2025-2026,California,baseline_oct_mar,Baseline Oct-Mar,2025-10,0.14774830819575172,0.14734333032269864,0.185,1147.3406593406594
nhsn,2025-2026,California,baseline_oct_mar,Baseline Oct-Mar,2025-11,0.14731523686315692,0.14598584135587378,0.18499999999999997,1078.2875457875457
nhsn,2025-2026,California,baseline_oct_mar,Baseline Oct-Mar,2025-12,0.14341950596056874,0.1403004565713685,0.185,1019.9835164835165
nhsn,2025-2026,California,baseline_oct_mar,Baseline Oct-Mar,2026-01,0.1363726212795469,0.131879264429919,0.185,800.3241758241759
nhsn,2025-2026,California,baseline_oct_mar,Baseline Oct-Mar,2026-02,0.12294541891834466,0.11696904046752296,0.185,464.66666666666674
nhsn,2025-2026,California,baseline_oct_mar,Baseline Oct-Mar,2026-03,0.09393453810387552,0.07932114645515814,0.12500891612903228,219.8223443223443
nhsn,2025-2026,California,baseline_oct_mar,Baseline Oct-Mar,2026-04,0.0,0.0,0.0,33.613553113553124
nhsn,2025-2026,California,early_sep_mar,Early Sep-Mar,2025-01,0.0,0.0,0.0,375.2344322344322
nhsn,2025-2026,California,early_sep_mar,Early Sep-Mar,2025-02,0.0,0.02761923369392476,0.035216071428571416,597.1282051282051
nhsn,2025-2026,California,early_sep_mar,Early Sep-Mar,2025-03,0.14513879438803973,0.14232702762861457,0.1814790322580645,955.7362637362637
nhsn,2025-2026,California,early_sep_mar,Early Sep-Mar,2025-04,0.14442640202881477,0.14326230279518418,0.18499999999999991,1104.0238095238096
nhsn,2025-2026,California,early_sep_mar,Early Sep-Mar,2025-05,0.14275334963886632,0.14184282317639493,0.18499999999999997,1175.5586080586081
nhsn,2025-2026,California,early_sep_mar,Early Sep-Mar,2025-06,0.14449788643937564,0.14314592391408498,0.18499999999999991,1137.6373626373625
nhsn,2025-2026,California,early_sep_mar,Early Sep-Mar,2025-07,0.141402465850703,0.14068463908529766,0.18499999999999997,1173.2161172161173
nhsn,2025-2026,California,early_sep_mar,Early Sep-Mar,2025-08,0.1383886519277032,0.1387129796896281,0.18499999999999997,1167.4322344322345
nhsn,2025-2026,California,early_sep_mar,Early Sep-Mar,2025-09,0.14623876951884757,0.1444934260938666,0.18499999999999997,1122.2435897435896
nhsn,2025-2026,California,early_sep_mar,Early Sep-Mar,2025-10,0.14774830819575172,0.14734333032269864,0.185,1147.3406593406594
nhsn,2025-2026,California,early_sep_mar,Early Sep-Mar,2025-11,0.14731523686315692,0.14598584135587378,0.18499999999999997,1078.2875457875457
nhsn,2025-2026,California,early_sep_mar,Early Sep-Mar,2025-12,0.14341950596056874,0.1403004565713685,0.185,1019.9835164835165
nhsn,2025-2026,California,early_sep_mar,Early Sep-Mar,2026-01,0.1363726212795469,0.131879264429919,0.185,800.3241758241759
nhsn,2025-2026,California,early_sep_mar,Early Sep-Mar,2026-02,0.12294541891834466,0.11696904046752296,0.185,464.66666666666674
nhsn,2025-2026,California,early_sep_mar,Early Sep-Mar,2026-03,0.09393453810387552,0.07932114645515814,0.12500891612903228,219.8223443223443
nhsn,2025-2026,California,early_sep_mar,Early Sep-Mar,2026-04,0.0,0.0,0.0,33.613553113553124
nhsn,2025-2026,California,extended_sep_apr,Extended Sep-Apr,2025-01,0.0,0.0,0.0,375.2344322344322
nhsn,2025-2026,California,extended_sep_apr,Extended Sep-Apr,2025-02,0.0,0.02761923369392476,0.035216071428571416,597.1282051282051
nhsn,2025-2026,California,extended_sep_apr,Extended Sep-Apr,2025-03,0.14513879438803973,0.14232702762861457,0.1814790322580645,955.7362637362637
nhsn,2025-2026,California,extended_sep_apr,Extended Sep-Apr,2025-04,0.14442640202881477,0.14326230279518418,0.18499999999999991,1104.0238095238096
nhsn,2025-2026,California,extended_sep_apr,Extended Sep-Apr,2025-05,0.14275334963886632,0.14184282317639493,0.18499999999999997,1175.5586080586081
nhsn,2025-2026,California,extended_sep_apr,Extended Sep-Apr,2025-06,0.14449788643937564,0.14314592391408498,0.18499999999999991,1137.6373626373625
nhsn,2025-2026,California,extended_sep_apr,Extended Sep-Apr,2025-07,0.141402465850703,0.14068463908529766,0.18499999999999997,1173.2161172161173
nhsn,2025-2026,California,extended_sep_apr,Extended Sep-Apr,2025-08,0.1383886519277032,0.1387129796896281,0.18499999999999997,1167.4322344322345
nhsn,2025-2026,California,extended_sep_apr,Extended Sep-Apr,2025-09,0.14623876951884757,0.1444934260938666,0.18499999999999997,1122.2435897435896
nhsn,2025-2026,California,extended_sep_apr,Extended Sep-Apr,2025-10,0.14774830819575172,0.14734333032269864,0.185,1147.3406593406594
nhsn,2025-2026,California,extended_sep_apr,Extended Sep-Apr,2025-11,0.14731523686315692,0.14598584135587378,0.18499999999999997,1078.2875457875457
nhsn,2025-2026,California,extended_sep_apr,Extended Sep-Apr,2025-12,0.14341950596056874,0.1403004565713685,0.185,1019.9835164835165
nhsn,2025-2026,California,extended_sep_apr,Extended Sep-Apr,2026-01,0.1363726212795469,0.131879264429919,0.185,800.3241758241759
nhsn,2025-2026,California,extended_sep_apr,Extended Sep-Apr,2026-02,0.12294541891834466,0.11696904046752296,0.185,464.66666666666674
nhsn,2025-2026,California,extended_sep_apr,Extended Sep-Apr,2026-03,0.09393453810387552,0.0920203734666229,0.185,219.8223443223443
nhsn,2025-2026,California,extended_sep_apr,Extended Sep-Apr,2026-04,0.016079142857142858,0.047172520299914145,0.13351405600000002,33.61355311355311
nhsn,2025-2026,California,late_oct_apr,Late Oct-Apr,2025-01,0.0,0.0,0.0,375.2344322344322
nhsn,2025-2026,California,late_oct_apr,Late Oct-Apr,2025-02,0.0,0.0,0.0,597.1282051282051
nhsn,2025-2026,California,late_oct_apr,Late Oct-Apr,2025-03,0.0,0.02680451121929964,0.03425483870967742,955.7362637362637
nhsn,2025-2026,California,late_oct_apr,Late Oct-Apr,2025-04,0.14442640202881477,0.1442267523183651,0.18499999999999991,1104.0238095238096
nhsn,2025-2026,California,late_oct_apr,Late Oct-Apr,2025-05,0.14155923461141612,0.14177701827720746,0.18499999999999997,1175.5586080586081
nhsn,2025-2026,California,late_oct_apr,Late Oct-Apr,2025-06,0.14449788643937564,0.144282449481451,0.18499999999999991,1137.6373626373625
nhsn,2025-2026,California,late_oct_apr,Late Oct-Apr,2025-07,0.14172991805330626,0.14205982488943195,0.18499999999999997,1173.2161172161173
nhsn,2025-2026,California,late_oct_apr,Late Oct-Apr,2025-08,0.14563118570605707,0.14563201862670974,0.18499999999999997,1167.4322344322345
nhsn,2025-2026,California,late_oct_apr,Late Oct-Apr,2025-09,0.1467579333905704,0.14690082482438044,0.18499999999999991,1122.2435897435898
nhsn,2025-2026,California,late_oct_apr,Late Oct-Apr,2025-10,0.14774830819575172,0.14734333032269864,0.185,1147.3406593406594
nhsn,2025-2026,California,late_oct_apr,Late Oct-Apr,2025-11,0.14731523686315692,0.14598584135587378,0.18499999999999997,1078.2875457875457
nhsn,2025-2026,California,late_oct_apr,Late Oct-Apr,2025-12,0.14341950596056874,0.1403004565713685,0.185,1019.9835164835165
nhsn,2025-2026,California,late_oct_apr,Late Oct-Apr,2026-01,0.1363726212795469,0.131879264429919,0.185,800.3241758241759
nhsn,2025-2026,California,late_oct_apr,Late Oct-Apr,2026-02,0.12294541891834466,0.11696904046752296,0.185,464.66666666666674
nhsn,2025-2026,California,late_oct_apr,Late Oct-Apr,2026-03,0.09393453810387552,0.0920203734666229,0.185,219.8223443223443
nhsn,2025-2026,California,late_oct_apr,Late Oct-Apr,2026-04,0.016079142857142858,0.047172520299914145,0.13351405600000002,33.61355311355311
nhsn,2025-2026,Colorado,baseline_oct_mar,Baseline Oct-Mar,2025-01,0.0,0.0,0.0,92.40109890109888
nhsn,2025-2026,Colorado,baseline_oct_mar,Baseline Oct-Mar,2025-02,0.0,0.0,0.0,229.89743589743588
nhsn,2025-2026,Colorado,baseline_oct_mar,Baseline Oct-Mar,2025-03,0.0,0.027238194911537,0.03425483870967742,464.9413919413919
nhsn,2025-2026,Colorado,baseline_oct_mar,Baseline Oct-Mar,2025-04,0.14720932215586885,0.14725963934808836,0.18499999999999991,537.014652014652
nhsn,2025-2026,Colorado,baseline_oct_mar,Baseline Oct-Mar,2025-05,0.1471879028311575,0.14721637912887103,0.18499999999999997,571.7967032967031
nhsn,2025-2026,Colorado,baseline_oct_mar,Baseline Oct-Mar,2025-06,0.1471818223730396,0.1472390267273683,0.18499999999999991,553.3516483516482
nhsn,2025-2026,Colorado,baseline_oct_mar,Baseline Oct-Mar,2025-07,0.14729027915466886,0.14730882775527507,0.18499999999999997,571.4377289377289
nhsn,2025-2026,Colorado,baseline_oct_mar,Baseline Oct-Mar,2025-08,0.14735740462460295,0.14739492792784462,0.18499999999999997,570.8846153846152
nhsn,2025-2026,Colorado,baseline_oct_mar,Baseline Oct-Mar,2025-09,0.1474272220928897,0.14743723945006185,0.18499999999999991,551.9560439560439
nhsn,2025-2026,Colorado,baseline_oct_mar,Baseline Oct-Mar,2025-10,0.14793476368856173,0.1479126730297199,0.185,569.3260073260074
nhsn,2025-2026,Colorado,baseline_oct_mar,Baseline Oct-Mar,2025-11,0.14830932534359773,0.14779485486084684,0.18499999999999997,547.8461538461538
nhsn,2025-2026,Colorado,baseline_oct_mar,Baseline Oct-Mar,2025-12,0.1468860267375482,0.14547971464637127,0.185,544.9120879120878
nhsn,2025-2026,Colorado,baseline_oct_mar,Baseline Oct-Mar,2026-01,0.14140171050120728,0.13513474344585957,0.185,479.39560439560444
nhsn,2025-2026,Colorado,baseline_oct_mar,Baseline Oct-Mar,2026-02,0.1152503571351279,0.11001280734586748,0.185,286.56410256410254
nhsn,2025-2026,Colorado,baseline_oct_mar,Baseline Oct-Mar,2026-03,0.08719656171999095,0.07441951395529431,0.12500891612903228,106.85531135531136
nhsn,2025-2026,Colorado,baseline_oct_mar,Baseline Oct-Mar,2026-04,0.0,0.0,0.0,16.336996336996336
nhsn,2025-2026,Colorado,early_sep_mar,Early Sep-Mar,2025-01,0.0,0.0,0.0,92.40109890109888
nhsn,2025-2026,Colorado,early_sep_mar,Early Sep-Mar,2025-02,0.0,0.02793153169546546,0.035216071428571416,229.89743589743588
nhsn,2025-2026,Colorado,early_sep_mar,Early Sep-Mar,2025-03,0.14698683991692402,0.1441466379483477,0.1814790322580645,464.9413919413919
nhsn,2025-2026,Colorado,early_sep_mar,Early Sep-Mar,2025-04,0.14715068726856131,0.14584501296610716,0.18499999999999991,537.014652014652
nhsn,2025-2026,Colorado,early_sep_mar,Early Sep-Mar,2025-05,0.14363822893331474,0.14337575977676925,0.18499999999999997,571.7967032967031
nhsn,2025-2026,Colorado,early_sep_mar,Early Sep-Mar,2025-06,0.14712100738671519,0.14561037754820494,0.18499999999999991,553.3516483516482
nhsn,2025-2026,Colorado,early_sep_mar,Early Sep-Mar,2025-07,0.1420078950111085,0.14196959106679763,0.18499999999999997,571.4377289377289
nhsn,2025-2026,Colorado,early_sep_mar,Early Sep-Mar,2025-08,0.1394822327171436,0.1395819437104761,0.18499999999999997,570.8846153846152
nhsn,2025-2026,Colorado,early_sep_mar,Early Sep-Mar,2025-09,0.14593985725285166,0.14454478128735676,0.18499999999999997,551.9560439560439
nhsn,2025-2026,Colorado,early_sep_mar,Early Sep-Mar,2025-10,0.14793476368856173,0.1479126730297199,0.185,569.3260073260074
nhsn,2025-2026,Colorado,early_sep_mar,Early Sep-Mar,2025-11,0.14830932534359773,0.14779485486084684,0.18499999999999997,547.8461538461538
nhsn,2025-2026,Colorado,early_sep_mar,Early Sep-Mar,2025-12,0.1468860267375482,0.14547971464637127,0.185,544.9120879120878
nhsn,2025-2026,Colorado,early_sep_mar,Early Sep-Mar,2026-01,0.14140171050120728,0.13513474344585957,0.185,479.39560439560444
nhsn,2025-2026,Colorado,early_sep_mar,Early Sep-Mar,2026-02,0.1152503571351279,0.11001280734586748,0.185,286.56410256410254
nhsn,2025-2026,Colorado,early_sep_mar,Early Sep-Mar,2026-03,0.08719656171999095,0.07441951395529431,0.12500891612903228,106.85531135531136
nhsn,2025-2026,Colorado,early_sep_mar,Early Sep-Mar,2026-04,0.0,0.0,0.0,16.336996336996336
nhsn,2025-2026,Colorado,extended_sep_apr,Extended Sep-Apr,2025-01,0.0,0.0,0.0,92.40109890109888
nhsn,2025-2026,Colorado,extended_sep_apr,Extended Sep-Apr,2025-02,0.0,0.02793153169546546,0.035216071428571416,229.89743589743588
nhsn,2025-2026,Colorado,extended_sep_apr,Extended Sep-Apr,2025-03,0.14698683991692402,0.1441466379483477,0.1814790322580645,464.9413919413919
nhsn,2025-2026,Colorado,extended_sep_apr,Extended Sep-Apr,2025-04,0.14715068726856131,0.14584501296610716,0.18499999999999991,537.014652014652
nhsn,2025-2026,Colorado,extended_sep_apr,Extended Sep-Apr,2025-05,0.14363822893331474,0.14337575977676925,0.18499999999999997,571.7967032967031
nhsn,2025-2026,Colorado,extended_sep_apr,Extended Sep-Apr,2025-06,0.14712100738671519,0.14561037754820494,0.18499999999999991,553.3516483516482
nhsn,2025-2026,Colorado,extended_sep_apr,Extended Sep-Apr,2025-07,0.1420078950111085,0.14196959106679763,0.18499999999999997,571.4377289377289
nhsn,2025-2026,Colorado,extended_sep_apr,Extended Sep-Apr,2025-08,0.1394822327171436,0.1395819437104761,0.18499999999999997,570.8846153846152
nhsn,2025-2026,Colorado,extended_sep_apr,Extended Sep-Apr,2025-09,0.14593985725285166,0.14454478128735676,0.18499999999999997,551.9560439560439
nhsn,2025-2026,Colorado,extended_sep_apr,Extended Sep-Apr,2025-10,0.14793476368856173,0.1479126730297199,0.185,569.3260073260074
nhsn,2025-2026,Colorado,extended_sep_apr,Extended Sep-Apr,2025-11,0.14830932534359773,0.14779485486084684,0.18499999999999997,547.8461538461538
nhsn,2025-2026,Colorado,extended_sep_apr,Extended Sep-Apr,2025-12,0.1468860267375482,0.14547971464637127,0.185,544.9120879120878
nhsn,2025-2026,Colorado,extended_sep_apr,Extended Sep-Apr,2026-01,0.14140171050120728,0.13513474344585957,0.185,479.39560439560444
nhsn,2025-2026,Colorado,extended_sep_apr,Extended Sep-Apr,2026-02,0.1152503571351279,0.11001280734586748,0.185,286.56410256410254
nhsn,2025-2026,Colorado,extended_sep_apr,Extended Sep-Apr,2026-03,0.09142751103011701,0.08900665841014545,0.185,106.85531135531136
nhsn,2025-2026,Colorado,extended_sep_apr,Extended Sep-Apr,2026-04,0.018924590163934427,0.051521021155724316,0.13351405600000002,16.336996336996336
nhsn,2025-2026,Colorado,late_oct_apr,Late Oct-Apr,2025-01,0.0,0.0,0.0,92.40109890109888
nhsn,2025-2026,Colorado,late_oct_apr,Late Oct-Apr,2025-02,0.0,0.0,0.0,229.89743589743588
nhsn,2025-2026,Colorado,late_oct_apr,Late Oct-Apr,2025-03,0.0,0.027238194911537,0.03425483870967742,464.9413919413919
nhsn,2025-2026,Colorado,late_oct_apr,Late Oct-Apr,2025-04,0.14720932215586885,0.14725963934808836,0.18499999999999991,537.014652014652
nhsn,2025-2026,Colorado,late_oct_apr,Late Oct-Apr,2025-05,0.1471879028311575,0.14721637912887103,0.18499999999999997,571.7967032967031
nhsn,2025-2026,Colorado,late_oct_apr,Late Oct-Apr,2025-06,0.1471818223730396,0.1472390267273683,0.18499999999999991,553.3516483516482
nhsn,2025-2026,Colorado,late_oct_apr,Late Oct-Apr,2025-07,0.14729027915466886,0.14730882775527507,0.18499999999999997,571.4377289377289
nhsn,2025-2026,Colorado,late_oct_apr,Late Oct-Apr,2025-08,0.14735740462460295,0.14739492792784462,0.18499999999999997,570.8846153846152
nhsn,2025-2026,Colorado,late_oct_apr,Late Oct-Apr,2025-09,0.1474272220928897,0.14743723945006185,0.18499999999999991,551.9560439560439
nhsn,2025-2026,Colorado,late_oct_apr,Late Oct-Apr,2025-10,0.14793476368856173,0.1479126730297199,0.185,569.3260073260074
nhsn,2025-2026,Colorado,late_oct_apr,Late Oct-Apr,2025-11,0.14830932534359773,0.14779485486084684,0.18499999999999997,547.8461538461538
nhsn,2025-2026,Colorado,late_oct_apr,Late Oct-Apr,2025-12,0.1468860267375482,0.14547971464637127,0.185,544.9120879120878
nhsn,2025-2026,Colorado,late_oct_apr,Late Oct-Apr,2026-01,0.14140171050120728,0.13513474344585957,0.185,479.39560439560444
nhsn,2025-2026,Colorado,late_oct_apr,Late Oct-Apr,2026-02,0.1152503571351279,0.11001280734586748,0.185,286.56410256410254
nhsn,2025-2026,Colorado,late_oct_apr,Late Oct-Apr,2026-03,0.09142751103011701,0.08900665841014545,0.185,106.85531135531136
nhsn,2025-2026,Colorado,late_oct_apr,Late Oct-Apr,2026-04,0.018924590163934427,0.051521021155724316,0.13351405600000002,16.336996336996336
nhsn,2025-2026,Connecticut,baseline_oct_mar,Baseline Oct-Mar,2025-01,0.0,0.0,0.0,42.58974358974359
nhsn,2025-2026,Connecticut,baseline_oct_mar,Baseline Oct-Mar,2025-02,0.0,0.0,0.0,78.58974358974359
nhsn,2025-2026,Connecticut,baseline_oct_mar,Baseline Oct-Mar,2025-03,0.0,0.027240311831750984,0.03425483870967742,129.20146520146523
nhsn,2025-2026,Connecticut,baseline_oct_mar,Baseline Oct-Mar,2025-04,0.1475050072843823,0.14739415147793827,0.18499999999999991,144.13186813186812
nhsn,2025-2026,Connecticut,baseline_oct_mar,Baseline Oct-Mar,2025-05,0.14716536765851948,0.14686675086365755,0.18499999999999997,151.82051282051276
nhsn,2025-2026,Connecticut,baseline_oct_mar,Baseline Oct-Mar,2025-06,0.14749629917987772,0.14737891074892295,0.18499999999999991,146.9230769230769
nhsn,2025-2026,Connecticut,baseline_oct_mar,Baseline Oct-Mar,2025-07,0.14716536765851948,0.14686675086365755,0.18499999999999997,151.82051282051276
nhsn,2025-2026,Connecticut,baseline_oct_mar,Baseline Oct-Mar,2025-08,0.14757262127139878,0.14757526098245474,0.18499999999999997,151.53846153846155
nhsn,2025-2026,Connecticut,baseline_oct_mar,Baseline Oct-Mar,2025-09,0.14785201429885905,0.1478991481022736,0.18499999999999991,146.1538461538462
nhsn,2025-2026,Connecticut,baseline_oct_mar,Baseline Oct-Mar,2025-10,0.14827572275882012,0.14816244329571532,0.185,150.99816849816852
nhsn,2025-2026,Connecticut,baseline_oct_mar,Baseline Oct-Mar,2025-11,0.14861049668530416,0.1470619082456972,0.18499999999999997,144.6300366300366
nhsn,2025-2026,Connecticut,baseline_oct_mar,Baseline Oct-Mar,2025-12,0.14465009421293828,0.1411333165345676,0.185,139.15384615384616
nhsn,2025-2026,Connecticut,baseline_oct_mar,Baseline Oct-Mar,2026-01,0.13359967603824746,0.1293628486021607,0.185,109.23076923076923
nhsn,2025-2026,Connecticut,baseline_oct_mar,Baseline Oct-Mar,2026-02,0.11291202667371042,0.10963558701796176,0.185,58.53846153846154
nhsn,2025-2026,Connecticut,baseline_oct_mar,Baseline Oct-Mar,2026-03,0.08079448076923076,0.07489793926118135,0.12500891612903228,22.61904761904762
nhsn,2025-2026,Connecticut,baseline_oct_mar,Baseline Oct-Mar,2026-04,0.0,0.0,0.0,2.7912087912087924
nhsn,2025-2026,Connecticut,early_sep_mar,Early Sep-Mar,2025-01,0.0,0.0,0.0,42.58974358974359
nhsn,2025-2026,Connecticut,early_sep_mar,Early Sep-Mar,2025-02,0.0,0.02785781188473401,0.035216071428571416,78.58974358974359
nhsn,2025-2026,Connecticut,early_sep_mar,Early Sep-Mar,2025-03,0.14670458820358526,0.14392841269137824,0.1814790322580645,129.20146520146523
nhsn,2025-2026,Connecticut,early_sep_mar,Early Sep-Mar,2025-04,0.14735382310647102,0.1463272487372125,0.18499999999999991,144.13186813186812
nhsn,2025-2026,Connecticut,early_sep_mar,Early Sep-Mar,2025-05,0.14475075591424283,0.14443916196615664,0.18499999999999997,151.82051282051276
nhsn,2025-2026,Connecticut,early_sep_mar,Early Sep-Mar,2025-06,0.1473376691136089,0.14618405029549594,0.18499999999999991,146.9230769230769
nhsn,2025-2026,Connecticut,early_sep_mar,Early Sep-Mar,2025-07,0.14355141083523806,0.14335715056137416,0.18499999999999997,151.82051282051276
nhsn,2025-2026,Connecticut,early_sep_mar,Early Sep-Mar,2025-08,0.141882668763174,0.14178250076811721,0.18499999999999997,151.53846153846155
nhsn,2025-2026,Connecticut,early_sep_mar,Early Sep-Mar,2025-09,0.14670125058625583,0.1458010905076461,0.18499999999999997,146.1538461538462
nhsn,2025-2026,Connecticut,early_sep_mar,Early Sep-Mar,2025-10,0.14827572275882012,0.14816244329571532,0.185,150.99816849816852
nhsn,2025-2026,Connecticut,early_sep_mar,Early Sep-Mar,2025-11,0.14861049668530416,0.1470619082456972,0.18499999999999997,144.6300366300366
nhsn,2025-2026,Connecticut,early_sep_mar,Early Sep-Mar,2025-12,0.14465009421293828,0.1411333165345676,0.185,139.15384615384616
nhsn,2025-2026,Connecticut,early_sep_mar,Early Sep-Mar,2026-01,0.13359967603824746,0.1293628486021607,0.185,109.23076923076923
nhsn,2025-2026,Connecticut,early_sep_mar,Early Sep-Mar,2026-02,0.11291202667371042,0.10963558701796176,0.185,58.53846153846154
nhsn,2025-2026,Connecticut,early_sep_mar,Early Sep-Mar,2026-03,0.08079448076923076,0.07489793926118135,0.12500891612903228,22.61904761904762
nhsn,2025-2026,Connecticut,early_sep_mar,Early Sep-Mar,2026-04,0.0,0.0,0.0,2.7912087912087924
nhsn,2025-2026,Connecticut,extended_sep_apr,Extended Sep-Apr,2025-01,0.0,0.0,0.0,42.58974358974359
nhsn,2025-2026,Connecticut,extended_sep_apr,Extended Sep-Apr,2025-02,0.0,0.02785781188473401,0.035216071428571416,78.58974358974359
nhsn,2025-2026,Connecticut,extended_sep_apr,Extended Sep-Apr,2025-03,0.14670458820358526,0.14392841269137824,0.1814790322580645,129.20146520146523
nhsn,2025-2026,Connecticut,extended_sep_apr,Extended Sep-Apr,2025-04,0.14735382310647102,0.1463272487372125,0.18499999999999991,144.13186813186812
nhsn,2025-2026,Connecticut,extended_sep_apr,Extended Sep-Apr,2025-05,0.14475075591424283,0.14443916196615664,0.18499999999999997,151.82051282051276
nhsn,2025-2026,Connecticut,extended_sep_apr,Extended Sep-Apr,2025-06,0.1473376691136089,0.14618405029549594,0.18499999999999991,146.9230769230769
nhsn,2025-2026,Connecticut,extended_sep_apr,Extended Sep-Apr,2025-07,0.14355141083523806,0.14335715056137416,0.18499999999999997,151.82051282051276
nhsn,2025-2026,Connecticut,extended_sep_apr,Extended Sep-Apr,2025-08,0.141882668763174,0.14178250076811721,0.18499999999999997,151.53846153846155
nhsn,2025-2026,Connecticut,extended_sep_apr,Extended Sep-Apr,2025-09,0.14670125058625583,0.1458010905076461,0.18499999999999997,146.1538461538462
nhsn,2025-2026,Connecticut,extended_sep_apr,Extended Sep-Apr,2025-10,0.14827572275882012,0.14816244329571532,0.185,150.99816849816852
nhsn,2025-2026,Connecticut,extended_sep_apr,Extended Sep-Apr,2025-11,0.14861049668530416,0.1470619082456972,0.18499999999999997,144.6300366300366
nhsn,2025-2026,Connecticut,extended_sep_apr,Extended Sep-Apr,2025-12,0.14465009421293828,0.1411333165345676,0.185,139.15384615384616
nhsn,2025-2026,Connecticut,extended_sep_apr,Extended Sep-Apr,2026-01,0.13359967603824746,0.1293628486021607,0.185,109.23076923076923
nhsn,2025-2026,Connecticut,extended_sep_apr,Extended Sep-Apr,2026-02,0.11291202667371042,0.10963558701796176,0.185,58.53846153846154
nhsn,2025-2026,Connecticut,extended_sep_apr,Extended Sep-Apr,2026-03,0.08079448076923076,0.08597934947475672,0.185,22.61904761904762
nhsn,2025-2026,Connecticut,extended_sep_apr,Extended Sep-Apr,2026-04,0.0173855421686747,0.04966052498956064,0.13351405600000002,2.791208791208791
nhsn,2025-2026,Connecticut,late_oct_apr,Late Oct-Apr,2025-01,0.0,0.0,0.0,42.58974358974359
nhsn,2025-2026,Connecticut,late_oct_apr,Late Oct-Apr,2025-02,0.0,0.0,0.0,78.58974358974359
nhsn,2025-2026,Connecticut,late_oct_apr,Late Oct-Apr,2025-03,0.0,0.027240311831750984,0.03425483870967742,129.20146520146523
nhsn,2025-2026,Connecticut,late_oct_apr,Late Oct-Apr,2025-04,0.1475050072843823,0.14739415147793827,0.18499999999999991,144.13186813186812
nhsn,2025-2026,Connecticut,late_oct_apr,Late Oct-Apr,2025-05,0.14716536765851948,0.14686675086365755,0.18499999999999997,151.82051282051276
nhsn,2025-2026,Connecticut,late_oct_apr,Late Oct-Apr,2025-06,0.14749629917987772,0.14737891074892295,0.18499999999999991,146.9230769230769
nhsn,2025-2026,Connecticut,late_oct_apr,Late Oct-Apr,2025-07,0.14716536765851948,0.14686675086365755,0.18499999999999997,151.82051282051276
nhsn,2025-2026,Connecticut,late_oct_apr,Late Oct-Apr,2025-08,0.14757262127139878,0.14757526098245474,0.18499999999999997,151.53846153846155
nhsn,2025-2026,Connecticut,late_oct_apr,Late Oct-Apr,2025-09,0.14785201429885905,0.1478991481022736,0.18499999999999991,146.1538461538462
nhsn,2025-2026,Connecticut,late_oct_apr,Late Oct-Apr,2025-10,0.14827572275882012,0.14816244329571532,0.185,150.99816849816852
nhsn,2025-2026,Connecticut,late_oct_apr,Late Oct-Apr,2025-11,0.14861049668530416,0.1470619082456972,0.18499999999999997,144.6300366300366
nhsn,2025-2026,Connecticut,late_oct_apr,Late Oct-Apr,2025-12,0.14465009421293828,0.1411333165345676,0.185,139.15384615384616
nhsn,2025-2026,Connecticut,late_oct_apr,Late Oct-Apr,2026-01,0.13359967603824746,0.1293628486021607,0.185,109.23076923076923
nhsn,2025-2026,Connecticut,late_oct_apr,Late Oct-Apr,2026-02,0.11291202667371042,0.10963558701796176,0.185,58.53846153846154
nhsn,2025-2026,Connecticut,late_oct_apr,Late Oct-Apr,2026-03,0.08079448076923076,0.08597934947475672,0.185,22.61904761904762
nhsn,2025-2026,Connecticut,late_oct_apr,Late Oct-Apr,2026-04,0.0173855421686747,0.04966052498956064,0.13351405600000002,2.791208791208791
nhsn,2025-2026,Delaware,baseline_oct_mar,Baseline Oct-Mar,2025-01,0.0,0.0,0.0,74.87728937728937
nhsn,2025-2026,Delaware,baseline_oct_mar,Baseline Oct-Mar,2025-02,0.0,0.0,0.0,102.96153846153845
nhsn,2025-2026,Delaware,baseline_oct_mar,Baseline Oct-Mar,2025-03,0.0,0.027102919270595115,0.03425483870967742,145.6410256410257
nhsn,2025-2026,Delaware,baseline_oct_mar,Baseline Oct-Mar,2025-04,0.14571160028513153,0.14544806135313965,0.18499999999999991,147.79487179487177
nhsn,2025-2026,Delaware,baseline_oct_mar,Baseline Oct-Mar,2025-05,0.14063444484606305,0.14093238511255565,0.18499999999999997,153.0128205128205
nhsn,2025-2026,Delaware,baseline_oct_mar,Baseline Oct-Mar,2025-06,0.14571367381449718,0.14544920727604257,0.18499999999999991,148.07692307692304
nhsn,2025-2026,Delaware,baseline_oct_mar,Baseline Oct-Mar,2025-07,0.14063444484606305,0.14093238511255565,0.18499999999999997,153.0128205128205
nhsn,2025-2026,Delaware,baseline_oct_mar,Baseline Oct-Mar,2025-08,0.14598003521932612,0.14590257872475246,0.18499999999999997,153.0128205128205
nhsn,2025-2026,Delaware,baseline_oct_mar,Baseline Oct-Mar,2025-09,0.1465783140521922,0.1467838677912039,0.18499999999999991,147.56593406593407
nhsn,2025-2026,Delaware,baseline_oct_mar,Baseline Oct-Mar,2025-10,0.14812493414677158,0.14749987320456412,0.185,150.04395604395606
nhsn,2025-2026,Delaware,baseline_oct_mar,Baseline Oct-Mar,2025-11,0.14659449184778214,0.1441128782962816,0.18499999999999997,138.49267399267399
nhsn,2025-2026,Delaware,baseline_oct_mar,Baseline Oct-Mar,2025-12,0.13620555697832704,0.1320316746734624,0.185,121.41575091575092
nhsn,2025-2026,Delaware,baseline_oct_mar,Baseline Oct-Mar,2026-01,0.12601946230632113,0.12262942958985615,0.185,78.13553113553114
nhsn,2025-2026,Delaware,baseline_oct_mar,Baseline Oct-Mar,2026-02,0.10351879858719959,0.09692115025334734,0.185,35.243589743589745
nhsn,2025-2026,Delaware,baseline_oct_mar,Baseline Oct-Mar,2026-03,0.023603586956521743,0.05084786698328704,0.12500891612903228,7.371794871794872
nhsn,2025-2026,Delaware,baseline_oct_mar,Baseline Oct-Mar,2026-04,0.0,0.0,0.0,0.282051282051282
nhsn,2025-2026,Delaware,early_sep_mar,Early Sep-Mar,2025-01,0.0,0.0,0.0,74.87728937728937
nhsn,2025-2026,Delaware,early_sep_mar,Early Sep-Mar,2025-02,0.0,0.02814290673821896,0.035216071428571416,102.96153846153845
nhsn,2025-2026,Delaware,early_sep_mar,Early Sep-Mar,2025-03,0.1472067281357386,0.1443331469347349,0.1814790322580645,145.6410256410257
nhsn,2025-2026,Delaware,early_sep_mar,Early Sep-Mar,2025-04,0.14597891812354313,0.14608827460602516,0.18499999999999991,147.79487179487177
nhsn,2025-2026,Delaware,early_sep_mar,Early Sep-Mar,2025-05,0.14686430694500305,0.14681877560774545,0.18499999999999997,153.0128205128205
nhsn,2025-2026,Delaware,early_sep_mar,Early Sep-Mar,2025-06,0.14598003521932612,0.14606286704781624,0.18499999999999991,148.07692307692304
nhsn,2025-2026,Delaware,early_sep_mar,Early Sep-Mar,2025-07,0.1469597128637596,0.14696422008256768,0.18499999999999997,153.0128205128205
nhsn,2025-2026,Delaware,early_sep_mar,Early Sep-Mar,2025-08,0.14720206317578527,0.14713696851963787,0.18499999999999997,153.0128205128205
nhsn,2025-2026,Delaware,early_sep_mar,Early Sep-Mar,2025-09,0.14726559495569364,0.14721377371959407,0.18499999999999997,147.56593406593407
nhsn,2025-2026,Delaware,early_sep_mar,Early Sep-Mar,2025-10,0.14812493414677158,0.14749987320456412,0.185,150.04395604395606
nhsn,2025-2026,Delaware,early_sep_mar,Early Sep-Mar,2025-11,0.14659449184778214,0.1441128782962816,0.18499999999999997,138.49267399267399
nhsn,2025-2026,Delaware,early_sep_mar,Early Sep-Mar,2025-12,0.13620555697832704,0.1320316746734624,0.185,121.41575091575092
nhsn,2025-2026,Delaware,early_sep_mar,Early Sep-Mar,2026-01,0.12601946230632113,0.12262942958985615,0.185,78.13553113553114
nhsn,2025-2026,Delaware,early_sep_mar,Early Sep-Mar,2026-02,0.10351879858719959,0.09692115025334734,0.185,35.243589743589745
nhsn,2025-2026,Delaware,early_sep_mar,Early Sep-Mar,2026-03,0.023603586956521743,0.05084786698328704,0.12500891612903228,7.371794871794872
nhsn,2025-2026,Delaware,early_sep_mar,Early Sep-Mar,2026-04,0.0,0.0,0.0,0.282051282051282
nhsn,2025-2026,Delaware,extended_sep_apr,Extended Sep-Apr,2025-01,0.0,0.0,0.0,74.87728937728937
nhsn,2025-2026,Delaware,extended_sep_apr,Extended Sep-Apr,2025-02,0.0,0.02814290673821896,0.035216071428571416,102.96153846153845
nhsn,2025-2026,Delaware,extended_sep_apr,Extended Sep-Apr,2025-03,0.1472067281357386,0.1443331469347349,0.1814790322580645,145.6410256410257
nhsn,2025-2026,Delaware,extended_sep_apr,Extended Sep-Apr,2025-04,0.14597891812354313,0.14608827460602516,0.18499999999999991,147.79487179487177
nhsn,2025-2026,Delaware,extended_sep_apr,Extended Sep-Apr,2025-05,0.14686430694500305,0.14681877560774545,0.18499999999999997,153.0128205128205
nhsn,2025-2026,Delaware,extended_sep_apr,Extended Sep-Apr,2025-06,0.14598003521932612,0.14606286704781624,0.18499999999999991,148.07692307692304
nhsn,2025-2026,Delaware,extended_sep_apr,Extended Sep-Apr,2025-07,0.1469597128637596,0.14696422008256768,0.18499999999999997,153.0128205128205
nhsn,2025-2026,Delaware,extended_sep_apr,Extended Sep-Apr,2025-08,0.14720206317578527,0.14713696851963787,0.18499999999999997,153.0128205128205
nhsn,2025-2026,Delaware,extended_sep_apr,Extended Sep-Apr,2025-09,0.14726559495569364,0.14721377371959407,0.18499999999999997,147.56593406593407
nhsn,2025-2026,Delaware,extended_sep_apr,Extended Sep-Apr,2025-10,0.14812493414677158,0.14749987320456412,0.185,150.04395604395606
nhsn,2025-2026,Delaware,extended_sep_apr,Extended Sep-Apr,2025-11,0.14659449184778214,0.1441128782962816,0.18499999999999997,138.49267399267399
nhsn,2025-2026,Delaware,extended_sep_apr,Extended Sep-Apr,2025-12,0.13620555697832704,0.1320316746734624,0.185,121.41575091575092
nhsn,2025-2026,Delaware,extended_sep_apr,Extended Sep-Apr,2026-01,0.12601946230632113,0.12262942958985615,0.185,78.13553113553114
nhsn,2025-2026,Delaware,extended_sep_apr,Extended Sep-Apr,2026-02,0.10351879858719959,0.09692115025334734,0.185,35.243589743589745
nhsn,2025-2026,Delaware,extended_sep_apr,Extended Sep-Apr,2026-03,0.06903346153846153,0.06800951399036613,0.185,7.371794871794872
nhsn,2025-2026,Delaware,extended_sep_apr,Extended Sep-Apr,2026-04,0.028859999999999997,0.06907605113496704,0.13351405600000002,0.28205128205128205
nhsn,2025-2026,Delaware,late_oct_apr,Late Oct-Apr,2025-01,0.0,0.0,0.0,74.87728937728937
nhsn,2025-2026,Delaware,late_oct_apr,Late Oct-Apr,2025-02,0.0,0.0,0.0,102.96153846153845
nhsn,2025-2026,Delaware,late_oct_apr,Late Oct-Apr,2025-03,0.0,0.027102919270595115,0.03425483870967742,145.6410256410257
nhsn,2025-2026,Delaware,late_oct_apr,Late Oct-Apr,2025-04,0.14571160028513153,0.14544806135313965,0.18499999999999991,147.79487179487177
nhsn,2025-2026,Delaware,late_oct_apr,Late Oct-Apr,2025-05,0.14063444484606305,0.14093238511255565,0.18499999999999997,153.0128205128205
nhsn,2025-2026,Delaware,late_oct_apr,Late Oct-Apr,2025-06,0.14571367381449718,0.14544920727604257,0.18499999999999991,148.07692307692304
nhsn,2025-2026,Delaware,late_oct_apr,Late Oct-Apr,2025-07,0.14063444484606305,0.14093238511255565,0.18499999999999997,153.0128205128205
nhsn,2025-2026,Delaware,late_oct_apr,Late Oct-Apr,2025-08,0.14598003521932612,0.14590257872475246,0.18499999999999997,153.0128205128205
nhsn,2025-2026,Delaware,late_oct_apr,Late Oct-Apr,2025-09,0.1465783140521922,0.1467838677912039,0.18499999999999991,147.56593406593407
nhsn,2025-2026,Delaware,late_oct_apr,Late Oct-Apr,2025-10,0.14812493414677158,0.14749987320456412,0.185,150.04395604395606
nhsn,2025-2026,Delaware,late_oct_apr,Late Oct-Apr,2025-11,0.14659449184778214,0.1441128782962816,0.18499999999999997,138.49267399267399
nhsn,2025-2026,Delaware,late_oct_apr,Late Oct-Apr,2025-12,0.13620555697832704,0.1320316746734624,0.185,121.41575091575092
nhsn,2025-2026,Delaware,late_oct_apr,Late Oct-Apr,2026-01,0.12601946230632113,0.12262942958985615,0.185,78.13553113553114
nhsn,2025-2026,Delaware,late_oct_apr,Late Oct-Apr,2026-02,0.10351879858719959,0.09692115025334734,0.185,35.243589743589745
nhsn,2025-2026,Delaware,late_oct_apr,Late Oct-Apr,2026-03,0.06903346153846153,0.06800951399036613,0.185,7.371794871794872
nhsn,2025-2026,Delaware,late_oct_apr,Late Oct-Apr,2026-04,0.028859999999999997,0.06907605113496704,0.13351405600000002,0.28205128205128205
nhsn,2025-2026,District of Columbia,baseline_oct_mar,Baseline Oct-Mar,2025-01,0.0,0.0,0.0,1.0128205128205128
nhsn,2025-2026,District of Columbia,baseline_oct_mar,Baseline Oct-Mar,2025-02,0.0,0.0,0.0,1.9871794871794872
nhsn,2025-2026,District of Columbia,baseline_oct_mar,Baseline Oct-Mar,2025-03,0.0,0.02394786914956012,0.03425483870967742,3.1794871794871784
nhsn,2025-2026,District of Columbia,baseline_oct_mar,Baseline Oct-Mar,2025-04,0.12957357954545456,0.12957781772727273,0.18499999999999991,3.076923076923076
nhsn,2025-2026,District of Columbia,baseline_oct_mar,Baseline Oct-Mar,2025-05,0.13001505681818185,0.1300601266241823,0.18499999999999997,3.1794871794871784
nhsn,2025-2026,District of Columbia,baseline_oct_mar,Baseline Oct-Mar,2025-06,0.12957357954545454,0.12957781772727273,0.18499999999999991,3.076923076923076
nhsn,2025-2026,District of Columbia,baseline_oct_mar,Baseline Oct-Mar,2025-07,0.13001505681818185,0.1300601266241823,0.18499999999999997,3.1794871794871784
nhsn,2025-2026,District of Columbia,baseline_oct_mar,Baseline Oct-Mar,2025-08,0.1294852840909091,0.12948528409090906,0.18499999999999997,3.1794871794871784
nhsn,2025-2026,District of Columbia,baseline_oct_mar,Baseline Oct-Mar,2025-09,0.13182158181818182,0.1372823908096228,0.18499999999999991,2.9102564102564097
nhsn,2025-2026,District of Columbia,baseline_oct_mar,Baseline Oct-Mar,2025-10,0.148185,0.1481979247206077,0.185,2.7820512820512824
nhsn,2025-2026,District of Columbia,baseline_oct_mar,Baseline Oct-Mar,2025-11,0.14915274511203086,0.1499698684991447,0.18499999999999997,2.6923076923076925
nhsn,2025-2026,District of Columbia,baseline_oct_mar,Baseline Oct-Mar,2025-12,0.15234585514485516,0.14363888526477978,0.185,2.7820512820512824
nhsn,2025-2026,District of Columbia,baseline_oct_mar,Baseline Oct-Mar,2026-01,0.13407432457786117,0.12653509532134466,0.185,2.166666666666667
nhsn,2025-2026,District of Columbia,baseline_oct_mar,Baseline Oct-Mar,2026-02,0.028859999999999997,0.053794305662015686,0.185,0.8846153846153848
nhsn,2025-2026,District of Columbia,baseline_oct_mar,Baseline Oct-Mar,2026-03,,,0.12500891612903228,0.0
nhsn,2025-2026,District of Columbia,baseline_oct_mar,Baseline Oct-Mar,2026-04,,,0.0,0.0
nhsn,2025-2026,District of Columbia,early_sep_mar,Early Sep-Mar,2025-01,0.0,0.0,0.0,1.0128205128205128
nhsn,2025-2026,District of Columbia,early_sep_mar,Early Sep-Mar,2025-02,0.0,0.028419074624712774,0.035216071428571416,1.9871794871794872
nhsn,2025-2026,District of Columbia,early_sep_mar,Early Sep-Mar,2025-03,0.12937932954545456,0.13245036395386872,0.1814790322580645,3.1794871794871784
nhsn,2025-2026,District of Columbia,early_sep_mar,Early Sep-Mar,2025-04,0.12957357954545456,0.13292593087674826,0.18499999999999991,3.076923076923076
nhsn,2025-2026,District of Columbia,early_sep_mar,Early Sep-Mar,2025-05,0.12939698863636365,0.1349198026818746,0.18499999999999997,3.1794871794871784
nhsn,2025-2026,District of Columbia,early_sep_mar,Early Sep-Mar,2025-06,0.12957357954545454,0.13292593087674826,0.18499999999999991,3.076923076923076
nhsn,2025-2026,District of Columbia,early_sep_mar,Early Sep-Mar,2025-07,0.13410908279220782,0.13825099891157233,0.18499999999999997,3.1794871794871784
nhsn,2025-2026,District of Columbia,early_sep_mar,Early Sep-Mar,2025-08,0.14957072115384615,0.14470222840727823,0.18499999999999997,3.1794871794871784
nhsn,2025-2026,District of Columbia,early_sep_mar,Early Sep-Mar,2025-09,0.14534352197802197,0.14165961553279166,0.18499999999999997,2.9102564102564106
nhsn,2025-2026,District of Columbia,early_sep_mar,Early Sep-Mar,2025-10,0.148185,0.1481979247206077,0.185,2.7820512820512824
nhsn,2025-2026,District of Columbia,early_sep_mar,Early Sep-Mar,2025-11,0.14915274511203086,0.1499698684991447,0.18499999999999997,2.6923076923076925
nhsn,2025-2026,District of Columbia,early_sep_mar,Early Sep-Mar,2025-12,0.15234585514485516,0.14363888526477978,0.185,2.7820512820512824
nhsn,2025-2026,District of Columbia,early_sep_mar,Early Sep-Mar,2026-01,0.13407432457786117,0.12653509532134466,0.185,2.166666666666667
nhsn,2025-2026,District of Columbia,early_sep_mar,Early Sep-Mar,2026-02,0.028859999999999997,0.053794305662015686,0.185,0.8846153846153848
nhsn,2025-2026,District of Columbia,early_sep_mar,Early Sep-Mar,2026-03,,,0.12500891612903228,0.0
nhsn,2025-2026,District of Columbia,early_sep_mar,Early Sep-Mar,2026-04,,,0.0,0.0
nhsn,2025-2026,District of Columbia,extended_sep_apr,Extended Sep-Apr,2025-01,0.0,0.0,0.0,1.0128205128205128
nhsn,2025-2026,District of Columbia,extended_sep_apr,Extended Sep-Apr,2025-02,0.0,0.028419074624712774,0.035216071428571416,1.9871794871794872
nhsn,2025-2026,District of Columbia,extended_sep_apr,Extended Sep-Apr,2025-03,0.12937932954545456,0.13245036395386872,0.1814790322580645,3.1794871794871784
nhsn,2025-2026,District of Columbia,extended_sep_apr,Extended Sep-Apr,2025-04,0.12957357954545456,0.13292593087674826,0.18499999999999991,3.076923076923076
nhsn,2025-2026,District of Columbia,extended_sep_apr,Extended Sep-Apr,2025-05,0.12939698863636365,0.1349198026818746,0.18499999999999997,3.1794871794871784
nhsn,2025-2026,District of Columbia,extended_sep_apr,Extended Sep-Apr,2025-06,0.12957357954545454,0.13292593087674826,0.18499999999999991,3.076923076923076
nhsn,2025-2026,District of Columbia,extended_sep_apr,Extended Sep-Apr,2025-07,0.13410908279220782,0.13825099891157233,0.18499999999999997,3.1794871794871784
nhsn,2025-2026,District of Columbia,extended_sep_apr,Extended Sep-Apr,2025-08,0.14957072115384615,0.14470222840727823,0.18499999999999997,3.1794871794871784
nhsn,2025-2026,District of Columbia,extended_sep_apr,Extended Sep-Apr,2025-09,0.14534352197802197,0.14165961553279166,0.18499999999999997,2.9102564102564106
nhsn,2025-2026,District of Columbia,extended_sep_apr,Extended Sep-Apr,2025-10,0.148185,0.1481979247206077,0.185,2.7820512820512824
nhsn,2025-2026,District of Columbia,extended_sep_apr,Extended Sep-Apr,2025-11,0.14915274511203086,0.1499698684991447,0.18499999999999997,2.6923076923076925
nhsn,2025-2026,District of Columbia,extended_sep_apr,Extended Sep-Apr,2025-12,0.15234585514485516,0.14363888526477978,0.185,2.7820512820512824
nhsn,2025-2026,District of Columbia,extended_sep_apr,Extended Sep-Apr,2026-01,0.13407432457786117,0.12653509532134466,0.185,2.166666666666667
nhsn,2025-2026,District of Columbia,extended_sep_apr,Extended Sep-Apr,2026-02,0.028859999999999997,0.053794305662015686,0.185,0.8846153846153848
nhsn,2025-2026,District of Columbia,extended_sep_apr,Extended Sep-Apr,2026-03,,,0.185,0.0
nhsn,2025-2026,District of Columbia,extended_sep_apr,Extended Sep-Apr,2026-04,,,0.13351405600000002,0.0
nhsn,2025-2026,District of Columbia,late_oct_apr,Late Oct-Apr,2025-01,0.0,0.0,0.0,1.0128205128205128
nhsn,2025-2026,District of Columbia,late_oct_apr,Late Oct-Apr,2025-02,0.0,0.0,0.0,1.9871794871794872
nhsn,2025-2026,District of Columbia,late_oct_apr,Late Oct-Apr,2025-03,0.0,0.02394786914956012,0.03425483870967742,3.1794871794871784
nhsn,2025-2026,District of Columbia,late_oct_apr,Late Oct-Apr,2025-04,0.12957357954545456,0.12957781772727273,0.18499999999999991,3.076923076923076
nhsn,2025-2026,District of Columbia,late_oct_apr,Late Oct-Apr,2025-05,0.13001505681818185,0.1300601266241823,0.18499999999999997,3.1794871794871784
nhsn,2025-2026,District of Columbia,late_oct_apr,Late Oct-Apr,2025-06,0.12957357954545454,0.12957781772727273,0.18499999999999991,3.076923076923076
nhsn,2025-2026,District of Columbia,late_oct_apr,Late Oct-Apr,2025-07,0.13001505681818185,0.1300601266241823,0.18499999999999997,3.1794871794871784
nhsn,2025-2026,District of Columbia,late_oct_apr,Late Oct-Apr,2025-08,0.1294852840909091,0.12948528409090906,0.18499999999999997,3.1794871794871784
nhsn,2025-2026,District of Columbia,late_oct_apr,Late Oct-Apr,2025-09,0.13182158181818182,0.1372823908096228,0.18499999999999991,2.9102564102564097
nhsn,2025-2026,District of Columbia,late_oct_apr,Late Oct-Apr,2025-10,0.148185,0.1481979247206077,0.185,2.7820512820512824
nhsn,2025-2026,District of Columbia,late_oct_apr,Late Oct-Apr,2025-11,0.14915274511203086,0.1499698684991447,0.18499999999999997,2.6923076923076925
nhsn,2025-2026,District of Columbia,late_oct_apr,Late Oct-Apr,2025-12,0.15234585514485516,0.14363888526477978,0.185,2.7820512820512824
nhsn,2025-2026,District of Columbia,late_oct_apr,Late Oct-Apr,2026-01,0.13407432457786117,0.12653509532134466,0.185,2.166666666666667
nhsn,2025-2026,District of Columbia,late_oct_apr,Late Oct-Apr,2026-02,0.028859999999999997,0.053794305662015686,0.185,0.8846153846153848
nhsn,2025-2026,District of Columbia,late_oct_apr,Late Oct-Apr,2026-03,,,0.185,0.0
nhsn,2025-2026,District of Columbia,late_oct_apr,Late Oct-Apr,2026-04,,,0.13351405600000002,0.0
nhsn,2025-2026,Florida,baseline_oct_mar,Baseline Oct-Mar,2025-01,0.0,0.0,0.0,1086.3223443223444
nhsn,2025-2026,Florida,baseline_oct_mar,Baseline Oct-Mar,2025-02,0.0,0.0,0.0,1117.2948717948718
nhsn,2025-2026,Florida,baseline_oct_mar,Baseline Oct-Mar,2025-03,0.0,0.022482856117461647,0.03425483870967742,1353.8754578754576
nhsn,2025-2026,Florida,baseline_oct_mar,Baseline Oct-Mar,2025-04,0.11116862349897791,0.11047198436241008,0.18499999999999991,1380.7673992673992
nhsn,2025-2026,Florida,baseline_oct_mar,Baseline Oct-Mar,2025-05,0.08819524981138908,0.09254449786410786,0.18499999999999997,1447.234432234432
nhsn,2025-2026,Florida,baseline_oct_mar,Baseline Oct-Mar,2025-06,0.1120311121959249,0.11090519915180203,0.18499999999999991,1400.5494505494503
nhsn,2025-2026,Florida,baseline_oct_mar,Baseline Oct-Mar,2025-07,0.08921393276343115,0.09432926158874542,0.18499999999999997,1420.234432234432
nhsn,2025-2026,Florida,baseline_oct_mar,Baseline Oct-Mar,2025-08,0.12183375919933936,0.1219328021440457,0.18499999999999997,1370.8589743589744
nhsn,2025-2026,Florida,baseline_oct_mar,Baseline Oct-Mar,2025-09,0.13558858508599608,0.1354042020626867,0.18499999999999991,1252.930402930403
nhsn,2025-2026,Florida,baseline_oct_mar,Baseline Oct-Mar,2025-10,0.13964599608494194,0.13727639142178585,0.185,1121.3003663003665
nhsn,2025-2026,Florida,baseline_oct_mar,Baseline Oct-Mar,2025-11,0.13473349556749808,0.13183958616934596,0.18499999999999997,821.0256410256411
nhsn,2025-2026,Florida,baseline_oct_mar,Baseline Oct-Mar,2025-12,0.13357375784834816,0.12912134962169908,0.185,571.2417582417582
nhsn,2025-2026,Florida,baseline_oct_mar,Baseline Oct-Mar,2026-01,0.13262024153284807,0.1267601335407947,0.185,360.91208791208794
nhsn,2025-2026,Florida,baseline_oct_mar,Baseline Oct-Mar,2026-02,0.12284745531921977,0.11683018193609883,0.185,189.8846153846154
nhsn,2025-2026,Florida,baseline_oct_mar,Baseline Oct-Mar,2026-03,0.10689591024160597,0.08288545696972316,0.12500891612903228,93.35897435897436
nhsn,2025-2026,Florida,baseline_oct_mar,Baseline Oct-Mar,2026-04,0.0,0.0,0.0,19.782051282051277
nhsn,2025-2026,Florida,early_sep_mar,Early Sep-Mar,2025-01,0.0,0.0,0.0,1086.3223443223444
nhsn,2025-2026,Florida,early_sep_mar,Early Sep-Mar,2025-02,0.0,0.025674750230079146,0.035216071428571416,1117.2948717948718
nhsn,2025-2026,Florida,early_sep_mar,Early Sep-Mar,2025-03,0.13091563316556754,0.12749685254170437,0.1814790322580645,1353.8754578754576
nhsn,2025-2026,Florida,early_sep_mar,Early Sep-Mar,2025-04,0.11580553055694405,0.11712645019331698,0.18499999999999991,1380.7673992673992
nhsn,2025-2026,Florida,early_sep_mar,Early Sep-Mar,2025-05,0.13050663572962934,0.1287407158002844,0.18499999999999997,1447.234432234432
nhsn,2025-2026,Florida,early_sep_mar,Early Sep-Mar,2025-06,0.11620918387218904,0.11742459102756674,0.18499999999999991,1400.5494505494503
nhsn,2025-2026,Florida,early_sep_mar,Early Sep-Mar,2025-07,0.133662416087519,0.13297437647363503,0.18499999999999997,1420.234432234432
nhsn,2025-2026,Florida,early_sep_mar,Early Sep-Mar,2025-08,0.13917155099163658,0.13928839678877694,0.18499999999999997,1370.8589743589744
nhsn,2025-2026,Florida,early_sep_mar,Early Sep-Mar,2025-09,0.1438861001631453,0.14213164291741054,0.18499999999999997,1252.930402930403
nhsn,2025-2026,Florida,early_sep_mar,Early Sep-Mar,2025-10,0.13964599608494194,0.13727639142178585,0.185,1121.3003663003665
nhsn,2025-2026,Florida,early_sep_mar,Early Sep-Mar,2025-11,0.13473349556749808,0.13183958616934596,0.18499999999999997,821.0256410256411
nhsn,2025-2026,Florida,early_sep_mar,Early Sep-Mar,2025-12,0.13357375784834816,0.12912134962169908,0.185,571.2417582417582
nhsn,2025-2026,Florida,early_sep_mar,Early Sep-Mar,2026-01,0.13262024153284807,0.1267601335407947,0.185,360.91208791208794
nhsn,2025-2026,Florida,early_sep_mar,Early Sep-Mar,2026-02,0.12284745531921977,0.11683018193609883,0.185,189.8846153846154
nhsn,2025-2026,Florida,early_sep_mar,Early Sep-Mar,2026-03,0.10689591024160597,0.08288545696972316,0.12500891612903228,93.35897435897436
nhsn,2025-2026,Florida,early_sep_mar,Early Sep-Mar,2026-04,0.0,0.0,0.0,19.782051282051277
nhsn,2025-2026,Florida,extended_sep_apr,Extended Sep-Apr,2025-01,0.0,0.0,0.0,1086.3223443223444
nhsn,2025-2026,Florida,extended_sep_apr,Extended Sep-Apr,2025-02,0.0,0.025674750230079146,0.035216071428571416,1117.2948717948718
nhsn,2025-2026,Florida,extended_sep_apr,Extended Sep-Apr,2025-03,0.13091563316556754,0.12749685254170437,0.1814790322580645,1353.8754578754576
nhsn,2025-2026,Florida,extended_sep_apr,Extended Sep-Apr,2025-04,0.11580553055694405,0.11712645019331698,0.18499999999999991,1380.7673992673992
nhsn,2025-2026,Florida,extended_sep_apr,Extended Sep-Apr,2025-05,0.13050663572962934,0.1287407158002844,0.18499999999999997,1447.234432234432
nhsn,2025-2026,Florida,extended_sep_apr,Extended Sep-Apr,2025-06,0.11620918387218904,0.11742459102756674,0.18499999999999991,1400.5494505494503
nhsn,2025-2026,Florida,extended_sep_apr,Extended Sep-Apr,2025-07,0.133662416087519,0.13297437647363503,0.18499999999999997,1420.234432234432
nhsn,2025-2026,Florida,extended_sep_apr,Extended Sep-Apr,2025-08,0.13917155099163658,0.13928839678877694,0.18499999999999997,1370.8589743589744
nhsn,2025-2026,Florida,extended_sep_apr,Extended Sep-Apr,2025-09,0.1438861001631453,0.14213164291741054,0.18499999999999997,1252.930402930403
nhsn,2025-2026,Florida,extended_sep_apr,Extended Sep-Apr,2025-10,0.13964599608494194,0.13727639142178585,0.185,1121.3003663003665
nhsn,2025-2026,Florida,extended_sep_apr,Extended Sep-Apr,2025-11,0.13473349556749808,0.13183958616934596,0.18499999999999997,821.0256410256411
nhsn,2025-2026,Florida,extended_sep_apr,Extended Sep-Apr,2025-12,0.13357375784834816,0.12912134962169908,0.185,571.2417582417582
nhsn,2025-2026,Florida,extended_sep_apr,Extended Sep-Apr,2026-01,0.13262024153284807,0.1267601335407947,0.185,360.91208791208794
nhsn,2025-2026,Florida,extended_sep_apr,Extended Sep-Apr,2026-02,0.12284745531921977,0.11683018193609883,0.185,189.8846153846154
nhsn,2025-2026,Florida,extended_sep_apr,Extended Sep-Apr,2026-03,0.10753352129508909,0.0999155926201298,0.185,93.35897435897436
nhsn,2025-2026,Florida,extended_sep_apr,Extended Sep-Apr,2026-04,0.018916638655462184,0.05110119002116745,0.13351405600000002,19.782051282051285
nhsn,2025-2026,Florida,late_oct_apr,Late Oct-Apr,2025-01,0.0,0.0,0.0,1086.3223443223444
nhsn,2025-2026,Florida,late_oct_apr,Late Oct-Apr,2025-02,0.0,0.0,0.0,1117.2948717948718
nhsn,2025-2026,Florida,late_oct_apr,Late Oct-Apr,2025-03,0.0,0.022482856117461647,0.03425483870967742,1353.8754578754576
nhsn,2025-2026,Florida,late_oct_apr,Late Oct-Apr,2025-04,0.11116862349897791,0.11047198436241008,0.18499999999999991,1380.7673992673992
nhsn,2025-2026,Florida,late_oct_apr,Late Oct-Apr,2025-05,0.08819524981138908,0.09254449786410786,0.18499999999999997,1447.234432234432
nhsn,2025-2026,Florida,late_oct_apr,Late Oct-Apr,2025-06,0.1120311121959249,0.11090519915180203,0.18499999999999991,1400.5494505494503
nhsn,2025-2026,Florida,late_oct_apr,Late Oct-Apr,2025-07,0.08921393276343115,0.09432926158874542,0.18499999999999997,1420.234432234432
nhsn,2025-2026,Florida,late_oct_apr,Late Oct-Apr,2025-08,0.12183375919933936,0.1219328021440457,0.18499999999999997,1370.8589743589744
nhsn,2025-2026,Florida,late_oct_apr,Late Oct-Apr,2025-09,0.13558858508599608,0.1354042020626867,0.18499999999999991,1252.930402930403
nhsn,2025-2026,Florida,late_oct_apr,Late Oct-Apr,2025-10,0.13964599608494194,0.13727639142178585,0.185,1121.3003663003665
nhsn,2025-2026,Florida,late_oct_apr,Late Oct-Apr,2025-11,0.13473349556749808,0.13183958616934596,0.18499999999999997,821.0256410256411
nhsn,2025-2026,Florida,late_oct_apr,Late Oct-Apr,2025-12,0.13357375784834816,0.12912134962169908,0.185,571.2417582417582
nhsn,2025-2026,Florida,late_oct_apr,Late Oct-Apr,2026-01,0.13262024153284807,0.1267601335407947,0.185,360.91208791208794
nhsn,2025-2026,Florida,late_oct_apr,Late Oct-Apr,2026-02,0.12284745531921977,0.11683018193609883,0.185,189.8846153846154
nhsn,2025-2026,Florida,late_oct_apr,Late Oct-Apr,2026-03,0.10753352129508909,0.0999155926201298,0.185,93.35897435897436
nhsn,2025-2026,Florida,late_oct_apr,Late Oct-Apr,2026-04,0.018916638655462184,0.05110119002116745,0.13351405600000002,19.782051282051285
nhsn,2025-2026,Georgia,baseline_oct_mar,Baseline Oct-Mar,2025-01,0.0,0.0,0.0,468.58058608058604
nhsn,2025-2026,Georgia,baseline_oct_mar,Baseline Oct-Mar,2025-02,0.0,0.0,0.0,531.9230769230769
nhsn,2025-2026,Georgia,baseline_oct_mar,Baseline Oct-Mar,2025-03,0.0,0.02594040467720153,0.03425483870967742,687.5970695970695
nhsn,2025-2026,Georgia,baseline_oct_mar,Baseline Oct-Mar,2025-04,0.13626509742139112,0.13588045511473923,0.18499999999999991,699.084249084249
nhsn,2025-2026,Georgia,baseline_oct_mar,Baseline Oct-Mar,2025-05,0.12400719433015839,0.12533595630493866,0.18499999999999997,732.6446886446886
nhsn,2025-2026,Georgia,baseline_oct_mar,Baseline Oct-Mar,2025-06,0.13651038454926967,0.1360005848420986,0.18499999999999991,709.0109890109889
nhsn,2025-2026,Georgia,baseline_oct_mar,Baseline Oct-Mar,2025-07,0.12445083493827686,0.12579957367338104,0.18499999999999997,729.9432234432236
nhsn,2025-2026,Georgia,baseline_oct_mar,Baseline Oct-Mar,2025-08,0.1398180436538668,0.1399976349854563,0.18499999999999997,721.6501831501831
nhsn,2025-2026,Georgia,baseline_oct_mar,Baseline Oct-Mar,2025-09,0.14478743794939422,0.14476852683064492,0.18499999999999991,684.7765567765567
nhsn,2025-2026,Georgia,baseline_oct_mar,Baseline Oct-Mar,2025-10,0.14674566502938538,0.14482957383915607,0.185,676.7032967032967
nhsn,2025-2026,Georgia,baseline_oct_mar,Baseline Oct-Mar,2025-11,0.14226794123029513,0.13846133489337994,0.18499999999999997,581.532967032967
nhsn,2025-2026,Georgia,baseline_oct_mar,Baseline Oct-Mar,2025-12,0.12813089212492473,0.1267889750455005,0.185,449.6794871794872
nhsn,2025-2026,Georgia,baseline_oct_mar,Baseline Oct-Mar,2026-01,0.13228805467260013,0.12494016285964327,0.185,264.06410256410254
nhsn,2025-2026,Georgia,baseline_oct_mar,Baseline Oct-Mar,2026-02,0.11244512286793669,0.10560592479305594,0.185,129.82051282051282
nhsn,2025-2026,Georgia,baseline_oct_mar,Baseline Oct-Mar,2026-03,0.09069947851081303,0.0773834689875746,0.12500891612903228,45.047619047619044
nhsn,2025-2026,Georgia,baseline_oct_mar,Baseline Oct-Mar,2026-04,0.0,0.0,0.0,9.926739926739927
nhsn,2025-2026,Georgia,early_sep_mar,Early Sep-Mar,2025-01,0.0,0.0,0.0,468.58058608058604
nhsn,2025-2026,Georgia,early_sep_mar,Early Sep-Mar,2025-02,0.0,0.02732637734391469,0.035216071428571416,531.9230769230769
nhsn,2025-2026,Georgia,early_sep_mar,Early Sep-Mar,2025-03,0.14262825765859716,0.13968792996723817,0.1814790322580645,687.5970695970695
nhsn,2025-2026,Georgia,early_sep_mar,Early Sep-Mar,2025-04,0.13783096008190582,0.13794109164575652,0.18499999999999991,699.084249084249
nhsn,2025-2026,Georgia,early_sep_mar,Early Sep-Mar,2025-05,0.140869359274947,0.14081403476096782,0.18499999999999997,732.6446886446886
nhsn,2025-2026,Georgia,early_sep_mar,Early Sep-Mar,2025-06,0.13795507430774434,0.13795336585470577,0.18499999999999991,709.0109890109889
nhsn,2025-2026,Georgia,early_sep_mar,Early Sep-Mar,2025-07,0.14128593163435627,0.14135471433543015,0.18499999999999997,729.9432234432236
nhsn,2025-2026,Georgia,early_sep_mar,Early Sep-Mar,2025-08,0.14250401447532063,0.14263922144928792,0.18499999999999997,721.6501831501831
nhsn,2025-2026,Georgia,early_sep_mar,Early Sep-Mar,2025-09,0.14549891596660613,0.1455793122262741,0.18499999999999997,684.7765567765568
nhsn,2025-2026,Georgia,early_sep_mar,Early Sep-Mar,2025-10,0.14674566502938538,0.14482957383915607,0.185,676.7032967032967
nhsn,2025-2026,Georgia,early_sep_mar,Early Sep-Mar,2025-11,0.14226794123029513,0.13846133489337994,0.18499999999999997,581.532967032967
nhsn,2025-2026,Georgia,early_sep_mar,Early Sep-Mar,2025-12,0.12813089212492473,0.1267889750455005,0.185,449.6794871794872
nhsn,2025-2026,Georgia,early_sep_mar,Early Sep-Mar,2026-01,0.13228805467260013,0.12494016285964327,0.185,264.06410256410254
nhsn,2025-2026,Georgia,early_sep_mar,Early Sep-Mar,2026-02,0.11244512286793669,0.10560592479305594,0.185,129.82051282051282
nhsn,2025-2026,Georgia,early_sep_mar,Early Sep-Mar,2026-03,0.09069947851081303,0.0773834689875746,0.12500891612903228,45.047619047619044
nhsn,2025-2026,Georgia,early_sep_mar,Early Sep-Mar,2026-04,0.0,0.0,0.0,9.926739926739927
nhsn,2025-2026,Georgia,extended_sep_apr,Extended Sep-Apr,2025-01,0.0,0.0,0.0,468.58058608058604
nhsn,2025-2026,Georgia,extended_sep_apr,Extended Sep-Apr,2025-02,0.0,0.02732637734391469,0.035216071428571416,531.9230769230769
nhsn,2025-2026,Georgia,extended_sep_apr,Extended Sep-Apr,2025-03,0.14262825765859716,0.13968792996723817,0.1814790322580645,687.5970695970695
nhsn,2025-2026,Georgia,extended_sep_apr,Extended Sep-Apr,2025-04,0.13783096008190582,0.13794109164575652,0.18499999999999991,699.084249084249
nhsn,2025-2026,Georgia,extended_sep_apr,Extended Sep-Apr,2025-05,0.140869359274947,0.14081403476096782,0.18499999999999997,732.6446886446886
nhsn,2025-2026,Georgia,extended_sep_apr,Extended Sep-Apr,2025-06,0.13795507430774434,0.13795336585470577,0.18499999999999991,709.0109890109889
nhsn,2025-2026,Georgia,extended_sep_apr,Extended Sep-Apr,2025-07,0.14128593163435627,0.14135471433543015,0.18499999999999997,729.9432234432236
nhsn,2025-2026,Georgia,extended_sep_apr,Extended Sep-Apr,2025-08,0.14250401447532063,0.14263922144928792,0.18499999999999997,721.6501831501831
nhsn,2025-2026,Georgia,extended_sep_apr,Extended Sep-Apr,2025-09,0.14549891596660613,0.1455793122262741,0.18499999999999997,684.7765567765568
nhsn,2025-2026,Georgia,extended_sep_apr,Extended Sep-Apr,2025-10,0.14674566502938538,0.14482957383915607,0.185,676.7032967032967
nhsn,2025-2026,Georgia,extended_sep_apr,Extended Sep-Apr,2025-11,0.14226794123029513,0.13846133489337994,0.18499999999999997,581.532967032967
nhsn,2025-2026,Georgia,extended_sep_apr,Extended Sep-Apr,2025-12,0.12813089212492473,0.1267889750455005,0.185,449.6794871794872
nhsn,2025-2026,Georgia,extended_sep_apr,Extended Sep-Apr,2026-01,0.13228805467260013,0.12494016285964327,0.185,264.06410256410254
nhsn,2025-2026,Georgia,extended_sep_apr,Extended Sep-Apr,2026-02,0.11244512286793669,0.10560592479305594,0.185,129.82051282051282
nhsn,2025-2026,Georgia,extended_sep_apr,Extended Sep-Apr,2026-03,0.0980708958130477,0.0983484359452651,0.185,45.047619047619044
nhsn,2025-2026,Georgia,extended_sep_apr,Extended Sep-Apr,2026-04,0.016976470588235294,0.0524922737276729,0.13351405600000002,9.926739926739927
nhsn,2025-2026,Georgia,late_oct_apr,Late Oct-Apr,2025-01,0.0,0.0,0.0,468.58058608058604
nhsn,2025-2026,Georgia,late_oct_apr,Late Oct-Apr,2025-02,0.0,0.0,0.0,531.9230769230769
nhsn,2025-2026,Georgia,late_oct_apr,Late Oct-Apr,2025-03,0.0,0.02594040467720153,0.03425483870967742,687.5970695970695
nhsn,2025-2026,Georgia,late_oct_apr,Late Oct-Apr,2025-04,0.13626509742139112,0.13588045511473923,0.18499999999999991,699.084249084249
nhsn,2025-2026,Georgia,late_oct_apr,Late Oct-Apr,2025-05,0.12400719433015839,0.12533595630493866,0.18499999999999997,732.6446886446886
nhsn,2025-2026,Georgia,late_oct_apr,Late Oct-Apr,2025-06,0.13651038454926967,0.1360005848420986,0.18499999999999991,709.0109890109889
nhsn,2025-2026,Georgia,late_oct_apr,Late Oct-Apr,2025-07,0.12445083493827686,0.12579957367338104,0.18499999999999997,729.9432234432236
nhsn,2025-2026,Georgia,late_oct_apr,Late Oct-Apr,2025-08,0.1398180436538668,0.1399976349854563,0.18499999999999997,721.6501831501831
nhsn,2025-2026,Georgia,late_oct_apr,Late Oct-Apr,2025-09,0.14478743794939422,0.14476852683064492,0.18499999999999991,684.7765567765567
nhsn,2025-2026,Georgia,late_oct_apr,Late Oct-Apr,2025-10,0.14674566502938538,0.14482957383915607,0.185,676.7032967032967
nhsn,2025-2026,Georgia,late_oct_apr,Late Oct-Apr,2025-11,0.14226794123029513,0.13846133489337994,0.18499999999999997,581.532967032967
nhsn,2025-2026,Georgia,late_oct_apr,Late Oct-Apr,2025-12,0.12813089212492473,0.1267889750455005,0.185,449.6794871794872
nhsn,2025-2026,Georgia,late_oct_apr,Late Oct-Apr,2026-01,0.13228805467260013,0.12494016285964327,0.185,264.06410256410254
nhsn,2025-2026,Georgia,late_oct_apr,Late Oct-Apr,2026-02,0.11244512286793669,0.10560592479305594,0.185,129.82051282051282
nhsn,2025-2026,Georgia,late_oct_apr,Late Oct-Apr,2026-03,0.0980708958130477,0.0983484359452651,0.185,45.047619047619044
nhsn,2025-2026,Georgia,late_oct_apr,Late Oct-Apr,2026-04,0.016976470588235294,0.0524922737276729,0.13351405600000002,9.926739926739927
nhsn,2025-2026,Hawaii,baseline_oct_mar,Baseline Oct-Mar,2025-01,0.0,0.0,0.0,38.13186813186814
nhsn,2025-2026,Hawaii,baseline_oct_mar,Baseline Oct-Mar,2025-02,0.0,0.0,0.0,52.98717948717949
nhsn,2025-2026,Hawaii,baseline_oct_mar,Baseline Oct-Mar,2025-03,0.0,0.02492841727997501,0.03425483870967742,73.48717948717947
nhsn,2025-2026,Hawaii,baseline_oct_mar,Baseline Oct-Mar,2025-04,0.1295899977872128,0.12982460974390903,0.18499999999999991,77.46886446886447
nhsn,2025-2026,Hawaii,baseline_oct_mar,Baseline Oct-Mar,2025-05,0.12149658342564625,0.12199399004560262,0.18499999999999997,81.3608058608059
nhsn,2025-2026,Hawaii,baseline_oct_mar,Baseline Oct-Mar,2025-06,0.12998055528281907,0.13006476472658302,0.18499999999999991,78.73626373626377
nhsn,2025-2026,Hawaii,baseline_oct_mar,Baseline Oct-Mar,2025-07,0.1238504639010989,0.1241371108637675,0.18499999999999997,79.95787545787545
nhsn,2025-2026,Hawaii,baseline_oct_mar,Baseline Oct-Mar,2025-08,0.13687635205703388,0.136633867672458,0.18499999999999997,78.49267399267399
nhsn,2025-2026,Hawaii,baseline_oct_mar,Baseline Oct-Mar,2025-09,0.1433134705331272,0.1434254707344799,0.18499999999999991,73.85347985347985
nhsn,2025-2026,Hawaii,baseline_oct_mar,Baseline Oct-Mar,2025-10,0.14506396862950138,0.14425932958535648,0.185,72.31684981684982
nhsn,2025-2026,Hawaii,baseline_oct_mar,Baseline Oct-Mar,2025-11,0.14304614301256383,0.14147283739106614,0.18499999999999997,63.4065934065934
nhsn,2025-2026,Hawaii,baseline_oct_mar,Baseline Oct-Mar,2025-12,0.14456298315413896,0.14170447645394965,0.185,55.79670329670329
nhsn,2025-2026,Hawaii,baseline_oct_mar,Baseline Oct-Mar,2026-01,0.12786491866028704,0.1227538177675368,0.185,43.22893772893774
nhsn,2025-2026,Hawaii,baseline_oct_mar,Baseline Oct-Mar,2026-02,0.12443032400292017,0.11302547702270012,0.185,20.5
nhsn,2025-2026,Hawaii,baseline_oct_mar,Baseline Oct-Mar,2026-03,0.0656230576923077,0.06986091835780489,0.12500891612903228,7.873626373626374
nhsn,2025-2026,Hawaii,baseline_oct_mar,Baseline Oct-Mar,2026-04,0.0,0.0,0.0,1.2673992673992673
nhsn,2025-2026,Hawaii,early_sep_mar,Early Sep-Mar,2025-01,0.0,0.0,0.0,38.13186813186814
nhsn,2025-2026,Hawaii,early_sep_mar,Early Sep-Mar,2025-02,0.0,0.026319249587141373,0.035216071428571416,52.98717948717949
nhsn,2025-2026,Hawaii,early_sep_mar,Early Sep-Mar,2025-03,0.13716444905051584,0.1344984550420272,0.1814790322580645,73.48717948717947
nhsn,2025-2026,Hawaii,early_sep_mar,Early Sep-Mar,2025-04,0.13258139495308963,0.13210043710080205,0.18499999999999991,77.46886446886447
nhsn,2025-2026,Hawaii,early_sep_mar,Early Sep-Mar,2025-05,0.13613517257550542,0.13577347644557122,0.18499999999999997,81.3608058608059
nhsn,2025-2026,Hawaii,early_sep_mar,Early Sep-Mar,2025-06,0.13285157844318973,0.13212741907025863,0.18499999999999991,78.73626373626377
nhsn,2025-2026,Hawaii,early_sep_mar,Early Sep-Mar,2025-07,0.13904166035464535,0.13842778422613566,0.18499999999999997,79.95787545787545
nhsn,2025-2026,Hawaii,early_sep_mar,Early Sep-Mar,2025-08,0.1411126961775598,0.14125927073738595,0.18499999999999997,78.49267399267399
nhsn,2025-2026,Hawaii,early_sep_mar,Early Sep-Mar,2025-09,0.14440528523479484,0.14444629301643988,0.18499999999999997,73.85347985347985
nhsn,2025-2026,Hawaii,early_sep_mar,Early Sep-Mar,2025-10,0.14506396862950138,0.14425932958535648,0.185,72.31684981684982
nhsn,2025-2026,Hawaii,early_sep_mar,Early Sep-Mar,2025-11,0.14304614301256383,0.14147283739106614,0.18499999999999997,63.4065934065934
nhsn,2025-2026,Hawaii,early_sep_mar,Early Sep-Mar,2025-12,0.14456298315413896,0.14170447645394965,0.185,55.79670329670329
nhsn,2025-2026,Hawaii,early_sep_mar,Early Sep-Mar,2026-01,0.12786491866028704,0.1227538177675368,0.185,43.22893772893774
nhsn,2025-2026,Hawaii,early_sep_mar,Early Sep-Mar,2026-02,0.12443032400292017,0.11302547702270012,0.185,20.5
nhsn,2025-2026,Hawaii,early_sep_mar,Early Sep-Mar,2026-03,0.0656230576923077,0.06986091835780489,0.12500891612903228,7.873626373626374
nhsn,2025-2026,Hawaii,early_sep_mar,Early Sep-Mar,2026-04,0.0,0.0,0.0,1.2673992673992673
nhsn,2025-2026,Hawaii,extended_sep_apr,Extended Sep-Apr,2025-01,0.0,0.0,0.0,38.13186813186814
nhsn,2025-2026,Hawaii,extended_sep_apr,Extended Sep-Apr,2025-02,0.0,0.026319249587141373,0.035216071428571416,52.98717948717949
nhsn,2025-2026,Hawaii,extended_sep_apr,Extended Sep-Apr,2025-03,0.13716444905051584,0.1344984550420272,0.1814790322580645,73.48717948717947
nhsn,2025-2026,Hawaii,extended_sep_apr,Extended Sep-Apr,2025-04,0.13258139495308963,0.13210043710080205,0.18499999999999991,77.46886446886447
nhsn,2025-2026,Hawaii,extended_sep_apr,Extended Sep-Apr,2025-05,0.13613517257550542,0.13577347644557122,0.18499999999999997,81.3608058608059
nhsn,2025-2026,Hawaii,extended_sep_apr,Extended Sep-Apr,2025-06,0.13285157844318973,0.13212741907025863,0.18499999999999991,78.73626373626377
nhsn,2025-2026,Hawaii,extended_sep_apr,Extended Sep-Apr,2025-07,0.13904166035464535,0.13842778422613566,0.18499999999999997,79.95787545787545
nhsn,2025-2026,Hawaii,extended_sep_apr,Extended Sep-Apr,2025-08,0.1411126961775598,0.14125927073738595,0.18499999999999997,78.49267399267399
nhsn,2025-2026,Hawaii,extended_sep_apr,Extended Sep-Apr,2025-09,0.14440528523479484,0.14444629301643988,0.18499999999999997,73.85347985347985
nhsn,2025-2026,Hawaii,extended_sep_apr,Extended Sep-Apr,2025-10,0.14506396862950138,0.14425932958535648,0.185,72.31684981684982
nhsn,2025-2026,Hawaii,extended_sep_apr,Extended Sep-Apr,2025-11,0.14304614301256383,0.14147283739106614,0.18499999999999997,63.4065934065934
nhsn,2025-2026,Hawaii,extended_sep_apr,Extended Sep-Apr,2025-12,0.14456298315413896,0.14170447645394965,0.185,55.79670329670329
nhsn,2025-2026,Hawaii,extended_sep_apr,Extended Sep-Apr,2026-01,0.12786491866028704,0.1227538177675368,0.185,43.22893772893774
nhsn,2025-2026,Hawaii,extended_sep_apr,Extended Sep-Apr,2026-02,0.12443032400292017,0.11302547702270012,0.185,20.5
nhsn,2025-2026,Hawaii,extended_sep_apr,Extended Sep-Apr,2026-03,0.09008560232220611,0.08847868894415747,0.185,7.873626373626374
nhsn,2025-2026,Hawaii,extended_sep_apr,Extended Sep-Apr,2026-04,0.028859999999999997,0.062319132182765836,0.13351405600000002,1.2673992673992673
nhsn,2025-2026,Hawaii,late_oct_apr,Late Oct-Apr,2025-01,0.0,0.0,0.0,38.13186813186814
nhsn,2025-2026,Hawaii,late_oct_apr,Late Oct-Apr,2025-02,0.0,0.0,0.0,52.98717948717949
nhsn,2025-2026,Hawaii,late_oct_apr,Late Oct-Apr,2025-03,0.0,0.02492841727997501,0.03425483870967742,73.48717948717947
nhsn,2025-2026,Hawaii,late_oct_apr,Late Oct-Apr,2025-04,0.1295899977872128,0.12982460974390903,0.18499999999999991,77.46886446886447
nhsn,2025-2026,Hawaii,late_oct_apr,Late Oct-Apr,2025-05,0.12149658342564625,0.12199399004560262,0.18499999999999997,81.3608058608059
nhsn,2025-2026,Hawaii,late_oct_apr,Late Oct-Apr,2025-06,0.12998055528281907,0.13006476472658302,0.18499999999999991,78.73626373626377
nhsn,2025-2026,Hawaii,late_oct_apr,Late Oct-Apr,2025-07,0.1238504639010989,0.1241371108637675,0.18499999999999997,79.95787545787545
nhsn,2025-2026,Hawaii,late_oct_apr,Late Oct-Apr,2025-08,0.13687635205703388,0.136633867672458,0.18499999999999997,78.49267399267399
nhsn,2025-2026,Hawaii,late_oct_apr,Late Oct-Apr,2025-09,0.1433134705331272,0.1434254707344799,0.18499999999999991,73.85347985347985
nhsn,2025-2026,Hawaii,late_oct_apr,Late Oct-Apr,2025-10,0.14506396862950138,0.14425932958535648,0.185,72.31684981684982
nhsn,2025-2026,Hawaii,late_oct_apr,Late Oct-Apr,2025-11,0.14304614301256383,0.14147283739106614,0.18499999999999997,63.4065934065934
nhsn,2025-2026,Hawaii,late_oct_apr,Late Oct-Apr,2025-12,0.14456298315413896,0.14170447645394965,0.185,55.79670329670329
nhsn,2025-2026,Hawaii,late_oct_apr,Late Oct-Apr,2026-01,0.12786491866028704,0.1227538177675368,0.185,43.22893772893774
nhsn,2025-2026,Hawaii,late_oct_apr,Late Oct-Apr,2026-02,0.12443032400292017,0.11302547702270012,0.185,20.5
nhsn,2025-2026,Hawaii,late_oct_apr,Late Oct-Apr,2026-03,0.09008560232220611,0.08847868894415747,0.185,7.873626373626374
nhsn,2025-2026,Hawaii,late_oct_apr,Late Oct-Apr,2026-04,0.028859999999999997,0.062319132182765836,0.13351405600000002,1.2673992673992673
nhsn,2025-2026,Idaho,baseline_oct_mar,Baseline Oct-Mar,2025-01,0.0,0.0,0.0,19.21611721611722
nhsn,2025-2026,Idaho,baseline_oct_mar,Baseline Oct-Mar,2025-02,0.0,0.0,0.0,40.730769230769226
nhsn,2025-2026,Idaho,baseline_oct_mar,Baseline Oct-Mar,2025-03,0.0,0.02730531235541024,0.03425483870967742,79.58424908424908
nhsn,2025-2026,Idaho,baseline_oct_mar,Baseline Oct-Mar,2025-04,0.14660948344101113,0.1466686964707802,0.18499999999999991,95.74908424908423
nhsn,2025-2026,Idaho,baseline_oct_mar,Baseline Oct-Mar,2025-05,0.14559063473781123,0.14570511777179815,0.18499999999999997,101.34615384615381
nhsn,2025-2026,Idaho,baseline_oct_mar,Baseline Oct-Mar,2025-06,0.14661230293627936,0.14665629524292048,0.18499999999999991,98.07692307692304
nhsn,2025-2026,Idaho,baseline_oct_mar,Baseline Oct-Mar,2025-07,0.14559063473781123,0.14570511777179815,0.18499999999999997,101.34615384615381
nhsn,2025-2026,Idaho,baseline_oct_mar,Baseline Oct-Mar,2025-08,0.14680593242835596,0.14693559614351492,0.18499999999999997,101.34615384615381
nhsn,2025-2026,Idaho,baseline_oct_mar,Baseline Oct-Mar,2025-09,0.14731833578970052,0.1472459519004068,0.18499999999999991,98.07692307692304
nhsn,2025-2026,Idaho,baseline_oct_mar,Baseline Oct-Mar,2025-10,0.14741970745524316,0.14734077660876477,0.185,100.73076923076923
nhsn,2025-2026,Idaho,baseline_oct_mar,Baseline Oct-Mar,2025-11,0.14793808397951258,0.14732800114153924,0.18499999999999997,95.8974358974359
nhsn,2025-2026,Idaho,baseline_oct_mar,Baseline Oct-Mar,2025-12,0.14558827337211078,0.14435260526830668,0.185,94.56227106227107
nhsn,2025-2026,Idaho,baseline_oct_mar,Baseline Oct-Mar,2026-01,0.14389008054834684,0.1369189132836073,0.185,82.13003663003661
nhsn,2025-2026,Idaho,baseline_oct_mar,Baseline Oct-Mar,2026-02,0.11987334970814309,0.1140354642671909,0.185,50.80769230769231
nhsn,2025-2026,Idaho,baseline_oct_mar,Baseline Oct-Mar,2026-03,0.08022260453648916,0.07351122008253712,0.12500891612903228,21.761904761904763
nhsn,2025-2026,Idaho,baseline_oct_mar,Baseline Oct-Mar,2026-04,0.0,0.0,0.0,2.3278388278388276
nhsn,2025-2026,Idaho,early_sep_mar,Early Sep-Mar,2025-01,0.0,0.0,0.0,19.21611721611722
nhsn,2025-2026,Idaho,early_sep_mar,Early Sep-Mar,2025-02,0.0,0.02808972058666723,0.035216071428571416,40.730769230769226
nhsn,2025-2026,Idaho,early_sep_mar,Early Sep-Mar,2025-03,0.14759690234443523,0.14476448664152186,0.1814790322580645,79.58424908424908
nhsn,2025-2026,Idaho,early_sep_mar,Early Sep-Mar,2025-04,0.14660948344101113,0.1457484252979788,0.18499999999999991,95.74908424908423
nhsn,2025-2026,Idaho,early_sep_mar,Early Sep-Mar,2025-05,0.14568822860668743,0.14455970404008517,0.18499999999999997,101.34615384615381
nhsn,2025-2026,Idaho,early_sep_mar,Early Sep-Mar,2025-06,0.14661230293627936,0.14561781497008738,0.18499999999999991,98.07692307692304
nhsn,2025-2026,Idaho,early_sep_mar,Early Sep-Mar,2025-07,0.14350595786566372,0.1432852362331154,0.18499999999999997,101.34615384615381
nhsn,2025-2026,Idaho,early_sep_mar,Early Sep-Mar,2025-08,0.1405150928600811,0.1409212199794127,0.18499999999999997,101.34615384615381
nhsn,2025-2026,Idaho,early_sep_mar,Early Sep-Mar,2025-09,0.14652337175373648,0.14514808869631116,0.18499999999999997,98.07692307692307
nhsn,2025-2026,Idaho,early_sep_mar,Early Sep-Mar,2025-10,0.14741970745524316,0.14734077660876477,0.185,100.73076923076923
nhsn,2025-2026,Idaho,early_sep_mar,Early Sep-Mar,2025-11,0.14793808397951258,0.14732800114153924,0.18499999999999997,95.8974358974359
nhsn,2025-2026,Idaho,early_sep_mar,Early Sep-Mar,2025-12,0.14558827337211078,0.14435260526830668,0.185,94.56227106227107
nhsn,2025-2026,Idaho,early_sep_mar,Early Sep-Mar,2026-01,0.14389008054834684,0.1369189132836073,0.185,82.13003663003661
nhsn,2025-2026,Idaho,early_sep_mar,Early Sep-Mar,2026-02,0.11987334970814309,0.1140354642671909,0.185,50.80769230769231
nhsn,2025-2026,Idaho,early_sep_mar,Early Sep-Mar,2026-03,0.08022260453648916,0.07351122008253712,0.12500891612903228,21.761904761904763
nhsn,2025-2026,Idaho,early_sep_mar,Early Sep-Mar,2026-04,0.0,0.0,0.0,2.3278388278388276
nhsn,2025-2026,Idaho,extended_sep_apr,Extended Sep-Apr,2025-01,0.0,0.0,0.0,19.21611721611722
nhsn,2025-2026,Idaho,extended_sep_apr,Extended Sep-Apr,2025-02,0.0,0.02808972058666723,0.035216071428571416,40.730769230769226
nhsn,2025-2026,Idaho,extended_sep_apr,Extended Sep-Apr,2025-03,0.14759690234443523,0.14476448664152186,0.1814790322580645,79.58424908424908
nhsn,2025-2026,Idaho,extended_sep_apr,Extended Sep-Apr,2025-04,0.14660948344101113,0.1457484252979788,0.18499999999999991,95.74908424908423
nhsn,2025-2026,Idaho,extended_sep_apr,Extended Sep-Apr,2025-05,0.14568822860668743,0.14455970404008517,0.18499999999999997,101.34615384615381
nhsn,2025-2026,Idaho,extended_sep_apr,Extended Sep-Apr,2025-06,0.14661230293627936,0.14561781497008738,0.18499999999999991,98.07692307692304
nhsn,2025-2026,Idaho,extended_sep_apr,Extended Sep-Apr,2025-07,0.14350595786566372,0.1432852362331154,0.18499999999999997,101.34615384615381
nhsn,2025-2026,Idaho,extended_sep_apr,Extended Sep-Apr,2025-08,0.1405150928600811,0.1409212199794127,0.18499999999999997,101.34615384615381
nhsn,2025-2026,Idaho,extended_sep_apr,Extended Sep-Apr,2025-09,0.14652337175373648,0.14514808869631116,0.18499999999999997,98.07692307692307
nhsn,2025-2026,Idaho,extended_sep_apr,Extended Sep-Apr,2025-10,0.14741970745524316,0.14734077660876477,0.185,100.73076923076923
nhsn,2025-2026,Idaho,extended_sep_apr,Extended Sep-Apr,2025-11,0.14793808397951258,0.14732800114153924,0.18499999999999997,95.8974358974359
nhsn,2025-2026,Idaho,extended_sep_apr,Extended Sep-Apr,2025-12,0.14558827337211078,0.14435260526830668,0.185,94.56227106227107
nhsn,2025-2026,Idaho,extended_sep_apr,Extended Sep-Apr,2026-01,0.14389008054834684,0.1369189132836073,0.185,82.13003663003661
nhsn,2025-2026,Idaho,extended_sep_apr,Extended Sep-Apr,2026-02,0.11987334970814309,0.1140354642671909,0.185,50.80769230769231
nhsn,2025-2026,Idaho,extended_sep_apr,Extended Sep-Apr,2026-03,0.08462662895927602,0.08394590940357954,0.185,21.761904761904763
nhsn,2025-2026,Idaho,extended_sep_apr,Extended Sep-Apr,2026-04,0.014429999999999998,0.046190176124883,0.13351405600000002,2.3278388278388276
nhsn,2025-2026,Idaho,late_oct_apr,Late Oct-Apr,2025-01,0.0,0.0,0.0,19.21611721611722
nhsn,2025-2026,Idaho,late_oct_apr,Late Oct-Apr,2025-02,0.0,0.0,0.0,40.730769230769226
nhsn,2025-2026,Idaho,late_oct_apr,Late Oct-Apr,2025-03,0.0,0.02730531235541024,0.03425483870967742,79.58424908424908
nhsn,2025-2026,Idaho,late_oct_apr,Late Oct-Apr,2025-04,0.14660948344101113,0.1466686964707802,0.18499999999999991,95.74908424908423
nhsn,2025-2026,Idaho,late_oct_apr,Late Oct-Apr,2025-05,0.14559063473781123,0.14570511777179815,0.18499999999999997,101.34615384615381
nhsn,2025-2026,Idaho,late_oct_apr,Late Oct-Apr,2025-06,0.14661230293627936,0.14665629524292048,0.18499999999999991,98.07692307692304
nhsn,2025-2026,Idaho,late_oct_apr,Late Oct-Apr,2025-07,0.14559063473781123,0.14570511777179815,0.18499999999999997,101.34615384615381
nhsn,2025-2026,Idaho,late_oct_apr,Late Oct-Apr,2025-08,0.14680593242835596,0.14693559614351492,0.18499999999999997,101.34615384615381
nhsn,2025-2026,Idaho,late_oct_apr,Late Oct-Apr,2025-09,0.14731833578970052,0.1472459519004068,0.18499999999999991,98.07692307692304
nhsn,2025-2026,Idaho,late_oct_apr,Late Oct-Apr,2025-10,0.14741970745524316,0.14734077660876477,0.185,100.73076923076923
nhsn,2025-2026,Idaho,late_oct_apr,Late Oct-Apr,2025-11,0.14793808397951258,0.14732800114153924,0.18499999999999997,95.8974358974359
nhsn,2025-2026,Idaho,late_oct_apr,Late Oct-Apr,2025-12,0.14558827337211078,0.14435260526830668,0.185,94.56227106227107
nhsn,2025-2026,Idaho,late_oct_apr,Late Oct-Apr,2026-01,0.14389008054834684,0.1369189132836073,0.185,82.13003663003661
nhsn,2025-2026,Idaho,late_oct_apr,Late Oct-Apr,2026-02,0.11987334970814309,0.1140354642671909,0.185,50.80769230769231
nhsn,2025-2026,Idaho,late_oct_apr,Late Oct-Apr,2026-03,0.08462662895927602,0.08394590940357954,0.185,21.761904761904763
nhsn,2025-2026,Idaho,late_oct_apr,Late Oct-Apr,2026-04,0.014429999999999998,0.046190176124883,0.13351405600000002,2.3278388278388276
nhsn,2025-2026,Illinois,baseline_oct_mar,Baseline Oct-Mar,2025-01,0.0,0.0,0.0,198.8021978021978
nhsn,2025-2026,Illinois,baseline_oct_mar,Baseline Oct-Mar,2025-02,0.0,0.0,0.0,310.5
nhsn,2025-2026,Illinois,baseline_oct_mar,Baseline Oct-Mar,2025-03,0.0,0.027086885404079324,0.03425483870967742,495.6263736263736
nhsn,2025-2026,Illinois,baseline_oct_mar,Baseline Oct-Mar,2025-04,0.1460953144853727,0.14599715167752975,0.18499999999999991,553.4706959706959
nhsn,2025-2026,Illinois,baseline_oct_mar,Baseline Oct-Mar,2025-05,0.14502240377087672,0.14502909788168017,0.18499999999999997,588.091575091575
nhsn,2025-2026,Illinois,baseline_oct_mar,Baseline Oct-Mar,2025-06,0.1461080321328604,0.1460061877198287,0.18499999999999991,569.1208791208791
nhsn,2025-2026,Illinois,baseline_oct_mar,Baseline Oct-Mar,2025-07,0.14506827021781077,0.14509234231485757,0.18499999999999997,587.8351648351647
nhsn,2025-2026,Illinois,baseline_oct_mar,Baseline Oct-Mar,2025-08,0.14644340344947748,0.14645837605967438,0.18499999999999997,586.8846153846152
nhsn,2025-2026,Illinois,baseline_oct_mar,Baseline Oct-Mar,2025-09,0.1472472181667327,0.14723231918727583,0.18499999999999991,565.419413919414
nhsn,2025-2026,Illinois,baseline_oct_mar,Baseline Oct-Mar,2025-10,0.14781748589047564,0.1478087730862118,0.185,580.1849816849817
nhsn,2025-2026,Illinois,baseline_oct_mar,Baseline Oct-Mar,2025-11,0.148499592177532,0.1468595978863248,0.18499999999999997,551.1520146520147
nhsn,2025-2026,Illinois,baseline_oct_mar,Baseline Oct-Mar,2025-12,0.1412954538839642,0.13797924698309755,0.185,520.7747252747253
nhsn,2025-2026,Illinois,baseline_oct_mar,Baseline Oct-Mar,2026-01,0.13792191185483385,0.1313486395748802,0.185,389.28937728937734
nhsn,2025-2026,Illinois,baseline_oct_mar,Baseline Oct-Mar,2026-02,0.11743396312347018,0.11190409570950874,0.185,220.67948717948718
nhsn,2025-2026,Illinois,baseline_oct_mar,Baseline Oct-Mar,2026-03,0.10494009677191495,0.08036149871494373,0.12500891612903228,92.46520146520147
nhsn,2025-2026,Illinois,baseline_oct_mar,Baseline Oct-Mar,2026-04,0.0,0.0,0.0,15.650183150183155
nhsn,2025-2026,Illinois,early_sep_mar,Early Sep-Mar,2025-01,0.0,0.0,0.0,198.8021978021978
nhsn,2025-2026,Illinois,early_sep_mar,Early Sep-Mar,2025-02,0.0,0.027872909702498776,0.035216071428571416,310.5
nhsn,2025-2026,Illinois,early_sep_mar,Early Sep-Mar,2025-03,0.1464449410140569,0.14365820182356917,0.1814790322580645,495.6263736263736
nhsn,2025-2026,Illinois,early_sep_mar,Early Sep-Mar,2025-04,0.1460953144853727,0.14477973579130665,0.18499999999999991,553.4706959706959
nhsn,2025-2026,Illinois,early_sep_mar,Early Sep-Mar,2025-05,0.14454004631601264,0.14327048662546782,0.18499999999999997,588.091575091575
nhsn,2025-2026,Illinois,early_sep_mar,Early Sep-Mar,2025-06,0.1461080321328604,0.14465622780026516,0.18499999999999991,569.1208791208791
nhsn,2025-2026,Illinois,early_sep_mar,Early Sep-Mar,2025-07,0.14287779259550457,0.14187426008399623,0.18499999999999997,587.8351648351647
nhsn,2025-2026,Illinois,early_sep_mar,Early Sep-Mar,2025-08,0.13842645555750238,0.13940821021927793,0.18499999999999997,586.8846153846152
nhsn,2025-2026,Illinois,early_sep_mar,Early Sep-Mar,2025-09,0.14659216302494207,0.14488501751060737,0.18499999999999997,565.419413919414
nhsn,2025-2026,Illinois,early_sep_mar,Early Sep-Mar,2025-10,0.14781748589047564,0.1478087730862118,0.185,580.1849816849817
nhsn,2025-2026,Illinois,early_sep_mar,Early Sep-Mar,2025-11,0.148499592177532,0.1468595978863248,0.18499999999999997,551.1520146520147
nhsn,2025-2026,Illinois,early_sep_mar,Early Sep-Mar,2025-12,0.1412954538839642,0.13797924698309755,0.185,520.7747252747253
nhsn,2025-2026,Illinois,early_sep_mar,Early Sep-Mar,2026-01,0.13792191185483385,0.1313486395748802,0.185,389.28937728937734
nhsn,2025-2026,Illinois,early_sep_mar,Early Sep-Mar,2026-02,0.11743396312347018,0.11190409570950874,0.185,220.67948717948718
nhsn,2025-2026,Illinois,early_sep_mar,Early Sep-Mar,2026-03,0.10494009677191495,0.08036149871494373,0.12500891612903228,92.46520146520147
nhsn,2025-2026,Illinois,early_sep_mar,Early Sep-Mar,2026-04,0.0,0.0,0.0,15.650183150183155
nhsn,2025-2026,Illinois,extended_sep_apr,Extended Sep-Apr,2025-01,0.0,0.0,0.0,198.8021978021978
nhsn,2025-2026,Illinois,extended_sep_apr,Extended Sep-Apr,2025-02,0.0,0.027872909702498776,0.035216071428571416,310.5
nhsn,2025-2026,Illinois,extended_sep_apr,Extended Sep-Apr,2025-03,0.1464449410140569,0.14365820182356917,0.1814790322580645,495.6263736263736
nhsn,2025-2026,Illinois,extended_sep_apr,Extended Sep-Apr,2025-04,0.1460953144853727,0.14477973579130665,0.18499999999999991,553.4706959706959
nhsn,2025-2026,Illinois,extended_sep_apr,Extended Sep-Apr,2025-05,0.14454004631601264,0.14327048662546782,0.18499999999999997,588.091575091575
nhsn,2025-2026,Illinois,extended_sep_apr,Extended Sep-Apr,2025-06,0.1461080321328604,0.14465622780026516,0.18499999999999991,569.1208791208791
nhsn,2025-2026,Illinois,extended_sep_apr,Extended Sep-Apr,2025-07,0.14287779259550457,0.14187426008399623,0.18499999999999997,587.8351648351647
nhsn,2025-2026,Illinois,extended_sep_apr,Extended Sep-Apr,2025-08,0.13842645555750238,0.13940821021927793,0.18499999999999997,586.8846153846152
nhsn,2025-2026,Illinois,extended_sep_apr,Extended Sep-Apr,2025-09,0.14659216302494207,0.14488501751060737,0.18499999999999997,565.419413919414
nhsn,2025-2026,Illinois,extended_sep_apr,Extended Sep-Apr,2025-10,0.14781748589047564,0.1478087730862118,0.185,580.1849816849817
nhsn,2025-2026,Illinois,extended_sep_apr,Extended Sep-Apr,2025-11,0.148499592177532,0.1468595978863248,0.18499999999999997,551.1520146520147
nhsn,2025-2026,Illinois,extended_sep_apr,Extended Sep-Apr,2025-12,0.1412954538839642,0.13797924698309755,0.185,520.7747252747253
nhsn,2025-2026,Illinois,extended_sep_apr,Extended Sep-Apr,2026-01,0.13792191185483385,0.1313486395748802,0.185,389.28937728937734
nhsn,2025-2026,Illinois,extended_sep_apr,Extended Sep-Apr,2026-02,0.11743396312347018,0.11190409570950874,0.185,220.67948717948718
nhsn,2025-2026,Illinois,extended_sep_apr,Extended Sep-Apr,2026-03,0.10494009677191495,0.0943978362402059,0.185,92.46520146520147
nhsn,2025-2026,Illinois,extended_sep_apr,Extended Sep-Apr,2026-04,0.014430000000000002,0.04479083376116402,0.13351405600000002,15.65018315018315
nhsn,2025-2026,Illinois,late_oct_apr,Late Oct-Apr,2025-01,0.0,0.0,0.0,198.8021978021978
nhsn,2025-2026,Illinois,late_oct_apr,Late Oct-Apr,2025-02,0.0,0.0,0.0,310.5
nhsn,2025-2026,Illinois,late_oct_apr,Late Oct-Apr,2025-03,0.0,0.027086885404079324,0.03425483870967742,495.6263736263736
nhsn,2025-2026,Illinois,late_oct_apr,Late Oct-Apr,2025-04,0.1460953144853727,0.14599715167752975,0.18499999999999991,553.4706959706959
nhsn,2025-2026,Illinois,late_oct_apr,Late Oct-Apr,2025-05,0.14502240377087672,0.14502909788168017,0.18499999999999997,588.091575091575
nhsn,2025-2026,Illinois,late_oct_apr,Late Oct-Apr,2025-06,0.1461080321328604,0.1460061877198287,0.18499999999999991,569.1208791208791
nhsn,2025-2026,Illinois,late_oct_apr,Late Oct-Apr,2025-07,0.14506827021781077,0.14509234231485757,0.18499999999999997,587.8351648351647
nhsn,2025-2026,Illinois,late_oct_apr,Late Oct-Apr,2025-08,0.14644340344947748,0.14645837605967438,0.18499999999999997,586.8846153846152
nhsn,2025-2026,Illinois,late_oct_apr,Late Oct-Apr,2025-09,0.1472472181667327,0.14723231918727583,0.18499999999999991,565.419413919414
nhsn,2025-2026,Illinois,late_oct_apr,Late Oct-Apr,2025-10,0.14781748589047564,0.1478087730862118,0.185,580.1849816849817
nhsn,2025-2026,Illinois,late_oct_apr,Late Oct-Apr,2025-11,0.148499592177532,0.1468595978863248,0.18499999999999997,551.1520146520147
nhsn,2025-2026,Illinois,late_oct_apr,Late Oct-Apr,2025-12,0.1412954538839642,0.13797924698309755,0.185,520.7747252747253
nhsn,2025-2026,Illinois,late_oct_apr,Late Oct-Apr,2026-01,0.13792191185483385,0.1313486395748802,0.185,389.28937728937734
nhsn,2025-2026,Illinois,late_oct_apr,Late Oct-Apr,2026-02,0.11743396312347018,0.11190409570950874,0.185,220.67948717948718
nhsn,2025-2026,Illinois,late_oct_apr,Late Oct-Apr,2026-03,0.10494009677191495,0.0943978362402059,0.185,92.46520146520147
nhsn,2025-2026,Illinois,late_oct_apr,Late Oct-Apr,2026-04,0.014430000000000002,0.04479083376116402,0.13351405600000002,15.65018315018315
nhsn,2025-2026,Indiana,baseline_oct_mar,Baseline Oct-Mar,2025-01,0.0,0.0,0.0,136.29304029304035
nhsn,2025-2026,Indiana,baseline_oct_mar,Baseline Oct-Mar,2025-02,0.0,0.0,0.0,196.2051282051282
nhsn,2025-2026,Indiana,baseline_oct_mar,Baseline Oct-Mar,2025-03,0.0,0.026742662712655147,0.03425483870967742,309.80952380952374
nhsn,2025-2026,Indiana,baseline_oct_mar,Baseline Oct-Mar,2025-04,0.14399470522757424,0.14386347658566173,0.18499999999999991,346.2802197802198
nhsn,2025-2026,Indiana,baseline_oct_mar,Baseline Oct-Mar,2025-05,0.14214893634305287,0.1417426671098182,0.18499999999999997,368.423076923077
nhsn,2025-2026,Indiana,baseline_oct_mar,Baseline Oct-Mar,2025-06,0.14412654155876484,0.14392951043402552,0.18499999999999991,356.53846153846166
nhsn,2025-2026,Indiana,baseline_oct_mar,Baseline Oct-Mar,2025-07,0.14214893634305287,0.14175664236875354,0.18499999999999997,368.38644688644706
nhsn,2025-2026,Indiana,baseline_oct_mar,Baseline Oct-Mar,2025-08,0.14480912199308815,0.14488269844710977,0.18499999999999997,366.79304029304024
nhsn,2025-2026,Indiana,baseline_oct_mar,Baseline Oct-Mar,2025-09,0.14626534316552672,0.14642366656745115,0.18499999999999991,352.00366300366306
nhsn,2025-2026,Indiana,baseline_oct_mar,Baseline Oct-Mar,2025-10,0.14770271499741572,0.147472441042962,0.185,358.54945054945057
nhsn,2025-2026,Indiana,baseline_oct_mar,Baseline Oct-Mar,2025-11,0.14751020885651997,0.1455932376695099,0.18499999999999997,337.1648351648352
nhsn,2025-2026,Indiana,baseline_oct_mar,Baseline Oct-Mar,2025-12,0.14133384255174555,0.1380485954879861,0.185,312.5366300366301
nhsn,2025-2026,Indiana,baseline_oct_mar,Baseline Oct-Mar,2026-01,0.13649736520784372,0.13170492432494668,0.185,232.13003663003667
nhsn,2025-2026,Indiana,baseline_oct_mar,Baseline Oct-Mar,2026-02,0.11969163616360444,0.11437481658853287,0.185,136.56410256410257
nhsn,2025-2026,Indiana,baseline_oct_mar,Baseline Oct-Mar,2026-03,0.09414286960826787,0.07796038426094598,0.12500891612903228,58.61355311355311
nhsn,2025-2026,Indiana,baseline_oct_mar,Baseline Oct-Mar,2026-04,0.0,0.0,0.0,10.258241758241763
nhsn,2025-2026,Indiana,early_sep_mar,Early Sep-Mar,2025-01,0.0,0.0,0.0,136.29304029304035
nhsn,2025-2026,Indiana,early_sep_mar,Early Sep-Mar,2025-02,0.0,0.027719075505837177,0.035216071428571416,196.2051282051282
nhsn,2025-2026,Indiana,early_sep_mar,Early Sep-Mar,2025-03,0.14526525193884177,0.14247619320041302,0.1814790322580645,309.80952380952374
nhsn,2025-2026,Indiana,early_sep_mar,Early Sep-Mar,2025-04,0.14399470522757424,0.14318768485243838,0.18499999999999991,346.2802197802198
nhsn,2025-2026,Indiana,early_sep_mar,Early Sep-Mar,2025-05,0.14234735033682608,0.14197444207576534,0.18499999999999997,368.423076923077
nhsn,2025-2026,Indiana,early_sep_mar,Early Sep-Mar,2025-06,0.14412654155876484,0.14303991443726352,0.18499999999999991,356.53846153846166
nhsn,2025-2026,Indiana,early_sep_mar,Early Sep-Mar,2025-07,0.14089790078529887,0.14081994326081193,0.18499999999999997,368.38644688644706
nhsn,2025-2026,Indiana,early_sep_mar,Early Sep-Mar,2025-08,0.13921060936466131,0.1392977692330149,0.18499999999999997,366.79304029304024
nhsn,2025-2026,Indiana,early_sep_mar,Early Sep-Mar,2025-09,0.1460509491563931,0.14440012780538805,0.18499999999999997,352.003663003663
nhsn,2025-2026,Indiana,early_sep_mar,Early Sep-Mar,2025-10,0.14770271499741572,0.147472441042962,0.185,358.54945054945057
nhsn,2025-2026,Indiana,early_sep_mar,Early Sep-Mar,2025-11,0.14751020885651997,0.1455932376695099,0.18499999999999997,337.1648351648352
nhsn,2025-2026,Indiana,early_sep_mar,Early Sep-Mar,2025-12,0.14133384255174555,0.1380485954879861,0.185,312.5366300366301
nhsn,2025-2026,Indiana,early_sep_mar,Early Sep-Mar,2026-01,0.13649736520784372,0.13170492432494668,0.185,232.13003663003667
nhsn,2025-2026,Indiana,early_sep_mar,Early Sep-Mar,2026-02,0.11969163616360444,0.11437481658853287,0.185,136.56410256410257
nhsn,2025-2026,Indiana,early_sep_mar,Early Sep-Mar,2026-03,0.09414286960826787,0.07796038426094598,0.12500891612903228,58.61355311355311
nhsn,2025-2026,Indiana,early_sep_mar,Early Sep-Mar,2026-04,0.0,0.0,0.0,10.258241758241763
nhsn,2025-2026,Indiana,extended_sep_apr,Extended Sep-Apr,2025-01,0.0,0.0,0.0,136.29304029304035
nhsn,2025-2026,Indiana,extended_sep_apr,Extended Sep-Apr,2025-02,0.0,0.027719075505837177,0.035216071428571416,196.2051282051282
nhsn,2025-2026,Indiana,extended_sep_apr,Extended Sep-Apr,2025-03,0.14526525193884177,0.14247619320041302,0.1814790322580645,309.80952380952374
nhsn,2025-2026,Indiana,extended_sep_apr,Extended Sep-Apr,2025-04,0.14399470522757424,0.14318768485243838,0.18499999999999991,346.2802197802198
nhsn,2025-2026,Indiana,extended_sep_apr,Extended Sep-Apr,2025-05,0.14234735033682608,0.14197444207576534,0.18499999999999997,368.423076923077
nhsn,2025-2026,Indiana,extended_sep_apr,Extended Sep-Apr,2025-06,0.14412654155876484,0.14303991443726352,0.18499999999999991,356.53846153846166
nhsn,2025-2026,Indiana,extended_sep_apr,Extended Sep-Apr,2025-07,0.14089790078529887,0.14081994326081193,0.18499999999999997,368.38644688644706
nhsn,2025-2026,Indiana,extended_sep_apr,Extended Sep-Apr,2025-08,0.13921060936466131,0.1392977692330149,0.18499999999999997,366.79304029304024
nhsn,2025-2026,Indiana,extended_sep_apr,Extended Sep-Apr,2025-09,0.1460509491563931,0.14440012780538805,0.18499999999999997,352.003663003663
nhsn,2025-2026,Indiana,extended_sep_apr,Extended Sep-Apr,2025-10,0.14770271499741572,0.147472441042962,0.185,358.54945054945057
nhsn,2025-2026,Indiana,extended_sep_apr,Extended Sep-Apr,2025-11,0.14751020885651997,0.1455932376695099,0.18499999999999997,337.1648351648352
nhsn,2025-2026,Indiana,extended_sep_apr,Extended Sep-Apr,2025-12,0.14133384255174555,0.1380485954879861,0.185,312.5366300366301
nhsn,2025-2026,Indiana,extended_sep_apr,Extended Sep-Apr,2026-01,0.13649736520784372,0.13170492432494668,0.185,232.13003663003667
nhsn,2025-2026,Indiana,extended_sep_apr,Extended Sep-Apr,2026-02,0.11969163616360444,0.11437481658853287,0.185,136.56410256410257
nhsn,2025-2026,Indiana,extended_sep_apr,Extended Sep-Apr,2026-03,0.09592056844547565,0.09333337941407845,0.185,58.61355311355311
nhsn,2025-2026,Indiana,extended_sep_apr,Extended Sep-Apr,2026-04,0.018559485530546625,0.05122915599376835,0.13351405600000002,10.258241758241759
nhsn,2025-2026,Indiana,late_oct_apr,Late Oct-Apr,2025-01,0.0,0.0,0.0,136.29304029304035
nhsn,2025-2026,Indiana,late_oct_apr,Late Oct-Apr,2025-02,0.0,0.0,0.0,196.2051282051282
nhsn,2025-2026,Indiana,late_oct_apr,Late Oct-Apr,2025-03,0.0,0.026742662712655147,0.03425483870967742,309.80952380952374
nhsn,2025-2026,Indiana,late_oct_apr,Late Oct-Apr,2025-04,0.14399470522757424,0.14386347658566173,0.18499999999999991,346.2802197802198
nhsn,2025-2026,Indiana,late_oct_apr,Late Oct-Apr,2025-05,0.14214893634305287,0.1417426671098182,0.18499999999999997,368.423076923077
nhsn,2025-2026,Indiana,late_oct_apr,Late Oct-Apr,2025-06,0.14412654155876484,0.14392951043402552,0.18499999999999991,356.53846153846166
nhsn,2025-2026,Indiana,late_oct_apr,Late Oct-Apr,2025-07,0.14214893634305287,0.14175664236875354,0.18499999999999997,368.38644688644706
nhsn,2025-2026,Indiana,late_oct_apr,Late Oct-Apr,2025-08,0.14480912199308815,0.14488269844710977,0.18499999999999997,366.79304029304024
nhsn,2025-2026,Indiana,late_oct_apr,Late Oct-Apr,2025-09,0.14626534316552672,0.14642366656745115,0.18499999999999991,352.00366300366306
nhsn,2025-2026,Indiana,late_oct_apr,Late Oct-Apr,2025-10,0.14770271499741572,0.147472441042962,0.185,358.54945054945057
nhsn,2025-2026,Indiana,late_oct_apr,Late Oct-Apr,2025-11,0.14751020885651997,0.1455932376695099,0.18499999999999997,337.1648351648352
nhsn,2025-2026,Indiana,late_oct_apr,Late Oct-Apr,2025-12,0.14133384255174555,0.1380485954879861,0.185,312.5366300366301
nhsn,2025-2026,Indiana,late_oct_apr,Late Oct-Apr,2026-01,0.13649736520784372,0.13170492432494668,0.185,232.13003663003667
nhsn,2025-2026,Indiana,late_oct_apr,Late Oct-Apr,2026-02,0.11969163616360444,0.11437481658853287,0.185,136.56410256410257
nhsn,2025-2026,Indiana,late_oct_apr,Late Oct-Apr,2026-03,0.09592056844547565,0.09333337941407845,0.185,58.61355311355311
nhsn,2025-2026,Indiana,late_oct_apr,Late Oct-Apr,2026-04,0.018559485530546625,0.05122915599376835,0.13351405600000002,10.258241758241759
nhsn,2025-2026,Iowa,baseline_oct_mar,Baseline Oct-Mar,2025-01,0.0,0.0,0.0,41.5
nhsn,2025-2026,Iowa,baseline_oct_mar,Baseline Oct-Mar,2025-02,0.0,0.0,0.0,89.88461538461539
nhsn,2025-2026,Iowa,baseline_oct_mar,Baseline Oct-Mar,2025-03,0.0,0.027039817649989133,0.03425483870967742,174.3974358974359
nhsn,2025-2026,Iowa,baseline_oct_mar,Baseline Oct-Mar,2025-04,0.1454461001193463,0.14555610705728053,0.18499999999999991,206.23076923076923
nhsn,2025-2026,Iowa,baseline_oct_mar,Baseline Oct-Mar,2025-05,0.14539480117351006,0.14544421476871205,0.18499999999999997,219.78205128205133
nhsn,2025-2026,Iowa,baseline_oct_mar,Baseline Oct-Mar,2025-06,0.14550867566791256,0.1455777613483075,0.18499999999999991,212.69230769230774
nhsn,2025-2026,Iowa,baseline_oct_mar,Baseline Oct-Mar,2025-07,0.14539480117351003,0.14544421476871203,0.18499999999999997,219.78205128205133
nhsn,2025-2026,Iowa,baseline_oct_mar,Baseline Oct-Mar,2025-08,0.14598000385148308,0.14594899289507177,0.18499999999999997,219.44871794871796
nhsn,2025-2026,Iowa,baseline_oct_mar,Baseline Oct-Mar,2025-09,0.14766843284138165,0.14753831780370213,0.18499999999999991,210.5
nhsn,2025-2026,Iowa,baseline_oct_mar,Baseline Oct-Mar,2025-10,0.14764325087709365,0.14750771289247214,0.185,216.7912087912088
nhsn,2025-2026,Iowa,baseline_oct_mar,Baseline Oct-Mar,2025-11,0.14849692613856577,0.1479732903943458,0.18499999999999997,207.60622710622712
nhsn,2025-2026,Iowa,baseline_oct_mar,Baseline Oct-Mar,2025-12,0.1462009347109229,0.14455124987691592,0.185,206.35897435897436
nhsn,2025-2026,Iowa,baseline_oct_mar,Baseline Oct-Mar,2026-01,0.14152454449603116,0.1353902154142252,0.185,178.28205128205127
nhsn,2025-2026,Iowa,baseline_oct_mar,Baseline Oct-Mar,2026-02,0.12048404979603729,0.11334375579993752,0.185,108.62820512820512
nhsn,2025-2026,Iowa,baseline_oct_mar,Baseline Oct-Mar,2026-03,0.09438695092838198,0.0766939953302299,0.12500891612903228,45.38461538461539
nhsn,2025-2026,Iowa,baseline_oct_mar,Baseline Oct-Mar,2026-04,0.0,0.0,0.0,6.461538461538462
nhsn,2025-2026,Iowa,early_sep_mar,Early Sep-Mar,2025-01,0.0,0.0,0.0,41.5
nhsn,2025-2026,Iowa,early_sep_mar,Early Sep-Mar,2025-02,0.0,0.027527625000673753,0.035216071428571416,89.88461538461539
nhsn,2025-2026,Iowa,early_sep_mar,Early Sep-Mar,2025-03,0.14555292304686404,0.14277582116692036,0.1814790322580645,174.3974358974359
nhsn,2025-2026,Iowa,early_sep_mar,Early Sep-Mar,2025-04,0.1454461001193463,0.14416463795586207,0.18499999999999991,206.23076923076923
nhsn,2025-2026,Iowa,early_sep_mar,Early Sep-Mar,2025-05,0.14281412474866906,0.14215824911018163,0.18499999999999997,219.78205128205133
nhsn,2025-2026,Iowa,early_sep_mar,Early Sep-Mar,2025-06,0.14550867566791256,0.14399527660559208,0.18499999999999991,212.69230769230774
nhsn,2025-2026,Iowa,early_sep_mar,Early Sep-Mar,2025-07,0.1411766464367459,0.14047190897473638,0.18499999999999997,219.78205128205133
nhsn,2025-2026,Iowa,early_sep_mar,Early Sep-Mar,2025-08,0.13741108824811554,0.13777740272321348,0.18499999999999997,219.44871794871796
nhsn,2025-2026,Iowa,early_sep_mar,Early Sep-Mar,2025-09,0.14616360881714266,0.144486406280912,0.18499999999999997,210.5
nhsn,2025-2026,Iowa,early_sep_mar,Early Sep-Mar,2025-10,0.14764325087709365,0.14750771289247214,0.185,216.7912087912088
nhsn,2025-2026,Iowa,early_sep_mar,Early Sep-Mar,2025-11,0.14849692613856577,0.1479732903943458,0.18499999999999997,207.60622710622712
nhsn,2025-2026,Iowa,early_sep_mar,Early Sep-Mar,2025-12,0.1462009347109229,0.14455124987691592,0.185,206.35897435897436
nhsn,2025-2026,Iowa,early_sep_mar,Early Sep-Mar,2026-01,0.14152454449603116,0.1353902154142252,0.185,178.28205128205127
nhsn,2025-2026,Iowa,early_sep_mar,Early Sep-Mar,2026-02,0.12048404979603729,0.11334375579993752,0.185,108.62820512820512
nhsn,2025-2026,Iowa,early_sep_mar,Early Sep-Mar,2026-03,0.09438695092838198,0.0766939953302299,0.12500891612903228,45.38461538461539
nhsn,2025-2026,Iowa,early_sep_mar,Early Sep-Mar,2026-04,0.0,0.0,0.0,6.461538461538462
nhsn,2025-2026,Iowa,extended_sep_apr,Extended Sep-Apr,2025-01,0.0,0.0,0.0,41.5
nhsn,2025-2026,Iowa,extended_sep_apr,Extended Sep-Apr,2025-02,0.0,0.027527625000673753,0.035216071428571416,89.88461538461539
nhsn,2025-2026,Iowa,extended_sep_apr,Extended Sep-Apr,2025-03,0.14555292304686404,0.14277582116692036,0.1814790322580645,174.3974358974359
nhsn,2025-2026,Iowa,extended_sep_apr,Extended Sep-Apr,2025-04,0.1454461001193463,0.14416463795586207,0.18499999999999991,206.23076923076923
nhsn,2025-2026,Iowa,extended_sep_apr,Extended Sep-Apr,2025-05,0.14281412474866906,0.14215824911018163,0.18499999999999997,219.78205128205133
nhsn,2025-2026,Iowa,extended_sep_apr,Extended Sep-Apr,2025-06,0.14550867566791256,0.14399527660559208,0.18499999999999991,212.69230769230774
nhsn,2025-2026,Iowa,extended_sep_apr,Extended Sep-Apr,2025-07,0.1411766464367459,0.14047190897473638,0.18499999999999997,219.78205128205133
nhsn,2025-2026,Iowa,extended_sep_apr,Extended Sep-Apr,2025-08,0.13741108824811554,0.13777740272321348,0.18499999999999997,219.44871794871796
nhsn,2025-2026,Iowa,extended_sep_apr,Extended Sep-Apr,2025-09,0.14616360881714266,0.144486406280912,0.18499999999999997,210.5
nhsn,2025-2026,Iowa,extended_sep_apr,Extended Sep-Apr,2025-10,0.14764325087709365,0.14750771289247214,0.185,216.7912087912088
nhsn,2025-2026,Iowa,extended_sep_apr,Extended Sep-Apr,2025-11,0.14849692613856577,0.1479732903943458,0.18499999999999997,207.60622710622712
nhsn,2025-2026,Iowa,extended_sep_apr,Extended Sep-Apr,2025-12,0.1462009347109229,0.14455124987691592,0.185,206.35897435897436
nhsn,2025-2026,Iowa,extended_sep_apr,Extended Sep-Apr,2026-01,0.14152454449603116,0.1353902154142252,0.185,178.28205128205127
nhsn,2025-2026,Iowa,extended_sep_apr,Extended Sep-Apr,2026-02,0.12048404979603729,0.11334375579993752,0.185,108.62820512820512
nhsn,2025-2026,Iowa,extended_sep_apr,Extended Sep-Apr,2026-03,0.09438695092838198,0.08908315963943694,0.185,45.38461538461539
nhsn,2025-2026,Iowa,extended_sep_apr,Extended Sep-Apr,2026-04,0.0174748623853211,0.04829624955317461,0.13351405600000002,6.461538461538462
nhsn,2025-2026,Iowa,late_oct_apr,Late Oct-Apr,2025-01,0.0,0.0,0.0,41.5
nhsn,2025-2026,Iowa,late_oct_apr,Late Oct-Apr,2025-02,0.0,0.0,0.0,89.88461538461539
nhsn,2025-2026,Iowa,late_oct_apr,Late Oct-Apr,2025-03,0.0,0.027039817649989133,0.03425483870967742,174.3974358974359
nhsn,2025-2026,Iowa,late_oct_apr,Late Oct-Apr,2025-04,0.1454461001193463,0.14555610705728053,0.18499999999999991,206.23076923076923
nhsn,2025-2026,Iowa,late_oct_apr,Late Oct-Apr,2025-05,0.14539480117351006,0.14544421476871205,0.18499999999999997,219.78205128205133
nhsn,2025-2026,Iowa,late_oct_apr,Late Oct-Apr,2025-06,0.14550867566791256,0.1455777613483075,0.18499999999999991,212.69230769230774
nhsn,2025-2026,Iowa,late_oct_apr,Late Oct-Apr,2025-07,0.14539480117351003,0.14544421476871203,0.18499999999999997,219.78205128205133
nhsn,2025-2026,Iowa,late_oct_apr,Late Oct-Apr,2025-08,0.14598000385148308,0.14594899289507177,0.18499999999999997,219.44871794871796
nhsn,2025-2026,Iowa,late_oct_apr,Late Oct-Apr,2025-09,0.14766843284138165,0.14753831780370213,0.18499999999999991,210.5
nhsn,2025-2026,Iowa,late_oct_apr,Late Oct-Apr,2025-10,0.14764325087709365,0.14750771289247214,0.185,216.7912087912088
nhsn,2025-2026,Iowa,late_oct_apr,Late Oct-Apr,2025-11,0.14849692613856577,0.1479732903943458,0.18499999999999997,207.60622710622712
nhsn,2025-2026,Iowa,late_oct_apr,Late Oct-Apr,2025-12,0.1462009347109229,0.14455124987691592,0.185,206.35897435897436
nhsn,2025-2026,Iowa,late_oct_apr,Late Oct-Apr,2026-01,0.14152454449603116,0.1353902154142252,0.185,178.28205128205127
nhsn,2025-2026,Iowa,late_oct_apr,Late Oct-Apr,2026-02,0.12048404979603729,0.11334375579993752,0.185,108.62820512820512
nhsn,2025-2026,Iowa,late_oct_apr,Late Oct-Apr,2026-03,0.09438695092838198,0.08908315963943694,0.185,45.38461538461539
nhsn,2025-2026,Iowa,late_oct_apr,Late Oct-Apr,2026-04,0.0174748623853211,0.04829624955317461,0.13351405600000002,6.461538461538462
nhsn,2025-2026,Kansas,baseline_oct_mar,Baseline Oct-Mar,2025-01,0.0,0.0,0.0,35.91941391941393
nhsn,2025-2026,Kansas,baseline_oct_mar,Baseline Oct-Mar,2025-02,0.0,0.0,0.0,68.58974358974359
nhsn,2025-2026,Kansas,baseline_oct_mar,Baseline Oct-Mar,2025-03,0.0,0.02709533012698852,0.03425483870967742,130.35714285714286
nhsn,2025-2026,Kansas,baseline_oct_mar,Baseline Oct-Mar,2025-04,0.14628853895025573,0.14614467023065286,0.18499999999999991,151.50183150183148
nhsn,2025-2026,Kansas,baseline_oct_mar,Baseline Oct-Mar,2025-05,0.145215120321366,0.14537151419580024,0.18499999999999997,160.16666666666666
nhsn,2025-2026,Kansas,baseline_oct_mar,Baseline Oct-Mar,2025-06,0.14630091742004894,0.1461485401295991,0.18499999999999991,154.99999999999997
nhsn,2025-2026,Kansas,baseline_oct_mar,Baseline Oct-Mar,2025-07,0.14531206409139316,0.14546501858215832,0.18499999999999997,160.0641025641025
nhsn,2025-2026,Kansas,baseline_oct_mar,Baseline Oct-Mar,2025-08,0.1467289800000994,0.14668510023334075,0.18499999999999997,159.76923076923075
nhsn,2025-2026,Kansas,baseline_oct_mar,Baseline Oct-Mar,2025-09,0.1472981697280276,0.14729459836816458,0.18499999999999991,154.02564102564105
nhsn,2025-2026,Kansas,baseline_oct_mar,Baseline Oct-Mar,2025-10,0.14774783658697194,0.14757893699507985,0.185,158.4065934065934
nhsn,2025-2026,Kansas,baseline_oct_mar,Baseline Oct-Mar,2025-11,0.14836536045634308,0.14752597013109459,0.18499999999999997,150.9267399267399
nhsn,2025-2026,Kansas,baseline_oct_mar,Baseline Oct-Mar,2025-12,0.14486904777688067,0.14269783793819402,0.185,147.70146520146523
nhsn,2025-2026,Kansas,baseline_oct_mar,Baseline Oct-Mar,2026-01,0.14373266395359607,0.1362924123128527,0.185,124.24725274725274
nhsn,2025-2026,Kansas,baseline_oct_mar,Baseline Oct-Mar,2026-02,0.12046980771337096,0.11135049550830134,0.185,76.07692307692307
nhsn,2025-2026,Kansas,baseline_oct_mar,Baseline Oct-Mar,2026-03,0.08991508503065061,0.07532181367693494,0.12500891612903228,29.80952380952381
nhsn,2025-2026,Kansas,baseline_oct_mar,Baseline Oct-Mar,2026-04,0.0,0.0,0.0,3.498168498168498
nhsn,2025-2026,Kansas,early_sep_mar,Early Sep-Mar,2025-01,0.0,0.0,0.0,35.91941391941393
nhsn,2025-2026,Kansas,early_sep_mar,Early Sep-Mar,2025-02,0.0,0.027927473354589203,0.035216071428571416,68.58974358974359
nhsn,2025-2026,Kansas,early_sep_mar,Early Sep-Mar,2025-03,0.14605793594276908,0.14338987785338006,0.1814790322580645,130.35714285714286
nhsn,2025-2026,Kansas,early_sep_mar,Early Sep-Mar,2025-04,0.14628853895025573,0.14513595055058937,0.18499999999999991,151.50183150183148
nhsn,2025-2026,Kansas,early_sep_mar,Early Sep-Mar,2025-05,0.14443009200476944,0.14355011361461478,0.18499999999999997,160.16666666666666
nhsn,2025-2026,Kansas,early_sep_mar,Early Sep-Mar,2025-06,0.14630091742004894,0.14504143646429915,0.18499999999999991,154.99999999999997
nhsn,2025-2026,Kansas,early_sep_mar,Early Sep-Mar,2025-07,0.14295983217774783,0.14239130594235608,0.18499999999999997,160.0641025641025
nhsn,2025-2026,Kansas,early_sep_mar,Early Sep-Mar,2025-08,0.14052019965358026,0.1403957303484339,0.18499999999999997,159.76923076923075
nhsn,2025-2026,Kansas,early_sep_mar,Early Sep-Mar,2025-09,0.1464619681239159,0.14510984304530597,0.18499999999999997,154.02564102564102
nhsn,2025-2026,Kansas,early_sep_mar,Early Sep-Mar,2025-10,0.14774783658697194,0.14757893699507985,0.185,158.4065934065934
nhsn,2025-2026,Kansas,early_sep_mar,Early Sep-Mar,2025-11,0.14836536045634308,0.14752597013109459,0.18499999999999997,150.9267399267399
nhsn,2025-2026,Kansas,early_sep_mar,Early Sep-Mar,2025-12,0.14486904777688067,0.14269783793819402,0.185,147.70146520146523
nhsn,2025-2026,Kansas,early_sep_mar,Early Sep-Mar,2026-01,0.14373266395359607,0.1362924123128527,0.185,124.24725274725274
nhsn,2025-2026,Kansas,early_sep_mar,Early Sep-Mar,2026-02,0.12046980771337096,0.11135049550830134,0.185,76.07692307692307
nhsn,2025-2026,Kansas,early_sep_mar,Early Sep-Mar,2026-03,0.08991508503065061,0.07532181367693494,0.12500891612903228,29.80952380952381
nhsn,2025-2026,Kansas,early_sep_mar,Early Sep-Mar,2026-04,0.0,0.0,0.0,3.498168498168498
nhsn,2025-2026,Kansas,extended_sep_apr,Extended Sep-Apr,2025-01,0.0,0.0,0.0,35.91941391941393
nhsn,2025-2026,Kansas,extended_sep_apr,Extended Sep-Apr,2025-02,0.0,0.027927473354589203,0.035216071428571416,68.58974358974359
nhsn,2025-2026,Kansas,extended_sep_apr,Extended Sep-Apr,2025-03,0.14605793594276908,0.14338987785338006,0.1814790322580645,130.35714285714286
nhsn,2025-2026,Kansas,extended_sep_apr,Extended Sep-Apr,2025-04,0.14628853895025573,0.14513595055058937,0.18499999999999991,151.50183150183148
nhsn,2025-2026,Kansas,extended_sep_apr,Extended Sep-Apr,2025-05,0.14443009200476944,0.14355011361461478,0.18499999999999997,160.16666666666666
nhsn,2025-2026,Kansas,extended_sep_apr,Extended Sep-Apr,2025-06,0.14630091742004894,0.14504143646429915,0.18499999999999991,154.99999999999997
nhsn,2025-2026,Kansas,extended_sep_apr,Extended Sep-Apr,2025-07,0.14295983217774783,0.14239130594235608,0.18499999999999997,160.0641025641025
nhsn,2025-2026,Kansas,extended_sep_apr,Extended Sep-Apr,2025-08,0.14052019965358026,0.1403957303484339,0.18499999999999997,159.76923076923075
nhsn,2025-2026,Kansas,extended_sep_apr,Extended Sep-Apr,2025-09,0.1464619681239159,0.14510984304530597,0.18499999999999997,154.02564102564102
nhsn,2025-2026,Kansas,extended_sep_apr,Extended Sep-Apr,2025-10,0.14774783658697194,0.14757893699507985,0.185,158.4065934065934
nhsn,2025-2026,Kansas,extended_sep_apr,Extended Sep-Apr,2025-11,0.14836536045634308,0.14752597013109459,0.18499999999999997,150.9267399267399
nhsn,2025-2026,Kansas,extended_sep_apr,Extended Sep-Apr,2025-12,0.14486904777688067,0.14269783793819402,0.185,147.70146520146523
nhsn,2025-2026,Kansas,extended_sep_apr,Extended Sep-Apr,2026-01,0.14373266395359607,0.1362924123128527,0.185,124.24725274725274
nhsn,2025-2026,Kansas,extended_sep_apr,Extended Sep-Apr,2026-02,0.12046980771337096,0.11135049550830134,0.185,76.07692307692307
nhsn,2025-2026,Kansas,extended_sep_apr,Extended Sep-Apr,2026-03,0.08991508503065061,0.08558770234729339,0.185,29.80952380952381
nhsn,2025-2026,Kansas,extended_sep_apr,Extended Sep-Apr,2026-04,0.01443,0.04313445080937653,0.13351405600000002,3.498168498168498
nhsn,2025-2026,Kansas,late_oct_apr,Late Oct-Apr,2025-01,0.0,0.0,0.0,35.91941391941393
nhsn,2025-2026,Kansas,late_oct_apr,Late Oct-Apr,2025-02,0.0,0.0,0.0,68.58974358974359
nhsn,2025-2026,Kansas,late_oct_apr,Late Oct-Apr,2025-03,0.0,0.02709533012698852,0.03425483870967742,130.35714285714286
nhsn,2025-2026,Kansas,late_oct_apr,Late Oct-Apr,2025-04,0.14628853895025573,0.14614467023065286,0.18499999999999991,151.50183150183148
nhsn,2025-2026,Kansas,late_oct_apr,Late Oct-Apr,2025-05,0.145215120321366,0.14537151419580024,0.18499999999999997,160.16666666666666
nhsn,2025-2026,Kansas,late_oct_apr,Late Oct-Apr,2025-06,0.14630091742004894,0.1461485401295991,0.18499999999999991,154.99999999999997
nhsn,2025-2026,Kansas,late_oct_apr,Late Oct-Apr,2025-07,0.14531206409139316,0.14546501858215832,0.18499999999999997,160.0641025641025
nhsn,2025-2026,Kansas,late_oct_apr,Late Oct-Apr,2025-08,0.1467289800000994,0.14668510023334075,0.18499999999999997,159.76923076923075
nhsn,2025-2026,Kansas,late_oct_apr,Late Oct-Apr,2025-09,0.1472981697280276,0.14729459836816458,0.18499999999999991,154.02564102564105
nhsn,2025-2026,Kansas,late_oct_apr,Late Oct-Apr,2025-10,0.14774783658697194,0.14757893699507985,0.185,158.4065934065934
nhsn,2025-2026,Kansas,late_oct_apr,Late Oct-Apr,2025-11,0.14836536045634308,0.14752597013109459,0.18499999999999997,150.9267399267399
nhsn,2025-2026,Kansas,late_oct_apr,Late Oct-Apr,2025-12,0.14486904777688067,0.14269783793819402,0.185,147.70146520146523
nhsn,2025-2026,Kansas,late_oct_apr,Late Oct-Apr,2026-01,0.14373266395359607,0.1362924123128527,0.185,124.24725274725274
nhsn,2025-2026,Kansas,late_oct_apr,Late Oct-Apr,2026-02,0.12046980771337096,0.11135049550830134,0.185,76.07692307692307
nhsn,2025-2026,Kansas,late_oct_apr,Late Oct-Apr,2026-03,0.08991508503065061,0.08558770234729339,0.185,29.80952380952381
nhsn,2025-2026,Kansas,late_oct_apr,Late Oct-Apr,2026-04,0.01443,0.04313445080937653,0.13351405600000002,3.498168498168498
nhsn,2025-2026,Kentucky,baseline_oct_mar,Baseline Oct-Mar,2025-01,0.0,0.0,0.0,96.79304029304029
nhsn,2025-2026,Kentucky,baseline_oct_mar,Baseline Oct-Mar,2025-02,0.0,0.0,0.0,119.08974358974359
nhsn,2025-2026,Kentucky,baseline_oct_mar,Baseline Oct-Mar,2025-03,0.0,0.02631556065276275,0.03425483870967742,163.5091575091575
nhsn,2025-2026,Kentucky,baseline_oct_mar,Baseline Oct-Mar,2025-04,0.14133188982707348,0.1409752961592424,0.18499999999999991,178.10073260073258
nhsn,2025-2026,Kentucky,baseline_oct_mar,Baseline Oct-Mar,2025-05,0.1368677630924631,0.1368001468463544,0.18499999999999997,189.06593406593402
nhsn,2025-2026,Kentucky,baseline_oct_mar,Baseline Oct-Mar,2025-06,0.14151687824397824,0.14110578664260554,0.18499999999999991,182.96703296703294
nhsn,2025-2026,Kentucky,baseline_oct_mar,Baseline Oct-Mar,2025-07,0.1372144168860985,0.1373405158519883,0.18499999999999997,188.32234432234438
nhsn,2025-2026,Kentucky,baseline_oct_mar,Baseline Oct-Mar,2025-08,0.14375371534248374,0.14361213513317286,0.18499999999999997,186.61538461538464
nhsn,2025-2026,Kentucky,baseline_oct_mar,Baseline Oct-Mar,2025-09,0.14595182996652903,0.1462725971193427,0.18499999999999991,178.0201465201465
nhsn,2025-2026,Kentucky,baseline_oct_mar,Baseline Oct-Mar,2025-10,0.1478669688593,0.1471435689881098,0.185,180.25274725274727
nhsn,2025-2026,Kentucky,baseline_oct_mar,Baseline Oct-Mar,2025-11,0.14614985032941336,0.14363234401750388,0.18499999999999997,165.90659340659343
nhsn,2025-2026,Kentucky,baseline_oct_mar,Baseline Oct-Mar,2025-12,0.13486622712299598,0.13122566729144708,0.185,143.79120879120882
nhsn,2025-2026,Kentucky,baseline_oct_mar,Baseline Oct-Mar,2026-01,0.13024245077816665,0.12900054084938875,0.185,92.27289377289378
nhsn,2025-2026,Kentucky,baseline_oct_mar,Baseline Oct-Mar,2026-02,0.12544221497966754,0.11961472879842933,0.185,51.67948717948718
nhsn,2025-2026,Kentucky,baseline_oct_mar,Baseline Oct-Mar,2026-03,0.08231354761904763,0.07572559197445113,0.12500891612903228,25.55677655677656
nhsn,2025-2026,Kentucky,baseline_oct_mar,Baseline Oct-Mar,2026-04,0.0,0.0,0.0,4.866300366300366
nhsn,2025-2026,Kentucky,early_sep_mar,Early Sep-Mar,2025-01,0.0,0.0,0.0,96.79304029304029
nhsn,2025-2026,Kentucky,early_sep_mar,Early Sep-Mar,2025-02,0.0,0.027352252608881432,0.035216071428571416,119.08974358974359
nhsn,2025-2026,Kentucky,early_sep_mar,Early Sep-Mar,2025-03,0.1426397797316468,0.14018996858207344,0.1814790322580645,163.5091575091575
nhsn,2025-2026,Kentucky,early_sep_mar,Early Sep-Mar,2025-04,0.14133188982707348,0.14109882290349476,0.18499999999999991,178.10073260073258
nhsn,2025-2026,Kentucky,early_sep_mar,Early Sep-Mar,2025-05,0.13929818943278943,0.14013248450199267,0.18499999999999997,189.06593406593402
nhsn,2025-2026,Kentucky,early_sep_mar,Early Sep-Mar,2025-06,0.14151687824397824,0.14095207862274023,0.18499999999999991,182.96703296703294
nhsn,2025-2026,Kentucky,early_sep_mar,Early Sep-Mar,2025-07,0.13957436546927648,0.13989137150093112,0.18499999999999997,188.32234432234438
nhsn,2025-2026,Kentucky,early_sep_mar,Early Sep-Mar,2025-08,0.13995560045841865,0.14007612299936387,0.18499999999999997,186.61538461538464
nhsn,2025-2026,Kentucky,early_sep_mar,Early Sep-Mar,2025-09,0.145225594699743,0.1444959828760214,0.18499999999999997,178.0201465201465
nhsn,2025-2026,Kentucky,early_sep_mar,Early Sep-Mar,2025-10,0.1478669688593,0.1471435689881098,0.185,180.25274725274727
nhsn,2025-2026,Kentucky,early_sep_mar,Early Sep-Mar,2025-11,0.14614985032941336,0.14363234401750388,0.18499999999999997,165.90659340659343
nhsn,2025-2026,Kentucky,early_sep_mar,Early Sep-Mar,2025-12,0.13486622712299598,0.13122566729144708,0.185,143.79120879120882
nhsn,2025-2026,Kentucky,early_sep_mar,Early Sep-Mar,2026-01,0.13024245077816665,0.12900054084938875,0.185,92.27289377289378
nhsn,2025-2026,Kentucky,early_sep_mar,Early Sep-Mar,2026-02,0.12544221497966754,0.11961472879842933,0.185,51.67948717948718
nhsn,2025-2026,Kentucky,early_sep_mar,Early Sep-Mar,2026-03,0.08231354761904763,0.07572559197445113,0.12500891612903228,25.55677655677656
nhsn,2025-2026,Kentucky,early_sep_mar,Early Sep-Mar,2026-04,0.0,0.0,0.0,4.866300366300366
nhsn,2025-2026,Kentucky,extended_sep_apr,Extended Sep-Apr,2025-01,0.0,0.0,0.0,96.79304029304029
nhsn,2025-2026,Kentucky,extended_sep_apr,Extended Sep-Apr,2025-02,0.0,0.027352252608881432,0.035216071428571416,119.08974358974359
nhsn,2025-2026,Kentucky,extended_sep_apr,Extended Sep-Apr,2025-03,0.1426397797316468,0.14018996858207344,0.1814790322580645,163.5091575091575
nhsn,2025-2026,Kentucky,extended_sep_apr,Extended Sep-Apr,2025-04,0.14133188982707348,0.14109882290349476,0.18499999999999991,178.10073260073258
nhsn,2025-2026,Kentucky,extended_sep_apr,Extended Sep-Apr,2025-05,0.13929818943278943,0.14013248450199267,0.18499999999999997,189.06593406593402
nhsn,2025-2026,Kentucky,extended_sep_apr,Extended Sep-Apr,2025-06,0.14151687824397824,0.14095207862274023,0.18499999999999991,182.96703296703294
nhsn,2025-2026,Kentucky,extended_sep_apr,Extended Sep-Apr,2025-07,0.13957436546927648,0.13989137150093112,0.18499999999999997,188.32234432234438
nhsn,2025-2026,Kentucky,extended_sep_apr,Extended Sep-Apr,2025-08,0.13995560045841865,0.14007612299936387,0.18499999999999997,186.61538461538464
nhsn,2025-2026,Kentucky,extended_sep_apr,Extended Sep-Apr,2025-09,0.145225594699743,0.1444959828760214,0.18499999999999997,178.0201465201465
nhsn,2025-2026,Kentucky,extended_sep_apr,Extended Sep-Apr,2025-10,0.1478669688593,0.1471435689881098,0.185,180.25274725274727
nhsn,2025-2026,Kentucky,extended_sep_apr,Extended Sep-Apr,2025-11,0.14614985032941336,0.14363234401750388,0.18499999999999997,165.90659340659343
nhsn,2025-2026,Kentucky,extended_sep_apr,Extended Sep-Apr,2025-12,0.13486622712299598,0.13122566729144708,0.185,143.79120879120882
nhsn,2025-2026,Kentucky,extended_sep_apr,Extended Sep-Apr,2026-01,0.13024245077816665,0.12900054084938875,0.185,92.27289377289378
nhsn,2025-2026,Kentucky,extended_sep_apr,Extended Sep-Apr,2026-02,0.12544221497966754,0.11961472879842933,0.185,51.67948717948718
nhsn,2025-2026,Kentucky,extended_sep_apr,Extended Sep-Apr,2026-03,0.09181481481481482,0.09408630103111469,0.185,25.55677655677656
nhsn,2025-2026,Kentucky,extended_sep_apr,Extended Sep-Apr,2026-04,0.027385401459854016,0.058215091178731256,0.13351405600000002,4.866300366300367
nhsn,2025-2026,Kentucky,late_oct_apr,Late Oct-Apr,2025-01,0.0,0.0,0.0,96.79304029304029
nhsn,2025-2026,Kentucky,late_oct_apr,Late Oct-Apr,2025-02,0.0,0.0,0.0,119.08974358974359
nhsn,2025-2026,Kentucky,late_oct_apr,Late Oct-Apr,2025-03,0.0,0.02631556065276275,0.03425483870967742,163.5091575091575
nhsn,2025-2026,Kentucky,late_oct_apr,Late Oct-Apr,2025-04,0.14133188982707348,0.1409752961592424,0.18499999999999991,178.10073260073258
nhsn,2025-2026,Kentucky,late_oct_apr,Late Oct-Apr,2025-05,0.1368677630924631,0.1368001468463544,0.18499999999999997,189.06593406593402
nhsn,2025-2026,Kentucky,late_oct_apr,Late Oct-Apr,2025-06,0.14151687824397824,0.14110578664260554,0.18499999999999991,182.96703296703294
nhsn,2025-2026,Kentucky,late_oct_apr,Late Oct-Apr,2025-07,0.1372144168860985,0.1373405158519883,0.18499999999999997,188.32234432234438
nhsn,2025-2026,Kentucky,late_oct_apr,Late Oct-Apr,2025-08,0.14375371534248374,0.14361213513317286,0.18499999999999997,186.61538461538464
nhsn,2025-2026,Kentucky,late_oct_apr,Late Oct-Apr,2025-09,0.14595182996652903,0.1462725971193427,0.18499999999999991,178.0201465201465
nhsn,2025-2026,Kentucky,late_oct_apr,Late Oct-Apr,2025-10,0.1478669688593,0.1471435689881098,0.185,180.25274725274727
nhsn,2025-2026,Kentucky,late_oct_apr,Late Oct-Apr,2025-11,0.14614985032941336,0.14363234401750388,0.18499999999999997,165.90659340659343
nhsn,2025-2026,Kentucky,late_oct_apr,Late Oct-Apr,2025-12,0.13486622712299598,0.13122566729144708,0.185,143.79120879120882
nhsn,2025-2026,Kentucky,late_oct_apr,Late Oct-Apr,2026-01,0.13024245077816665,0.12900054084938875,0.185,92.27289377289378
nhsn,2025-2026,Kentucky,late_oct_apr,Late Oct-Apr,2026-02,0.12544221497966754,0.11961472879842933,0.185,51.67948717948718
nhsn,2025-2026,Kentucky,late_oct_apr,Late Oct-Apr,2026-03,0.09181481481481482,0.09408630103111469,0.185,25.55677655677656
nhsn,2025-2026,Kentucky,late_oct_apr,Late Oct-Apr,2026-04,0.027385401459854016,0.058215091178731256,0.13351405600000002,4.866300366300367
nhsn,2025-2026,Louisiana,baseline_oct_mar,Baseline Oct-Mar,2025-01,0.0,0.0,0.0,235.7124542124542
nhsn,2025-2026,Louisiana,baseline_oct_mar,Baseline Oct-Mar,2025-02,0.0,0.0,0.0,303.78205128205127
nhsn,2025-2026,Louisiana,baseline_oct_mar,Baseline Oct-Mar,2025-03,0.0,0.026537473047779682,0.03425483870967742,405.76373626373623
nhsn,2025-2026,Louisiana,baseline_oct_mar,Baseline Oct-Mar,2025-04,0.14209466360738193,0.14178236280752005,0.18499999999999991,413.49450549450535
nhsn,2025-2026,Louisiana,baseline_oct_mar,Baseline Oct-Mar,2025-05,0.13662439526012127,0.1362657074141214,0.18499999999999997,430.99084249084234
nhsn,2025-2026,Louisiana,baseline_oct_mar,Baseline Oct-Mar,2025-06,0.14216069877744442,0.141815924411193,0.18499999999999991,417.087912087912
nhsn,2025-2026,Louisiana,baseline_oct_mar,Baseline Oct-Mar,2025-07,0.13708507631691194,0.13684941383176785,0.18499999999999997,429.14835164835165
nhsn,2025-2026,Louisiana,baseline_oct_mar,Baseline Oct-Mar,2025-08,0.14500644982571317,0.1448535494659158,0.18499999999999997,424.2271062271062
nhsn,2025-2026,Louisiana,baseline_oct_mar,Baseline Oct-Mar,2025-09,0.1465364791547714,0.14652925024438604,0.18499999999999991,407.7747252747253
nhsn,2025-2026,Louisiana,baseline_oct_mar,Baseline Oct-Mar,2025-10,0.147894442288454,0.1470386440491619,0.185,412.60439560439556
nhsn,2025-2026,Louisiana,baseline_oct_mar,Baseline Oct-Mar,2025-11,0.14547843798843885,0.14180953373622837,0.18499999999999997,375.45421245421244
nhsn,2025-2026,Louisiana,baseline_oct_mar,Baseline Oct-Mar,2025-12,0.13458839123645172,0.13109347017814416,0.185,311.60622710622715
nhsn,2025-2026,Louisiana,baseline_oct_mar,Baseline Oct-Mar,2026-01,0.12642899567175098,0.12058490891723452,0.185,195.27838827838826
nhsn,2025-2026,Louisiana,baseline_oct_mar,Baseline Oct-Mar,2026-02,0.10520282776195578,0.1017007528610934,0.185,85.5
nhsn,2025-2026,Louisiana,baseline_oct_mar,Baseline Oct-Mar,2026-03,0.06299311945701358,0.06965643113377774,0.12500891612903228,25.227106227106226
nhsn,2025-2026,Louisiana,baseline_oct_mar,Baseline Oct-Mar,2026-04,0.0,0.0,0.0,3.593406593406594
nhsn,2025-2026,Louisiana,early_sep_mar,Early Sep-Mar,2025-01,0.0,0.0,0.0,235.7124542124542
nhsn,2025-2026,Louisiana,early_sep_mar,Early Sep-Mar,2025-02,0.0,0.027526693850875927,0.035216071428571416,303.78205128205127
nhsn,2025-2026,Louisiana,early_sep_mar,Early Sep-Mar,2025-03,0.14450249486827832,0.14157330779701438,0.1814790322580645,405.76373626373623
nhsn,2025-2026,Louisiana,early_sep_mar,Early Sep-Mar,2025-04,0.14274765059316014,0.14250789124561228,0.18499999999999991,413.49450549450535
nhsn,2025-2026,Louisiana,early_sep_mar,Early Sep-Mar,2025-05,0.1433598229215127,0.14336087045673215,0.18499999999999997,430.99084249084234
nhsn,2025-2026,Louisiana,early_sep_mar,Early Sep-Mar,2025-06,0.1425561759463037,0.14247360587592964,0.18499999999999991,417.087912087912
nhsn,2025-2026,Louisiana,early_sep_mar,Early Sep-Mar,2025-07,0.14379756387375028,0.14385845587181842,0.18499999999999997,429.14835164835165
nhsn,2025-2026,Louisiana,early_sep_mar,Early Sep-Mar,2025-08,0.14511946775550905,0.1451122773779929,0.18499999999999997,424.2271062271062
nhsn,2025-2026,Louisiana,early_sep_mar,Early Sep-Mar,2025-09,0.14659508722055442,0.14663388617338358,0.18499999999999997,407.7747252747253
nhsn,2025-2026,Louisiana,early_sep_mar,Early Sep-Mar,2025-10,0.147894442288454,0.1470386440491619,0.185,412.60439560439556
nhsn,2025-2026,Louisiana,early_sep_mar,Early Sep-Mar,2025-11,0.14547843798843885,0.14180953373622837,0.18499999999999997,375.45421245421244
nhsn,2025-2026,Louisiana,early_sep_mar,Early Sep-Mar,2025-12,0.13458839123645172,0.13109347017814416,0.185,311.60622710622715
nhsn,2025-2026,Louisiana,early_sep_mar,Early Sep-Mar,2026-01,0.12642899567175098,0.12058490891723452,0.185,195.27838827838826
nhsn,2025-2026,Louisiana,early_sep_mar,Early Sep-Mar,2026-02,0.10520282776195578,0.1017007528610934,0.185,85.5
nhsn,2025-2026,Louisiana,early_sep_mar,Early Sep-Mar,2026-03,0.06299311945701358,0.06965643113377774,0.12500891612903228,25.227106227106226
nhsn,2025-2026,Louisiana,early_sep_mar,Early Sep-Mar,2026-04,0.0,0.0,0.0,3.593406593406594
nhsn,2025-2026,Louisiana,extended_sep_apr,Extended Sep-Apr,2025-01,0.0,0.0,0.0,235.7124542124542
nhsn,2025-2026,Louisiana,extended_sep_apr,Extended Sep-Apr,2025-02,0.0,0.027526693850875927,0.035216071428571416,303.78205128205127
nhsn,2025-2026,Louisiana,extended_sep_apr,Extended Sep-Apr,2025-03,0.14450249486827832,0.14157330779701438,0.1814790322580645,405.76373626373623
nhsn,2025-2026,Louisiana,extended_sep_apr,Extended Sep-Apr,2025-04,0.14274765059316014,0.14250789124561228,0.18499999999999991,413.49450549450535
nhsn,2025-2026,Louisiana,extended_sep_apr,Extended Sep-Apr,2025-05,0.1433598229215127,0.14336087045673215,0.18499999999999997,430.99084249084234
nhsn,2025-2026,Louisiana,extended_sep_apr,Extended Sep-Apr,2025-06,0.1425561759463037,0.14247360587592964,0.18499999999999991,417.087912087912
nhsn,2025-2026,Louisiana,extended_sep_apr,Extended Sep-Apr,2025-07,0.14379756387375028,0.14385845587181842,0.18499999999999997,429.14835164835165
nhsn,2025-2026,Louisiana,extended_sep_apr,Extended Sep-Apr,2025-08,0.14511946775550905,0.1451122773779929,0.18499999999999997,424.2271062271062
nhsn,2025-2026,Louisiana,extended_sep_apr,Extended Sep-Apr,2025-09,0.14659508722055442,0.14663388617338358,0.18499999999999997,407.7747252747253
nhsn,2025-2026,Louisiana,extended_sep_apr,Extended Sep-Apr,2025-10,0.147894442288454,0.1470386440491619,0.185,412.60439560439556
nhsn,2025-2026,Louisiana,extended_sep_apr,Extended Sep-Apr,2025-11,0.14547843798843885,0.14180953373622837,0.18499999999999997,375.45421245421244
nhsn,2025-2026,Louisiana,extended_sep_apr,Extended Sep-Apr,2025-12,0.13458839123645172,0.13109347017814416,0.185,311.60622710622715
nhsn,2025-2026,Louisiana,extended_sep_apr,Extended Sep-Apr,2026-01,0.12642899567175098,0.12058490891723452,0.185,195.27838827838826
nhsn,2025-2026,Louisiana,extended_sep_apr,Extended Sep-Apr,2026-02,0.10520282776195578,0.1017007528610934,0.185,85.5
nhsn,2025-2026,Louisiana,extended_sep_apr,Extended Sep-Apr,2026-03,0.08829417721518988,0.08698602790873557,0.185,25.227106227106226
nhsn,2025-2026,Louisiana,extended_sep_apr,Extended Sep-Apr,2026-04,0.0182,0.05295775099706834,0.13351405600000002,3.5934065934065935
nhsn,2025-2026,Louisiana,late_oct_apr,Late Oct-Apr,2025-01,0.0,0.0,0.0,235.7124542124542
nhsn,2025-2026,Louisiana,late_oct_apr,Late Oct-Apr,2025-02,0.0,0.0,0.0,303.78205128205127
nhsn,2025-2026,Louisiana,late_oct_apr,Late Oct-Apr,2025-03,0.0,0.026537473047779682,0.03425483870967742,405.76373626373623
nhsn,2025-2026,Louisiana,late_oct_apr,Late Oct-Apr,2025-04,0.14209466360738193,0.14178236280752005,0.18499999999999991,413.49450549450535
nhsn,2025-2026,Louisiana,late_oct_apr,Late Oct-Apr,2025-05,0.13662439526012127,0.1362657074141214,0.18499999999999997,430.99084249084234
nhsn,2025-2026,Louisiana,late_oct_apr,Late Oct-Apr,2025-06,0.14216069877744442,0.141815924411193,0.18499999999999991,417.087912087912
nhsn,2025-2026,Louisiana,late_oct_apr,Late Oct-Apr,2025-07,0.13708507631691194,0.13684941383176785,0.18499999999999997,429.14835164835165
nhsn,2025-2026,Louisiana,late_oct_apr,Late Oct-Apr,2025-08,0.14500644982571317,0.1448535494659158,0.18499999999999997,424.2271062271062
nhsn,2025-2026,Louisiana,late_oct_apr,Late Oct-Apr,2025-09,0.1465364791547714,0.14652925024438604,0.18499999999999991,407.7747252747253
nhsn,2025-2026,Louisiana,late_oct_apr,Late Oct-Apr,2025-10,0.147894442288454,0.1470386440491619,0.185,412.60439560439556
nhsn,2025-2026,Louisiana,late_oct_apr,Late Oct-Apr,2025-11,0.14547843798843885,0.14180953373622837,0.18499999999999997,375.45421245421244
nhsn,2025-2026,Louisiana,late_oct_apr,Late Oct-Apr,2025-12,0.13458839123645172,0.13109347017814416,0.185,311.60622710622715
nhsn,2025-2026,Louisiana,late_oct_apr,Late Oct-Apr,2026-01,0.12642899567175098,0.12058490891723452,0.185,195.27838827838826
nhsn,2025-2026,Louisiana,late_oct_apr,Late Oct-Apr,2026-02,0.10520282776195578,0.1017007528610934,0.185,85.5
nhsn,2025-2026,Louisiana,late_oct_apr,Late Oct-Apr,2026-03,0.08829417721518988,0.08698602790873557,0.185,25.227106227106226
nhsn,2025-2026,Louisiana,late_oct_apr,Late Oct-Apr,2026-04,0.0182,0.05295775099706834,0.13351405600000002,3.5934065934065935
nhsn,2025-2026,Maine,baseline_oct_mar,Baseline Oct-Mar,2025-01,0.0,0.0,0.0,4.335164835164836
nhsn,2025-2026,Maine,baseline_oct_mar,Baseline Oct-Mar,2025-02,0.0,0.0,0.0,7.538461538461539
nhsn,2025-2026,Maine,baseline_oct_mar,Baseline Oct-Mar,2025-03,0.0,0.025609791274810827,0.03425483870967742,15.761904761904763
nhsn,2025-2026,Maine,baseline_oct_mar,Baseline Oct-Mar,2025-04,0.1393850078991431,0.1394952541299701,0.18499999999999991,19.994505494505493
nhsn,2025-2026,Maine,baseline_oct_mar,Baseline Oct-Mar,2025-05,0.13936626993006995,0.13932332617378515,0.18499999999999997,21.858974358974358
nhsn,2025-2026,Maine,baseline_oct_mar,Baseline Oct-Mar,2025-06,0.1398284275179366,0.13989535130540368,0.18499999999999991,21.153846153846153
nhsn,2025-2026,Maine,baseline_oct_mar,Baseline Oct-Mar,2025-07,0.13936626993006995,0.13932332617378515,0.18499999999999997,21.858974358974358
nhsn,2025-2026,Maine,baseline_oct_mar,Baseline Oct-Mar,2025-08,0.13968754995913177,0.13971233333938787,0.18499999999999997,21.858974358974358
nhsn,2025-2026,Maine,baseline_oct_mar,Baseline Oct-Mar,2025-09,0.14462134269504082,0.14366777822239526,0.18499999999999991,20.545787545787547
nhsn,2025-2026,Maine,baseline_oct_mar,Baseline Oct-Mar,2025-10,0.1479367676169984,0.1478167828647052,0.185,20.684981684981683
nhsn,2025-2026,Maine,baseline_oct_mar,Baseline Oct-Mar,2025-11,0.14731559820571585,0.1468851275298813,0.18499999999999997,19.85897435897436
nhsn,2025-2026,Maine,baseline_oct_mar,Baseline Oct-Mar,2025-12,0.14606045067362017,0.14488156827252832,0.185,19.540293040293037
nhsn,2025-2026,Maine,baseline_oct_mar,Baseline Oct-Mar,2026-01,0.14382624234461192,0.14075078626392903,0.185,17.523809523809526
nhsn,2025-2026,Maine,baseline_oct_mar,Baseline Oct-Mar,2026-02,0.13575966050078955,0.12373354538372967,0.185,12.205128205128204
nhsn,2025-2026,Maine,baseline_oct_mar,Baseline Oct-Mar,2026-03,0.06957508036739382,0.07342107628412195,0.12500891612903228,6.097069597069597
nhsn,2025-2026,Maine,baseline_oct_mar,Baseline Oct-Mar,2026-04,0.0,0.0,0.0,1.1593406593406592
nhsn,2025-2026,Maine,early_sep_mar,Early Sep-Mar,2025-01,0.0,0.0,0.0,4.335164835164836
nhsn,2025-2026,Maine,early_sep_mar,Early Sep-Mar,2025-02,0.0,0.026710525249496984,0.035216071428571416,7.538461538461539
nhsn,2025-2026,Maine,early_sep_mar,Early Sep-Mar,2025-03,0.1398683292006798,0.1373787095544701,0.1814790322580645,15.761904761904763
nhsn,2025-2026,Maine,early_sep_mar,Early Sep-Mar,2025-04,0.13907497532467536,0.13820778458158223,0.18499999999999991,19.994505494505493
nhsn,2025-2026,Maine,early_sep_mar,Early Sep-Mar,2025-05,0.13420623534647172,0.1352508874319522,0.18499999999999997,21.858974358974358
nhsn,2025-2026,Maine,early_sep_mar,Early Sep-Mar,2025-06,0.1396561730451367,0.1380708949871038,0.18499999999999991,21.153846153846153
nhsn,2025-2026,Maine,early_sep_mar,Early Sep-Mar,2025-07,0.13216558000181636,0.13367219019963616,0.18499999999999997,21.858974358974358
nhsn,2025-2026,Maine,early_sep_mar,Early Sep-Mar,2025-08,0.13025788876577968,0.131221023456438,0.18499999999999997,21.858974358974358
nhsn,2025-2026,Maine,early_sep_mar,Early Sep-Mar,2025-09,0.14191747352647352,0.14023648569270725,0.18499999999999997,20.545787545787544
nhsn,2025-2026,Maine,early_sep_mar,Early Sep-Mar,2025-10,0.1479367676169984,0.1478167828647052,0.185,20.684981684981683
nhsn,2025-2026,Maine,early_sep_mar,Early Sep-Mar,2025-11,0.14731559820571585,0.1468851275298813,0.18499999999999997,19.85897435897436
nhsn,2025-2026,Maine,early_sep_mar,Early Sep-Mar,2025-12,0.14606045067362017,0.14488156827252832,0.185,19.540293040293037
nhsn,2025-2026,Maine,early_sep_mar,Early Sep-Mar,2026-01,0.14382624234461192,0.14075078626392903,0.185,17.523809523809526
nhsn,2025-2026,Maine,early_sep_mar,Early Sep-Mar,2026-02,0.13575966050078955,0.12373354538372967,0.185,12.205128205128204
nhsn,2025-2026,Maine,early_sep_mar,Early Sep-Mar,2026-03,0.06957508036739382,0.07342107628412195,0.12500891612903228,6.097069597069597
nhsn,2025-2026,Maine,early_sep_mar,Early Sep-Mar,2026-04,0.0,0.0,0.0,1.1593406593406592
nhsn,2025-2026,Maine,extended_sep_apr,Extended Sep-Apr,2025-01,0.0,0.0,0.0,4.335164835164836
nhsn,2025-2026,Maine,extended_sep_apr,Extended Sep-Apr,2025-02,0.0,0.026710525249496984,0.035216071428571416,7.538461538461539
nhsn,2025-2026,Maine,extended_sep_apr,Extended Sep-Apr,2025-03,0.1398683292006798,0.1373787095544701,0.1814790322580645,15.761904761904763
nhsn,2025-2026,Maine,extended_sep_apr,Extended Sep-Apr,2025-04,0.13907497532467536,0.13820778458158223,0.18499999999999991,19.994505494505493
nhsn,2025-2026,Maine,extended_sep_apr,Extended Sep-Apr,2025-05,0.13420623534647172,0.1352508874319522,0.18499999999999997,21.858974358974358
nhsn,2025-2026,Maine,extended_sep_apr,Extended Sep-Apr,2025-06,0.1396561730451367,0.1380708949871038,0.18499999999999991,21.153846153846153
nhsn,2025-2026,Maine,extended_sep_apr,Extended Sep-Apr,2025-07,0.13216558000181636,0.13367219019963616,0.18499999999999997,21.858974358974358
nhsn,2025-2026,Maine,extended_sep_apr,Extended Sep-Apr,2025-08,0.13025788876577968,0.131221023456438,0.18499999999999997,21.858974358974358
nhsn,2025-2026,Maine,extended_sep_apr,Extended Sep-Apr,2025-09,0.14191747352647352,0.14023648569270725,0.18499999999999997,20.545787545787544
nhsn,2025-2026,Maine,extended_sep_apr,Extended Sep-Apr,2025-10,0.1479367676169984,0.1478167828647052,0.185,20.684981684981683
nhsn,2025-2026,Maine,extended_sep_apr,Extended Sep-Apr,2025-11,0.14731559820571585,0.1468851275298813,0.18499999999999997,19.85897435897436
nhsn,2025-2026,Maine,extended_sep_apr,Extended Sep-Apr,2025-12,0.14606045067362017,0.14488156827252832,0.185,19.540293040293037
nhsn,2025-2026,Maine,extended_sep_apr,Extended Sep-Apr,2026-01,0.14382624234461192,0.14075078626392903,0.185,17.523809523809526
nhsn,2025-2026,Maine,extended_sep_apr,Extended Sep-Apr,2026-02,0.13575966050078955,0.12373354538372967,0.185,12.205128205128204
nhsn,2025-2026,Maine,extended_sep_apr,Extended Sep-Apr,2026-03,0.09712937869822486,0.09397697776814025,0.185,6.097069597069597
nhsn,2025-2026,Maine,extended_sep_apr,Extended Sep-Apr,2026-04,0.026236363636363634,0.058155766478134606,0.13351405600000002,1.1593406593406594
nhsn,2025-2026,Maine,late_oct_apr,Late Oct-Apr,2025-01,0.0,0.0,0.0,4.335164835164836
nhsn,2025-2026,Maine,late_oct_apr,Late Oct-Apr,2025-02,0.0,0.0,0.0,7.538461538461539
nhsn,2025-2026,Maine,late_oct_apr,Late Oct-Apr,2025-03,0.0,0.025609791274810827,0.03425483870967742,15.761904761904763
nhsn,2025-2026,Maine,late_oct_apr,Late Oct-Apr,2025-04,0.1393850078991431,0.1394952541299701,0.18499999999999991,19.994505494505493
nhsn,2025-2026,Maine,late_oct_apr,Late Oct-Apr,2025-05,0.13936626993006995,0.13932332617378515,0.18499999999999997,21.858974358974358
nhsn,2025-2026,Maine,late_oct_apr,Late Oct-Apr,2025-06,0.1398284275179366,0.13989535130540368,0.18499999999999991,21.153846153846153
nhsn,2025-2026,Maine,late_oct_apr,Late Oct-Apr,2025-07,0.13936626993006995,0.13932332617378515,0.18499999999999997,21.858974358974358
nhsn,2025-2026,Maine,late_oct_apr,Late Oct-Apr,2025-08,0.13968754995913177,0.13971233333938787,0.18499999999999997,21.858974358974358
nhsn,2025-2026,Maine,late_oct_apr,Late Oct-Apr,2025-09,0.14462134269504082,0.14366777822239526,0.18499999999999991,20.545787545787547
nhsn,2025-2026,Maine,late_oct_apr,Late Oct-Apr,2025-10,0.1479367676169984,0.1478167828647052,0.185,20.684981684981683
nhsn,2025-2026,Maine,late_oct_apr,Late Oct-Apr,2025-11,0.14731559820571585,0.1468851275298813,0.18499999999999997,19.85897435897436
nhsn,2025-2026,Maine,late_oct_apr,Late Oct-Apr,2025-12,0.14606045067362017,0.14488156827252832,0.185,19.540293040293037
nhsn,2025-2026,Maine,late_oct_apr,Late Oct-Apr,2026-01,0.14382624234461192,0.14075078626392903,0.185,17.523809523809526
nhsn,2025-2026,Maine,late_oct_apr,Late Oct-Apr,2026-02,0.13575966050078955,0.12373354538372967,0.185,12.205128205128204
nhsn,2025-2026,Maine,late_oct_apr,Late Oct-Apr,2026-03,0.09712937869822486,0.09397697776814025,0.185,6.097069597069597
nhsn,2025-2026,Maine,late_oct_apr,Late Oct-Apr,2026-04,0.026236363636363634,0.058155766478134606,0.13351405600000002,1.1593406593406594
nhsn,2025-2026,Maryland,baseline_oct_mar,Baseline Oct-Mar,2025-01,0.0,0.0,0.0,127.51098901098902
nhsn,2025-2026,Maryland,baseline_oct_mar,Baseline Oct-Mar,2025-02,0.0,0.0,0.0,150.87179487179486
nhsn,2025-2026,Maryland,baseline_oct_mar,Baseline Oct-Mar,2025-03,0.0,0.025994254338686233,0.03425483870967742,195.94688644688648
nhsn,2025-2026,Maryland,baseline_oct_mar,Baseline Oct-Mar,2025-04,0.138352346814254,0.13811750981285215,0.18499999999999991,200.27838827838826
nhsn,2025-2026,Maryland,baseline_oct_mar,Baseline Oct-Mar,2025-05,0.13215495685511539,0.13304019350720858,0.18499999999999997,207.74542124542123
nhsn,2025-2026,Maryland,baseline_oct_mar,Baseline Oct-Mar,2025-06,0.13841397607202854,0.13814407211358842,0.18499999999999991,201.043956043956
nhsn,2025-2026,Maryland,baseline_oct_mar,Baseline Oct-Mar,2025-07,0.132753090193241,0.13391977143507042,0.18499999999999997,206.38827838827837
nhsn,2025-2026,Maryland,baseline_oct_mar,Baseline Oct-Mar,2025-08,0.1417799062714629,0.14211830080831897,0.18499999999999997,203.36996336996336
nhsn,2025-2026,Maryland,baseline_oct_mar,Baseline Oct-Mar,2025-09,0.14450589556717788,0.14481321325695343,0.18499999999999991,194.67582417582418
nhsn,2025-2026,Maryland,baseline_oct_mar,Baseline Oct-Mar,2025-10,0.14762512647270928,0.14668750597411928,0.185,194.10622710622712
nhsn,2025-2026,Maryland,baseline_oct_mar,Baseline Oct-Mar,2025-11,0.14714630176610305,0.1427607617929996,0.18499999999999997,175.7948717948718
nhsn,2025-2026,Maryland,baseline_oct_mar,Baseline Oct-Mar,2025-12,0.1282572231071826,0.12536599779334304,0.185,144.73992673992677
nhsn,2025-2026,Maryland,baseline_oct_mar,Baseline Oct-Mar,2026-01,0.12716944554220522,0.12134948693698733,0.185,80.23443223443223
nhsn,2025-2026,Maryland,baseline_oct_mar,Baseline Oct-Mar,2026-02,0.11625215589563416,0.1060388300556296,0.185,36.76923076923077
nhsn,2025-2026,Maryland,baseline_oct_mar,Baseline Oct-Mar,2026-03,0.0705576995102276,0.06719425208271328,0.12500891612903228,11.7985347985348
nhsn,2025-2026,Maryland,baseline_oct_mar,Baseline Oct-Mar,2026-04,0.0,0.0,0.0,0.7655677655677656
nhsn,2025-2026,Maryland,early_sep_mar,Early Sep-Mar,2025-01,0.0,0.0,0.0,127.51098901098902
nhsn,2025-2026,Maryland,early_sep_mar,Early Sep-Mar,2025-02,0.0,0.027410148870550457,0.035216071428571416,150.87179487179486
nhsn,2025-2026,Maryland,early_sep_mar,Early Sep-Mar,2025-03,0.14240257591190034,0.13974869738292028,0.1814790322580645,195.94688644688648
nhsn,2025-2026,Maryland,early_sep_mar,Early Sep-Mar,2025-04,0.1390167827840287,0.13958394120574408,0.18499999999999991,200.27838827838826
nhsn,2025-2026,Maryland,early_sep_mar,Early Sep-Mar,2025-05,0.14221813120249524,0.1420836114198803,0.18499999999999997,207.74542124542123
nhsn,2025-2026,Maryland,early_sep_mar,Early Sep-Mar,2025-06,0.13903092476831722,0.1395904238060624,0.18499999999999991,201.043956043956
nhsn,2025-2026,Maryland,early_sep_mar,Early Sep-Mar,2025-07,0.14350888879683926,0.14345055010237626,0.18499999999999997,206.38827838827837
nhsn,2025-2026,Maryland,early_sep_mar,Early Sep-Mar,2025-08,0.14611243649346764,0.14601119463243137,0.18499999999999997,203.36996336996336
nhsn,2025-2026,Maryland,early_sep_mar,Early Sep-Mar,2025-09,0.14648733806210806,0.1463228244602248,0.18499999999999997,194.67582417582418
nhsn,2025-2026,Maryland,early_sep_mar,Early Sep-Mar,2025-10,0.14762512647270928,0.14668750597411928,0.185,194.10622710622712
nhsn,2025-2026,Maryland,early_sep_mar,Early Sep-Mar,2025-11,0.14714630176610305,0.1427607617929996,0.18499999999999997,175.7948717948718
nhsn,2025-2026,Maryland,early_sep_mar,Early Sep-Mar,2025-12,0.1282572231071826,0.12536599779334304,0.185,144.73992673992677
nhsn,2025-2026,Maryland,early_sep_mar,Early Sep-Mar,2026-01,0.12716944554220522,0.12134948693698733,0.185,80.23443223443223
nhsn,2025-2026,Maryland,early_sep_mar,Early Sep-Mar,2026-02,0.11625215589563416,0.1060388300556296,0.185,36.76923076923077
nhsn,2025-2026,Maryland,early_sep_mar,Early Sep-Mar,2026-03,0.0705576995102276,0.06719425208271328,0.12500891612903228,11.7985347985348
nhsn,2025-2026,Maryland,early_sep_mar,Early Sep-Mar,2026-04,0.0,0.0,0.0,0.7655677655677656
nhsn,2025-2026,Maryland,extended_sep_apr,Extended Sep-Apr,2025-01,0.0,0.0,0.0,127.51098901098902
nhsn,2025-2026,Maryland,extended_sep_apr,Extended Sep-Apr,2025-02,0.0,0.027410148870550457,0.035216071428571416,150.87179487179486
nhsn,2025-2026,Maryland,extended_sep_apr,Extended Sep-Apr,2025-03,0.14240257591190034,0.13974869738292028,0.1814790322580645,195.94688644688648
nhsn,2025-2026,Maryland,extended_sep_apr,Extended Sep-Apr,2025-04,0.1390167827840287,0.13958394120574408,0.18499999999999991,200.27838827838826
nhsn,2025-2026,Maryland,extended_sep_apr,Extended Sep-Apr,2025-05,0.14221813120249524,0.1420836114198803,0.18499999999999997,207.74542124542123
nhsn,2025-2026,Maryland,extended_sep_apr,Extended Sep-Apr,2025-06,0.13903092476831722,0.1395904238060624,0.18499999999999991,201.043956043956
nhsn,2025-2026,Maryland,extended_sep_apr,Extended Sep-Apr,2025-07,0.14350888879683926,0.14345055010237626,0.18499999999999997,206.38827838827837
nhsn,2025-2026,Maryland,extended_sep_apr,Extended Sep-Apr,2025-08,0.14611243649346764,0.14601119463243137,0.18499999999999997,203.36996336996336
nhsn,2025-2026,Maryland,extended_sep_apr,Extended Sep-Apr,2025-09,0.14648733806210806,0.1463228244602248,0.18499999999999997,194.67582417582418
nhsn,2025-2026,Maryland,extended_sep_apr,Extended Sep-Apr,2025-10,0.14762512647270928,0.14668750597411928,0.185,194.10622710622712
nhsn,2025-2026,Maryland,extended_sep_apr,Extended Sep-Apr,2025-11,0.14714630176610305,0.1427607617929996,0.18499999999999997,175.7948717948718
nhsn,2025-2026,Maryland,extended_sep_apr,Extended Sep-Apr,2025-12,0.1282572231071826,0.12536599779334304,0.185,144.73992673992677
nhsn,2025-2026,Maryland,extended_sep_apr,Extended Sep-Apr,2026-01,0.12716944554220522,0.12134948693698733,0.185,80.23443223443223
nhsn,2025-2026,Maryland,extended_sep_apr,Extended Sep-Apr,2026-02,0.11625215589563416,0.1060388300556296,0.185,36.76923076923077
nhsn,2025-2026,Maryland,extended_sep_apr,Extended Sep-Apr,2026-03,0.07170049419241727,0.0738770258904015,0.185,11.7985347985348
nhsn,2025-2026,Maryland,extended_sep_apr,Extended Sep-Apr,2026-04,0.01443,0.043932618634833664,0.13351405600000002,0.7655677655677655
nhsn,2025-2026,Maryland,late_oct_apr,Late Oct-Apr,2025-01,0.0,0.0,0.0,127.51098901098902
nhsn,2025-2026,Maryland,late_oct_apr,Late Oct-Apr,2025-02,0.0,0.0,0.0,150.87179487179486
nhsn,2025-2026,Maryland,late_oct_apr,Late Oct-Apr,2025-03,0.0,0.025994254338686233,0.03425483870967742,195.94688644688648
nhsn,2025-2026,Maryland,late_oct_apr,Late Oct-Apr,2025-04,0.138352346814254,0.13811750981285215,0.18499999999999991,200.27838827838826
nhsn,2025-2026,Maryland,late_oct_apr,Late Oct-Apr,2025-05,0.13215495685511539,0.13304019350720858,0.18499999999999997,207.74542124542123
nhsn,2025-2026,Maryland,late_oct_apr,Late Oct-Apr,2025-06,0.13841397607202854,0.13814407211358842,0.18499999999999991,201.043956043956
nhsn,2025-2026,Maryland,late_oct_apr,Late Oct-Apr,2025-07,0.132753090193241,0.13391977143507042,0.18499999999999997,206.38827838827837
nhsn,2025-2026,Maryland,late_oct_apr,Late Oct-Apr,2025-08,0.1417799062714629,0.14211830080831897,0.18499999999999997,203.36996336996336
nhsn,2025-2026,Maryland,late_oct_apr,Late Oct-Apr,2025-09,0.14450589556717788,0.14481321325695343,0.18499999999999991,194.67582417582418
nhsn,2025-2026,Maryland,late_oct_apr,Late Oct-Apr,2025-10,0.14762512647270928,0.14668750597411928,0.185,194.10622710622712
nhsn,2025-2026,Maryland,late_oct_apr,Late Oct-Apr,2025-11,0.14714630176610305,0.1427607617929996,0.18499999999999997,175.7948717948718
nhsn,2025-2026,Maryland,late_oct_apr,Late Oct-Apr,2025-12,0.1282572231071826,0.12536599779334304,0.185,144.73992673992677
nhsn,2025-2026,Maryland,late_oct_apr,Late Oct-Apr,2026-01,0.12716944554220522,0.12134948693698733,0.185,80.23443223443223
nhsn,2025-2026,Maryland,late_oct_apr,Late Oct-Apr,2026-02,0.11625215589563416,0.1060388300556296,0.185,36.76923076923077
nhsn,2025-2026,Maryland,late_oct_apr,Late Oct-Apr,2026-03,0.07170049419241727,0.0738770258904015,0.185,11.7985347985348
nhsn,2025-2026,Maryland,late_oct_apr,Late Oct-Apr,2026-04,0.01443,0.043932618634833664,0.13351405600000002,0.7655677655677655
nhsn,2025-2026,Massachusetts,baseline_oct_mar,Baseline Oct-Mar,2025-01,0.0,0.0,0.0,128.52197802197801
nhsn,2025-2026,Massachusetts,baseline_oct_mar,Baseline Oct-Mar,2025-02,0.0,0.0,0.0,218.96153846153845
nhsn,2025-2026,Massachusetts,baseline_oct_mar,Baseline Oct-Mar,2025-03,0.0,0.026292057002044424,0.03425483870967742,362.5750915750915
nhsn,2025-2026,Massachusetts,baseline_oct_mar,Baseline Oct-Mar,2025-04,0.1392339937052098,0.13891231988074354,0.18499999999999991,415.54761904761904
nhsn,2025-2026,Massachusetts,baseline_oct_mar,Baseline Oct-Mar,2025-05,0.13230967517169132,0.13426165109385868,0.18499999999999997,443.4249084249084
nhsn,2025-2026,Massachusetts,baseline_oct_mar,Baseline Oct-Mar,2025-06,0.13963605685645983,0.13909405145764409,0.18499999999999991,429.12087912087907
nhsn,2025-2026,Massachusetts,baseline_oct_mar,Baseline Oct-Mar,2025-07,0.132809031748072,0.13471940443145697,0.18499999999999997,441.9249084249085
nhsn,2025-2026,Massachusetts,baseline_oct_mar,Baseline Oct-Mar,2025-08,0.1421820961252232,0.14151052105330061,0.18499999999999997,440.4230769230769
nhsn,2025-2026,Massachusetts,baseline_oct_mar,Baseline Oct-Mar,2025-09,0.14472855405950297,0.14483838728212794,0.18499999999999991,421.1703296703297
nhsn,2025-2026,Massachusetts,baseline_oct_mar,Baseline Oct-Mar,2025-10,0.1456202617978601,0.14515843731050476,0.185,421.03846153846155
nhsn,2025-2026,Massachusetts,baseline_oct_mar,Baseline Oct-Mar,2025-11,0.1465390254715404,0.14534337361859023,0.18499999999999997,382.6245421245422
nhsn,2025-2026,Massachusetts,baseline_oct_mar,Baseline Oct-Mar,2025-12,0.14668850691392074,0.1449254584477885,0.185,364.60989010989016
nhsn,2025-2026,Massachusetts,baseline_oct_mar,Baseline Oct-Mar,2026-01,0.13996267130254553,0.1334039835245594,0.185,314.9029304029304
nhsn,2025-2026,Massachusetts,baseline_oct_mar,Baseline Oct-Mar,2026-02,0.11626178196424986,0.11285859981277632,0.185,181.55128205128204
nhsn,2025-2026,Massachusetts,baseline_oct_mar,Baseline Oct-Mar,2026-03,0.10054938753048963,0.08141737815988635,0.12500891612903228,80.84981684981686
nhsn,2025-2026,Massachusetts,baseline_oct_mar,Baseline Oct-Mar,2026-04,0.0,0.0,0.0,13.573260073260073
nhsn,2025-2026,Massachusetts,early_sep_mar,Early Sep-Mar,2025-01,0.0,0.0,0.0,128.52197802197801
nhsn,2025-2026,Massachusetts,early_sep_mar,Early Sep-Mar,2025-02,0.0,0.027559492963604965,0.035216071428571416,218.96153846153845
nhsn,2025-2026,Massachusetts,early_sep_mar,Early Sep-Mar,2025-03,0.14429632822347688,0.14120891004005484,0.1814790322580645,362.5750915750915
nhsn,2025-2026,Massachusetts,early_sep_mar,Early Sep-Mar,2025-04,0.1392339937052098,0.1393480939561557,0.18499999999999991,415.54761904761904
nhsn,2025-2026,Massachusetts,early_sep_mar,Early Sep-Mar,2025-05,0.14206441668651448,0.14054676720711873,0.18499999999999997,443.4249084249084
nhsn,2025-2026,Massachusetts,early_sep_mar,Early Sep-Mar,2025-06,0.13963605685645983,0.13937019903749243,0.18499999999999991,429.12087912087907
nhsn,2025-2026,Massachusetts,early_sep_mar,Early Sep-Mar,2025-07,0.14041727283961383,0.13983252458826204,0.18499999999999997,441.9249084249085
nhsn,2025-2026,Massachusetts,early_sep_mar,Early Sep-Mar,2025-08,0.13697073317476743,0.13774387515821937,0.18499999999999997,440.4230769230769
nhsn,2025-2026,Massachusetts,early_sep_mar,Early Sep-Mar,2025-09,0.14476571803770827,0.1435999947326403,0.18499999999999997,421.1703296703297
nhsn,2025-2026,Massachusetts,early_sep_mar,Early Sep-Mar,2025-10,0.1456202617978601,0.14515843731050476,0.185,421.03846153846155
nhsn,2025-2026,Massachusetts,early_sep_mar,Early Sep-Mar,2025-11,0.1465390254715404,0.14534337361859023,0.18499999999999997,382.6245421245422
nhsn,2025-2026,Massachusetts,early_sep_mar,Early Sep-Mar,2025-12,0.14668850691392074,0.1449254584477885,0.185,364.60989010989016
nhsn,2025-2026,Massachusetts,early_sep_mar,Early Sep-Mar,2026-01,0.13996267130254553,0.1334039835245594,0.185,314.9029304029304
nhsn,2025-2026,Massachusetts,early_sep_mar,Early Sep-Mar,2026-02,0.11626178196424986,0.11285859981277632,0.185,181.55128205128204
nhsn,2025-2026,Massachusetts,early_sep_mar,Early Sep-Mar,2026-03,0.10054938753048963,0.08141737815988635,0.12500891612903228,80.84981684981686
nhsn,2025-2026,Massachusetts,early_sep_mar,Early Sep-Mar,2026-04,0.0,0.0,0.0,13.573260073260073
nhsn,2025-2026,Massachusetts,extended_sep_apr,Extended Sep-Apr,2025-01,0.0,0.0,0.0,128.52197802197801
nhsn,2025-2026,Massachusetts,extended_sep_apr,Extended Sep-Apr,2025-02,0.0,0.027559492963604965,0.035216071428571416,218.96153846153845
nhsn,2025-2026,Massachusetts,extended_sep_apr,Extended Sep-Apr,2025-03,0.14429632822347688,0.14120891004005484,0.1814790322580645,362.5750915750915
nhsn,2025-2026,Massachusetts,extended_sep_apr,Extended Sep-Apr,2025-04,0.1392339937052098,0.1393480939561557,0.18499999999999991,415.54761904761904
nhsn,2025-2026,Massachusetts,extended_sep_apr,Extended Sep-Apr,2025-05,0.14206441668651448,0.14054676720711873,0.18499999999999997,443.4249084249084
nhsn,2025-2026,Massachusetts,extended_sep_apr,Extended Sep-Apr,2025-06,0.13963605685645983,0.13937019903749243,0.18499999999999991,429.12087912087907
nhsn,2025-2026,Massachusetts,extended_sep_apr,Extended Sep-Apr,2025-07,0.14041727283961383,0.13983252458826204,0.18499999999999997,441.9249084249085
nhsn,2025-2026,Massachusetts,extended_sep_apr,Extended Sep-Apr,2025-08,0.13697073317476743,0.13774387515821937,0.18499999999999997,440.4230769230769
nhsn,2025-2026,Massachusetts,extended_sep_apr,Extended Sep-Apr,2025-09,0.14476571803770827,0.1435999947326403,0.18499999999999997,421.1703296703297
nhsn,2025-2026,Massachusetts,extended_sep_apr,Extended Sep-Apr,2025-10,0.1456202617978601,0.14515843731050476,0.185,421.03846153846155
nhsn,2025-2026,Massachusetts,extended_sep_apr,Extended Sep-Apr,2025-11,0.1465390254715404,0.14534337361859023,0.18499999999999997,382.6245421245422
nhsn,2025-2026,Massachusetts,extended_sep_apr,Extended Sep-Apr,2025-12,0.14668850691392074,0.1449254584477885,0.185,364.60989010989016
nhsn,2025-2026,Massachusetts,extended_sep_apr,Extended Sep-Apr,2026-01,0.13996267130254553,0.1334039835245594,0.185,314.9029304029304
nhsn,2025-2026,Massachusetts,extended_sep_apr,Extended Sep-Apr,2026-02,0.11626178196424986,0.11285859981277632,0.185,181.55128205128204
nhsn,2025-2026,Massachusetts,extended_sep_apr,Extended Sep-Apr,2026-03,0.10054938753048963,0.09514006975746656,0.185,80.84981684981686
nhsn,2025-2026,Massachusetts,extended_sep_apr,Extended Sep-Apr,2026-04,0.01443,0.04500332574655413,0.13351405600000002,13.573260073260077
nhsn,2025-2026,Massachusetts,late_oct_apr,Late Oct-Apr,2025-01,0.0,0.0,0.0,128.52197802197801
nhsn,2025-2026,Massachusetts,late_oct_apr,Late Oct-Apr,2025-02,0.0,0.0,0.0,218.96153846153845
nhsn,2025-2026,Massachusetts,late_oct_apr,Late Oct-Apr,2025-03,0.0,0.026292057002044424,0.03425483870967742,362.5750915750915
nhsn,2025-2026,Massachusetts,late_oct_apr,Late Oct-Apr,2025-04,0.1392339937052098,0.13891231988074354,0.18499999999999991,415.54761904761904
nhsn,2025-2026,Massachusetts,late_oct_apr,Late Oct-Apr,2025-05,0.13230967517169132,0.13426165109385868,0.18499999999999997,443.4249084249084
nhsn,2025-2026,Massachusetts,late_oct_apr,Late Oct-Apr,2025-06,0.13963605685645983,0.13909405145764409,0.18499999999999991,429.12087912087907
nhsn,2025-2026,Massachusetts,late_oct_apr,Late Oct-Apr,2025-07,0.132809031748072,0.13471940443145697,0.18499999999999997,441.9249084249085
nhsn,2025-2026,Massachusetts,late_oct_apr,Late Oct-Apr,2025-08,0.1421820961252232,0.14151052105330061,0.18499999999999997,440.4230769230769
nhsn,2025-2026,Massachusetts,late_oct_apr,Late Oct-Apr,2025-09,0.14472855405950297,0.14483838728212794,0.18499999999999991,421.1703296703297
nhsn,2025-2026,Massachusetts,late_oct_apr,Late Oct-Apr,2025-10,0.1456202617978601,0.14515843731050476,0.185,421.03846153846155
nhsn,2025-2026,Massachusetts,late_oct_apr,Late Oct-Apr,2025-11,0.1465390254715404,0.14534337361859023,0.18499999999999997,382.6245421245422
nhsn,2025-2026,Massachusetts,late_oct_apr,Late Oct-Apr,2025-12,0.14668850691392074,0.1449254584477885,0.185,364.60989010989016
nhsn,2025-2026,Massachusetts,late_oct_apr,Late Oct-Apr,2026-01,0.13996267130254553,0.1334039835245594,0.185,314.9029304029304
nhsn,2025-2026,Massachusetts,late_oct_apr,Late Oct-Apr,2026-02,0.11626178196424986,0.11285859981277632,0.185,181.55128205128204
nhsn,2025-2026,Massachusetts,late_oct_apr,Late Oct-Apr,2026-03,0.10054938753048963,0.09514006975746656,0.185,80.84981684981686
nhsn,2025-2026,Massachusetts,late_oct_apr,Late Oct-Apr,2026-04,0.01443,0.04500332574655413,0.13351405600000002,13.573260073260077
nhsn,2025-2026,Michigan,baseline_oct_mar,Baseline Oct-Mar,2025-01,0.0,0.0,0.0,130.7619047619048
nhsn,2025-2026,Michigan,baseline_oct_mar,Baseline Oct-Mar,2025-02,0.0,0.0,0.0,213.3846153846154
nhsn,2025-2026,Michigan,baseline_oct_mar,Baseline Oct-Mar,2025-03,0.0,0.027217804458120786,0.03425483870967742,402.930402930403
nhsn,2025-2026,Michigan,baseline_oct_mar,Baseline Oct-Mar,2025-04,0.14657764958856145,0.1464319341865556,0.18499999999999991,496.5347985347985
nhsn,2025-2026,Michigan,baseline_oct_mar,Baseline Oct-Mar,2025-05,0.14515731034590743,0.14525627026810142,0.18499999999999997,532.5073260073259
nhsn,2025-2026,Michigan,baseline_oct_mar,Baseline Oct-Mar,2025-06,0.14658557917069606,0.14642228822420641,0.18499999999999991,515.3296703296703
nhsn,2025-2026,Michigan,baseline_oct_mar,Baseline Oct-Mar,2025-07,0.1455141528146928,0.1455893056116051,0.18499999999999997,531.2893772893772
nhsn,2025-2026,Michigan,baseline_oct_mar,Baseline Oct-Mar,2025-08,0.14725379339387204,0.14714792824762837,0.18499999999999997,530.7435897435896
nhsn,2025-2026,Michigan,baseline_oct_mar,Baseline Oct-Mar,2025-09,0.14747281699723502,0.14743245100320884,0.18499999999999991,513.3846153846155
nhsn,2025-2026,Michigan,baseline_oct_mar,Baseline Oct-Mar,2025-10,0.1475945838135118,0.1474049636357216,0.185,528.0531135531137
nhsn,2025-2026,Michigan,baseline_oct_mar,Baseline Oct-Mar,2025-11,0.1482340750778684,0.1470793175814749,0.18499999999999997,501.459706959707
nhsn,2025-2026,Michigan,baseline_oct_mar,Baseline Oct-Mar,2025-12,0.14366144112440818,0.14145660042798408,0.185,486.2545787545788
nhsn,2025-2026,Michigan,baseline_oct_mar,Baseline Oct-Mar,2026-01,0.14259083172394615,0.13814854715098268,0.185,401.74542124542126
nhsn,2025-2026,Michigan,baseline_oct_mar,Baseline Oct-Mar,2026-02,0.12661569756607574,0.11966094273427674,0.185,267.5897435897436
nhsn,2025-2026,Michigan,baseline_oct_mar,Baseline Oct-Mar,2026-03,0.09906941349445535,0.07927666960211052,0.12500891612903228,129.5769230769231
nhsn,2025-2026,Michigan,baseline_oct_mar,Baseline Oct-Mar,2026-04,0.0,0.0,0.0,18.794871794871796
nhsn,2025-2026,Michigan,early_sep_mar,Early Sep-Mar,2025-01,0.0,0.0,0.0,130.7619047619048
nhsn,2025-2026,Michigan,early_sep_mar,Early Sep-Mar,2025-02,0.0,0.02791364520357269,0.035216071428571416,213.3846153846154
nhsn,2025-2026,Michigan,early_sep_mar,Early Sep-Mar,2025-03,0.14691022140519658,0.1440913751699408,0.1814790322580645,402.930402930403
nhsn,2025-2026,Michigan,early_sep_mar,Early Sep-Mar,2025-04,0.14657764958856145,0.14451557884300084,0.18499999999999991,496.5347985347985
nhsn,2025-2026,Michigan,early_sep_mar,Early Sep-Mar,2025-05,0.14549288584078254,0.14263039165838023,0.18499999999999997,532.5073260073259
nhsn,2025-2026,Michigan,early_sep_mar,Early Sep-Mar,2025-06,0.14658557917069606,0.14441593792777696,0.18499999999999991,515.3296703296703
nhsn,2025-2026,Michigan,early_sep_mar,Early Sep-Mar,2025-07,0.14235765760952035,0.1407729080493753,0.18499999999999997,531.2893772893772
nhsn,2025-2026,Michigan,early_sep_mar,Early Sep-Mar,2025-08,0.13541229050724557,0.13669673749351313,0.18499999999999997,530.7435897435896
nhsn,2025-2026,Michigan,early_sep_mar,Early Sep-Mar,2025-09,0.14683470481952507,0.14413902828839228,0.18499999999999997,513.3846153846155
nhsn,2025-2026,Michigan,early_sep_mar,Early Sep-Mar,2025-10,0.1475945838135118,0.1474049636357216,0.185,528.0531135531137
nhsn,2025-2026,Michigan,early_sep_mar,Early Sep-Mar,2025-11,0.1482340750778684,0.1470793175814749,0.18499999999999997,501.459706959707
nhsn,2025-2026,Michigan,early_sep_mar,Early Sep-Mar,2025-12,0.14366144112440818,0.14145660042798408,0.185,486.2545787545788
nhsn,2025-2026,Michigan,early_sep_mar,Early Sep-Mar,2026-01,0.14259083172394615,0.13814854715098268,0.185,401.74542124542126
nhsn,2025-2026,Michigan,early_sep_mar,Early Sep-Mar,2026-02,0.12661569756607574,0.11966094273427674,0.185,267.5897435897436
nhsn,2025-2026,Michigan,early_sep_mar,Early Sep-Mar,2026-03,0.09906941349445535,0.07927666960211052,0.12500891612903228,129.5769230769231
nhsn,2025-2026,Michigan,early_sep_mar,Early Sep-Mar,2026-04,0.0,0.0,0.0,18.794871794871796
nhsn,2025-2026,Michigan,extended_sep_apr,Extended Sep-Apr,2025-01,0.0,0.0,0.0,130.7619047619048
nhsn,2025-2026,Michigan,extended_sep_apr,Extended Sep-Apr,2025-02,0.0,0.02791364520357269,0.035216071428571416,213.3846153846154
nhsn,2025-2026,Michigan,extended_sep_apr,Extended Sep-Apr,2025-03,0.14691022140519658,0.1440913751699408,0.1814790322580645,402.930402930403
nhsn,2025-2026,Michigan,extended_sep_apr,Extended Sep-Apr,2025-04,0.14657764958856145,0.14451557884300084,0.18499999999999991,496.5347985347985
nhsn,2025-2026,Michigan,extended_sep_apr,Extended Sep-Apr,2025-05,0.14549288584078254,0.14263039165838023,0.18499999999999997,532.5073260073259
nhsn,2025-2026,Michigan,extended_sep_apr,Extended Sep-Apr,2025-06,0.14658557917069606,0.14441593792777696,0.18499999999999991,515.3296703296703
nhsn,2025-2026,Michigan,extended_sep_apr,Extended Sep-Apr,2025-07,0.14235765760952035,0.1407729080493753,0.18499999999999997,531.2893772893772
nhsn,2025-2026,Michigan,extended_sep_apr,Extended Sep-Apr,2025-08,0.13541229050724557,0.13669673749351313,0.18499999999999997,530.7435897435896
nhsn,2025-2026,Michigan,extended_sep_apr,Extended Sep-Apr,2025-09,0.14683470481952507,0.14413902828839228,0.18499999999999997,513.3846153846155
nhsn,2025-2026,Michigan,extended_sep_apr,Extended Sep-Apr,2025-10,0.1475945838135118,0.1474049636357216,0.185,528.0531135531137
nhsn,2025-2026,Michigan,extended_sep_apr,Extended Sep-Apr,2025-11,0.1482340750778684,0.1470793175814749,0.18499999999999997,501.459706959707
nhsn,2025-2026,Michigan,extended_sep_apr,Extended Sep-Apr,2025-12,0.14366144112440818,0.14145660042798408,0.185,486.2545787545788
nhsn,2025-2026,Michigan,extended_sep_apr,Extended Sep-Apr,2026-01,0.14259083172394615,0.13814854715098268,0.185,401.74542124542126
nhsn,2025-2026,Michigan,extended_sep_apr,Extended Sep-Apr,2026-02,0.12661569756607574,0.11966094273427674,0.185,267.5897435897436
nhsn,2025-2026,Michigan,extended_sep_apr,Extended Sep-Apr,2026-03,0.09922480742923287,0.09151381637642204,0.185,129.5769230769231
nhsn,2025-2026,Michigan,extended_sep_apr,Extended Sep-Apr,2026-04,0.009034434782608696,0.0391887244109787,0.13351405600000002,18.794871794871796
nhsn,2025-2026,Michigan,late_oct_apr,Late Oct-Apr,2025-01,0.0,0.0,0.0,130.7619047619048
nhsn,2025-2026,Michigan,late_oct_apr,Late Oct-Apr,2025-02,0.0,0.0,0.0,213.3846153846154
nhsn,2025-2026,Michigan,late_oct_apr,Late Oct-Apr,2025-03,0.0,0.027217804458120786,0.03425483870967742,402.930402930403
nhsn,2025-2026,Michigan,late_oct_apr,Late Oct-Apr,2025-04,0.14657764958856145,0.1464319341865556,0.18499999999999991,496.5347985347985
nhsn,2025-2026,Michigan,late_oct_apr,Late Oct-Apr,2025-05,0.14515731034590743,0.14525627026810142,0.18499999999999997,532.5073260073259
nhsn,2025-2026,Michigan,late_oct_apr,Late Oct-Apr,2025-06,0.14658557917069606,0.14642228822420641,0.18499999999999991,515.3296703296703
nhsn,2025-2026,Michigan,late_oct_apr,Late Oct-Apr,2025-07,0.1455141528146928,0.1455893056116051,0.18499999999999997,531.2893772893772
nhsn,2025-2026,Michigan,late_oct_apr,Late Oct-Apr,2025-08,0.14725379339387204,0.14714792824762837,0.18499999999999997,530.7435897435896
nhsn,2025-2026,Michigan,late_oct_apr,Late Oct-Apr,2025-09,0.14747281699723502,0.14743245100320884,0.18499999999999991,513.3846153846155
nhsn,2025-2026,Michigan,late_oct_apr,Late Oct-Apr,2025-10,0.1475945838135118,0.1474049636357216,0.185,528.0531135531137
nhsn,2025-2026,Michigan,late_oct_apr,Late Oct-Apr,2025-11,0.1482340750778684,0.1470793175814749,0.18499999999999997,501.459706959707
nhsn,2025-2026,Michigan,late_oct_apr,Late Oct-Apr,2025-12,0.14366144112440818,0.14145660042798408,0.185,486.2545787545788
nhsn,2025-2026,Michigan,late_oct_apr,Late Oct-Apr,2026-01,0.14259083172394615,0.13814854715098268,0.185,401.74542124542126
nhsn,2025-2026,Michigan,late_oct_apr,Late Oct-Apr,2026-02,0.12661569756607574,0.11966094273427674,0.185,267.5897435897436
nhsn,2025-2026,Michigan,late_oct_apr,Late Oct-Apr,2026-03,0.09922480742923287,0.09151381637642204,0.185,129.5769230769231
nhsn,2025-2026,Michigan,late_oct_apr,Late Oct-Apr,2026-04,0.009034434782608696,0.0391887244109787,0.13351405600000002,18.794871794871796
nhsn,2025-2026,Minnesota,baseline_oct_mar,Baseline Oct-Mar,2025-01,0.0,0.0,0.0,123.3278388278388
nhsn,2025-2026,Minnesota,baseline_oct_mar,Baseline Oct-Mar,2025-02,0.0,0.0,0.0,209.71794871794873
nhsn,2025-2026,Minnesota,baseline_oct_mar,Baseline Oct-Mar,2025-03,0.0,0.026535368768061295,0.03425483870967742,357.1703296703297
nhsn,2025-2026,Minnesota,baseline_oct_mar,Baseline Oct-Mar,2025-04,0.14207881891576726,0.14221482948499256,0.18499999999999991,404.6336996336996
nhsn,2025-2026,Minnesota,baseline_oct_mar,Baseline Oct-Mar,2025-05,0.13914317685685246,0.13954822470651645,0.18499999999999997,432.8644688644688
nhsn,2025-2026,Minnesota,baseline_oct_mar,Baseline Oct-Mar,2025-06,0.14223620607540413,0.14234229110867289,0.18499999999999991,418.90109890109886
nhsn,2025-2026,Minnesota,baseline_oct_mar,Baseline Oct-Mar,2025-07,0.13940818929915832,0.14012321669966182,0.18499999999999997,431.08974358974353
nhsn,2025-2026,Minnesota,baseline_oct_mar,Baseline Oct-Mar,2025-08,0.14494197278467802,0.14500747173135525,0.18499999999999997,426.3772893772894
nhsn,2025-2026,Minnesota,baseline_oct_mar,Baseline Oct-Mar,2025-09,0.14713375383527566,0.14701936030842416,0.18499999999999991,408.8021978021978
nhsn,2025-2026,Minnesota,baseline_oct_mar,Baseline Oct-Mar,2025-10,0.1472443634689576,0.14696588857927367,0.185,417.5347985347986
nhsn,2025-2026,Minnesota,baseline_oct_mar,Baseline Oct-Mar,2025-11,0.1470662841036091,0.14606120389052368,0.18499999999999997,390.94505494505495
nhsn,2025-2026,Minnesota,baseline_oct_mar,Baseline Oct-Mar,2025-12,0.1445829200923753,0.14250137026542928,0.185,374.1043956043956
nhsn,2025-2026,Minnesota,baseline_oct_mar,Baseline Oct-Mar,2026-01,0.14042352571225566,0.1336896280380515,0.185,309.5366300366301
nhsn,2025-2026,Minnesota,baseline_oct_mar,Baseline Oct-Mar,2026-02,0.11659836560113944,0.1118645657385951,0.185,181.25641025641028
nhsn,2025-2026,Minnesota,baseline_oct_mar,Baseline Oct-Mar,2026-03,0.10240181656376884,0.07942582694661994,0.12500891612903228,75.6941391941392
nhsn,2025-2026,Minnesota,baseline_oct_mar,Baseline Oct-Mar,2026-04,0.0,0.0,0.0,14.26739926739927
nhsn,2025-2026,Minnesota,early_sep_mar,Early Sep-Mar,2025-01,0.0,0.0,0.0,123.3278388278388
nhsn,2025-2026,Minnesota,early_sep_mar,Early Sep-Mar,2025-02,0.0,0.027090931335770566,0.035216071428571416,209.71794871794873
nhsn,2025-2026,Minnesota,early_sep_mar,Early Sep-Mar,2025-03,0.143268245107371,0.14058013980052123,0.1814790322580645,357.1703296703297
nhsn,2025-2026,Minnesota,early_sep_mar,Early Sep-Mar,2025-04,0.14207881891576726,0.14133926416066683,0.18499999999999991,404.6336996336996
nhsn,2025-2026,Minnesota,early_sep_mar,Early Sep-Mar,2025-05,0.13995726859053853,0.13980850505356188,0.18499999999999997,432.8644688644688
nhsn,2025-2026,Minnesota,early_sep_mar,Early Sep-Mar,2025-06,0.14223620607540413,0.1412062820982384,0.18499999999999991,418.90109890109886
nhsn,2025-2026,Minnesota,early_sep_mar,Early Sep-Mar,2025-07,0.13880834776779358,0.13880032497936678,0.18499999999999997,431.08974358974353
nhsn,2025-2026,Minnesota,early_sep_mar,Early Sep-Mar,2025-08,0.1373007071121762,0.13763148791673793,0.18499999999999997,426.3772893772894
nhsn,2025-2026,Minnesota,early_sep_mar,Early Sep-Mar,2025-09,0.14567713994371417,0.14405926581511172,0.18499999999999997,408.80219780219784
nhsn,2025-2026,Minnesota,early_sep_mar,Early Sep-Mar,2025-10,0.1472443634689576,0.14696588857927367,0.185,417.5347985347986
nhsn,2025-2026,Minnesota,early_sep_mar,Early Sep-Mar,2025-11,0.1470662841036091,0.14606120389052368,0.18499999999999997,390.94505494505495
nhsn,2025-2026,Minnesota,early_sep_mar,Early Sep-Mar,2025-12,0.1445829200923753,0.14250137026542928,0.185,374.1043956043956
nhsn,2025-2026,Minnesota,early_sep_mar,Early Sep-Mar,2026-01,0.14042352571225566,0.1336896280380515,0.185,309.5366300366301
nhsn,2025-2026,Minnesota,early_sep_mar,Early Sep-Mar,2026-02,0.11659836560113944,0.1118645657385951,0.185,181.25641025641028
nhsn,2025-2026,Minnesota,early_sep_mar,Early Sep-Mar,2026-03,0.10240181656376884,0.07942582694661994,0.12500891612903228,75.6941391941392
nhsn,2025-2026,Minnesota,early_sep_mar,Early Sep-Mar,2026-04,0.0,0.0,0.0,14.26739926739927
nhsn,2025-2026,Minnesota,extended_sep_apr,Extended Sep-Apr,2025-01,0.0,0.0,0.0,123.3278388278388
nhsn,2025-2026,Minnesota,extended_sep_apr,Extended Sep-Apr,2025-02,0.0,0.027090931335770566,0.035216071428571416,209.71794871794873
nhsn,2025-2026,Minnesota,extended_sep_apr,Extended Sep-Apr,2025-03,0.143268245107371,0.14058013980052123,0.1814790322580645,357.1703296703297
nhsn,2025-2026,Minnesota,extended_sep_apr,Extended Sep-Apr,2025-04,0.14207881891576726,0.14133926416066683,0.18499999999999991,404.6336996336996
nhsn,2025-2026,Minnesota,extended_sep_apr,Extended Sep-Apr,2025-05,0.13995726859053853,0.13980850505356188,0.18499999999999997,432.8644688644688
nhsn,2025-2026,Minnesota,extended_sep_apr,Extended Sep-Apr,2025-06,0.14223620607540413,0.1412062820982384,0.18499999999999991,418.90109890109886
nhsn,2025-2026,Minnesota,extended_sep_apr,Extended Sep-Apr,2025-07,0.13880834776779358,0.13880032497936678,0.18499999999999997,431.08974358974353
nhsn,2025-2026,Minnesota,extended_sep_apr,Extended Sep-Apr,2025-08,0.1373007071121762,0.13763148791673793,0.18499999999999997,426.3772893772894
nhsn,2025-2026,Minnesota,extended_sep_apr,Extended Sep-Apr,2025-09,0.14567713994371417,0.14405926581511172,0.18499999999999997,408.80219780219784
nhsn,2025-2026,Minnesota,extended_sep_apr,Extended Sep-Apr,2025-10,0.1472443634689576,0.14696588857927367,0.185,417.5347985347986
nhsn,2025-2026,Minnesota,extended_sep_apr,Extended Sep-Apr,2025-11,0.1470662841036091,0.14606120389052368,0.18499999999999997,390.94505494505495
nhsn,2025-2026,Minnesota,extended_sep_apr,Extended Sep-Apr,2025-12,0.1445829200923753,0.14250137026542928,0.185,374.1043956043956
nhsn,2025-2026,Minnesota,extended_sep_apr,Extended Sep-Apr,2026-01,0.14042352571225566,0.1336896280380515,0.185,309.5366300366301
nhsn,2025-2026,Minnesota,extended_sep_apr,Extended Sep-Apr,2026-02,0.11659836560113944,0.1118645657385951,0.185,181.25641025641028
nhsn,2025-2026,Minnesota,extended_sep_apr,Extended Sep-Apr,2026-03,0.10240181656376884,0.09544740684803005,0.185,75.6941391941392
nhsn,2025-2026,Minnesota,extended_sep_apr,Extended Sep-Apr,2026-04,0.019239999999999997,0.051862310677780354,0.13351405600000002,14.267399267399268
nhsn,2025-2026,Minnesota,late_oct_apr,Late Oct-Apr,2025-01,0.0,0.0,0.0,123.3278388278388
nhsn,2025-2026,Minnesota,late_oct_apr,Late Oct-Apr,2025-02,0.0,0.0,0.0,209.71794871794873
nhsn,2025-2026,Minnesota,late_oct_apr,Late Oct-Apr,2025-03,0.0,0.026535368768061295,0.03425483870967742,357.1703296703297
nhsn,2025-2026,Minnesota,late_oct_apr,Late Oct-Apr,2025-04,0.14207881891576726,0.14221482948499256,0.18499999999999991,404.6336996336996
nhsn,2025-2026,Minnesota,late_oct_apr,Late Oct-Apr,2025-05,0.13914317685685246,0.13954822470651645,0.18499999999999997,432.8644688644688
nhsn,2025-2026,Minnesota,late_oct_apr,Late Oct-Apr,2025-06,0.14223620607540413,0.14234229110867289,0.18499999999999991,418.90109890109886
nhsn,2025-2026,Minnesota,late_oct_apr,Late Oct-Apr,2025-07,0.13940818929915832,0.14012321669966182,0.18499999999999997,431.08974358974353
nhsn,2025-2026,Minnesota,late_oct_apr,Late Oct-Apr,2025-08,0.14494197278467802,0.14500747173135525,0.18499999999999997,426.3772893772894
nhsn,2025-2026,Minnesota,late_oct_apr,Late Oct-Apr,2025-09,0.14713375383527566,0.14701936030842416,0.18499999999999991,408.8021978021978
nhsn,2025-2026,Minnesota,late_oct_apr,Late Oct-Apr,2025-10,0.1472443634689576,0.14696588857927367,0.185,417.5347985347986
nhsn,2025-2026,Minnesota,late_oct_apr,Late Oct-Apr,2025-11,0.1470662841036091,0.14606120389052368,0.18499999999999997,390.94505494505495
nhsn,2025-2026,Minnesota,late_oct_apr,Late Oct-Apr,2025-12,0.1445829200923753,0.14250137026542928,0.185,374.1043956043956
nhsn,2025-2026,Minnesota,late_oct_apr,Late Oct-Apr,2026-01,0.14042352571225566,0.1336896280380515,0.185,309.5366300366301
nhsn,2025-2026,Minnesota,late_oct_apr,Late Oct-Apr,2026-02,0.11659836560113944,0.1118645657385951,0.185,181.25641025641028
nhsn,2025-2026,Minnesota,late_oct_apr,Late Oct-Apr,2026-03,0.10240181656376884,0.09544740684803005,0.185,75.6941391941392
nhsn,2025-2026,Minnesota,late_oct_apr,Late Oct-Apr,2026-04,0.019239999999999997,0.051862310677780354,0.13351405600000002,14.267399267399268
nhsn,2025-2026,Mississippi,baseline_oct_mar,Baseline Oct-Mar,2025-01,0.0,0.0,0.0,70.65201465201467
nhsn,2025-2026,Mississippi,baseline_oct_mar,Baseline Oct-Mar,2025-02,0.0,0.0,0.0,108.03846153846155
nhsn,2025-2026,Mississippi,baseline_oct_mar,Baseline Oct-Mar,2025-03,0.0,0.026937373940389222,0.03425483870967742,157.45787545787542
nhsn,2025-2026,Mississippi,baseline_oct_mar,Baseline Oct-Mar,2025-04,0.14566335344375905,0.14554652496596754,0.18499999999999991,164.06776556776555
nhsn,2025-2026,Mississippi,baseline_oct_mar,Baseline Oct-Mar,2025-05,0.1434135884628192,0.14310420984579073,0.18499999999999997,170.49999999999997
nhsn,2025-2026,Mississippi,baseline_oct_mar,Baseline Oct-Mar,2025-06,0.1456673438146935,0.14555155159448865,0.18499999999999991,164.99999999999997
nhsn,2025-2026,Mississippi,baseline_oct_mar,Baseline Oct-Mar,2025-07,0.14372349345759136,0.14351793489342946,0.18499999999999997,170.00732600732604
nhsn,2025-2026,Mississippi,baseline_oct_mar,Baseline Oct-Mar,2025-08,0.1466931701795857,0.14662714189774625,0.18499999999999997,169.3131868131868
nhsn,2025-2026,Mississippi,baseline_oct_mar,Baseline Oct-Mar,2025-09,0.14651840442890446,0.14661198434931844,0.18499999999999991,163.82967032967034
nhsn,2025-2026,Mississippi,baseline_oct_mar,Baseline Oct-Mar,2025-10,0.14837397722277723,0.1480291403094547,0.185,167.23076923076923
nhsn,2025-2026,Mississippi,baseline_oct_mar,Baseline Oct-Mar,2025-11,0.14717305014655785,0.14543040619540037,0.18499999999999997,157.58058608058607
nhsn,2025-2026,Mississippi,baseline_oct_mar,Baseline Oct-Mar,2025-12,0.14106542701719682,0.13680568665281903,0.185,144.24175824175825
nhsn,2025-2026,Mississippi,baseline_oct_mar,Baseline Oct-Mar,2026-01,0.12820095052208066,0.12227601014007305,0.185,99.84798534798536
nhsn,2025-2026,Mississippi,baseline_oct_mar,Baseline Oct-Mar,2026-02,0.11728926223087938,0.10304772514646722,0.185,45.96153846153847
nhsn,2025-2026,Mississippi,baseline_oct_mar,Baseline Oct-Mar,2026-03,0.06604548652202498,0.0627957690690098,0.12500891612903228,13.042124542124544
nhsn,2025-2026,Mississippi,baseline_oct_mar,Baseline Oct-Mar,2026-04,0.0,0.0,0.0,0.9322344322344321
nhsn,2025-2026,Mississippi,early_sep_mar,Early Sep-Mar,2025-01,0.0,0.0,0.0,70.65201465201467
nhsn,2025-2026,Mississippi,early_sep_mar,Early Sep-Mar,2025-02,0.0,0.027894962757885597,0.035216071428571416,108.03846153846155
nhsn,2025-2026,Mississippi,early_sep_mar,Early Sep-Mar,2025-03,0.14667368891065172,0.1437043269020108,0.1814790322580645,157.45787545787542
nhsn,2025-2026,Mississippi,early_sep_mar,Early Sep-Mar,2025-04,0.14560431615494426,0.14551028490397325,0.18499999999999991,164.06776556776555
nhsn,2025-2026,Mississippi,early_sep_mar,Early Sep-Mar,2025-05,0.14573028411215824,0.1457967553326206,0.18499999999999997,170.49999999999997
nhsn,2025-2026,Mississippi,early_sep_mar,Early Sep-Mar,2025-06,0.14560721081249753,0.14549011284661803,0.18499999999999991,164.99999999999997
nhsn,2025-2026,Mississippi,early_sep_mar,Early Sep-Mar,2025-07,0.14606126006400696,0.1461157711277681,0.18499999999999997,170.00732600732604
nhsn,2025-2026,Mississippi,early_sep_mar,Early Sep-Mar,2025-08,0.14622118482222005,0.14611091731987444,0.18499999999999997,169.3131868131868
nhsn,2025-2026,Mississippi,early_sep_mar,Early Sep-Mar,2025-09,0.14675714174323332,0.14685178829888398,0.18499999999999997,163.82967032967036
nhsn,2025-2026,Mississippi,early_sep_mar,Early Sep-Mar,2025-10,0.14837397722277723,0.1480291403094547,0.185,167.23076923076923
nhsn,2025-2026,Mississippi,early_sep_mar,Early Sep-Mar,2025-11,0.14717305014655785,0.14543040619540037,0.18499999999999997,157.58058608058607
nhsn,2025-2026,Mississippi,early_sep_mar,Early Sep-Mar,2025-12,0.14106542701719682,0.13680568665281903,0.185,144.24175824175825
nhsn,2025-2026,Mississippi,early_sep_mar,Early Sep-Mar,2026-01,0.12820095052208066,0.12227601014007305,0.185,99.84798534798536
nhsn,2025-2026,Mississippi,early_sep_mar,Early Sep-Mar,2026-02,0.11728926223087938,0.10304772514646722,0.185,45.96153846153847
nhsn,2025-2026,Mississippi,early_sep_mar,Early Sep-Mar,2026-03,0.06604548652202498,0.0627957690690098,0.12500891612903228,13.042124542124544
nhsn,2025-2026,Mississippi,early_sep_mar,Early Sep-Mar,2026-04,0.0,0.0,0.0,0.9322344322344321
nhsn,2025-2026,Mississippi,extended_sep_apr,Extended Sep-Apr,2025-01,0.0,0.0,0.0,70.65201465201467
nhsn,2025-2026,Mississippi,extended_sep_apr,Extended Sep-Apr,2025-02,0.0,0.027894962757885597,0.035216071428571416,108.03846153846155
nhsn,2025-2026,Mississippi,extended_sep_apr,Extended Sep-Apr,2025-03,0.14667368891065172,0.1437043269020108,0.1814790322580645,157.45787545787542
nhsn,2025-2026,Mississippi,extended_sep_apr,Extended Sep-Apr,2025-04,0.14560431615494426,0.14551028490397325,0.18499999999999991,164.06776556776555
nhsn,2025-2026,Mississippi,extended_sep_apr,Extended Sep-Apr,2025-05,0.14573028411215824,0.1457967553326206,0.18499999999999997,170.49999999999997
nhsn,2025-2026,Mississippi,extended_sep_apr,Extended Sep-Apr,2025-06,0.14560721081249753,0.14549011284661803,0.18499999999999991,164.99999999999997
nhsn,2025-2026,Mississippi,extended_sep_apr,Extended Sep-Apr,2025-07,0.14606126006400696,0.1461157711277681,0.18499999999999997,170.00732600732604
nhsn,2025-2026,Mississippi,extended_sep_apr,Extended Sep-Apr,2025-08,0.14622118482222005,0.14611091731987444,0.18499999999999997,169.3131868131868
nhsn,2025-2026,Mississippi,extended_sep_apr,Extended Sep-Apr,2025-09,0.14675714174323332,0.14685178829888398,0.18499999999999997,163.82967032967036
nhsn,2025-2026,Mississippi,extended_sep_apr,Extended Sep-Apr,2025-10,0.14837397722277723,0.1480291403094547,0.185,167.23076923076923
nhsn,2025-2026,Mississippi,extended_sep_apr,Extended Sep-Apr,2025-11,0.14717305014655785,0.14543040619540037,0.18499999999999997,157.58058608058607
nhsn,2025-2026,Mississippi,extended_sep_apr,Extended Sep-Apr,2025-12,0.14106542701719682,0.13680568665281903,0.185,144.24175824175825
nhsn,2025-2026,Mississippi,extended_sep_apr,Extended Sep-Apr,2026-01,0.12820095052208066,0.12227601014007305,0.185,99.84798534798536
nhsn,2025-2026,Mississippi,extended_sep_apr,Extended Sep-Apr,2026-02,0.11728926223087938,0.10304772514646722,0.185,45.96153846153847
nhsn,2025-2026,Mississippi,extended_sep_apr,Extended Sep-Apr,2026-03,0.06718346153846154,0.07276367481919457,0.185,13.042124542124544
nhsn,2025-2026,Mississippi,extended_sep_apr,Extended Sep-Apr,2026-04,0.01443,0.04699642101377015,0.13351405600000002,0.9322344322344323
nhsn,2025-2026,Mississippi,late_oct_apr,Late Oct-Apr,2025-01,0.0,0.0,0.0,70.65201465201467
nhsn,2025-2026,Mississippi,late_oct_apr,Late Oct-Apr,2025-02,0.0,0.0,0.0,108.03846153846155
nhsn,2025-2026,Mississippi,late_oct_apr,Late Oct-Apr,2025-03,0.0,0.026937373940389222,0.03425483870967742,157.45787545787542
nhsn,2025-2026,Mississippi,late_oct_apr,Late Oct-Apr,2025-04,0.14566335344375905,0.14554652496596754,0.18499999999999991,164.06776556776555
nhsn,2025-2026,Mississippi,late_oct_apr,Late Oct-Apr,2025-05,0.1434135884628192,0.14310420984579073,0.18499999999999997,170.49999999999997
nhsn,2025-2026,Mississippi,late_oct_apr,Late Oct-Apr,2025-06,0.1456673438146935,0.14555155159448865,0.18499999999999991,164.99999999999997
nhsn,2025-2026,Mississippi,late_oct_apr,Late Oct-Apr,2025-07,0.14372349345759136,0.14351793489342946,0.18499999999999997,170.00732600732604
nhsn,2025-2026,Mississippi,late_oct_apr,Late Oct-Apr,2025-08,0.1466931701795857,0.14662714189774625,0.18499999999999997,169.3131868131868
nhsn,2025-2026,Mississippi,late_oct_apr,Late Oct-Apr,2025-09,0.14651840442890446,0.14661198434931844,0.18499999999999991,163.82967032967034
nhsn,2025-2026,Mississippi,late_oct_apr,Late Oct-Apr,2025-10,0.14837397722277723,0.1480291403094547,0.185,167.23076923076923
nhsn,2025-2026,Mississippi,late_oct_apr,Late Oct-Apr,2025-11,0.14717305014655785,0.14543040619540037,0.18499999999999997,157.58058608058607
nhsn,2025-2026,Mississippi,late_oct_apr,Late Oct-Apr,2025-12,0.14106542701719682,0.13680568665281903,0.185,144.24175824175825
nhsn,2025-2026,Mississippi,late_oct_apr,Late Oct-Apr,2026-01,0.12820095052208066,0.12227601014007305,0.185,99.84798534798536
nhsn,2025-2026,Mississippi,late_oct_apr,Late Oct-Apr,2026-02,0.11728926223087938,0.10304772514646722,0.185,45.96153846153847
nhsn,2025-2026,Mississippi,late_oct_apr,Late Oct-Apr,2026-03,0.06718346153846154,0.07276367481919457,0.185,13.042124542124544
nhsn,2025-2026,Mississippi,late_oct_apr,Late Oct-Apr,2026-04,0.01443,0.04699642101377015,0.13351405600000002,0.9322344322344323
nhsn,2025-2026,Missouri,baseline_oct_mar,Baseline Oct-Mar,2025-01,0.0,0.0,0.0,80.17765567765568
nhsn,2025-2026,Missouri,baseline_oct_mar,Baseline Oct-Mar,2025-02,0.0,0.0,0.0,134.71794871794873
nhsn,2025-2026,Missouri,baseline_oct_mar,Baseline Oct-Mar,2025-03,0.0,0.026859798608364405,0.03425483870967742,215.52380952380952
nhsn,2025-2026,Missouri,baseline_oct_mar,Baseline Oct-Mar,2025-04,0.14456394464320385,0.14453506318051085,0.18499999999999991,245.61172161172163
nhsn,2025-2026,Missouri,baseline_oct_mar,Baseline Oct-Mar,2025-05,0.14309543052505982,0.14350341950299644,0.18499999999999997,258.21978021978026
nhsn,2025-2026,Missouri,baseline_oct_mar,Baseline Oct-Mar,2025-06,0.14463210601140286,0.14456185388223364,0.18499999999999991,249.8901098901099
nhsn,2025-2026,Missouri,baseline_oct_mar,Baseline Oct-Mar,2025-07,0.14358411123391246,0.14391878289068616,0.18499999999999997,257.4761904761905
nhsn,2025-2026,Missouri,baseline_oct_mar,Baseline Oct-Mar,2025-08,0.14603610406389878,0.1460792891687527,0.18499999999999997,256.05128205128204
nhsn,2025-2026,Missouri,baseline_oct_mar,Baseline Oct-Mar,2025-09,0.1466937809422304,0.1467836400339121,0.18499999999999991,247.1355311355311
nhsn,2025-2026,Missouri,baseline_oct_mar,Baseline Oct-Mar,2025-10,0.14757575092866135,0.147445233170887,0.185,252.7197802197802
nhsn,2025-2026,Missouri,baseline_oct_mar,Baseline Oct-Mar,2025-11,0.14842591436781155,0.14766691524141184,0.18499999999999997,239.72161172161174
nhsn,2025-2026,Missouri,baseline_oct_mar,Baseline Oct-Mar,2025-12,0.14324681776256531,0.1397398787543926,0.185,231.76556776556777
nhsn,2025-2026,Missouri,baseline_oct_mar,Baseline Oct-Mar,2026-01,0.1351044647563492,0.13018958592765176,0.185,178.04212454212455
nhsn,2025-2026,Missouri,baseline_oct_mar,Baseline Oct-Mar,2026-02,0.11493797296737351,0.11275586686008456,0.185,98.51282051282053
nhsn,2025-2026,Missouri,baseline_oct_mar,Baseline Oct-Mar,2026-03,0.09287659278574534,0.07859516665718733,0.12500891612903228,42.6959706959707
nhsn,2025-2026,Missouri,baseline_oct_mar,Baseline Oct-Mar,2026-04,0.0,0.0,0.0,4.278388278388279
nhsn,2025-2026,Missouri,early_sep_mar,Early Sep-Mar,2025-01,0.0,0.0,0.0,80.17765567765568
nhsn,2025-2026,Missouri,early_sep_mar,Early Sep-Mar,2025-02,0.0,0.027685088992159098,0.035216071428571416,134.71794871794873
nhsn,2025-2026,Missouri,early_sep_mar,Early Sep-Mar,2025-03,0.14575824832377182,0.1428787925098298,0.1814790322580645,215.52380952380952
nhsn,2025-2026,Missouri,early_sep_mar,Early Sep-Mar,2025-04,0.14456394464320385,0.1438884742152022,0.18499999999999991,245.61172161172163
nhsn,2025-2026,Missouri,early_sep_mar,Early Sep-Mar,2025-05,0.1448180925051202,0.14368708442860234,0.18499999999999997,258.21978021978026
nhsn,2025-2026,Missouri,early_sep_mar,Early Sep-Mar,2025-06,0.14463210601140286,0.14386680511539024,0.18499999999999991,249.8901098901099
nhsn,2025-2026,Missouri,early_sep_mar,Early Sep-Mar,2025-07,0.14397283391646942,0.1431508810972561,0.18499999999999997,257.4761904761905
nhsn,2025-2026,Missouri,early_sep_mar,Early Sep-Mar,2025-08,0.14231544942926436,0.1417292655664627,0.18499999999999997,256.05128205128204
nhsn,2025-2026,Missouri,early_sep_mar,Early Sep-Mar,2025-09,0.1465162488274965,0.14568593930069054,0.18499999999999997,247.13553113553115
nhsn,2025-2026,Missouri,early_sep_mar,Early Sep-Mar,2025-10,0.14757575092866135,0.147445233170887,0.185,252.7197802197802
nhsn,2025-2026,Missouri,early_sep_mar,Early Sep-Mar,2025-11,0.14842591436781155,0.14766691524141184,0.18499999999999997,239.72161172161174
nhsn,2025-2026,Missouri,early_sep_mar,Early Sep-Mar,2025-12,0.14324681776256531,0.1397398787543926,0.185,231.76556776556777
nhsn,2025-2026,Missouri,early_sep_mar,Early Sep-Mar,2026-01,0.1351044647563492,0.13018958592765176,0.185,178.04212454212455
nhsn,2025-2026,Missouri,early_sep_mar,Early Sep-Mar,2026-02,0.11493797296737351,0.11275586686008456,0.185,98.51282051282053
nhsn,2025-2026,Missouri,early_sep_mar,Early Sep-Mar,2026-03,0.09287659278574534,0.07859516665718733,0.12500891612903228,42.6959706959707
nhsn,2025-2026,Missouri,early_sep_mar,Early Sep-Mar,2026-04,0.0,0.0,0.0,4.278388278388279
nhsn,2025-2026,Missouri,extended_sep_apr,Extended Sep-Apr,2025-01,0.0,0.0,0.0,80.17765567765568
nhsn,2025-2026,Missouri,extended_sep_apr,Extended Sep-Apr,2025-02,0.0,0.027685088992159098,0.035216071428571416,134.71794871794873
nhsn,2025-2026,Missouri,extended_sep_apr,Extended Sep-Apr,2025-03,0.14575824832377182,0.1428787925098298,0.1814790322580645,215.52380952380952
nhsn,2025-2026,Missouri,extended_sep_apr,Extended Sep-Apr,2025-04,0.14456394464320385,0.1438884742152022,0.18499999999999991,245.61172161172163
nhsn,2025-2026,Missouri,extended_sep_apr,Extended Sep-Apr,2025-05,0.1448180925051202,0.14368708442860234,0.18499999999999997,258.21978021978026
nhsn,2025-2026,Missouri,extended_sep_apr,Extended Sep-Apr,2025-06,0.14463210601140286,0.14386680511539024,0.18499999999999991,249.8901098901099
nhsn,2025-2026,Missouri,extended_sep_apr,Extended Sep-Apr,2025-07,0.14397283391646942,0.1431508810972561,0.18499999999999997,257.4761904761905
nhsn,2025-2026,Missouri,extended_sep_apr,Extended Sep-Apr,2025-08,0.14231544942926436,0.1417292655664627,0.18499999999999997,256.05128205128204
nhsn,2025-2026,Missouri,extended_sep_apr,Extended Sep-Apr,2025-09,0.1465162488274965,0.14568593930069054,0.18499999999999997,247.13553113553115
nhsn,2025-2026,Missouri,extended_sep_apr,Extended Sep-Apr,2025-10,0.14757575092866135,0.147445233170887,0.185,252.7197802197802
nhsn,2025-2026,Missouri,extended_sep_apr,Extended Sep-Apr,2025-11,0.14842591436781155,0.14766691524141184,0.18499999999999997,239.72161172161174
nhsn,2025-2026,Missouri,extended_sep_apr,Extended Sep-Apr,2025-12,0.14324681776256531,0.1397398787543926,0.185,231.76556776556777
nhsn,2025-2026,Missouri,extended_sep_apr,Extended Sep-Apr,2026-01,0.1351044647563492,0.13018958592765176,0.185,178.04212454212455
nhsn,2025-2026,Missouri,extended_sep_apr,Extended Sep-Apr,2026-02,0.11493797296737351,0.11275586686008456,0.185,98.51282051282053
nhsn,2025-2026,Missouri,extended_sep_apr,Extended Sep-Apr,2026-03,0.09287659278574534,0.08637865836814725,0.185,42.6959706959707
nhsn,2025-2026,Missouri,extended_sep_apr,Extended Sep-Apr,2026-04,0.011806363636363636,0.039264151506529246,0.13351405600000002,4.278388278388279
nhsn,2025-2026,Missouri,late_oct_apr,Late Oct-Apr,2025-01,0.0,0.0,0.0,80.17765567765568
nhsn,2025-2026,Missouri,late_oct_apr,Late Oct-Apr,2025-02,0.0,0.0,0.0,134.71794871794873
nhsn,2025-2026,Missouri,late_oct_apr,Late Oct-Apr,2025-03,0.0,0.026859798608364405,0.03425483870967742,215.52380952380952
nhsn,2025-2026,Missouri,late_oct_apr,Late Oct-Apr,2025-04,0.14456394464320385,0.14453506318051085,0.18499999999999991,245.61172161172163
nhsn,2025-2026,Missouri,late_oct_apr,Late Oct-Apr,2025-05,0.14309543052505982,0.14350341950299644,0.18499999999999997,258.21978021978026
nhsn,2025-2026,Missouri,late_oct_apr,Late Oct-Apr,2025-06,0.14463210601140286,0.14456185388223364,0.18499999999999991,249.8901098901099
nhsn,2025-2026,Missouri,late_oct_apr,Late Oct-Apr,2025-07,0.14358411123391246,0.14391878289068616,0.18499999999999997,257.4761904761905
nhsn,2025-2026,Missouri,late_oct_apr,Late Oct-Apr,2025-08,0.14603610406389878,0.1460792891687527,0.18499999999999997,256.05128205128204
nhsn,2025-2026,Missouri,late_oct_apr,Late Oct-Apr,2025-09,0.1466937809422304,0.1467836400339121,0.18499999999999991,247.1355311355311
nhsn,2025-2026,Missouri,late_oct_apr,Late Oct-Apr,2025-10,0.14757575092866135,0.147445233170887,0.185,252.7197802197802
nhsn,2025-2026,Missouri,late_oct_apr,Late Oct-Apr,2025-11,0.14842591436781155,0.14766691524141184,0.18499999999999997,239.72161172161174
nhsn,2025-2026,Missouri,late_oct_apr,Late Oct-Apr,2025-12,0.14324681776256531,0.1397398787543926,0.185,231.76556776556777
nhsn,2025-2026,Missouri,late_oct_apr,Late Oct-Apr,2026-01,0.1351044647563492,0.13018958592765176,0.185,178.04212454212455
nhsn,2025-2026,Missouri,late_oct_apr,Late Oct-Apr,2026-02,0.11493797296737351,0.11275586686008456,0.185,98.51282051282053
nhsn,2025-2026,Missouri,late_oct_apr,Late Oct-Apr,2026-03,0.09287659278574534,0.08637865836814725,0.185,42.6959706959707
nhsn,2025-2026,Missouri,late_oct_apr,Late Oct-Apr,2026-04,0.011806363636363636,0.039264151506529246,0.13351405600000002,4.278388278388279
nhsn,2025-2026,Montana,baseline_oct_mar,Baseline Oct-Mar,2025-01,0.0,0.0,0.0,6.029304029304031
nhsn,2025-2026,Montana,baseline_oct_mar,Baseline Oct-Mar,2025-02,0.0,0.0,0.0,12.064102564102566
nhsn,2025-2026,Montana,baseline_oct_mar,Baseline Oct-Mar,2025-03,0.0,0.027273076934799877,0.03425483870967742,37.456043956043956
nhsn,2025-2026,Montana,baseline_oct_mar,Baseline Oct-Mar,2025-04,0.1458385729517396,0.14616637686473336,0.18499999999999991,58.05677655677657
nhsn,2025-2026,Montana,baseline_oct_mar,Baseline Oct-Mar,2025-05,0.1468055061481728,0.14673034679743988,0.18499999999999997,64.3846153846154
nhsn,2025-2026,Montana,baseline_oct_mar,Baseline Oct-Mar,2025-06,0.1458385729517396,0.14616729739101228,0.18499999999999991,62.30769230769232
nhsn,2025-2026,Montana,baseline_oct_mar,Baseline Oct-Mar,2025-07,0.14680550614817284,0.1467303467974399,0.18499999999999997,64.3846153846154
nhsn,2025-2026,Montana,baseline_oct_mar,Baseline Oct-Mar,2025-08,0.14586581105931107,0.14632724589528354,0.18499999999999997,64.3846153846154
nhsn,2025-2026,Montana,baseline_oct_mar,Baseline Oct-Mar,2025-09,0.14731031399464734,0.14683561960556007,0.18499999999999991,62.30769230769232
nhsn,2025-2026,Montana,baseline_oct_mar,Baseline Oct-Mar,2025-10,0.14736528852628855,0.14714344516401168,0.185,63.97435897435897
nhsn,2025-2026,Montana,baseline_oct_mar,Baseline Oct-Mar,2025-11,0.14843005869755244,0.1478820682831666,0.18499999999999997,61.53846153846155
nhsn,2025-2026,Montana,baseline_oct_mar,Baseline Oct-Mar,2025-12,0.1467138388253327,0.1458641290284572,0.185,61.952380952380956
nhsn,2025-2026,Montana,baseline_oct_mar,Baseline Oct-Mar,2026-01,0.14895588411779243,0.14615219994901713,0.185,58.35531135531136
nhsn,2025-2026,Montana,baseline_oct_mar,Baseline Oct-Mar,2026-02,0.14253989818326004,0.12943829623221817,0.185,46.08974358974359
nhsn,2025-2026,Montana,baseline_oct_mar,Baseline Oct-Mar,2026-03,0.10326546236411176,0.08179544511259379,0.12500891612903228,26.92857142857143
nhsn,2025-2026,Montana,baseline_oct_mar,Baseline Oct-Mar,2026-04,0.0,0.0,0.0,4.250915750915751
nhsn,2025-2026,Montana,early_sep_mar,Early Sep-Mar,2025-01,0.0,0.0,0.0,6.029304029304031
nhsn,2025-2026,Montana,early_sep_mar,Early Sep-Mar,2025-02,0.0,0.02811974390235698,0.035216071428571416,12.064102564102566
nhsn,2025-2026,Montana,early_sep_mar,Early Sep-Mar,2025-03,0.14739390068543604,0.14462490885670934,0.1814790322580645,37.456043956043956
nhsn,2025-2026,Montana,early_sep_mar,Early Sep-Mar,2025-04,0.14570590228388633,0.14229526066418066,0.18499999999999991,58.05677655677657
nhsn,2025-2026,Montana,early_sep_mar,Early Sep-Mar,2025-05,0.144333506993007,0.13919536689649262,0.18499999999999997,64.3846153846154
nhsn,2025-2026,Montana,early_sep_mar,Early Sep-Mar,2025-06,0.1457348386983387,0.14213191600750277,0.18499999999999991,62.30769230769232
nhsn,2025-2026,Montana,early_sep_mar,Early Sep-Mar,2025-07,0.1384072791776125,0.13514014808059924,0.18499999999999997,64.3846153846154
nhsn,2025-2026,Montana,early_sep_mar,Early Sep-Mar,2025-08,0.1250734705171372,0.12722404950871807,0.18499999999999997,64.3846153846154
nhsn,2025-2026,Montana,early_sep_mar,Early Sep-Mar,2025-09,0.1456033169114836,0.14091276525490115,0.18499999999999997,62.3076923076923
nhsn,2025-2026,Montana,early_sep_mar,Early Sep-Mar,2025-10,0.14736528852628855,0.14714344516401168,0.185,63.97435897435897
nhsn,2025-2026,Montana,early_sep_mar,Early Sep-Mar,2025-11,0.14843005869755244,0.1478820682831666,0.18499999999999997,61.53846153846155
nhsn,2025-2026,Montana,early_sep_mar,Early Sep-Mar,2025-12,0.1467138388253327,0.1458641290284572,0.185,61.952380952380956
nhsn,2025-2026,Montana,early_sep_mar,Early Sep-Mar,2026-01,0.14895588411779243,0.14615219994901713,0.185,58.35531135531136
nhsn,2025-2026,Montana,early_sep_mar,Early Sep-Mar,2026-02,0.14253989818326004,0.12943829623221817,0.185,46.08974358974359
nhsn,2025-2026,Montana,early_sep_mar,Early Sep-Mar,2026-03,0.10326546236411176,0.08179544511259379,0.12500891612903228,26.92857142857143
nhsn,2025-2026,Montana,early_sep_mar,Early Sep-Mar,2026-04,0.0,0.0,0.0,4.250915750915751
nhsn,2025-2026,Montana,extended_sep_apr,Extended Sep-Apr,2025-01,0.0,0.0,0.0,6.029304029304031
nhsn,2025-2026,Montana,extended_sep_apr,Extended Sep-Apr,2025-02,0.0,0.02811974390235698,0.035216071428571416,12.064102564102566
nhsn,2025-2026,Montana,extended_sep_apr,Extended Sep-Apr,2025-03,0.14739390068543604,0.14462490885670934,0.1814790322580645,37.456043956043956
nhsn,2025-2026,Montana,extended_sep_apr,Extended Sep-Apr,2025-04,0.14570590228388633,0.14229526066418066,0.18499999999999991,58.05677655677657
nhsn,2025-2026,Montana,extended_sep_apr,Extended Sep-Apr,2025-05,0.144333506993007,0.13919536689649262,0.18499999999999997,64.3846153846154
nhsn,2025-2026,Montana,extended_sep_apr,Extended Sep-Apr,2025-06,0.1457348386983387,0.14213191600750277,0.18499999999999991,62.30769230769232
nhsn,2025-2026,Montana,extended_sep_apr,Extended Sep-Apr,2025-07,0.1384072791776125,0.13514014808059924,0.18499999999999997,64.3846153846154
nhsn,2025-2026,Montana,extended_sep_apr,Extended Sep-Apr,2025-08,0.1250734705171372,0.12722404950871807,0.18499999999999997,64.3846153846154
nhsn,2025-2026,Montana,extended_sep_apr,Extended Sep-Apr,2025-09,0.1456033169114836,0.14091276525490115,0.18499999999999997,62.3076923076923
nhsn,2025-2026,Montana,extended_sep_apr,Extended Sep-Apr,2025-10,0.14736528852628855,0.14714344516401168,0.185,63.97435897435897
nhsn,2025-2026,Montana,extended_sep_apr,Extended Sep-Apr,2025-11,0.14843005869755244,0.1478820682831666,0.18499999999999997,61.53846153846155
nhsn,2025-2026,Montana,extended_sep_apr,Extended Sep-Apr,2025-12,0.1467138388253327,0.1458641290284572,0.185,61.952380952380956
nhsn,2025-2026,Montana,extended_sep_apr,Extended Sep-Apr,2026-01,0.14895588411779243,0.14615219994901713,0.185,58.35531135531136
nhsn,2025-2026,Montana,extended_sep_apr,Extended Sep-Apr,2026-02,0.14253989818326004,0.12943829623221817,0.185,46.08974358974359
nhsn,2025-2026,Montana,extended_sep_apr,Extended Sep-Apr,2026-03,0.10345386980333583,0.09439279587755929,0.185,26.92857142857143
nhsn,2025-2026,Montana,extended_sep_apr,Extended Sep-Apr,2026-04,0.009989999999999999,0.03935905861862847,0.13351405600000002,4.250915750915751
nhsn,2025-2026,Montana,late_oct_apr,Late Oct-Apr,2025-01,0.0,0.0,0.0,6.029304029304031
nhsn,2025-2026,Montana,late_oct_apr,Late Oct-Apr,2025-02,0.0,0.0,0.0,12.064102564102566
nhsn,2025-2026,Montana,late_oct_apr,Late Oct-Apr,2025-03,0.0,0.027273076934799877,0.03425483870967742,37.456043956043956
nhsn,2025-2026,Montana,late_oct_apr,Late Oct-Apr,2025-04,0.1458385729517396,0.14616637686473336,0.18499999999999991,58.05677655677657
nhsn,2025-2026,Montana,late_oct_apr,Late Oct-Apr,2025-05,0.1468055061481728,0.14673034679743988,0.18499999999999997,64.3846153846154
nhsn,2025-2026,Montana,late_oct_apr,Late Oct-Apr,2025-06,0.1458385729517396,0.14616729739101228,0.18499999999999991,62.30769230769232
nhsn,2025-2026,Montana,late_oct_apr,Late Oct-Apr,2025-07,0.14680550614817284,0.1467303467974399,0.18499999999999997,64.3846153846154
nhsn,2025-2026,Montana,late_oct_apr,Late Oct-Apr,2025-08,0.14586581105931107,0.14632724589528354,0.18499999999999997,64.3846153846154
nhsn,2025-2026,Montana,late_oct_apr,Late Oct-Apr,2025-09,0.14731031399464734,0.14683561960556007,0.18499999999999991,62.30769230769232
nhsn,2025-2026,Montana,late_oct_apr,Late Oct-Apr,2025-10,0.14736528852628855,0.14714344516401168,0.185,63.97435897435897
nhsn,2025-2026,Montana,late_oct_apr,Late Oct-Apr,2025-11,0.14843005869755244,0.1478820682831666,0.18499999999999997,61.53846153846155
nhsn,2025-2026,Montana,late_oct_apr,Late Oct-Apr,2025-12,0.1467138388253327,0.1458641290284572,0.185,61.952380952380956
nhsn,2025-2026,Montana,late_oct_apr,Late Oct-Apr,2026-01,0.14895588411779243,0.14615219994901713,0.185,58.35531135531136
nhsn,2025-2026,Montana,late_oct_apr,Late Oct-Apr,2026-02,0.14253989818326004,0.12943829623221817,0.185,46.08974358974359
nhsn,2025-2026,Montana,late_oct_apr,Late Oct-Apr,2026-03,0.10345386980333583,0.09439279587755929,0.185,26.92857142857143
nhsn,2025-2026,Montana,late_oct_apr,Late Oct-Apr,2026-04,0.009989999999999999,0.03935905861862847,0.13351405600000002,4.250915750915751
nhsn,2025-2026,Nebraska,baseline_oct_mar,Baseline Oct-Mar,2025-01,0.0,0.0,0.0,19.012820512820515
nhsn,2025-2026,Nebraska,baseline_oct_mar,Baseline Oct-Mar,2025-02,0.0,0.0,0.0,37.794871794871796
nhsn,2025-2026,Nebraska,baseline_oct_mar,Baseline Oct-Mar,2025-03,0.0,0.026481495623822203,0.03425483870967742,91.15201465201463
nhsn,2025-2026,Nebraska,baseline_oct_mar,Baseline Oct-Mar,2025-04,0.1428094985627276,0.14276141619406685,0.18499999999999991,113.23260073260072
nhsn,2025-2026,Nebraska,baseline_oct_mar,Baseline Oct-Mar,2025-05,0.14149545747156073,0.1419743525858813,0.18499999999999997,123.20512820512816
nhsn,2025-2026,Nebraska,baseline_oct_mar,Baseline Oct-Mar,2025-06,0.14290771972543584,0.1429366641724222,0.18499999999999991,119.23076923076918
nhsn,2025-2026,Nebraska,baseline_oct_mar,Baseline Oct-Mar,2025-07,0.1419246803617095,0.14219704304261857,0.18499999999999997,123.01282051282053
nhsn,2025-2026,Nebraska,baseline_oct_mar,Baseline Oct-Mar,2025-08,0.1454431034122347,0.14505488568123487,0.18499999999999997,121.65384615384619
nhsn,2025-2026,Nebraska,baseline_oct_mar,Baseline Oct-Mar,2025-09,0.14669668223670768,0.14663583876423186,0.18499999999999991,116.66117216117215
nhsn,2025-2026,Nebraska,baseline_oct_mar,Baseline Oct-Mar,2025-10,0.14718220317082445,0.14709416417181,0.185,119.51831501831502
nhsn,2025-2026,Nebraska,baseline_oct_mar,Baseline Oct-Mar,2025-11,0.14792565871092764,0.1478801924624232,0.18499999999999997,113.84615384615385
nhsn,2025-2026,Nebraska,baseline_oct_mar,Baseline Oct-Mar,2025-12,0.14716505685870987,0.14576643935791736,0.185,114.7948717948718
nhsn,2025-2026,Nebraska,baseline_oct_mar,Baseline Oct-Mar,2026-01,0.14707230961195666,0.14234363171794048,0.185,104.19230769230771
nhsn,2025-2026,Nebraska,baseline_oct_mar,Baseline Oct-Mar,2026-02,0.12608904230976126,0.11660931733658216,0.185,73.4871794871795
nhsn,2025-2026,Nebraska,baseline_oct_mar,Baseline Oct-Mar,2026-03,0.08234077386468953,0.07595074644417463,0.12500891612903228,32.053113553113555
nhsn,2025-2026,Nebraska,baseline_oct_mar,Baseline Oct-Mar,2026-04,0.0,0.0,0.0,5.998168498168498
nhsn,2025-2026,Nebraska,early_sep_mar,Early Sep-Mar,2025-01,0.0,0.0,0.0,19.012820512820515
nhsn,2025-2026,Nebraska,early_sep_mar,Early Sep-Mar,2025-02,0.0,0.026730618071391696,0.035216071428571416,37.794871794871796
nhsn,2025-2026,Nebraska,early_sep_mar,Early Sep-Mar,2025-03,0.14295470399774612,0.14015803035885854,0.1814790322580645,91.15201465201463
nhsn,2025-2026,Nebraska,early_sep_mar,Early Sep-Mar,2025-04,0.1428094985627276,0.14110410595142697,0.18499999999999991,113.23260073260072
nhsn,2025-2026,Nebraska,early_sep_mar,Early Sep-Mar,2025-05,0.1382996154103961,0.13792937505753666,0.18499999999999997,123.20512820512816
nhsn,2025-2026,Nebraska,early_sep_mar,Early Sep-Mar,2025-06,0.14290771972543584,0.14090840297570922,0.18499999999999991,119.23076923076918
nhsn,2025-2026,Nebraska,early_sep_mar,Early Sep-Mar,2025-07,0.13538691611943,0.13589992139332643,0.18499999999999997,123.01282051282053
nhsn,2025-2026,Nebraska,early_sep_mar,Early Sep-Mar,2025-08,0.13300914401112124,0.1336746612158265,0.18499999999999997,121.65384615384619
nhsn,2025-2026,Nebraska,early_sep_mar,Early Sep-Mar,2025-09,0.144836788689858,0.14218327102729075,0.18499999999999997,116.66117216117216
nhsn,2025-2026,Nebraska,early_sep_mar,Early Sep-Mar,2025-10,0.14718220317082445,0.14709416417181,0.185,119.51831501831502
nhsn,2025-2026,Nebraska,early_sep_mar,Early Sep-Mar,2025-11,0.14792565871092764,0.1478801924624232,0.18499999999999997,113.84615384615385
nhsn,2025-2026,Nebraska,early_sep_mar,Early Sep-Mar,2025-12,0.14716505685870987,0.14576643935791736,0.185,114.7948717948718
nhsn,2025-2026,Nebraska,early_sep_mar,Early Sep-Mar,2026-01,0.14707230961195666,0.14234363171794048,0.185,104.19230769230771
nhsn,2025-2026,Nebraska,early_sep_mar,Early Sep-Mar,2026-02,0.12608904230976126,0.11660931733658216,0.185,73.4871794871795
nhsn,2025-2026,Nebraska,early_sep_mar,Early Sep-Mar,2026-03,0.08234077386468953,0.07595074644417463,0.12500891612903228,32.053113553113555
nhsn,2025-2026,Nebraska,early_sep_mar,Early Sep-Mar,2026-04,0.0,0.0,0.0,5.998168498168498
nhsn,2025-2026,Nebraska,extended_sep_apr,Extended Sep-Apr,2025-01,0.0,0.0,0.0,19.012820512820515
nhsn,2025-2026,Nebraska,extended_sep_apr,Extended Sep-Apr,2025-02,0.0,0.026730618071391696,0.035216071428571416,37.794871794871796
nhsn,2025-2026,Nebraska,extended_sep_apr,Extended Sep-Apr,2025-03,0.14295470399774612,0.14015803035885854,0.1814790322580645,91.15201465201463
nhsn,2025-2026,Nebraska,extended_sep_apr,Extended Sep-Apr,2025-04,0.1428094985627276,0.14110410595142697,0.18499999999999991,113.23260073260072
nhsn,2025-2026,Nebraska,extended_sep_apr,Extended Sep-Apr,2025-05,0.1382996154103961,0.13792937505753666,0.18499999999999997,123.20512820512816
nhsn,2025-2026,Nebraska,extended_sep_apr,Extended Sep-Apr,2025-06,0.14290771972543584,0.14090840297570922,0.18499999999999991,119.23076923076918
nhsn,2025-2026,Nebraska,extended_sep_apr,Extended Sep-Apr,2025-07,0.13538691611943,0.13589992139332643,0.18499999999999997,123.01282051282053
nhsn,2025-2026,Nebraska,extended_sep_apr,Extended Sep-Apr,2025-08,0.13300914401112124,0.1336746612158265,0.18499999999999997,121.65384615384619
nhsn,2025-2026,Nebraska,extended_sep_apr,Extended Sep-Apr,2025-09,0.144836788689858,0.14218327102729075,0.18499999999999997,116.66117216117216
nhsn,2025-2026,Nebraska,extended_sep_apr,Extended Sep-Apr,2025-10,0.14718220317082445,0.14709416417181,0.185,119.51831501831502
nhsn,2025-2026,Nebraska,extended_sep_apr,Extended Sep-Apr,2025-11,0.14792565871092764,0.1478801924624232,0.18499999999999997,113.84615384615385
nhsn,2025-2026,Nebraska,extended_sep_apr,Extended Sep-Apr,2025-12,0.14716505685870987,0.14576643935791736,0.185,114.7948717948718
nhsn,2025-2026,Nebraska,extended_sep_apr,Extended Sep-Apr,2026-01,0.14707230961195666,0.14234363171794048,0.185,104.19230769230771
nhsn,2025-2026,Nebraska,extended_sep_apr,Extended Sep-Apr,2026-02,0.12608904230976126,0.11660931733658216,0.185,73.4871794871795
nhsn,2025-2026,Nebraska,extended_sep_apr,Extended Sep-Apr,2026-03,0.09412784887678693,0.09403724312654041,0.185,32.053113553113555
nhsn,2025-2026,Nebraska,extended_sep_apr,Extended Sep-Apr,2026-04,0.019028571428571426,0.05280255787898859,0.13351405600000002,5.998168498168498
nhsn,2025-2026,Nebraska,late_oct_apr,Late Oct-Apr,2025-01,0.0,0.0,0.0,19.012820512820515
nhsn,2025-2026,Nebraska,late_oct_apr,Late Oct-Apr,2025-02,0.0,0.0,0.0,37.794871794871796
nhsn,2025-2026,Nebraska,late_oct_apr,Late Oct-Apr,2025-03,0.0,0.026481495623822203,0.03425483870967742,91.15201465201463
nhsn,2025-2026,Nebraska,late_oct_apr,Late Oct-Apr,2025-04,0.1428094985627276,0.14276141619406685,0.18499999999999991,113.23260073260072
nhsn,2025-2026,Nebraska,late_oct_apr,Late Oct-Apr,2025-05,0.14149545747156073,0.1419743525858813,0.18499999999999997,123.20512820512816
nhsn,2025-2026,Nebraska,late_oct_apr,Late Oct-Apr,2025-06,0.14290771972543584,0.1429366641724222,0.18499999999999991,119.23076923076918
nhsn,2025-2026,Nebraska,late_oct_apr,Late Oct-Apr,2025-07,0.1419246803617095,0.14219704304261857,0.18499999999999997,123.01282051282053
nhsn,2025-2026,Nebraska,late_oct_apr,Late Oct-Apr,2025-08,0.1454431034122347,0.14505488568123487,0.18499999999999997,121.65384615384619
nhsn,2025-2026,Nebraska,late_oct_apr,Late Oct-Apr,2025-09,0.14669668223670768,0.14663583876423186,0.18499999999999991,116.66117216117215
nhsn,2025-2026,Nebraska,late_oct_apr,Late Oct-Apr,2025-10,0.14718220317082445,0.14709416417181,0.185,119.51831501831502
nhsn,2025-2026,Nebraska,late_oct_apr,Late Oct-Apr,2025-11,0.14792565871092764,0.1478801924624232,0.18499999999999997,113.84615384615385
nhsn,2025-2026,Nebraska,late_oct_apr,Late Oct-Apr,2025-12,0.14716505685870987,0.14576643935791736,0.185,114.7948717948718
nhsn,2025-2026,Nebraska,late_oct_apr,Late Oct-Apr,2026-01,0.14707230961195666,0.14234363171794048,0.185,104.19230769230771
nhsn,2025-2026,Nebraska,late_oct_apr,Late Oct-Apr,2026-02,0.12608904230976126,0.11660931733658216,0.185,73.4871794871795
nhsn,2025-2026,Nebraska,late_oct_apr,Late Oct-Apr,2026-03,0.09412784887678693,0.09403724312654041,0.185,32.053113553113555
nhsn,2025-2026,Nebraska,late_oct_apr,Late Oct-Apr,2026-04,0.019028571428571426,0.05280255787898859,0.13351405600000002,5.998168498168498
nhsn,2025-2026,Nevada,baseline_oct_mar,Baseline Oct-Mar,2025-01,0.0,0.0,0.0,37.98901098901098
nhsn,2025-2026,Nevada,baseline_oct_mar,Baseline Oct-Mar,2025-02,0.0,0.0,0.0,84.88461538461539
nhsn,2025-2026,Nevada,baseline_oct_mar,Baseline Oct-Mar,2025-03,0.0,0.027149889090316816,0.03425483870967742,157.7710622710623
nhsn,2025-2026,Nevada,baseline_oct_mar,Baseline Oct-Mar,2025-04,0.14629054431347432,0.14628408987319114,0.18499999999999991,172.7032967032967
nhsn,2025-2026,Nevada,baseline_oct_mar,Baseline Oct-Mar,2025-05,0.14602358350819486,0.14600724846182908,0.18499999999999997,182.02564102564097
nhsn,2025-2026,Nevada,baseline_oct_mar,Baseline Oct-Mar,2025-06,0.14630120989272735,0.1462851017191171,0.18499999999999991,176.1538461538461
nhsn,2025-2026,Nevada,baseline_oct_mar,Baseline Oct-Mar,2025-07,0.14602358350819483,0.14600724846182908,0.18499999999999997,182.02564102564097
nhsn,2025-2026,Nevada,baseline_oct_mar,Baseline Oct-Mar,2025-08,0.1466057389924486,0.14656394585715993,0.18499999999999997,181.7948717948718
nhsn,2025-2026,Nevada,baseline_oct_mar,Baseline Oct-Mar,2025-09,0.14707808301595054,0.14711408408065618,0.18499999999999991,175.507326007326
nhsn,2025-2026,Nevada,baseline_oct_mar,Baseline Oct-Mar,2025-10,0.14771150195153684,0.1477094039739822,0.185,180.1813186813187
nhsn,2025-2026,Nevada,baseline_oct_mar,Baseline Oct-Mar,2025-11,0.1486102438050838,0.14734400251767557,0.18499999999999997,172.32417582417582
nhsn,2025-2026,Nevada,baseline_oct_mar,Baseline Oct-Mar,2025-12,0.14611792229236398,0.14420717881535378,0.185,168.2197802197802
nhsn,2025-2026,Nevada,baseline_oct_mar,Baseline Oct-Mar,2026-01,0.14304764267161413,0.13295070917442428,0.185,144.03663003663002
nhsn,2025-2026,Nevada,baseline_oct_mar,Baseline Oct-Mar,2026-02,0.10781271904899226,0.10349194964644517,0.185,79.52564102564102
nhsn,2025-2026,Nevada,baseline_oct_mar,Baseline Oct-Mar,2026-03,0.07285406127770534,0.07079804395667809,0.12500891612903228,24.254578754578755
nhsn,2025-2026,Nevada,baseline_oct_mar,Baseline Oct-Mar,2026-04,0.0,0.0,0.0,3.4505494505494503
nhsn,2025-2026,Nevada,early_sep_mar,Early Sep-Mar,2025-01,0.0,0.0,0.0,37.98901098901098
nhsn,2025-2026,Nevada,early_sep_mar,Early Sep-Mar,2025-02,0.0,0.027949187455937392,0.035216071428571416,84.88461538461539
nhsn,2025-2026,Nevada,early_sep_mar,Early Sep-Mar,2025-03,0.14682786394045969,0.1440147129542417,0.1814790322580645,157.7710622710623
nhsn,2025-2026,Nevada,early_sep_mar,Early Sep-Mar,2025-04,0.14629054431347432,0.14562997913509118,0.18499999999999991,172.7032967032967
nhsn,2025-2026,Nevada,early_sep_mar,Early Sep-Mar,2025-05,0.14430920508748893,0.14444401248333724,0.18499999999999997,182.02564102564097
nhsn,2025-2026,Nevada,early_sep_mar,Early Sep-Mar,2025-06,0.14630120989272735,0.14545890992852414,0.18499999999999991,176.1538461538461
nhsn,2025-2026,Nevada,early_sep_mar,Early Sep-Mar,2025-07,0.14371694699187276,0.14355119253645848,0.18499999999999997,182.02564102564097
nhsn,2025-2026,Nevada,early_sep_mar,Early Sep-Mar,2025-08,0.14185264923722565,0.14225288137950554,0.18499999999999997,181.7948717948718
nhsn,2025-2026,Nevada,early_sep_mar,Early Sep-Mar,2025-09,0.14646101120809016,0.14543642368613197,0.18499999999999997,175.507326007326
nhsn,2025-2026,Nevada,early_sep_mar,Early Sep-Mar,2025-10,0.14771150195153684,0.1477094039739822,0.185,180.1813186813187
nhsn,2025-2026,Nevada,early_sep_mar,Early Sep-Mar,2025-11,0.1486102438050838,0.14734400251767557,0.18499999999999997,172.32417582417582
nhsn,2025-2026,Nevada,early_sep_mar,Early Sep-Mar,2025-12,0.14611792229236398,0.14420717881535378,0.185,168.2197802197802
nhsn,2025-2026,Nevada,early_sep_mar,Early Sep-Mar,2026-01,0.14304764267161413,0.13295070917442428,0.185,144.03663003663002
nhsn,2025-2026,Nevada,early_sep_mar,Early Sep-Mar,2026-02,0.10781271904899226,0.10349194964644517,0.185,79.52564102564102
nhsn,2025-2026,Nevada,early_sep_mar,Early Sep-Mar,2026-03,0.07285406127770534,0.07079804395667809,0.12500891612903228,24.254578754578755
nhsn,2025-2026,Nevada,early_sep_mar,Early Sep-Mar,2026-04,0.0,0.0,0.0,3.4505494505494503
nhsn,2025-2026,Nevada,extended_sep_apr,Extended Sep-Apr,2025-01,0.0,0.0,0.0,37.98901098901098
nhsn,2025-2026,Nevada,extended_sep_apr,Extended Sep-Apr,2025-02,0.0,0.027949187455937392,0.035216071428571416,84.88461538461539
nhsn,2025-2026,Nevada,extended_sep_apr,Extended Sep-Apr,2025-03,0.14682786394045969,0.1440147129542417,0.1814790322580645,157.7710622710623
nhsn,2025-2026,Nevada,extended_sep_apr,Extended Sep-Apr,2025-04,0.14629054431347432,0.14562997913509118,0.18499999999999991,172.7032967032967
nhsn,2025-2026,Nevada,extended_sep_apr,Extended Sep-Apr,2025-05,0.14430920508748893,0.14444401248333724,0.18499999999999997,182.02564102564097
nhsn,2025-2026,Nevada,extended_sep_apr,Extended Sep-Apr,2025-06,0.14630120989272735,0.14545890992852414,0.18499999999999991,176.1538461538461
nhsn,2025-2026,Nevada,extended_sep_apr,Extended Sep-Apr,2025-07,0.14371694699187276,0.14355119253645848,0.18499999999999997,182.02564102564097
nhsn,2025-2026,Nevada,extended_sep_apr,Extended Sep-Apr,2025-08,0.14185264923722565,0.14225288137950554,0.18499999999999997,181.7948717948718
nhsn,2025-2026,Nevada,extended_sep_apr,Extended Sep-Apr,2025-09,0.14646101120809016,0.14543642368613197,0.18499999999999997,175.507326007326
nhsn,2025-2026,Nevada,extended_sep_apr,Extended Sep-Apr,2025-10,0.14771150195153684,0.1477094039739822,0.185,180.1813186813187
nhsn,2025-2026,Nevada,extended_sep_apr,Extended Sep-Apr,2025-11,0.1486102438050838,0.14734400251767557,0.18499999999999997,172.32417582417582
nhsn,2025-2026,Nevada,extended_sep_apr,Extended Sep-Apr,2025-12,0.14611792229236398,0.14420717881535378,0.185,168.2197802197802
nhsn,2025-2026,Nevada,extended_sep_apr,Extended Sep-Apr,2026-01,0.14304764267161413,0.13295070917442428,0.185,144.03663003663002
nhsn,2025-2026,Nevada,extended_sep_apr,Extended Sep-Apr,2026-02,0.10781271904899226,0.10349194964644517,0.185,79.52564102564102
nhsn,2025-2026,Nevada,extended_sep_apr,Extended Sep-Apr,2026-03,0.08301159464131376,0.08643650314454004,0.185,24.254578754578755
nhsn,2025-2026,Nevada,extended_sep_apr,Extended Sep-Apr,2026-04,0.02198857142857143,0.053842792667832616,0.13351405600000002,3.4505494505494507
nhsn,2025-2026,Nevada,late_oct_apr,Late Oct-Apr,2025-01,0.0,0.0,0.0,37.98901098901098
nhsn,2025-2026,Nevada,late_oct_apr,Late Oct-Apr,2025-02,0.0,0.0,0.0,84.88461538461539
nhsn,2025-2026,Nevada,late_oct_apr,Late Oct-Apr,2025-03,0.0,0.027149889090316816,0.03425483870967742,157.7710622710623
nhsn,2025-2026,Nevada,late_oct_apr,Late Oct-Apr,2025-04,0.14629054431347432,0.14628408987319114,0.18499999999999991,172.7032967032967
nhsn,2025-2026,Nevada,late_oct_apr,Late Oct-Apr,2025-05,0.14602358350819486,0.14600724846182908,0.18499999999999997,182.02564102564097
nhsn,2025-2026,Nevada,late_oct_apr,Late Oct-Apr,2025-06,0.14630120989272735,0.1462851017191171,0.18499999999999991,176.1538461538461
nhsn,2025-2026,Nevada,late_oct_apr,Late Oct-Apr,2025-07,0.14602358350819483,0.14600724846182908,0.18499999999999997,182.02564102564097
nhsn,2025-2026,Nevada,late_oct_apr,Late Oct-Apr,2025-08,0.1466057389924486,0.14656394585715993,0.18499999999999997,181.7948717948718
nhsn,2025-2026,Nevada,late_oct_apr,Late Oct-Apr,2025-09,0.14707808301595054,0.14711408408065618,0.18499999999999991,175.507326007326
nhsn,2025-2026,Nevada,late_oct_apr,Late Oct-Apr,2025-10,0.14771150195153684,0.1477094039739822,0.185,180.1813186813187
nhsn,2025-2026,Nevada,late_oct_apr,Late Oct-Apr,2025-11,0.1486102438050838,0.14734400251767557,0.18499999999999997,172.32417582417582
nhsn,2025-2026,Nevada,late_oct_apr,Late Oct-Apr,2025-12,0.14611792229236398,0.14420717881535378,0.185,168.2197802197802
nhsn,2025-2026,Nevada,late_oct_apr,Late Oct-Apr,2026-01,0.14304764267161413,0.13295070917442428,0.185,144.03663003663002
nhsn,2025-2026,Nevada,late_oct_apr,Late Oct-Apr,2026-02,0.10781271904899226,0.10349194964644517,0.185,79.52564102564102
nhsn,2025-2026,Nevada,late_oct_apr,Late Oct-Apr,2026-03,0.08301159464131376,0.08643650314454004,0.185,24.254578754578755
nhsn,2025-2026,Nevada,late_oct_apr,Late Oct-Apr,2026-04,0.02198857142857143,0.053842792667832616,0.13351405600000002,3.4505494505494507
nhsn,2025-2026,New Hampshire,baseline_oct_mar,Baseline Oct-Mar,2025-01,0.0,0.0,0.0,11.11721611721612
nhsn,2025-2026,New Hampshire,baseline_oct_mar,Baseline Oct-Mar,2025-02,0.0,0.0,0.0,22.53846153846154
nhsn,2025-2026,New Hampshire,baseline_oct_mar,Baseline Oct-Mar,2025-03,0.0,0.027156069209383054,0.03425483870967742,37.03113553113554
nhsn,2025-2026,New Hampshire,baseline_oct_mar,Baseline Oct-Mar,2025-04,0.14668587107941566,0.14673896947970808,0.18499999999999991,39.12271062271063
nhsn,2025-2026,New Hampshire,baseline_oct_mar,Baseline Oct-Mar,2025-05,0.1447450195338642,0.1440313177021757,0.18499999999999997,40.93589743589743
nhsn,2025-2026,New Hampshire,baseline_oct_mar,Baseline Oct-Mar,2025-06,0.1466791233620748,0.1467345344437213,0.18499999999999991,39.61538461538461
nhsn,2025-2026,New Hampshire,baseline_oct_mar,Baseline Oct-Mar,2025-07,0.14474501953386418,0.1440313177021757,0.18499999999999997,40.93589743589743
nhsn,2025-2026,New Hampshire,baseline_oct_mar,Baseline Oct-Mar,2025-08,0.14676997994238772,0.14679886297291814,0.18499999999999997,40.93589743589743
nhsn,2025-2026,New Hampshire,baseline_oct_mar,Baseline Oct-Mar,2025-09,0.14663615724081747,0.14673767230640095,0.18499999999999991,39.6098901098901
nhsn,2025-2026,New Hampshire,baseline_oct_mar,Baseline Oct-Mar,2025-10,0.14803203680633092,0.14779057559084088,0.185,40.52930402930403
nhsn,2025-2026,New Hampshire,baseline_oct_mar,Baseline Oct-Mar,2025-11,0.14639735051930314,0.14548846665971776,0.18499999999999997,38.23260073260074
nhsn,2025-2026,New Hampshire,baseline_oct_mar,Baseline Oct-Mar,2025-12,0.1463651002331002,0.14358662126005628,0.185,36.078754578754584
nhsn,2025-2026,New Hampshire,baseline_oct_mar,Baseline Oct-Mar,2026-01,0.1381327923724424,0.128226508533537,0.185,29.81868131868132
nhsn,2025-2026,New Hampshire,baseline_oct_mar,Baseline Oct-Mar,2026-02,0.10232522825892057,0.09877312607159809,0.185,14.435897435897434
nhsn,2025-2026,New Hampshire,baseline_oct_mar,Baseline Oct-Mar,2026-03,0.05825005429864253,0.0672346408384177,0.12500891612903228,3.904761904761905
nhsn,2025-2026,New Hampshire,baseline_oct_mar,Baseline Oct-Mar,2026-04,0.0,0.0,0.0,0.4926739926739926
nhsn,2025-2026,New Hampshire,early_sep_mar,Early Sep-Mar,2025-01,0.0,0.0,0.0,11.11721611721612
nhsn,2025-2026,New Hampshire,early_sep_mar,Early Sep-Mar,2025-02,0.0,0.028116522172673075,0.035216071428571416,22.53846153846154
nhsn,2025-2026,New Hampshire,early_sep_mar,Early Sep-Mar,2025-03,0.14756694754681715,0.14462230017368596,0.1814790322580645,37.03113553113554
nhsn,2025-2026,New Hampshire,early_sep_mar,Early Sep-Mar,2025-04,0.14668587107941566,0.14647744213960137,0.18499999999999991,39.12271062271063
nhsn,2025-2026,New Hampshire,early_sep_mar,Early Sep-Mar,2025-05,0.146347663249372,0.14583331917861966,0.18499999999999997,40.93589743589743
nhsn,2025-2026,New Hampshire,early_sep_mar,Early Sep-Mar,2025-06,0.1466791233620748,0.14637398890673403,0.18499999999999991,39.61538461538461
nhsn,2025-2026,New Hampshire,early_sep_mar,Early Sep-Mar,2025-07,0.1451791439434352,0.1454112813694605,0.18499999999999997,40.93589743589743
nhsn,2025-2026,New Hampshire,early_sep_mar,Early Sep-Mar,2025-08,0.14455757315500037,0.14453146153623078,0.18499999999999997,40.93589743589743
nhsn,2025-2026,New Hampshire,early_sep_mar,Early Sep-Mar,2025-09,0.14658161522943078,0.1460906693999369,0.18499999999999997,39.6098901098901
nhsn,2025-2026,New Hampshire,early_sep_mar,Early Sep-Mar,2025-10,0.14803203680633092,0.14779057559084088,0.185,40.52930402930403
nhsn,2025-2026,New Hampshire,early_sep_mar,Early Sep-Mar,2025-11,0.14639735051930314,0.14548846665971776,0.18499999999999997,38.23260073260074
nhsn,2025-2026,New Hampshire,early_sep_mar,Early Sep-Mar,2025-12,0.1463651002331002,0.14358662126005628,0.185,36.078754578754584
nhsn,2025-2026,New Hampshire,early_sep_mar,Early Sep-Mar,2026-01,0.1381327923724424,0.128226508533537,0.185,29.81868131868132
nhsn,2025-2026,New Hampshire,early_sep_mar,Early Sep-Mar,2026-02,0.10232522825892057,0.09877312607159809,0.185,14.435897435897434
nhsn,2025-2026,New Hampshire,early_sep_mar,Early Sep-Mar,2026-03,0.05825005429864253,0.0672346408384177,0.12500891612903228,3.904761904761905
nhsn,2025-2026,New Hampshire,early_sep_mar,Early Sep-Mar,2026-04,0.0,0.0,0.0,0.4926739926739926
nhsn,2025-2026,New Hampshire,extended_sep_apr,Extended Sep-Apr,2025-01,0.0,0.0,0.0,11.11721611721612
nhsn,2025-2026,New Hampshire,extended_sep_apr,Extended Sep-Apr,2025-02,0.0,0.028116522172673075,0.035216071428571416,22.53846153846154
nhsn,2025-2026,New Hampshire,extended_sep_apr,Extended Sep-Apr,2025-03,0.14756694754681715,0.14462230017368596,0.1814790322580645,37.03113553113554
nhsn,2025-2026,New Hampshire,extended_sep_apr,Extended Sep-Apr,2025-04,0.14668587107941566,0.14647744213960137,0.18499999999999991,39.12271062271063
nhsn,2025-2026,New Hampshire,extended_sep_apr,Extended Sep-Apr,2025-05,0.146347663249372,0.14583331917861966,0.18499999999999997,40.93589743589743
nhsn,2025-2026,New Hampshire,extended_sep_apr,Extended Sep-Apr,2025-06,0.1466791233620748,0.14637398890673403,0.18499999999999991,39.61538461538461
nhsn,2025-2026,New Hampshire,extended_sep_apr,Extended Sep-Apr,2025-07,0.1451791439434352,0.1454112813694605,0.18499999999999997,40.93589743589743
nhsn,2025-2026,New Hampshire,extended_sep_apr,Extended Sep-Apr,2025-08,0.14455757315500037,0.14453146153623078,0.18499999999999997,40.93589743589743
nhsn,2025-2026,New Hampshire,extended_sep_apr,Extended Sep-Apr,2025-09,0.14658161522943078,0.1460906693999369,0.18499999999999997,39.6098901098901
nhsn,2025-2026,New Hampshire,extended_sep_apr,Extended Sep-Apr,2025-10,0.14803203680633092,0.14779057559084088,0.185,40.52930402930403
nhsn,2025-2026,New Hampshire,extended_sep_apr,Extended Sep-Apr,2025-11,0.14639735051930314,0.14548846665971776,0.18499999999999997,38.23260073260074
nhsn,2025-2026,New Hampshire,extended_sep_apr,Extended Sep-Apr,2025-12,0.1463651002331002,0.14358662126005628,0.185,36.078754578754584
nhsn,2025-2026,New Hampshire,extended_sep_apr,Extended Sep-Apr,2026-01,0.1381327923724424,0.128226508533537,0.185,29.81868131868132
nhsn,2025-2026,New Hampshire,extended_sep_apr,Extended Sep-Apr,2026-02,0.10232522825892057,0.09877312607159809,0.185,14.435897435897434
nhsn,2025-2026,New Hampshire,extended_sep_apr,Extended Sep-Apr,2026-03,0.08951412587412588,0.08372170352938911,0.185,3.904761904761905
nhsn,2025-2026,New Hampshire,extended_sep_apr,Extended Sep-Apr,2026-04,0.020614285714285717,0.05513907126325531,0.13351405600000002,0.4926739926739926
nhsn,2025-2026,New Hampshire,late_oct_apr,Late Oct-Apr,2025-01,0.0,0.0,0.0,11.11721611721612
nhsn,2025-2026,New Hampshire,late_oct_apr,Late Oct-Apr,2025-02,0.0,0.0,0.0,22.53846153846154
nhsn,2025-2026,New Hampshire,late_oct_apr,Late Oct-Apr,2025-03,0.0,0.027156069209383054,0.03425483870967742,37.03113553113554
nhsn,2025-2026,New Hampshire,late_oct_apr,Late Oct-Apr,2025-04,0.14668587107941566,0.14673896947970808,0.18499999999999991,39.12271062271063
nhsn,2025-2026,New Hampshire,late_oct_apr,Late Oct-Apr,2025-05,0.1447450195338642,0.1440313177021757,0.18499999999999997,40.93589743589743
nhsn,2025-2026,New Hampshire,late_oct_apr,Late Oct-Apr,2025-06,0.1466791233620748,0.1467345344437213,0.18499999999999991,39.61538461538461
nhsn,2025-2026,New Hampshire,late_oct_apr,Late Oct-Apr,2025-07,0.14474501953386418,0.1440313177021757,0.18499999999999997,40.93589743589743
nhsn,2025-2026,New Hampshire,late_oct_apr,Late Oct-Apr,2025-08,0.14676997994238772,0.14679886297291814,0.18499999999999997,40.93589743589743
nhsn,2025-2026,New Hampshire,late_oct_apr,Late Oct-Apr,2025-09,0.14663615724081747,0.14673767230640095,0.18499999999999991,39.6098901098901
nhsn,2025-2026,New Hampshire,late_oct_apr,Late Oct-Apr,2025-10,0.14803203680633092,0.14779057559084088,0.185,40.52930402930403
nhsn,2025-2026,New Hampshire,late_oct_apr,Late Oct-Apr,2025-11,0.14639735051930314,0.14548846665971776,0.18499999999999997,38.23260073260074
nhsn,2025-2026,New Hampshire,late_oct_apr,Late Oct-Apr,2025-12,0.1463651002331002,0.14358662126005628,0.185,36.078754578754584
nhsn,2025-2026,New Hampshire,late_oct_apr,Late Oct-Apr,2026-01,0.1381327923724424,0.128226508533537,0.185,29.81868131868132
nhsn,2025-2026,New Hampshire,late_oct_apr,Late Oct-Apr,2026-02,0.10232522825892057,0.09877312607159809,0.185,14.435897435897434
nhsn,2025-2026,New Hampshire,late_oct_apr,Late Oct-Apr,2026-03,0.08951412587412588,0.08372170352938911,0.185,3.904761904761905
nhsn,2025-2026,New Hampshire,late_oct_apr,Late Oct-Apr,2026-04,0.020614285714285717,0.05513907126325531,0.13351405600000002,0.4926739926739926
nhsn,2025-2026,New Jersey,baseline_oct_mar,Baseline Oct-Mar,2025-01,0.0,0.0,0.0,346.5421245421245
nhsn,2025-2026,New Jersey,baseline_oct_mar,Baseline Oct-Mar,2025-02,0.0,0.0,0.0,434.4102564102564
nhsn,2025-2026,New Jersey,baseline_oct_mar,Baseline Oct-Mar,2025-03,0.0,0.026489430933583184,0.03425483870967742,587.5476190476193
nhsn,2025-2026,New Jersey,baseline_oct_mar,Baseline Oct-Mar,2025-04,0.14220682961422768,0.14147178222845352,0.18499999999999991,603.5549450549452
nhsn,2025-2026,New Jersey,baseline_oct_mar,Baseline Oct-Mar,2025-05,0.1352323945010964,0.13507686260298718,0.18499999999999997,631.923076923077
nhsn,2025-2026,New Jersey,baseline_oct_mar,Baseline Oct-Mar,2025-06,0.14230605219497483,0.1415248468291888,0.18499999999999991,611.5384615384615
nhsn,2025-2026,New Jersey,baseline_oct_mar,Baseline Oct-Mar,2025-07,0.13570789695838756,0.1355537750383939,0.18499999999999997,629.6941391941393
nhsn,2025-2026,New Jersey,baseline_oct_mar,Baseline Oct-Mar,2025-08,0.1442280351468443,0.14373416343891343,0.18499999999999997,626.0494505494504
nhsn,2025-2026,New Jersey,baseline_oct_mar,Baseline Oct-Mar,2025-09,0.14552552112445558,0.14576695451145436,0.18499999999999991,600.2509157509157
nhsn,2025-2026,New Jersey,baseline_oct_mar,Baseline Oct-Mar,2025-10,0.1476871047708917,0.14675229600512918,0.185,604.0769230769231
nhsn,2025-2026,New Jersey,baseline_oct_mar,Baseline Oct-Mar,2025-11,0.14464282744148485,0.14175936460371205,0.18499999999999997,545.5824175824175
nhsn,2025-2026,New Jersey,baseline_oct_mar,Baseline Oct-Mar,2025-12,0.13364621310090877,0.13053615482384395,0.185,453.2857142857142
nhsn,2025-2026,New Jersey,baseline_oct_mar,Baseline Oct-Mar,2026-01,0.1295459277574545,0.12382321995578006,0.185,285.3809523809524
nhsn,2025-2026,New Jersey,baseline_oct_mar,Baseline Oct-Mar,2026-02,0.1051901912067261,0.10366377382682693,0.185,136.35897435897436
nhsn,2025-2026,New Jersey,baseline_oct_mar,Baseline Oct-Mar,2026-03,0.08645713413661027,0.07639830045165978,0.12500891612903228,44.37545787545787
nhsn,2025-2026,New Jersey,baseline_oct_mar,Baseline Oct-Mar,2026-04,0.0,0.0,0.0,7.983516483516483
nhsn,2025-2026,New Jersey,early_sep_mar,Early Sep-Mar,2025-01,0.0,0.0,0.0,346.5421245421245
nhsn,2025-2026,New Jersey,early_sep_mar,Early Sep-Mar,2025-02,0.0,0.02769501480752421,0.035216071428571416,434.4102564102564
nhsn,2025-2026,New Jersey,early_sep_mar,Early Sep-Mar,2025-03,0.1449611751242477,0.14190357690818903,0.1814790322580645,587.5476190476193
nhsn,2025-2026,New Jersey,early_sep_mar,Early Sep-Mar,2025-04,0.14258723595679576,0.1422879355647034,0.18499999999999991,603.5549450549452
nhsn,2025-2026,New Jersey,early_sep_mar,Early Sep-Mar,2025-05,0.1434116442714518,0.1431465674674098,0.18499999999999997,631.923076923077
nhsn,2025-2026,New Jersey,early_sep_mar,Early Sep-Mar,2025-06,0.14244762237008277,0.14223588724001152,0.18499999999999991,611.5384615384615
nhsn,2025-2026,New Jersey,early_sep_mar,Early Sep-Mar,2025-07,0.14369533153956157,0.14346713789582946,0.18499999999999997,629.6941391941393
nhsn,2025-2026,New Jersey,early_sep_mar,Early Sep-Mar,2025-08,0.1434691643744226,0.14373468227280642,0.18499999999999997,626.0494505494504
nhsn,2025-2026,New Jersey,early_sep_mar,Early Sep-Mar,2025-09,0.14593973628051704,0.1458643234277139,0.18499999999999997,600.2509157509157
nhsn,2025-2026,New Jersey,early_sep_mar,Early Sep-Mar,2025-10,0.1476871047708917,0.14675229600512918,0.185,604.0769230769231
nhsn,2025-2026,New Jersey,early_sep_mar,Early Sep-Mar,2025-11,0.14464282744148485,0.14175936460371205,0.18499999999999997,545.5824175824175
nhsn,2025-2026,New Jersey,early_sep_mar,Early Sep-Mar,2025-12,0.13364621310090877,0.13053615482384395,0.185,453.2857142857142
nhsn,2025-2026,New Jersey,early_sep_mar,Early Sep-Mar,2026-01,0.1295459277574545,0.12382321995578006,0.185,285.3809523809524
nhsn,2025-2026,New Jersey,early_sep_mar,Early Sep-Mar,2026-02,0.1051901912067261,0.10366377382682693,0.185,136.35897435897436
nhsn,2025-2026,New Jersey,early_sep_mar,Early Sep-Mar,2026-03,0.08645713413661027,0.07639830045165978,0.12500891612903228,44.37545787545787
nhsn,2025-2026,New Jersey,early_sep_mar,Early Sep-Mar,2026-04,0.0,0.0,0.0,7.983516483516483
nhsn,2025-2026,New Jersey,extended_sep_apr,Extended Sep-Apr,2025-01,0.0,0.0,0.0,346.5421245421245
nhsn,2025-2026,New Jersey,extended_sep_apr,Extended Sep-Apr,2025-02,0.0,0.02769501480752421,0.035216071428571416,434.4102564102564
nhsn,2025-2026,New Jersey,extended_sep_apr,Extended Sep-Apr,2025-03,0.1449611751242477,0.14190357690818903,0.1814790322580645,587.5476190476193
nhsn,2025-2026,New Jersey,extended_sep_apr,Extended Sep-Apr,2025-04,0.14258723595679576,0.1422879355647034,0.18499999999999991,603.5549450549452
nhsn,2025-2026,New Jersey,extended_sep_apr,Extended Sep-Apr,2025-05,0.1434116442714518,0.1431465674674098,0.18499999999999997,631.923076923077
nhsn,2025-2026,New Jersey,extended_sep_apr,Extended Sep-Apr,2025-06,0.14244762237008277,0.14223588724001152,0.18499999999999991,611.5384615384615
nhsn,2025-2026,New Jersey,extended_sep_apr,Extended Sep-Apr,2025-07,0.14369533153956157,0.14346713789582946,0.18499999999999997,629.6941391941393
nhsn,2025-2026,New Jersey,extended_sep_apr,Extended Sep-Apr,2025-08,0.1434691643744226,0.14373468227280642,0.18499999999999997,626.0494505494504
nhsn,2025-2026,New Jersey,extended_sep_apr,Extended Sep-Apr,2025-09,0.14593973628051704,0.1458643234277139,0.18499999999999997,600.2509157509157
nhsn,2025-2026,New Jersey,extended_sep_apr,Extended Sep-Apr,2025-10,0.1476871047708917,0.14675229600512918,0.185,604.0769230769231
nhsn,2025-2026,New Jersey,extended_sep_apr,Extended Sep-Apr,2025-11,0.14464282744148485,0.14175936460371205,0.18499999999999997,545.5824175824175
nhsn,2025-2026,New Jersey,extended_sep_apr,Extended Sep-Apr,2025-12,0.13364621310090877,0.13053615482384395,0.185,453.2857142857142
nhsn,2025-2026,New Jersey,extended_sep_apr,Extended Sep-Apr,2026-01,0.1295459277574545,0.12382321995578006,0.185,285.3809523809524
nhsn,2025-2026,New Jersey,extended_sep_apr,Extended Sep-Apr,2026-02,0.1051901912067261,0.10366377382682693,0.185,136.35897435897436
nhsn,2025-2026,New Jersey,extended_sep_apr,Extended Sep-Apr,2026-03,0.09406629103380697,0.09331683417217884,0.185,44.37545787545787
nhsn,2025-2026,New Jersey,extended_sep_apr,Extended Sep-Apr,2026-04,0.018719999999999997,0.05173764481226322,0.13351405600000002,7.983516483516483
nhsn,2025-2026,New Jersey,late_oct_apr,Late Oct-Apr,2025-01,0.0,0.0,0.0,346.5421245421245
nhsn,2025-2026,New Jersey,late_oct_apr,Late Oct-Apr,2025-02,0.0,0.0,0.0,434.4102564102564
nhsn,2025-2026,New Jersey,late_oct_apr,Late Oct-Apr,2025-03,0.0,0.026489430933583184,0.03425483870967742,587.5476190476193
nhsn,2025-2026,New Jersey,late_oct_apr,Late Oct-Apr,2025-04,0.14220682961422768,0.14147178222845352,0.18499999999999991,603.5549450549452
nhsn,2025-2026,New Jersey,late_oct_apr,Late Oct-Apr,2025-05,0.1352323945010964,0.13507686260298718,0.18499999999999997,631.923076923077
nhsn,2025-2026,New Jersey,late_oct_apr,Late Oct-Apr,2025-06,0.14230605219497483,0.1415248468291888,0.18499999999999991,611.5384615384615
nhsn,2025-2026,New Jersey,late_oct_apr,Late Oct-Apr,2025-07,0.13570789695838756,0.1355537750383939,0.18499999999999997,629.6941391941393
nhsn,2025-2026,New Jersey,late_oct_apr,Late Oct-Apr,2025-08,0.1442280351468443,0.14373416343891343,0.18499999999999997,626.0494505494504
nhsn,2025-2026,New Jersey,late_oct_apr,Late Oct-Apr,2025-09,0.14552552112445558,0.14576695451145436,0.18499999999999991,600.2509157509157
nhsn,2025-2026,New Jersey,late_oct_apr,Late Oct-Apr,2025-10,0.1476871047708917,0.14675229600512918,0.185,604.0769230769231
nhsn,2025-2026,New Jersey,late_oct_apr,Late Oct-Apr,2025-11,0.14464282744148485,0.14175936460371205,0.18499999999999997,545.5824175824175
nhsn,2025-2026,New Jersey,late_oct_apr,Late Oct-Apr,2025-12,0.13364621310090877,0.13053615482384395,0.185,453.2857142857142
nhsn,2025-2026,New Jersey,late_oct_apr,Late Oct-Apr,2026-01,0.1295459277574545,0.12382321995578006,0.185,285.3809523809524
nhsn,2025-2026,New Jersey,late_oct_apr,Late Oct-Apr,2026-02,0.1051901912067261,0.10366377382682693,0.185,136.35897435897436
nhsn,2025-2026,New Jersey,late_oct_apr,Late Oct-Apr,2026-03,0.09406629103380697,0.09331683417217884,0.185,44.37545787545787
nhsn,2025-2026,New Jersey,late_oct_apr,Late Oct-Apr,2026-04,0.018719999999999997,0.05173764481226322,0.13351405600000002,7.983516483516483
nhsn,2025-2026,New Mexico,baseline_oct_mar,Baseline Oct-Mar,2025-01,0.0,0.0,0.0,26.117216117216117
nhsn,2025-2026,New Mexico,baseline_oct_mar,Baseline Oct-Mar,2025-02,0.0,0.0,0.0,89.43589743589743
nhsn,2025-2026,New Mexico,baseline_oct_mar,Baseline Oct-Mar,2025-03,0.0,0.027274523830367495,0.03425483870967742,194.55677655677653
nhsn,2025-2026,New Mexico,baseline_oct_mar,Baseline Oct-Mar,2025-04,0.14729919416118853,0.14738183957646783,0.18499999999999991,229.90476190476193
nhsn,2025-2026,New Mexico,baseline_oct_mar,Baseline Oct-Mar,2025-05,0.14804767878884867,0.14795548716549656,0.18499999999999997,245.6153846153846
nhsn,2025-2026,New Mexico,baseline_oct_mar,Baseline Oct-Mar,2025-06,0.1472594281495204,0.147355475053765,0.18499999999999991,237.6923076923077
nhsn,2025-2026,New Mexico,baseline_oct_mar,Baseline Oct-Mar,2025-07,0.14809118589824416,0.14807148694119032,0.18499999999999997,245.42307692307688
nhsn,2025-2026,New Mexico,baseline_oct_mar,Baseline Oct-Mar,2025-08,0.1474758939698875,0.14750313001950727,0.18499999999999997,245.21794871794867
nhsn,2025-2026,New Mexico,baseline_oct_mar,Baseline Oct-Mar,2025-09,0.14744622828711,0.14744449578386792,0.18499999999999991,237.30769230769226
nhsn,2025-2026,New Mexico,baseline_oct_mar,Baseline Oct-Mar,2025-10,0.14776019515711558,0.14784303207784702,0.185,245.0128205128205
nhsn,2025-2026,New Mexico,baseline_oct_mar,Baseline Oct-Mar,2025-11,0.14861674765332072,0.1484049672948581,0.18499999999999997,236.92307692307693
nhsn,2025-2026,New Mexico,baseline_oct_mar,Baseline Oct-Mar,2025-12,0.1486636308571911,0.14747709626288374,0.185,240.60439560439562
nhsn,2025-2026,New Mexico,baseline_oct_mar,Baseline Oct-Mar,2026-01,0.1436130147044984,0.1359784106023232,0.185,219.49816849816852
nhsn,2025-2026,New Mexico,baseline_oct_mar,Baseline Oct-Mar,2026-02,0.11331628377123522,0.10998642620408526,0.185,132.4102564102564
nhsn,2025-2026,New Mexico,baseline_oct_mar,Baseline Oct-Mar,2026-03,0.09088789102564102,0.07625603262999904,0.12500891612903228,51.05860805860806
nhsn,2025-2026,New Mexico,baseline_oct_mar,Baseline Oct-Mar,2026-04,0.0,0.0,0.0,7.7875457875457865
nhsn,2025-2026,New Mexico,early_sep_mar,Early Sep-Mar,2025-01,0.0,0.0,0.0,26.117216117216117
nhsn,2025-2026,New Mexico,early_sep_mar,Early Sep-Mar,2025-02,0.0,0.027948396710447087,0.035216071428571416,89.43589743589743
nhsn,2025-2026,New Mexico,early_sep_mar,Early Sep-Mar,2025-03,0.14704022574318262,0.14424074702743322,0.1814790322580645,194.55677655677653
nhsn,2025-2026,New Mexico,early_sep_mar,Early Sep-Mar,2025-04,0.1472547396063489,0.14569421236521962,0.18499999999999991,229.90476190476193
nhsn,2025-2026,New Mexico,early_sep_mar,Early Sep-Mar,2025-05,0.14407905254939238,0.1430893036225321,0.18499999999999997,245.6153846153846
nhsn,2025-2026,New Mexico,early_sep_mar,Early Sep-Mar,2025-06,0.14721550188646307,0.14547996346947176,0.18499999999999991,237.6923076923077
nhsn,2025-2026,New Mexico,early_sep_mar,Early Sep-Mar,2025-07,0.14140766993880716,0.14147656941735806,0.18499999999999997,245.42307692307688
nhsn,2025-2026,New Mexico,early_sep_mar,Early Sep-Mar,2025-08,0.13843804137353735,0.13860316094789488,0.18499999999999997,245.21794871794867
nhsn,2025-2026,New Mexico,early_sep_mar,Early Sep-Mar,2025-09,0.14601833107249315,0.1442213565510618,0.18499999999999997,237.30769230769232
nhsn,2025-2026,New Mexico,early_sep_mar,Early Sep-Mar,2025-10,0.14776019515711558,0.14784303207784702,0.185,245.0128205128205
nhsn,2025-2026,New Mexico,early_sep_mar,Early Sep-Mar,2025-11,0.14861674765332072,0.1484049672948581,0.18499999999999997,236.92307692307693
nhsn,2025-2026,New Mexico,early_sep_mar,Early Sep-Mar,2025-12,0.1486636308571911,0.14747709626288374,0.185,240.60439560439562
nhsn,2025-2026,New Mexico,early_sep_mar,Early Sep-Mar,2026-01,0.1436130147044984,0.1359784106023232,0.185,219.49816849816852
nhsn,2025-2026,New Mexico,early_sep_mar,Early Sep-Mar,2026-02,0.11331628377123522,0.10998642620408526,0.185,132.4102564102564
nhsn,2025-2026,New Mexico,early_sep_mar,Early Sep-Mar,2026-03,0.09088789102564102,0.07625603262999904,0.12500891612903228,51.05860805860806
nhsn,2025-2026,New Mexico,early_sep_mar,Early Sep-Mar,2026-04,0.0,0.0,0.0,7.7875457875457865
nhsn,2025-2026,New Mexico,extended_sep_apr,Extended Sep-Apr,2025-01,0.0,0.0,0.0,26.117216117216117
nhsn,2025-2026,New Mexico,extended_sep_apr,Extended Sep-Apr,2025-02,0.0,0.027948396710447087,0.035216071428571416,89.43589743589743
nhsn,2025-2026,New Mexico,extended_sep_apr,Extended Sep-Apr,2025-03,0.14704022574318262,0.14424074702743322,0.1814790322580645,194.55677655677653
nhsn,2025-2026,New Mexico,extended_sep_apr,Extended Sep-Apr,2025-04,0.1472547396063489,0.14569421236521962,0.18499999999999991,229.90476190476193
nhsn,2025-2026,New Mexico,extended_sep_apr,Extended Sep-Apr,2025-05,0.14407905254939238,0.1430893036225321,0.18499999999999997,245.6153846153846
nhsn,2025-2026,New Mexico,extended_sep_apr,Extended Sep-Apr,2025-06,0.14721550188646307,0.14547996346947176,0.18499999999999991,237.6923076923077
nhsn,2025-2026,New Mexico,extended_sep_apr,Extended Sep-Apr,2025-07,0.14140766993880716,0.14147656941735806,0.18499999999999997,245.42307692307688
nhsn,2025-2026,New Mexico,extended_sep_apr,Extended Sep-Apr,2025-08,0.13843804137353735,0.13860316094789488,0.18499999999999997,245.21794871794867
nhsn,2025-2026,New Mexico,extended_sep_apr,Extended Sep-Apr,2025-09,0.14601833107249315,0.1442213565510618,0.18499999999999997,237.30769230769232
nhsn,2025-2026,New Mexico,extended_sep_apr,Extended Sep-Apr,2025-10,0.14776019515711558,0.14784303207784702,0.185,245.0128205128205
nhsn,2025-2026,New Mexico,extended_sep_apr,Extended Sep-Apr,2025-11,0.14861674765332072,0.1484049672948581,0.18499999999999997,236.92307692307693
nhsn,2025-2026,New Mexico,extended_sep_apr,Extended Sep-Apr,2025-12,0.1486636308571911,0.14747709626288374,0.185,240.60439560439562
nhsn,2025-2026,New Mexico,extended_sep_apr,Extended Sep-Apr,2026-01,0.1436130147044984,0.1359784106023232,0.185,219.49816849816852
nhsn,2025-2026,New Mexico,extended_sep_apr,Extended Sep-Apr,2026-02,0.11331628377123522,0.10998642620408526,0.185,132.4102564102564
nhsn,2025-2026,New Mexico,extended_sep_apr,Extended Sep-Apr,2026-03,0.09335191655801825,0.09007292864537467,0.185,51.05860805860806
nhsn,2025-2026,New Mexico,extended_sep_apr,Extended Sep-Apr,2026-04,0.014429999999999998,0.048800320915785594,0.13351405600000002,7.7875457875457865
nhsn,2025-2026,New Mexico,late_oct_apr,Late Oct-Apr,2025-01,0.0,0.0,0.0,26.117216117216117
nhsn,2025-2026,New Mexico,late_oct_apr,Late Oct-Apr,2025-02,0.0,0.0,0.0,89.43589743589743
nhsn,2025-2026,New Mexico,late_oct_apr,Late Oct-Apr,2025-03,0.0,0.027274523830367495,0.03425483870967742,194.55677655677653
nhsn,2025-2026,New Mexico,late_oct_apr,Late Oct-Apr,2025-04,0.14729919416118853,0.14738183957646783,0.18499999999999991,229.90476190476193
nhsn,2025-2026,New Mexico,late_oct_apr,Late Oct-Apr,2025-05,0.14804767878884867,0.14795548716549656,0.18499999999999997,245.6153846153846
nhsn,2025-2026,New Mexico,late_oct_apr,Late Oct-Apr,2025-06,0.1472594281495204,0.147355475053765,0.18499999999999991,237.6923076923077
nhsn,2025-2026,New Mexico,late_oct_apr,Late Oct-Apr,2025-07,0.14809118589824416,0.14807148694119032,0.18499999999999997,245.42307692307688
nhsn,2025-2026,New Mexico,late_oct_apr,Late Oct-Apr,2025-08,0.1474758939698875,0.14750313001950727,0.18499999999999997,245.21794871794867
nhsn,2025-2026,New Mexico,late_oct_apr,Late Oct-Apr,2025-09,0.14744622828711,0.14744449578386792,0.18499999999999991,237.30769230769226
nhsn,2025-2026,New Mexico,late_oct_apr,Late Oct-Apr,2025-10,0.14776019515711558,0.14784303207784702,0.185,245.0128205128205
nhsn,2025-2026,New Mexico,late_oct_apr,Late Oct-Apr,2025-11,0.14861674765332072,0.1484049672948581,0.18499999999999997,236.92307692307693
nhsn,2025-2026,New Mexico,late_oct_apr,Late Oct-Apr,2025-12,0.1486636308571911,0.14747709626288374,0.185,240.60439560439562
nhsn,2025-2026,New Mexico,late_oct_apr,Late Oct-Apr,2026-01,0.1436130147044984,0.1359784106023232,0.185,219.49816849816852
nhsn,2025-2026,New Mexico,late_oct_apr,Late Oct-Apr,2026-02,0.11331628377123522,0.10998642620408526,0.185,132.4102564102564
nhsn,2025-2026,New Mexico,late_oct_apr,Late Oct-Apr,2026-03,0.09335191655801825,0.09007292864537467,0.185,51.05860805860806
nhsn,2025-2026,New Mexico,late_oct_apr,Late Oct-Apr,2026-04,0.014429999999999998,0.048800320915785594,0.13351405600000002,7.7875457875457865
nhsn,2025-2026,New York,baseline_oct_mar,Baseline Oct-Mar,2025-01,0.0,0.0,0.0,664.4706959706958
nhsn,2025-2026,New York,baseline_oct_mar,Baseline Oct-Mar,2025-02,0.0,0.0,0.0,883.6025641025642
nhsn,2025-2026,New York,baseline_oct_mar,Baseline Oct-Mar,2025-03,0.0,0.025926021075745747,0.03425483870967742,1252.7967032967033
nhsn,2025-2026,New York,baseline_oct_mar,Baseline Oct-Mar,2025-04,0.1393678936962216,0.1391160843269229,0.18499999999999991,1335.5842490842492
nhsn,2025-2026,New York,baseline_oct_mar,Baseline Oct-Mar,2025-05,0.13485470390039286,0.13440555352463926,0.18499999999999997,1401.8131868131868
nhsn,2025-2026,New York,baseline_oct_mar,Baseline Oct-Mar,2025-06,0.13948148053797155,0.1392203762388255,0.18499999999999991,1356.5934065934066
nhsn,2025-2026,New York,baseline_oct_mar,Baseline Oct-Mar,2025-07,0.13526923487401993,0.13510108996044293,0.18499999999999997,1394.5769230769229
nhsn,2025-2026,New York,baseline_oct_mar,Baseline Oct-Mar,2025-08,0.14206164787345218,0.14202366021828136,0.18499999999999997,1379.736263736264
nhsn,2025-2026,New York,baseline_oct_mar,Baseline Oct-Mar,2025-09,0.14497426379489767,0.14519984298984057,0.18499999999999991,1311.0201465201465
nhsn,2025-2026,New York,baseline_oct_mar,Baseline Oct-Mar,2025-10,0.1479563129741864,0.1471919764740325,0.185,1317.7454212454213
nhsn,2025-2026,New York,baseline_oct_mar,Baseline Oct-Mar,2025-11,0.14557418835531014,0.14225054964976197,0.18499999999999997,1209.8754578754579
nhsn,2025-2026,New York,baseline_oct_mar,Baseline Oct-Mar,2025-12,0.1384988912236939,0.13525634969656125,0.185,1033.952380952381
nhsn,2025-2026,New York,baseline_oct_mar,Baseline Oct-Mar,2026-01,0.1340881414129954,0.12793253906946603,0.185,737.3424908424907
nhsn,2025-2026,New York,baseline_oct_mar,Baseline Oct-Mar,2026-02,0.11668461060693801,0.10981665487566702,0.185,382.5512820512821
nhsn,2025-2026,New York,baseline_oct_mar,Baseline Oct-Mar,2026-03,0.09281715585426827,0.07614208452376024,0.12500891612903228,149.01648351648353
nhsn,2025-2026,New York,baseline_oct_mar,Baseline Oct-Mar,2026-04,0.0,0.0,0.0,21.00915750915751
nhsn,2025-2026,New York,early_sep_mar,Early Sep-Mar,2025-01,0.0,0.0,0.0,664.4706959706958
nhsn,2025-2026,New York,early_sep_mar,Early Sep-Mar,2025-02,0.0,0.027206455251065766,0.035216071428571416,883.6025641025642
nhsn,2025-2026,New York,early_sep_mar,Early Sep-Mar,2025-03,0.14139031406540167,0.13895353045085596,0.1814790322580645,1252.7967032967033
nhsn,2025-2026,New York,early_sep_mar,Early Sep-Mar,2025-04,0.13944496191555417,0.1395277739642915,0.18499999999999991,1335.5842490842492
nhsn,2025-2026,New York,early_sep_mar,Early Sep-Mar,2025-05,0.14059232517255932,0.1402496201740495,0.18499999999999997,1401.8131868131868
nhsn,2025-2026,New York,early_sep_mar,Early Sep-Mar,2025-06,0.13955568826455036,0.1395487704328333,0.18499999999999991,1356.5934065934066
nhsn,2025-2026,New York,early_sep_mar,Early Sep-Mar,2025-07,0.14111660289665356,0.14073915134691886,0.18499999999999997,1394.5769230769229
nhsn,2025-2026,New York,early_sep_mar,Early Sep-Mar,2025-08,0.1415544339490236,0.14157154727695245,0.18499999999999997,1379.736263736264
nhsn,2025-2026,New York,early_sep_mar,Early Sep-Mar,2025-09,0.14531926053863106,0.14517566446040925,0.18499999999999997,1311.0201465201465
nhsn,2025-2026,New York,early_sep_mar,Early Sep-Mar,2025-10,0.1479563129741864,0.1471919764740325,0.185,1317.7454212454213
nhsn,2025-2026,New York,early_sep_mar,Early Sep-Mar,2025-11,0.14557418835531014,0.14225054964976197,0.18499999999999997,1209.8754578754579
nhsn,2025-2026,New York,early_sep_mar,Early Sep-Mar,2025-12,0.1384988912236939,0.13525634969656125,0.185,1033.952380952381
nhsn,2025-2026,New York,early_sep_mar,Early Sep-Mar,2026-01,0.1340881414129954,0.12793253906946603,0.185,737.3424908424907
nhsn,2025-2026,New York,early_sep_mar,Early Sep-Mar,2026-02,0.11668461060693801,0.10981665487566702,0.185,382.5512820512821
nhsn,2025-2026,New York,early_sep_mar,Early Sep-Mar,2026-03,0.09281715585426827,0.07614208452376024,0.12500891612903228,149.01648351648353
nhsn,2025-2026,New York,early_sep_mar,Early Sep-Mar,2026-04,0.0,0.0,0.0,21.00915750915751
nhsn,2025-2026,New York,extended_sep_apr,Extended Sep-Apr,2025-01,0.0,0.0,0.0,664.4706959706958
nhsn,2025-2026,New York,extended_sep_apr,Extended Sep-Apr,2025-02,0.0,0.027206455251065766,0.035216071428571416,883.6025641025642
nhsn,2025-2026,New York,extended_sep_apr,Extended Sep-Apr,2025-03,0.14139031406540167,0.13895353045085596,0.1814790322580645,1252.7967032967033
nhsn,2025-2026,New York,extended_sep_apr,Extended Sep-Apr,2025-04,0.13944496191555417,0.1395277739642915,0.18499999999999991,1335.5842490842492
nhsn,2025-2026,New York,extended_sep_apr,Extended Sep-Apr,2025-05,0.14059232517255932,0.1402496201740495,0.18499999999999997,1401.8131868131868
nhsn,2025-2026,New York,extended_sep_apr,Extended Sep-Apr,2025-06,0.13955568826455036,0.1395487704328333,0.18499999999999991,1356.5934065934066
nhsn,2025-2026,New York,extended_sep_apr,Extended Sep-Apr,2025-07,0.14111660289665356,0.14073915134691886,0.18499999999999997,1394.5769230769229
nhsn,2025-2026,New York,extended_sep_apr,Extended Sep-Apr,2025-08,0.1415544339490236,0.14157154727695245,0.18499999999999997,1379.736263736264
nhsn,2025-2026,New York,extended_sep_apr,Extended Sep-Apr,2025-09,0.14531926053863106,0.14517566446040925,0.18499999999999997,1311.0201465201465
nhsn,2025-2026,New York,extended_sep_apr,Extended Sep-Apr,2025-10,0.1479563129741864,0.1471919764740325,0.185,1317.7454212454213
nhsn,2025-2026,New York,extended_sep_apr,Extended Sep-Apr,2025-11,0.14557418835531014,0.14225054964976197,0.18499999999999997,1209.8754578754579
nhsn,2025-2026,New York,extended_sep_apr,Extended Sep-Apr,2025-12,0.1384988912236939,0.13525634969656125,0.185,1033.952380952381
nhsn,2025-2026,New York,extended_sep_apr,Extended Sep-Apr,2026-01,0.1340881414129954,0.12793253906946603,0.185,737.3424908424907
nhsn,2025-2026,New York,extended_sep_apr,Extended Sep-Apr,2026-02,0.11668461060693801,0.10981665487566702,0.185,382.5512820512821
nhsn,2025-2026,New York,extended_sep_apr,Extended Sep-Apr,2026-03,0.09281715585426827,0.08886956630140783,0.185,149.01648351648353
nhsn,2025-2026,New York,extended_sep_apr,Extended Sep-Apr,2026-04,0.01443,0.04565302482857811,0.13351405600000002,21.00915750915751
nhsn,2025-2026,New York,late_oct_apr,Late Oct-Apr,2025-01,0.0,0.0,0.0,664.4706959706958
nhsn,2025-2026,New York,late_oct_apr,Late Oct-Apr,2025-02,0.0,0.0,0.0,883.6025641025642
nhsn,2025-2026,New York,late_oct_apr,Late Oct-Apr,2025-03,0.0,0.025926021075745747,0.03425483870967742,1252.7967032967033
nhsn,2025-2026,New York,late_oct_apr,Late Oct-Apr,2025-04,0.1393678936962216,0.1391160843269229,0.18499999999999991,1335.5842490842492
nhsn,2025-2026,New York,late_oct_apr,Late Oct-Apr,2025-05,0.13485470390039286,0.13440555352463926,0.18499999999999997,1401.8131868131868
nhsn,2025-2026,New York,late_oct_apr,Late Oct-Apr,2025-06,0.13948148053797155,0.1392203762388255,0.18499999999999991,1356.5934065934066
nhsn,2025-2026,New York,late_oct_apr,Late Oct-Apr,2025-07,0.13526923487401993,0.13510108996044293,0.18499999999999997,1394.5769230769229
nhsn,2025-2026,New York,late_oct_apr,Late Oct-Apr,2025-08,0.14206164787345218,0.14202366021828136,0.18499999999999997,1379.736263736264
nhsn,2025-2026,New York,late_oct_apr,Late Oct-Apr,2025-09,0.14497426379489767,0.14519984298984057,0.18499999999999991,1311.0201465201465
nhsn,2025-2026,New York,late_oct_apr,Late Oct-Apr,2025-10,0.1479563129741864,0.1471919764740325,0.185,1317.7454212454213
nhsn,2025-2026,New York,late_oct_apr,Late Oct-Apr,2025-11,0.14557418835531014,0.14225054964976197,0.18499999999999997,1209.8754578754579
nhsn,2025-2026,New York,late_oct_apr,Late Oct-Apr,2025-12,0.1384988912236939,0.13525634969656125,0.185,1033.952380952381
nhsn,2025-2026,New York,late_oct_apr,Late Oct-Apr,2026-01,0.1340881414129954,0.12793253906946603,0.185,737.3424908424907
nhsn,2025-2026,New York,late_oct_apr,Late Oct-Apr,2026-02,0.11668461060693801,0.10981665487566702,0.185,382.5512820512821
nhsn,2025-2026,New York,late_oct_apr,Late Oct-Apr,2026-03,0.09281715585426827,0.08886956630140783,0.185,149.01648351648353
nhsn,2025-2026,New York,late_oct_apr,Late Oct-Apr,2026-04,0.01443,0.04565302482857811,0.13351405600000002,21.00915750915751
nhsn,2025-2026,North Carolina,baseline_oct_mar,Baseline Oct-Mar,2025-01,0.0,0.0,0.0,254.54761904761904
nhsn,2025-2026,North Carolina,baseline_oct_mar,Baseline Oct-Mar,2025-02,0.0,0.0,0.0,336.20512820512823
nhsn,2025-2026,North Carolina,baseline_oct_mar,Baseline Oct-Mar,2025-03,0.0,0.02680754134805792,0.03425483870967742,480.9981684981685
nhsn,2025-2026,North Carolina,baseline_oct_mar,Baseline Oct-Mar,2025-04,0.14476174643735054,0.14428898634299972,0.18499999999999991,515.113553113553
nhsn,2025-2026,North Carolina,baseline_oct_mar,Baseline Oct-Mar,2025-05,0.14141959988268094,0.1410751675900857,0.18499999999999997,542.1593406593406
nhsn,2025-2026,North Carolina,baseline_oct_mar,Baseline Oct-Mar,2025-06,0.14481071143025998,0.14432206479667772,0.18499999999999991,524.6703296703295
nhsn,2025-2026,North Carolina,baseline_oct_mar,Baseline Oct-Mar,2025-07,0.14199621543554855,0.1417108553900411,0.18499999999999997,539.7252747252746
nhsn,2025-2026,North Carolina,baseline_oct_mar,Baseline Oct-Mar,2025-08,0.146343262085676,0.14632786538733678,0.18499999999999997,536.1904761904761
nhsn,2025-2026,North Carolina,baseline_oct_mar,Baseline Oct-Mar,2025-09,0.1473535523715658,0.14728734390929898,0.18499999999999991,516.0879120879122
nhsn,2025-2026,North Carolina,baseline_oct_mar,Baseline Oct-Mar,2025-10,0.14808553770557817,0.14762073773669776,0.185,527.919413919414
nhsn,2025-2026,North Carolina,baseline_oct_mar,Baseline Oct-Mar,2025-11,0.14698460464270907,0.14448167899726297,0.18499999999999997,491.6080586080586
nhsn,2025-2026,North Carolina,baseline_oct_mar,Baseline Oct-Mar,2025-12,0.13638420807652157,0.1328326692054897,0.185,434.1831501831502
nhsn,2025-2026,North Carolina,baseline_oct_mar,Baseline Oct-Mar,2026-01,0.13224604023313086,0.12719043004155448,0.185,287.6117216117216
nhsn,2025-2026,North Carolina,baseline_oct_mar,Baseline Oct-Mar,2026-02,0.12501477218147072,0.11305483795883292,0.185,153.4871794871795
nhsn,2025-2026,North Carolina,baseline_oct_mar,Baseline Oct-Mar,2026-03,0.07900629280397023,0.07292785290118196,0.12500891612903228,61.16117216117216
nhsn,2025-2026,North Carolina,baseline_oct_mar,Baseline Oct-Mar,2026-04,0.0,0.0,0.0,9.556776556776558
nhsn,2025-2026,North Carolina,early_sep_mar,Early Sep-Mar,2025-01,0.0,0.0,0.0,254.54761904761904
nhsn,2025-2026,North Carolina,early_sep_mar,Early Sep-Mar,2025-02,0.0,0.027571628287112165,0.035216071428571416,336.20512820512823
nhsn,2025-2026,North Carolina,early_sep_mar,Early Sep-Mar,2025-03,0.14505258458109377,0.14227566557174925,0.1814790322580645,480.9981684981685
nhsn,2025-2026,North Carolina,early_sep_mar,Early Sep-Mar,2025-04,0.14476174643735054,0.14408774829028337,0.18499999999999991,515.113553113553
nhsn,2025-2026,North Carolina,early_sep_mar,Early Sep-Mar,2025-05,0.14286198729263197,0.14299256374715408,0.18499999999999997,542.1593406593406
nhsn,2025-2026,North Carolina,early_sep_mar,Early Sep-Mar,2025-06,0.14481071143025998,0.14395194007055648,0.18499999999999991,524.6703296703295
nhsn,2025-2026,North Carolina,early_sep_mar,Early Sep-Mar,2025-07,0.14273646479656707,0.14288236379432895,0.18499999999999997,539.7252747252746
nhsn,2025-2026,North Carolina,early_sep_mar,Early Sep-Mar,2025-08,0.14252499015386988,0.142563356741376,0.18499999999999997,536.1904761904761
nhsn,2025-2026,North Carolina,early_sep_mar,Early Sep-Mar,2025-09,0.14670237341927275,0.14580240498660105,0.18499999999999997,516.0879120879121
nhsn,2025-2026,North Carolina,early_sep_mar,Early Sep-Mar,2025-10,0.14808553770557817,0.14762073773669776,0.185,527.919413919414
nhsn,2025-2026,North Carolina,early_sep_mar,Early Sep-Mar,2025-11,0.14698460464270907,0.14448167899726297,0.18499999999999997,491.6080586080586
nhsn,2025-2026,North Carolina,early_sep_mar,Early Sep-Mar,2025-12,0.13638420807652157,0.1328326692054897,0.185,434.1831501831502
nhsn,2025-2026,North Carolina,early_sep_mar,Early Sep-Mar,2026-01,0.13224604023313086,0.12719043004155448,0.185,287.6117216117216
nhsn,2025-2026,North Carolina,early_sep_mar,Early Sep-Mar,2026-02,0.12501477218147072,0.11305483795883292,0.185,153.4871794871795
nhsn,2025-2026,North Carolina,early_sep_mar,Early Sep-Mar,2026-03,0.07900629280397023,0.07292785290118196,0.12500891612903228,61.16117216117216
nhsn,2025-2026,North Carolina,early_sep_mar,Early Sep-Mar,2026-04,0.0,0.0,0.0,9.556776556776558
nhsn,2025-2026,North Carolina,extended_sep_apr,Extended Sep-Apr,2025-01,0.0,0.0,0.0,254.54761904761904
nhsn,2025-2026,North Carolina,extended_sep_apr,Extended Sep-Apr,2025-02,0.0,0.027571628287112165,0.035216071428571416,336.20512820512823
nhsn,2025-2026,North Carolina,extended_sep_apr,Extended Sep-Apr,2025-03,0.14505258458109377,0.14227566557174925,0.1814790322580645,480.9981684981685
nhsn,2025-2026,North Carolina,extended_sep_apr,Extended Sep-Apr,2025-04,0.14476174643735054,0.14408774829028337,0.18499999999999991,515.113553113553
nhsn,2025-2026,North Carolina,extended_sep_apr,Extended Sep-Apr,2025-05,0.14286198729263197,0.14299256374715408,0.18499999999999997,542.1593406593406
nhsn,2025-2026,North Carolina,extended_sep_apr,Extended Sep-Apr,2025-06,0.14481071143025998,0.14395194007055648,0.18499999999999991,524.6703296703295
nhsn,2025-2026,North Carolina,extended_sep_apr,Extended Sep-Apr,2025-07,0.14273646479656707,0.14288236379432895,0.18499999999999997,539.7252747252746
nhsn,2025-2026,North Carolina,extended_sep_apr,Extended Sep-Apr,2025-08,0.14252499015386988,0.142563356741376,0.18499999999999997,536.1904761904761
nhsn,2025-2026,North Carolina,extended_sep_apr,Extended Sep-Apr,2025-09,0.14670237341927275,0.14580240498660105,0.18499999999999997,516.0879120879121
nhsn,2025-2026,North Carolina,extended_sep_apr,Extended Sep-Apr,2025-10,0.14808553770557817,0.14762073773669776,0.185,527.919413919414
nhsn,2025-2026,North Carolina,extended_sep_apr,Extended Sep-Apr,2025-11,0.14698460464270907,0.14448167899726297,0.18499999999999997,491.6080586080586
nhsn,2025-2026,North Carolina,extended_sep_apr,Extended Sep-Apr,2025-12,0.13638420807652157,0.1328326692054897,0.185,434.1831501831502
nhsn,2025-2026,North Carolina,extended_sep_apr,Extended Sep-Apr,2026-01,0.13224604023313086,0.12719043004155448,0.185,287.6117216117216
nhsn,2025-2026,North Carolina,extended_sep_apr,Extended Sep-Apr,2026-02,0.12501477218147072,0.11305483795883292,0.185,153.4871794871795
nhsn,2025-2026,North Carolina,extended_sep_apr,Extended Sep-Apr,2026-03,0.09055992509363298,0.08868382727837015,0.185,61.16117216117216
nhsn,2025-2026,North Carolina,extended_sep_apr,Extended Sep-Apr,2026-04,0.024403676470588234,0.055372062433627,0.13351405600000002,9.556776556776557
nhsn,2025-2026,North Carolina,late_oct_apr,Late Oct-Apr,2025-01,0.0,0.0,0.0,254.54761904761904
nhsn,2025-2026,North Carolina,late_oct_apr,Late Oct-Apr,2025-02,0.0,0.0,0.0,336.20512820512823
nhsn,2025-2026,North Carolina,late_oct_apr,Late Oct-Apr,2025-03,0.0,0.02680754134805792,0.03425483870967742,480.9981684981685
nhsn,2025-2026,North Carolina,late_oct_apr,Late Oct-Apr,2025-04,0.14476174643735054,0.14428898634299972,0.18499999999999991,515.113553113553
nhsn,2025-2026,North Carolina,late_oct_apr,Late Oct-Apr,2025-05,0.14141959988268094,0.1410751675900857,0.18499999999999997,542.1593406593406
nhsn,2025-2026,North Carolina,late_oct_apr,Late Oct-Apr,2025-06,0.14481071143025998,0.14432206479667772,0.18499999999999991,524.6703296703295
nhsn,2025-2026,North Carolina,late_oct_apr,Late Oct-Apr,2025-07,0.14199621543554855,0.1417108553900411,0.18499999999999997,539.7252747252746
nhsn,2025-2026,North Carolina,late_oct_apr,Late Oct-Apr,2025-08,0.146343262085676,0.14632786538733678,0.18499999999999997,536.1904761904761
nhsn,2025-2026,North Carolina,late_oct_apr,Late Oct-Apr,2025-09,0.1473535523715658,0.14728734390929898,0.18499999999999991,516.0879120879122
nhsn,2025-2026,North Carolina,late_oct_apr,Late Oct-Apr,2025-10,0.14808553770557817,0.14762073773669776,0.185,527.919413919414
nhsn,2025-2026,North Carolina,late_oct_apr,Late Oct-Apr,2025-11,0.14698460464270907,0.14448167899726297,0.18499999999999997,491.6080586080586
nhsn,2025-2026,North Carolina,late_oct_apr,Late Oct-Apr,2025-12,0.13638420807652157,0.1328326692054897,0.185,434.1831501831502
nhsn,2025-2026,North Carolina,late_oct_apr,Late Oct-Apr,2026-01,0.13224604023313086,0.12719043004155448,0.185,287.6117216117216
nhsn,2025-2026,North Carolina,late_oct_apr,Late Oct-Apr,2026-02,0.12501477218147072,0.11305483795883292,0.185,153.4871794871795
nhsn,2025-2026,North Carolina,late_oct_apr,Late Oct-Apr,2026-03,0.09055992509363298,0.08868382727837015,0.185,61.16117216117216
nhsn,2025-2026,North Carolina,late_oct_apr,Late Oct-Apr,2026-04,0.024403676470588234,0.055372062433627,0.13351405600000002,9.556776556776557
nhsn,2025-2026,North Dakota,baseline_oct_mar,Baseline Oct-Mar,2025-01,0.0,0.0,0.0,6.926739926739925
nhsn,2025-2026,North Dakota,baseline_oct_mar,Baseline Oct-Mar,2025-02,0.0,0.0,0.0,13.884615384615383
nhsn,2025-2026,North Dakota,baseline_oct_mar,Baseline Oct-Mar,2025-03,0.0,0.026525622170955398,0.03425483870967742,34.84432234432234
nhsn,2025-2026,North Dakota,baseline_oct_mar,Baseline Oct-Mar,2025-04,0.14391963371628375,0.1438977495946653,0.18499999999999991,56.69413919413919
nhsn,2025-2026,North Dakota,baseline_oct_mar,Baseline Oct-Mar,2025-05,0.14421761577928244,0.1442425697773294,0.18499999999999997,64.3846153846154
nhsn,2025-2026,North Dakota,baseline_oct_mar,Baseline Oct-Mar,2025-06,0.14408160914394247,0.14414710029534866,0.18499999999999991,62.30769230769232
nhsn,2025-2026,North Dakota,baseline_oct_mar,Baseline Oct-Mar,2025-07,0.14496929499072356,0.14487808657744322,0.18499999999999997,64.10256410256409
nhsn,2025-2026,North Dakota,baseline_oct_mar,Baseline Oct-Mar,2025-08,0.1464905902085336,0.14630083020340673,0.18499999999999997,63.43589743589743
nhsn,2025-2026,North Dakota,baseline_oct_mar,Baseline Oct-Mar,2025-09,0.14718025724589875,0.14701685160471706,0.18499999999999991,61.15384615384615
nhsn,2025-2026,North Dakota,baseline_oct_mar,Baseline Oct-Mar,2025-10,0.14728457714733323,0.14737132256344,0.185,62.98717948717948
nhsn,2025-2026,North Dakota,baseline_oct_mar,Baseline Oct-Mar,2025-11,0.1478686946597706,0.1473590558498957,0.18499999999999997,60.628205128205124
nhsn,2025-2026,North Dakota,baseline_oct_mar,Baseline Oct-Mar,2025-12,0.14694966607729393,0.14646812346981858,0.185,60.93956043956044
nhsn,2025-2026,North Dakota,baseline_oct_mar,Baseline Oct-Mar,2026-01,0.14827671274461976,0.14495271139962126,0.185,57.45787545787545
nhsn,2025-2026,North Dakota,baseline_oct_mar,Baseline Oct-Mar,2026-02,0.13929291158435061,0.13180226365995082,0.185,44.269230769230774
nhsn,2025-2026,North Dakota,baseline_oct_mar,Baseline Oct-Mar,2026-03,0.11004445008869536,0.08596854368315901,0.12500891612903228,29.540293040293037
nhsn,2025-2026,North Dakota,baseline_oct_mar,Baseline Oct-Mar,2026-04,0.0,0.0,0.0,5.613553113553114
nhsn,2025-2026,North Dakota,early_sep_mar,Early Sep-Mar,2025-01,0.0,0.0,0.0,6.926739926739925
nhsn,2025-2026,North Dakota,early_sep_mar,Early Sep-Mar,2025-02,0.0,0.026313908310771697,0.035216071428571416,13.884615384615383
nhsn,2025-2026,North Dakota,early_sep_mar,Early Sep-Mar,2025-03,0.14231741830382866,0.13944912859844655,0.1814790322580645,34.84432234432234
nhsn,2025-2026,North Dakota,early_sep_mar,Early Sep-Mar,2025-04,0.1437706867352471,0.13921050201631602,0.18499999999999991,56.69413919413919
nhsn,2025-2026,North Dakota,early_sep_mar,Early Sep-Mar,2025-05,0.1378921146076146,0.1337624270599313,0.18499999999999997,64.3846153846154
nhsn,2025-2026,North Dakota,early_sep_mar,Early Sep-Mar,2025-06,0.143951737003737,0.1391027085855153,0.18499999999999991,62.30769230769232
nhsn,2025-2026,North Dakota,early_sep_mar,Early Sep-Mar,2025-07,0.13151350909339107,0.1294686824305368,0.18499999999999997,64.10256410256409
nhsn,2025-2026,North Dakota,early_sep_mar,Early Sep-Mar,2025-08,0.12066980083438573,0.12177356423266714,0.18499999999999997,63.43589743589743
nhsn,2025-2026,North Dakota,early_sep_mar,Early Sep-Mar,2025-09,0.14425925720191757,0.13866539457972152,0.18499999999999997,61.153846153846146
nhsn,2025-2026,North Dakota,early_sep_mar,Early Sep-Mar,2025-10,0.14728457714733323,0.14737132256344,0.185,62.98717948717948
nhsn,2025-2026,North Dakota,early_sep_mar,Early Sep-Mar,2025-11,0.1478686946597706,0.1473590558498957,0.18499999999999997,60.628205128205124
nhsn,2025-2026,North Dakota,early_sep_mar,Early Sep-Mar,2025-12,0.14694966607729393,0.14646812346981858,0.185,60.93956043956044
nhsn,2025-2026,North Dakota,early_sep_mar,Early Sep-Mar,2026-01,0.14827671274461976,0.14495271139962126,0.185,57.45787545787545
nhsn,2025-2026,North Dakota,early_sep_mar,Early Sep-Mar,2026-02,0.13929291158435061,0.13180226365995082,0.185,44.269230769230774
nhsn,2025-2026,North Dakota,early_sep_mar,Early Sep-Mar,2026-03,0.11004445008869536,0.08596854368315901,0.12500891612903228,29.540293040293037
nhsn,2025-2026,North Dakota,early_sep_mar,Early Sep-Mar,2026-04,0.0,0.0,0.0,5.613553113553114
nhsn,2025-2026,North Dakota,extended_sep_apr,Extended Sep-Apr,2025-01,0.0,0.0,0.0,6.926739926739925
nhsn,2025-2026,North Dakota,extended_sep_apr,Extended Sep-Apr,2025-02,0.0,0.026313908310771697,0.035216071428571416,13.884615384615383
nhsn,2025-2026,North Dakota,extended_sep_apr,Extended Sep-Apr,2025-03,0.14231741830382866,0.13944912859844655,0.1814790322580645,34.84432234432234
nhsn,2025-2026,North Dakota,extended_sep_apr,Extended Sep-Apr,2025-04,0.1437706867352471,0.13921050201631602,0.18499999999999991,56.69413919413919
nhsn,2025-2026,North Dakota,extended_sep_apr,Extended Sep-Apr,2025-05,0.1378921146076146,0.1337624270599313,0.18499999999999997,64.3846153846154
nhsn,2025-2026,North Dakota,extended_sep_apr,Extended Sep-Apr,2025-06,0.143951737003737,0.1391027085855153,0.18499999999999991,62.30769230769232
nhsn,2025-2026,North Dakota,extended_sep_apr,Extended Sep-Apr,2025-07,0.13151350909339107,0.1294686824305368,0.18499999999999997,64.10256410256409
nhsn,2025-2026,North Dakota,extended_sep_apr,Extended Sep-Apr,2025-08,0.12066980083438573,0.12177356423266714,0.18499999999999997,63.43589743589743
nhsn,2025-2026,North Dakota,extended_sep_apr,Extended Sep-Apr,2025-09,0.14425925720191757,0.13866539457972152,0.18499999999999997,61.153846153846146
nhsn,2025-2026,North Dakota,extended_sep_apr,Extended Sep-Apr,2025-10,0.14728457714733323,0.14737132256344,0.185,62.98717948717948
nhsn,2025-2026,North Dakota,extended_sep_apr,Extended Sep-Apr,2025-11,0.1478686946597706,0.1473590558498957,0.18499999999999997,60.628205128205124
nhsn,2025-2026,North Dakota,extended_sep_apr,Extended Sep-Apr,2025-12,0.14694966607729393,0.14646812346981858,0.185,60.93956043956044
nhsn,2025-2026,North Dakota,extended_sep_apr,Extended Sep-Apr,2026-01,0.14827671274461976,0.14495271139962126,0.185,57.45787545787545
nhsn,2025-2026,North Dakota,extended_sep_apr,Extended Sep-Apr,2026-02,0.13929291158435061,0.13180226365995082,0.185,44.269230769230774
nhsn,2025-2026,North Dakota,extended_sep_apr,Extended Sep-Apr,2026-03,0.11004445008869536,0.10030534617465481,0.185,29.540293040293037
nhsn,2025-2026,North Dakota,extended_sep_apr,Extended Sep-Apr,2026-04,0.01443,0.045136600996974245,0.13351405600000002,5.613553113553113
nhsn,2025-2026,North Dakota,late_oct_apr,Late Oct-Apr,2025-01,0.0,0.0,0.0,6.926739926739925
nhsn,2025-2026,North Dakota,late_oct_apr,Late Oct-Apr,2025-02,0.0,0.0,0.0,13.884615384615383
nhsn,2025-2026,North Dakota,late_oct_apr,Late Oct-Apr,2025-03,0.0,0.026525622170955398,0.03425483870967742,34.84432234432234
nhsn,2025-2026,North Dakota,late_oct_apr,Late Oct-Apr,2025-04,0.14391963371628375,0.1438977495946653,0.18499999999999991,56.69413919413919
nhsn,2025-2026,North Dakota,late_oct_apr,Late Oct-Apr,2025-05,0.14421761577928244,0.1442425697773294,0.18499999999999997,64.3846153846154
nhsn,2025-2026,North Dakota,late_oct_apr,Late Oct-Apr,2025-06,0.14408160914394247,0.14414710029534866,0.18499999999999991,62.30769230769232
nhsn,2025-2026,North Dakota,late_oct_apr,Late Oct-Apr,2025-07,0.14496929499072356,0.14487808657744322,0.18499999999999997,64.10256410256409
nhsn,2025-2026,North Dakota,late_oct_apr,Late Oct-Apr,2025-08,0.1464905902085336,0.14630083020340673,0.18499999999999997,63.43589743589743
nhsn,2025-2026,North Dakota,late_oct_apr,Late Oct-Apr,2025-09,0.14718025724589875,0.14701685160471706,0.18499999999999991,61.15384615384615
nhsn,2025-2026,North Dakota,late_oct_apr,Late Oct-Apr,2025-10,0.14728457714733323,0.14737132256344,0.185,62.98717948717948
nhsn,2025-2026,North Dakota,late_oct_apr,Late Oct-Apr,2025-11,0.1478686946597706,0.1473590558498957,0.18499999999999997,60.628205128205124
nhsn,2025-2026,North Dakota,late_oct_apr,Late Oct-Apr,2025-12,0.14694966607729393,0.14646812346981858,0.185,60.93956043956044
nhsn,2025-2026,North Dakota,late_oct_apr,Late Oct-Apr,2026-01,0.14827671274461976,0.14495271139962126,0.185,57.45787545787545
nhsn,2025-2026,North Dakota,late_oct_apr,Late Oct-Apr,2026-02,0.13929291158435061,0.13180226365995082,0.185,44.269230769230774
nhsn,2025-2026,North Dakota,late_oct_apr,Late Oct-Apr,2026-03,0.11004445008869536,0.10030534617465481,0.185,29.540293040293037
nhsn,2025-2026,North Dakota,late_oct_apr,Late Oct-Apr,2026-04,0.01443,0.045136600996974245,0.13351405600000002,5.613553113553113
nhsn,2025-2026,Ohio,baseline_oct_mar,Baseline Oct-Mar,2025-01,0.0,0.0,0.0,326.0238095238095
nhsn,2025-2026,Ohio,baseline_oct_mar,Baseline Oct-Mar,2025-02,0.0,0.0,0.0,491.1282051282051
nhsn,2025-2026,Ohio,baseline_oct_mar,Baseline Oct-Mar,2025-03,0.0,0.02695730365198572,0.03425483870967742,739.8388278388279
nhsn,2025-2026,Ohio,baseline_oct_mar,Baseline Oct-Mar,2025-04,0.14559150164590667,0.1453668876311538,0.18499999999999991,791.8223443223443
nhsn,2025-2026,Ohio,baseline_oct_mar,Baseline Oct-Mar,2025-05,0.1430359831220728,0.14341311526600473,0.18499999999999997,831.7197802197802
nhsn,2025-2026,Ohio,baseline_oct_mar,Baseline Oct-Mar,2025-06,0.14561639743756824,0.14538151666401664,0.18499999999999991,804.8901098901099
nhsn,2025-2026,Ohio,baseline_oct_mar,Baseline Oct-Mar,2025-07,0.14362307214937306,0.14396798244594336,0.18499999999999997,828.518315018315
nhsn,2025-2026,Ohio,baseline_oct_mar,Baseline Oct-Mar,2025-08,0.14711250986145674,0.14711899954410346,0.18499999999999997,823.2783882783883
nhsn,2025-2026,Ohio,baseline_oct_mar,Baseline Oct-Mar,2025-09,0.14766253932434664,0.14764397801101142,0.18499999999999991,794.0219780219779
nhsn,2025-2026,Ohio,baseline_oct_mar,Baseline Oct-Mar,2025-10,0.14813169467903514,0.14780774798615856,0.185,816.065934065934
nhsn,2025-2026,Ohio,baseline_oct_mar,Baseline Oct-Mar,2025-11,0.14773568830707368,0.14637219073415658,0.18499999999999997,769.5915750915751
nhsn,2025-2026,Ohio,baseline_oct_mar,Baseline Oct-Mar,2025-12,0.14112096532942925,0.1363704743003091,0.185,716.3553113553114
nhsn,2025-2026,Ohio,baseline_oct_mar,Baseline Oct-Mar,2026-01,0.1326341793355149,0.12690949420276054,0.185,505.6959706959707
nhsn,2025-2026,Ohio,baseline_oct_mar,Baseline Oct-Mar,2026-02,0.11298755988269996,0.10756987036804921,0.185,260.1025641025641
nhsn,2025-2026,Ohio,baseline_oct_mar,Baseline Oct-Mar,2026-03,0.08485304855521837,0.07480287785167168,0.12500891612903228,91.8809523809524
nhsn,2025-2026,Ohio,baseline_oct_mar,Baseline Oct-Mar,2026-04,0.0,0.0,0.0,13.06776556776557
nhsn,2025-2026,Ohio,early_sep_mar,Early Sep-Mar,2025-01,0.0,0.0,0.0,326.0238095238095
nhsn,2025-2026,Ohio,early_sep_mar,Early Sep-Mar,2025-02,0.0,0.027633567690065076,0.035216071428571416,491.1282051282051
nhsn,2025-2026,Ohio,early_sep_mar,Early Sep-Mar,2025-03,0.14545052261322755,0.14268682017064507,0.1814790322580645,739.8388278388279
nhsn,2025-2026,Ohio,early_sep_mar,Early Sep-Mar,2025-04,0.14559150164590667,0.1447954593767136,0.18499999999999991,791.8223443223443
nhsn,2025-2026,Ohio,early_sep_mar,Early Sep-Mar,2025-05,0.14429031309041834,0.14368369881647317,0.18499999999999997,831.7197802197802
nhsn,2025-2026,Ohio,early_sep_mar,Early Sep-Mar,2025-06,0.14561639743756824,0.14472368223383142,0.18499999999999991,804.8901098901099
nhsn,2025-2026,Ohio,early_sep_mar,Early Sep-Mar,2025-07,0.1436445696783602,0.14335760230701375,0.18499999999999997,828.518315018315
nhsn,2025-2026,Ohio,early_sep_mar,Early Sep-Mar,2025-08,0.14230838041630026,0.14269214802163946,0.18499999999999997,823.2783882783883
nhsn,2025-2026,Ohio,early_sep_mar,Early Sep-Mar,2025-09,0.14704618193338467,0.14609674136982057,0.18499999999999997,794.021978021978
nhsn,2025-2026,Ohio,early_sep_mar,Early Sep-Mar,2025-10,0.14813169467903514,0.14780774798615856,0.185,816.065934065934
nhsn,2025-2026,Ohio,early_sep_mar,Early Sep-Mar,2025-11,0.14773568830707368,0.14637219073415658,0.18499999999999997,769.5915750915751
nhsn,2025-2026,Ohio,early_sep_mar,Early Sep-Mar,2025-12,0.14112096532942925,0.1363704743003091,0.185,716.3553113553114
nhsn,2025-2026,Ohio,early_sep_mar,Early Sep-Mar,2026-01,0.1326341793355149,0.12690949420276054,0.185,505.6959706959707
nhsn,2025-2026,Ohio,early_sep_mar,Early Sep-Mar,2026-02,0.11298755988269996,0.10756987036804921,0.185,260.1025641025641
nhsn,2025-2026,Ohio,early_sep_mar,Early Sep-Mar,2026-03,0.08485304855521837,0.07480287785167168,0.12500891612903228,91.8809523809524
nhsn,2025-2026,Ohio,early_sep_mar,Early Sep-Mar,2026-04,0.0,0.0,0.0,13.06776556776557
nhsn,2025-2026,Ohio,extended_sep_apr,Extended Sep-Apr,2025-01,0.0,0.0,0.0,326.0238095238095
nhsn,2025-2026,Ohio,extended_sep_apr,Extended Sep-Apr,2025-02,0.0,0.027633567690065076,0.035216071428571416,491.1282051282051
nhsn,2025-2026,Ohio,extended_sep_apr,Extended Sep-Apr,2025-03,0.14545052261322755,0.14268682017064507,0.1814790322580645,739.8388278388279
nhsn,2025-2026,Ohio,extended_sep_apr,Extended Sep-Apr,2025-04,0.14559150164590667,0.1447954593767136,0.18499999999999991,791.8223443223443
nhsn,2025-2026,Ohio,extended_sep_apr,Extended Sep-Apr,2025-05,0.14429031309041834,0.14368369881647317,0.18499999999999997,831.7197802197802
nhsn,2025-2026,Ohio,extended_sep_apr,Extended Sep-Apr,2025-06,0.14561639743756824,0.14472368223383142,0.18499999999999991,804.8901098901099
nhsn,2025-2026,Ohio,extended_sep_apr,Extended Sep-Apr,2025-07,0.1436445696783602,0.14335760230701375,0.18499999999999997,828.518315018315
nhsn,2025-2026,Ohio,extended_sep_apr,Extended Sep-Apr,2025-08,0.14230838041630026,0.14269214802163946,0.18499999999999997,823.2783882783883
nhsn,2025-2026,Ohio,extended_sep_apr,Extended Sep-Apr,2025-09,0.14704618193338467,0.14609674136982057,0.18499999999999997,794.021978021978
nhsn,2025-2026,Ohio,extended_sep_apr,Extended Sep-Apr,2025-10,0.14813169467903514,0.14780774798615856,0.185,816.065934065934
nhsn,2025-2026,Ohio,extended_sep_apr,Extended Sep-Apr,2025-11,0.14773568830707368,0.14637219073415658,0.18499999999999997,769.5915750915751
nhsn,2025-2026,Ohio,extended_sep_apr,Extended Sep-Apr,2025-12,0.14112096532942925,0.1363704743003091,0.185,716.3553113553114
nhsn,2025-2026,Ohio,extended_sep_apr,Extended Sep-Apr,2026-01,0.1326341793355149,0.12690949420276054,0.185,505.6959706959707
nhsn,2025-2026,Ohio,extended_sep_apr,Extended Sep-Apr,2026-02,0.11298755988269996,0.10756987036804921,0.185,260.1025641025641
nhsn,2025-2026,Ohio,extended_sep_apr,Extended Sep-Apr,2026-03,0.09045253987947535,0.0883347125137373,0.185,91.8809523809524
nhsn,2025-2026,Ohio,extended_sep_apr,Extended Sep-Apr,2026-04,0.014842285714285712,0.045807206955328875,0.13351405600000002,13.06776556776557
nhsn,2025-2026,Ohio,late_oct_apr,Late Oct-Apr,2025-01,0.0,0.0,0.0,326.0238095238095
nhsn,2025-2026,Ohio,late_oct_apr,Late Oct-Apr,2025-02,0.0,0.0,0.0,491.1282051282051
nhsn,2025-2026,Ohio,late_oct_apr,Late Oct-Apr,2025-03,0.0,0.02695730365198572,0.03425483870967742,739.8388278388279
nhsn,2025-2026,Ohio,late_oct_apr,Late Oct-Apr,2025-04,0.14559150164590667,0.1453668876311538,0.18499999999999991,791.8223443223443
nhsn,2025-2026,Ohio,late_oct_apr,Late Oct-Apr,2025-05,0.1430359831220728,0.14341311526600473,0.18499999999999997,831.7197802197802
nhsn,2025-2026,Ohio,late_oct_apr,Late Oct-Apr,2025-06,0.14561639743756824,0.14538151666401664,0.18499999999999991,804.8901098901099
nhsn,2025-2026,Ohio,late_oct_apr,Late Oct-Apr,2025-07,0.14362307214937306,0.14396798244594336,0.18499999999999997,828.518315018315
nhsn,2025-2026,Ohio,late_oct_apr,Late Oct-Apr,2025-08,0.14711250986145674,0.14711899954410346,0.18499999999999997,823.2783882783883
nhsn,2025-2026,Ohio,late_oct_apr,Late Oct-Apr,2025-09,0.14766253932434664,0.14764397801101142,0.18499999999999991,794.0219780219779
nhsn,2025-2026,Ohio,late_oct_apr,Late Oct-Apr,2025-10,0.14813169467903514,0.14780774798615856,0.185,816.065934065934
nhsn,2025-2026,Ohio,late_oct_apr,Late Oct-Apr,2025-11,0.14773568830707368,0.14637219073415658,0.18499999999999997,769.5915750915751
nhsn,2025-2026,Ohio,late_oct_apr,Late Oct-Apr,2025-12,0.14112096532942925,0.1363704743003091,0.185,716.3553113553114
nhsn,2025-2026,Ohio,late_oct_apr,Late Oct-Apr,2026-01,0.1326341793355149,0.12690949420276054,0.185,505.6959706959707
nhsn,2025-2026,Ohio,late_oct_apr,Late Oct-Apr,2026-02,0.11298755988269996,0.10756987036804921,0.185,260.1025641025641
nhsn,2025-2026,Ohio,late_oct_apr,Late Oct-Apr,2026-03,0.09045253987947535,0.0883347125137373,0.185,91.8809523809524
nhsn,2025-2026,Ohio,late_oct_apr,Late Oct-Apr,2026-04,0.014842285714285712,0.045807206955328875,0.13351405600000002,13.06776556776557
nhsn,2025-2026,Oklahoma,baseline_oct_mar,Baseline Oct-Mar,2025-01,0.0,0.0,0.0,32.76923076923077
nhsn,2025-2026,Oklahoma,baseline_oct_mar,Baseline Oct-Mar,2025-02,0.0,0.0,0.0,60.87179487179487
nhsn,2025-2026,Oklahoma,baseline_oct_mar,Baseline Oct-Mar,2025-03,0.0,0.026745756019256696,0.03425483870967742,117.93589743589746
nhsn,2025-2026,Oklahoma,baseline_oct_mar,Baseline Oct-Mar,2025-04,0.14461858346492218,0.14468972872493277,0.18499999999999991,126.3589743589744
nhsn,2025-2026,Oklahoma,baseline_oct_mar,Baseline Oct-Mar,2025-05,0.14525304109787496,0.14513523913989232,0.18499999999999997,131.5512820512821
nhsn,2025-2026,Oklahoma,baseline_oct_mar,Baseline Oct-Mar,2025-06,0.14463815930293275,0.14470383183873026,0.18499999999999991,127.30769230769232
nhsn,2025-2026,Oklahoma,baseline_oct_mar,Baseline Oct-Mar,2025-07,0.1453513608777929,0.1453879315597322,0.18499999999999997,131.32234432234435
nhsn,2025-2026,Oklahoma,baseline_oct_mar,Baseline Oct-Mar,2025-08,0.1464420684254396,0.1463820543875759,0.18499999999999997,129.9084249084249
nhsn,2025-2026,Oklahoma,baseline_oct_mar,Baseline Oct-Mar,2025-09,0.1466876088911089,0.14674168502654755,0.18499999999999991,125.37912087912085
nhsn,2025-2026,Oklahoma,baseline_oct_mar,Baseline Oct-Mar,2025-10,0.14817574539392497,0.1481890483607037,0.185,128.59523809523807
nhsn,2025-2026,Oklahoma,baseline_oct_mar,Baseline Oct-Mar,2025-11,0.14883016051440817,0.14727365271044374,0.18499999999999997,123.97435897435898
nhsn,2025-2026,Oklahoma,baseline_oct_mar,Baseline Oct-Mar,2025-12,0.14554791134806425,0.14199761073939082,0.185,120.3076923076923
nhsn,2025-2026,Oklahoma,baseline_oct_mar,Baseline Oct-Mar,2026-01,0.1412284750957704,0.13559655072867455,0.185,98.78205128205128
nhsn,2025-2026,Oklahoma,baseline_oct_mar,Baseline Oct-Mar,2026-02,0.11080845559900161,0.10073930779396019,0.185,57.94871794871795
nhsn,2025-2026,Oklahoma,baseline_oct_mar,Baseline Oct-Mar,2026-03,0.030274775641025643,0.05740532341922614,0.12500891612903228,13.615384615384617
nhsn,2025-2026,Oklahoma,baseline_oct_mar,Baseline Oct-Mar,2026-04,0.0,0.0,0.0,0.9487179487179485
nhsn,2025-2026,Oklahoma,early_sep_mar,Early Sep-Mar,2025-01,0.0,0.0,0.0,32.76923076923077
nhsn,2025-2026,Oklahoma,early_sep_mar,Early Sep-Mar,2025-02,0.0,0.027407435099111817,0.035216071428571416,60.87179487179487
nhsn,2025-2026,Oklahoma,early_sep_mar,Early Sep-Mar,2025-03,0.14494892406556326,0.14211808577572402,0.1814790322580645,117.93589743589746
nhsn,2025-2026,Oklahoma,early_sep_mar,Early Sep-Mar,2025-04,0.1444163698953486,0.14441465832436243,0.18499999999999991,126.3589743589744
nhsn,2025-2026,Oklahoma,early_sep_mar,Early Sep-Mar,2025-05,0.1440076786597089,0.14416516563560694,0.18499999999999997,131.5512820512821
nhsn,2025-2026,Oklahoma,early_sep_mar,Early Sep-Mar,2025-06,0.1444349787372748,0.144338483944399,0.18499999999999991,127.30769230769232
nhsn,2025-2026,Oklahoma,early_sep_mar,Early Sep-Mar,2025-07,0.14403960932178742,0.14422413728926292,0.18499999999999997,131.32234432234435
nhsn,2025-2026,Oklahoma,early_sep_mar,Early Sep-Mar,2025-08,0.14533650478356,0.14532301280452867,0.18499999999999997,129.9084249084249
nhsn,2025-2026,Oklahoma,early_sep_mar,Early Sep-Mar,2025-09,0.1465060664090511,0.14647986173330987,0.18499999999999997,125.37912087912088
nhsn,2025-2026,Oklahoma,early_sep_mar,Early Sep-Mar,2025-10,0.14817574539392497,0.1481890483607037,0.185,128.59523809523807
nhsn,2025-2026,Oklahoma,early_sep_mar,Early Sep-Mar,2025-11,0.14883016051440817,0.14727365271044374,0.18499999999999997,123.97435897435898
nhsn,2025-2026,Oklahoma,early_sep_mar,Early Sep-Mar,2025-12,0.14554791134806425,0.14199761073939082,0.185,120.3076923076923
nhsn,2025-2026,Oklahoma,early_sep_mar,Early Sep-Mar,2026-01,0.1412284750957704,0.13559655072867455,0.185,98.78205128205128
nhsn,2025-2026,Oklahoma,early_sep_mar,Early Sep-Mar,2026-02,0.11080845559900161,0.10073930779396019,0.185,57.94871794871795
nhsn,2025-2026,Oklahoma,early_sep_mar,Early Sep-Mar,2026-03,0.030274775641025643,0.05740532341922614,0.12500891612903228,13.615384615384617
nhsn,2025-2026,Oklahoma,early_sep_mar,Early Sep-Mar,2026-04,0.0,0.0,0.0,0.9487179487179485
nhsn,2025-2026,Oklahoma,extended_sep_apr,Extended Sep-Apr,2025-01,0.0,0.0,0.0,32.76923076923077
nhsn,2025-2026,Oklahoma,extended_sep_apr,Extended Sep-Apr,2025-02,0.0,0.027407435099111817,0.035216071428571416,60.87179487179487
nhsn,2025-2026,Oklahoma,extended_sep_apr,Extended Sep-Apr,2025-03,0.14494892406556326,0.14211808577572402,0.1814790322580645,117.93589743589746
nhsn,2025-2026,Oklahoma,extended_sep_apr,Extended Sep-Apr,2025-04,0.1444163698953486,0.14441465832436243,0.18499999999999991,126.3589743589744
nhsn,2025-2026,Oklahoma,extended_sep_apr,Extended Sep-Apr,2025-05,0.1440076786597089,0.14416516563560694,0.18499999999999997,131.5512820512821
nhsn,2025-2026,Oklahoma,extended_sep_apr,Extended Sep-Apr,2025-06,0.1444349787372748,0.144338483944399,0.18499999999999991,127.30769230769232
nhsn,2025-2026,Oklahoma,extended_sep_apr,Extended Sep-Apr,2025-07,0.14403960932178742,0.14422413728926292,0.18499999999999997,131.32234432234435
nhsn,2025-2026,Oklahoma,extended_sep_apr,Extended Sep-Apr,2025-08,0.14533650478356,0.14532301280452867,0.18499999999999997,129.9084249084249
nhsn,2025-2026,Oklahoma,extended_sep_apr,Extended Sep-Apr,2025-09,0.1465060664090511,0.14647986173330987,0.18499999999999997,125.37912087912088
nhsn,2025-2026,Oklahoma,extended_sep_apr,Extended Sep-Apr,2025-10,0.14817574539392497,0.1481890483607037,0.185,128.59523809523807
nhsn,2025-2026,Oklahoma,extended_sep_apr,Extended Sep-Apr,2025-11,0.14883016051440817,0.14727365271044374,0.18499999999999997,123.97435897435898
nhsn,2025-2026,Oklahoma,extended_sep_apr,Extended Sep-Apr,2025-12,0.14554791134806425,0.14199761073939082,0.185,120.3076923076923
nhsn,2025-2026,Oklahoma,extended_sep_apr,Extended Sep-Apr,2026-01,0.1412284750957704,0.13559655072867455,0.185,98.78205128205128
nhsn,2025-2026,Oklahoma,extended_sep_apr,Extended Sep-Apr,2026-02,0.11080845559900161,0.10073930779396019,0.185,57.94871794871795
nhsn,2025-2026,Oklahoma,extended_sep_apr,Extended Sep-Apr,2026-03,0.0810391622760801,0.07852805106325693,0.185,13.615384615384617
nhsn,2025-2026,Oklahoma,extended_sep_apr,Extended Sep-Apr,2026-04,0.028859999999999997,0.06297313246925373,0.13351405600000002,0.9487179487179487
nhsn,2025-2026,Oklahoma,late_oct_apr,Late Oct-Apr,2025-01,0.0,0.0,0.0,32.76923076923077
nhsn,2025-2026,Oklahoma,late_oct_apr,Late Oct-Apr,2025-02,0.0,0.0,0.0,60.87179487179487
nhsn,2025-2026,Oklahoma,late_oct_apr,Late Oct-Apr,2025-03,0.0,0.026745756019256696,0.03425483870967742,117.93589743589746
nhsn,2025-2026,Oklahoma,late_oct_apr,Late Oct-Apr,2025-04,0.14461858346492218,0.14468972872493277,0.18499999999999991,126.3589743589744
nhsn,2025-2026,Oklahoma,late_oct_apr,Late Oct-Apr,2025-05,0.14525304109787496,0.14513523913989232,0.18499999999999997,131.5512820512821
nhsn,2025-2026,Oklahoma,late_oct_apr,Late Oct-Apr,2025-06,0.14463815930293275,0.14470383183873026,0.18499999999999991,127.30769230769232
nhsn,2025-2026,Oklahoma,late_oct_apr,Late Oct-Apr,2025-07,0.1453513608777929,0.1453879315597322,0.18499999999999997,131.32234432234435
nhsn,2025-2026,Oklahoma,late_oct_apr,Late Oct-Apr,2025-08,0.1464420684254396,0.1463820543875759,0.18499999999999997,129.9084249084249
nhsn,2025-2026,Oklahoma,late_oct_apr,Late Oct-Apr,2025-09,0.1466876088911089,0.14674168502654755,0.18499999999999991,125.37912087912085
nhsn,2025-2026,Oklahoma,late_oct_apr,Late Oct-Apr,2025-10,0.14817574539392497,0.1481890483607037,0.185,128.59523809523807
nhsn,2025-2026,Oklahoma,late_oct_apr,Late Oct-Apr,2025-11,0.14883016051440817,0.14727365271044374,0.18499999999999997,123.97435897435898
nhsn,2025-2026,Oklahoma,late_oct_apr,Late Oct-Apr,2025-12,0.14554791134806425,0.14199761073939082,0.185,120.3076923076923
nhsn,2025-2026,Oklahoma,late_oct_apr,Late Oct-Apr,2026-01,0.1412284750957704,0.13559655072867455,0.185,98.78205128205128
nhsn,2025-2026,Oklahoma,late_oct_apr,Late Oct-Apr,2026-02,0.11080845559900161,0.10073930779396019,0.185,57.94871794871795
nhsn,2025-2026,Oklahoma,late_oct_apr,Late Oct-Apr,2026-03,0.0810391622760801,0.07852805106325693,0.185,13.615384615384617
nhsn,2025-2026,Oklahoma,late_oct_apr,Late Oct-Apr,2026-04,0.028859999999999997,0.06297313246925373,0.13351405600000002,0.9487179487179487
nhsn,2025-2026,Oregon,baseline_oct_mar,Baseline Oct-Mar,2025-01,0.0,0.0,0.0,18.408424908424905
nhsn,2025-2026,Oregon,baseline_oct_mar,Baseline Oct-Mar,2025-02,0.0,0.0,0.0,46.55128205128206
nhsn,2025-2026,Oregon,baseline_oct_mar,Baseline Oct-Mar,2025-03,0.0,0.027258852747521257,0.03425483870967742,90.985347985348
nhsn,2025-2026,Oregon,baseline_oct_mar,Baseline Oct-Mar,2025-04,0.1471691468262359,0.1470090676615932,0.18499999999999991,101.21978021978023
nhsn,2025-2026,Oregon,baseline_oct_mar,Baseline Oct-Mar,2025-05,0.14477504674430047,0.1453272709093398,0.18499999999999997,106.51282051282053
nhsn,2025-2026,Oregon,baseline_oct_mar,Baseline Oct-Mar,2025-06,0.1471522687461792,0.14699671282914722,0.18499999999999991,103.0769230769231
nhsn,2025-2026,Oregon,baseline_oct_mar,Baseline Oct-Mar,2025-07,0.1447750467443005,0.14532727090933986,0.18499999999999997,106.51282051282053
nhsn,2025-2026,Oregon,baseline_oct_mar,Baseline Oct-Mar,2025-08,0.14719193091237123,0.14719434242130042,0.18499999999999997,106.51282051282053
nhsn,2025-2026,Oregon,baseline_oct_mar,Baseline Oct-Mar,2025-09,0.14726804373611463,0.1473989519701468,0.18499999999999991,102.91025641025641
nhsn,2025-2026,Oregon,baseline_oct_mar,Baseline Oct-Mar,2025-10,0.14778318936120063,0.14753978171979884,0.185,105.91025641025642
nhsn,2025-2026,Oregon,baseline_oct_mar,Baseline Oct-Mar,2025-11,0.14794723412587413,0.14757533377913573,0.18499999999999997,100.73076923076923
nhsn,2025-2026,Oregon,baseline_oct_mar,Baseline Oct-Mar,2025-12,0.14855042591642065,0.14586948850874012,0.185,100.67765567765568
nhsn,2025-2026,Oregon,baseline_oct_mar,Baseline Oct-Mar,2026-01,0.14126344805194807,0.13379222044334393,0.185,88.1043956043956
nhsn,2025-2026,Oregon,baseline_oct_mar,Baseline Oct-Mar,2026-02,0.11174706660552564,0.10497607366857056,0.185,49.65384615384616
nhsn,2025-2026,Oregon,baseline_oct_mar,Baseline Oct-Mar,2026-03,0.058667095141700404,0.06748946331700745,0.12500891612903228,15.52747252747253
nhsn,2025-2026,Oregon,baseline_oct_mar,Baseline Oct-Mar,2026-04,0.0,0.0,0.0,1.857142857142857
nhsn,2025-2026,Oregon,early_sep_mar,Early Sep-Mar,2025-01,0.0,0.0,0.0,18.408424908424905
nhsn,2025-2026,Oregon,early_sep_mar,Early Sep-Mar,2025-02,0.0,0.028077170133844424,0.035216071428571416,46.55128205128206
nhsn,2025-2026,Oregon,early_sep_mar,Early Sep-Mar,2025-03,0.1470586206594293,0.1442897101617344,0.1814790322580645,90.985347985348
nhsn,2025-2026,Oregon,early_sep_mar,Early Sep-Mar,2025-04,0.1471691468262359,0.1464886273127723,0.18499999999999991,101.21978021978023
nhsn,2025-2026,Oregon,early_sep_mar,Early Sep-Mar,2025-05,0.14461782556995242,0.144896483003388,0.18499999999999997,106.51282051282053
nhsn,2025-2026,Oregon,early_sep_mar,Early Sep-Mar,2025-06,0.1471522687461792,0.1463280816659783,0.18499999999999991,103.0769230769231
nhsn,2025-2026,Oregon,early_sep_mar,Early Sep-Mar,2025-07,0.14387996211624196,0.14405786727200579,0.18499999999999997,106.51282051282053
nhsn,2025-2026,Oregon,early_sep_mar,Early Sep-Mar,2025-08,0.14247916880134792,0.14280048049245955,0.18499999999999997,106.51282051282053
nhsn,2025-2026,Oregon,early_sep_mar,Early Sep-Mar,2025-09,0.14630390856904288,0.14560850997873337,0.18499999999999997,102.91025641025641
nhsn,2025-2026,Oregon,early_sep_mar,Early Sep-Mar,2025-10,0.14778318936120063,0.14753978171979884,0.185,105.91025641025642
nhsn,2025-2026,Oregon,early_sep_mar,Early Sep-Mar,2025-11,0.14794723412587413,0.14757533377913573,0.18499999999999997,100.73076923076923
nhsn,2025-2026,Oregon,early_sep_mar,Early Sep-Mar,2025-12,0.14855042591642065,0.14586948850874012,0.185,100.67765567765568
nhsn,2025-2026,Oregon,early_sep_mar,Early Sep-Mar,2026-01,0.14126344805194807,0.13379222044334393,0.185,88.1043956043956
nhsn,2025-2026,Oregon,early_sep_mar,Early Sep-Mar,2026-02,0.11174706660552564,0.10497607366857056,0.185,49.65384615384616
nhsn,2025-2026,Oregon,early_sep_mar,Early Sep-Mar,2026-03,0.058667095141700404,0.06748946331700745,0.12500891612903228,15.52747252747253
nhsn,2025-2026,Oregon,early_sep_mar,Early Sep-Mar,2026-04,0.0,0.0,0.0,1.857142857142857
nhsn,2025-2026,Oregon,extended_sep_apr,Extended Sep-Apr,2025-01,0.0,0.0,0.0,18.408424908424905
nhsn,2025-2026,Oregon,extended_sep_apr,Extended Sep-Apr,2025-02,0.0,0.028077170133844424,0.035216071428571416,46.55128205128206
nhsn,2025-2026,Oregon,extended_sep_apr,Extended Sep-Apr,2025-03,0.1470586206594293,0.1442897101617344,0.1814790322580645,90.985347985348
nhsn,2025-2026,Oregon,extended_sep_apr,Extended Sep-Apr,2025-04,0.1471691468262359,0.1464886273127723,0.18499999999999991,101.21978021978023
nhsn,2025-2026,Oregon,extended_sep_apr,Extended Sep-Apr,2025-05,0.14461782556995242,0.144896483003388,0.18499999999999997,106.51282051282053
nhsn,2025-2026,Oregon,extended_sep_apr,Extended Sep-Apr,2025-06,0.1471522687461792,0.1463280816659783,0.18499999999999991,103.0769230769231
nhsn,2025-2026,Oregon,extended_sep_apr,Extended Sep-Apr,2025-07,0.14387996211624196,0.14405786727200579,0.18499999999999997,106.51282051282053
nhsn,2025-2026,Oregon,extended_sep_apr,Extended Sep-Apr,2025-08,0.14247916880134792,0.14280048049245955,0.18499999999999997,106.51282051282053
nhsn,2025-2026,Oregon,extended_sep_apr,Extended Sep-Apr,2025-09,0.14630390856904288,0.14560850997873337,0.18499999999999997,102.91025641025641
nhsn,2025-2026,Oregon,extended_sep_apr,Extended Sep-Apr,2025-10,0.14778318936120063,0.14753978171979884,0.185,105.91025641025642
nhsn,2025-2026,Oregon,extended_sep_apr,Extended Sep-Apr,2025-11,0.14794723412587413,0.14757533377913573,0.18499999999999997,100.73076923076923
nhsn,2025-2026,Oregon,extended_sep_apr,Extended Sep-Apr,2025-12,0.14855042591642065,0.14586948850874012,0.185,100.67765567765568
nhsn,2025-2026,Oregon,extended_sep_apr,Extended Sep-Apr,2026-01,0.14126344805194807,0.13379222044334393,0.185,88.1043956043956
nhsn,2025-2026,Oregon,extended_sep_apr,Extended Sep-Apr,2026-02,0.11174706660552564,0.10497607366857056,0.185,49.65384615384616
nhsn,2025-2026,Oregon,extended_sep_apr,Extended Sep-Apr,2026-03,0.07781902097902099,0.08317852826149386,0.185,15.52747252747253
nhsn,2025-2026,Oregon,extended_sep_apr,Extended Sep-Apr,2026-04,0.02025263157894737,0.05340555930952476,0.13351405600000002,1.857142857142857
nhsn,2025-2026,Oregon,late_oct_apr,Late Oct-Apr,2025-01,0.0,0.0,0.0,18.408424908424905
nhsn,2025-2026,Oregon,late_oct_apr,Late Oct-Apr,2025-02,0.0,0.0,0.0,46.55128205128206
nhsn,2025-2026,Oregon,late_oct_apr,Late Oct-Apr,2025-03,0.0,0.027258852747521257,0.03425483870967742,90.985347985348
nhsn,2025-2026,Oregon,late_oct_apr,Late Oct-Apr,2025-04,0.1471691468262359,0.1470090676615932,0.18499999999999991,101.21978021978023
nhsn,2025-2026,Oregon,late_oct_apr,Late Oct-Apr,2025-05,0.14477504674430047,0.1453272709093398,0.18499999999999997,106.51282051282053
nhsn,2025-2026,Oregon,late_oct_apr,Late Oct-Apr,2025-06,0.1471522687461792,0.14699671282914722,0.18499999999999991,103.0769230769231
nhsn,2025-2026,Oregon,late_oct_apr,Late Oct-Apr,2025-07,0.1447750467443005,0.14532727090933986,0.18499999999999997,106.51282051282053
nhsn,2025-2026,Oregon,late_oct_apr,Late Oct-Apr,2025-08,0.14719193091237123,0.14719434242130042,0.18499999999999997,106.51282051282053
nhsn,2025-2026,Oregon,late_oct_apr,Late Oct-Apr,2025-09,0.14726804373611463,0.1473989519701468,0.18499999999999991,102.91025641025641
nhsn,2025-2026,Oregon,late_oct_apr,Late Oct-Apr,2025-10,0.14778318936120063,0.14753978171979884,0.185,105.91025641025642
nhsn,2025-2026,Oregon,late_oct_apr,Late Oct-Apr,2025-11,0.14794723412587413,0.14757533377913573,0.18499999999999997,100.73076923076923
nhsn,2025-2026,Oregon,late_oct_apr,Late Oct-Apr,2025-12,0.14855042591642065,0.14586948850874012,0.185,100.67765567765568
nhsn,2025-2026,Oregon,late_oct_apr,Late Oct-Apr,2026-01,0.14126344805194807,0.13379222044334393,0.185,88.1043956043956
nhsn,2025-2026,Oregon,late_oct_apr,Late Oct-Apr,2026-02,0.11174706660552564,0.10497607366857056,0.185,49.65384615384616
nhsn,2025-2026,Oregon,late_oct_apr,Late Oct-Apr,2026-03,0.07781902097902099,0.08317852826149386,0.185,15.52747252747253
nhsn,2025-2026,Oregon,late_oct_apr,Late Oct-Apr,2026-04,0.02025263157894737,0.05340555930952476,0.13351405600000002,1.857142857142857
nhsn,2025-2026,Pennsylvania,baseline_oct_mar,Baseline Oct-Mar,2025-01,0.0,0.0,0.0,441.72344322344327
nhsn,2025-2026,Pennsylvania,baseline_oct_mar,Baseline Oct-Mar,2025-02,0.0,0.0,0.0,614.8846153846155
nhsn,2025-2026,Pennsylvania,baseline_oct_mar,Baseline Oct-Mar,2025-03,0.0,0.026713120363175483,0.03425483870967742,904.1575091575091
nhsn,2025-2026,Pennsylvania,baseline_oct_mar,Baseline Oct-Mar,2025-04,0.1436656024337249,0.14366528832725123,0.18499999999999991,975.5989010989011
nhsn,2025-2026,Pennsylvania,baseline_oct_mar,Baseline Oct-Mar,2025-05,0.1404029091635425,0.14051808435436913,0.18499999999999997,1022.2051282051283
nhsn,2025-2026,Pennsylvania,baseline_oct_mar,Baseline Oct-Mar,2025-06,0.1437387958864619,0.14369858574112124,0.18499999999999991,989.2307692307693
nhsn,2025-2026,Pennsylvania,baseline_oct_mar,Baseline Oct-Mar,2025-07,0.1405512358398899,0.14069161480584774,0.18499999999999997,1020.9413919413917
nhsn,2025-2026,Pennsylvania,baseline_oct_mar,Baseline Oct-Mar,2025-08,0.14502862105565667,0.14499410573902086,0.18499999999999997,1015.2637362637363
nhsn,2025-2026,Pennsylvania,baseline_oct_mar,Baseline Oct-Mar,2025-09,0.14617649430818658,0.14629824606365374,0.18499999999999991,975.9615384615385
nhsn,2025-2026,Pennsylvania,baseline_oct_mar,Baseline Oct-Mar,2025-10,0.14795498597773635,0.14759989280384064,0.185,991.3479853479854
nhsn,2025-2026,Pennsylvania,baseline_oct_mar,Baseline Oct-Mar,2025-11,0.14707972803595698,0.14458789263723026,0.18499999999999997,924.6776556776557
nhsn,2025-2026,Pennsylvania,baseline_oct_mar,Baseline Oct-Mar,2025-12,0.13791514562008172,0.13493277668059375,0.185,825.3516483516485
nhsn,2025-2026,Pennsylvania,baseline_oct_mar,Baseline Oct-Mar,2026-01,0.13113201217724238,0.12787425763305083,0.185,580.481684981685
nhsn,2025-2026,Pennsylvania,baseline_oct_mar,Baseline Oct-Mar,2026-02,0.1176604023709867,0.11127960783463842,0.185,308.3974358974359
nhsn,2025-2026,Pennsylvania,baseline_oct_mar,Baseline Oct-Mar,2026-03,0.08814190872452086,0.07529995056343336,0.12500891612903228,118.04761904761905
nhsn,2025-2026,Pennsylvania,baseline_oct_mar,Baseline Oct-Mar,2026-04,0.0,0.0,0.0,13.631868131868133
nhsn,2025-2026,Pennsylvania,early_sep_mar,Early Sep-Mar,2025-01,0.0,0.0,0.0,441.72344322344327
nhsn,2025-2026,Pennsylvania,early_sep_mar,Early Sep-Mar,2025-02,0.0,0.02771519206303731,0.035216071428571416,614.8846153846155
nhsn,2025-2026,Pennsylvania,early_sep_mar,Early Sep-Mar,2025-03,0.1456977949366501,0.14257106149707421,0.1814790322580645,904.1575091575091
nhsn,2025-2026,Pennsylvania,early_sep_mar,Early Sep-Mar,2025-04,0.1436656024337249,0.14334829714144362,0.18499999999999991,975.5989010989011
nhsn,2025-2026,Pennsylvania,early_sep_mar,Early Sep-Mar,2025-05,0.14449583810279923,0.14385756821965515,0.18499999999999997,1022.2051282051283
nhsn,2025-2026,Pennsylvania,early_sep_mar,Early Sep-Mar,2025-06,0.1437387958864619,0.14337716494721153,0.18499999999999991,989.2307692307693
nhsn,2025-2026,Pennsylvania,early_sep_mar,Early Sep-Mar,2025-07,0.14402222244838844,0.14342087264026757,0.18499999999999997,1020.9413919413917
nhsn,2025-2026,Pennsylvania,early_sep_mar,Early Sep-Mar,2025-08,0.14223527467070957,0.14260549214864926,0.18499999999999997,1015.2637362637363
nhsn,2025-2026,Pennsylvania,early_sep_mar,Early Sep-Mar,2025-09,0.14648624023758275,0.14596892461948666,0.18499999999999997,975.9615384615385
nhsn,2025-2026,Pennsylvania,early_sep_mar,Early Sep-Mar,2025-10,0.14795498597773635,0.14759989280384064,0.185,991.3479853479854
nhsn,2025-2026,Pennsylvania,early_sep_mar,Early Sep-Mar,2025-11,0.14707972803595698,0.14458789263723026,0.18499999999999997,924.6776556776557
nhsn,2025-2026,Pennsylvania,early_sep_mar,Early Sep-Mar,2025-12,0.13791514562008172,0.13493277668059375,0.185,825.3516483516485
nhsn,2025-2026,Pennsylvania,early_sep_mar,Early Sep-Mar,2026-01,0.13113201217724238,0.12787425763305083,0.185,580.481684981685
nhsn,2025-2026,Pennsylvania,early_sep_mar,Early Sep-Mar,2026-02,0.1176604023709867,0.11127960783463842,0.185,308.3974358974359
nhsn,2025-2026,Pennsylvania,early_sep_mar,Early Sep-Mar,2026-03,0.08814190872452086,0.07529995056343336,0.12500891612903228,118.04761904761905
nhsn,2025-2026,Pennsylvania,early_sep_mar,Early Sep-Mar,2026-04,0.0,0.0,0.0,13.631868131868133
nhsn,2025-2026,Pennsylvania,extended_sep_apr,Extended Sep-Apr,2025-01,0.0,0.0,0.0,441.72344322344327
nhsn,2025-2026,Pennsylvania,extended_sep_apr,Extended Sep-Apr,2025-02,0.0,0.02771519206303731,0.035216071428571416,614.8846153846155
nhsn,2025-2026,Pennsylvania,extended_sep_apr,Extended Sep-Apr,2025-03,0.1456977949366501,0.14257106149707421,0.1814790322580645,904.1575091575091
nhsn,2025-2026,Pennsylvania,extended_sep_apr,Extended Sep-Apr,2025-04,0.1436656024337249,0.14334829714144362,0.18499999999999991,975.5989010989011
nhsn,2025-2026,Pennsylvania,extended_sep_apr,Extended Sep-Apr,2025-05,0.14449583810279923,0.14385756821965515,0.18499999999999997,1022.2051282051283
nhsn,2025-2026,Pennsylvania,extended_sep_apr,Extended Sep-Apr,2025-06,0.1437387958864619,0.14337716494721153,0.18499999999999991,989.2307692307693
nhsn,2025-2026,Pennsylvania,extended_sep_apr,Extended Sep-Apr,2025-07,0.14402222244838844,0.14342087264026757,0.18499999999999997,1020.9413919413917
nhsn,2025-2026,Pennsylvania,extended_sep_apr,Extended Sep-Apr,2025-08,0.14223527467070957,0.14260549214864926,0.18499999999999997,1015.2637362637363
nhsn,2025-2026,Pennsylvania,extended_sep_apr,Extended Sep-Apr,2025-09,0.14648624023758275,0.14596892461948666,0.18499999999999997,975.9615384615385
nhsn,2025-2026,Pennsylvania,extended_sep_apr,Extended Sep-Apr,2025-10,0.14795498597773635,0.14759989280384064,0.185,991.3479853479854
nhsn,2025-2026,Pennsylvania,extended_sep_apr,Extended Sep-Apr,2025-11,0.14707972803595698,0.14458789263723026,0.18499999999999997,924.6776556776557
nhsn,2025-2026,Pennsylvania,extended_sep_apr,Extended Sep-Apr,2025-12,0.13791514562008172,0.13493277668059375,0.185,825.3516483516485
nhsn,2025-2026,Pennsylvania,extended_sep_apr,Extended Sep-Apr,2026-01,0.13113201217724238,0.12787425763305083,0.185,580.481684981685
nhsn,2025-2026,Pennsylvania,extended_sep_apr,Extended Sep-Apr,2026-02,0.1176604023709867,0.11127960783463842,0.185,308.3974358974359
nhsn,2025-2026,Pennsylvania,extended_sep_apr,Extended Sep-Apr,2026-03,0.09139070151679307,0.08587029357901423,0.185,118.04761904761905
nhsn,2025-2026,Pennsylvania,extended_sep_apr,Extended Sep-Apr,2026-04,0.0,0.03798523644739606,0.13351405600000002,13.631868131868131
nhsn,2025-2026,Pennsylvania,late_oct_apr,Late Oct-Apr,2025-01,0.0,0.0,0.0,441.72344322344327
nhsn,2025-2026,Pennsylvania,late_oct_apr,Late Oct-Apr,2025-02,0.0,0.0,0.0,614.8846153846155
nhsn,2025-2026,Pennsylvania,late_oct_apr,Late Oct-Apr,2025-03,0.0,0.026713120363175483,0.03425483870967742,904.1575091575091
nhsn,2025-2026,Pennsylvania,late_oct_apr,Late Oct-Apr,2025-04,0.1436656024337249,0.14366528832725123,0.18499999999999991,975.5989010989011
nhsn,2025-2026,Pennsylvania,late_oct_apr,Late Oct-Apr,2025-05,0.1404029091635425,0.14051808435436913,0.18499999999999997,1022.2051282051283
nhsn,2025-2026,Pennsylvania,late_oct_apr,Late Oct-Apr,2025-06,0.1437387958864619,0.14369858574112124,0.18499999999999991,989.2307692307693
nhsn,2025-2026,Pennsylvania,late_oct_apr,Late Oct-Apr,2025-07,0.1405512358398899,0.14069161480584774,0.18499999999999997,1020.9413919413917
nhsn,2025-2026,Pennsylvania,late_oct_apr,Late Oct-Apr,2025-08,0.14502862105565667,0.14499410573902086,0.18499999999999997,1015.2637362637363
nhsn,2025-2026,Pennsylvania,late_oct_apr,Late Oct-Apr,2025-09,0.14617649430818658,0.14629824606365374,0.18499999999999991,975.9615384615385
nhsn,2025-2026,Pennsylvania,late_oct_apr,Late Oct-Apr,2025-10,0.14795498597773635,0.14759989280384064,0.185,991.3479853479854
nhsn,2025-2026,Pennsylvania,late_oct_apr,Late Oct-Apr,2025-11,0.14707972803595698,0.14458789263723026,0.18499999999999997,924.6776556776557
nhsn,2025-2026,Pennsylvania,late_oct_apr,Late Oct-Apr,2025-12,0.13791514562008172,0.13493277668059375,0.185,825.3516483516485
nhsn,2025-2026,Pennsylvania,late_oct_apr,Late Oct-Apr,2026-01,0.13113201217724238,0.12787425763305083,0.185,580.481684981685
nhsn,2025-2026,Pennsylvania,late_oct_apr,Late Oct-Apr,2026-02,0.1176604023709867,0.11127960783463842,0.185,308.3974358974359
nhsn,2025-2026,Pennsylvania,late_oct_apr,Late Oct-Apr,2026-03,0.09139070151679307,0.08587029357901423,0.185,118.04761904761905
nhsn,2025-2026,Pennsylvania,late_oct_apr,Late Oct-Apr,2026-04,0.0,0.03798523644739606,0.13351405600000002,13.631868131868131
nhsn,2025-2026,Rhode Island,baseline_oct_mar,Baseline Oct-Mar,2025-01,0.0,0.0,0.0,36.750915750915745
nhsn,2025-2026,Rhode Island,baseline_oct_mar,Baseline Oct-Mar,2025-02,0.0,0.0,0.0,51.92307692307692
nhsn,2025-2026,Rhode Island,baseline_oct_mar,Baseline Oct-Mar,2025-03,0.0,0.027372769389350043,0.03425483870967742,69.42490842490844
nhsn,2025-2026,Rhode Island,baseline_oct_mar,Baseline Oct-Mar,2025-04,0.1466647841327834,0.14674640131260075,0.18499999999999991,74.21611721611723
nhsn,2025-2026,Rhode Island,baseline_oct_mar,Baseline Oct-Mar,2025-05,0.14397330229257924,0.14205766954744511,0.18499999999999997,77.50000000000001
nhsn,2025-2026,Rhode Island,baseline_oct_mar,Baseline Oct-Mar,2025-06,0.14666582581521045,0.1467374093578695,0.18499999999999991,75.00000000000001
nhsn,2025-2026,Rhode Island,baseline_oct_mar,Baseline Oct-Mar,2025-07,0.14397330229257926,0.14205766954744511,0.18499999999999997,77.50000000000001
nhsn,2025-2026,Rhode Island,baseline_oct_mar,Baseline Oct-Mar,2025-08,0.14741658774558775,0.14713106906261642,0.18499999999999997,77.50000000000001
nhsn,2025-2026,Rhode Island,baseline_oct_mar,Baseline Oct-Mar,2025-09,0.14782796136145587,0.14792135890726468,0.18499999999999991,74.83333333333334
nhsn,2025-2026,Rhode Island,baseline_oct_mar,Baseline Oct-Mar,2025-10,0.1483414757768005,0.1476175122271287,0.185,76.63919413919413
nhsn,2025-2026,Rhode Island,baseline_oct_mar,Baseline Oct-Mar,2025-11,0.14542229563123812,0.14284821705611972,0.18499999999999997,70.84798534798534
nhsn,2025-2026,Rhode Island,baseline_oct_mar,Baseline Oct-Mar,2025-12,0.13833547026066975,0.1342099243725555,0.185,61.481684981684985
nhsn,2025-2026,Rhode Island,baseline_oct_mar,Baseline Oct-Mar,2026-01,0.12687213883098034,0.1210956718462153,0.185,40.74908424908425
nhsn,2025-2026,Rhode Island,baseline_oct_mar,Baseline Oct-Mar,2026-02,0.1122463989968365,0.11189413276659216,0.185,18.07692307692308
nhsn,2025-2026,Rhode Island,baseline_oct_mar,Baseline Oct-Mar,2026-03,0.10236008684863525,0.08078172889641201,0.12500891612903228,8.075091575091575
nhsn,2025-2026,Rhode Island,baseline_oct_mar,Baseline Oct-Mar,2026-04,0.0,0.0,0.0,0.7838827838827839
nhsn,2025-2026,Rhode Island,early_sep_mar,Early Sep-Mar,2025-01,0.0,0.0,0.0,36.750915750915745
nhsn,2025-2026,Rhode Island,early_sep_mar,Early Sep-Mar,2025-02,0.0,0.028151488810262523,0.035216071428571416,51.92307692307692
nhsn,2025-2026,Rhode Island,early_sep_mar,Early Sep-Mar,2025-03,0.14756847914371343,0.14477984785322187,0.1814790322580645,69.42490842490844
nhsn,2025-2026,Rhode Island,early_sep_mar,Early Sep-Mar,2025-04,0.1466647841327834,0.1464031462197311,0.18499999999999991,74.21611721611723
nhsn,2025-2026,Rhode Island,early_sep_mar,Early Sep-Mar,2025-05,0.14719399121903737,0.1462295427962129,0.18499999999999997,77.50000000000001
nhsn,2025-2026,Rhode Island,early_sep_mar,Early Sep-Mar,2025-06,0.14666582581521045,0.1463913182186514,0.18499999999999991,75.00000000000001
nhsn,2025-2026,Rhode Island,early_sep_mar,Early Sep-Mar,2025-07,0.14603451875304183,0.1454987324507073,0.18499999999999997,77.50000000000001
nhsn,2025-2026,Rhode Island,early_sep_mar,Early Sep-Mar,2025-08,0.14425000569174418,0.14410997041100504,0.18499999999999997,77.50000000000001
nhsn,2025-2026,Rhode Island,early_sep_mar,Early Sep-Mar,2025-09,0.14749941015907173,0.1468550560385752,0.18499999999999997,74.83333333333334
nhsn,2025-2026,Rhode Island,early_sep_mar,Early Sep-Mar,2025-10,0.1483414757768005,0.1476175122271287,0.185,76.63919413919413
nhsn,2025-2026,Rhode Island,early_sep_mar,Early Sep-Mar,2025-11,0.14542229563123812,0.14284821705611972,0.18499999999999997,70.84798534798534
nhsn,2025-2026,Rhode Island,early_sep_mar,Early Sep-Mar,2025-12,0.13833547026066975,0.1342099243725555,0.185,61.481684981684985
nhsn,2025-2026,Rhode Island,early_sep_mar,Early Sep-Mar,2026-01,0.12687213883098034,0.1210956718462153,0.185,40.74908424908425
nhsn,2025-2026,Rhode Island,early_sep_mar,Early Sep-Mar,2026-02,0.1122463989968365,0.11189413276659216,0.185,18.07692307692308
nhsn,2025-2026,Rhode Island,early_sep_mar,Early Sep-Mar,2026-03,0.10236008684863525,0.08078172889641201,0.12500891612903228,8.075091575091575
nhsn,2025-2026,Rhode Island,early_sep_mar,Early Sep-Mar,2026-04,0.0,0.0,0.0,0.7838827838827839
nhsn,2025-2026,Rhode Island,extended_sep_apr,Extended Sep-Apr,2025-01,0.0,0.0,0.0,36.750915750915745
nhsn,2025-2026,Rhode Island,extended_sep_apr,Extended Sep-Apr,2025-02,0.0,0.028151488810262523,0.035216071428571416,51.92307692307692
nhsn,2025-2026,Rhode Island,extended_sep_apr,Extended Sep-Apr,2025-03,0.14756847914371343,0.14477984785322187,0.1814790322580645,69.42490842490844
nhsn,2025-2026,Rhode Island,extended_sep_apr,Extended Sep-Apr,2025-04,0.1466647841327834,0.1464031462197311,0.18499999999999991,74.21611721611723
nhsn,2025-2026,Rhode Island,extended_sep_apr,Extended Sep-Apr,2025-05,0.14719399121903737,0.1462295427962129,0.18499999999999997,77.50000000000001
nhsn,2025-2026,Rhode Island,extended_sep_apr,Extended Sep-Apr,2025-06,0.14666582581521045,0.1463913182186514,0.18499999999999991,75.00000000000001
nhsn,2025-2026,Rhode Island,extended_sep_apr,Extended Sep-Apr,2025-07,0.14603451875304183,0.1454987324507073,0.18499999999999997,77.50000000000001
nhsn,2025-2026,Rhode Island,extended_sep_apr,Extended Sep-Apr,2025-08,0.14425000569174418,0.14410997041100504,0.18499999999999997,77.50000000000001
nhsn,2025-2026,Rhode Island,extended_sep_apr,Extended Sep-Apr,2025-09,0.14749941015907173,0.1468550560385752,0.18499999999999997,74.83333333333334
nhsn,2025-2026,Rhode Island,extended_sep_apr,Extended Sep-Apr,2025-10,0.1483414757768005,0.1476175122271287,0.185,76.63919413919413
nhsn,2025-2026,Rhode Island,extended_sep_apr,Extended Sep-Apr,2025-11,0.14542229563123812,0.14284821705611972,0.18499999999999997,70.84798534798534
nhsn,2025-2026,Rhode Island,extended_sep_apr,Extended Sep-Apr,2025-12,0.13833547026066975,0.1342099243725555,0.185,61.481684981684985
nhsn,2025-2026,Rhode Island,extended_sep_apr,Extended Sep-Apr,2026-01,0.12687213883098034,0.1210956718462153,0.185,40.74908424908425
nhsn,2025-2026,Rhode Island,extended_sep_apr,Extended Sep-Apr,2026-02,0.1122463989968365,0.11189413276659216,0.185,18.07692307692308
nhsn,2025-2026,Rhode Island,extended_sep_apr,Extended Sep-Apr,2026-03,0.10236008684863525,0.0879633752990732,0.185,8.075091575091575
nhsn,2025-2026,Rhode Island,extended_sep_apr,Extended Sep-Apr,2026-04,0.0,0.035126082514199776,0.13351405600000002,0.7838827838827838
nhsn,2025-2026,Rhode Island,late_oct_apr,Late Oct-Apr,2025-01,0.0,0.0,0.0,36.750915750915745
nhsn,2025-2026,Rhode Island,late_oct_apr,Late Oct-Apr,2025-02,0.0,0.0,0.0,51.92307692307692
nhsn,2025-2026,Rhode Island,late_oct_apr,Late Oct-Apr,2025-03,0.0,0.027372769389350043,0.03425483870967742,69.42490842490844
nhsn,2025-2026,Rhode Island,late_oct_apr,Late Oct-Apr,2025-04,0.1466647841327834,0.14674640131260075,0.18499999999999991,74.21611721611723
nhsn,2025-2026,Rhode Island,late_oct_apr,Late Oct-Apr,2025-05,0.14397330229257924,0.14205766954744511,0.18499999999999997,77.50000000000001
nhsn,2025-2026,Rhode Island,late_oct_apr,Late Oct-Apr,2025-06,0.14666582581521045,0.1467374093578695,0.18499999999999991,75.00000000000001
nhsn,2025-2026,Rhode Island,late_oct_apr,Late Oct-Apr,2025-07,0.14397330229257926,0.14205766954744511,0.18499999999999997,77.50000000000001
nhsn,2025-2026,Rhode Island,late_oct_apr,Late Oct-Apr,2025-08,0.14741658774558775,0.14713106906261642,0.18499999999999997,77.50000000000001
nhsn,2025-2026,Rhode Island,late_oct_apr,Late Oct-Apr,2025-09,0.14782796136145587,0.14792135890726468,0.18499999999999991,74.83333333333334
nhsn,2025-2026,Rhode Island,late_oct_apr,Late Oct-Apr,2025-10,0.1483414757768005,0.1476175122271287,0.185,76.63919413919413
nhsn,2025-2026,Rhode Island,late_oct_apr,Late Oct-Apr,2025-11,0.14542229563123812,0.14284821705611972,0.18499999999999997,70.84798534798534
nhsn,2025-2026,Rhode Island,late_oct_apr,Late Oct-Apr,2025-12,0.13833547026066975,0.1342099243725555,0.185,61.481684981684985
nhsn,2025-2026,Rhode Island,late_oct_apr,Late Oct-Apr,2026-01,0.12687213883098034,0.1210956718462153,0.185,40.74908424908425
nhsn,2025-2026,Rhode Island,late_oct_apr,Late Oct-Apr,2026-02,0.1122463989968365,0.11189413276659216,0.185,18.07692307692308
nhsn,2025-2026,Rhode Island,late_oct_apr,Late Oct-Apr,2026-03,0.10236008684863525,0.0879633752990732,0.185,8.075091575091575
nhsn,2025-2026,Rhode Island,late_oct_apr,Late Oct-Apr,2026-04,0.0,0.035126082514199776,0.13351405600000002,0.7838827838827838
nhsn,2025-2026,South Carolina,baseline_oct_mar,Baseline Oct-Mar,2025-01,0.0,0.0,0.0,192.53663003663002
nhsn,2025-2026,South Carolina,baseline_oct_mar,Baseline Oct-Mar,2025-02,0.0,0.0,0.0,207.71794871794873
nhsn,2025-2026,South Carolina,baseline_oct_mar,Baseline Oct-Mar,2025-03,0.0,0.02672279982835052,0.03425483870967742,252.88827838827837
nhsn,2025-2026,South Carolina,baseline_oct_mar,Baseline Oct-Mar,2025-04,0.14051933717461937,0.13959584377419312,0.18499999999999991,256.3644688644689
nhsn,2025-2026,South Carolina,baseline_oct_mar,Baseline Oct-Mar,2025-05,0.1255627886309628,0.12709749735275314,0.18499999999999997,268.32600732600736
nhsn,2025-2026,South Carolina,baseline_oct_mar,Baseline Oct-Mar,2025-06,0.14065500359564262,0.13965245237863694,0.18499999999999991,259.6703296703297
nhsn,2025-2026,South Carolina,baseline_oct_mar,Baseline Oct-Mar,2025-07,0.12596258524091064,0.12756799082729509,0.18499999999999997,267.3333333333333
nhsn,2025-2026,South Carolina,baseline_oct_mar,Baseline Oct-Mar,2025-08,0.14425979429302552,0.14326530031909834,0.18499999999999997,265.77472527472537
nhsn,2025-2026,South Carolina,baseline_oct_mar,Baseline Oct-Mar,2025-09,0.14634812021561647,0.14604941448858938,0.18499999999999991,255.85897435897436
nhsn,2025-2026,South Carolina,baseline_oct_mar,Baseline Oct-Mar,2025-10,0.14641081652186996,0.14455420697622773,0.185,254.35714285714286
nhsn,2025-2026,South Carolina,baseline_oct_mar,Baseline Oct-Mar,2025-11,0.14129822624758887,0.1361202340040964,0.18499999999999997,214.56593406593407
nhsn,2025-2026,South Carolina,baseline_oct_mar,Baseline Oct-Mar,2025-12,0.12070896749573311,0.12016204027084323,0.185,153.13369963369965
nhsn,2025-2026,South Carolina,baseline_oct_mar,Baseline Oct-Mar,2026-01,0.12440318040187659,0.11978358907148565,0.185,75.78937728937728
nhsn,2025-2026,South Carolina,baseline_oct_mar,Baseline Oct-Mar,2026-02,0.11969171918141498,0.11378586642850508,0.185,34.64102564102564
nhsn,2025-2026,South Carolina,baseline_oct_mar,Baseline Oct-Mar,2026-03,0.08509927021696252,0.0802791533339152,0.12500891612903228,15.437728937728938
nhsn,2025-2026,South Carolina,baseline_oct_mar,Baseline Oct-Mar,2026-04,0.0,0.0,0.0,3.3058608058608057
nhsn,2025-2026,South Carolina,early_sep_mar,Early Sep-Mar,2025-01,0.0,0.0,0.0,192.53663003663002
nhsn,2025-2026,South Carolina,early_sep_mar,Early Sep-Mar,2025-02,0.0,0.027909153919446473,0.035216071428571416,207.71794871794873
nhsn,2025-2026,South Carolina,early_sep_mar,Early Sep-Mar,2025-03,0.14640190874302117,0.14320444388881362,0.1814790322580645,252.88827838827837
nhsn,2025-2026,South Carolina,early_sep_mar,Early Sep-Mar,2025-04,0.14293492851043557,0.14181932249929588,0.18499999999999991,256.3644688644689
nhsn,2025-2026,South Carolina,early_sep_mar,Early Sep-Mar,2025-05,0.14480263254308115,0.14433429558997227,0.18499999999999997,268.32600732600736
nhsn,2025-2026,South Carolina,early_sep_mar,Early Sep-Mar,2025-06,0.1425968988440675,0.14176357819917293,0.18499999999999991,259.6703296703297
nhsn,2025-2026,South Carolina,early_sep_mar,Early Sep-Mar,2025-07,0.14513110625184625,0.14466956622330895,0.18499999999999997,267.3333333333333
nhsn,2025-2026,South Carolina,early_sep_mar,Early Sep-Mar,2025-08,0.1446187164669801,0.14491749813389224,0.18499999999999997,265.77472527472537
nhsn,2025-2026,South Carolina,early_sep_mar,Early Sep-Mar,2025-09,0.14669701886569203,0.14639370491865128,0.18499999999999997,255.85897435897436
nhsn,2025-2026,South Carolina,early_sep_mar,Early Sep-Mar,2025-10,0.14641081652186996,0.14455420697622773,0.185,254.35714285714286
nhsn,2025-2026,South Carolina,early_sep_mar,Early Sep-Mar,2025-11,0.14129822624758887,0.1361202340040964,0.18499999999999997,214.56593406593407
nhsn,2025-2026,South Carolina,early_sep_mar,Early Sep-Mar,2025-12,0.12070896749573311,0.12016204027084323,0.185,153.13369963369965
nhsn,2025-2026,South Carolina,early_sep_mar,Early Sep-Mar,2026-01,0.12440318040187659,0.11978358907148565,0.185,75.78937728937728
nhsn,2025-2026,South Carolina,early_sep_mar,Early Sep-Mar,2026-02,0.11969171918141498,0.11378586642850508,0.185,34.64102564102564
nhsn,2025-2026,South Carolina,early_sep_mar,Early Sep-Mar,2026-03,0.08509927021696252,0.0802791533339152,0.12500891612903228,15.437728937728938
nhsn,2025-2026,South Carolina,early_sep_mar,Early Sep-Mar,2026-04,0.0,0.0,0.0,3.3058608058608057
nhsn,2025-2026,South Carolina,extended_sep_apr,Extended Sep-Apr,2025-01,0.0,0.0,0.0,192.53663003663002
nhsn,2025-2026,South Carolina,extended_sep_apr,Extended Sep-Apr,2025-02,0.0,0.027909153919446473,0.035216071428571416,207.71794871794873
nhsn,2025-2026,South Carolina,extended_sep_apr,Extended Sep-Apr,2025-03,0.14640190874302117,0.14320444388881362,0.1814790322580645,252.88827838827837
nhsn,2025-2026,South Carolina,extended_sep_apr,Extended Sep-Apr,2025-04,0.14293492851043557,0.14181932249929588,0.18499999999999991,256.3644688644689
nhsn,2025-2026,South Carolina,extended_sep_apr,Extended Sep-Apr,2025-05,0.14480263254308115,0.14433429558997227,0.18499999999999997,268.32600732600736
nhsn,2025-2026,South Carolina,extended_sep_apr,Extended Sep-Apr,2025-06,0.1425968988440675,0.14176357819917293,0.18499999999999991,259.6703296703297
nhsn,2025-2026,South Carolina,extended_sep_apr,Extended Sep-Apr,2025-07,0.14513110625184625,0.14466956622330895,0.18499999999999997,267.3333333333333
nhsn,2025-2026,South Carolina,extended_sep_apr,Extended Sep-Apr,2025-08,0.1446187164669801,0.14491749813389224,0.18499999999999997,265.77472527472537
nhsn,2025-2026,South Carolina,extended_sep_apr,Extended Sep-Apr,2025-09,0.14669701886569203,0.14639370491865128,0.18499999999999997,255.85897435897436
nhsn,2025-2026,South Carolina,extended_sep_apr,Extended Sep-Apr,2025-10,0.14641081652186996,0.14455420697622773,0.185,254.35714285714286
nhsn,2025-2026,South Carolina,extended_sep_apr,Extended Sep-Apr,2025-11,0.14129822624758887,0.1361202340040964,0.18499999999999997,214.56593406593407
nhsn,2025-2026,South Carolina,extended_sep_apr,Extended Sep-Apr,2025-12,0.12070896749573311,0.12016204027084323,0.185,153.13369963369965
nhsn,2025-2026,South Carolina,extended_sep_apr,Extended Sep-Apr,2026-01,0.12440318040187659,0.11978358907148565,0.185,75.78937728937728
nhsn,2025-2026,South Carolina,extended_sep_apr,Extended Sep-Apr,2026-02,0.11969171918141498,0.11378586642850508,0.185,34.64102564102564
nhsn,2025-2026,South Carolina,extended_sep_apr,Extended Sep-Apr,2026-03,0.10163643288084465,0.09934422151672515,0.185,15.437728937728938
nhsn,2025-2026,South Carolina,extended_sep_apr,Extended Sep-Apr,2026-04,0.019870819672131144,0.052665607795907045,0.13351405600000002,3.305860805860806
nhsn,2025-2026,South Carolina,late_oct_apr,Late Oct-Apr,2025-01,0.0,0.0,0.0,192.53663003663002
nhsn,2025-2026,South Carolina,late_oct_apr,Late Oct-Apr,2025-02,0.0,0.0,0.0,207.71794871794873
nhsn,2025-2026,South Carolina,late_oct_apr,Late Oct-Apr,2025-03,0.0,0.02672279982835052,0.03425483870967742,252.88827838827837
nhsn,2025-2026,South Carolina,late_oct_apr,Late Oct-Apr,2025-04,0.14051933717461937,0.13959584377419312,0.18499999999999991,256.3644688644689
nhsn,2025-2026,South Carolina,late_oct_apr,Late Oct-Apr,2025-05,0.1255627886309628,0.12709749735275314,0.18499999999999997,268.32600732600736
nhsn,2025-2026,South Carolina,late_oct_apr,Late Oct-Apr,2025-06,0.14065500359564262,0.13965245237863694,0.18499999999999991,259.6703296703297
nhsn,2025-2026,South Carolina,late_oct_apr,Late Oct-Apr,2025-07,0.12596258524091064,0.12756799082729509,0.18499999999999997,267.3333333333333
nhsn,2025-2026,South Carolina,late_oct_apr,Late Oct-Apr,2025-08,0.14425979429302552,0.14326530031909834,0.18499999999999997,265.77472527472537
nhsn,2025-2026,South Carolina,late_oct_apr,Late Oct-Apr,2025-09,0.14634812021561647,0.14604941448858938,0.18499999999999991,255.85897435897436
nhsn,2025-2026,South Carolina,late_oct_apr,Late Oct-Apr,2025-10,0.14641081652186996,0.14455420697622773,0.185,254.35714285714286
nhsn,2025-2026,South Carolina,late_oct_apr,Late Oct-Apr,2025-11,0.14129822624758887,0.1361202340040964,0.18499999999999997,214.56593406593407
nhsn,2025-2026,South Carolina,late_oct_apr,Late Oct-Apr,2025-12,0.12070896749573311,0.12016204027084323,0.185,153.13369963369965
nhsn,2025-2026,South Carolina,late_oct_apr,Late Oct-Apr,2026-01,0.12440318040187659,0.11978358907148565,0.185,75.78937728937728
nhsn,2025-2026,South Carolina,late_oct_apr,Late Oct-Apr,2026-02,0.11969171918141498,0.11378586642850508,0.185,34.64102564102564
nhsn,2025-2026,South Carolina,late_oct_apr,Late Oct-Apr,2026-03,0.10163643288084465,0.09934422151672515,0.185,15.437728937728938
nhsn,2025-2026,South Carolina,late_oct_apr,Late Oct-Apr,2026-04,0.019870819672131144,0.052665607795907045,0.13351405600000002,3.305860805860806
nhsn,2025-2026,South Dakota,baseline_oct_mar,Baseline Oct-Mar,2025-01,0.0,0.0,0.0,7.430402930402931
nhsn,2025-2026,South Dakota,baseline_oct_mar,Baseline Oct-Mar,2025-02,0.0,0.0,0.0,25.756410256410252
nhsn,2025-2026,South Dakota,baseline_oct_mar,Baseline Oct-Mar,2025-03,0.0,0.027168250429498216,0.03425483870967742,59.510989010989015
nhsn,2025-2026,South Dakota,baseline_oct_mar,Baseline Oct-Mar,2025-04,0.1469307762348062,0.14689956379238545,0.18499999999999991,72.66849816849816
nhsn,2025-2026,South Dakota,baseline_oct_mar,Baseline Oct-Mar,2025-05,0.14685886905480305,0.14691352036434827,0.18499999999999997,78.2948717948718
nhsn,2025-2026,South Dakota,baseline_oct_mar,Baseline Oct-Mar,2025-06,0.14689976781086939,0.1468831195050398,0.18499999999999991,75.76923076923077
nhsn,2025-2026,South Dakota,baseline_oct_mar,Baseline Oct-Mar,2025-07,0.14689087198432918,0.1469480225962973,0.18499999999999997,78.27655677655679
nhsn,2025-2026,South Dakota,baseline_oct_mar,Baseline Oct-Mar,2025-08,0.14764925642214932,0.14762666611155126,0.18499999999999997,77.9029304029304
nhsn,2025-2026,South Dakota,baseline_oct_mar,Baseline Oct-Mar,2025-09,0.14746364917225632,0.1474920421150533,0.18499999999999991,75.38461538461537
nhsn,2025-2026,South Dakota,baseline_oct_mar,Baseline Oct-Mar,2025-10,0.14764925642214932,0.14763823469358126,0.185,77.8974358974359
nhsn,2025-2026,South Dakota,baseline_oct_mar,Baseline Oct-Mar,2025-11,0.14862926310100155,0.1485191529458088,0.18499999999999997,75.06410256410257
nhsn,2025-2026,South Dakota,baseline_oct_mar,Baseline Oct-Mar,2025-12,0.14901285374625375,0.147639605974812,0.185,76.91758241758242
nhsn,2025-2026,South Dakota,baseline_oct_mar,Baseline Oct-Mar,2026-01,0.14402231272061272,0.1380813909084256,0.185,70.86446886446886
nhsn,2025-2026,South Dakota,baseline_oct_mar,Baseline Oct-Mar,2026-02,0.1238937179511588,0.11424166743854296,0.185,44.96153846153847
nhsn,2025-2026,South Dakota,baseline_oct_mar,Baseline Oct-Mar,2026-03,0.07978069457968194,0.0736626888769239,0.12500891612903228,18.783882783882788
nhsn,2025-2026,South Dakota,baseline_oct_mar,Baseline Oct-Mar,2026-04,0.0,0.0,0.0,3.100732600732601
nhsn,2025-2026,South Dakota,early_sep_mar,Early Sep-Mar,2025-01,0.0,0.0,0.0,7.430402930402931
nhsn,2025-2026,South Dakota,early_sep_mar,Early Sep-Mar,2025-02,0.0,0.027726001698319045,0.035216071428571416,25.756410256410252
nhsn,2025-2026,South Dakota,early_sep_mar,Early Sep-Mar,2025-03,0.14631370347891104,0.14352212202218922,0.1814790322580645,59.510989010989015
nhsn,2025-2026,South Dakota,early_sep_mar,Early Sep-Mar,2025-04,0.1469206280313177,0.14524455756476243,0.18499999999999991,72.66849816849816
nhsn,2025-2026,South Dakota,early_sep_mar,Early Sep-Mar,2025-05,0.14114084184343575,0.14160853209902918,0.18499999999999997,78.2948717948718
nhsn,2025-2026,South Dakota,early_sep_mar,Early Sep-Mar,2025-06,0.14689976781086939,0.14488897726228084,0.18499999999999991,75.76923076923077
nhsn,2025-2026,South Dakota,early_sep_mar,Early Sep-Mar,2025-07,0.13945416836970134,0.1397064636621262,0.18499999999999997,78.27655677655679
nhsn,2025-2026,South Dakota,early_sep_mar,Early Sep-Mar,2025-08,0.13618343758282533,0.13740680872742658,0.18499999999999997,77.9029304029304
nhsn,2025-2026,South Dakota,early_sep_mar,Early Sep-Mar,2025-09,0.14492818813329528,0.14342084664906557,0.18499999999999997,75.38461538461539
nhsn,2025-2026,South Dakota,early_sep_mar,Early Sep-Mar,2025-10,0.14764925642214932,0.14763823469358126,0.185,77.8974358974359
nhsn,2025-2026,South Dakota,early_sep_mar,Early Sep-Mar,2025-11,0.14862926310100155,0.1485191529458088,0.18499999999999997,75.06410256410257
nhsn,2025-2026,South Dakota,early_sep_mar,Early Sep-Mar,2025-12,0.14901285374625375,0.147639605974812,0.185,76.91758241758242
nhsn,2025-2026,South Dakota,early_sep_mar,Early Sep-Mar,2026-01,0.14402231272061272,0.1380813909084256,0.185,70.86446886446886
nhsn,2025-2026,South Dakota,early_sep_mar,Early Sep-Mar,2026-02,0.1238937179511588,0.11424166743854296,0.185,44.96153846153847
nhsn,2025-2026,South Dakota,early_sep_mar,Early Sep-Mar,2026-03,0.07978069457968194,0.0736626888769239,0.12500891612903228,18.783882783882788
nhsn,2025-2026,South Dakota,early_sep_mar,Early Sep-Mar,2026-04,0.0,0.0,0.0,3.100732600732601
nhsn,2025-2026,South Dakota,extended_sep_apr,Extended Sep-Apr,2025-01,0.0,0.0,0.0,7.430402930402931
nhsn,2025-2026,South Dakota,extended_sep_apr,Extended Sep-Apr,2025-02,0.0,0.027726001698319045,0.035216071428571416,25.756410256410252
nhsn,2025-2026,South Dakota,extended_sep_apr,Extended Sep-Apr,2025-03,0.14631370347891104,0.14352212202218922,0.1814790322580645,59.510989010989015
nhsn,2025-2026,South Dakota,extended_sep_apr,Extended Sep-Apr,2025-04,0.1469206280313177,0.14524455756476243,0.18499999999999991,72.66849816849816
nhsn,2025-2026,South Dakota,extended_sep_apr,Extended Sep-Apr,2025-05,0.14114084184343575,0.14160853209902918,0.18499999999999997,78.2948717948718
nhsn,2025-2026,South Dakota,extended_sep_apr,Extended Sep-Apr,2025-06,0.14689976781086939,0.14488897726228084,0.18499999999999991,75.76923076923077
nhsn,2025-2026,South Dakota,extended_sep_apr,Extended Sep-Apr,2025-07,0.13945416836970134,0.1397064636621262,0.18499999999999997,78.27655677655679
nhsn,2025-2026,South Dakota,extended_sep_apr,Extended Sep-Apr,2025-08,0.13618343758282533,0.13740680872742658,0.18499999999999997,77.9029304029304
nhsn,2025-2026,South Dakota,extended_sep_apr,Extended Sep-Apr,2025-09,0.14492818813329528,0.14342084664906557,0.18499999999999997,75.38461538461539
nhsn,2025-2026,South Dakota,extended_sep_apr,Extended Sep-Apr,2025-10,0.14764925642214932,0.14763823469358126,0.185,77.8974358974359
nhsn,2025-2026,South Dakota,extended_sep_apr,Extended Sep-Apr,2025-11,0.14862926310100155,0.1485191529458088,0.18499999999999997,75.06410256410257
nhsn,2025-2026,South Dakota,extended_sep_apr,Extended Sep-Apr,2025-12,0.14901285374625375,0.147639605974812,0.185,76.91758241758242
nhsn,2025-2026,South Dakota,extended_sep_apr,Extended Sep-Apr,2026-01,0.14402231272061272,0.1380813909084256,0.185,70.86446886446886
nhsn,2025-2026,South Dakota,extended_sep_apr,Extended Sep-Apr,2026-02,0.1238937179511588,0.11424166743854296,0.185,44.96153846153847
nhsn,2025-2026,South Dakota,extended_sep_apr,Extended Sep-Apr,2026-03,0.09264641554321967,0.0903304747449123,0.185,18.783882783882788
nhsn,2025-2026,South Dakota,extended_sep_apr,Extended Sep-Apr,2026-04,0.02126526315789474,0.054440641729670336,0.13351405600000002,3.100732600732601
nhsn,2025-2026,South Dakota,late_oct_apr,Late Oct-Apr,2025-01,0.0,0.0,0.0,7.430402930402931
nhsn,2025-2026,South Dakota,late_oct_apr,Late Oct-Apr,2025-02,0.0,0.0,0.0,25.756410256410252
nhsn,2025-2026,South Dakota,late_oct_apr,Late Oct-Apr,2025-03,0.0,0.027168250429498216,0.03425483870967742,59.510989010989015
nhsn,2025-2026,South Dakota,late_oct_apr,Late Oct-Apr,2025-04,0.1469307762348062,0.14689956379238545,0.18499999999999991,72.66849816849816
nhsn,2025-2026,South Dakota,late_oct_apr,Late Oct-Apr,2025-05,0.14685886905480305,0.14691352036434827,0.18499999999999997,78.2948717948718
nhsn,2025-2026,South Dakota,late_oct_apr,Late Oct-Apr,2025-06,0.14689976781086939,0.1468831195050398,0.18499999999999991,75.76923076923077
nhsn,2025-2026,South Dakota,late_oct_apr,Late Oct-Apr,2025-07,0.14689087198432918,0.1469480225962973,0.18499999999999997,78.27655677655679
nhsn,2025-2026,South Dakota,late_oct_apr,Late Oct-Apr,2025-08,0.14764925642214932,0.14762666611155126,0.18499999999999997,77.9029304029304
nhsn,2025-2026,South Dakota,late_oct_apr,Late Oct-Apr,2025-09,0.14746364917225632,0.1474920421150533,0.18499999999999991,75.38461538461537
nhsn,2025-2026,South Dakota,late_oct_apr,Late Oct-Apr,2025-10,0.14764925642214932,0.14763823469358126,0.185,77.8974358974359
nhsn,2025-2026,South Dakota,late_oct_apr,Late Oct-Apr,2025-11,0.14862926310100155,0.1485191529458088,0.18499999999999997,75.06410256410257
nhsn,2025-2026,South Dakota,late_oct_apr,Late Oct-Apr,2025-12,0.14901285374625375,0.147639605974812,0.185,76.91758241758242
nhsn,2025-2026,South Dakota,late_oct_apr,Late Oct-Apr,2026-01,0.14402231272061272,0.1380813909084256,0.185,70.86446886446886
nhsn,2025-2026,South Dakota,late_oct_apr,Late Oct-Apr,2026-02,0.1238937179511588,0.11424166743854296,0.185,44.96153846153847
nhsn,2025-2026,South Dakota,late_oct_apr,Late Oct-Apr,2026-03,0.09264641554321967,0.0903304747449123,0.185,18.783882783882788
nhsn,2025-2026,South Dakota,late_oct_apr,Late Oct-Apr,2026-04,0.02126526315789474,0.054440641729670336,0.13351405600000002,3.100732600732601
nhsn,2025-2026,Tennessee,baseline_oct_mar,Baseline Oct-Mar,2025-01,0.0,0.0,0.0,169.60439560439562
nhsn,2025-2026,Tennessee,baseline_oct_mar,Baseline Oct-Mar,2025-02,0.0,0.0,0.0,240.7179487179487
nhsn,2025-2026,Tennessee,baseline_oct_mar,Baseline Oct-Mar,2025-03,0.0,0.026950023458730706,0.03425483870967742,347.04761904761904
nhsn,2025-2026,Tennessee,baseline_oct_mar,Baseline Oct-Mar,2025-04,0.1452271270110971,0.14501305366290096,0.18499999999999991,369.32417582417577
nhsn,2025-2026,Tennessee,baseline_oct_mar,Baseline Oct-Mar,2025-05,0.14288259456247906,0.14316526619386732,0.18499999999999997,392.2692307692306
nhsn,2025-2026,Tennessee,baseline_oct_mar,Baseline Oct-Mar,2025-06,0.1452772526642557,0.14504513174311368,0.18499999999999991,379.6153846153845
nhsn,2025-2026,Tennessee,baseline_oct_mar,Baseline Oct-Mar,2025-07,0.14288259456247906,0.1432535881464912,0.18499999999999997,392.0274725274726
nhsn,2025-2026,Tennessee,baseline_oct_mar,Baseline Oct-Mar,2025-08,0.14629522499058437,0.14625496750598677,0.18499999999999997,389.85714285714283
nhsn,2025-2026,Tennessee,baseline_oct_mar,Baseline Oct-Mar,2025-09,0.14729492950135126,0.14731763809218054,0.18499999999999991,375.07875457875457
nhsn,2025-2026,Tennessee,baseline_oct_mar,Baseline Oct-Mar,2025-10,0.1479171310616126,0.14772304593596589,0.185,384.1684981684982
nhsn,2025-2026,Tennessee,baseline_oct_mar,Baseline Oct-Mar,2025-11,0.14816997499311588,0.14612296648826956,0.18499999999999997,361.44505494505495
nhsn,2025-2026,Tennessee,baseline_oct_mar,Baseline Oct-Mar,2025-12,0.1380624727718065,0.13398405445922779,0.185,330.4761904761905
nhsn,2025-2026,Tennessee,baseline_oct_mar,Baseline Oct-Mar,2026-01,0.12991107409367678,0.12576362539029917,0.185,222.66483516483515
nhsn,2025-2026,Tennessee,baseline_oct_mar,Baseline Oct-Mar,2026-02,0.11903371518971671,0.11096894573062226,0.185,113.58974358974359
nhsn,2025-2026,Tennessee,baseline_oct_mar,Baseline Oct-Mar,2026-03,0.09202738866396762,0.07767660607647058,0.12500891612903228,45.221611721611715
nhsn,2025-2026,Tennessee,baseline_oct_mar,Baseline Oct-Mar,2026-04,0.0,0.0,0.0,10.29120879120879
nhsn,2025-2026,Tennessee,early_sep_mar,Early Sep-Mar,2025-01,0.0,0.0,0.0,169.60439560439562
nhsn,2025-2026,Tennessee,early_sep_mar,Early Sep-Mar,2025-02,0.0,0.027713878254865352,0.035216071428571416,240.7179487179487
nhsn,2025-2026,Tennessee,early_sep_mar,Early Sep-Mar,2025-03,0.14574163403799018,0.14296041377297677,0.1814790322580645,347.04761904761904
nhsn,2025-2026,Tennessee,early_sep_mar,Early Sep-Mar,2025-04,0.1452271270110971,0.14447189281254474,0.18499999999999991,369.32417582417577
nhsn,2025-2026,Tennessee,early_sep_mar,Early Sep-Mar,2025-05,0.14175709472897927,0.14257485685466678,0.18499999999999997,392.2692307692306
nhsn,2025-2026,Tennessee,early_sep_mar,Early Sep-Mar,2025-06,0.1452772526642557,0.14422332879871158,0.18499999999999991,379.6153846153845
nhsn,2025-2026,Tennessee,early_sep_mar,Early Sep-Mar,2025-07,0.14124772336984193,0.14155966121332098,0.18499999999999997,392.0274725274726
nhsn,2025-2026,Tennessee,early_sep_mar,Early Sep-Mar,2025-08,0.14033894971830616,0.14070916676883982,0.18499999999999997,389.85714285714283
nhsn,2025-2026,Tennessee,early_sep_mar,Early Sep-Mar,2025-09,0.14599685819593347,0.14493560349261586,0.18499999999999997,375.07875457875457
nhsn,2025-2026,Tennessee,early_sep_mar,Early Sep-Mar,2025-10,0.1479171310616126,0.14772304593596589,0.185,384.1684981684982
nhsn,2025-2026,Tennessee,early_sep_mar,Early Sep-Mar,2025-11,0.14816997499311588,0.14612296648826956,0.18499999999999997,361.44505494505495
nhsn,2025-2026,Tennessee,early_sep_mar,Early Sep-Mar,2025-12,0.1380624727718065,0.13398405445922779,0.185,330.4761904761905
nhsn,2025-2026,Tennessee,early_sep_mar,Early Sep-Mar,2026-01,0.12991107409367678,0.12576362539029917,0.185,222.66483516483515
nhsn,2025-2026,Tennessee,early_sep_mar,Early Sep-Mar,2026-02,0.11903371518971671,0.11096894573062226,0.185,113.58974358974359
nhsn,2025-2026,Tennessee,early_sep_mar,Early Sep-Mar,2026-03,0.09202738866396762,0.07767660607647058,0.12500891612903228,45.221611721611715
nhsn,2025-2026,Tennessee,early_sep_mar,Early Sep-Mar,2026-04,0.0,0.0,0.0,10.29120879120879
nhsn,2025-2026,Tennessee,extended_sep_apr,Extended Sep-Apr,2025-01,0.0,0.0,0.0,169.60439560439562
nhsn,2025-2026,Tennessee,extended_sep_apr,Extended Sep-Apr,2025-02,0.0,0.027713878254865352,0.035216071428571416,240.7179487179487
nhsn,2025-2026,Tennessee,extended_sep_apr,Extended Sep-Apr,2025-03,0.14574163403799018,0.14296041377297677,0.1814790322580645,347.04761904761904
nhsn,2025-2026,Tennessee,extended_sep_apr,Extended Sep-Apr,2025-04,0.1452271270110971,0.14447189281254474,0.18499999999999991,369.32417582417577
nhsn,2025-2026,Tennessee,extended_sep_apr,Extended Sep-Apr,2025-05,0.14175709472897927,0.14257485685466678,0.18499999999999997,392.2692307692306
nhsn,2025-2026,Tennessee,extended_sep_apr,Extended Sep-Apr,2025-06,0.1452772526642557,0.14422332879871158,0.18499999999999991,379.6153846153845
nhsn,2025-2026,Tennessee,extended_sep_apr,Extended Sep-Apr,2025-07,0.14124772336984193,0.14155966121332098,0.18499999999999997,392.0274725274726
nhsn,2025-2026,Tennessee,extended_sep_apr,Extended Sep-Apr,2025-08,0.14033894971830616,0.14070916676883982,0.18499999999999997,389.85714285714283
nhsn,2025-2026,Tennessee,extended_sep_apr,Extended Sep-Apr,2025-09,0.14599685819593347,0.14493560349261586,0.18499999999999997,375.07875457875457
nhsn,2025-2026,Tennessee,extended_sep_apr,Extended Sep-Apr,2025-10,0.1479171310616126,0.14772304593596589,0.185,384.1684981684982
nhsn,2025-2026,Tennessee,extended_sep_apr,Extended Sep-Apr,2025-11,0.14816997499311588,0.14612296648826956,0.18499999999999997,361.44505494505495
nhsn,2025-2026,Tennessee,extended_sep_apr,Extended Sep-Apr,2025-12,0.1380624727718065,0.13398405445922779,0.185,330.4761904761905
nhsn,2025-2026,Tennessee,extended_sep_apr,Extended Sep-Apr,2026-01,0.12991107409367678,0.12576362539029917,0.185,222.66483516483515
nhsn,2025-2026,Tennessee,extended_sep_apr,Extended Sep-Apr,2026-02,0.11903371518971671,0.11096894573062226,0.185,113.58974358974359
nhsn,2025-2026,Tennessee,extended_sep_apr,Extended Sep-Apr,2026-03,0.10155816923076923,0.09844977380337482,0.185,45.221611721611715
nhsn,2025-2026,Tennessee,extended_sep_apr,Extended Sep-Apr,2026-04,0.027769072164948453,0.05844371688931432,0.13351405600000002,10.291208791208792
nhsn,2025-2026,Tennessee,late_oct_apr,Late Oct-Apr,2025-01,0.0,0.0,0.0,169.60439560439562
nhsn,2025-2026,Tennessee,late_oct_apr,Late Oct-Apr,2025-02,0.0,0.0,0.0,240.7179487179487
nhsn,2025-2026,Tennessee,late_oct_apr,Late Oct-Apr,2025-03,0.0,0.026950023458730706,0.03425483870967742,347.04761904761904
nhsn,2025-2026,Tennessee,late_oct_apr,Late Oct-Apr,2025-04,0.1452271270110971,0.14501305366290096,0.18499999999999991,369.32417582417577
nhsn,2025-2026,Tennessee,late_oct_apr,Late Oct-Apr,2025-05,0.14288259456247906,0.14316526619386732,0.18499999999999997,392.2692307692306
nhsn,2025-2026,Tennessee,late_oct_apr,Late Oct-Apr,2025-06,0.1452772526642557,0.14504513174311368,0.18499999999999991,379.6153846153845
nhsn,2025-2026,Tennessee,late_oct_apr,Late Oct-Apr,2025-07,0.14288259456247906,0.1432535881464912,0.18499999999999997,392.0274725274726
nhsn,2025-2026,Tennessee,late_oct_apr,Late Oct-Apr,2025-08,0.14629522499058437,0.14625496750598677,0.18499999999999997,389.85714285714283
nhsn,2025-2026,Tennessee,late_oct_apr,Late Oct-Apr,2025-09,0.14729492950135126,0.14731763809218054,0.18499999999999991,375.07875457875457
nhsn,2025-2026,Tennessee,late_oct_apr,Late Oct-Apr,2025-10,0.1479171310616126,0.14772304593596589,0.185,384.1684981684982
nhsn,2025-2026,Tennessee,late_oct_apr,Late Oct-Apr,2025-11,0.14816997499311588,0.14612296648826956,0.18499999999999997,361.44505494505495
nhsn,2025-2026,Tennessee,late_oct_apr,Late Oct-Apr,2025-12,0.1380624727718065,0.13398405445922779,0.185,330.4761904761905
nhsn,2025-2026,Tennessee,late_oct_apr,Late Oct-Apr,2026-01,0.12991107409367678,0.12576362539029917,0.185,222.66483516483515
nhsn,2025-2026,Tennessee,late_oct_apr,Late Oct-Apr,2026-02,0.11903371518971671,0.11096894573062226,0.185,113.58974358974359
nhsn,2025-2026,Tennessee,late_oct_apr,Late Oct-Apr,2026-03,0.10155816923076923,0.09844977380337482,0.185,45.221611721611715
nhsn,2025-2026,Tennessee,late_oct_apr,Late Oct-Apr,2026-04,0.027769072164948453,0.05844371688931432,0.13351405600000002,10.291208791208792
nhsn,2025-2026,Texas,baseline_oct_mar,Baseline Oct-Mar,2025-01,0.0,0.0,0.0,1321.3205128205127
nhsn,2025-2026,Texas,baseline_oct_mar,Baseline Oct-Mar,2025-02,0.0,0.0,0.0,1631.7051282051284
nhsn,2025-2026,Texas,baseline_oct_mar,Baseline Oct-Mar,2025-03,0.0,0.02662130924615657,0.03425483870967742,2219.3058608058604
nhsn,2025-2026,Texas,baseline_oct_mar,Baseline Oct-Mar,2025-04,0.14149009023792125,0.14093801778862128,0.18499999999999991,2276.369963369963
nhsn,2025-2026,Texas,baseline_oct_mar,Baseline Oct-Mar,2025-05,0.13197961032689684,0.1326558781392231,0.18499999999999997,2375.928571428571
nhsn,2025-2026,Texas,baseline_oct_mar,Baseline Oct-Mar,2025-06,0.14157328867949026,0.1409794166251744,0.18499999999999991,2299.285714285714
nhsn,2025-2026,Texas,baseline_oct_mar,Baseline Oct-Mar,2025-07,0.13237502404845528,0.13305909962324014,0.18499999999999997,2368.708791208791
nhsn,2025-2026,Texas,baseline_oct_mar,Baseline Oct-Mar,2025-08,0.14361837212507236,0.1437152751896985,0.18499999999999997,2353.1684981684984
nhsn,2025-2026,Texas,baseline_oct_mar,Baseline Oct-Mar,2025-09,0.14634178000484335,0.14639636055622945,0.18499999999999991,2254.278388278388
nhsn,2025-2026,Texas,baseline_oct_mar,Baseline Oct-Mar,2025-10,0.14743851440021946,0.14595466830610676,0.185,2267.659340659341
nhsn,2025-2026,Texas,baseline_oct_mar,Baseline Oct-Mar,2025-11,0.14380249958463265,0.14067846383768662,0.18499999999999997,2008.882783882784
nhsn,2025-2026,Texas,baseline_oct_mar,Baseline Oct-Mar,2025-12,0.1329531686085511,0.13066434512989777,0.185,1641.9688644688645
nhsn,2025-2026,Texas,baseline_oct_mar,Baseline Oct-Mar,2026-01,0.13154561557512418,0.12562876011920607,0.185,1054.6080586080586
nhsn,2025-2026,Texas,baseline_oct_mar,Baseline Oct-Mar,2026-02,0.11090267575381872,0.10320061050722196,0.185,514.2948717948718
nhsn,2025-2026,Texas,baseline_oct_mar,Baseline Oct-Mar,2026-03,0.07196046732837057,0.07026262785149122,0.12500891612903228,156.62271062271063
nhsn,2025-2026,Texas,baseline_oct_mar,Baseline Oct-Mar,2026-04,0.0,0.0,0.0,22.91575091575092
nhsn,2025-2026,Texas,early_sep_mar,Early Sep-Mar,2025-01,0.0,0.0,0.0,1321.3205128205127
nhsn,2025-2026,Texas,early_sep_mar,Early Sep-Mar,2025-02,0.0,0.02766550582540052,0.035216071428571416,1631.7051282051284
nhsn,2025-2026,Texas,early_sep_mar,Early Sep-Mar,2025-03,0.14482822019052113,0.14201457669166995,0.1814790322580645,2219.3058608058604
nhsn,2025-2026,Texas,early_sep_mar,Early Sep-Mar,2025-04,0.14242972526413533,0.1422638302028358,0.18499999999999991,2276.369963369963
nhsn,2025-2026,Texas,early_sep_mar,Early Sep-Mar,2025-05,0.1436037188267082,0.143581382396716,0.18499999999999997,2375.928571428571
nhsn,2025-2026,Texas,early_sep_mar,Early Sep-Mar,2025-06,0.14247119733140423,0.14221652464056805,0.18499999999999991,2299.285714285714
nhsn,2025-2026,Texas,early_sep_mar,Early Sep-Mar,2025-07,0.1438603655167768,0.1438672541892959,0.18499999999999997,2368.708791208791
nhsn,2025-2026,Texas,early_sep_mar,Early Sep-Mar,2025-08,0.14443207862700727,0.14447356930038682,0.18499999999999997,2353.1684981684984
nhsn,2025-2026,Texas,early_sep_mar,Early Sep-Mar,2025-09,0.14644320164914015,0.14643041640751903,0.18499999999999997,2254.2783882783883
nhsn,2025-2026,Texas,early_sep_mar,Early Sep-Mar,2025-10,0.14743851440021946,0.14595466830610676,0.185,2267.659340659341
nhsn,2025-2026,Texas,early_sep_mar,Early Sep-Mar,2025-11,0.14380249958463265,0.14067846383768662,0.18499999999999997,2008.882783882784
nhsn,2025-2026,Texas,early_sep_mar,Early Sep-Mar,2025-12,0.1329531686085511,0.13066434512989777,0.185,1641.9688644688645
nhsn,2025-2026,Texas,early_sep_mar,Early Sep-Mar,2026-01,0.13154561557512418,0.12562876011920607,0.185,1054.6080586080586
nhsn,2025-2026,Texas,early_sep_mar,Early Sep-Mar,2026-02,0.11090267575381872,0.10320061050722196,0.185,514.2948717948718
nhsn,2025-2026,Texas,early_sep_mar,Early Sep-Mar,2026-03,0.07196046732837057,0.07026262785149122,0.12500891612903228,156.62271062271063
nhsn,2025-2026,Texas,early_sep_mar,Early Sep-Mar,2026-04,0.0,0.0,0.0,22.91575091575092
nhsn,2025-2026,Texas,extended_sep_apr,Extended Sep-Apr,2025-01,0.0,0.0,0.0,1321.3205128205127
nhsn,2025-2026,Texas,extended_sep_apr,Extended Sep-Apr,2025-02,0.0,0.02766550582540052,0.035216071428571416,1631.7051282051284
nhsn,2025-2026,Texas,extended_sep_apr,Extended Sep-Apr,2025-03,0.14482822019052113,0.14201457669166995,0.1814790322580645,2219.3058608058604
nhsn,2025-2026,Texas,extended_sep_apr,Extended Sep-Apr,2025-04,0.14242972526413533,0.1422638302028358,0.18499999999999991,2276.369963369963
nhsn,2025-2026,Texas,extended_sep_apr,Extended Sep-Apr,2025-05,0.1436037188267082,0.143581382396716,0.18499999999999997,2375.928571428571
nhsn,2025-2026,Texas,extended_sep_apr,Extended Sep-Apr,2025-06,0.14247119733140423,0.14221652464056805,0.18499999999999991,2299.285714285714
nhsn,2025-2026,Texas,extended_sep_apr,Extended Sep-Apr,2025-07,0.1438603655167768,0.1438672541892959,0.18499999999999997,2368.708791208791
nhsn,2025-2026,Texas,extended_sep_apr,Extended Sep-Apr,2025-08,0.14443207862700727,0.14447356930038682,0.18499999999999997,2353.1684981684984
nhsn,2025-2026,Texas,extended_sep_apr,Extended Sep-Apr,2025-09,0.14644320164914015,0.14643041640751903,0.18499999999999997,2254.2783882783883
nhsn,2025-2026,Texas,extended_sep_apr,Extended Sep-Apr,2025-10,0.14743851440021946,0.14595466830610676,0.185,2267.659340659341
nhsn,2025-2026,Texas,extended_sep_apr,Extended Sep-Apr,2025-11,0.14380249958463265,0.14067846383768662,0.18499999999999997,2008.882783882784
nhsn,2025-2026,Texas,extended_sep_apr,Extended Sep-Apr,2025-12,0.1329531686085511,0.13066434512989777,0.185,1641.9688644688645
nhsn,2025-2026,Texas,extended_sep_apr,Extended Sep-Apr,2026-01,0.13154561557512418,0.12562876011920607,0.185,1054.6080586080586
nhsn,2025-2026,Texas,extended_sep_apr,Extended Sep-Apr,2026-02,0.11090267575381872,0.10320061050722196,0.185,514.2948717948718
nhsn,2025-2026,Texas,extended_sep_apr,Extended Sep-Apr,2026-03,0.08208520165598292,0.08684711248610137,0.185,156.62271062271063
nhsn,2025-2026,Texas,extended_sep_apr,Extended Sep-Apr,2026-04,0.02118942731277533,0.05405852613320348,0.13351405600000002,22.91575091575092
nhsn,2025-2026,Texas,late_oct_apr,Late Oct-Apr,2025-01,0.0,0.0,0.0,1321.3205128205127
nhsn,2025-2026,Texas,late_oct_apr,Late Oct-Apr,2025-02,0.0,0.0,0.0,1631.7051282051284
nhsn,2025-2026,Texas,late_oct_apr,Late Oct-Apr,2025-03,0.0,0.02662130924615657,0.03425483870967742,2219.3058608058604
nhsn,2025-2026,Texas,late_oct_apr,Late Oct-Apr,2025-04,0.14149009023792125,0.14093801778862128,0.18499999999999991,2276.369963369963
nhsn,2025-2026,Texas,late_oct_apr,Late Oct-Apr,2025-05,0.13197961032689684,0.1326558781392231,0.18499999999999997,2375.928571428571
nhsn,2025-2026,Texas,late_oct_apr,Late Oct-Apr,2025-06,0.14157328867949026,0.1409794166251744,0.18499999999999991,2299.285714285714
nhsn,2025-2026,Texas,late_oct_apr,Late Oct-Apr,2025-07,0.13237502404845528,0.13305909962324014,0.18499999999999997,2368.708791208791
nhsn,2025-2026,Texas,late_oct_apr,Late Oct-Apr,2025-08,0.14361837212507236,0.1437152751896985,0.18499999999999997,2353.1684981684984
nhsn,2025-2026,Texas,late_oct_apr,Late Oct-Apr,2025-09,0.14634178000484335,0.14639636055622945,0.18499999999999991,2254.278388278388
nhsn,2025-2026,Texas,late_oct_apr,Late Oct-Apr,2025-10,0.14743851440021946,0.14595466830610676,0.185,2267.659340659341
nhsn,2025-2026,Texas,late_oct_apr,Late Oct-Apr,2025-11,0.14380249958463265,0.14067846383768662,0.18499999999999997,2008.882783882784
nhsn,2025-2026,Texas,late_oct_apr,Late Oct-Apr,2025-12,0.1329531686085511,0.13066434512989777,0.185,1641.9688644688645
nhsn,2025-2026,Texas,late_oct_apr,Late Oct-Apr,2026-01,0.13154561557512418,0.12562876011920607,0.185,1054.6080586080586
nhsn,2025-2026,Texas,late_oct_apr,Late Oct-Apr,2026-02,0.11090267575381872,0.10320061050722196,0.185,514.2948717948718
nhsn,2025-2026,Texas,late_oct_apr,Late Oct-Apr,2026-03,0.08208520165598292,0.08684711248610137,0.185,156.62271062271063
nhsn,2025-2026,Texas,late_oct_apr,Late Oct-Apr,2026-04,0.02118942731277533,0.05405852613320348,0.13351405600000002,22.91575091575092
nhsn,2025-2026,Utah,baseline_oct_mar,Baseline Oct-Mar,2025-01,0.0,0.0,0.0,12.43040293040293
nhsn,2025-2026,Utah,baseline_oct_mar,Baseline Oct-Mar,2025-02,0.0,0.0,0.0,34.282051282051285
nhsn,2025-2026,Utah,baseline_oct_mar,Baseline Oct-Mar,2025-03,0.0,0.026892797694369332,0.03425483870967742,73.61538461538464
nhsn,2025-2026,Utah,baseline_oct_mar,Baseline Oct-Mar,2025-04,0.1455026594368447,0.14553102713294014,0.18499999999999991,83.71245421245422
nhsn,2025-2026,Utah,baseline_oct_mar,Baseline Oct-Mar,2025-05,0.1454107267658576,0.1455042896932476,0.18499999999999997,88.51465201465203
nhsn,2025-2026,Utah,baseline_oct_mar,Baseline Oct-Mar,2025-06,0.14551098576727953,0.14555538598607828,0.18499999999999991,85.65934065934067
nhsn,2025-2026,Utah,baseline_oct_mar,Baseline Oct-Mar,2025-07,0.14691146200315816,0.14686756173715176,0.18499999999999997,87.69413919413917
nhsn,2025-2026,Utah,baseline_oct_mar,Baseline Oct-Mar,2025-08,0.14721485687494326,0.14722799101807285,0.18499999999999997,87.43589743589743
nhsn,2025-2026,Utah,baseline_oct_mar,Baseline Oct-Mar,2025-09,0.14711633223594586,0.1471674954825008,0.18499999999999991,84.61538461538461
nhsn,2025-2026,Utah,baseline_oct_mar,Baseline Oct-Mar,2025-10,0.14791728870672707,0.14788570912004126,0.185,87.14102564102564
nhsn,2025-2026,Utah,baseline_oct_mar,Baseline Oct-Mar,2025-11,0.14833318961965533,0.14778561718357014,0.18499999999999997,83.8974358974359
nhsn,2025-2026,Utah,baseline_oct_mar,Baseline Oct-Mar,2025-12,0.14706236288259722,0.1460226588224436,0.185,83.65934065934066
nhsn,2025-2026,Utah,baseline_oct_mar,Baseline Oct-Mar,2026-01,0.14869216751499048,0.1380999481759698,0.185,76.08424908424908
nhsn,2025-2026,Utah,baseline_oct_mar,Baseline Oct-Mar,2026-02,0.11138468506538023,0.10535695080099458,0.185,45.66666666666667
nhsn,2025-2026,Utah,baseline_oct_mar,Baseline Oct-Mar,2026-03,0.06547870494889727,0.06894247647772042,0.12500891612903228,14.8992673992674
nhsn,2025-2026,Utah,baseline_oct_mar,Baseline Oct-Mar,2026-04,0.0,0.0,0.0,1.9468864468864466
nhsn,2025-2026,Utah,early_sep_mar,Early Sep-Mar,2025-01,0.0,0.0,0.0,12.43040293040293
nhsn,2025-2026,Utah,early_sep_mar,Early Sep-Mar,2025-02,0.0,0.027434344986880004,0.035216071428571416,34.282051282051285
nhsn,2025-2026,Utah,early_sep_mar,Early Sep-Mar,2025-03,0.14517655326304796,0.14240882444573078,0.1814790322580645,73.61538461538464
nhsn,2025-2026,Utah,early_sep_mar,Early Sep-Mar,2025-04,0.14534133930574772,0.1445058123454015,0.18499999999999991,83.71245421245422
nhsn,2025-2026,Utah,early_sep_mar,Early Sep-Mar,2025-05,0.14286723098453824,0.14275829301831253,0.18499999999999997,88.51465201465203
nhsn,2025-2026,Utah,early_sep_mar,Early Sep-Mar,2025-06,0.14539137096130297,0.1443528845275676,0.18499999999999991,85.65934065934067
nhsn,2025-2026,Utah,early_sep_mar,Early Sep-Mar,2025-07,0.14248274017800383,0.14305337477270655,0.18499999999999997,87.69413919413917
nhsn,2025-2026,Utah,early_sep_mar,Early Sep-Mar,2025-08,0.1412123673054219,0.14170968084246766,0.18499999999999997,87.43589743589743
nhsn,2025-2026,Utah,early_sep_mar,Early Sep-Mar,2025-09,0.14623694075924076,0.14509378169704684,0.18499999999999997,84.61538461538461
nhsn,2025-2026,Utah,early_sep_mar,Early Sep-Mar,2025-10,0.14791728870672707,0.14788570912004126,0.185,87.14102564102564
nhsn,2025-2026,Utah,early_sep_mar,Early Sep-Mar,2025-11,0.14833318961965533,0.14778561718357014,0.18499999999999997,83.8974358974359
nhsn,2025-2026,Utah,early_sep_mar,Early Sep-Mar,2025-12,0.14706236288259722,0.1460226588224436,0.185,83.65934065934066
nhsn,2025-2026,Utah,early_sep_mar,Early Sep-Mar,2026-01,0.14869216751499048,0.1380999481759698,0.185,76.08424908424908
nhsn,2025-2026,Utah,early_sep_mar,Early Sep-Mar,2026-02,0.11138468506538023,0.10535695080099458,0.185,45.66666666666667
nhsn,2025-2026,Utah,early_sep_mar,Early Sep-Mar,2026-03,0.06547870494889727,0.06894247647772042,0.12500891612903228,14.8992673992674
nhsn,2025-2026,Utah,early_sep_mar,Early Sep-Mar,2026-04,0.0,0.0,0.0,1.9468864468864466
nhsn,2025-2026,Utah,extended_sep_apr,Extended Sep-Apr,2025-01,0.0,0.0,0.0,12.43040293040293
nhsn,2025-2026,Utah,extended_sep_apr,Extended Sep-Apr,2025-02,0.0,0.027434344986880004,0.035216071428571416,34.282051282051285
nhsn,2025-2026,Utah,extended_sep_apr,Extended Sep-Apr,2025-03,0.14517655326304796,0.14240882444573078,0.1814790322580645,73.61538461538464
nhsn,2025-2026,Utah,extended_sep_apr,Extended Sep-Apr,2025-04,0.14534133930574772,0.1445058123454015,0.18499999999999991,83.71245421245422
nhsn,2025-2026,Utah,extended_sep_apr,Extended Sep-Apr,2025-05,0.14286723098453824,0.14275829301831253,0.18499999999999997,88.51465201465203
nhsn,2025-2026,Utah,extended_sep_apr,Extended Sep-Apr,2025-06,0.14539137096130297,0.1443528845275676,0.18499999999999991,85.65934065934067
nhsn,2025-2026,Utah,extended_sep_apr,Extended Sep-Apr,2025-07,0.14248274017800383,0.14305337477270655,0.18499999999999997,87.69413919413917
nhsn,2025-2026,Utah,extended_sep_apr,Extended Sep-Apr,2025-08,0.1412123673054219,0.14170968084246766,0.18499999999999997,87.43589743589743
nhsn,2025-2026,Utah,extended_sep_apr,Extended Sep-Apr,2025-09,0.14623694075924076,0.14509378169704684,0.18499999999999997,84.61538461538461
nhsn,2025-2026,Utah,extended_sep_apr,Extended Sep-Apr,2025-10,0.14791728870672707,0.14788570912004126,0.185,87.14102564102564
nhsn,2025-2026,Utah,extended_sep_apr,Extended Sep-Apr,2025-11,0.14833318961965533,0.14778561718357014,0.18499999999999997,83.8974358974359
nhsn,2025-2026,Utah,extended_sep_apr,Extended Sep-Apr,2025-12,0.14706236288259722,0.1460226588224436,0.185,83.65934065934066
nhsn,2025-2026,Utah,extended_sep_apr,Extended Sep-Apr,2026-01,0.14869216751499048,0.1380999481759698,0.185,76.08424908424908
nhsn,2025-2026,Utah,extended_sep_apr,Extended Sep-Apr,2026-02,0.11138468506538023,0.10535695080099458,0.185,45.66666666666667
nhsn,2025-2026,Utah,extended_sep_apr,Extended Sep-Apr,2026-03,0.08138117866004964,0.0847849583479466,0.185,14.8992673992674
nhsn,2025-2026,Utah,extended_sep_apr,Extended Sep-Apr,2026-04,0.019566101694915256,0.053760436958643514,0.13351405600000002,1.9468864468864469
nhsn,2025-2026,Utah,late_oct_apr,Late Oct-Apr,2025-01,0.0,0.0,0.0,12.43040293040293
nhsn,2025-2026,Utah,late_oct_apr,Late Oct-Apr,2025-02,0.0,0.0,0.0,34.282051282051285
nhsn,2025-2026,Utah,late_oct_apr,Late Oct-Apr,2025-03,0.0,0.026892797694369332,0.03425483870967742,73.61538461538464
nhsn,2025-2026,Utah,late_oct_apr,Late Oct-Apr,2025-04,0.1455026594368447,0.14553102713294014,0.18499999999999991,83.71245421245422
nhsn,2025-2026,Utah,late_oct_apr,Late Oct-Apr,2025-05,0.1454107267658576,0.1455042896932476,0.18499999999999997,88.51465201465203
nhsn,2025-2026,Utah,late_oct_apr,Late Oct-Apr,2025-06,0.14551098576727953,0.14555538598607828,0.18499999999999991,85.65934065934067
nhsn,2025-2026,Utah,late_oct_apr,Late Oct-Apr,2025-07,0.14691146200315816,0.14686756173715176,0.18499999999999997,87.69413919413917
nhsn,2025-2026,Utah,late_oct_apr,Late Oct-Apr,2025-08,0.14721485687494326,0.14722799101807285,0.18499999999999997,87.43589743589743
nhsn,2025-2026,Utah,late_oct_apr,Late Oct-Apr,2025-09,0.14711633223594586,0.1471674954825008,0.18499999999999991,84.61538461538461
nhsn,2025-2026,Utah,late_oct_apr,Late Oct-Apr,2025-10,0.14791728870672707,0.14788570912004126,0.185,87.14102564102564
nhsn,2025-2026,Utah,late_oct_apr,Late Oct-Apr,2025-11,0.14833318961965533,0.14778561718357014,0.18499999999999997,83.8974358974359
nhsn,2025-2026,Utah,late_oct_apr,Late Oct-Apr,2025-12,0.14706236288259722,0.1460226588224436,0.185,83.65934065934066
nhsn,2025-2026,Utah,late_oct_apr,Late Oct-Apr,2026-01,0.14869216751499048,0.1380999481759698,0.185,76.08424908424908
nhsn,2025-2026,Utah,late_oct_apr,Late Oct-Apr,2026-02,0.11138468506538023,0.10535695080099458,0.185,45.66666666666667
nhsn,2025-2026,Utah,late_oct_apr,Late Oct-Apr,2026-03,0.08138117866004964,0.0847849583479466,0.185,14.8992673992674
nhsn,2025-2026,Utah,late_oct_apr,Late Oct-Apr,2026-04,0.019566101694915256,0.053760436958643514,0.13351405600000002,1.9468864468864469
nhsn,2025-2026,Vermont,baseline_oct_mar,Baseline Oct-Mar,2025-01,0.0,0.0,0.0,1.3095238095238093
nhsn,2025-2026,Vermont,baseline_oct_mar,Baseline Oct-Mar,2025-02,0.0,0.0,0.0,3.358974358974359
nhsn,2025-2026,Vermont,baseline_oct_mar,Baseline Oct-Mar,2025-03,0.0,0.027312530051439386,0.03425483870967742,10.293040293040296
nhsn,2025-2026,Vermont,baseline_oct_mar,Baseline Oct-Mar,2025-04,0.14758206818181818,0.1476141630299539,0.18499999999999991,13.63003663003663
nhsn,2025-2026,Vermont,baseline_oct_mar,Baseline Oct-Mar,2025-05,0.148169567007992,0.14814234377419352,0.18499999999999997,15.897435897435898
nhsn,2025-2026,Vermont,baseline_oct_mar,Baseline Oct-Mar,2025-06,0.1474811590909091,0.14749085500559442,0.18499999999999991,15.384615384615387
nhsn,2025-2026,Vermont,baseline_oct_mar,Baseline Oct-Mar,2025-07,0.148169567007992,0.1481423437741935,0.18499999999999997,15.897435897435898
nhsn,2025-2026,Vermont,baseline_oct_mar,Baseline Oct-Mar,2025-08,0.14738025,0.14738025000000002,0.18499999999999997,15.897435897435898
nhsn,2025-2026,Vermont,baseline_oct_mar,Baseline Oct-Mar,2025-09,0.14721879545454547,0.14724353163636367,0.18499999999999991,15.384615384615387
nhsn,2025-2026,Vermont,baseline_oct_mar,Baseline Oct-Mar,2025-10,0.14758206818181818,0.1476249452525205,0.185,15.8974358974359
nhsn,2025-2026,Vermont,baseline_oct_mar,Baseline Oct-Mar,2025-11,0.14866493269230768,0.14854250497437066,0.18499999999999997,15.384615384615387
nhsn,2025-2026,Vermont,baseline_oct_mar,Baseline Oct-Mar,2025-12,0.14671951921781923,0.14552085765987588,0.185,15.706959706959708
nhsn,2025-2026,Vermont,baseline_oct_mar,Baseline Oct-Mar,2026-01,0.150511,0.14632870960397046,0.185,14.587912087912088
nhsn,2025-2026,Vermont,baseline_oct_mar,Baseline Oct-Mar,2026-02,0.12196701441591196,0.11762583995432271,0.185,11.0
nhsn,2025-2026,Vermont,baseline_oct_mar,Baseline Oct-Mar,2026-03,0.12030174825174826,0.08948252445551937,0.12500891612903228,5.604395604395604
nhsn,2025-2026,Vermont,baseline_oct_mar,Baseline Oct-Mar,2026-04,0.0,0.0,0.0,1.7545787545787546
nhsn,2025-2026,Vermont,early_sep_mar,Early Sep-Mar,2025-01,0.0,0.0,0.0,1.3095238095238093
nhsn,2025-2026,Vermont,early_sep_mar,Early Sep-Mar,2025-02,0.0,0.02803159020816197,0.035216071428571416,3.358974358974359
nhsn,2025-2026,Vermont,early_sep_mar,Early Sep-Mar,2025-03,0.14724025691699605,0.14443212072366965,0.1814790322580645,10.293040293040296
nhsn,2025-2026,Vermont,early_sep_mar,Early Sep-Mar,2025-04,0.14752428958944286,0.14306026967309232,0.18499999999999991,13.63003663003663
nhsn,2025-2026,Vermont,early_sep_mar,Early Sep-Mar,2025-05,0.1322852590909091,0.13356581693841643,0.18499999999999997,15.897435897435898
nhsn,2025-2026,Vermont,early_sep_mar,Early Sep-Mar,2025-06,0.14738025000000002,0.14208926143636363,0.18499999999999991,15.384615384615387
nhsn,2025-2026,Vermont,early_sep_mar,Early Sep-Mar,2025-07,0.12698284675324675,0.12844726319648092,0.18499999999999997,15.897435897435898
nhsn,2025-2026,Vermont,early_sep_mar,Early Sep-Mar,2025-08,0.11850648311688311,0.12058641602073733,0.18499999999999997,15.897435897435898
nhsn,2025-2026,Vermont,early_sep_mar,Early Sep-Mar,2025-09,0.14070165389610392,0.13645531426840457,0.18499999999999997,15.384615384615387
nhsn,2025-2026,Vermont,early_sep_mar,Early Sep-Mar,2025-10,0.14758206818181818,0.1476249452525205,0.185,15.8974358974359
nhsn,2025-2026,Vermont,early_sep_mar,Early Sep-Mar,2025-11,0.14866493269230768,0.14854250497437066,0.18499999999999997,15.384615384615387
nhsn,2025-2026,Vermont,early_sep_mar,Early Sep-Mar,2025-12,0.14671951921781923,0.14552085765987588,0.185,15.706959706959708
nhsn,2025-2026,Vermont,early_sep_mar,Early Sep-Mar,2026-01,0.150511,0.14632870960397046,0.185,14.587912087912088
nhsn,2025-2026,Vermont,early_sep_mar,Early Sep-Mar,2026-02,0.12196701441591196,0.11762583995432271,0.185,11.0
nhsn,2025-2026,Vermont,early_sep_mar,Early Sep-Mar,2026-03,0.12030174825174826,0.08948252445551937,0.12500891612903228,5.604395604395604
nhsn,2025-2026,Vermont,early_sep_mar,Early Sep-Mar,2026-04,0.0,0.0,0.0,1.7545787545787546
nhsn,2025-2026,Vermont,extended_sep_apr,Extended Sep-Apr,2025-01,0.0,0.0,0.0,1.3095238095238093
nhsn,2025-2026,Vermont,extended_sep_apr,Extended Sep-Apr,2025-02,0.0,0.02803159020816197,0.035216071428571416,3.358974358974359
nhsn,2025-2026,Vermont,extended_sep_apr,Extended Sep-Apr,2025-03,0.14724025691699605,0.14443212072366965,0.1814790322580645,10.293040293040296
nhsn,2025-2026,Vermont,extended_sep_apr,Extended Sep-Apr,2025-04,0.14752428958944286,0.14306026967309232,0.18499999999999991,13.63003663003663
nhsn,2025-2026,Vermont,extended_sep_apr,Extended Sep-Apr,2025-05,0.1322852590909091,0.13356581693841643,0.18499999999999997,15.897435897435898
nhsn,2025-2026,Vermont,extended_sep_apr,Extended Sep-Apr,2025-06,0.14738025000000002,0.14208926143636363,0.18499999999999991,15.384615384615387
nhsn,2025-2026,Vermont,extended_sep_apr,Extended Sep-Apr,2025-07,0.12698284675324675,0.12844726319648092,0.18499999999999997,15.897435897435898
nhsn,2025-2026,Vermont,extended_sep_apr,Extended Sep-Apr,2025-08,0.11850648311688311,0.12058641602073733,0.18499999999999997,15.897435897435898
nhsn,2025-2026,Vermont,extended_sep_apr,Extended Sep-Apr,2025-09,0.14070165389610392,0.13645531426840457,0.18499999999999997,15.384615384615387
nhsn,2025-2026,Vermont,extended_sep_apr,Extended Sep-Apr,2025-10,0.14758206818181818,0.1476249452525205,0.185,15.8974358974359
nhsn,2025-2026,Vermont,extended_sep_apr,Extended Sep-Apr,2025-11,0.14866493269230768,0.14854250497437066,0.18499999999999997,15.384615384615387
nhsn,2025-2026,Vermont,extended_sep_apr,Extended Sep-Apr,2025-12,0.14671951921781923,0.14552085765987588,0.185,15.706959706959708
nhsn,2025-2026,Vermont,extended_sep_apr,Extended Sep-Apr,2026-01,0.150511,0.14632870960397046,0.185,14.587912087912088
nhsn,2025-2026,Vermont,extended_sep_apr,Extended Sep-Apr,2026-02,0.12196701441591196,0.11762583995432271,0.185,11.0
nhsn,2025-2026,Vermont,extended_sep_apr,Extended Sep-Apr,2026-03,0.1222094674556213,0.11277898942901135,0.185,5.604395604395604
nhsn,2025-2026,Vermont,extended_sep_apr,Extended Sep-Apr,2026-04,0.0222,0.05511482571557321,0.13351405600000002,1.7545787545787543
nhsn,2025-2026,Vermont,late_oct_apr,Late Oct-Apr,2025-01,0.0,0.0,0.0,1.3095238095238093
nhsn,2025-2026,Vermont,late_oct_apr,Late Oct-Apr,2025-02,0.0,0.0,0.0,3.358974358974359
nhsn,2025-2026,Vermont,late_oct_apr,Late Oct-Apr,2025-03,0.0,0.027312530051439386,0.03425483870967742,10.293040293040296
nhsn,2025-2026,Vermont,late_oct_apr,Late Oct-Apr,2025-04,0.14758206818181818,0.1476141630299539,0.18499999999999991,13.63003663003663
nhsn,2025-2026,Vermont,late_oct_apr,Late Oct-Apr,2025-05,0.148169567007992,0.14814234377419352,0.18499999999999997,15.897435897435898
nhsn,2025-2026,Vermont,late_oct_apr,Late Oct-Apr,2025-06,0.1474811590909091,0.14749085500559442,0.18499999999999991,15.384615384615387
nhsn,2025-2026,Vermont,late_oct_apr,Late Oct-Apr,2025-07,0.148169567007992,0.1481423437741935,0.18499999999999997,15.897435897435898
nhsn,2025-2026,Vermont,late_oct_apr,Late Oct-Apr,2025-08,0.14738025,0.14738025000000002,0.18499999999999997,15.897435897435898
nhsn,2025-2026,Vermont,late_oct_apr,Late Oct-Apr,2025-09,0.14721879545454547,0.14724353163636367,0.18499999999999991,15.384615384615387
nhsn,2025-2026,Vermont,late_oct_apr,Late Oct-Apr,2025-10,0.14758206818181818,0.1476249452525205,0.185,15.8974358974359
nhsn,2025-2026,Vermont,late_oct_apr,Late Oct-Apr,2025-11,0.14866493269230768,0.14854250497437066,0.18499999999999997,15.384615384615387
nhsn,2025-2026,Vermont,late_oct_apr,Late Oct-Apr,2025-12,0.14671951921781923,0.14552085765987588,0.185,15.706959706959708
nhsn,2025-2026,Vermont,late_oct_apr,Late Oct-Apr,2026-01,0.150511,0.14632870960397046,0.185,14.587912087912088
nhsn,2025-2026,Vermont,late_oct_apr,Late Oct-Apr,2026-02,0.12196701441591196,0.11762583995432271,0.185,11.0
nhsn,2025-2026,Vermont,late_oct_apr,Late Oct-Apr,2026-03,0.1222094674556213,0.11277898942901135,0.185,5.604395604395604
nhsn,2025-2026,Vermont,late_oct_apr,Late Oct-Apr,2026-04,0.0222,0.05511482571557321,0.13351405600000002,1.7545787545787543
nhsn,2025-2026,Virginia,baseline_oct_mar,Baseline Oct-Mar,2025-01,0.0,0.0,0.0,140.20146520146523
nhsn,2025-2026,Virginia,baseline_oct_mar,Baseline Oct-Mar,2025-02,0.0,0.0,0.0,171.7051282051282
nhsn,2025-2026,Virginia,baseline_oct_mar,Baseline Oct-Mar,2025-03,0.0,0.026574913133087453,0.03425483870967742,218.41575091575092
nhsn,2025-2026,Virginia,baseline_oct_mar,Baseline Oct-Mar,2025-04,0.13759787416044167,0.13722165867828962,0.18499999999999991,224.8791208791209
nhsn,2025-2026,Virginia,baseline_oct_mar,Baseline Oct-Mar,2025-05,0.12560224241865517,0.1283729340323543,0.18499999999999997,236.87179487179486
nhsn,2025-2026,Virginia,baseline_oct_mar,Baseline Oct-Mar,2025-06,0.13786970468457718,0.13734742720311233,0.18499999999999991,229.23076923076923
nhsn,2025-2026,Virginia,baseline_oct_mar,Baseline Oct-Mar,2025-07,0.12587452883190636,0.12868877167765003,0.18499999999999997,236.29487179487185
nhsn,2025-2026,Virginia,baseline_oct_mar,Baseline Oct-Mar,2025-08,0.14082126292089026,0.14062394832370603,0.18499999999999997,235.48717948717945
nhsn,2025-2026,Virginia,baseline_oct_mar,Baseline Oct-Mar,2025-09,0.14565740361330717,0.14490877472613348,0.18499999999999991,225.96520146520146
nhsn,2025-2026,Virginia,baseline_oct_mar,Baseline Oct-Mar,2025-10,0.14488215552092634,0.14373529112682587,0.185,222.65567765567766
nhsn,2025-2026,Virginia,baseline_oct_mar,Baseline Oct-Mar,2025-11,0.14506544551906084,0.14171776128386362,0.18499999999999997,191.8021978021978
nhsn,2025-2026,Virginia,baseline_oct_mar,Baseline Oct-Mar,2025-12,0.1352803540844341,0.13063102981556465,0.185,159.39377289377288
nhsn,2025-2026,Virginia,baseline_oct_mar,Baseline Oct-Mar,2026-01,0.12105327857649596,0.11801652213329339,0.185,96.67032967032966
nhsn,2025-2026,Virginia,baseline_oct_mar,Baseline Oct-Mar,2026-02,0.12111755766349036,0.11261625142718228,0.185,42.24358974358975
nhsn,2025-2026,Virginia,baseline_oct_mar,Baseline Oct-Mar,2026-03,0.10046797595190382,0.08233297762998917,0.12500891612903228,18.456043956043956
nhsn,2025-2026,Virginia,baseline_oct_mar,Baseline Oct-Mar,2026-04,0.0,0.0,0.0,4.351648351648352
nhsn,2025-2026,Virginia,early_sep_mar,Early Sep-Mar,2025-01,0.0,0.0,0.0,140.20146520146523
nhsn,2025-2026,Virginia,early_sep_mar,Early Sep-Mar,2025-02,0.0,0.02796134276385131,0.035216071428571416,171.7051282051282
nhsn,2025-2026,Virginia,early_sep_mar,Early Sep-Mar,2025-03,0.14606179057951396,0.1429718396127622,0.1814790322580645,218.41575091575092
nhsn,2025-2026,Virginia,early_sep_mar,Early Sep-Mar,2025-04,0.13998447295917585,0.13964766961900088,0.18499999999999991,224.8791208791209
nhsn,2025-2026,Virginia,early_sep_mar,Early Sep-Mar,2025-05,0.14342826355020818,0.14326739432168611,0.18499999999999997,236.87179487179486
nhsn,2025-2026,Virginia,early_sep_mar,Early Sep-Mar,2025-06,0.1401124310605502,0.13957206023657776,0.18499999999999991,229.23076923076923
nhsn,2025-2026,Virginia,early_sep_mar,Early Sep-Mar,2025-07,0.14347432607162292,0.14332601731661984,0.18499999999999997,236.29487179487185
nhsn,2025-2026,Virginia,early_sep_mar,Early Sep-Mar,2025-08,0.14310879083648226,0.14308097919284055,0.18499999999999997,235.48717948717945
nhsn,2025-2026,Virginia,early_sep_mar,Early Sep-Mar,2025-09,0.14536652326744148,0.14521347052401856,0.18499999999999997,225.96520146520146
nhsn,2025-2026,Virginia,early_sep_mar,Early Sep-Mar,2025-10,0.14488215552092634,0.14373529112682587,0.185,222.65567765567766
nhsn,2025-2026,Virginia,early_sep_mar,Early Sep-Mar,2025-11,0.14506544551906084,0.14171776128386362,0.18499999999999997,191.8021978021978
nhsn,2025-2026,Virginia,early_sep_mar,Early Sep-Mar,2025-12,0.1352803540844341,0.13063102981556465,0.185,159.39377289377288
nhsn,2025-2026,Virginia,early_sep_mar,Early Sep-Mar,2026-01,0.12105327857649596,0.11801652213329339,0.185,96.67032967032966
nhsn,2025-2026,Virginia,early_sep_mar,Early Sep-Mar,2026-02,0.12111755766349036,0.11261625142718228,0.185,42.24358974358975
nhsn,2025-2026,Virginia,early_sep_mar,Early Sep-Mar,2026-03,0.10046797595190382,0.08233297762998917,0.12500891612903228,18.456043956043956
nhsn,2025-2026,Virginia,early_sep_mar,Early Sep-Mar,2026-04,0.0,0.0,0.0,4.351648351648352
nhsn,2025-2026,Virginia,extended_sep_apr,Extended Sep-Apr,2025-01,0.0,0.0,0.0,140.20146520146523
nhsn,2025-2026,Virginia,extended_sep_apr,Extended Sep-Apr,2025-02,0.0,0.02796134276385131,0.035216071428571416,171.7051282051282
nhsn,2025-2026,Virginia,extended_sep_apr,Extended Sep-Apr,2025-03,0.14606179057951396,0.1429718396127622,0.1814790322580645,218.41575091575092
nhsn,2025-2026,Virginia,extended_sep_apr,Extended Sep-Apr,2025-04,0.13998447295917585,0.13964766961900088,0.18499999999999991,224.8791208791209
nhsn,2025-2026,Virginia,extended_sep_apr,Extended Sep-Apr,2025-05,0.14342826355020818,0.14326739432168611,0.18499999999999997,236.87179487179486
nhsn,2025-2026,Virginia,extended_sep_apr,Extended Sep-Apr,2025-06,0.1401124310605502,0.13957206023657776,0.18499999999999991,229.23076923076923
nhsn,2025-2026,Virginia,extended_sep_apr,Extended Sep-Apr,2025-07,0.14347432607162292,0.14332601731661984,0.18499999999999997,236.29487179487185
nhsn,2025-2026,Virginia,extended_sep_apr,Extended Sep-Apr,2025-08,0.14310879083648226,0.14308097919284055,0.18499999999999997,235.48717948717945
nhsn,2025-2026,Virginia,extended_sep_apr,Extended Sep-Apr,2025-09,0.14536652326744148,0.14521347052401856,0.18499999999999997,225.96520146520146
nhsn,2025-2026,Virginia,extended_sep_apr,Extended Sep-Apr,2025-10,0.14488215552092634,0.14373529112682587,0.185,222.65567765567766
nhsn,2025-2026,Virginia,extended_sep_apr,Extended Sep-Apr,2025-11,0.14506544551906084,0.14171776128386362,0.18499999999999997,191.8021978021978
nhsn,2025-2026,Virginia,extended_sep_apr,Extended Sep-Apr,2025-12,0.1352803540844341,0.13063102981556465,0.185,159.39377289377288
nhsn,2025-2026,Virginia,extended_sep_apr,Extended Sep-Apr,2026-01,0.12105327857649596,0.11801652213329339,0.185,96.67032967032966
nhsn,2025-2026,Virginia,extended_sep_apr,Extended Sep-Apr,2026-02,0.12111755766349036,0.11261625142718228,0.185,42.24358974358975
nhsn,2025-2026,Virginia,extended_sep_apr,Extended Sep-Apr,2026-03,0.1031360350678733,0.10142412938680226,0.185,18.456043956043956
nhsn,2025-2026,Virginia,extended_sep_apr,Extended Sep-Apr,2026-04,0.025195238095238093,0.05581125214486361,0.13351405600000002,4.351648351648351
nhsn,2025-2026,Virginia,late_oct_apr,Late Oct-Apr,2025-01,0.0,0.0,0.0,140.20146520146523
nhsn,2025-2026,Virginia,late_oct_apr,Late Oct-Apr,2025-02,0.0,0.0,0.0,171.7051282051282
nhsn,2025-2026,Virginia,late_oct_apr,Late Oct-Apr,2025-03,0.0,0.026574913133087453,0.03425483870967742,218.41575091575092
nhsn,2025-2026,Virginia,late_oct_apr,Late Oct-Apr,2025-04,0.13759787416044167,0.13722165867828962,0.18499999999999991,224.8791208791209
nhsn,2025-2026,Virginia,late_oct_apr,Late Oct-Apr,2025-05,0.12560224241865517,0.1283729340323543,0.18499999999999997,236.87179487179486
nhsn,2025-2026,Virginia,late_oct_apr,Late Oct-Apr,2025-06,0.13786970468457718,0.13734742720311233,0.18499999999999991,229.23076923076923
nhsn,2025-2026,Virginia,late_oct_apr,Late Oct-Apr,2025-07,0.12587452883190636,0.12868877167765003,0.18499999999999997,236.29487179487185
nhsn,2025-2026,Virginia,late_oct_apr,Late Oct-Apr,2025-08,0.14082126292089026,0.14062394832370603,0.18499999999999997,235.48717948717945
nhsn,2025-2026,Virginia,late_oct_apr,Late Oct-Apr,2025-09,0.14565740361330717,0.14490877472613348,0.18499999999999991,225.96520146520146
nhsn,2025-2026,Virginia,late_oct_apr,Late Oct-Apr,2025-10,0.14488215552092634,0.14373529112682587,0.185,222.65567765567766
nhsn,2025-2026,Virginia,late_oct_apr,Late Oct-Apr,2025-11,0.14506544551906084,0.14171776128386362,0.18499999999999997,191.8021978021978
nhsn,2025-2026,Virginia,late_oct_apr,Late Oct-Apr,2025-12,0.1352803540844341,0.13063102981556465,0.185,159.39377289377288
nhsn,2025-2026,Virginia,late_oct_apr,Late Oct-Apr,2026-01,0.12105327857649596,0.11801652213329339,0.185,96.67032967032966
nhsn,2025-2026,Virginia,late_oct_apr,Late Oct-Apr,2026-02,0.12111755766349036,0.11261625142718228,0.185,42.24358974358975
nhsn,2025-2026,Virginia,late_oct_apr,Late Oct-Apr,2026-03,0.1031360350678733,0.10142412938680226,0.185,18.456043956043956
nhsn,2025-2026,Virginia,late_oct_apr,Late Oct-Apr,2026-04,0.025195238095238093,0.05581125214486361,0.13351405600000002,4.351648351648351
nhsn,2025-2026,Washington,baseline_oct_mar,Baseline Oct-Mar,2025-01,0.0,0.0,0.0,50.19780219780219
nhsn,2025-2026,Washington,baseline_oct_mar,Baseline Oct-Mar,2025-02,0.0,0.0,0.0,64.98717948717947
nhsn,2025-2026,Washington,baseline_oct_mar,Baseline Oct-Mar,2025-03,0.0,0.026583949994283824,0.03425483870967742,97.32600732600733
nhsn,2025-2026,Washington,baseline_oct_mar,Baseline Oct-Mar,2025-04,0.14187345793840908,0.14181378663157992,0.18499999999999991,109.52014652014651
nhsn,2025-2026,Washington,baseline_oct_mar,Baseline Oct-Mar,2025-05,0.1390395400082676,0.13907401545146847,0.18499999999999997,115.25641025641025
nhsn,2025-2026,Washington,baseline_oct_mar,Baseline Oct-Mar,2025-06,0.14203786124565093,0.14187839300232988,0.18499999999999991,111.53846153846155
nhsn,2025-2026,Washington,baseline_oct_mar,Baseline Oct-Mar,2025-07,0.13932599895621622,0.13943756764215057,0.18499999999999997,114.95604395604394
nhsn,2025-2026,Washington,baseline_oct_mar,Baseline Oct-Mar,2025-08,0.14363399897324897,0.14356356021493472,0.18499999999999997,114.46703296703294
nhsn,2025-2026,Washington,baseline_oct_mar,Baseline Oct-Mar,2025-09,0.14525112644993893,0.14554903352409002,0.18499999999999991,110.03846153846153
nhsn,2025-2026,Washington,baseline_oct_mar,Baseline Oct-Mar,2025-10,0.14709991065165684,0.1468456369430741,0.185,110.82600732600733
nhsn,2025-2026,Washington,baseline_oct_mar,Baseline Oct-Mar,2025-11,0.14796420146537811,0.14470070512317032,0.18499999999999997,102.75091575091577
nhsn,2025-2026,Washington,baseline_oct_mar,Baseline Oct-Mar,2025-12,0.1360076011101496,0.13448533113806052,0.185,91.47985347985347
nhsn,2025-2026,Washington,baseline_oct_mar,Baseline Oct-Mar,2026-01,0.1382586791649211,0.13298645951774474,0.185,65.05860805860806
nhsn,2025-2026,Washington,baseline_oct_mar,Baseline Oct-Mar,2026-02,0.12046906988137211,0.11660069304762981,0.185,39.11538461538461
nhsn,2025-2026,Washington,baseline_oct_mar,Baseline Oct-Mar,2026-03,0.08782000000000001,0.07822266648698882,0.12500891612903228,17.930402930402934
nhsn,2025-2026,Washington,baseline_oct_mar,Baseline Oct-Mar,2026-04,0.0,0.0,0.0,2.0183150183150182
nhsn,2025-2026,Washington,early_sep_mar,Early Sep-Mar,2025-01,0.0,0.0,0.0,50.19780219780219
nhsn,2025-2026,Washington,early_sep_mar,Early Sep-Mar,2025-02,0.0,0.02790162588169821,0.035216071428571416,64.98717948717947
nhsn,2025-2026,Washington,early_sep_mar,Early Sep-Mar,2025-03,0.14466153595089123,0.1422519312287761,0.1814790322580645,97.32600732600733
nhsn,2025-2026,Washington,early_sep_mar,Early Sep-Mar,2025-04,0.1420636373842764,0.1418932327389,0.18499999999999991,109.52014652014651
nhsn,2025-2026,Washington,early_sep_mar,Early Sep-Mar,2025-05,0.14403927255158633,0.1430107083520762,0.18499999999999997,115.25641025641025
nhsn,2025-2026,Washington,early_sep_mar,Early Sep-Mar,2025-06,0.14216729879086432,0.14191968404672914,0.18499999999999991,111.53846153846155
nhsn,2025-2026,Washington,early_sep_mar,Early Sep-Mar,2025-07,0.14433116493850978,0.14271832189383152,0.18499999999999997,114.95604395604394
nhsn,2025-2026,Washington,early_sep_mar,Early Sep-Mar,2025-08,0.1415043370206183,0.14179501449135537,0.18499999999999997,114.46703296703294
nhsn,2025-2026,Washington,early_sep_mar,Early Sep-Mar,2025-09,0.1455500570418156,0.14511485857773299,0.18499999999999997,110.03846153846153
nhsn,2025-2026,Washington,early_sep_mar,Early Sep-Mar,2025-10,0.14709991065165684,0.1468456369430741,0.185,110.82600732600733
nhsn,2025-2026,Washington,early_sep_mar,Early Sep-Mar,2025-11,0.14796420146537811,0.14470070512317032,0.18499999999999997,102.75091575091577
nhsn,2025-2026,Washington,early_sep_mar,Early Sep-Mar,2025-12,0.1360076011101496,0.13448533113806052,0.185,91.47985347985347
nhsn,2025-2026,Washington,early_sep_mar,Early Sep-Mar,2026-01,0.1382586791649211,0.13298645951774474,0.185,65.05860805860806
nhsn,2025-2026,Washington,early_sep_mar,Early Sep-Mar,2026-02,0.12046906988137211,0.11660069304762981,0.185,39.11538461538461
nhsn,2025-2026,Washington,early_sep_mar,Early Sep-Mar,2026-03,0.08782000000000001,0.07822266648698882,0.12500891612903228,17.930402930402934
nhsn,2025-2026,Washington,early_sep_mar,Early Sep-Mar,2026-04,0.0,0.0,0.0,2.0183150183150182
nhsn,2025-2026,Washington,extended_sep_apr,Extended Sep-Apr,2025-01,0.0,0.0,0.0,50.19780219780219
nhsn,2025-2026,Washington,extended_sep_apr,Extended Sep-Apr,2025-02,0.0,0.02790162588169821,0.035216071428571416,64.98717948717947
nhsn,2025-2026,Washington,extended_sep_apr,Extended Sep-Apr,2025-03,0.14466153595089123,0.1422519312287761,0.1814790322580645,97.32600732600733
nhsn,2025-2026,Washington,extended_sep_apr,Extended Sep-Apr,2025-04,0.1420636373842764,0.1418932327389,0.18499999999999991,109.52014652014651
nhsn,2025-2026,Washington,extended_sep_apr,Extended Sep-Apr,2025-05,0.14403927255158633,0.1430107083520762,0.18499999999999997,115.25641025641025
nhsn,2025-2026,Washington,extended_sep_apr,Extended Sep-Apr,2025-06,0.14216729879086432,0.14191968404672914,0.18499999999999991,111.53846153846155
nhsn,2025-2026,Washington,extended_sep_apr,Extended Sep-Apr,2025-07,0.14433116493850978,0.14271832189383152,0.18499999999999997,114.95604395604394
nhsn,2025-2026,Washington,extended_sep_apr,Extended Sep-Apr,2025-08,0.1415043370206183,0.14179501449135537,0.18499999999999997,114.46703296703294
nhsn,2025-2026,Washington,extended_sep_apr,Extended Sep-Apr,2025-09,0.1455500570418156,0.14511485857773299,0.18499999999999997,110.03846153846153
nhsn,2025-2026,Washington,extended_sep_apr,Extended Sep-Apr,2025-10,0.14709991065165684,0.1468456369430741,0.185,110.82600732600733
nhsn,2025-2026,Washington,extended_sep_apr,Extended Sep-Apr,2025-11,0.14796420146537811,0.14470070512317032,0.18499999999999997,102.75091575091577
nhsn,2025-2026,Washington,extended_sep_apr,Extended Sep-Apr,2025-12,0.1360076011101496,0.13448533113806052,0.185,91.47985347985347
nhsn,2025-2026,Washington,extended_sep_apr,Extended Sep-Apr,2026-01,0.1382586791649211,0.13298645951774474,0.185,65.05860805860806
nhsn,2025-2026,Washington,extended_sep_apr,Extended Sep-Apr,2026-02,0.12046906988137211,0.11660069304762981,0.185,39.11538461538461
nhsn,2025-2026,Washington,extended_sep_apr,Extended Sep-Apr,2026-03,0.08782000000000001,0.08736205525329903,0.185,17.930402930402934
nhsn,2025-2026,Washington,extended_sep_apr,Extended Sep-Apr,2026-04,0.007528695652173912,0.03635258297240033,0.13351405600000002,2.0183150183150182
nhsn,2025-2026,Washington,late_oct_apr,Late Oct-Apr,2025-01,0.0,0.0,0.0,50.19780219780219
nhsn,2025-2026,Washington,late_oct_apr,Late Oct-Apr,2025-02,0.0,0.0,0.0,64.98717948717947
nhsn,2025-2026,Washington,late_oct_apr,Late Oct-Apr,2025-03,0.0,0.026583949994283824,0.03425483870967742,97.32600732600733
nhsn,2025-2026,Washington,late_oct_apr,Late Oct-Apr,2025-04,0.14187345793840908,0.14181378663157992,0.18499999999999991,109.52014652014651
nhsn,2025-2026,Washington,late_oct_apr,Late Oct-Apr,2025-05,0.1390395400082676,0.13907401545146847,0.18499999999999997,115.25641025641025
nhsn,2025-2026,Washington,late_oct_apr,Late Oct-Apr,2025-06,0.14203786124565093,0.14187839300232988,0.18499999999999991,111.53846153846155
nhsn,2025-2026,Washington,late_oct_apr,Late Oct-Apr,2025-07,0.13932599895621622,0.13943756764215057,0.18499999999999997,114.95604395604394
nhsn,2025-2026,Washington,late_oct_apr,Late Oct-Apr,2025-08,0.14363399897324897,0.14356356021493472,0.18499999999999997,114.46703296703294
nhsn,2025-2026,Washington,late_oct_apr,Late Oct-Apr,2025-09,0.14525112644993893,0.14554903352409002,0.18499999999999991,110.03846153846153
nhsn,2025-2026,Washington,late_oct_apr,Late Oct-Apr,2025-10,0.14709991065165684,0.1468456369430741,0.185,110.82600732600733
nhsn,2025-2026,Washington,late_oct_apr,Late Oct-Apr,2025-11,0.14796420146537811,0.14470070512317032,0.18499999999999997,102.75091575091577
nhsn,2025-2026,Washington,late_oct_apr,Late Oct-Apr,2025-12,0.1360076011101496,0.13448533113806052,0.185,91.47985347985347
nhsn,2025-2026,Washington,late_oct_apr,Late Oct-Apr,2026-01,0.1382586791649211,0.13298645951774474,0.185,65.05860805860806
nhsn,2025-2026,Washington,late_oct_apr,Late Oct-Apr,2026-02,0.12046906988137211,0.11660069304762981,0.185,39.11538461538461
nhsn,2025-2026,Washington,late_oct_apr,Late Oct-Apr,2026-03,0.08782000000000001,0.08736205525329903,0.185,17.930402930402934
nhsn,2025-2026,Washington,late_oct_apr,Late Oct-Apr,2026-04,0.007528695652173912,0.03635258297240033,0.13351405600000002,2.0183150183150182
nhsn,2025-2026,West Virginia,baseline_oct_mar,Baseline Oct-Mar,2025-01,0.0,0.0,0.0,44.66300366300368
nhsn,2025-2026,West Virginia,baseline_oct_mar,Baseline Oct-Mar,2025-02,0.0,0.0,0.0,63.11538461538461
nhsn,2025-2026,West Virginia,baseline_oct_mar,Baseline Oct-Mar,2025-03,0.0,0.02684243344591316,0.03425483870967742,119.89926739926742
nhsn,2025-2026,West Virginia,baseline_oct_mar,Baseline Oct-Mar,2025-04,0.14505158876080373,0.144901852320891,0.18499999999999991,153.71611721611723
nhsn,2025-2026,West Virginia,baseline_oct_mar,Baseline Oct-Mar,2025-05,0.14246937893254288,0.14189247181896897,0.18499999999999997,169.70512820512823
nhsn,2025-2026,West Virginia,baseline_oct_mar,Baseline Oct-Mar,2025-06,0.145190957562344,0.1449942865146438,0.18499999999999991,164.23076923076928
nhsn,2025-2026,West Virginia,baseline_oct_mar,Baseline Oct-Mar,2025-07,0.14284135879974913,0.14239181517701313,0.18499999999999997,169.10989010989016
nhsn,2025-2026,West Virginia,baseline_oct_mar,Baseline Oct-Mar,2025-08,0.146718895263397,0.14673777338066335,0.18499999999999997,167.97985347985346
nhsn,2025-2026,West Virginia,baseline_oct_mar,Baseline Oct-Mar,2025-09,0.14751547665115305,0.14746232876637924,0.18499999999999991,161.7948717948718
nhsn,2025-2026,West Virginia,baseline_oct_mar,Baseline Oct-Mar,2025-10,0.14774627629751205,0.14739443223197085,0.185,166.3974358974359
nhsn,2025-2026,West Virginia,baseline_oct_mar,Baseline Oct-Mar,2025-11,0.1457081133352725,0.1448574828373654,0.18499999999999997,156.53846153846155
nhsn,2025-2026,West Virginia,baseline_oct_mar,Baseline Oct-Mar,2025-12,0.14644830267108222,0.14238592023303762,0.185,148.56043956043956
nhsn,2025-2026,West Virginia,baseline_oct_mar,Baseline Oct-Mar,2026-01,0.14289656490781946,0.14102335164574803,0.185,125.04212454212455
nhsn,2025-2026,West Virginia,baseline_oct_mar,Baseline Oct-Mar,2026-02,0.13061530226489929,0.12294044507363558,0.185,90.16666666666669
nhsn,2025-2026,West Virginia,baseline_oct_mar,Baseline Oct-Mar,2026-03,0.11265137803373099,0.08647443289159372,0.12500891612903228,49.8058608058608
nhsn,2025-2026,West Virginia,baseline_oct_mar,Baseline Oct-Mar,2026-04,0.0,0.0,0.0,10.514652014652016
nhsn,2025-2026,West Virginia,early_sep_mar,Early Sep-Mar,2025-01,0.0,0.0,0.0,44.66300366300368
nhsn,2025-2026,West Virginia,early_sep_mar,Early Sep-Mar,2025-02,0.0,0.02731132918035471,0.035216071428571416,63.11538461538461
nhsn,2025-2026,West Virginia,early_sep_mar,Early Sep-Mar,2025-03,0.1444972160273968,0.14171812855465948,0.1814790322580645,119.89926739926742
nhsn,2025-2026,West Virginia,early_sep_mar,Early Sep-Mar,2025-04,0.14505158876080373,0.14193308140875666,0.18499999999999991,153.71611721611723
nhsn,2025-2026,West Virginia,early_sep_mar,Early Sep-Mar,2025-05,0.14044967340621908,0.13764130486881254,0.18499999999999997,169.70512820512823
nhsn,2025-2026,West Virginia,early_sep_mar,Early Sep-Mar,2025-06,0.145190957562344,0.1417477070314525,0.18499999999999991,164.23076923076928
nhsn,2025-2026,West Virginia,early_sep_mar,Early Sep-Mar,2025-07,0.1352554133555393,0.13473512223443967,0.18499999999999997,169.10989010989016
nhsn,2025-2026,West Virginia,early_sep_mar,Early Sep-Mar,2025-08,0.12825658706293708,0.12955364123151927,0.18499999999999997,167.97985347985346
nhsn,2025-2026,West Virginia,early_sep_mar,Early Sep-Mar,2025-09,0.14549036301079873,0.14141868077061867,0.18499999999999997,161.7948717948718
nhsn,2025-2026,West Virginia,early_sep_mar,Early Sep-Mar,2025-10,0.14774627629751205,0.14739443223197085,0.185,166.3974358974359
nhsn,2025-2026,West Virginia,early_sep_mar,Early Sep-Mar,2025-11,0.1457081133352725,0.1448574828373654,0.18499999999999997,156.53846153846155
nhsn,2025-2026,West Virginia,early_sep_mar,Early Sep-Mar,2025-12,0.14644830267108222,0.14238592023303762,0.185,148.56043956043956
nhsn,2025-2026,West Virginia,early_sep_mar,Early Sep-Mar,2026-01,0.14289656490781946,0.14102335164574803,0.185,125.04212454212455
nhsn,2025-2026,West Virginia,early_sep_mar,Early Sep-Mar,2026-02,0.13061530226489929,0.12294044507363558,0.185,90.16666666666669
nhsn,2025-2026,West Virginia,early_sep_mar,Early Sep-Mar,2026-03,0.11265137803373099,0.08647443289159372,0.12500891612903228,49.8058608058608
nhsn,2025-2026,West Virginia,early_sep_mar,Early Sep-Mar,2026-04,0.0,0.0,0.0,10.514652014652016
nhsn,2025-2026,West Virginia,extended_sep_apr,Extended Sep-Apr,2025-01,0.0,0.0,0.0,44.66300366300368
nhsn,2025-2026,West Virginia,extended_sep_apr,Extended Sep-Apr,2025-02,0.0,0.02731132918035471,0.035216071428571416,63.11538461538461
nhsn,2025-2026,West Virginia,extended_sep_apr,Extended Sep-Apr,2025-03,0.1444972160273968,0.14171812855465948,0.1814790322580645,119.89926739926742
nhsn,2025-2026,West Virginia,extended_sep_apr,Extended Sep-Apr,2025-04,0.14505158876080373,0.14193308140875666,0.18499999999999991,153.71611721611723
nhsn,2025-2026,West Virginia,extended_sep_apr,Extended Sep-Apr,2025-05,0.14044967340621908,0.13764130486881254,0.18499999999999997,169.70512820512823
nhsn,2025-2026,West Virginia,extended_sep_apr,Extended Sep-Apr,2025-06,0.145190957562344,0.1417477070314525,0.18499999999999991,164.23076923076928
nhsn,2025-2026,West Virginia,extended_sep_apr,Extended Sep-Apr,2025-07,0.1352554133555393,0.13473512223443967,0.18499999999999997,169.10989010989016
nhsn,2025-2026,West Virginia,extended_sep_apr,Extended Sep-Apr,2025-08,0.12825658706293708,0.12955364123151927,0.18499999999999997,167.97985347985346
nhsn,2025-2026,West Virginia,extended_sep_apr,Extended Sep-Apr,2025-09,0.14549036301079873,0.14141868077061867,0.18499999999999997,161.7948717948718
nhsn,2025-2026,West Virginia,extended_sep_apr,Extended Sep-Apr,2025-10,0.14774627629751205,0.14739443223197085,0.185,166.3974358974359
nhsn,2025-2026,West Virginia,extended_sep_apr,Extended Sep-Apr,2025-11,0.1457081133352725,0.1448574828373654,0.18499999999999997,156.53846153846155
nhsn,2025-2026,West Virginia,extended_sep_apr,Extended Sep-Apr,2025-12,0.14644830267108222,0.14238592023303762,0.185,148.56043956043956
nhsn,2025-2026,West Virginia,extended_sep_apr,Extended Sep-Apr,2026-01,0.14289656490781946,0.14102335164574803,0.185,125.04212454212455
nhsn,2025-2026,West Virginia,extended_sep_apr,Extended Sep-Apr,2026-02,0.13061530226489929,0.12294044507363558,0.185,90.16666666666669
nhsn,2025-2026,West Virginia,extended_sep_apr,Extended Sep-Apr,2026-03,0.11265137803373099,0.10248703867038315,0.185,49.8058608058608
nhsn,2025-2026,West Virginia,extended_sep_apr,Extended Sep-Apr,2026-04,0.01443,0.04572511434777892,0.13351405600000002,10.514652014652015
nhsn,2025-2026,West Virginia,late_oct_apr,Late Oct-Apr,2025-01,0.0,0.0,0.0,44.66300366300368
nhsn,2025-2026,West Virginia,late_oct_apr,Late Oct-Apr,2025-02,0.0,0.0,0.0,63.11538461538461
nhsn,2025-2026,West Virginia,late_oct_apr,Late Oct-Apr,2025-03,0.0,0.02684243344591316,0.03425483870967742,119.89926739926742
nhsn,2025-2026,West Virginia,late_oct_apr,Late Oct-Apr,2025-04,0.14505158876080373,0.144901852320891,0.18499999999999991,153.71611721611723
nhsn,2025-2026,West Virginia,late_oct_apr,Late Oct-Apr,2025-05,0.14246937893254288,0.14189247181896897,0.18499999999999997,169.70512820512823
nhsn,2025-2026,West Virginia,late_oct_apr,Late Oct-Apr,2025-06,0.145190957562344,0.1449942865146438,0.18499999999999991,164.23076923076928
nhsn,2025-2026,West Virginia,late_oct_apr,Late Oct-Apr,2025-07,0.14284135879974913,0.14239181517701313,0.18499999999999997,169.10989010989016
nhsn,2025-2026,West Virginia,late_oct_apr,Late Oct-Apr,2025-08,0.146718895263397,0.14673777338066335,0.18499999999999997,167.97985347985346
nhsn,2025-2026,West Virginia,late_oct_apr,Late Oct-Apr,2025-09,0.14751547665115305,0.14746232876637924,0.18499999999999991,161.7948717948718
nhsn,2025-2026,West Virginia,late_oct_apr,Late Oct-Apr,2025-10,0.14774627629751205,0.14739443223197085,0.185,166.3974358974359
nhsn,2025-2026,West Virginia,late_oct_apr,Late Oct-Apr,2025-11,0.1457081133352725,0.1448574828373654,0.18499999999999997,156.53846153846155
nhsn,2025-2026,West Virginia,late_oct_apr,Late Oct-Apr,2025-12,0.14644830267108222,0.14238592023303762,0.185,148.56043956043956
nhsn,2025-2026,West Virginia,late_oct_apr,Late Oct-Apr,2026-01,0.14289656490781946,0.14102335164574803,0.185,125.04212454212455
nhsn,2025-2026,West Virginia,late_oct_apr,Late Oct-Apr,2026-02,0.13061530226489929,0.12294044507363558,0.185,90.16666666666669
nhsn,2025-2026,West Virginia,late_oct_apr,Late Oct-Apr,2026-03,0.11265137803373099,0.10248703867038315,0.185,49.8058608058608
nhsn,2025-2026,West Virginia,late_oct_apr,Late Oct-Apr,2026-04,0.01443,0.04572511434777892,0.13351405600000002,10.514652014652015
nhsn,2025-2026,Wisconsin,baseline_oct_mar,Baseline Oct-Mar,2025-01,0.0,0.0,0.0,43.20879120879121
nhsn,2025-2026,Wisconsin,baseline_oct_mar,Baseline Oct-Mar,2025-02,0.0,0.0,0.0,94.11538461538461
nhsn,2025-2026,Wisconsin,baseline_oct_mar,Baseline Oct-Mar,2025-03,0.0,0.027017208297495408,0.03425483870967742,193.54029304029302
nhsn,2025-2026,Wisconsin,baseline_oct_mar,Baseline Oct-Mar,2025-04,0.14585356564821894,0.1458058987949296,0.18499999999999991,228.13369963369962
nhsn,2025-2026,Wisconsin,baseline_oct_mar,Baseline Oct-Mar,2025-05,0.14465210040158022,0.14447544451824865,0.18499999999999997,243.51465201465194
nhsn,2025-2026,Wisconsin,baseline_oct_mar,Baseline Oct-Mar,2025-06,0.14588253676586876,0.1458241785159542,0.18499999999999991,235.6593406593406
nhsn,2025-2026,Wisconsin,baseline_oct_mar,Baseline Oct-Mar,2025-07,0.14500727792006732,0.14497151755014756,0.18499999999999997,242.68131868131866
nhsn,2025-2026,Wisconsin,baseline_oct_mar,Baseline Oct-Mar,2025-08,0.14681517704134944,0.1468105602329235,0.18499999999999997,242.0384615384615
nhsn,2025-2026,Wisconsin,baseline_oct_mar,Baseline Oct-Mar,2025-09,0.14718473596140702,0.14719896589682221,0.18499999999999991,233.71794871794873
nhsn,2025-2026,Wisconsin,baseline_oct_mar,Baseline Oct-Mar,2025-10,0.14758817846557415,0.1474981700087025,0.185,240.36630036630038
nhsn,2025-2026,Wisconsin,baseline_oct_mar,Baseline Oct-Mar,2025-11,0.14743304699907603,0.1471662038083112,0.18499999999999997,229.04395604395603
nhsn,2025-2026,Wisconsin,baseline_oct_mar,Baseline Oct-Mar,2025-12,0.14793213294143465,0.14562968748933738,0.185,227.43772893772893
nhsn,2025-2026,Wisconsin,baseline_oct_mar,Baseline Oct-Mar,2026-01,0.14429870123550084,0.13693291478837816,0.185,200.30586080586085
nhsn,2025-2026,Wisconsin,baseline_oct_mar,Baseline Oct-Mar,2026-02,0.1184884979039127,0.11243914678086482,0.185,125.83333333333334
nhsn,2025-2026,Wisconsin,baseline_oct_mar,Baseline Oct-Mar,2026-03,0.08436878232938429,0.0758007561423512,0.12500891612903228,49.97435897435898
nhsn,2025-2026,Wisconsin,baseline_oct_mar,Baseline Oct-Mar,2026-04,0.0,0.0,0.0,7.5256410256410255
nhsn,2025-2026,Wisconsin,early_sep_mar,Early Sep-Mar,2025-01,0.0,0.0,0.0,43.20879120879121
nhsn,2025-2026,Wisconsin,early_sep_mar,Early Sep-Mar,2025-02,0.0,0.027674671155097003,0.035216071428571416,94.11538461538461
nhsn,2025-2026,Wisconsin,early_sep_mar,Early Sep-Mar,2025-03,0.14583058791224376,0.14307615576440377,0.1814790322580645,193.54029304029302
nhsn,2025-2026,Wisconsin,early_sep_mar,Early Sep-Mar,2025-04,0.14585356564821894,0.14438117261983163,0.18499999999999991,228.13369963369962
nhsn,2025-2026,Wisconsin,early_sep_mar,Early Sep-Mar,2025-05,0.14308437269678326,0.14223886838624208,0.18499999999999997,243.51465201465194
nhsn,2025-2026,Wisconsin,early_sep_mar,Early Sep-Mar,2025-06,0.14588253676586876,0.1442108849416059,0.18499999999999991,235.6593406593406
nhsn,2025-2026,Wisconsin,early_sep_mar,Early Sep-Mar,2025-07,0.14162429174675067,0.1410671507110847,0.18499999999999997,242.68131868131866
nhsn,2025-2026,Wisconsin,early_sep_mar,Early Sep-Mar,2025-08,0.1380038007099633,0.13844726236624705,0.18499999999999997,242.0384615384615
nhsn,2025-2026,Wisconsin,early_sep_mar,Early Sep-Mar,2025-09,0.14618646181331024,0.1442714709412233,0.18499999999999997,233.71794871794873
nhsn,2025-2026,Wisconsin,early_sep_mar,Early Sep-Mar,2025-10,0.14758817846557415,0.1474981700087025,0.185,240.36630036630038
nhsn,2025-2026,Wisconsin,early_sep_mar,Early Sep-Mar,2025-11,0.14743304699907603,0.1471662038083112,0.18499999999999997,229.04395604395603
nhsn,2025-2026,Wisconsin,early_sep_mar,Early Sep-Mar,2025-12,0.14793213294143465,0.14562968748933738,0.185,227.43772893772893
nhsn,2025-2026,Wisconsin,early_sep_mar,Early Sep-Mar,2026-01,0.14429870123550084,0.13693291478837816,0.185,200.30586080586085
nhsn,2025-2026,Wisconsin,early_sep_mar,Early Sep-Mar,2026-02,0.1184884979039127,0.11243914678086482,0.185,125.83333333333334
nhsn,2025-2026,Wisconsin,early_sep_mar,Early Sep-Mar,2026-03,0.08436878232938429,0.0758007561423512,0.12500891612903228,49.97435897435898
nhsn,2025-2026,Wisconsin,early_sep_mar,Early Sep-Mar,2026-04,0.0,0.0,0.0,7.5256410256410255
nhsn,2025-2026,Wisconsin,extended_sep_apr,Extended Sep-Apr,2025-01,0.0,0.0,0.0,43.20879120879121
nhsn,2025-2026,Wisconsin,extended_sep_apr,Extended Sep-Apr,2025-02,0.0,0.027674671155097003,0.035216071428571416,94.11538461538461
nhsn,2025-2026,Wisconsin,extended_sep_apr,Extended Sep-Apr,2025-03,0.14583058791224376,0.14307615576440377,0.1814790322580645,193.54029304029302
nhsn,2025-2026,Wisconsin,extended_sep_apr,Extended Sep-Apr,2025-04,0.14585356564821894,0.14438117261983163,0.18499999999999991,228.13369963369962
nhsn,2025-2026,Wisconsin,extended_sep_apr,Extended Sep-Apr,2025-05,0.14308437269678326,0.14223886838624208,0.18499999999999997,243.51465201465194
nhsn,2025-2026,Wisconsin,extended_sep_apr,Extended Sep-Apr,2025-06,0.14588253676586876,0.1442108849416059,0.18499999999999991,235.6593406593406
nhsn,2025-2026,Wisconsin,extended_sep_apr,Extended Sep-Apr,2025-07,0.14162429174675067,0.1410671507110847,0.18499999999999997,242.68131868131866
nhsn,2025-2026,Wisconsin,extended_sep_apr,Extended Sep-Apr,2025-08,0.1380038007099633,0.13844726236624705,0.18499999999999997,242.0384615384615
nhsn,2025-2026,Wisconsin,extended_sep_apr,Extended Sep-Apr,2025-09,0.14618646181331024,0.1442714709412233,0.18499999999999997,233.71794871794873
nhsn,2025-2026,Wisconsin,extended_sep_apr,Extended Sep-Apr,2025-10,0.14758817846557415,0.1474981700087025,0.185,240.36630036630038
nhsn,2025-2026,Wisconsin,extended_sep_apr,Extended Sep-Apr,2025-11,0.14743304699907603,0.1471662038083112,0.18499999999999997,229.04395604395603
nhsn,2025-2026,Wisconsin,extended_sep_apr,Extended Sep-Apr,2025-12,0.14793213294143465,0.14562968748933738,0.185,227.43772893772893
nhsn,2025-2026,Wisconsin,extended_sep_apr,Extended Sep-Apr,2026-01,0.14429870123550084,0.13693291478837816,0.185,200.30586080586085
nhsn,2025-2026,Wisconsin,extended_sep_apr,Extended Sep-Apr,2026-02,0.1184884979039127,0.11243914678086482,0.185,125.83333333333334
nhsn,2025-2026,Wisconsin,extended_sep_apr,Extended Sep-Apr,2026-03,0.09064792134831462,0.08977794719809551,0.185,49.97435897435898
nhsn,2025-2026,Wisconsin,extended_sep_apr,Extended Sep-Apr,2026-04,0.016233749999999998,0.04773240952956215,0.13351405600000002,7.525641025641026
nhsn,2025-2026,Wisconsin,late_oct_apr,Late Oct-Apr,2025-01,0.0,0.0,0.0,43.20879120879121
nhsn,2025-2026,Wisconsin,late_oct_apr,Late Oct-Apr,2025-02,0.0,0.0,0.0,94.11538461538461
nhsn,2025-2026,Wisconsin,late_oct_apr,Late Oct-Apr,2025-03,0.0,0.027017208297495408,0.03425483870967742,193.54029304029302
nhsn,2025-2026,Wisconsin,late_oct_apr,Late Oct-Apr,2025-04,0.14585356564821894,0.1458058987949296,0.18499999999999991,228.13369963369962
nhsn,2025-2026,Wisconsin,late_oct_apr,Late Oct-Apr,2025-05,0.14465210040158022,0.14447544451824865,0.18499999999999997,243.51465201465194
nhsn,2025-2026,Wisconsin,late_oct_apr,Late Oct-Apr,2025-06,0.14588253676586876,0.1458241785159542,0.18499999999999991,235.6593406593406
nhsn,2025-2026,Wisconsin,late_oct_apr,Late Oct-Apr,2025-07,0.14500727792006732,0.14497151755014756,0.18499999999999997,242.68131868131866
nhsn,2025-2026,Wisconsin,late_oct_apr,Late Oct-Apr,2025-08,0.14681517704134944,0.1468105602329235,0.18499999999999997,242.0384615384615
nhsn,2025-2026,Wisconsin,late_oct_apr,Late Oct-Apr,2025-09,0.14718473596140702,0.14719896589682221,0.18499999999999991,233.71794871794873
nhsn,2025-2026,Wisconsin,late_oct_apr,Late Oct-Apr,2025-10,0.14758817846557415,0.1474981700087025,0.185,240.36630036630038
nhsn,2025-2026,Wisconsin,late_oct_apr,Late Oct-Apr,2025-11,0.14743304699907603,0.1471662038083112,0.18499999999999997,229.04395604395603
nhsn,2025-2026,Wisconsin,late_oct_apr,Late Oct-Apr,2025-12,0.14793213294143465,0.14562968748933738,0.185,227.43772893772893
nhsn,2025-2026,Wisconsin,late_oct_apr,Late Oct-Apr,2026-01,0.14429870123550084,0.13693291478837816,0.185,200.30586080586085
nhsn,2025-2026,Wisconsin,late_oct_apr,Late Oct-Apr,2026-02,0.1184884979039127,0.11243914678086482,0.185,125.83333333333334
nhsn,2025-2026,Wisconsin,late_oct_apr,Late Oct-Apr,2026-03,0.09064792134831462,0.08977794719809551,0.185,49.97435897435898
nhsn,2025-2026,Wisconsin,late_oct_apr,Late Oct-Apr,2026-04,0.016233749999999998,0.04773240952956215,0.13351405600000002,7.525641025641026
nhsn,2025-2026,Wyoming,baseline_oct_mar,Baseline Oct-Mar,2025-01,0.0,0.0,0.0,3.7326007326007327
nhsn,2025-2026,Wyoming,baseline_oct_mar,Baseline Oct-Mar,2025-02,0.0,0.0,0.0,14.397435897435896
nhsn,2025-2026,Wyoming,baseline_oct_mar,Baseline Oct-Mar,2025-03,0.0,0.02729555138918132,0.03425483870967742,43.1062271062271
nhsn,2025-2026,Wyoming,baseline_oct_mar,Baseline Oct-Mar,2025-04,0.1475470070731561,0.14756780287244603,0.18499999999999991,63.03479853479853
nhsn,2025-2026,Wyoming,baseline_oct_mar,Baseline Oct-Mar,2025-05,0.14818679504403642,0.14803551809908297,0.18499999999999997,69.15384615384613
nhsn,2025-2026,Wyoming,baseline_oct_mar,Baseline Oct-Mar,2025-06,0.14748743165455236,0.1475146927947378,0.18499999999999991,66.9230769230769
nhsn,2025-2026,Wyoming,baseline_oct_mar,Baseline Oct-Mar,2025-07,0.14818679504403642,0.14803551809908297,0.18499999999999997,69.15384615384613
nhsn,2025-2026,Wyoming,baseline_oct_mar,Baseline Oct-Mar,2025-08,0.14737923510971784,0.14738987635964335,0.18499999999999997,69.15384615384613
nhsn,2025-2026,Wyoming,baseline_oct_mar,Baseline Oct-Mar,2025-09,0.14721778056426332,0.14724384136229002,0.18499999999999991,66.9230769230769
nhsn,2025-2026,Wyoming,baseline_oct_mar,Baseline Oct-Mar,2025-10,0.14760777395592914,0.14764165181184197,0.185,69.15384615384613
nhsn,2025-2026,Wyoming,baseline_oct_mar,Baseline Oct-Mar,2025-11,0.14811776742223293,0.14801482632726617,0.18499999999999997,66.9230769230769
nhsn,2025-2026,Wyoming,baseline_oct_mar,Baseline Oct-Mar,2025-12,0.14831738870997424,0.1480224428882081,0.185,68.33516483516485
nhsn,2025-2026,Wyoming,baseline_oct_mar,Baseline Oct-Mar,2026-01,0.14836474961321866,0.14399028952240156,0.185,65.42124542124542
nhsn,2025-2026,Wyoming,baseline_oct_mar,Baseline Oct-Mar,2026-02,0.13239195003128634,0.12433492750122073,0.185,48.06410256410256
nhsn,2025-2026,Wyoming,baseline_oct_mar,Baseline Oct-Mar,2026-03,0.09845185993111367,0.07965897179925273,0.12500891612903228,26.047619047619047
nhsn,2025-2026,Wyoming,baseline_oct_mar,Baseline Oct-Mar,2026-04,0.0,0.0,0.0,3.8882783882783882
nhsn,2025-2026,Wyoming,early_sep_mar,Early Sep-Mar,2025-01,0.0,0.0,0.0,3.7326007326007327
nhsn,2025-2026,Wyoming,early_sep_mar,Early Sep-Mar,2025-02,0.0,0.02802320770483362,0.035216071428571416,14.397435897435896
nhsn,2025-2026,Wyoming,early_sep_mar,Early Sep-Mar,2025-03,0.1471583733800019,0.14439286328613557,0.1814790322580645,43.1062271062271
nhsn,2025-2026,Wyoming,early_sep_mar,Early Sep-Mar,2025-04,0.1474277775076024,0.14401684015091878,0.18499999999999991,63.03479853479853
nhsn,2025-2026,Wyoming,early_sep_mar,Early Sep-Mar,2025-05,0.14519762695924765,0.14034024368596554,0.18499999999999997,69.15384615384613
nhsn,2025-2026,Wyoming,early_sep_mar,Early Sep-Mar,2025-06,0.14737923510971784,0.14385197419122256,0.18499999999999991,66.9230769230769
nhsn,2025-2026,Wyoming,early_sep_mar,Early Sep-Mar,2025-07,0.13850850582176447,0.1369189822262628,0.18499999999999997,69.15384615384613
nhsn,2025-2026,Wyoming,early_sep_mar,Early Sep-Mar,2025-08,0.12853418069861172,0.13034675676577873,0.18499999999999997,69.15384615384613
nhsn,2025-2026,Wyoming,early_sep_mar,Early Sep-Mar,2025-09,0.14623647693685626,0.14190291098123742,0.18499999999999997,66.9230769230769
nhsn,2025-2026,Wyoming,early_sep_mar,Early Sep-Mar,2025-10,0.14760777395592914,0.14764165181184197,0.185,69.15384615384613
nhsn,2025-2026,Wyoming,early_sep_mar,Early Sep-Mar,2025-11,0.14811776742223293,0.14801482632726617,0.18499999999999997,66.9230769230769
nhsn,2025-2026,Wyoming,early_sep_mar,Early Sep-Mar,2025-12,0.14831738870997424,0.1480224428882081,0.185,68.33516483516485
nhsn,2025-2026,Wyoming,early_sep_mar,Early Sep-Mar,2026-01,0.14836474961321866,0.14399028952240156,0.185,65.42124542124542
nhsn,2025-2026,Wyoming,early_sep_mar,Early Sep-Mar,2026-02,0.13239195003128634,0.12433492750122073,0.185,48.06410256410256
nhsn,2025-2026,Wyoming,early_sep_mar,Early Sep-Mar,2026-03,0.09845185993111367,0.07965897179925273,0.12500891612903228,26.047619047619047
nhsn,2025-2026,Wyoming,early_sep_mar,Early Sep-Mar,2026-04,0.0,0.0,0.0,3.8882783882783882
nhsn,2025-2026,Wyoming,extended_sep_apr,Extended Sep-Apr,2025-01,0.0,0.0,0.0,3.7326007326007327
nhsn,2025-2026,Wyoming,extended_sep_apr,Extended Sep-Apr,2025-02,0.0,0.02802320770483362,0.035216071428571416,14.397435897435896
nhsn,2025-2026,Wyoming,extended_sep_apr,Extended Sep-Apr,2025-03,0.1471583733800019,0.14439286328613557,0.1814790322580645,43.1062271062271
nhsn,2025-2026,Wyoming,extended_sep_apr,Extended Sep-Apr,2025-04,0.1474277775076024,0.14401684015091878,0.18499999999999991,63.03479853479853
nhsn,2025-2026,Wyoming,extended_sep_apr,Extended Sep-Apr,2025-05,0.14519762695924765,0.14034024368596554,0.18499999999999997,69.15384615384613
nhsn,2025-2026,Wyoming,extended_sep_apr,Extended Sep-Apr,2025-06,0.14737923510971784,0.14385197419122256,0.18499999999999991,66.9230769230769
nhsn,2025-2026,Wyoming,extended_sep_apr,Extended Sep-Apr,2025-07,0.13850850582176447,0.1369189822262628,0.18499999999999997,69.15384615384613
nhsn,2025-2026,Wyoming,extended_sep_apr,Extended Sep-Apr,2025-08,0.12853418069861172,0.13034675676577873,0.18499999999999997,69.15384615384613
nhsn,2025-2026,Wyoming,extended_sep_apr,Extended Sep-Apr,2025-09,0.14623647693685626,0.14190291098123742,0.18499999999999997,66.9230769230769
nhsn,2025-2026,Wyoming,extended_sep_apr,Extended Sep-Apr,2025-10,0.14760777395592914,0.14764165181184197,0.185,69.15384615384613
nhsn,2025-2026,Wyoming,extended_sep_apr,Extended Sep-Apr,2025-11,0.14811776742223293,0.14801482632726617,0.18499999999999997,66.9230769230769
nhsn,2025-2026,Wyoming,extended_sep_apr,Extended Sep-Apr,2025-12,0.14831738870997424,0.1480224428882081,0.185,68.33516483516485
nhsn,2025-2026,Wyoming,extended_sep_apr,Extended Sep-Apr,2026-01,0.14836474961321866,0.14399028952240156,0.185,65.42124542124542
nhsn,2025-2026,Wyoming,extended_sep_apr,Extended Sep-Apr,2026-02,0.13239195003128634,0.12433492750122073,0.185,48.06410256410256
nhsn,2025-2026,Wyoming,extended_sep_apr,Extended Sep-Apr,2026-03,0.09863623556755136,0.09234465980956275,0.185,26.047619047619047
nhsn,2025-2026,Wyoming,extended_sep_apr,Extended Sep-Apr,2026-04,0.007528695652173912,0.03899521430218549,0.13351405600000002,3.8882783882783887
nhsn,2025-2026,Wyoming,late_oct_apr,Late Oct-Apr,2025-01,0.0,0.0,0.0,3.7326007326007327
nhsn,2025-2026,Wyoming,late_oct_apr,Late Oct-Apr,2025-02,0.0,0.0,0.0,14.397435897435896
nhsn,2025-2026,Wyoming,late_oct_apr,Late Oct-Apr,2025-03,0.0,0.02729555138918132,0.03425483870967742,43.1062271062271
nhsn,2025-2026,Wyoming,late_oct_apr,Late Oct-Apr,2025-04,0.1475470070731561,0.14756780287244603,0.18499999999999991,63.03479853479853
nhsn,2025-2026,Wyoming,late_oct_apr,Late Oct-Apr,2025-05,0.14818679504403642,0.14803551809908297,0.18499999999999997,69.15384615384613
nhsn,2025-2026,Wyoming,late_oct_apr,Late Oct-Apr,2025-06,0.14748743165455236,0.1475146927947378,0.18499999999999991,66.9230769230769
nhsn,2025-2026,Wyoming,late_oct_apr,Late Oct-Apr,2025-07,0.14818679504403642,0.14803551809908297,0.18499999999999997,69.15384615384613
nhsn,2025-2026,Wyoming,late_oct_apr,Late Oct-Apr,2025-08,0.14737923510971784,0.14738987635964335,0.18499999999999997,69.15384615384613
nhsn,2025-2026,Wyoming,late_oct_apr,Late Oct-Apr,2025-09,0.14721778056426332,0.14724384136229002,0.18499999999999991,66.9230769230769
nhsn,2025-2026,Wyoming,late_oct_apr,Late Oct-Apr,2025-10,0.14760777395592914,0.14764165181184197,0.185,69.15384615384613
nhsn,2025-2026,Wyoming,late_oct_apr,Late Oct-Apr,2025-11,0.14811776742223293,0.14801482632726617,0.18499999999999997,66.9230769230769
nhsn,2025-2026,Wyoming,late_oct_apr,Late Oct-Apr,2025-12,0.14831738870997424,0.1480224428882081,0.185,68.33516483516485
nhsn,2025-2026,Wyoming,late_oct_apr,Late Oct-Apr,2026-01,0.14836474961321866,0.14399028952240156,0.185,65.42124542124542
nhsn,2025-2026,Wyoming,late_oct_apr,Late Oct-Apr,2026-02,0.13239195003128634,0.12433492750122073,0.185,48.06410256410256
nhsn,2025-2026,Wyoming,late_oct_apr,Late Oct-Apr,2026-03,0.09863623556755136,0.09234465980956275,0.185,26.047619047619047
nhsn,2025-2026,Wyoming,late_oct_apr,Late Oct-Apr,2026-04,0.007528695652173912,0.03899521430218549,0.13351405600000002,3.8882783882783887
