datasource,metric_label,season,jurisdiction,window_name,window_label,n_birth_cohorts,n_cohort_schedule_rows,share_receiving_ppx,median_person_activity_fractional_protection,q25_person_activity_fractional_protection,q75_person_activity_fractional_protection,mean_person_activity_fractional_protection,population_activity_weighted_protection,median_person_calendar_fractional_protection,mean_person_calendar_fractional_protection,total_activity_exposure_weight,uptake,efficacy_profile,protection_delay_days,protection_duration_days,eligibility_max_age_days,exposure_censor_age_days,birth_weight_scheme,allow_window_start_catchup
nssp,"RSV ED visit percentage of total ED visits, all ages",2023-2024,Alabama,baseline_oct_mar,Baseline Oct-Mar,546,2916,0.12254977362637363,0.10238609541811904,0.0,0.1341645916227161,0.07998539988528489,0.10982380494956123,0.07446462295081967,0.07130653797842243,55.84023765996344,0.185,piecewise_linear,6,210,244,244,uniform,False
nssp,"RSV ED visit percentage of total ED visits, all ages",2023-2024,Alabama,early_sep_mar,Early Sep-Mar,546,3036,0.13271460879120878,0.12885614358905492,0.0,0.14486219768038566,0.0957522573532855,0.1324584549831894,0.09613422222222222,0.08045658992799397,55.840237659963435,0.185,piecewise_linear,6,210,244,244,uniform,False
nssp,"RSV ED visit percentage of total ED visits, all ages",2023-2024,Alabama,extended_sep_apr,Extended Sep-Apr,546,3156,0.142879443956044,0.130437606813747,0.08422512677522113,0.14512082423170006,0.10242065074985374,0.1328113870942748,0.11124850931445605,0.08778596087385362,55.840237659963435,0.185,piecewise_linear,6,210,244,244,uniform,False
nssp,"RSV ED visit percentage of total ED visits, all ages",2023-2024,Alabama,late_oct_apr,Late Oct-Apr,546,3036,0.13271460879120878,0.10982330788877272,0.0,0.1360513155552021,0.0866537932818531,0.11017673706064665,0.0829651506849315,0.0786359089242821,55.840237659963435,0.185,piecewise_linear,6,210,244,244,uniform,False
nssp,"RSV ED visit percentage of total ED visits, all ages",2023-2024,Alaska,baseline_oct_mar,Baseline Oct-Mar,546,2916,0.12254977362637363,0.12416713477103296,0.0,0.14522778661021027,0.08905357894115477,0.13276267584701026,0.07446462295081967,0.07130653797842243,71.00848263254113,0.185,piecewise_linear,6,210,244,244,uniform,False
nssp,"RSV ED visit percentage of total ED visits, all ages",2023-2024,Alaska,early_sep_mar,Early Sep-Mar,546,3036,0.13271460879120878,0.13813947529080134,0.0,0.14604273578555824,0.09883280473131377,0.13899844263823025,0.09613422222222222,0.08045658992799397,71.00848263254113,0.185,piecewise_linear,6,210,244,244,uniform,False
nssp,"RSV ED visit percentage of total ED visits, all ages",2023-2024,Alaska,extended_sep_apr,Extended Sep-Apr,546,3156,0.142879443956044,0.13968580711148723,0.08014471784189621,0.14611966271408847,0.10504835036930643,0.13949638689313165,0.11124850931445605,0.08778596087385362,71.00848263254115,0.185,piecewise_linear,6,210,244,244,uniform,False
nssp,"RSV ED visit percentage of total ED visits, all ages",2023-2024,Alaska,late_oct_apr,Late Oct-Apr,546,3036,0.13271460879120878,0.1269384655296925,0.0,0.14551699634722534,0.09526912457914742,0.13326062010191175,0.0829651506849315,0.0786359089242821,71.00848263254113,0.185,piecewise_linear,6,210,244,244,uniform,False
nssp,"RSV ED visit percentage of total ED visits, all ages",2023-2024,Arizona,baseline_oct_mar,Baseline Oct-Mar,546,2916,0.12254977362637363,0.12509256662945287,0.0,0.1438255883373486,0.08741262186718682,0.13437492708293272,0.07446462295081967,0.07130653797842243,35.98226691042048,0.185,piecewise_linear,6,210,244,244,uniform,False
nssp,"RSV ED visit percentage of total ED visits, all ages",2023-2024,Arizona,early_sep_mar,Early Sep-Mar,546,3036,0.13271460879120878,0.13038469552899465,0.0,0.14507594422628542,0.095224712159321,0.13809339775463952,0.09613422222222222,0.08045658992799397,35.98226691042048,0.185,piecewise_linear,6,210,244,244,uniform,False
nssp,"RSV ED visit percentage of total ED visits, all ages",2023-2024,Arizona,extended_sep_apr,Extended Sep-Apr,546,3156,0.142879443956044,0.1359064181481502,0.06523590736230062,0.14515142174897594,0.10096570136895142,0.13843922951377677,0.11124850931445605,0.08778596087385362,35.98226691042048,0.185,piecewise_linear,6,210,244,244,uniform,False
nssp,"RSV ED visit percentage of total ED visits, all ages",2023-2024,Arizona,late_oct_apr,Late Oct-Apr,546,3036,0.13271460879120878,0.12765919177064028,0.0,0.14404043237382766,0.09315361107681722,0.13472075884207,0.0829651506849315,0.0786359089242821,35.98226691042048,0.185,piecewise_linear,6,210,244,244,uniform,False
nssp,"RSV ED visit percentage of total ED visits, all ages",2023-2024,Arkansas,baseline_oct_mar,Baseline Oct-Mar,546,2916,0.12254977362637363,0.11752833404802954,0.0,0.1441086940017729,0.08563118451002123,0.13011117206705966,0.07446462295081967,0.07130653797842243,73.63378427787936,0.185,piecewise_linear,6,210,244,244,uniform,False
nssp,"RSV ED visit percentage of total ED visits, all ages",2023-2024,Arkansas,early_sep_mar,Early Sep-Mar,546,3036,0.13271460879120878,0.1383749095794377,0.0,0.14659228769235258,0.09622010666834742,0.13915098763372843,0.09613422222222222,0.08045658992799397,73.63378427787936,0.185,piecewise_linear,6,210,244,244,uniform,False
nssp,"RSV ED visit percentage of total ED visits, all ages",2023-2024,Arkansas,extended_sep_apr,Extended Sep-Apr,546,3156,0.142879443956044,0.13978235158593383,0.06999051144241651,0.14667481023266044,0.10309440193538486,0.13942754323103762,0.11124850931445605,0.08778596087385362,73.63378427787936,0.185,piecewise_linear,6,210,244,244,uniform,False
nssp,"RSV ED visit percentage of total ED visits, all ages",2023-2024,Arkansas,late_oct_apr,Late Oct-Apr,546,3036,0.13271460879120878,0.12294326258666373,0.0,0.14476761940211508,0.09250547977705866,0.13038772766436896,0.0829651506849315,0.0786359089242821,73.63378427787934,0.185,piecewise_linear,6,210,244,244,uniform,False
nssp,"RSV ED visit percentage of total ED visits, all ages",2023-2024,California,baseline_oct_mar,Baseline Oct-Mar,546,2916,0.12254977362637363,0.1191394078413828,0.0,0.14352345119011423,0.08597363945448036,0.13096783820134725,0.07446462295081967,0.07130653797842243,34.06488117001828,0.185,piecewise_linear,6,210,244,244,uniform,False
nssp,"RSV ED visit percentage of total ED visits, all ages",2023-2024,California,early_sep_mar,Early Sep-Mar,546,3036,0.13271460879120878,0.1357325456817924,0.0,0.14582883622396248,0.09618994569478519,0.1385824033509771,0.09613422222222222,0.08045658992799397,34.06488117001828,0.185,piecewise_linear,6,210,244,244,uniform,False
nssp,"RSV ED visit percentage of total ED visits, all ages",2023-2024,California,extended_sep_apr,Extended Sep-Apr,546,3156,0.142879443956044,0.1368341244566245,0.06494752307692309,0.145857108169735,0.10192314652751881,0.13882676312381442,0.11124850931445605,0.08778596087385362,34.06488117001828,0.185,piecewise_linear,6,210,244,244,uniform,False
nssp,"RSV ED visit percentage of total ED visits, all ages",2023-2024,California,late_oct_apr,Late Oct-Apr,546,3036,0.13271460879120878,0.1225009494191852,0.0,0.14357543926599714,0.09170684028721397,0.13121219797418457,0.0829651506849315,0.0786359089242821,34.06488117001828,0.185,piecewise_linear,6,210,244,244,uniform,False
nssp,"RSV ED visit percentage of total ED visits, all ages",2023-2024,Colorado,baseline_oct_mar,Baseline Oct-Mar,546,2916,0.12254977362637363,0.13216450388139997,0.0,0.1459768712324752,0.09078073765435962,0.13703592390020794,0.07446462295081967,0.07130653797842243,41.78142595978062,0.185,piecewise_linear,6,210,244,244,uniform,False
nssp,"RSV ED visit percentage of total ED visits, all ages",2023-2024,Colorado,early_sep_mar,Early Sep-Mar,546,3036,0.13271460879120878,0.1383986486330571,0.0,0.14648149626742754,0.0990793810666387,0.1396763308491944,0.09613422222222222,0.08045658992799397,41.78142595978062,0.185,piecewise_linear,6,210,244,244,uniform,False
nssp,"RSV ED visit percentage of total ED visits, all ages",2023-2024,Colorado,extended_sep_apr,Extended Sep-Apr,546,3156,0.142879443956044,0.140104115705678,0.07993551508046683,0.14648149626742754,0.10489893620372226,0.1401599971387598,0.11124850931445605,0.08778596087385362,41.78142595978062,0.185,piecewise_linear,6,210,244,244,uniform,False
nssp,"RSV ED visit percentage of total ED visits, all ages",2023-2024,Colorado,late_oct_apr,Late Oct-Apr,546,3036,0.13271460879120878,0.13456519381861926,0.0,0.1459768712324752,0.09660029279144315,0.13751959018977333,0.0829651506849315,0.0786359089242821,41.78142595978062,0.185,piecewise_linear,6,210,244,244,uniform,False
nssp,"RSV ED visit percentage of total ED visits, all ages",2023-2024,Connecticut,baseline_oct_mar,Baseline Oct-Mar,546,2916,0.12254977362637363,0.112065783993784,0.0,0.1436730069091848,0.08474819059822589,0.1281600424360998,0.07446462295081967,0.07130653797842243,28.161462522851917,0.185,piecewise_linear,6,210,244,244,uniform,False
nssp,"RSV ED visit percentage of total ED visits, all ages",2023-2024,Connecticut,early_sep_mar,Early Sep-Mar,546,3036,0.13271460879120878,0.13993891751237356,0.0,0.14764311633820726,0.09696899878486304,0.14002811830702364,0.09613422222222222,0.08045658992799397,28.161462522851917,0.185,piecewise_linear,6,210,244,244,uniform,False
nssp,"RSV ED visit percentage of total ED visits, all ages",2023-2024,Connecticut,extended_sep_apr,Extended Sep-Apr,546,3156,0.142879443956044,0.14064746324407298,0.0599671627275314,0.14766934425870878,0.10255652117924666,0.1401217336268175,0.11124850931445605,0.08778596087385362,28.161462522851917,0.185,piecewise_linear,6,210,244,244,uniform,False
nssp,"RSV ED visit percentage of total ED visits, all ages",2023-2024,Connecticut,late_oct_apr,Late Oct-Apr,546,3036,0.13271460879120878,0.11646864091239849,0.0,0.14398421188114213,0.0903357129926095,0.12825365775589365,0.0829651506849315,0.0786359089242821,28.161462522851917,0.185,piecewise_linear,6,210,244,244,uniform,False
nssp,"RSV ED visit percentage of total ED visits, all ages",2023-2024,Delaware,baseline_oct_mar,Baseline Oct-Mar,546,2916,0.12254977362637363,0.10268058585444159,0.0,0.14105314303415406,0.08099189792713854,0.11658468058401013,0.07446462295081967,0.07130653797842243,70.08500914076782,0.185,piecewise_linear,6,210,244,244,uniform,False
nssp,"RSV ED visit percentage of total ED visits, all ages",2023-2024,Delaware,early_sep_mar,Early Sep-Mar,546,3036,0.13271460879120878,0.13464598008738232,0.0,0.14641491703073525,0.09597009737852302,0.13683092250543424,0.09613422222222222,0.08045658992799397,70.08500914076782,0.185,piecewise_linear,6,210,244,244,uniform,False
nssp,"RSV ED visit percentage of total ED visits, all ages",2023-2024,Delaware,extended_sep_apr,Extended Sep-Apr,546,3156,0.142879443956044,0.1373478263584851,0.07162494699050947,0.14651372667222878,0.10205780733586714,0.13705826195164295,0.11124850931445605,0.08778596087385362,70.08500914076782,0.185,piecewise_linear,6,210,244,244,uniform,False
nssp,"RSV ED visit percentage of total ED visits, all ages",2023-2024,Delaware,late_oct_apr,Late Oct-Apr,546,3036,0.13271460879120878,0.1087488073322295,0.0,0.14177825486916645,0.08707960788448266,0.11681202003021884,0.0829651506849315,0.0786359089242821,70.08500914076782,0.185,piecewise_linear,6,210,244,244,uniform,False
nssp,"RSV ED visit percentage of total ED visits, all ages",2023-2024,District of Columbia,baseline_oct_mar,Baseline Oct-Mar,546,2916,0.12254977362637363,0.09099469728224639,0.0,0.1294728997548073,0.07475736217328126,0.10022300308245174,0.07446462295081967,0.07130653797842243,61.96524680073126,0.185,piecewise_linear,6,210,244,244,uniform,False
nssp,"RSV ED visit percentage of total ED visits, all ages",2023-2024,District of Columbia,early_sep_mar,Early Sep-Mar,546,3036,0.13271460879120878,0.12213988991336923,0.0,0.1432148513383856,0.09226669926183463,0.1288128609443427,0.09613422222222222,0.08045658992799397,61.96524680073126,0.185,piecewise_linear,6,210,244,244,uniform,False
nssp,"RSV ED visit percentage of total ED visits, all ages",2023-2024,District of Columbia,extended_sep_apr,Extended Sep-Apr,546,3156,0.142879443956044,0.12681831812275848,0.0730795825369567,0.14357646415304737,0.09865396976094348,0.129019244722553,0.11124850931445605,0.08778596087385362,61.96524680073126,0.185,piecewise_linear,6,210,244,244,uniform,False
nssp,"RSV ED visit percentage of total ED visits, all ages",2023-2024,District of Columbia,late_oct_apr,Late Oct-Apr,546,3036,0.13271460879120878,0.09835076675885786,0.0,0.13198998172827792,0.08114463267239012,0.10042938686066205,0.0829651506849315,0.0786359089242821,61.96524680073126,0.185,piecewise_linear,6,210,244,244,uniform,False
nssp,"RSV ED visit percentage of total ED visits, all ages",2023-2024,Florida,baseline_oct_mar,Baseline Oct-Mar,546,2916,0.12254977362637363,0.08672000020301657,0.0,0.12023476370714799,0.0707269421149655,0.08539156004760204,0.07446462295081967,0.07130653797842243,42.20723948811701,0.185,piecewise_linear,6,210,244,244,uniform,False
nssp,"RSV ED visit percentage of total ED visits, all ages",2023-2024,Florida,early_sep_mar,Early Sep-Mar,546,3036,0.13271460879120878,0.1116763967297167,0.0,0.13370938382527695,0.08759423613434773,0.11419630614508992,0.09613422222222222,0.08045658992799397,42.207239488117004,0.185,piecewise_linear,6,210,244,244,uniform,False
nssp,"RSV ED visit percentage of total ED visits, all ages",2023-2024,Florida,extended_sep_apr,Extended Sep-Apr,546,3156,0.142879443956044,0.11503740352980356,0.07903811285477058,0.13555660475061476,0.09450025620796143,0.11474560049999634,0.11124850931445605,0.08778596087385362,42.207239488117,0.185,piecewise_linear,6,210,244,244,uniform,False
nssp,"RSV ED visit percentage of total ED visits, all ages",2023-2024,Florida,late_oct_apr,Late Oct-Apr,546,3036,0.13271460879120878,0.09447784887586927,0.0,0.12602211944714115,0.07763296218857917,0.08594085440250847,0.0829651506849315,0.0786359089242821,42.207239488117004,0.185,piecewise_linear,6,210,244,244,uniform,False
nssp,"RSV ED visit percentage of total ED visits, all ages",2023-2024,Georgia,baseline_oct_mar,Baseline Oct-Mar,546,2916,0.12254977362637363,0.09053159324355169,0.0,0.12344523481319902,0.07219900735327174,0.0907546102239008,0.07446462295081967,0.07130653797842243,33.386819012797076,0.185,piecewise_linear,6,210,244,244,uniform,False
nssp,"RSV ED visit percentage of total ED visits, all ages",2023-2024,Georgia,early_sep_mar,Early Sep-Mar,546,3036,0.13271460879120878,0.11767642355404481,0.0,0.14083204538373018,0.09063731255407836,0.12181934532167916,0.09613422222222222,0.08045658992799397,33.386819012797076,0.185,piecewise_linear,6,210,244,244,uniform,False
nssp,"RSV ED visit percentage of total ED visits, all ages",2023-2024,Georgia,extended_sep_apr,Extended Sep-Apr,546,3156,0.142879443956044,0.12186563686937563,0.0824311983224109,0.1417922621289084,0.09733116633565068,0.12226784501507394,0.11124850931445605,0.08778596087385362,33.386819012797076,0.185,piecewise_linear,6,210,244,244,uniform,False
nssp,"RSV ED visit percentage of total ED visits, all ages",2023-2024,Georgia,late_oct_apr,Late Oct-Apr,546,3036,0.13271460879120878,0.09600789932749572,0.0,0.1258531166297857,0.07889286113484406,0.09120310991729558,0.0829651506849315,0.0786359089242821,33.386819012797076,0.185,piecewise_linear,6,210,244,244,uniform,False
nssp,"RSV ED visit percentage of total ED visits, all ages",2023-2024,Hawaii,baseline_oct_mar,Baseline Oct-Mar,546,2916,0.12254977362637363,0.09860225862567183,0.0,0.13171857973297157,0.07804418817926917,0.10956413587889859,0.07446462295081967,0.07130653797842243,34.833345521023766,0.185,piecewise_linear,6,210,244,244,uniform,False
nssp,"RSV ED visit percentage of total ED visits, all ages",2023-2024,Hawaii,early_sep_mar,Early Sep-Mar,546,3036,0.13271460879120878,0.12410328934999429,0.0,0.1430258378173174,0.09293557437225292,0.13009361388146265,0.09613422222222222,0.08045658992799397,34.83334552102377,0.185,piecewise_linear,6,210,244,244,uniform,False
nssp,"RSV ED visit percentage of total ED visits, all ages",2023-2024,Hawaii,extended_sep_apr,Extended Sep-Apr,546,3156,0.142879443956044,0.12646709612006946,0.07425344467297407,0.14355810404522826,0.09976648473898088,0.13046399762781924,0.11124850931445605,0.08778596087385362,34.833345521023766,0.185,piecewise_linear,6,210,244,244,uniform,False
nssp,"RSV ED visit percentage of total ED visits, all ages",2023-2024,Hawaii,late_oct_apr,Late Oct-Apr,546,3036,0.13271460879120878,0.10385719044362575,0.0,0.13452356441022353,0.08487509854599712,0.10993451962525512,0.0829651506849315,0.0786359089242821,34.83334552102377,0.185,piecewise_linear,6,210,244,244,uniform,False
nssp,"RSV ED visit percentage of total ED visits, all ages",2023-2024,Idaho,baseline_oct_mar,Baseline Oct-Mar,546,2916,0.12254977362637363,0.1344205951417004,0.0,0.1459591380544939,0.09047854067981935,0.13822515479537836,0.07446462295081967,0.07130653797842243,47.06018281535649,0.185,piecewise_linear,6,210,244,244,uniform,False
nssp,"RSV ED visit percentage of total ED visits, all ages",2023-2024,Idaho,early_sep_mar,Early Sep-Mar,546,3036,0.13271460879120878,0.13720215136476424,0.0,0.1462521544631438,0.09803987710470474,0.1393297039779542,0.09613422222222222,0.08045658992799397,47.0601828153565,0.185,piecewise_linear,6,210,244,244,uniform,False
nssp,"RSV ED visit percentage of total ED visits, all ages",2023-2024,Idaho,extended_sep_apr,Extended Sep-Apr,546,3156,0.142879443956044,0.13960260153314247,0.07207117564060093,0.1463113699459248,0.10401016356889409,0.14002624978736145,0.11124850931445605,0.08778596087385362,47.0601828153565,0.185,piecewise_linear,6,210,244,244,uniform,False
nssp,"RSV ED visit percentage of total ED visits, all ages",2023-2024,Idaho,late_oct_apr,Late Oct-Apr,546,3036,0.13271460879120878,0.13628159478011603,0.0,0.1460073179108863,0.09644882714400868,0.13892170060478568,0.0829651506849315,0.0786359089242821,47.06018281535649,0.185,piecewise_linear,6,210,244,244,uniform,False
nssp,"RSV ED visit percentage of total ED visits, all ages",2023-2024,Illinois,baseline_oct_mar,Baseline Oct-Mar,546,2916,0.12254977362637363,0.11700084523066497,0.0,0.14309624226042095,0.08547956136384399,0.1273608003479284,0.07446462295081967,0.07130653797842243,58.024168190127966,0.185,piecewise_linear,6,210,244,244,uniform,False
nssp,"RSV ED visit percentage of total ED visits, all ages",2023-2024,Illinois,early_sep_mar,Early Sep-Mar,546,3036,0.13271460879120878,0.13471408648447522,0.0,0.14600255532658024,0.0970080587321008,0.13783371990234672,0.09613422222222222,0.08045658992799397,58.02416819012797,0.185,piecewise_linear,6,210,244,244,uniform,False
nssp,"RSV ED visit percentage of total ED visits, all ages",2023-2024,Illinois,extended_sep_apr,Extended Sep-Apr,546,3156,0.142879443956044,0.13718171151572056,0.07440295728961732,0.14600255532658024,0.10302078355060465,0.1382420286198337,0.11124850931445605,0.08778596087385362,58.02416819012798,0.185,piecewise_linear,6,210,244,244,uniform,False
nssp,"RSV ED visit percentage of total ED visits, all ages",2023-2024,Illinois,late_oct_apr,Late Oct-Apr,546,3036,0.13271460879120878,0.12063598807658048,0.0,0.14368715147459654,0.09149228618234784,0.12776910906541541,0.0829651506849315,0.0786359089242821,58.024168190127966,0.185,piecewise_linear,6,210,244,244,uniform,False
nssp,"RSV ED visit percentage of total ED visits, all ages",2023-2024,Indiana,baseline_oct_mar,Baseline Oct-Mar,546,2916,0.12254977362637363,0.11888302450987477,0.0,0.14251312192290036,0.08562677411219191,0.12850826176541896,0.07446462295081967,0.07130653797842243,43.8627970749543,0.185,piecewise_linear,6,210,244,244,uniform,False
nssp,"RSV ED visit percentage of total ED visits, all ages",2023-2024,Indiana,early_sep_mar,Early Sep-Mar,546,3036,0.13271460879120878,0.13522891907241974,0.0,0.14588000215686683,0.09647966097952941,0.13782692953679102,0.09613422222222222,0.08045658992799397,43.8627970749543,0.185,piecewise_linear,6,210,244,244,uniform,False
nssp,"RSV ED visit percentage of total ED visits, all ages",2023-2024,Indiana,extended_sep_apr,Extended Sep-Apr,546,3156,0.142879443956044,0.13654309877622375,0.07132156301177454,0.14589968759134755,0.10227206213389531,0.13813870685814786,0.11124850931445605,0.08778596087385362,43.86279707495429,0.185,piecewise_linear,6,210,244,244,uniform,False
nssp,"RSV ED visit percentage of total ED visits, all ages",2023-2024,Indiana,late_oct_apr,Late Oct-Apr,546,3036,0.13271460879120878,0.12197474587848797,0.0,0.14295275644355648,0.09141917526655785,0.12882003908677575,0.0829651506849315,0.0786359089242821,43.8627970749543,0.185,piecewise_linear,6,210,244,244,uniform,False
nssp,"RSV ED visit percentage of total ED visits, all ages",2023-2024,Iowa,baseline_oct_mar,Baseline Oct-Mar,546,2916,0.12254977362637363,0.12643731064136624,0.0,0.1445919921967292,0.08961627377897469,0.13520142316828693,0.07446462295081967,0.07130653797842243,77.39420475319926,0.185,piecewise_linear,6,210,244,244,uniform,False
nssp,"RSV ED visit percentage of total ED visits, all ages",2023-2024,Iowa,early_sep_mar,Early Sep-Mar,546,3036,0.13271460879120878,0.13090244723871872,0.0,0.14511277002936893,0.09689110793539449,0.1377359534865254,0.09613422222222222,0.08045658992799397,77.39420475319928,0.185,piecewise_linear,6,210,244,244,uniform,False
nssp,"RSV ED visit percentage of total ED visits, all ages",2023-2024,Iowa,extended_sep_apr,Extended Sep-Apr,546,3156,0.142879443956044,0.13791672930488316,0.0755450342410754,0.1451469914399617,0.10230409398897845,0.13825005940675444,0.11124850931445605,0.08778596087385362,77.39420475319926,0.185,piecewise_linear,6,210,244,244,uniform,False
nssp,"RSV ED visit percentage of total ED visits, all ages",2023-2024,Iowa,late_oct_apr,Late Oct-Apr,546,3036,0.13271460879120878,0.1288083063074662,0.0,0.14469121233015814,0.09502925983255864,0.13571552908851597,0.0829651506849315,0.0786359089242821,77.39420475319926,0.185,piecewise_linear,6,210,244,244,uniform,False
nssp,"RSV ED visit percentage of total ED visits, all ages",2023-2024,Kansas,baseline_oct_mar,Baseline Oct-Mar,546,2916,0.12254977362637363,0.1341367267642696,0.0,0.14601540725790002,0.09087678193359466,0.13731173299048544,0.07446462295081967,0.07130653797842243,45.2136928702011,0.185,piecewise_linear,6,210,244,244,uniform,False
nssp,"RSV ED visit percentage of total ED visits, all ages",2023-2024,Kansas,early_sep_mar,Early Sep-Mar,546,3036,0.13271460879120878,0.13692334818161697,0.0,0.14583433234714002,0.09751819003726099,0.13899553465361583,0.09613422222222222,0.08045658992799397,45.2136928702011,0.185,piecewise_linear,6,210,244,244,uniform,False
nssp,"RSV ED visit percentage of total ED visits, all ages",2023-2024,Kansas,extended_sep_apr,Extended Sep-Apr,546,3156,0.142879443956044,0.14079623238368547,0.07680523822843822,0.14590433429097516,0.10368834057088754,0.13954378592332567,0.11124850931445605,0.08778596087385362,45.2136928702011,0.185,piecewise_linear,6,210,244,244,uniform,False
nssp,"RSV ED visit percentage of total ED visits, all ages",2023-2024,Kansas,late_oct_apr,Late Oct-Apr,546,3036,0.13271460879120878,0.1357995172805025,0.0,0.1461201432843775,0.09704693246722118,0.13785998426019538,0.0829651506849315,0.0786359089242821,45.213692870201086,0.185,piecewise_linear,6,210,244,244,uniform,False
nssp,"RSV ED visit percentage of total ED visits, all ages",2023-2024,Kentucky,baseline_oct_mar,Baseline Oct-Mar,546,2916,0.12254977362637363,0.11610528507326008,0.0,0.14234617437504363,0.08553542534546295,0.12690595239308627,0.07446462295081967,0.07130653797842243,69.5,0.185,piecewise_linear,6,210,244,244,uniform,False
nssp,"RSV ED visit percentage of total ED visits, all ages",2023-2024,Kentucky,early_sep_mar,Early Sep-Mar,546,3036,0.13271460879120878,0.13406678335795336,0.0,0.14523014953847524,0.09645570440933054,0.13738081510590414,0.09613422222222222,0.08045658992799397,69.49999999999999,0.185,piecewise_linear,6,210,244,244,uniform,False
nssp,"RSV ED visit percentage of total ED visits, all ages",2023-2024,Kentucky,extended_sep_apr,Extended Sep-Apr,546,3156,0.142879443956044,0.13597971371674547,0.07214477121405911,0.14535764731745218,0.1028436307329417,0.13761444511987944,0.11124850931445605,0.08778596087385362,69.5,0.185,piecewise_linear,6,210,244,244,uniform,False
nssp,"RSV ED visit percentage of total ED visits, all ages",2023-2024,Kentucky,late_oct_apr,Late Oct-Apr,546,3036,0.13271460879120878,0.12049097041031258,0.0,0.14287617805694655,0.09192335166907406,0.12713958240706164,0.0829651506849315,0.0786359089242821,69.5,0.185,piecewise_linear,6,210,244,244,uniform,False
nssp,"RSV ED visit percentage of total ED visits, all ages",2023-2024,Louisiana,baseline_oct_mar,Baseline Oct-Mar,546,2916,0.12254977362637363,0.10144716907051284,0.0,0.1336055349745623,0.07839784873649668,0.10903770791310831,0.07446462295081967,0.07130653797842243,48.32872029250456,0.185,piecewise_linear,6,210,244,244,uniform,False
nssp,"RSV ED visit percentage of total ED visits, all ages",2023-2024,Louisiana,early_sep_mar,Early Sep-Mar,546,3036,0.13271460879120878,0.12769967407058974,0.0,0.14410061997030355,0.09391488361953382,0.13210498410191807,0.09613422222222222,0.08045658992799397,48.32872029250457,0.185,piecewise_linear,6,210,244,244,uniform,False
nssp,"RSV ED visit percentage of total ED visits, all ages",2023-2024,Louisiana,extended_sep_apr,Extended Sep-Apr,546,3156,0.142879443956044,0.13042195653267596,0.07506962075748379,0.14452489027044726,0.1007102281550991,0.13239136908686128,0.11124850931445605,0.08778596087385362,48.32872029250456,0.185,piecewise_linear,6,210,244,244,uniform,False
nssp,"RSV ED visit percentage of total ED visits, all ages",2023-2024,Louisiana,late_oct_apr,Late Oct-Apr,546,3036,0.13271460879120878,0.10867757007447622,0.0,0.13586325639704316,0.08519319327206196,0.10932409289805145,0.0829651506849315,0.0786359089242821,48.32872029250458,0.185,piecewise_linear,6,210,244,244,uniform,False
nssp,"RSV ED visit percentage of total ED visits, all ages",2023-2024,Maine,baseline_oct_mar,Baseline Oct-Mar,546,2916,0.12254977362637363,0.1354932220562284,0.0,0.14666130856630646,0.08968805995124517,0.1384567383153723,0.07446462295081967,0.07130653797842243,36.519524680073125,0.185,piecewise_linear,6,210,244,244,uniform,False
nssp,"RSV ED visit percentage of total ED visits, all ages",2023-2024,Maine,early_sep_mar,Early Sep-Mar,546,3036,0.13271460879120878,0.14000110776289643,0.0,0.14720741640385157,0.09782855510470027,0.14057816969838272,0.09613422222222222,0.08045658992799397,36.51952468007313,0.185,piecewise_linear,6,210,244,244,uniform,False
nssp,"RSV ED visit percentage of total ED visits, all ages",2023-2024,Maine,extended_sep_apr,Extended Sep-Apr,546,3156,0.142879443956044,0.14133880059635792,0.06255195104895106,0.1472190521833722,0.10349742457647568,0.14088202138474118,0.11124850931445605,0.08778596087385362,36.51952468007313,0.185,piecewise_linear,6,210,244,244,uniform,False
nssp,"RSV ED visit percentage of total ED visits, all ages",2023-2024,Maine,late_oct_apr,Late Oct-Apr,546,3036,0.13271460879120878,0.13740817220674675,0.0,0.14674277771153849,0.09535692942302056,0.13876059000173072,0.0829651506849315,0.0786359089242821,36.51952468007313,0.185,piecewise_linear,6,210,244,244,uniform,False
nssp,"RSV ED visit percentage of total ED visits, all ages",2023-2024,Maryland,baseline_oct_mar,Baseline Oct-Mar,546,2916,0.12254977362637363,0.10456682685782183,0.0,0.1403171421230397,0.08140033871659272,0.11848746768691727,0.07446462295081967,0.07130653797842243,52.43886654478976,0.185,piecewise_linear,6,210,244,244,uniform,False
nssp,"RSV ED visit percentage of total ED visits, all ages",2023-2024,Maryland,early_sep_mar,Early Sep-Mar,546,3036,0.13271460879120878,0.13264470969127407,0.0,0.1457653779518053,0.09529642026623433,0.13634782065585288,0.09613422222222222,0.08045658992799397,52.438866544789775,0.185,piecewise_linear,6,210,244,244,uniform,False
nssp,"RSV ED visit percentage of total ED visits, all ages",2023-2024,Maryland,extended_sep_apr,Extended Sep-Apr,546,3156,0.142879443956044,0.13502337781360732,0.0731269636285502,0.14585333562363564,0.10179391851206052,0.1365879673277412,0.11124850931445605,0.08778596087385362,52.43886654478977,0.185,piecewise_linear,6,210,244,244,uniform,False
nssp,"RSV ED visit percentage of total ED visits, all ages",2023-2024,Maryland,late_oct_apr,Late Oct-Apr,546,3036,0.13271460879120878,0.11051271041172168,0.0,0.14155608669123254,0.08789783696241889,0.11872761435880558,0.0829651506849315,0.0786359089242821,52.43886654478976,0.185,piecewise_linear,6,210,244,244,uniform,False
nssp,"RSV ED visit percentage of total ED visits, all ages",2023-2024,Massachusetts,baseline_oct_mar,Baseline Oct-Mar,546,2916,0.12254977362637363,0.10967457409918659,0.0,0.1412189122163428,0.08322264275555735,0.12271317888533308,0.07446462295081967,0.07130653797842243,52.78319926873858,0.185,piecewise_linear,6,210,244,244,uniform,False
nssp,"RSV ED visit percentage of total ED visits, all ages",2023-2024,Massachusetts,early_sep_mar,Early Sep-Mar,546,3036,0.13271460879120878,0.13317448780302715,0.0,0.1458141880460066,0.09581124732000645,0.13685737835876557,0.09613422222222222,0.08045658992799397,52.78319926873857,0.185,piecewise_linear,6,210,244,244,uniform,False
nssp,"RSV ED visit percentage of total ED visits, all ages",2023-2024,Massachusetts,extended_sep_apr,Extended Sep-Apr,546,3156,0.142879443956044,0.13492927525341125,0.07357350148823595,0.14590435763017467,0.10212887754535542,0.13714768706892497,0.11124850931445605,0.08778596087385362,52.78319926873858,0.185,piecewise_linear,6,210,244,244,uniform,False
nssp,"RSV ED visit percentage of total ED visits, all ages",2023-2024,Massachusetts,late_oct_apr,Late Oct-Apr,546,3036,0.13271460879120878,0.11567036927617073,0.0,0.14228286894870396,0.08954027298090632,0.12300348759549248,0.0829651506849315,0.0786359089242821,52.78319926873858,0.185,piecewise_linear,6,210,244,244,uniform,False
nssp,"RSV ED visit percentage of total ED visits, all ages",2023-2024,Michigan,baseline_oct_mar,Baseline Oct-Mar,546,2916,0.12254977362637363,0.12722885649853108,0.0,0.14564001668456025,0.08861103201864781,0.13562313861361017,0.07446462295081967,0.07130653797842243,42.667349177330905,0.185,piecewise_linear,6,210,244,244,uniform,False
nssp,"RSV ED visit percentage of total ED visits, all ages",2023-2024,Michigan,early_sep_mar,Early Sep-Mar,546,3036,0.13271460879120878,0.14068612785777962,0.0,0.1468695472762305,0.0978319418539145,0.1401250975846574,0.09613422222222222,0.08045658992799397,42.667349177330905,0.185,piecewise_linear,6,210,244,244,uniform,False
nssp,"RSV ED visit percentage of total ED visits, all ages",2023-2024,Michigan,extended_sep_apr,Extended Sep-Apr,546,3156,0.142879443956044,0.1416397928884519,0.06841564535449264,0.1468695472762305,0.10360604857833801,0.1404726663985029,0.11124850931445605,0.08778596087385362,42.66734917733089,0.185,piecewise_linear,6,210,244,244,uniform,False
nssp,"RSV ED visit percentage of total ED visits, all ages",2023-2024,Michigan,late_oct_apr,Late Oct-Apr,546,3036,0.13271460879120878,0.1313887137043997,0.0,0.1456670930513541,0.09438513874307129,0.1359707074274556,0.0829651506849315,0.0786359089242821,42.6673491773309,0.185,piecewise_linear,6,210,244,244,uniform,False
nssp,"RSV ED visit percentage of total ED visits, all ages",2023-2024,Minnesota,baseline_oct_mar,Baseline Oct-Mar,546,2916,0.12254977362637363,0.1312812869241451,0.0,0.1464929054585012,0.08961525780802206,0.13708289046855793,0.07446462295081967,0.07130653797842243,72.51177330895796,0.185,piecewise_linear,6,210,244,244,uniform,False
nssp,"RSV ED visit percentage of total ED visits, all ages",2023-2024,Minnesota,early_sep_mar,Early Sep-Mar,546,3036,0.13271460879120878,0.1397044441289526,0.0,0.14647138391558007,0.0975532346006064,0.13989128683058208,0.09613422222222222,0.08045658992799397,72.51177330895796,0.185,piecewise_linear,6,210,244,244,uniform,False
nssp,"RSV ED visit percentage of total ED visits, all ages",2023-2024,Minnesota,extended_sep_apr,Extended Sep-Apr,546,3156,0.142879443956044,0.1408571019290518,0.06417855413481867,0.14647938119969178,0.10303962315044946,0.14027719158601068,0.11124850931445605,0.08778596087385362,72.51177330895796,0.185,piecewise_linear,6,210,244,244,uniform,False
nssp,"RSV ED visit percentage of total ED visits, all ages",2023-2024,Minnesota,late_oct_apr,Late Oct-Apr,546,3036,0.13271460879120878,0.1341683894141014,0.0,0.1465531555683123,0.09510164635786507,0.13746879522398653,0.0829651506849315,0.0786359089242821,72.51177330895796,0.185,piecewise_linear,6,210,244,244,uniform,False
nssp,"RSV ED visit percentage of total ED visits, all ages",2023-2024,Mississippi,baseline_oct_mar,Baseline Oct-Mar,546,2916,0.12254977362637363,0.09283186725896604,0.0,0.12423016594106288,0.07319343256736646,0.09344245094608723,0.07446462295081967,0.07130653797842243,47.50879341864717,0.185,piecewise_linear,6,210,244,244,uniform,False
nssp,"RSV ED visit percentage of total ED visits, all ages",2023-2024,Mississippi,early_sep_mar,Early Sep-Mar,546,3036,0.13271460879120878,0.11988767549081888,0.0,0.14282924840549185,0.09160279555404241,0.12462282481436683,0.09613422222222222,0.08045658992799397,47.50879341864717,0.185,piecewise_linear,6,210,244,244,uniform,False
nssp,"RSV ED visit percentage of total ED visits, all ages",2023-2024,Mississippi,extended_sep_apr,Extended Sep-Apr,546,3156,0.142879443956044,0.12354624682703189,0.08148298048905057,0.1433543057642591,0.09873509221415781,0.125035679282801,0.11124850931445605,0.08778596087385362,47.508793418647166,0.185,piecewise_linear,6,210,244,244,uniform,False
nssp,"RSV ED visit percentage of total ED visits, all ages",2023-2024,Mississippi,late_oct_apr,Late Oct-Apr,546,3036,0.13271460879120878,0.10024477096312787,0.0,0.12719951474878247,0.08032572922748185,0.0938553054145214,0.0829651506849315,0.0786359089242821,47.508793418647166,0.185,piecewise_linear,6,210,244,244,uniform,False
nssp,"RSV ED visit percentage of total ED visits, all ages",2023-2024,Montana,baseline_oct_mar,Baseline Oct-Mar,546,2916,0.12254977362637363,0.13657292615120725,0.0,0.1464741252956194,0.09379844702798114,0.1387985312705318,0.07446462295081967,0.07130653797842243,48.85495429616087,0.185,piecewise_linear,6,210,244,244,uniform,False
nssp,"RSV ED visit percentage of total ED visits, all ages",2023-2024,Montana,early_sep_mar,Early Sep-Mar,546,3036,0.13271460879120878,0.1384259775651537,0.0,0.14579469929512423,0.09920446791405707,0.13855735361782426,0.09613422222222222,0.08045658992799397,48.85495429616088,0.185,piecewise_linear,6,210,244,244,uniform,False
nssp,"RSV ED visit percentage of total ED visits, all ages",2023-2024,Montana,extended_sep_apr,Extended Sep-Apr,546,3156,0.142879443956044,0.13937985788799748,0.0762361887219316,0.1458159877792835,0.10471746014539318,0.13946584253211333,0.11124850931445605,0.08778596087385362,48.854954296160884,0.185,piecewise_linear,6,210,244,244,uniform,False
nssp,"RSV ED visit percentage of total ED visits, all ages",2023-2024,Montana,late_oct_apr,Late Oct-Apr,546,3036,0.13271460879120878,0.13741462273428912,0.0,0.1465128849644958,0.09931143925931726,0.13970702018482087,0.0829651506849315,0.0786359089242821,48.85495429616088,0.185,piecewise_linear,6,210,244,244,uniform,False
nssp,"RSV ED visit percentage of total ED visits, all ages",2023-2024,Nebraska,baseline_oct_mar,Baseline Oct-Mar,546,2916,0.12254977362637363,0.12932294169120992,0.0,0.1461913401266385,0.08978877813956025,0.13565772741280377,0.07446462295081967,0.07130653797842243,40.4136563071298,0.185,piecewise_linear,6,210,244,244,uniform,False
nssp,"RSV ED visit percentage of total ED visits, all ages",2023-2024,Nebraska,early_sep_mar,Early Sep-Mar,546,3036,0.13271460879120878,0.13955017777282547,0.0,0.14617392667207402,0.09821287517091198,0.13912215128195934,0.09613422222222222,0.08045658992799397,40.4136563071298,0.185,piecewise_linear,6,210,244,244,uniform,False
nssp,"RSV ED visit percentage of total ED visits, all ages",2023-2024,Nebraska,extended_sep_apr,Extended Sep-Apr,546,3156,0.142879443956044,0.14086039784599583,0.07758189892433678,0.14617707149014278,0.10395614733523022,0.1397676545324832,0.11124850931445605,0.08778596087385362,40.4136563071298,0.185,piecewise_linear,6,210,244,244,uniform,False
nssp,"RSV ED visit percentage of total ED visits, all ages",2023-2024,Nebraska,late_oct_apr,Late Oct-Apr,546,3036,0.13271460879120878,0.13222265391742952,0.0,0.1462069396357902,0.09553205030387847,0.13630323066332764,0.0829651506849315,0.0786359089242821,40.4136563071298,0.185,piecewise_linear,6,210,244,244,uniform,False
nssp,"RSV ED visit percentage of total ED visits, all ages",2023-2024,Nevada,baseline_oct_mar,Baseline Oct-Mar,546,2916,0.12254977362637363,0.127248279469347,0.0,0.14494982272435042,0.08820415704537761,0.1349526112504301,0.07446462295081967,0.07130653797842243,37.8481718464351,0.185,piecewise_linear,6,210,244,244,uniform,False
nssp,"RSV ED visit percentage of total ED visits, all ages",2023-2024,Nevada,early_sep_mar,Early Sep-Mar,546,3036,0.13271460879120878,0.136576120478589,0.0,0.1458781583873444,0.0967128538281678,0.13905074193017306,0.09613422222222222,0.08045658992799397,37.8481718464351,0.185,piecewise_linear,6,210,244,244,uniform,False
nssp,"RSV ED visit percentage of total ED visits, all ages",2023-2024,Nevada,extended_sep_apr,Extended Sep-Apr,546,3156,0.142879443956044,0.13842388113420317,0.07031454367752063,0.14604578857671868,0.10293335082395715,0.1394811738637323,0.11124850931445605,0.08778596087385362,37.8481718464351,0.185,piecewise_linear,6,210,244,244,uniform,False
nssp,"RSV ED visit percentage of total ED visits, all ages",2023-2024,Nevada,late_oct_apr,Late Oct-Apr,546,3036,0.13271460879120878,0.13017927110483127,0.0,0.1451375707196847,0.09442465404116694,0.13538304318398936,0.0829651506849315,0.0786359089242821,37.8481718464351,0.185,piecewise_linear,6,210,244,244,uniform,False
nssp,"RSV ED visit percentage of total ED visits, all ages",2023-2024,New Hampshire,baseline_oct_mar,Baseline Oct-Mar,546,2916,0.12254977362637363,0.13162314935831917,0.0,0.14533821003856476,0.09497077844572026,0.13441447111086238,0.07446462295081967,0.07130653797842243,43.86603290676417,0.185,piecewise_linear,6,210,244,244,uniform,False
nssp,"RSV ED visit percentage of total ED visits, all ages",2023-2024,New Hampshire,early_sep_mar,Early Sep-Mar,546,3036,0.13271460879120878,0.14099675312983997,0.07402493354241012,0.1466045866110856,0.10506232376217466,0.13982750407414635,0.09613422222222222,0.08045658992799397,43.86603290676417,0.185,piecewise_linear,6,210,244,244,uniform,False
nssp,"RSV ED visit percentage of total ED visits, all ages",2023-2024,New Hampshire,extended_sep_apr,Extended Sep-Apr,546,3156,0.142879443956044,0.14163257137483354,0.08991423810511041,0.1466622779864824,0.11027519955235884,0.14003225304781913,0.11124850931445605,0.08778596087385362,43.866032906764175,0.185,piecewise_linear,6,210,244,244,uniform,False
nssp,"RSV ED visit percentage of total ED visits, all ages",2023-2024,New Hampshire,late_oct_apr,Late Oct-Apr,546,3036,0.13271460879120878,0.13343572754388466,0.063758347900118,0.14538043332938247,0.10018365423590443,0.13461922008453517,0.0829651506849315,0.0786359089242821,43.866032906764175,0.185,piecewise_linear,6,210,244,244,uniform,False
nssp,"RSV ED visit percentage of total ED visits, all ages",2023-2024,New Jersey,baseline_oct_mar,Baseline Oct-Mar,546,2916,0.12254977362637363,0.10710849277824977,0.0,0.1413182983876872,0.0828220105659187,0.12173484681253058,0.07446462295081967,0.07130653797842243,33.593930530164535,0.185,piecewise_linear,6,210,244,244,uniform,False
nssp,"RSV ED visit percentage of total ED visits, all ages",2023-2024,New Jersey,early_sep_mar,Early Sep-Mar,546,3036,0.13271460879120878,0.13413295011190515,0.0,0.146081245979021,0.09596743034320883,0.13705235055901982,0.09613422222222222,0.08045658992799397,33.593930530164535,0.185,piecewise_linear,6,210,244,244,uniform,False
nssp,"RSV ED visit percentage of total ED visits, all ages",2023-2024,New Jersey,extended_sep_apr,Extended Sep-Apr,546,3156,0.142879443956044,0.13587423076232066,0.07365297851565687,0.14608985929301657,0.10210593586383088,0.1373164515450174,0.11124850931445605,0.08778596087385362,33.593930530164535,0.185,piecewise_linear,6,210,244,244,uniform,False
nssp,"RSV ED visit percentage of total ED visits, all ages",2023-2024,New Jersey,late_oct_apr,Late Oct-Apr,546,3036,0.13271460879120878,0.11434590345536813,0.0,0.142410711181179,0.08896051608654074,0.12199894779852821,0.0829651506849315,0.0786359089242821,33.59393053016453,0.185,piecewise_linear,6,210,244,244,uniform,False
nssp,"RSV ED visit percentage of total ED visits, all ages",2023-2024,New Mexico,baseline_oct_mar,Baseline Oct-Mar,546,2916,0.12254977362637363,0.1337111743035017,0.0,0.14589172414250032,0.09078361801441126,0.1369761926279937,0.07446462295081967,0.07130653797842243,81.39718464351004,0.185,piecewise_linear,6,210,244,244,uniform,False
nssp,"RSV ED visit percentage of total ED visits, all ages",2023-2024,New Mexico,early_sep_mar,Early Sep-Mar,546,3036,0.13271460879120878,0.14114596313053812,0.0,0.14706213391564013,0.099971680015654,0.14058030644037775,0.09613422222222222,0.08045658992799397,81.39718464351006,0.185,piecewise_linear,6,210,244,244,uniform,False
nssp,"RSV ED visit percentage of total ED visits, all ages",2023-2024,New Mexico,extended_sep_apr,Extended Sep-Apr,546,3156,0.142879443956044,0.14115829528286375,0.06877630029396492,0.14706213391564013,0.10542089904677958,0.14079093570985227,0.11124850931445605,0.08778596087385362,81.39718464351004,0.185,piecewise_linear,6,210,244,244,uniform,False
nssp,"RSV ED visit percentage of total ED visits, all ages",2023-2024,New Mexico,late_oct_apr,Late Oct-Apr,546,3036,0.13271460879120878,0.13528345087838997,0.0,0.14589172414250032,0.09623283704553681,0.13718682189746817,0.0829651506849315,0.0786359089242821,81.39718464351006,0.185,piecewise_linear,6,210,244,244,uniform,False
nssp,"RSV ED visit percentage of total ED visits, all ages",2023-2024,New York,baseline_oct_mar,Baseline Oct-Mar,546,2916,0.12254977362637363,0.11664188400919472,0.0,0.14396639432350947,0.08534364205023612,0.12855624406806349,0.07446462295081967,0.07130653797842243,34.03124314442414,0.185,piecewise_linear,6,210,244,244,uniform,False
nssp,"RSV ED visit percentage of total ED visits, all ages",2023-2024,New York,early_sep_mar,Early Sep-Mar,546,3036,0.13271460879120878,0.1374752231407876,0.0,0.1464226627778921,0.09661511835959119,0.13877181051263215,0.09613422222222222,0.08045658992799397,34.03124314442414,0.185,piecewise_linear,6,210,244,244,uniform,False
nssp,"RSV ED visit percentage of total ED visits, all ages",2023-2024,New York,extended_sep_apr,Extended Sep-Apr,546,3156,0.142879443956044,0.13891910141477395,0.07029255638684463,0.14643772363057503,0.10291780577124561,0.13906457156740798,0.11124850931445605,0.08778596087385362,34.03124314442413,0.185,piecewise_linear,6,210,244,244,uniform,False
nssp,"RSV ED visit percentage of total ED visits, all ages",2023-2024,New York,late_oct_apr,Late Oct-Apr,546,3036,0.13271460879120878,0.12011263464072154,0.0,0.1444032148638615,0.09164632946189051,0.12884900512283934,0.0829651506849315,0.0786359089242821,34.03124314442414,0.185,piecewise_linear,6,210,244,244,uniform,False
nssp,"RSV ED visit percentage of total ED visits, all ages",2023-2024,North Carolina,baseline_oct_mar,Baseline Oct-Mar,546,2916,0.12254977362637363,0.11352421658816565,0.0,0.14272385306409568,0.08507751166649671,0.12521006166937182,0.07446462295081967,0.07130653797842243,57.17482632541133,0.185,piecewise_linear,6,210,244,244,uniform,False
nssp,"RSV ED visit percentage of total ED visits, all ages",2023-2024,North Carolina,early_sep_mar,Early Sep-Mar,546,3036,0.13271460879120878,0.1363557609704003,0.0,0.14628189460447694,0.09746215666002453,0.1379769929349054,0.09613422222222222,0.08045658992799397,57.17482632541134,0.185,piecewise_linear,6,210,244,244,uniform,False
nssp,"RSV ED visit percentage of total ED visits, all ages",2023-2024,North Carolina,extended_sep_apr,Extended Sep-Apr,546,3156,0.142879443956044,0.13780207013359277,0.07491562726772034,0.14632466629945395,0.10374423367719302,0.13824066042728958,0.11124850931445605,0.08778596087385362,57.17482632541133,0.185,piecewise_linear,6,210,244,244,uniform,False
nssp,"RSV ED visit percentage of total ED visits, all ages",2023-2024,North Carolina,late_oct_apr,Late Oct-Apr,546,3036,0.13271460879120878,0.11817506955035911,0.0,0.1435251395792722,0.0913595886836652,0.12547372916175598,0.0829651506849315,0.0786359089242821,57.17482632541133,0.185,piecewise_linear,6,210,244,244,uniform,False
nssp,"RSV ED visit percentage of total ED visits, all ages",2023-2024,North Dakota,baseline_oct_mar,Baseline Oct-Mar,546,2916,0.12254977362637363,0.12461233194801484,0.0,0.14393999389479445,0.08884957178037073,0.1351457818202034,0.07446462295081967,0.07130653797842243,43.91798903107861,0.185,piecewise_linear,6,210,244,244,uniform,False
nssp,"RSV ED visit percentage of total ED visits, all ages",2023-2024,North Dakota,early_sep_mar,Early Sep-Mar,546,3036,0.13271460879120878,0.13594185971002987,0.0,0.14441815212850398,0.09516722619834861,0.1368950302964285,0.09613422222222222,0.08045658992799397,43.91798903107861,0.185,piecewise_linear,6,210,244,244,uniform,False
nssp,"RSV ED visit percentage of total ED visits, all ages",2023-2024,North Dakota,extended_sep_apr,Extended Sep-Apr,546,3156,0.142879443956044,0.136394681577216,0.07262234065115213,0.14450939960502845,0.10052183146761051,0.13745570821483888,0.11124850931445605,0.08778596087385362,43.91798903107861,0.185,piecewise_linear,6,210,244,244,uniform,False
nssp,"RSV ED visit percentage of total ED visits, all ages",2023-2024,North Dakota,late_oct_apr,Late Oct-Apr,546,3036,0.13271460879120878,0.12664992920834575,0.0,0.14398451355577727,0.09420417704963262,0.1357064597386138,0.0829651506849315,0.0786359089242821,43.91798903107861,0.185,piecewise_linear,6,210,244,244,uniform,False
nssp,"RSV ED visit percentage of total ED visits, all ages",2023-2024,Ohio,baseline_oct_mar,Baseline Oct-Mar,546,2916,0.12254977362637363,0.12395118002855131,0.0,0.14541291407342657,0.087928604087312,0.134119588529681,0.07446462295081967,0.07130653797842243,31.029067641681902,0.185,piecewise_linear,6,210,244,244,uniform,False
nssp,"RSV ED visit percentage of total ED visits, all ages",2023-2024,Ohio,early_sep_mar,Early Sep-Mar,546,3036,0.13271460879120878,0.13957390700159325,0.0,0.14654300930464373,0.09752382254903272,0.13973423953443492,0.09613422222222222,0.08045658992799397,31.029067641681902,0.185,piecewise_linear,6,210,244,244,uniform,False
nssp,"RSV ED visit percentage of total ED visits, all ages",2023-2024,Ohio,extended_sep_apr,Extended Sep-Apr,546,3156,0.142879443956044,0.1405287012994879,0.06841564229709686,0.14654300930464373,0.10331110715277156,0.1400603666817339,0.11124850931445605,0.08778596087385362,31.029067641681902,0.185,piecewise_linear,6,210,244,244,uniform,False
nssp,"RSV ED visit percentage of total ED visits, all ages",2023-2024,Ohio,late_oct_apr,Late Oct-Apr,546,3036,0.13271460879120878,0.12813733733012272,0.0,0.14546544337157505,0.09371588869105081,0.13444571567698005,0.0829651506849315,0.0786359089242821,31.029067641681902,0.185,piecewise_linear,6,210,244,244,uniform,False
nssp,"RSV ED visit percentage of total ED visits, all ages",2023-2024,Oklahoma,baseline_oct_mar,Baseline Oct-Mar,546,2916,0.12254977362637363,0.12340314201694261,0.0,0.14536011722308456,0.08848278822917681,0.13399934090235224,0.07446462295081967,0.07130653797842243,54.62541133455211,0.185,piecewise_linear,6,210,244,244,uniform,False
nssp,"RSV ED visit percentage of total ED visits, all ages",2023-2024,Oklahoma,early_sep_mar,Early Sep-Mar,546,3036,0.13271460879120878,0.13991408177787715,0.0,0.14662392873513386,0.09809557389915807,0.1399420106254024,0.09613422222222222,0.08045658992799397,54.6254113345521,0.185,piecewise_linear,6,210,244,244,uniform,False
nssp,"RSV ED visit percentage of total ED visits, all ages",2023-2024,Oklahoma,extended_sep_apr,Extended Sep-Apr,546,3156,0.142879443956044,0.14079159722535528,0.06820133877886818,0.14664933532375096,0.10373169608719482,0.14015994567000006,0.11124850931445605,0.08778596087385362,54.62541133455211,0.185,piecewise_linear,6,210,244,244,uniform,False
nssp,"RSV ED visit percentage of total ED visits, all ages",2023-2024,Oklahoma,late_oct_apr,Late Oct-Apr,546,3036,0.13271460879120878,0.12798486236202095,0.0,0.14539501476740904,0.09411891041721353,0.13421727594694996,0.0829651506849315,0.0786359089242821,54.625411334552105,0.185,piecewise_linear,6,210,244,244,uniform,False
nssp,"RSV ED visit percentage of total ED visits, all ages",2023-2024,Oregon,baseline_oct_mar,Baseline Oct-Mar,546,2916,0.12254977362637363,0.1297298358048835,0.0,0.14543023197507693,0.08900443434950478,0.13587259621607115,0.07446462295081967,0.07130653797842243,39.61446069469836,0.185,piecewise_linear,6,210,244,244,uniform,False
nssp,"RSV ED visit percentage of total ED visits, all ages",2023-2024,Oregon,early_sep_mar,Early Sep-Mar,546,3036,0.13271460879120878,0.13771787874074454,0.0,0.14621327458458674,0.09759800437771886,0.13936864895385945,0.09613422222222222,0.08045658992799397,39.61446069469836,0.185,piecewise_linear,6,210,244,244,uniform,False
nssp,"RSV ED visit percentage of total ED visits, all ages",2023-2024,Oregon,extended_sep_apr,Extended Sep-Apr,546,3156,0.142879443956044,0.1391864528003359,0.06948144087172796,0.14621327458458674,0.10340583054961763,0.1398246344443779,0.11124850931445605,0.08778596087385362,39.61446069469835,0.185,piecewise_linear,6,210,244,244,uniform,False
nssp,"RSV ED visit percentage of total ED visits, all ages",2023-2024,Oregon,late_oct_apr,Late Oct-Apr,546,3036,0.13271460879120878,0.1319633638650247,0.0,0.14543023197507693,0.09481226052140354,0.13632858170658954,0.0829651506849315,0.0786359089242821,39.61446069469836,0.185,piecewise_linear,6,210,244,244,uniform,False
nssp,"RSV ED visit percentage of total ED visits, all ages",2023-2024,Pennsylvania,baseline_oct_mar,Baseline Oct-Mar,546,2916,0.12254977362637363,0.12011617294552056,0.0,0.14518496738288042,0.08872655006178339,0.13247594323517542,0.07446462295081967,0.07130653797842243,38.788683729433274,0.185,piecewise_linear,6,210,244,244,uniform,False
nssp,"RSV ED visit percentage of total ED visits, all ages",2023-2024,Pennsylvania,early_sep_mar,Early Sep-Mar,546,3036,0.13271460879120878,0.14150956384941968,0.0,0.14703502576360683,0.0993311830214397,0.1401795362635305,0.09613422222222222,0.08045658992799397,38.788683729433274,0.185,piecewise_linear,6,210,244,244,uniform,False
nssp,"RSV ED visit percentage of total ED visits, all ages",2023-2024,Pennsylvania,extended_sep_apr,Extended Sep-Apr,546,3156,0.142879443956044,0.14207287660791815,0.0740121978021978,0.14703502576360683,0.1055359708321115,0.14039070770415799,0.11124850931445605,0.08778596087385362,38.788683729433274,0.185,piecewise_linear,6,210,244,244,uniform,False
nssp,"RSV ED visit percentage of total ED visits, all ages",2023-2024,Pennsylvania,late_oct_apr,Late Oct-Apr,546,3036,0.13271460879120878,0.12503986720886473,0.0,0.1453139537938697,0.09493133787245518,0.13268711467580288,0.0829651506849315,0.0786359089242821,38.788683729433274,0.185,piecewise_linear,6,210,244,244,uniform,False
nssp,"RSV ED visit percentage of total ED visits, all ages",2023-2024,Rhode Island,baseline_oct_mar,Baseline Oct-Mar,546,2916,0.12254977362637363,0.11419133411144411,0.0,0.14325411731276638,0.08464684545545442,0.1286015308035926,0.07446462295081967,0.07130653797842243,36.59822669104205,0.185,piecewise_linear,6,210,244,244,uniform,False
nssp,"RSV ED visit percentage of total ED visits, all ages",2023-2024,Rhode Island,early_sep_mar,Early Sep-Mar,546,3036,0.13271460879120878,0.13768111328867835,0.0,0.14635921458493742,0.09565226431219102,0.13901598550889935,0.09613422222222222,0.08045658992799397,36.59822669104206,0.185,piecewise_linear,6,210,244,244,uniform,False
nssp,"RSV ED visit percentage of total ED visits, all ages",2023-2024,Rhode Island,extended_sep_apr,Extended Sep-Apr,546,3156,0.142879443956044,0.13875027690478825,0.06426130690860864,0.14644256101573191,0.1019064587896432,0.13918671641980337,0.11124850931445605,0.08778596087385362,36.59822669104205,0.185,piecewise_linear,6,210,244,244,uniform,False
nssp,"RSV ED visit percentage of total ED visits, all ages",2023-2024,Rhode Island,late_oct_apr,Late Oct-Apr,546,3036,0.13271460879120878,0.11855961043436843,0.0,0.14387565940054495,0.09090103993290657,0.12877226171449657,0.0829651506849315,0.0786359089242821,36.59822669104206,0.185,piecewise_linear,6,210,244,244,uniform,False
nssp,"RSV ED visit percentage of total ED visits, all ages",2023-2024,South Carolina,baseline_oct_mar,Baseline Oct-Mar,546,2916,0.12254977362637363,0.09905856659867912,0.0,0.13233456983158207,0.07794920036792281,0.10852542954506705,0.07446462295081967,0.07130653797842243,43.38508226691042,0.185,piecewise_linear,6,210,244,244,uniform,False
nssp,"RSV ED visit percentage of total ED visits, all ages",2023-2024,South Carolina,early_sep_mar,Early Sep-Mar,546,3036,0.13271460879120878,0.12493950637998365,0.0,0.14406150629998069,0.09343896557996605,0.13129767213806603,0.09613422222222222,0.08045658992799397,43.38508226691042,0.185,piecewise_linear,6,210,244,244,uniform,False
nssp,"RSV ED visit percentage of total ED visits, all ages",2023-2024,South Carolina,extended_sep_apr,Extended Sep-Apr,546,3156,0.142879443956044,0.12714111993837862,0.07596207483397105,0.1443231211290241,0.0997969039232833,0.1315656206848811,0.11124850931445605,0.08778596087385362,43.38508226691042,0.185,piecewise_linear,6,210,244,244,uniform,False
nssp,"RSV ED visit percentage of total ED visits, all ages",2023-2024,South Carolina,late_oct_apr,Late Oct-Apr,546,3036,0.13271460879120878,0.10439564109265888,0.0,0.13484240256815735,0.08430713871124006,0.10879337809188211,0.0829651506849315,0.0786359089242821,43.385082266910416,0.185,piecewise_linear,6,210,244,244,uniform,False
nssp,"RSV ED visit percentage of total ED visits, all ages",2023-2024,South Dakota,baseline_oct_mar,Baseline Oct-Mar,546,2916,0.12254977362637363,0.13804140265585477,0.0,0.1464244993455898,0.09218130022689967,0.13884326631048072,0.07446462295081967,0.07130653797842243,59.93996343692871,0.185,piecewise_linear,6,210,244,244,uniform,False
nssp,"RSV ED visit percentage of total ED visits, all ages",2023-2024,South Dakota,early_sep_mar,Early Sep-Mar,546,3036,0.13271460879120878,0.1400099401863073,0.0,0.14677912118359832,0.10007519016827714,0.13883317038417184,0.09613422222222222,0.08045658992799397,59.9399634369287,0.185,piecewise_linear,6,210,244,244,uniform,False
nssp,"RSV ED visit percentage of total ED visits, all ages",2023-2024,South Dakota,extended_sep_apr,Extended Sep-Apr,546,3156,0.142879443956044,0.14056555852419356,0.07293522763325057,0.14677912118359832,0.10553749778019635,0.13992607845872065,0.11124850931445605,0.08778596087385362,59.93996343692871,0.185,piecewise_linear,6,210,244,244,uniform,False
nssp,"RSV ED visit percentage of total ED visits, all ages",2023-2024,South Dakota,late_oct_apr,Late Oct-Apr,546,3036,0.13271460879120878,0.13856956300990678,0.0,0.1464244993455898,0.09764360783881888,0.13993617438502956,0.0829651506849315,0.0786359089242821,59.93996343692869,0.185,piecewise_linear,6,210,244,244,uniform,False
nssp,"RSV ED visit percentage of total ED visits, all ages",2023-2024,Tennessee,baseline_oct_mar,Baseline Oct-Mar,546,2916,0.12254977362637363,0.10370681673963067,0.0,0.1336686132863699,0.07977062859229722,0.11205609689876518,0.07446462295081967,0.07130653797842243,60.541627056672766,0.185,piecewise_linear,6,210,244,244,uniform,False
nssp,"RSV ED visit percentage of total ED visits, all ages",2023-2024,Tennessee,early_sep_mar,Early Sep-Mar,546,3036,0.13271460879120878,0.1276260779627167,0.0,0.14467065412175262,0.09458083817025274,0.13243133789321995,0.09613422222222222,0.08045658992799397,60.541627056672766,0.185,piecewise_linear,6,210,244,244,uniform,False
nssp,"RSV ED visit percentage of total ED visits, all ages",2023-2024,Tennessee,extended_sep_apr,Extended Sep-Apr,546,3156,0.142879443956044,0.12971398801553688,0.08074803266396523,0.1450418303866676,0.10118594998298285,0.13284008869234812,0.11124850931445605,0.08778596087385362,60.541627056672766,0.185,piecewise_linear,6,210,244,244,uniform,False
nssp,"RSV ED visit percentage of total ED visits, all ages",2023-2024,Tennessee,late_oct_apr,Late Oct-Apr,546,3036,0.13271460879120878,0.10975463524206415,0.0,0.13577513489094328,0.08637574040502734,0.1124648476978933,0.0829651506849315,0.0786359089242821,60.541627056672766,0.185,piecewise_linear,6,210,244,244,uniform,False
nssp,"RSV ED visit percentage of total ED visits, all ages",2023-2024,Texas,baseline_oct_mar,Baseline Oct-Mar,546,2916,0.12254977362637363,0.10054187496503496,0.0,0.13334941509412263,0.07889939377815801,0.10960734990786918,0.07446462295081967,0.07130653797842243,57.34054844606948,0.185,piecewise_linear,6,210,244,244,uniform,False
nssp,"RSV ED visit percentage of total ED visits, all ages",2023-2024,Texas,early_sep_mar,Early Sep-Mar,546,3036,0.13271460879120878,0.12453436879073203,0.0,0.14288095725070038,0.09357567640514286,0.13076874624276816,0.09613422222222222,0.08045658992799397,57.34054844606947,0.185,piecewise_linear,6,210,244,244,uniform,False
nssp,"RSV ED visit percentage of total ED visits, all ages",2023-2024,Texas,extended_sep_apr,Extended Sep-Apr,546,3156,0.142879443956044,0.1277592660891521,0.08345999461258741,0.14390516777728488,0.10039911080443352,0.1311690601534612,0.11124850931445605,0.08778596087385362,57.34054844606948,0.185,piecewise_linear,6,210,244,244,uniform,False
nssp,"RSV ED visit percentage of total ED visits, all ages",2023-2024,Texas,late_oct_apr,Late Oct-Apr,546,3036,0.13271460879120878,0.10986649130240186,0.0,0.1357984366620584,0.08572282817744865,0.11000766381856225,0.0829651506849315,0.0786359089242821,57.34054844606948,0.185,piecewise_linear,6,210,244,244,uniform,False
nssp,"RSV ED visit percentage of total ED visits, all ages",2023-2024,Utah,baseline_oct_mar,Baseline Oct-Mar,546,2916,0.12254977362637363,0.1325765591069311,0.0,0.14597916325155375,0.09040291854342752,0.1386238959117712,0.07446462295081967,0.07130653797842243,56.83371115173675,0.185,piecewise_linear,6,210,244,244,uniform,False
nssp,"RSV ED visit percentage of total ED visits, all ages",2023-2024,Utah,early_sep_mar,Early Sep-Mar,546,3036,0.13271460879120878,0.1368895025347011,0.0,0.14615400251258515,0.09744669014908024,0.1398745981634197,0.09613422222222222,0.08045658992799397,56.83371115173675,0.185,piecewise_linear,6,210,244,244,uniform,False
nssp,"RSV ED visit percentage of total ED visits, all ages",2023-2024,Utah,extended_sep_apr,Extended Sep-Apr,546,3156,0.142879443956044,0.139903602858235,0.06625378391965785,0.14620271509445779,0.10292509428799163,0.14019308604938682,0.11124850931445605,0.08778596087385362,56.83371115173675,0.185,piecewise_linear,6,210,244,244,uniform,False
nssp,"RSV ED visit percentage of total ED visits, all ages",2023-2024,Utah,late_oct_apr,Late Oct-Apr,546,3036,0.13271460879120878,0.13548935550126262,0.0,0.14599817397318232,0.0958813226823389,0.13894238379773838,0.0829651506849315,0.0786359089242821,56.83371115173674,0.185,piecewise_linear,6,210,244,244,uniform,False
nssp,"RSV ED visit percentage of total ED visits, all ages",2023-2024,Vermont,baseline_oct_mar,Baseline Oct-Mar,546,2916,0.12254977362637363,0.14031091756947983,0.0,0.1476752363448361,0.0908659885939593,0.1400784561792058,0.07446462295081967,0.07130653797842243,63.979195612431454,0.185,piecewise_linear,6,210,244,244,uniform,False
nssp,"RSV ED visit percentage of total ED visits, all ages",2023-2024,Vermont,early_sep_mar,Early Sep-Mar,546,3036,0.13271460879120878,0.14422418746485302,0.0,0.14770596298423647,0.09913497000408884,0.1410198177645974,0.09613422222222222,0.08045658992799397,63.97919561243145,0.185,piecewise_linear,6,210,244,244,uniform,False
nssp,"RSV ED visit percentage of total ED visits, all ages",2023-2024,Vermont,extended_sep_apr,Extended Sep-Apr,546,3156,0.142879443956044,0.14431156566504463,0.06123107364827203,0.1477060329780593,0.10478611876477427,0.14139421753902037,0.11124850931445605,0.08778596087385362,63.979195612431454,0.185,piecewise_linear,6,210,244,244,uniform,False
nssp,"RSV ED visit percentage of total ED visits, all ages",2023-2024,Vermont,late_oct_apr,Late Oct-Apr,546,3036,0.13271460879120878,0.14115434323740153,0.0,0.14768149094025407,0.09651713735464469,0.14045285595362877,0.0829651506849315,0.0786359089242821,63.97919561243144,0.185,piecewise_linear,6,210,244,244,uniform,False
nssp,"RSV ED visit percentage of total ED visits, all ages",2023-2024,Virginia,baseline_oct_mar,Baseline Oct-Mar,546,2916,0.12254977362637363,0.10273433774580938,0.0,0.13598370293535997,0.07985582169917586,0.11385184847108831,0.07446462295081967,0.07130653797842243,39.86674588665447,0.185,piecewise_linear,6,210,244,244,uniform,False
nssp,"RSV ED visit percentage of total ED visits, all ages",2023-2024,Virginia,early_sep_mar,Early Sep-Mar,546,3036,0.13271460879120878,0.1281324178556869,0.0,0.14474402433265424,0.09431391508439227,0.13362274565543447,0.09613422222222222,0.08045658992799397,39.866745886654485,0.185,piecewise_linear,6,210,244,244,uniform,False
nssp,"RSV ED visit percentage of total ED visits, all ages",2023-2024,Virginia,extended_sep_apr,Extended Sep-Apr,546,3156,0.142879443956044,0.12995716934202162,0.07457159840159838,0.14495968711360224,0.10080798279070644,0.1338881650748397,0.11124850931445605,0.08778596087385362,39.86674588665447,0.185,piecewise_linear,6,210,244,244,uniform,False
nssp,"RSV ED visit percentage of total ED visits, all ages",2023-2024,Virginia,late_oct_apr,Late Oct-Apr,546,3036,0.13271460879120878,0.1086948229842349,0.0,0.13796148872805516,0.08634988940548999,0.11411726789049344,0.0829651506849315,0.0786359089242821,39.866745886654485,0.185,piecewise_linear,6,210,244,244,uniform,False
nssp,"RSV ED visit percentage of total ED visits, all ages",2023-2024,Washington,baseline_oct_mar,Baseline Oct-Mar,546,2916,0.12254977362637363,0.12769568684498256,0.0,0.14620955054201734,0.08860478630945998,0.13619031630551168,0.07446462295081967,0.07130653797842243,51.35950639853748,0.185,piecewise_linear,6,210,244,244,uniform,False
nssp,"RSV ED visit percentage of total ED visits, all ages",2023-2024,Washington,early_sep_mar,Early Sep-Mar,546,3036,0.13271460879120878,0.14032400575521778,0.0,0.14692092493233433,0.09747847359520646,0.14030805866598692,0.09613422222222222,0.08045658992799397,51.35950639853748,0.185,piecewise_linear,6,210,244,244,uniform,False
nssp,"RSV ED visit percentage of total ED visits, all ages",2023-2024,Washington,extended_sep_apr,Extended Sep-Apr,546,3156,0.142879443956044,0.14188283776675908,0.06822662391999217,0.14692092493233433,0.10334736856450895,0.1406130589785977,0.11124850931445605,0.08778596087385362,51.359506398537484,0.185,piecewise_linear,6,210,244,244,uniform,False
nssp,"RSV ED visit percentage of total ED visits, all ages",2023-2024,Washington,late_oct_apr,Late Oct-Apr,546,3036,0.13271460879120878,0.13213386108587738,0.0,0.14620987095062976,0.09447368127876246,0.13649531661812245,0.0829651506849315,0.0786359089242821,51.35950639853748,0.185,piecewise_linear,6,210,244,244,uniform,False
nssp,"RSV ED visit percentage of total ED visits, all ages",2023-2024,West Virginia,baseline_oct_mar,Baseline Oct-Mar,546,2916,0.12254977362637363,0.13102199231382441,0.0,0.14584074372311445,0.08858787337619531,0.13670508873288675,0.07446462295081967,0.07130653797842243,89.99893967093236,0.185,piecewise_linear,6,210,244,244,uniform,False
nssp,"RSV ED visit percentage of total ED visits, all ages",2023-2024,West Virginia,early_sep_mar,Early Sep-Mar,546,3036,0.13271460879120878,0.13980997632106748,0.0,0.14669897167519974,0.09689460078050771,0.14018686388775195,0.09613422222222222,0.08045658992799397,89.99893967093237,0.185,piecewise_linear,6,210,244,244,uniform,False
nssp,"RSV ED visit percentage of total ED visits, all ages",2023-2024,West Virginia,extended_sep_apr,Extended Sep-Apr,546,3156,0.142879443956044,0.14193618997470103,0.06458057354099568,0.14675602807362045,0.10299305779154423,0.1404801467729977,0.11124850931445605,0.08778596087385362,89.99893967093236,0.185,piecewise_linear,6,210,244,244,uniform,False
nssp,"RSV ED visit percentage of total ED visits, all ages",2023-2024,West Virginia,late_oct_apr,Late Oct-Apr,546,3036,0.13271460879120878,0.1342930863602417,0.0,0.1461031220799208,0.09468633038723183,0.13699837161813247,0.0829651506849315,0.0786359089242821,89.99893967093237,0.185,piecewise_linear,6,210,244,244,uniform,False
nssp,"RSV ED visit percentage of total ED visits, all ages",2023-2024,Wisconsin,baseline_oct_mar,Baseline Oct-Mar,546,2916,0.12254977362637363,0.13390578937272204,0.0,0.1462666201953376,0.08987808188852928,0.13786246969704047,0.07446462295081967,0.07130653797842243,51.8355575868373,0.185,piecewise_linear,6,210,244,244,uniform,False
nssp,"RSV ED visit percentage of total ED visits, all ages",2023-2024,Wisconsin,early_sep_mar,Early Sep-Mar,546,3036,0.13271460879120878,0.14053259719065303,0.0,0.1467676625983658,0.09807135866242467,0.14007374749247875,0.09613422222222222,0.08045658992799397,51.8355575868373,0.185,piecewise_linear,6,210,244,244,uniform,False
nssp,"RSV ED visit percentage of total ED visits, all ages",2023-2024,Wisconsin,extended_sep_apr,Extended Sep-Apr,546,3156,0.142879443956044,0.14079068586049348,0.06821699338942308,0.1467676625983658,0.10376546749376829,0.14051137730368596,0.11124850931445605,0.08778596087385362,51.835557586837304,0.185,piecewise_linear,6,210,244,244,uniform,False
nssp,"RSV ED visit percentage of total ED visits, all ages",2023-2024,Wisconsin,late_oct_apr,Late Oct-Apr,546,3036,0.13271460879120878,0.13488293676936125,0.0,0.1462666201953376,0.0955721907198729,0.13830009950824773,0.0829651506849315,0.0786359089242821,51.8355575868373,0.185,piecewise_linear,6,210,244,244,uniform,False
nssp,"RSV ED visit percentage of total ED visits, all ages",2023-2024,Wyoming,baseline_oct_mar,Baseline Oct-Mar,546,2916,0.12254977362637363,0.13531995873896013,0.0,0.14483208218271793,0.0941509305181876,0.1362076908487954,0.07446462295081967,0.07130653797842243,51.86367458866545,0.185,piecewise_linear,6,210,244,244,uniform,False
nssp,"RSV ED visit percentage of total ED visits, all ages",2023-2024,Wyoming,early_sep_mar,Early Sep-Mar,546,3036,0.13271460879120878,0.1402712428109676,0.0,0.14599842121922327,0.1027982959073831,0.1376391468548926,0.09613422222222222,0.08045658992799397,51.86367458866545,0.185,piecewise_linear,6,210,244,244,uniform,False
nssp,"RSV ED visit percentage of total ED visits, all ages",2023-2024,Wyoming,extended_sep_apr,Extended Sep-Apr,546,3156,0.142879443956044,0.14087901910082706,0.09648165816730438,0.1463844215018959,0.10950681216428909,0.13900881269334414,0.11124850931445605,0.08778596087385362,51.86367458866545,0.185,piecewise_linear,6,210,244,244,uniform,False
nssp,"RSV ED visit percentage of total ED visits, all ages",2023-2024,Wyoming,late_oct_apr,Late Oct-Apr,546,3036,0.13271460879120878,0.1365827744921043,0.0,0.14495101484809658,0.10085944677509362,0.13757735668724694,0.0829651506849315,0.0786359089242821,51.863674588665454,0.185,piecewise_linear,6,210,244,244,uniform,False
nssp,"RSV ED visit percentage of total ED visits, all ages",2024-2025,Alabama,baseline_oct_mar,Baseline Oct-Mar,544,2904,0.12266025073529407,0.11811109083663125,0.0,0.14231757766057337,0.0860975584426686,0.1261527432085709,0.07446462295081967,0.07134931743647252,52.36078754578755,0.185,piecewise_linear,6,210,244,244,uniform,False
nssp,"RSV ED visit percentage of total ED visits, all ages",2024-2025,Alabama,early_sep_mar,Early Sep-Mar,544,3024,0.132862456617647,0.13280909476238048,0.0,0.14490607710912423,0.09692414883693566,0.13578672087486102,0.09613422222222222,0.0805330092829175,52.360787545787545,0.185,piecewise_linear,6,210,244,244,uniform,False
nssp,"RSV ED visit percentage of total ED visits, all ages",2024-2025,Alabama,extended_sep_apr,Extended Sep-Apr,544,3144,0.1430646625,0.13414630531658778,0.08804475234980073,0.14512511439559522,0.10386963159776896,0.1366424388441217,0.11124850931445605,0.08788014716015748,52.360787545787545,0.185,piecewise_linear,6,210,244,244,uniform,False
nssp,"RSV ED visit percentage of total ED visits, all ages",2024-2025,Alabama,late_oct_apr,Late Oct-Apr,544,3024,0.13286245661764703,0.1229355790560151,0.0,0.1430504221093372,0.09304304120350189,0.12700846117783154,0.0829651506849315,0.07869645531371251,52.36078754578755,0.185,piecewise_linear,6,210,244,244,uniform,False
nssp,"RSV ED visit percentage of total ED visits, all ages",2024-2025,Alaska,baseline_oct_mar,Baseline Oct-Mar,544,2904,0.12266025073529407,0.12885550219270306,0.0,0.14451063283101828,0.08963005406257689,0.13557700792398997,0.07446462295081967,0.07134931743647252,63.78769230769231,0.185,piecewise_linear,6,210,244,244,uniform,False
nssp,"RSV ED visit percentage of total ED visits, all ages",2024-2025,Alaska,early_sep_mar,Early Sep-Mar,544,3024,0.132862456617647,0.1337571985947204,0.0,0.14508413928718572,0.09688230130227593,0.13818715124825026,0.09613422222222222,0.0805330092829175,63.7876923076923,0.185,piecewise_linear,6,210,244,244,uniform,False
nssp,"RSV ED visit percentage of total ED visits, all ages",2024-2025,Alaska,extended_sep_apr,Extended Sep-Apr,544,3144,0.1430646625,0.13743039775185445,0.07437700449550448,0.14512218278178146,0.10264269573726634,0.13864142526754772,0.11124850931445605,0.08788014716015748,63.7876923076923,0.185,piecewise_linear,6,210,244,244,uniform,False
nssp,"RSV ED visit percentage of total ED visits, all ages",2024-2025,Alaska,late_oct_apr,Late Oct-Apr,544,3024,0.13286245661764703,0.13028277638420474,0.0,0.14453609500582254,0.0953904484975673,0.13603128194328748,0.0829651506849315,0.07869645531371251,63.78769230769231,0.185,piecewise_linear,6,210,244,244,uniform,False
nssp,"RSV ED visit percentage of total ED visits, all ages",2024-2025,Arizona,baseline_oct_mar,Baseline Oct-Mar,544,2904,0.12266025073529407,0.13256955819147026,0.0,0.14637049373082212,0.08993108438740681,0.13916304953169037,0.07446462295081967,0.07134931743647252,26.348736263736264,0.185,piecewise_linear,6,210,244,244,uniform,False
nssp,"RSV ED visit percentage of total ED visits, all ages",2024-2025,Arizona,early_sep_mar,Early Sep-Mar,544,3024,0.132862456617647,0.13945236161948882,0.0,0.14587567010540833,0.0957033835523134,0.13940800187950123,0.09613422222222222,0.0805330092829175,26.348736263736264,0.185,piecewise_linear,6,210,244,244,uniform,False
nssp,"RSV ED visit percentage of total ED visits, all ages",2024-2025,Arizona,extended_sep_apr,Extended Sep-Apr,544,3144,0.1430646625,0.1402897833206398,0.058189514297443436,0.14587567010540833,0.10115447601470906,0.1399738422366666,0.11124850931445605,0.08788014716015748,26.348736263736264,0.185,piecewise_linear,6,210,244,244,uniform,False
nssp,"RSV ED visit percentage of total ED visits, all ages",2024-2025,Arizona,late_oct_apr,Late Oct-Apr,544,3024,0.13286245661764703,0.13590425693893737,0.0,0.14637049373082212,0.09538217684980248,0.13972888988885573,0.0829651506849315,0.07869645531371251,26.348736263736264,0.185,piecewise_linear,6,210,244,244,uniform,False
nssp,"RSV ED visit percentage of total ED visits, all ages",2024-2025,Arkansas,baseline_oct_mar,Baseline Oct-Mar,544,2904,0.12266025073529407,0.13121829086479136,0.0,0.1452559625320579,0.08912747877221246,0.13626315153476598,0.07446462295081967,0.07134931743647252,59.9021978021978,0.185,piecewise_linear,6,210,244,244,uniform,False
nssp,"RSV ED visit percentage of total ED visits, all ages",2024-2025,Arkansas,early_sep_mar,Early Sep-Mar,544,3024,0.132862456617647,0.13511968618615816,0.0,0.1457595682653496,0.09646260500566188,0.13872342203181132,0.09613422222222222,0.0805330092829175,59.902197802197804,0.185,piecewise_linear,6,210,244,244,uniform,False
nssp,"RSV ED visit percentage of total ED visits, all ages",2024-2025,Arkansas,extended_sep_apr,Extended Sep-Apr,544,3144,0.1430646625,0.13890803395427714,0.07413707130973475,0.14584730356004985,0.10293339081408961,0.13928407435480006,0.11124850931445605,0.08788014716015748,59.902197802197804,0.185,piecewise_linear,6,210,244,244,uniform,False
nssp,"RSV ED visit percentage of total ED visits, all ages",2024-2025,Arkansas,late_oct_apr,Late Oct-Apr,544,3024,0.13286245661764703,0.1331154931523655,0.0,0.1453878306288806,0.09559826458064018,0.13682380385775464,0.0829651506849315,0.07869645531371251,59.90219780219782,0.185,piecewise_linear,6,210,244,244,uniform,False
nssp,"RSV ED visit percentage of total ED visits, all ages",2024-2025,California,baseline_oct_mar,Baseline Oct-Mar,544,2904,0.12266025073529407,0.13196032731416732,0.0,0.14583423415641125,0.09011113309032466,0.1373371111962291,0.07446462295081967,0.07134931743647252,26.697435897435895,0.185,piecewise_linear,6,210,244,244,uniform,False
nssp,"RSV ED visit percentage of total ED visits, all ages",2024-2025,California,early_sep_mar,Early Sep-Mar,544,3024,0.132862456617647,0.1364791744702184,0.0,0.14557209038929117,0.09736730794567162,0.13892345196742045,0.09613422222222222,0.0805330092829175,26.697435897435902,0.185,piecewise_linear,6,210,244,244,uniform,False
nssp,"RSV ED visit percentage of total ED visits, all ages",2024-2025,California,extended_sep_apr,Extended Sep-Apr,544,3144,0.1430646625,0.14048265179542588,0.06921045374370853,0.1455722509699603,0.10320363531714107,0.13959356265455794,0.11124850931445605,0.08788014716015748,26.697435897435902,0.185,piecewise_linear,6,210,244,244,uniform,False
nssp,"RSV ED visit percentage of total ED visits, all ages",2024-2025,California,late_oct_apr,Late Oct-Apr,544,3024,0.13286245661764703,0.13424808264081808,0.0,0.1458599289669639,0.09594746046179407,0.1380072218833666,0.0829651506849315,0.07869645531371251,26.6974358974359,0.185,piecewise_linear,6,210,244,244,uniform,False
nssp,"RSV ED visit percentage of total ED visits, all ages",2024-2025,Colorado,baseline_oct_mar,Baseline Oct-Mar,544,2904,0.12266025073529407,0.13538095937960634,0.0,0.14635321800335646,0.09137554016948228,0.139293821919459,0.07446462295081967,0.07134931743647252,39.12282051282051,0.185,piecewise_linear,6,210,244,244,uniform,False
nssp,"RSV ED visit percentage of total ED visits, all ages",2024-2025,Colorado,early_sep_mar,Early Sep-Mar,544,3024,0.132862456617647,0.1383225615626499,0.0,0.14601602048038498,0.09747808044923097,0.13903674062369833,0.09613422222222222,0.0805330092829175,39.12282051282052,0.185,piecewise_linear,6,210,244,244,uniform,False
nssp,"RSV ED visit percentage of total ED visits, all ages",2024-2025,Colorado,extended_sep_apr,Extended Sep-Apr,544,3144,0.1430646625,0.13946266283341968,0.06758300997274332,0.14601949695621966,0.10296919532654253,0.13993285425341467,0.11124850931445605,0.08788014716015748,39.12282051282052,0.185,piecewise_linear,6,210,244,244,uniform,False
nssp,"RSV ED visit percentage of total ED visits, all ages",2024-2025,Colorado,late_oct_apr,Late Oct-Apr,544,3024,0.13286245661764703,0.13857238744975958,0.0,0.14635321800335646,0.09686665504679386,0.14018993554917533,0.0829651506849315,0.07869645531371251,39.12282051282051,0.185,piecewise_linear,6,210,244,244,uniform,False
nssp,"RSV ED visit percentage of total ED visits, all ages",2024-2025,Connecticut,baseline_oct_mar,Baseline Oct-Mar,544,2904,0.12266025073529407,0.13189197143669792,0.0,0.14535087050339882,0.08916391308363046,0.13643800325894265,0.07446462295081967,0.07134931743647252,28.325,0.185,piecewise_linear,6,210,244,244,uniform,False
nssp,"RSV ED visit percentage of total ED visits, all ages",2024-2025,Connecticut,early_sep_mar,Early Sep-Mar,544,3024,0.132862456617647,0.13972476257844718,0.0,0.14668650128940827,0.09776983040154387,0.13968202088314466,0.09613422222222222,0.0805330092829175,28.325000000000003,0.185,piecewise_linear,6,210,244,244,uniform,False
nssp,"RSV ED visit percentage of total ED visits, all ages",2024-2025,Connecticut,extended_sep_apr,Extended Sep-Apr,544,3144,0.1430646625,0.14005027556911176,0.07320542896868416,0.14670322891131013,0.10403438295979806,0.1401501167542593,0.11124850931445605,0.08788014716015748,28.325000000000003,0.185,piecewise_linear,6,210,244,244,uniform,False
nssp,"RSV ED visit percentage of total ED visits, all ages",2024-2025,Connecticut,late_oct_apr,Late Oct-Apr,544,3024,0.13286245661764703,0.1339851006212167,0.0,0.14546465590203253,0.09542846564188466,0.1369060991300573,0.0829651506849315,0.07869645531371251,28.325,0.185,piecewise_linear,6,210,244,244,uniform,False
nssp,"RSV ED visit percentage of total ED visits, all ages",2024-2025,Delaware,baseline_oct_mar,Baseline Oct-Mar,544,2904,0.12266025073529407,0.12988320892372787,0.0,0.14510100006356808,0.08874287028249908,0.13531455732397982,0.07446462295081967,0.07134931743647252,67.64347985347986,0.185,piecewise_linear,6,210,244,244,uniform,False
nssp,"RSV ED visit percentage of total ED visits, all ages",2024-2025,Delaware,early_sep_mar,Early Sep-Mar,544,3024,0.132862456617647,0.13705803168985678,0.0,0.1461162867142623,0.09706737301080486,0.13910687805832883,0.09613422222222222,0.0805330092829175,67.64347985347986,0.185,piecewise_linear,6,210,244,244,uniform,False
nssp,"RSV ED visit percentage of total ED visits, all ages",2024-2025,Delaware,extended_sep_apr,Extended Sep-Apr,544,3144,0.1430646625,0.13906634871757073,0.07207378778755488,0.1461726954916039,0.10326227137799755,0.13955462441869185,0.11124850931445605,0.08788014716015748,67.64347985347985,0.185,piecewise_linear,6,210,244,244,uniform,False
nssp,"RSV ED visit percentage of total ED visits, all ages",2024-2025,Delaware,late_oct_apr,Late Oct-Apr,544,3024,0.13286245661764703,0.13286211936009198,0.0,0.14529501355298952,0.09493776864969178,0.13576230368434286,0.0829651506849315,0.07869645531371251,67.64347985347985,0.185,piecewise_linear,6,210,244,244,uniform,False
nssp,"RSV ED visit percentage of total ED visits, all ages",2024-2025,District of Columbia,baseline_oct_mar,Baseline Oct-Mar,544,2904,0.12266025073529407,0.1278269693926711,0.0,0.14568616873286003,0.0880109005065626,0.13538804140426117,0.07446462295081967,0.07134931743647252,46.61313186813186,0.185,piecewise_linear,6,210,244,244,uniform,False
nssp,"RSV ED visit percentage of total ED visits, all ages",2024-2025,District of Columbia,early_sep_mar,Early Sep-Mar,544,3024,0.132862456617647,0.1378859488396855,0.0,0.1461782243949707,0.09605919101898079,0.13951087057056302,0.09613422222222222,0.0805330092829175,46.613131868131866,0.185,piecewise_linear,6,210,244,244,uniform,False
nssp,"RSV ED visit percentage of total ED visits, all ages",2024-2025,District of Columbia,extended_sep_apr,Extended Sep-Apr,544,3144,0.1430646625,0.1392977419065233,0.06690067515455557,0.1462296581398701,0.1024567364099242,0.1398014143611419,0.11124850931445605,0.08788014716015748,46.613131868131866,0.185,piecewise_linear,6,210,244,244,uniform,False
nssp,"RSV ED visit percentage of total ED visits, all ages",2024-2025,District of Columbia,late_oct_apr,Late Oct-Apr,544,3024,0.13286245661764703,0.13222282422486728,0.0,0.14581561204139687,0.09440844589750598,0.13567858519484002,0.0829651506849315,0.07869645531371251,46.613131868131866,0.185,piecewise_linear,6,210,244,244,uniform,False
nssp,"RSV ED visit percentage of total ED visits, all ages",2024-2025,Florida,baseline_oct_mar,Baseline Oct-Mar,544,2904,0.12266025073529407,0.10669922115235195,0.0,0.1333147483237351,0.08130834643412102,0.11415099881958209,0.07446462295081967,0.07134931743647252,41.366611721611726,0.185,piecewise_linear,6,210,244,244,uniform,False
nssp,"RSV ED visit percentage of total ED visits, all ages",2024-2025,Florida,early_sep_mar,Early Sep-Mar,544,3024,0.132862456617647,0.12432024691156213,0.0,0.14188820226926957,0.09399178037550324,0.1287760185619012,0.09613422222222222,0.0805330092829175,41.36661172161172,0.185,piecewise_linear,6,210,244,244,uniform,False
nssp,"RSV ED visit percentage of total ED visits, all ages",2024-2025,Florida,extended_sep_apr,Extended Sep-Apr,544,3144,0.1430646625,0.12621788139165108,0.09401708865085119,0.14256989629045658,0.10090409871550414,0.12988071954437722,0.11124850931445605,0.08788014716015748,41.366611721611726,0.185,piecewise_linear,6,210,244,244,uniform,False
nssp,"RSV ED visit percentage of total ED visits, all ages",2024-2025,Florida,late_oct_apr,Late Oct-Apr,544,3024,0.13286245661764703,0.11268325962885069,0.0,0.13507515586180177,0.08822066477412191,0.11525569980205812,0.0829651506849315,0.07869645531371251,41.36661172161172,0.185,piecewise_linear,6,210,244,244,uniform,False
nssp,"RSV ED visit percentage of total ED visits, all ages",2024-2025,Georgia,baseline_oct_mar,Baseline Oct-Mar,544,2904,0.12266025073529407,0.11387886495343828,0.0,0.14171322758362345,0.0847218559695891,0.12473527839336179,0.07446462295081967,0.07134931743647252,34.99641025641026,0.185,piecewise_linear,6,210,244,244,uniform,False
nssp,"RSV ED visit percentage of total ED visits, all ages",2024-2025,Georgia,early_sep_mar,Early Sep-Mar,544,3024,0.132862456617647,0.1333404451534695,0.0,0.14552568168364918,0.09656497462478976,0.13672194413782146,0.09613422222222222,0.0805330092829175,34.99641025641026,0.185,piecewise_linear,6,210,244,244,uniform,False
nssp,"RSV ED visit percentage of total ED visits, all ages",2024-2025,Georgia,extended_sep_apr,Extended Sep-Apr,544,3144,0.1430646625,0.13611013575202352,0.07856470619143197,0.145616079578246,0.10301256332360054,0.13717918602692383,0.11124850931445605,0.08788014716015748,34.99641025641026,0.185,piecewise_linear,6,210,244,244,uniform,False
nssp,"RSV ED visit percentage of total ED visits, all ages",2024-2025,Georgia,late_oct_apr,Late Oct-Apr,544,3024,0.13286245661764703,0.11939771632162753,0.0,0.142421102762507,0.09116944466839984,0.12519252028246414,0.0829651506849315,0.07869645531371251,34.99641025641026,0.185,piecewise_linear,6,210,244,244,uniform,False
nssp,"RSV ED visit percentage of total ED visits, all ages",2024-2025,Hawaii,baseline_oct_mar,Baseline Oct-Mar,544,2904,0.12266025073529407,0.11531121849122947,0.0,0.13889271391422647,0.08481883531011968,0.12267899805432475,0.07446462295081967,0.07134931743647252,38.656282051282055,0.185,piecewise_linear,6,210,244,244,uniform,False
nssp,"RSV ED visit percentage of total ED visits, all ages",2024-2025,Hawaii,early_sep_mar,Early Sep-Mar,544,3024,0.132862456617647,0.13167069325289985,0.0,0.143509073691169,0.09692033087470597,0.13340570640028515,0.09613422222222222,0.0805330092829175,38.65628205128205,0.185,piecewise_linear,6,210,244,244,uniform,False
nssp,"RSV ED visit percentage of total ED visits, all ages",2024-2025,Hawaii,extended_sep_apr,Extended Sep-Apr,544,3144,0.1430646625,0.1331404484612434,0.09538445297987642,0.1439615952422869,0.10389055676680173,0.13481495865460585,0.11124850931445605,0.08788014716015748,38.656282051282055,0.185,piecewise_linear,6,210,244,244,uniform,False
nssp,"RSV ED visit percentage of total ED visits, all ages",2024-2025,Hawaii,late_oct_apr,Late Oct-Apr,544,3024,0.13286245661764703,0.11959282067212111,0.0,0.13989563922497456,0.09178906120221542,0.12408825030864551,0.0829651506849315,0.07869645531371251,38.65628205128205,0.185,piecewise_linear,6,210,244,244,uniform,False
nssp,"RSV ED visit percentage of total ED visits, all ages",2024-2025,Idaho,baseline_oct_mar,Baseline Oct-Mar,544,2904,0.12266025073529407,0.1178779862077854,0.0,0.14475198659357216,0.0870016503663755,0.13583763792183465,0.07446462295081967,0.07134931743647252,48.19772893772894,0.185,piecewise_linear,6,210,244,244,uniform,False
nssp,"RSV ED visit percentage of total ED visits, all ages",2024-2025,Idaho,early_sep_mar,Early Sep-Mar,544,3024,0.132862456617647,0.13513512118333584,0.0,0.14490108205881247,0.09459567289176392,0.13746900557414132,0.09613422222222222,0.0805330092829175,48.19772893772894,0.185,piecewise_linear,6,210,244,244,uniform,False
nssp,"RSV ED visit percentage of total ED visits, all ages",2024-2025,Idaho,extended_sep_apr,Extended Sep-Apr,544,3144,0.1430646625,0.13607290336210381,0.059275712567084714,0.14490108205881247,0.09981915816369218,0.13815681092795482,0.11124850931445605,0.08788014716015748,48.19772893772894,0.185,piecewise_linear,6,210,244,244,uniform,False
nssp,"RSV ED visit percentage of total ED visits, all ages",2024-2025,Idaho,late_oct_apr,Late Oct-Apr,544,3024,0.13286245661764703,0.1318730947460747,0.0,0.14475198659357216,0.09222513563830374,0.1365254432756481,0.0829651506849315,0.07869645531371251,48.19772893772894,0.185,piecewise_linear,6,210,244,244,uniform,False
nssp,"RSV ED visit percentage of total ED visits, all ages",2024-2025,Illinois,baseline_oct_mar,Baseline Oct-Mar,544,2904,0.12266025073529407,0.13476004321752014,0.0,0.14639612938013075,0.0902579690969577,0.13798337751656187,0.07446462295081967,0.07134931743647252,50.96747252747253,0.185,piecewise_linear,6,210,244,244,uniform,False
nssp,"RSV ED visit percentage of total ED visits, all ages",2024-2025,Illinois,early_sep_mar,Early Sep-Mar,544,3024,0.132862456617647,0.13912272553455982,0.0,0.1463938674073692,0.09753590438807183,0.13979038515947206,0.09613422222222222,0.0805330092829175,50.96747252747252,0.185,piecewise_linear,6,210,244,244,uniform,False
nssp,"RSV ED visit percentage of total ED visits, all ages",2024-2025,Illinois,extended_sep_apr,Extended Sep-Apr,544,3144,0.1430646625,0.1405253898998729,0.07275324187965984,0.1463938674073692,0.10307643824462047,0.14025193518288084,0.11124850931445605,0.08788014716015748,50.96747252747254,0.185,piecewise_linear,6,210,244,244,uniform,False
nssp,"RSV ED visit percentage of total ED visits, all ages",2024-2025,Illinois,late_oct_apr,Late Oct-Apr,544,3024,0.13286245661764703,0.13700254684767169,0.0,0.14639612938013075,0.09579850295350631,0.1384449275399707,0.0829651506849315,0.07869645531371251,50.96747252747253,0.185,piecewise_linear,6,210,244,244,uniform,False
nssp,"RSV ED visit percentage of total ED visits, all ages",2024-2025,Indiana,baseline_oct_mar,Baseline Oct-Mar,544,2904,0.12266025073529407,0.13869605942385263,0.0,0.14699201784695207,0.09129788011153898,0.13942922996954024,0.07446462295081967,0.07134931743647252,38.680769230769236,0.185,piecewise_linear,6,210,244,244,uniform,False
nssp,"RSV ED visit percentage of total ED visits, all ages",2024-2025,Indiana,early_sep_mar,Early Sep-Mar,544,3024,0.132862456617647,0.1408101797450776,0.0,0.14689546000958936,0.09806412192025107,0.14005769344626295,0.09613422222222222,0.0805330092829175,38.680769230769236,0.185,piecewise_linear,6,210,244,244,uniform,False
nssp,"RSV ED visit percentage of total ED visits, all ages",2024-2025,Indiana,extended_sep_apr,Extended Sep-Apr,544,3144,0.1430646625,0.14148652951245708,0.0711306467486819,0.14690305220443275,0.10357608403968029,0.1405935220885497,0.11124850931445605,0.08788014716015748,38.68076923076923,0.185,piecewise_linear,6,210,244,244,uniform,False
nssp,"RSV ED visit percentage of total ED visits, all ages",2024-2025,Indiana,late_oct_apr,Late Oct-Apr,544,3024,0.13286245661764703,0.13946459676144332,0.0,0.14699944389101458,0.09680984223096821,0.13996505861182695,0.0829651506849315,0.07869645531371251,38.680769230769236,0.185,piecewise_linear,6,210,244,244,uniform,False
nssp,"RSV ED visit percentage of total ED visits, all ages",2024-2025,Iowa,baseline_oct_mar,Baseline Oct-Mar,544,2904,0.12266025073529407,0.13377753438731294,0.0,0.14641203536608643,0.09078486860986565,0.13914441923369927,0.07446462295081967,0.07134931743647252,56.90785714285715,0.185,piecewise_linear,6,210,244,244,uniform,False
nssp,"RSV ED visit percentage of total ED visits, all ages",2024-2025,Iowa,early_sep_mar,Early Sep-Mar,544,3024,0.132862456617647,0.13744324561238713,0.0,0.14578045537885556,0.09609517532833924,0.13901295804533623,0.09613422222222222,0.0805330092829175,56.90785714285715,0.185,piecewise_linear,6,210,244,244,uniform,False
nssp,"RSV ED visit percentage of total ED visits, all ages",2024-2025,Iowa,extended_sep_apr,Extended Sep-Apr,544,3144,0.1430646625,0.13869516836060664,0.06410521990058138,0.14578045537885556,0.10135142280971995,0.1397663285823151,0.11124850931445605,0.08788014716015748,56.90785714285715,0.185,piecewise_linear,6,210,244,244,uniform,False
nssp,"RSV ED visit percentage of total ED visits, all ages",2024-2025,Iowa,late_oct_apr,Late Oct-Apr,544,3024,0.13286245661764703,0.1363387975349986,0.0,0.14641203536608643,0.09604111609124638,0.1398977897706781,0.0829651506849315,0.07869645531371251,56.90785714285714,0.185,piecewise_linear,6,210,244,244,uniform,False
nssp,"RSV ED visit percentage of total ED visits, all ages",2024-2025,Kansas,baseline_oct_mar,Baseline Oct-Mar,544,2904,0.12266025073529407,0.1290340587041233,0.0,0.1452517373009194,0.08921181360010914,0.1376598747264508,0.07446462295081967,0.07134931743647252,40.25371794871795,0.185,piecewise_linear,6,210,244,244,uniform,False
nssp,"RSV ED visit percentage of total ED visits, all ages",2024-2025,Kansas,early_sep_mar,Early Sep-Mar,544,3024,0.132862456617647,0.13713003776837895,0.0,0.14530350887998897,0.09514433431821201,0.13836842330753704,0.09613422222222222,0.0805330092829175,40.25371794871795,0.185,piecewise_linear,6,210,244,244,uniform,False
nssp,"RSV ED visit percentage of total ED visits, all ages",2024-2025,Kansas,extended_sep_apr,Extended Sep-Apr,544,3144,0.1430646625,0.1389448363714223,0.06702476802981763,0.14531785463174451,0.10047842529959568,0.13902497756477675,0.11124850931445605,0.08788014716015748,40.25371794871795,0.185,piecewise_linear,6,210,244,244,uniform,False
nssp,"RSV ED visit percentage of total ED visits, all ages",2024-2025,Kansas,late_oct_apr,Late Oct-Apr,544,3024,0.13286245661764703,0.13405958280456745,0.0,0.14526380593845453,0.09454590458149278,0.13831642898369054,0.0829651506849315,0.07869645531371251,40.25371794871795,0.185,piecewise_linear,6,210,244,244,uniform,False
nssp,"RSV ED visit percentage of total ED visits, all ages",2024-2025,Kentucky,baseline_oct_mar,Baseline Oct-Mar,544,2904,0.12266025073529407,0.13186171347461448,0.0,0.14533626610797146,0.09036552022399717,0.13538780563734343,0.07446462295081967,0.07134931743647252,51.07054945054946,0.185,piecewise_linear,6,210,244,244,uniform,False
nssp,"RSV ED visit percentage of total ED visits, all ages",2024-2025,Kentucky,early_sep_mar,Early Sep-Mar,544,3024,0.132862456617647,0.13582405882352938,0.0,0.14560759270263418,0.09766197570621622,0.13757948597705721,0.09613422222222222,0.0805330092829175,51.07054945054944,0.185,piecewise_linear,6,210,244,244,uniform,False
nssp,"RSV ED visit percentage of total ED visits, all ages",2024-2025,Kentucky,extended_sep_apr,Extended Sep-Apr,544,3144,0.1430646625,0.13890780790908028,0.0865267871149485,0.14568596474378995,0.10411276684040845,0.13867504005499012,0.11124850931445605,0.08788014716015748,51.07054945054945,0.185,piecewise_linear,6,210,244,244,uniform,False
nssp,"RSV ED visit percentage of total ED visits, all ages",2024-2025,Kentucky,late_oct_apr,Late Oct-Apr,544,3024,0.13286245661764703,0.13266149524942294,0.0,0.1455381055743558,0.0968163113581894,0.1364833597152764,0.0829651506849315,0.07869645531371251,51.07054945054945,0.185,piecewise_linear,6,210,244,244,uniform,False
nssp,"RSV ED visit percentage of total ED visits, all ages",2024-2025,Louisiana,baseline_oct_mar,Baseline Oct-Mar,544,2904,0.12266025073529407,0.123799875278023,0.0,0.14473084550046858,0.08761562229217067,0.13257441794596128,0.07446462295081967,0.07134931743647252,47.52553113553114,0.185,piecewise_linear,6,210,244,244,uniform,False
nssp,"RSV ED visit percentage of total ED visits, all ages",2024-2025,Louisiana,early_sep_mar,Early Sep-Mar,544,3024,0.132862456617647,0.13843404491384903,0.0,0.1463373260940232,0.09722236193524654,0.13890259816087072,0.09613422222222222,0.0805330092829175,47.52553113553113,0.185,piecewise_linear,6,210,244,244,uniform,False
nssp,"RSV ED visit percentage of total ED visits, all ages",2024-2025,Louisiana,extended_sep_apr,Extended Sep-Apr,544,3144,0.1430646625,0.13973611240314265,0.07440989519957801,0.14642025263424363,0.10372864026657999,0.13935563231642736,0.11124850931445605,0.08788014716015748,47.52553113553113,0.185,piecewise_linear,6,210,244,244,uniform,False
nssp,"RSV ED visit percentage of total ED visits, all ages",2024-2025,Louisiana,late_oct_apr,Late Oct-Apr,544,3024,0.13286245661764703,0.12660231343569742,0.0,0.14506806538117356,0.09412190062350412,0.13302745210151792,0.0829651506849315,0.07869645531371251,47.52553113553113,0.185,piecewise_linear,6,210,244,244,uniform,False
nssp,"RSV ED visit percentage of total ED visits, all ages",2024-2025,Maine,baseline_oct_mar,Baseline Oct-Mar,544,2904,0.12266025073529407,0.1393524357916761,0.0,0.14683117164085915,0.09353661201658313,0.1393030219150989,0.07446462295081967,0.07134931743647252,29.431410256410256,0.185,piecewise_linear,6,210,244,244,uniform,False
nssp,"RSV ED visit percentage of total ED visits, all ages",2024-2025,Maine,early_sep_mar,Early Sep-Mar,544,3024,0.132862456617647,0.13929534628699933,0.0,0.1470918545796711,0.10097317521814027,0.13872883278398196,0.09613422222222222,0.0805330092829175,29.43141025641026,0.185,piecewise_linear,6,210,244,244,uniform,False
nssp,"RSV ED visit percentage of total ED visits, all ages",2024-2025,Maine,extended_sep_apr,Extended Sep-Apr,544,3144,0.1430646625,0.14026456683700916,0.08423096660129996,0.1470918545796711,0.10679027988386654,0.13997803679281046,0.11124850931445605,0.08788014716015748,29.43141025641026,0.185,piecewise_linear,6,210,244,244,uniform,False
nssp,"RSV ED visit percentage of total ED visits, all ages",2024-2025,Maine,late_oct_apr,Late Oct-Apr,544,3024,0.13286245661764703,0.14058569654748726,0.0,0.14683117164085915,0.0993537166823094,0.1405522259239274,0.0829651506849315,0.07869645531371251,29.431410256410253,0.185,piecewise_linear,6,210,244,244,uniform,False
nssp,"RSV ED visit percentage of total ED visits, all ages",2024-2025,Maryland,baseline_oct_mar,Baseline Oct-Mar,544,2904,0.12266025073529407,0.12290320655002891,0.0,0.1448290344593423,0.08747937607366676,0.1321275995851321,0.07446462295081967,0.07134931743647252,44.2619597069597,0.185,piecewise_linear,6,210,244,244,uniform,False
nssp,"RSV ED visit percentage of total ED visits, all ages",2024-2025,Maryland,early_sep_mar,Early Sep-Mar,544,3024,0.132862456617647,0.13706159415603042,0.0,0.14591536464959248,0.0969449936659794,0.1387204058528468,0.09613422222222222,0.0805330092829175,44.2619597069597,0.185,piecewise_linear,6,210,244,244,uniform,False
nssp,"RSV ED visit percentage of total ED visits, all ages",2024-2025,Maryland,extended_sep_apr,Extended Sep-Apr,544,3144,0.1430646625,0.13924705102976287,0.07451054825174827,0.14599266115828138,0.10333693824172796,0.13914717801283077,0.11124850931445605,0.08788014716015748,44.2619597069597,0.185,piecewise_linear,6,210,244,244,uniform,False
nssp,"RSV ED visit percentage of total ED visits, all ages",2024-2025,Maryland,late_oct_apr,Late Oct-Apr,544,3024,0.13286245661764703,0.12601678870014835,0.0,0.14502902756011615,0.09387132064941534,0.13255437174511606,0.0829651506849315,0.07869645531371251,44.2619597069597,0.185,piecewise_linear,6,210,244,244,uniform,False
nssp,"RSV ED visit percentage of total ED visits, all ages",2024-2025,Massachusetts,baseline_oct_mar,Baseline Oct-Mar,544,2904,0.12266025073529407,0.13350617256211128,0.0,0.14641783124561464,0.0897656601309014,0.13755287567107266,0.07446462295081967,0.07134931743647252,49.95117216117217,0.185,piecewise_linear,6,210,244,244,uniform,False
nssp,"RSV ED visit percentage of total ED visits, all ages",2024-2025,Massachusetts,early_sep_mar,Early Sep-Mar,544,3024,0.132862456617647,0.1405909411863553,0.0,0.14687590341883702,0.0978850683616641,0.14019048961457234,0.09613422222222222,0.0805330092829175,49.95117216117216,0.185,piecewise_linear,6,210,244,244,uniform,False
nssp,"RSV ED visit percentage of total ED visits, all ages",2024-2025,Massachusetts,extended_sep_apr,Extended Sep-Apr,544,3144,0.1430646625,0.14211148998728546,0.07054737231349828,0.14687853508412885,0.10368660711528518,0.14059959278896464,0.11124850931445605,0.08788014716015748,49.95117216117215,0.185,piecewise_linear,6,210,244,244,uniform,False
nssp,"RSV ED visit percentage of total ED visits, all ages",2024-2025,Massachusetts,late_oct_apr,Late Oct-Apr,544,3024,0.13286245661764703,0.13629611668308542,0.0,0.14644442538855207,0.09556719888452248,0.13796197884546496,0.0829651506849315,0.07869645531371251,49.95117216117216,0.185,piecewise_linear,6,210,244,244,uniform,False
nssp,"RSV ED visit percentage of total ED visits, all ages",2024-2025,Michigan,baseline_oct_mar,Baseline Oct-Mar,544,2904,0.12266025073529407,0.1340711214363937,0.0,0.14638514633186425,0.09098514979933653,0.13790736827385244,0.07446462295081967,0.07134931743647252,48.87333333333333,0.185,piecewise_linear,6,210,244,244,uniform,False
nssp,"RSV ED visit percentage of total ED visits, all ages",2024-2025,Michigan,early_sep_mar,Early Sep-Mar,544,3024,0.132862456617647,0.14044674940367452,0.0,0.14672316457471662,0.09933752238490019,0.1395330476759869,0.09613422222222222,0.0805330092829175,48.873333333333335,0.185,piecewise_linear,6,210,244,244,uniform,False
nssp,"RSV ED visit percentage of total ED visits, all ages",2024-2025,Michigan,extended_sep_apr,Extended Sep-Apr,544,3144,0.1430646625,0.1405792136971664,0.07247070808893794,0.14672316457471662,0.10491733412991497,0.14027178355635417,0.11124850931445605,0.08788014716015748,48.873333333333335,0.185,piecewise_linear,6,210,244,244,uniform,False
nssp,"RSV ED visit percentage of total ED visits, all ages",2024-2025,Michigan,late_oct_apr,Late Oct-Apr,544,3024,0.13286245661764703,0.13599803454370232,0.0,0.14638514633186425,0.09656496154435132,0.1386461041542197,0.0829651506849315,0.07869645531371251,48.87333333333333,0.185,piecewise_linear,6,210,244,244,uniform,False
nssp,"RSV ED visit percentage of total ED visits, all ages",2024-2025,Minnesota,baseline_oct_mar,Baseline Oct-Mar,544,2904,0.12266025073529407,0.13780291704530145,0.0,0.1469621332151714,0.09154923715448858,0.14014408022021196,0.07446462295081967,0.07134931743647252,52.96655677655677,0.185,piecewise_linear,6,210,244,244,uniform,False
nssp,"RSV ED visit percentage of total ED visits, all ages",2024-2025,Minnesota,early_sep_mar,Early Sep-Mar,544,3024,0.132862456617647,0.13883716995931825,0.0,0.1467434877127295,0.09732344673926677,0.1398190889734322,0.09613422222222222,0.0805330092829175,52.96655677655678,0.185,piecewise_linear,6,210,244,244,uniform,False
nssp,"RSV ED visit percentage of total ED visits, all ages",2024-2025,Minnesota,extended_sep_apr,Extended Sep-Apr,544,3144,0.1430646625,0.139448743629861,0.06431023720124965,0.1467434877127295,0.10256209519105226,0.14047563783836386,0.11124850931445605,0.08788014716015748,52.96655677655678,0.185,piecewise_linear,6,210,244,244,uniform,False
nssp,"RSV ED visit percentage of total ED visits, all ages",2024-2025,Minnesota,late_oct_apr,Late Oct-Apr,544,3024,0.13286245661764703,0.13877432875402498,0.0,0.1469621332151714,0.09678788560627405,0.1408006290851436,0.0829651506849315,0.07869645531371251,52.966556776556786,0.185,piecewise_linear,6,210,244,244,uniform,False
nssp,"RSV ED visit percentage of total ED visits, all ages",2024-2025,Mississippi,baseline_oct_mar,Baseline Oct-Mar,544,2904,0.12266025073529407,0.11498836521672309,0.0,0.14149692714514023,0.08484518021060268,0.12430320359079333,0.07446462295081967,0.07134931743647252,43.10635531135531,0.185,piecewise_linear,6,210,244,244,uniform,False
nssp,"RSV ED visit percentage of total ED visits, all ages",2024-2025,Mississippi,early_sep_mar,Early Sep-Mar,544,3024,0.132862456617647,0.13199546867545775,0.0,0.14499794649727632,0.09617685827590507,0.13599471768506052,0.09613422222222222,0.0805330092829175,43.106355311355316,0.185,piecewise_linear,6,210,244,244,uniform,False
nssp,"RSV ED visit percentage of total ED visits, all ages",2024-2025,Mississippi,extended_sep_apr,Extended Sep-Apr,544,3144,0.1430646625,0.13403949821373412,0.08044234307421343,0.1451653029149375,0.10273481513345059,0.13649004684328656,0.11124850931445605,0.08788014716015748,43.106355311355316,0.185,piecewise_linear,6,210,244,244,uniform,False
nssp,"RSV ED visit percentage of total ED visits, all ages",2024-2025,Mississippi,late_oct_apr,Late Oct-Apr,544,3024,0.13286245661764703,0.12003319097841075,0.0,0.14224585760790934,0.0914031370681482,0.12479853274901938,0.0829651506849315,0.07869645531371251,43.10635531135531,0.185,piecewise_linear,6,210,244,244,uniform,False
nssp,"RSV ED visit percentage of total ED visits, all ages",2024-2025,Montana,baseline_oct_mar,Baseline Oct-Mar,544,2904,0.12266025073529407,0.13526352449113385,0.0,0.1468097499940333,0.0906263484346157,0.13939603235084505,0.07446462295081967,0.07134931743647252,51.26875457875458,0.185,piecewise_linear,6,210,244,244,uniform,False
nssp,"RSV ED visit percentage of total ED visits, all ages",2024-2025,Montana,early_sep_mar,Early Sep-Mar,544,3024,0.132862456617647,0.13701712354312354,0.0,0.14633472031509812,0.09587418271069395,0.13820939896410336,0.09613422222222222,0.0805330092829175,51.26875457875459,0.185,piecewise_linear,6,210,244,244,uniform,False
nssp,"RSV ED visit percentage of total ED visits, all ages",2024-2025,Montana,extended_sep_apr,Extended Sep-Apr,544,3144,0.1430646625,0.13779764163217736,0.06554616901664229,0.1463358442442055,0.10099997768082185,0.13950420781443862,0.11124850931445605,0.08788014716015748,51.26875457875458,0.185,piecewise_linear,6,210,244,244,uniform,False
nssp,"RSV ED visit percentage of total ED visits, all ages",2024-2025,Montana,late_oct_apr,Late Oct-Apr,544,3024,0.13286245661764703,0.13664677014628823,0.0,0.1468097499940333,0.09575214340474358,0.14069084120118028,0.0829651506849315,0.07869645531371251,51.26875457875458,0.185,piecewise_linear,6,210,244,244,uniform,False
nssp,"RSV ED visit percentage of total ED visits, all ages",2024-2025,Nebraska,baseline_oct_mar,Baseline Oct-Mar,544,2904,0.12266025073529407,0.13775657772762695,0.0,0.1465766765855392,0.0926211258068072,0.13932185507193412,0.07446462295081967,0.07134931743647252,25.908479853479854,0.185,piecewise_linear,6,210,244,244,uniform,False
nssp,"RSV ED visit percentage of total ED visits, all ages",2024-2025,Nebraska,early_sep_mar,Early Sep-Mar,544,3024,0.132862456617647,0.13756438221068548,0.0,0.14591310267821145,0.09575971432982447,0.1384574816595934,0.09613422222222222,0.0805330092829175,25.908479853479854,0.185,piecewise_linear,6,210,244,244,uniform,False
nssp,"RSV ED visit percentage of total ED visits, all ages",2024-2025,Nebraska,extended_sep_apr,Extended Sep-Apr,544,3144,0.1430646625,0.13829637975792958,0.05105675662365804,0.14591310267821145,0.10101971361317857,0.13941809228362037,0.11124850931445605,0.08788014716015748,25.908479853479854,0.185,piecewise_linear,6,210,244,244,uniform,False
nssp,"RSV ED visit percentage of total ED visits, all ages",2024-2025,Nebraska,late_oct_apr,Late Oct-Apr,544,3024,0.13286245661764703,0.13862870865753965,0.0,0.1465766765855392,0.0978811250901613,0.1402824656959611,0.0829651506849315,0.07869645531371251,25.908479853479854,0.185,piecewise_linear,6,210,244,244,uniform,False
nssp,"RSV ED visit percentage of total ED visits, all ages",2024-2025,Nevada,baseline_oct_mar,Baseline Oct-Mar,544,2904,0.12266025073529407,0.13720454473247026,0.0,0.14670418162239848,0.09073242944798691,0.1393662911014431,0.07446462295081967,0.07134931743647252,36.197582417582424,0.185,piecewise_linear,6,210,244,244,uniform,False
nssp,"RSV ED visit percentage of total ED visits, all ages",2024-2025,Nevada,early_sep_mar,Early Sep-Mar,544,3024,0.132862456617647,0.13956092032727976,0.0,0.1465038579768134,0.0971927478586745,0.14001506105729336,0.09613422222222222,0.0805330092829175,36.19758241758242,0.185,piecewise_linear,6,210,244,244,uniform,False
nssp,"RSV ED visit percentage of total ED visits, all ages",2024-2025,Nevada,extended_sep_apr,Extended Sep-Apr,544,3144,0.1430646625,0.14094107809302658,0.06385878914073304,0.14650396236666868,0.10294417916630602,0.14051411208088055,0.11124850931445605,0.08788014716015748,36.197582417582424,0.185,piecewise_linear,6,210,244,244,uniform,False
nssp,"RSV ED visit percentage of total ED visits, all ages",2024-2025,Nevada,late_oct_apr,Late Oct-Apr,544,3024,0.13286245661764703,0.13927072263105644,0.0,0.14673097267552115,0.09648386075561842,0.1398653421250304,0.0829651506849315,0.07869645531371251,36.19758241758242,0.185,piecewise_linear,6,210,244,244,uniform,False
nssp,"RSV ED visit percentage of total ED visits, all ages",2024-2025,New Hampshire,baseline_oct_mar,Baseline Oct-Mar,544,2904,0.12266025073529407,0.14402435773485772,0.0,0.14771324023076735,0.09443897624684408,0.1406979335065263,0.07446462295081967,0.07134931743647252,51.30153846153847,0.185,piecewise_linear,6,210,244,244,uniform,False
nssp,"RSV ED visit percentage of total ED visits, all ages",2024-2025,New Hampshire,early_sep_mar,Early Sep-Mar,544,3024,0.132862456617647,0.14229050421548148,0.0,0.1475954306637512,0.10159541200001822,0.14052914196600477,0.09613422222222222,0.0805330092829175,51.30153846153846,0.185,piecewise_linear,6,210,244,244,uniform,False
nssp,"RSV ED visit percentage of total ED visits, all ages",2024-2025,New Hampshire,extended_sep_apr,Extended Sep-Apr,544,3144,0.1430646625,0.14294545770424702,0.08108408969325685,0.1475954306637512,0.10740856950320915,0.14111398478634737,0.11124850931445605,0.08788014716015748,51.30153846153847,0.185,piecewise_linear,6,210,244,244,uniform,False
nssp,"RSV ED visit percentage of total ED visits, all ages",2024-2025,New Hampshire,late_oct_apr,Late Oct-Apr,544,3024,0.13286245661764703,0.14448380996860472,0.0,0.14771324023076735,0.10025213375003503,0.14128277632686892,0.0829651506849315,0.07869645531371251,51.30153846153846,0.185,piecewise_linear,6,210,244,244,uniform,False
nssp,"RSV ED visit percentage of total ED visits, all ages",2024-2025,New Jersey,baseline_oct_mar,Baseline Oct-Mar,544,2904,0.12266025073529407,0.12547184282003915,0.0,0.1446027577895895,0.08801985505964173,0.13355374171230505,0.07446462295081967,0.07134931743647252,38.90948717948718,0.185,piecewise_linear,6,210,244,244,uniform,False
nssp,"RSV ED visit percentage of total ED visits, all ages",2024-2025,New Jersey,early_sep_mar,Early Sep-Mar,544,3024,0.132862456617647,0.13657570747915806,0.0,0.1460429909572617,0.0970024722441087,0.13871507582697581,0.09613422222222222,0.0805330092829175,38.90948717948718,0.185,piecewise_linear,6,210,244,244,uniform,False
nssp,"RSV ED visit percentage of total ED visits, all ages",2024-2025,New Jersey,extended_sep_apr,Extended Sep-Apr,544,3144,0.1430646625,0.13841796389286556,0.07417398323131952,0.14607334860974813,0.10319203643376625,0.13915037181416062,0.11124850931445605,0.08788014716015748,38.90948717948718,0.185,piecewise_linear,6,210,244,244,uniform,False
nssp,"RSV ED visit percentage of total ED visits, all ages",2024-2025,New Jersey,late_oct_apr,Late Oct-Apr,544,3024,0.13286245661764703,0.12867554288163863,0.0,0.14481138653836284,0.09420941924929926,0.13398903769948986,0.0829651506849315,0.07869645531371251,38.90948717948718,0.185,piecewise_linear,6,210,244,244,uniform,False
nssp,"RSV ED visit percentage of total ED visits, all ages",2024-2025,New Mexico,baseline_oct_mar,Baseline Oct-Mar,544,2904,0.12266025073529407,0.13915797174318892,0.0,0.14739000234612312,0.09157837598847264,0.1407276742196629,0.07446462295081967,0.07134931743647252,56.80347985347986,0.185,piecewise_linear,6,210,244,244,uniform,False
nssp,"RSV ED visit percentage of total ED visits, all ages",2024-2025,New Mexico,early_sep_mar,Early Sep-Mar,544,3024,0.132862456617647,0.1395353182754382,0.0,0.14681518085395348,0.09628282856195057,0.1401408468486067,0.09613422222222222,0.0805330092829175,56.80347985347985,0.185,piecewise_linear,6,210,244,244,uniform,False
nssp,"RSV ED visit percentage of total ED visits, all ages",2024-2025,New Mexico,extended_sep_apr,Extended Sep-Apr,544,3144,0.1430646625,0.13965693059861486,0.051155785165654014,0.14681518085395348,0.10142422008279461,0.14072061803829813,0.11124850931445605,0.08788014716015748,56.80347985347985,0.185,piecewise_linear,6,210,244,244,uniform,False
nssp,"RSV ED visit percentage of total ED visits, all ages",2024-2025,New Mexico,late_oct_apr,Late Oct-Apr,544,3024,0.13286245661764703,0.1394990143749145,0.0,0.14739000234612312,0.09671976750931667,0.14130744540935436,0.0829651506849315,0.07869645531371251,56.80347985347985,0.185,piecewise_linear,6,210,244,244,uniform,False
nssp,"RSV ED visit percentage of total ED visits, all ages",2024-2025,New York,baseline_oct_mar,Baseline Oct-Mar,544,2904,0.12266025073529407,0.12706268576976415,0.0,0.14521046732536907,0.08867765339985793,0.13472578173872557,0.07446462295081967,0.07134931743647252,29.82311355311355,0.185,piecewise_linear,6,210,244,244,uniform,False
nssp,"RSV ED visit percentage of total ED visits, all ages",2024-2025,New York,early_sep_mar,Early Sep-Mar,544,3024,0.132862456617647,0.13627013922025685,0.0,0.1460230422239732,0.09718346038807132,0.13889265747098223,0.09613422222222222,0.0805330092829175,29.823113553113558,0.185,piecewise_linear,6,210,244,244,uniform,False
nssp,"RSV ED visit percentage of total ED visits, all ages",2024-2025,New York,extended_sep_apr,Extended Sep-Apr,544,3144,0.1430646625,0.1384891008567225,0.07296881956596964,0.1460230422239732,0.10305771728888165,0.13935086545192968,0.11124850931445605,0.08788014716015748,29.823113553113554,0.185,piecewise_linear,6,210,244,244,uniform,False
nssp,"RSV ED visit percentage of total ED visits, all ages",2024-2025,New York,late_oct_apr,Late Oct-Apr,544,3024,0.13286245661764703,0.130070560710804,0.0,0.14524172804106417,0.09455191030066827,0.13518398971967296,0.0829651506849315,0.07869645531371251,29.823113553113554,0.185,piecewise_linear,6,210,244,244,uniform,False
nssp,"RSV ED visit percentage of total ED visits, all ages",2024-2025,North Carolina,baseline_oct_mar,Baseline Oct-Mar,544,2904,0.12266025073529407,0.1381876949566039,0.0,0.1467253013886544,0.0908394646108789,0.13879023646597016,0.07446462295081967,0.07134931743647252,60.13542124542124,0.185,piecewise_linear,6,210,244,244,uniform,False
nssp,"RSV ED visit percentage of total ED visits, all ages",2024-2025,North Carolina,early_sep_mar,Early Sep-Mar,544,3024,0.132862456617647,0.1404302172769644,0.0,0.1467303108093258,0.0978339808209275,0.1397671457086051,0.09613422222222222,0.0805330092829175,60.13542124542124,0.185,piecewise_linear,6,210,244,244,uniform,False
nssp,"RSV ED visit percentage of total ED visits, all ages",2024-2025,North Carolina,extended_sep_apr,Extended Sep-Apr,544,3144,0.1430646625,0.14263597519767385,0.07514883487471984,0.1467303108093258,0.10387240570966691,0.14037758018715127,0.11124850931445605,0.08788014716015748,60.13542124542124,0.185,piecewise_linear,6,210,244,244,uniform,False
nssp,"RSV ED visit percentage of total ED visits, all ages",2024-2025,North Carolina,late_oct_apr,Late Oct-Apr,544,3024,0.13286245661764703,0.1396430728219978,0.0,0.1467253013886544,0.09687788949961829,0.1394006709445163,0.0829651506849315,0.07869645531371251,60.135421245421256,0.185,piecewise_linear,6,210,244,244,uniform,False
nssp,"RSV ED visit percentage of total ED visits, all ages",2024-2025,North Dakota,baseline_oct_mar,Baseline Oct-Mar,544,2904,0.12266025073529407,0.14195722932622934,0.0,0.14704742838677143,0.09756081773477027,0.14011410601940755,0.07446462295081967,0.07134931743647252,31.563589743589745,0.185,piecewise_linear,6,210,244,244,uniform,False
nssp,"RSV ED visit percentage of total ED visits, all ages",2024-2025,North Dakota,early_sep_mar,Early Sep-Mar,544,3024,0.132862456617647,0.1435596732953548,0.0659875538391028,0.14726704769447335,0.10616257205371134,0.1391166180958349,0.09613422222222222,0.0805330092829175,31.563589743589745,0.185,piecewise_linear,6,210,244,244,uniform,False
nssp,"RSV ED visit percentage of total ED visits, all ages",2024-2025,North Dakota,extended_sep_apr,Extended Sep-Apr,544,3144,0.1430646625,0.14360962997212823,0.10136792872694468,0.14726704769447335,0.111309375416198,0.14010000161133074,0.11124850931445605,0.08788014716015748,31.563589743589745,0.185,piecewise_linear,6,210,244,244,uniform,False
nssp,"RSV ED visit percentage of total ED visits, all ages",2024-2025,North Dakota,late_oct_apr,Late Oct-Apr,544,3024,0.13286245661764703,0.14224526087665249,0.03779636770055657,0.14704742838677143,0.1027076210972569,0.14109748953490342,0.0829651506849315,0.07869645531371251,31.563589743589745,0.185,piecewise_linear,6,210,244,244,uniform,False
nssp,"RSV ED visit percentage of total ED visits, all ages",2024-2025,Ohio,baseline_oct_mar,Baseline Oct-Mar,544,2904,0.12266025073529407,0.13591217549326542,0.0,0.14635879711383454,0.09038759120011793,0.13824885185581698,0.07446462295081967,0.07134931743647252,30.477454212454212,0.185,piecewise_linear,6,210,244,244,uniform,False
nssp,"RSV ED visit percentage of total ED visits, all ages",2024-2025,Ohio,early_sep_mar,Early Sep-Mar,544,3024,0.132862456617647,0.13873921345350335,0.0,0.14645630039185206,0.0975932600774023,0.13973138336746815,0.09613422222222222,0.0805330092829175,30.477454212454216,0.185,piecewise_linear,6,210,244,244,uniform,False
nssp,"RSV ED visit percentage of total ED visits, all ages",2024-2025,Ohio,extended_sep_apr,Extended Sep-Apr,544,3144,0.1430646625,0.13994554344665236,0.07273686555610888,0.14645630039185206,0.103112295878774,0.14021277606272717,0.11124850931445605,0.08788014716015748,30.477454212454216,0.185,piecewise_linear,6,210,244,244,uniform,False
nssp,"RSV ED visit percentage of total ED visits, all ages",2024-2025,Ohio,late_oct_apr,Late Oct-Apr,544,3024,0.13286245661764703,0.13720820780144713,0.0,0.14635879711383454,0.09590662700148962,0.138730244551076,0.0829651506849315,0.07869645531371251,30.477454212454216,0.185,piecewise_linear,6,210,244,244,uniform,False
nssp,"RSV ED visit percentage of total ED visits, all ages",2024-2025,Oklahoma,baseline_oct_mar,Baseline Oct-Mar,544,2904,0.12266025073529407,0.13741616013418165,0.0,0.14714603885003882,0.09040558051880168,0.14050456676764755,0.07446462295081967,0.07134931743647252,59.986208791208796,0.185,piecewise_linear,6,210,244,244,uniform,False
nssp,"RSV ED visit percentage of total ED visits, all ages",2024-2025,Oklahoma,early_sep_mar,Early Sep-Mar,544,3024,0.132862456617647,0.13798735031635037,0.0,0.14679789663318923,0.09639790729710856,0.1406100930485452,0.09613422222222222,0.0805330092829175,59.98620879120878,0.185,piecewise_linear,6,210,244,244,uniform,False
nssp,"RSV ED visit percentage of total ED visits, all ages",2024-2025,Oklahoma,extended_sep_apr,Extended Sep-Apr,544,3144,0.1430646625,0.1391675587870703,0.053894261980956884,0.14679789663318923,0.10166219554466412,0.14093173414006918,0.11124850931445605,0.08788014716015748,59.986208791208796,0.185,piecewise_linear,6,210,244,244,uniform,False
nssp,"RSV ED visit percentage of total ED visits, all ages",2024-2025,Oklahoma,late_oct_apr,Late Oct-Apr,544,3024,0.13286245661764703,0.13853374250876352,0.0,0.14714603885003882,0.09566986876635723,0.1408262078591716,0.0829651506849315,0.07869645531371251,59.986208791208796,0.185,piecewise_linear,6,210,244,244,uniform,False
nssp,"RSV ED visit percentage of total ED visits, all ages",2024-2025,Oregon,baseline_oct_mar,Baseline Oct-Mar,544,2904,0.12266025073529407,0.13806700922108914,0.0,0.1468365074779854,0.09160446336483515,0.14002476219627297,0.07446462295081967,0.07134931743647252,44.646043956043954,0.185,piecewise_linear,6,210,244,244,uniform,False
nssp,"RSV ED visit percentage of total ED visits, all ages",2024-2025,Oregon,early_sep_mar,Early Sep-Mar,544,3024,0.132862456617647,0.1396270709736111,0.0,0.14659255805518526,0.09776278890417905,0.13987295698277188,0.09613422222222222,0.0805330092829175,44.64604395604396,0.185,piecewise_linear,6,210,244,244,uniform,False
nssp,"RSV ED visit percentage of total ED visits, all ages",2024-2025,Oregon,extended_sep_apr,Extended Sep-Apr,544,3144,0.1430646625,0.1401245698437021,0.061442487564864805,0.14659255805518526,0.10306957806740963,0.14050008942805647,0.11124850931445605,0.08788014716015748,44.646043956043954,0.185,piecewise_linear,6,210,244,244,uniform,False
nssp,"RSV ED visit percentage of total ED visits, all ages",2024-2025,Oregon,late_oct_apr,Late Oct-Apr,544,3024,0.13286245661764703,0.13892805671870928,0.0,0.1468365074779854,0.09691125252806572,0.1406518946415575,0.0829651506849315,0.07869645531371251,44.64604395604396,0.185,piecewise_linear,6,210,244,244,uniform,False
nssp,"RSV ED visit percentage of total ED visits, all ages",2024-2025,Pennsylvania,baseline_oct_mar,Baseline Oct-Mar,544,2904,0.12266025073529407,0.13668872979422408,0.0,0.1468618749412024,0.09075493097813928,0.13878697167089593,0.07446462295081967,0.07134931743647252,35.52538461538462,0.185,piecewise_linear,6,210,244,244,uniform,False
nssp,"RSV ED visit percentage of total ED visits, all ages",2024-2025,Pennsylvania,early_sep_mar,Early Sep-Mar,544,3024,0.132862456617647,0.14140836320493505,0.0,0.14698249853948783,0.09854207705584231,0.14026253154706542,0.09613422222222222,0.0805330092829175,35.52538461538462,0.185,piecewise_linear,6,210,244,244,uniform,False
nssp,"RSV ED visit percentage of total ED visits, all ages",2024-2025,Pennsylvania,extended_sep_apr,Extended Sep-Apr,544,3144,0.1430646625,0.14151546116328703,0.07086568905095747,0.14698249853948783,0.1039847424497199,0.14072622240106558,0.11124850931445605,0.08788014716015748,35.52538461538462,0.185,piecewise_linear,6,210,244,244,uniform,False
nssp,"RSV ED visit percentage of total ED visits, all ages",2024-2025,Pennsylvania,late_oct_apr,Late Oct-Apr,544,3024,0.13286245661764703,0.13831321854756665,0.0,0.1468618749412024,0.09619759637201684,0.1392506625248961,0.0829651506849315,0.07869645531371251,35.52538461538462,0.185,piecewise_linear,6,210,244,244,uniform,False
nssp,"RSV ED visit percentage of total ED visits, all ages",2024-2025,Rhode Island,baseline_oct_mar,Baseline Oct-Mar,544,2904,0.12266025073529407,0.1363585637898545,0.0,0.14668997221528474,0.09135913874414768,0.13814703048069332,0.07446462295081967,0.07134931743647252,28.328333333333333,0.185,piecewise_linear,6,210,244,244,uniform,False
nssp,"RSV ED visit percentage of total ED visits, all ages",2024-2025,Rhode Island,early_sep_mar,Early Sep-Mar,544,3024,0.132862456617647,0.14200360031906342,0.0,0.14721523908234624,0.09976140854508334,0.14033479259161502,0.09613422222222222,0.0805330092829175,28.328333333333333,0.185,piecewise_linear,6,210,244,244,uniform,False
nssp,"RSV ED visit percentage of total ED visits, all ages",2024-2025,Rhode Island,extended_sep_apr,Extended Sep-Apr,544,3144,0.1430646625,0.14310437610300564,0.07541907554417415,0.1472179414161035,0.10569871365002063,0.1407601776866228,0.11124850931445605,0.08788014716015748,28.328333333333337,0.185,piecewise_linear,6,210,244,244,uniform,False
nssp,"RSV ED visit percentage of total ED visits, all ages",2024-2025,Rhode Island,late_oct_apr,Late Oct-Apr,544,3024,0.13286245661764703,0.13837826749556414,0.0,0.14673750625793072,0.09729644384908497,0.13857241557570113,0.0829651506849315,0.07869645531371251,28.328333333333333,0.185,piecewise_linear,6,210,244,244,uniform,False
nssp,"RSV ED visit percentage of total ED visits, all ages",2024-2025,South Carolina,baseline_oct_mar,Baseline Oct-Mar,544,2904,0.12266025073529407,0.12668303849873533,0.0,0.14451063715222726,0.08821428204613248,0.13273210284653253,0.07446462295081967,0.07134931743647252,39.67503663003662,0.185,piecewise_linear,6,210,244,244,uniform,False
nssp,"RSV ED visit percentage of total ED visits, all ages",2024-2025,South Carolina,early_sep_mar,Early Sep-Mar,544,3024,0.132862456617647,0.1360949915389991,0.0,0.14596749233899367,0.09746818453489255,0.1384279711336741,0.09613422222222222,0.0805330092829175,39.67503663003663,0.185,piecewise_linear,6,210,244,244,uniform,False
nssp,"RSV ED visit percentage of total ED visits, all ages",2024-2025,South Carolina,extended_sep_apr,Extended Sep-Apr,544,3144,0.1430646625,0.13829210245011214,0.0788885007117882,0.14602806814349298,0.1038467635075555,0.139004299006203,0.11124850931445605,0.08788014716015748,39.67503663003663,0.185,piecewise_linear,6,210,244,244,uniform,False
nssp,"RSV ED visit percentage of total ED visits, all ages",2024-2025,South Carolina,late_oct_apr,Late Oct-Apr,544,3024,0.13286245661764703,0.1285521103250491,0.0,0.14477054747517856,0.09459286101879545,0.1333084307190614,0.0829651506849315,0.07869645531371251,39.67503663003663,0.185,piecewise_linear,6,210,244,244,uniform,False
nssp,"RSV ED visit percentage of total ED visits, all ages",2024-2025,South Dakota,baseline_oct_mar,Baseline Oct-Mar,544,2904,0.12266025073529407,0.13357003878406712,0.0,0.14577175461252395,0.09022259248591388,0.13808773241798866,0.07446462295081967,0.07134931743647252,52.735952380952384,0.185,piecewise_linear,6,210,244,244,uniform,False
nssp,"RSV ED visit percentage of total ED visits, all ages",2024-2025,South Dakota,early_sep_mar,Early Sep-Mar,544,3024,0.132862456617647,0.13728753183784928,0.0,0.14527028603041647,0.09669888536302222,0.13733036886804476,0.09613422222222222,0.0805330092829175,52.735952380952384,0.185,piecewise_linear,6,210,244,244,uniform,False
nssp,"RSV ED visit percentage of total ED visits, all ages",2024-2025,South Dakota,extended_sep_apr,Extended Sep-Apr,544,3144,0.1430646625,0.138850026096496,0.06710890632284382,0.14527028603041647,0.10193002360119434,0.13877241658127756,0.11124850931445605,0.08788014716015748,52.735952380952384,0.185,piecewise_linear,6,210,244,244,uniform,False
nssp,"RSV ED visit percentage of total ED visits, all ages",2024-2025,South Dakota,late_oct_apr,Late Oct-Apr,544,3024,0.13286245661764703,0.13567989769587951,0.0,0.14577175461252395,0.09545373072408599,0.13952978013122141,0.0829651506849315,0.07869645531371251,52.735952380952384,0.185,piecewise_linear,6,210,244,244,uniform,False
nssp,"RSV ED visit percentage of total ED visits, all ages",2024-2025,Tennessee,baseline_oct_mar,Baseline Oct-Mar,544,2904,0.12266025073529407,0.12097537728359853,0.0,0.14356518311884112,0.08671594877088377,0.13014210634308937,0.07446462295081967,0.07134931743647252,51.47067765567766,0.185,piecewise_linear,6,210,244,244,uniform,False
nssp,"RSV ED visit percentage of total ED visits, all ages",2024-2025,Tennessee,early_sep_mar,Early Sep-Mar,544,3024,0.132862456617647,0.13503695057886175,0.0,0.14554921058045767,0.09674820445231416,0.13776375106468125,0.09613422222222222,0.0805330092829175,51.470677655677655,0.185,piecewise_linear,6,210,244,244,uniform,False
nssp,"RSV ED visit percentage of total ED visits, all ages",2024-2025,Tennessee,extended_sep_apr,Extended Sep-Apr,544,3144,0.1430646625,0.13664749677734214,0.07518195952015463,0.1456524969742757,0.10301443242739673,0.1382435862258141,0.11124850931445605,0.08788014716015748,51.47067765567766,0.185,piecewise_linear,6,210,244,244,uniform,False
nssp,"RSV ED visit percentage of total ED visits, all ages",2024-2025,Tennessee,late_oct_apr,Late Oct-Apr,544,3024,0.13286245661764703,0.12394013186082209,0.0,0.14396512719218785,0.09298217674596629,0.13062194150422227,0.0829651506849315,0.07869645531371251,51.47067765567766,0.185,piecewise_linear,6,210,244,244,uniform,False
nssp,"RSV ED visit percentage of total ED visits, all ages",2024-2025,Texas,baseline_oct_mar,Baseline Oct-Mar,544,2904,0.12266025073529407,0.11844209392297844,0.0,0.14263542091625128,0.0856696673579049,0.12799075296009804,0.07446462295081967,0.07134931743647252,54.3539010989011,0.185,piecewise_linear,6,210,244,244,uniform,False
nssp,"RSV ED visit percentage of total ED visits, all ages",2024-2025,Texas,early_sep_mar,Early Sep-Mar,544,3024,0.132862456617647,0.13340043552529743,0.0,0.14544148176537422,0.0963212857545357,0.13717129822816643,0.09613422222222222,0.0805330092829175,54.353901098901105,0.185,piecewise_linear,6,210,244,244,uniform,False
nssp,"RSV ED visit percentage of total ED visits, all ages",2024-2025,Texas,extended_sep_apr,Extended Sep-Apr,544,3144,0.1430646625,0.13510188102231843,0.07583671877871082,0.1455645099073982,0.10265069400536436,0.13760272048401664,0.11124850931445605,0.08788014716015748,54.353901098901105,0.185,piecewise_linear,6,210,244,244,uniform,False
nssp,"RSV ED visit percentage of total ED visits, all ages",2024-2025,Texas,late_oct_apr,Late Oct-Apr,544,3024,0.13286245661764703,0.1217082295716095,0.0,0.14334544647443143,0.09199907560873358,0.12842217521594826,0.0829651506849315,0.07869645531371251,54.3539010989011,0.185,piecewise_linear,6,210,244,244,uniform,False
nssp,"RSV ED visit percentage of total ED visits, all ages",2024-2025,Utah,baseline_oct_mar,Baseline Oct-Mar,544,2904,0.12266025073529407,0.13424642015243696,0.0,0.14681344543591188,0.09282511523277091,0.13973778084428282,0.07446462295081967,0.07134931743647252,46.660164835164835,0.185,piecewise_linear,6,210,244,244,uniform,False
nssp,"RSV ED visit percentage of total ED visits, all ages",2024-2025,Utah,early_sep_mar,Early Sep-Mar,544,3024,0.132862456617647,0.13990744372632263,0.0,0.14627552978985575,0.09911836400217026,0.13970935225434622,0.09613422222222222,0.0805330092829175,46.660164835164835,0.185,piecewise_linear,6,210,244,244,uniform,False
nssp,"RSV ED visit percentage of total ED visits, all ages",2024-2025,Utah,extended_sep_apr,Extended Sep-Apr,544,3144,0.1430646625,0.14066501918910748,0.07455561394702856,0.14627552978985575,0.10450173190935239,0.14030965103741408,0.11124850931445605,0.08788014716015748,46.660164835164835,0.185,piecewise_linear,6,210,244,244,uniform,False
nssp,"RSV ED visit percentage of total ED visits, all ages",2024-2025,Utah,late_oct_apr,Late Oct-Apr,544,3024,0.13286245661764703,0.13616663035744742,0.0,0.14681344543591188,0.09820848313995302,0.14033807962735065,0.0829651506849315,0.07869645531371251,46.66016483516483,0.185,piecewise_linear,6,210,244,244,uniform,False
nssp,"RSV ED visit percentage of total ED visits, all ages",2024-2025,Vermont,baseline_oct_mar,Baseline Oct-Mar,544,2904,0.12266025073529407,0.12905095962102414,0.0,0.14559919956966108,0.0889489120773665,0.13757837022104016,0.07446462295081967,0.07134931743647252,46.34153846153846,0.185,piecewise_linear,6,210,244,244,uniform,False
nssp,"RSV ED visit percentage of total ED visits, all ages",2024-2025,Vermont,early_sep_mar,Early Sep-Mar,544,3024,0.132862456617647,0.13434537807188604,0.0,0.14515236211822244,0.09398619215766017,0.13784181990348515,0.09613422222222222,0.0805330092829175,46.34153846153846,0.185,piecewise_linear,6,210,244,244,uniform,False
nssp,"RSV ED visit percentage of total ED visits, all ages",2024-2025,Vermont,extended_sep_apr,Extended Sep-Apr,544,3144,0.1430646625,0.13772867250452944,0.0653906864498178,0.14517905631892977,0.09921374852654823,0.13856569141663272,0.11124850931445605,0.08788014716015748,46.341538461538455,0.185,piecewise_linear,6,210,244,244,uniform,False
nssp,"RSV ED visit percentage of total ED visits, all ages",2024-2025,Vermont,late_oct_apr,Late Oct-Apr,544,3024,0.13286245661764703,0.1328289527735321,0.0,0.1456255455344695,0.09417646844625455,0.13830224173418776,0.0829651506849315,0.07869645531371251,46.341538461538455,0.185,piecewise_linear,6,210,244,244,uniform,False
nssp,"RSV ED visit percentage of total ED visits, all ages",2024-2025,Virginia,baseline_oct_mar,Baseline Oct-Mar,544,2904,0.12266025073529407,0.12645108248569611,0.0,0.1452966851698776,0.08880384936994953,0.1332638896618033,0.07446462295081967,0.07134931743647252,35.02694139194139,0.185,piecewise_linear,6,210,244,244,uniform,False
nssp,"RSV ED visit percentage of total ED visits, all ages",2024-2025,Virginia,early_sep_mar,Early Sep-Mar,544,3024,0.132862456617647,0.1380425945623632,0.0,0.1461919647030473,0.09804467677426493,0.1385306342126273,0.09613422222222222,0.0805330092829175,35.02694139194139,0.185,piecewise_linear,6,210,244,244,uniform,False
nssp,"RSV ED visit percentage of total ED visits, all ages",2024-2025,Virginia,extended_sep_apr,Extended Sep-Apr,544,3144,0.1430646625,0.13990301799708135,0.08054346534965906,0.14621746033185629,0.10430489044703313,0.1392184597742146,0.11124850931445605,0.08788014716015748,35.02694139194139,0.185,piecewise_linear,6,210,244,244,uniform,False
nssp,"RSV ED visit percentage of total ED visits, all ages",2024-2025,Virginia,late_oct_apr,Late Oct-Apr,544,3024,0.13286245661764703,0.1292220423670123,0.0,0.14546925174825176,0.09506406304271772,0.13395171522339058,0.0829651506849315,0.07869645531371251,35.02694139194139,0.185,piecewise_linear,6,210,244,244,uniform,False
nssp,"RSV ED visit percentage of total ED visits, all ages",2024-2025,Washington,baseline_oct_mar,Baseline Oct-Mar,544,2904,0.12266025073529407,0.1354259506465541,0.0,0.1460655765036618,0.09093269345101694,0.13829004767966044,0.07446462295081967,0.07134931743647252,46.08371794871795,0.185,piecewise_linear,6,210,244,244,uniform,False
nssp,"RSV ED visit percentage of total ED visits, all ages",2024-2025,Washington,early_sep_mar,Early Sep-Mar,544,3024,0.132862456617647,0.13886057164005433,0.0,0.14618369182915383,0.09821210928126613,0.13942783935471242,0.09613422222222222,0.0805330092829175,46.08371794871795,0.185,piecewise_linear,6,210,244,244,uniform,False
nssp,"RSV ED visit percentage of total ED visits, all ages",2024-2025,Washington,extended_sep_apr,Extended Sep-Apr,544,3144,0.1430646625,0.1401949133901366,0.06885899573452064,0.14618369182915383,0.10380782127610792,0.14009442070958564,0.11124850931445605,0.08788014716015748,46.08371794871795,0.185,piecewise_linear,6,210,244,244,uniform,False
nssp,"RSV ED visit percentage of total ED visits, all ages",2024-2025,Washington,late_oct_apr,Late Oct-Apr,544,3024,0.13286245661764703,0.13637127368450425,0.0,0.1460655765036618,0.09652840544585872,0.13895662903453368,0.0829651506849315,0.07869645531371251,46.08371794871795,0.185,piecewise_linear,6,210,244,244,uniform,False
nssp,"RSV ED visit percentage of total ED visits, all ages",2024-2025,West Virginia,baseline_oct_mar,Baseline Oct-Mar,544,2904,0.12266025073529407,0.14294336932568213,0.0,0.14739811191372734,0.09340193069891822,0.13932379557934868,0.07446462295081967,0.07134931743647252,77.08181318681318,0.185,piecewise_linear,6,210,244,244,uniform,False
nssp,"RSV ED visit percentage of total ED visits, all ages",2024-2025,West Virginia,early_sep_mar,Early Sep-Mar,544,3024,0.132862456617647,0.13872001023194575,0.0,0.1469519310772205,0.09824139693185203,0.13824511193313888,0.09613422222222222,0.0805330092829175,77.08181318681319,0.185,piecewise_linear,6,210,244,244,uniform,False
nssp,"RSV ED visit percentage of total ED visits, all ages",2024-2025,West Virginia,extended_sep_apr,Extended Sep-Apr,544,3144,0.1430646625,0.1397452755835713,0.06964952447552449,0.1469519310772205,0.10389112947070982,0.1396228934979116,0.11124850931445605,0.08788014716015748,77.08181318681318,0.185,piecewise_linear,6,210,244,244,uniform,False
nssp,"RSV ED visit percentage of total ED visits, all ages",2024-2025,West Virginia,late_oct_apr,Late Oct-Apr,544,3024,0.13286245661764703,0.1431905283375183,0.0,0.14739811191372734,0.099051663237776,0.14070157714412132,0.0829651506849315,0.07869645531371251,77.08181318681319,0.185,piecewise_linear,6,210,244,244,uniform,False
nssp,"RSV ED visit percentage of total ED visits, all ages",2024-2025,Wisconsin,baseline_oct_mar,Baseline Oct-Mar,544,2904,0.12266025073529407,0.141459347226375,0.0,0.1474972933350997,0.09227734161548985,0.14059984689934749,0.07446462295081967,0.07134931743647252,42.92694139194139,0.185,piecewise_linear,6,210,244,244,uniform,False
nssp,"RSV ED visit percentage of total ED visits, all ages",2024-2025,Wisconsin,early_sep_mar,Early Sep-Mar,544,3024,0.132862456617647,0.13932036942152115,0.0,0.14698473733918363,0.09677723732370928,0.13970828875797833,0.09613422222222222,0.0805330092829175,42.926941391941384,0.185,piecewise_linear,6,210,244,244,uniform,False
nssp,"RSV ED visit percentage of total ED visits, all ages",2024-2025,Wisconsin,extended_sep_apr,Extended Sep-Apr,544,3144,0.1430646625,0.1396756571206572,0.06436436732358551,0.14698473733918363,0.10199861787699581,0.14048852641008525,0.11124850931445605,0.08788014716015748,42.92694139194139,0.185,piecewise_linear,6,210,244,244,uniform,False
nssp,"RSV ED visit percentage of total ED visits, all ages",2024-2025,Wisconsin,late_oct_apr,Late Oct-Apr,544,3024,0.13286245661764703,0.141459347226375,0.0,0.1474972933350997,0.09749872216877636,0.1413800845514544,0.0829651506849315,0.07869645531371251,42.92694139194139,0.185,piecewise_linear,6,210,244,244,uniform,False
nssp,"RSV ED visit percentage of total ED visits, all ages",2024-2025,Wyoming,baseline_oct_mar,Baseline Oct-Mar,544,2904,0.12266025073529407,0.13668816345537496,0.0,0.14616693998999913,0.09166488480755222,0.13874276692354953,0.07446462295081967,0.07134931743647252,46.95128205128205,0.185,piecewise_linear,6,210,244,244,uniform,False
nssp,"RSV ED visit percentage of total ED visits, all ages",2024-2025,Wyoming,early_sep_mar,Early Sep-Mar,544,3024,0.132862456617647,0.1371637461399483,0.0,0.1459575701833554,0.09634366398467172,0.13786101241570392,0.09613422222222222,0.0805330092829175,46.95128205128205,0.185,piecewise_linear,6,210,244,244,uniform,False
nssp,"RSV ED visit percentage of total ED visits, all ages",2024-2025,Wyoming,extended_sep_apr,Extended Sep-Apr,544,3144,0.1430646625,0.13777038826245522,0.06163991106287076,0.1459575701833554,0.10145199764814271,0.13906028339112683,0.11124850931445605,0.08788014716015748,46.95128205128206,0.185,piecewise_linear,6,210,244,244,uniform,False
nssp,"RSV ED visit percentage of total ED visits, all ages",2024-2025,Wyoming,late_oct_apr,Late Oct-Apr,544,3024,0.13286245661764703,0.13703413243551466,0.0,0.14616693998999913,0.09677321847102321,0.13994203789897242,0.0829651506849315,0.07869645531371251,46.95128205128205,0.185,piecewise_linear,6,210,244,244,uniform,False
nssp,"RSV ED visit percentage of total ED visits, all ages",2025-2026,Alabama,baseline_oct_mar,Baseline Oct-Mar,480,2648,0.1390149508333333,0.11769599127975598,0.056229635028184254,0.14046081709833158,0.09548401578703518,0.12462427173109401,0.0833457247706422,0.08066927189436571,35.913223443223444,0.185,piecewise_linear,6,210,244,244,uniform,False
nssp,"RSV ED visit percentage of total ED visits, all ages",2025-2026,Alabama,early_sep_mar,Early Sep-Mar,480,2768,0.15057745083333332,0.1321683512802316,0.09939611456609551,0.14282016352420476,0.10623381733269636,0.13290241318138687,0.11124850931445605,0.09138075542502797,35.913223443223444,0.185,piecewise_linear,6,210,244,244,uniform,False
nssp,"RSV ED visit percentage of total ED visits, all ages",2025-2026,Alabama,extended_sep_apr,Extended Sep-Apr,480,2868,0.16140573208333328,0.13245497654653038,0.10046630883955031,0.14282016352420476,0.10955403395909112,0.13320061685170356,0.11124850931445605,0.09518194341379597,35.91322344322345,0.185,piecewise_linear,6,210,244,244,uniform,False
nssp,"RSV ED visit percentage of total ED visits, all ages",2025-2026,Alabama,late_oct_apr,Late Oct-Apr,480,2748,0.1498432320833333,0.11918232407698384,0.08502818001392025,0.14056688905890638,0.09880423241342992,0.12492247540141074,0.09909333515881709,0.08447045988313373,35.913223443223444,0.185,piecewise_linear,6,210,244,244,uniform,False
nssp,"RSV ED visit percentage of total ED visits, all ages",2025-2026,Alaska,baseline_oct_mar,Baseline Oct-Mar,480,2648,0.1390149508333333,0.13962029289613334,0.046039120590611264,0.1469871816264655,0.10358560460889818,0.13969655896084707,0.0833457247706422,0.08066927189436571,41.556648351648356,0.185,piecewise_linear,6,210,244,244,uniform,False
nssp,"RSV ED visit percentage of total ED visits, all ages",2025-2026,Alaska,early_sep_mar,Early Sep-Mar,480,2768,0.15057745083333332,0.14278111480940361,0.11207039520926833,0.14686731617624793,0.11151142845973969,0.13975007484242088,0.11124850931445605,0.09138075542502797,41.556648351648356,0.185,piecewise_linear,6,210,244,244,uniform,False
nssp,"RSV ED visit percentage of total ED visits, all ages",2025-2026,Alaska,extended_sep_apr,Extended Sep-Apr,480,2868,0.16140573208333328,0.14278111480940361,0.11491045251997194,0.14686731617624793,0.11456225614495913,0.14019814253690369,0.11124850931445605,0.09518194341379597,41.55664835164836,0.185,piecewise_linear,6,210,244,244,uniform,False
nssp,"RSV ED visit percentage of total ED visits, all ages",2025-2026,Alaska,late_oct_apr,Late Oct-Apr,480,2748,0.1498432320833333,0.13962029289613334,0.08137457995951418,0.1469871816264655,0.1066364322941176,0.1401446266553299,0.09909333515881709,0.08447045988313373,41.556648351648356,0.185,piecewise_linear,6,210,244,244,uniform,False
nssp,"RSV ED visit percentage of total ED visits, all ages",2025-2026,Arizona,baseline_oct_mar,Baseline Oct-Mar,480,2648,0.1390149508333333,0.14151839648776396,0.05813984724663848,0.14648000931120164,0.10281839655666253,0.1389694129478189,0.0833457247706422,0.08066927189436571,14.692307692307693,0.185,piecewise_linear,6,210,244,244,uniform,False
nssp,"RSV ED visit percentage of total ED visits, all ages",2025-2026,Arizona,early_sep_mar,Early Sep-Mar,480,2768,0.15057745083333332,0.14139319787146357,0.10577525156177157,0.1465448917381954,0.11085082986741025,0.1383868120863714,0.11124850931445605,0.09138075542502797,14.692307692307693,0.185,piecewise_linear,6,210,244,244,uniform,False
nssp,"RSV ED visit percentage of total ED visits, all ages",2025-2026,Arizona,extended_sep_apr,Extended Sep-Apr,480,2868,0.16140573208333328,0.14139319787146357,0.11160753679653679,0.1465448917381954,0.11424485321501464,0.13926499814202603,0.11124850931445605,0.09518194341379597,14.692307692307693,0.185,piecewise_linear,6,210,244,244,uniform,False
nssp,"RSV ED visit percentage of total ED visits, all ages",2025-2026,Arizona,late_oct_apr,Late Oct-Apr,480,2748,0.1498432320833333,0.14151839648776396,0.09050501086715063,0.14648000931120164,0.10621241990426689,0.13984759900347352,0.09909333515881709,0.08447045988313373,14.692307692307693,0.185,piecewise_linear,6,210,244,244,uniform,False
nssp,"RSV ED visit percentage of total ED visits, all ages",2025-2026,Arkansas,baseline_oct_mar,Baseline Oct-Mar,480,2648,0.1390149508333333,0.1315580356840793,0.04506475802994034,0.1451957349919779,0.10039072770698677,0.134918121181392,0.0833457247706422,0.08066927189436571,68.04540293040293,0.185,piecewise_linear,6,210,244,244,uniform,False
nssp,"RSV ED visit percentage of total ED visits, all ages",2025-2026,Arkansas,early_sep_mar,Early Sep-Mar,480,2768,0.15057745083333332,0.14018980327650538,0.11704078180547337,0.14594175076347554,0.11118690655235593,0.13881550674166235,0.11124850931445605,0.09138075542502797,68.04540293040293,0.185,piecewise_linear,6,210,244,244,uniform,False
nssp,"RSV ED visit percentage of total ED visits, all ages",2025-2026,Arkansas,extended_sep_apr,Extended Sep-Apr,480,2868,0.16140573208333328,0.14018980327650538,0.11812866647114431,0.14594175076347554,0.11430092958935067,0.13916514408228492,0.11124850931445605,0.09518194341379597,68.04540293040293,0.185,piecewise_linear,6,210,244,244,uniform,False
nssp,"RSV ED visit percentage of total ED visits, all ages",2025-2026,Arkansas,late_oct_apr,Late Oct-Apr,480,2748,0.1498432320833333,0.13182079627101537,0.08166324421911422,0.1451957349919779,0.10350475074398154,0.13526775852201456,0.09909333515881709,0.08447045988313373,68.04540293040293,0.185,piecewise_linear,6,210,244,244,uniform,False
nssp,"RSV ED visit percentage of total ED visits, all ages",2025-2026,California,baseline_oct_mar,Baseline Oct-Mar,480,2648,0.1390149508333333,0.13759989858890764,0.04995782563171856,0.14571986095855366,0.10061497802401481,0.1368674038713138,0.0833457247706422,0.08066927189436571,22.228113553113552,0.185,piecewise_linear,6,210,244,244,uniform,False
nssp,"RSV ED visit percentage of total ED visits, all ages",2025-2026,California,early_sep_mar,Early Sep-Mar,480,2768,0.15057745083333332,0.13922425279811573,0.0997204650736717,0.14555158091357398,0.10862626183402017,0.13819169024057554,0.11124850931445605,0.09138075542502797,22.228113553113552,0.185,piecewise_linear,6,210,244,244,uniform,False
nssp,"RSV ED visit percentage of total ED visits, all ages",2025-2026,California,extended_sep_apr,Extended Sep-Apr,480,2868,0.16140573208333328,0.13922425279811573,0.10120862167015865,0.14555158091357398,0.11179409593415017,0.13864569567362378,0.11124850931445605,0.09518194341379597,22.228113553113552,0.185,piecewise_linear,6,210,244,244,uniform,False
nssp,"RSV ED visit percentage of total ED visits, all ages",2025-2026,California,late_oct_apr,Late Oct-Apr,480,2748,0.1498432320833333,0.13759989858890764,0.0811677780044889,0.14571986095855366,0.1037828121241448,0.137321409304362,0.09909333515881709,0.08447045988313373,22.228113553113552,0.185,piecewise_linear,6,210,244,244,uniform,False
nssp,"RSV ED visit percentage of total ED visits, all ages",2025-2026,Colorado,baseline_oct_mar,Baseline Oct-Mar,480,2648,0.1390149508333333,0.14242661843378063,0.04155418234383065,0.14691675180548622,0.10272416401792084,0.1400274418339042,0.0833457247706422,0.08066927189436571,36.22540293040293,0.185,piecewise_linear,6,210,244,244,uniform,False
nssp,"RSV ED visit percentage of total ED visits, all ages",2025-2026,Colorado,early_sep_mar,Early Sep-Mar,480,2768,0.15057745083333332,0.1411816886448949,0.09025297561505852,0.14640583110603683,0.10856703324212849,0.1393656442813784,0.11124850931445605,0.09138075542502797,36.22540293040292,0.185,piecewise_linear,6,210,244,244,uniform,False
nssp,"RSV ED visit percentage of total ED visits, all ages",2025-2026,Colorado,extended_sep_apr,Extended Sep-Apr,480,2868,0.16140573208333328,0.1411816886448949,0.09433740792540793,0.14640583110603683,0.11183211393251508,0.13992905778829795,0.11124850931445605,0.09518194341379597,36.22540293040292,0.185,piecewise_linear,6,210,244,244,uniform,False
nssp,"RSV ED visit percentage of total ED visits, all ages",2025-2026,Colorado,late_oct_apr,Late Oct-Apr,480,2748,0.1498432320833333,0.14242661843378063,0.07953185726855926,0.14691675180548622,0.10598924470830742,0.14059085534082377,0.09909333515881709,0.08447045988313373,36.22540293040292,0.185,piecewise_linear,6,210,244,244,uniform,False
nssp,"RSV ED visit percentage of total ED visits, all ages",2025-2026,Connecticut,baseline_oct_mar,Baseline Oct-Mar,480,2648,0.1390149508333333,0.1401519375729918,0.04862795903157323,0.14604385859128605,0.10225314714694057,0.1389332193051388,0.0833457247706422,0.08066927189436571,23.72945054945055,0.185,piecewise_linear,6,210,244,244,uniform,False
nssp,"RSV ED visit percentage of total ED visits, all ages",2025-2026,Connecticut,early_sep_mar,Early Sep-Mar,480,2768,0.15057745083333332,0.1419678016500354,0.09935975852435402,0.14629495470012757,0.1095699532216864,0.13925105174040112,0.11124850931445605,0.09138075542502797,23.729450549450554,0.185,piecewise_linear,6,210,244,244,uniform,False
nssp,"RSV ED visit percentage of total ED visits, all ages",2025-2026,Connecticut,extended_sep_apr,Extended Sep-Apr,480,2868,0.16140573208333328,0.1419678016500354,0.1034542866349337,0.14629495470012757,0.11265555517001419,0.13966365125792646,0.11124850931445605,0.09518194341379597,23.72945054945055,0.185,piecewise_linear,6,210,244,244,uniform,False
nssp,"RSV ED visit percentage of total ED visits, all ages",2025-2026,Connecticut,late_oct_apr,Late Oct-Apr,480,2748,0.1498432320833333,0.1401519375729918,0.07749773851337768,0.14604385859128605,0.10533874909526833,0.1393458188226641,0.09909333515881709,0.08447045988313373,23.72945054945055,0.185,piecewise_linear,6,210,244,244,uniform,False
nssp,"RSV ED visit percentage of total ED visits, all ages",2025-2026,Delaware,baseline_oct_mar,Baseline Oct-Mar,480,2648,0.1390149508333333,0.1385736499098036,0.049546627135240995,0.14641859009799246,0.10255771221569206,0.13885427703189326,0.0833457247706422,0.08066927189436571,56.466190476190484,0.185,piecewise_linear,6,210,244,244,uniform,False
nssp,"RSV ED visit percentage of total ED visits, all ages",2025-2026,Delaware,early_sep_mar,Early Sep-Mar,480,2768,0.15057745083333332,0.142977409733124,0.10561868667917448,0.1464302669283166,0.11035042571564213,0.13975678930400848,0.11124850931445605,0.09138075542502797,56.46619047619048,0.185,piecewise_linear,6,210,244,244,uniform,False
nssp,"RSV ED visit percentage of total ED visits, all ages",2025-2026,Delaware,extended_sep_apr,Extended Sep-Apr,480,2868,0.16140573208333328,0.142977409733124,0.10761498590992344,0.1464302669283166,0.11376644591636259,0.140101910117781,0.11124850931445605,0.09518194341379597,56.46619047619048,0.185,piecewise_linear,6,210,244,244,uniform,False
nssp,"RSV ED visit percentage of total ED visits, all ages",2025-2026,Delaware,late_oct_apr,Late Oct-Apr,480,2748,0.1498432320833333,0.1385984956923999,0.07910712305500768,0.14641859009799246,0.10597373241641252,0.13919939784566582,0.09909333515881709,0.08447045988313373,56.46619047619048,0.185,piecewise_linear,6,210,244,244,uniform,False
nssp,"RSV ED visit percentage of total ED visits, all ages",2025-2026,District of Columbia,baseline_oct_mar,Baseline Oct-Mar,480,2648,0.1390149508333333,0.1271870361987248,0.0413547758820127,0.142609854093958,0.09646301257746204,0.1304948983555615,0.0833457247706422,0.08066927189436571,26.679688644688646,0.185,piecewise_linear,6,210,244,244,uniform,False
nssp,"RSV ED visit percentage of total ED visits, all ages",2025-2026,District of Columbia,early_sep_mar,Early Sep-Mar,480,2768,0.15057745083333332,0.13551166111485516,0.09403164022855873,0.14363590944611712,0.1058469358914812,0.13554000742419245,0.11124850931445605,0.09138075542502797,26.679688644688646,0.185,piecewise_linear,6,210,244,244,uniform,False
nssp,"RSV ED visit percentage of total ED visits, all ages",2025-2026,District of Columbia,extended_sep_apr,Extended Sep-Apr,480,2868,0.16140573208333328,0.1355904318652728,0.09644633052999631,0.14363590944611712,0.10914232237555044,0.13577398570445212,0.11124850931445605,0.09518194341379597,26.679688644688646,0.185,piecewise_linear,6,210,244,244,uniform,False
nssp,"RSV ED visit percentage of total ED visits, all ages",2025-2026,District of Columbia,late_oct_apr,Late Oct-Apr,480,2748,0.1498432320833333,0.12770423067410364,0.07463339583903644,0.142609854093958,0.09975839906153128,0.1307288766358212,0.09909333515881709,0.08447045988313373,26.679688644688646,0.185,piecewise_linear,6,210,244,244,uniform,False
nssp,"RSV ED visit percentage of total ED visits, all ages",2025-2026,Florida,baseline_oct_mar,Baseline Oct-Mar,480,2648,0.1390149508333333,0.1109691685330614,0.0614234145034532,0.1358400104651688,0.09084028082814995,0.11374095326828186,0.0833457247706422,0.08066927189436571,38.3120695970696,0.185,piecewise_linear,6,210,244,244,uniform,False
nssp,"RSV ED visit percentage of total ED visits, all ages",2025-2026,Florida,early_sep_mar,Early Sep-Mar,480,2768,0.15057745083333332,0.12754369540757346,0.09955803441086677,0.14150582688541835,0.10468049445899348,0.12827031002827619,0.11124850931445605,0.09138075542502797,38.312069597069595,0.185,piecewise_linear,6,210,244,244,uniform,False
nssp,"RSV ED visit percentage of total ED visits, all ages",2025-2026,Florida,extended_sep_apr,Extended Sep-Apr,480,2868,0.16140573208333328,0.1284134126925003,0.1020078718553274,0.14150582688541835,0.10818619946916593,0.12857868853122534,0.11124850931445605,0.09518194341379597,38.3120695970696,0.185,piecewise_linear,6,210,244,244,uniform,False
nssp,"RSV ED visit percentage of total ED visits, all ages",2025-2026,Florida,late_oct_apr,Late Oct-Apr,480,2748,0.1498432320833333,0.11233470069685132,0.07287269417949316,0.13636691979127566,0.09434598583832239,0.11404933177123111,0.09909333515881709,0.08447045988313373,38.3120695970696,0.185,piecewise_linear,6,210,244,244,uniform,False
nssp,"RSV ED visit percentage of total ED visits, all ages",2025-2026,Georgia,baseline_oct_mar,Baseline Oct-Mar,480,2648,0.1390149508333333,0.12338950819470629,0.049286435501884676,0.1428512922522699,0.09708240432796215,0.129459864776433,0.0833457247706422,0.08066927189436571,29.877747252747255,0.185,piecewise_linear,6,210,244,244,uniform,False
nssp,"RSV ED visit percentage of total ED visits, all ages",2025-2026,Georgia,early_sep_mar,Early Sep-Mar,480,2768,0.15057745083333332,0.13655259251726706,0.1057849018383009,0.1441605834939708,0.10783107453599249,0.13606993329631348,0.11124850931445605,0.09138075542502797,29.877747252747252,0.185,piecewise_linear,6,210,244,244,uniform,False
nssp,"RSV ED visit percentage of total ED visits, all ages",2025-2026,Georgia,extended_sep_apr,Extended Sep-Apr,480,2868,0.16140573208333328,0.13685167117381455,0.10681489910427983,0.1441605834939708,0.11109792361090551,0.13632295181523804,0.11124850931445605,0.09518194341379597,29.877747252747255,0.185,piecewise_linear,6,210,244,244,uniform,False
nssp,"RSV ED visit percentage of total ED visits, all ages",2025-2026,Georgia,late_oct_apr,Late Oct-Apr,480,2748,0.1498432320833333,0.1243118475471598,0.07743301136363638,0.1428512922522699,0.10034925340287516,0.12971288329535755,0.09909333515881709,0.08447045988313373,29.877747252747255,0.185,piecewise_linear,6,210,244,244,uniform,False
nssp,"RSV ED visit percentage of total ED visits, all ages",2025-2026,Hawaii,baseline_oct_mar,Baseline Oct-Mar,480,2648,0.1390149508333333,0.12205551667924029,0.06993356507341207,0.14139497873818596,0.09506066521359856,0.12592339038286698,0.0833457247706422,0.08066927189436571,38.519505494505495,0.185,piecewise_linear,6,210,244,244,uniform,False
nssp,"RSV ED visit percentage of total ED visits, all ages",2025-2026,Hawaii,early_sep_mar,Early Sep-Mar,480,2768,0.15057745083333332,0.13052392678222743,0.09238033837628003,0.1422554057631377,0.10505921462313896,0.13171486802775345,0.11124850931445605,0.09138075542502797,38.519505494505495,0.185,piecewise_linear,6,210,244,244,uniform,False
nssp,"RSV ED visit percentage of total ED visits, all ages",2025-2026,Hawaii,extended_sep_apr,Extended Sep-Apr,480,2868,0.16140573208333328,0.13064039563514096,0.09407243629431607,0.1422554057631377,0.10840221268199333,0.13230546813575916,0.11124850931445605,0.09518194341379597,38.519505494505495,0.185,piecewise_linear,6,210,244,244,uniform,False
nssp,"RSV ED visit percentage of total ED visits, all ages",2025-2026,Hawaii,late_oct_apr,Late Oct-Apr,480,2748,0.1498432320833333,0.12274275290972703,0.07947674507253753,0.14139497873818596,0.09840366327245294,0.12651399049087272,0.09909333515881709,0.08447045988313373,38.519505494505495,0.185,piecewise_linear,6,210,244,244,uniform,False
nssp,"RSV ED visit percentage of total ED visits, all ages",2025-2026,Idaho,baseline_oct_mar,Baseline Oct-Mar,480,2648,0.1390149508333333,0.13803843823555473,0.04760242991426751,0.14593961419577356,0.09995692413253228,0.1377290753332158,0.0833457247706422,0.08066927189436571,30.872417582417576,0.185,piecewise_linear,6,210,244,244,uniform,False
nssp,"RSV ED visit percentage of total ED visits, all ages",2025-2026,Idaho,early_sep_mar,Early Sep-Mar,480,2768,0.15057745083333332,0.13706899261514346,0.08615506949751281,0.1456541096993442,0.10648976979576745,0.13766984206385693,0.11124850931445605,0.09138075542502797,30.872417582417576,0.185,piecewise_linear,6,210,244,244,uniform,False
nssp,"RSV ED visit percentage of total ED visits, all ages",2025-2026,Idaho,extended_sep_apr,Extended Sep-Apr,480,2868,0.16140573208333328,0.13709034492231448,0.08895936460606058,0.1456541096993442,0.10965583584617974,0.1383252926197354,0.11124850931445605,0.09518194341379597,30.87241758241758,0.185,piecewise_linear,6,210,244,244,uniform,False
nssp,"RSV ED visit percentage of total ED visits, all ages",2025-2026,Idaho,late_oct_apr,Late Oct-Apr,480,2748,0.1498432320833333,0.13804017719372613,0.07065230209790209,0.14593961419577356,0.10312299018294456,0.13838452588909428,0.09909333515881709,0.08447045988313373,30.87241758241758,0.185,piecewise_linear,6,210,244,244,uniform,False
nssp,"RSV ED visit percentage of total ED visits, all ages",2025-2026,Illinois,baseline_oct_mar,Baseline Oct-Mar,480,2648,0.1390149508333333,0.1395467041420118,0.04372171759899999,0.14649837292745121,0.10287652581051963,0.13926685691469703,0.0833457247706422,0.08066927189436571,43.807014652014644,0.185,piecewise_linear,6,210,244,244,uniform,False
nssp,"RSV ED visit percentage of total ED visits, all ages",2025-2026,Illinois,early_sep_mar,Early Sep-Mar,480,2768,0.15057745083333332,0.14225944427375894,0.10266829031874643,0.1463564457431721,0.11031561159357235,0.1395111836158103,0.11124850931445605,0.09138075542502797,43.807014652014644,0.185,piecewise_linear,6,210,244,244,uniform,False
nssp,"RSV ED visit percentage of total ED visits, all ages",2025-2026,Illinois,extended_sep_apr,Extended Sep-Apr,480,2868,0.16140573208333328,0.14225944427375894,0.10551132618699986,0.1463564457431721,0.11333325863987166,0.13992512319216693,0.11124850931445605,0.09518194341379597,43.807014652014644,0.185,piecewise_linear,6,210,244,244,uniform,False
nssp,"RSV ED visit percentage of total ED visits, all ages",2025-2026,Illinois,late_oct_apr,Late Oct-Apr,480,2748,0.1498432320833333,0.1395467041420118,0.07957919043151972,0.14649837292745121,0.10589417285681892,0.13968079649105364,0.09909333515881709,0.08447045988313373,43.80701465201465,0.185,piecewise_linear,6,210,244,244,uniform,False
nssp,"RSV ED visit percentage of total ED visits, all ages",2025-2026,Indiana,baseline_oct_mar,Baseline Oct-Mar,480,2648,0.1390149508333333,0.13871521920199012,0.05077543509700658,0.14584393614146174,0.1024122971148609,0.13784021354474554,0.0833457247706422,0.08066927189436571,32.04434065934066,0.185,piecewise_linear,6,210,244,244,uniform,False
nssp,"RSV ED visit percentage of total ED visits, all ages",2025-2026,Indiana,early_sep_mar,Early Sep-Mar,480,2768,0.15057745083333332,0.1410871838482915,0.10574768451340325,0.14591313228345484,0.11038137517841283,0.13853632988594108,0.11124850931445605,0.09138075542502797,32.04434065934066,0.185,piecewise_linear,6,210,244,244,uniform,False
nssp,"RSV ED visit percentage of total ED visits, all ages",2025-2026,Indiana,extended_sep_apr,Extended Sep-Apr,480,2868,0.16140573208333328,0.1410871838482915,0.10809430020720022,0.14591313228345484,0.11355531077811956,0.13909738560908605,0.11124850931445605,0.09518194341379597,32.04434065934066,0.185,piecewise_linear,6,210,244,244,uniform,False
nssp,"RSV ED visit percentage of total ED visits, all ages",2025-2026,Indiana,late_oct_apr,Late Oct-Apr,480,2748,0.1498432320833333,0.13871521920199012,0.08658,0.14584393614146174,0.10558623271456763,0.13840126926789054,0.09909333515881709,0.08447045988313373,32.04434065934066,0.185,piecewise_linear,6,210,244,244,uniform,False
nssp,"RSV ED visit percentage of total ED visits, all ages",2025-2026,Iowa,baseline_oct_mar,Baseline Oct-Mar,480,2648,0.1390149508333333,0.14245611085292167,0.04791787149052727,0.14699166547744733,0.10296731034184592,0.139720097698636,0.0833457247706422,0.08066927189436571,47.46754578754579,0.185,piecewise_linear,6,210,244,244,uniform,False
nssp,"RSV ED visit percentage of total ED visits, all ages",2025-2026,Iowa,early_sep_mar,Early Sep-Mar,480,2768,0.15057745083333332,0.14107250763449128,0.09811367201763753,0.14613798313060977,0.10910078976915719,0.13897686144742427,0.11124850931445605,0.09138075542502797,47.46754578754579,0.185,piecewise_linear,6,210,244,244,uniform,False
nssp,"RSV ED visit percentage of total ED visits, all ages",2025-2026,Iowa,extended_sep_apr,Extended Sep-Apr,480,2868,0.16140573208333328,0.14107250763449128,0.09962591037235016,0.14613798313060977,0.11217082784629613,0.13959639366744833,0.11124850931445605,0.09518194341379597,47.46754578754578,0.185,piecewise_linear,6,210,244,244,uniform,False
nssp,"RSV ED visit percentage of total ED visits, all ages",2025-2026,Iowa,late_oct_apr,Late Oct-Apr,480,2748,0.1498432320833333,0.14245611085292167,0.08514343772893776,0.14699166547744733,0.10603734841898482,0.14033962991866003,0.09909333515881709,0.08447045988313373,47.46754578754579,0.185,piecewise_linear,6,210,244,244,uniform,False
nssp,"RSV ED visit percentage of total ED visits, all ages",2025-2026,Kansas,baseline_oct_mar,Baseline Oct-Mar,480,2648,0.1390149508333333,0.1391510761935784,0.0395779513805682,0.14592221714053133,0.10149290332585285,0.1390769187975686,0.0833457247706422,0.08066927189436571,30.345274725274724,0.185,piecewise_linear,6,210,244,244,uniform,False
nssp,"RSV ED visit percentage of total ED visits, all ages",2025-2026,Kansas,early_sep_mar,Early Sep-Mar,480,2768,0.15057745083333332,0.140062975708502,0.08481455784680438,0.14588718564792452,0.10715596783551895,0.13890068802122396,0.11124850931445605,0.09138075542502797,30.345274725274724,0.185,piecewise_linear,6,210,244,244,uniform,False
nssp,"RSV ED visit percentage of total ED visits, all ages",2025-2026,Kansas,extended_sep_apr,Extended Sep-Apr,480,2868,0.16140573208333328,0.140062975708502,0.08792023467625493,0.14588718564792452,0.11018813171474706,0.13933467355709372,0.11124850931445605,0.09518194341379597,30.345274725274724,0.185,piecewise_linear,6,210,244,244,uniform,False
nssp,"RSV ED visit percentage of total ED visits, all ages",2025-2026,Kansas,late_oct_apr,Late Oct-Apr,480,2748,0.1498432320833333,0.1391510761935784,0.06828968952734016,0.14592221714053133,0.10452506720508095,0.13951090433343835,0.09909333515881709,0.08447045988313373,30.345274725274727,0.185,piecewise_linear,6,210,244,244,uniform,False
nssp,"RSV ED visit percentage of total ED visits, all ages",2025-2026,Kentucky,baseline_oct_mar,Baseline Oct-Mar,480,2648,0.1390149508333333,0.13583965829509387,0.05596791336570406,0.14575871817116146,0.10178474964061092,0.13675725024157476,0.0833457247706422,0.08066927189436571,42.96697802197802,0.185,piecewise_linear,6,210,244,244,uniform,False
nssp,"RSV ED visit percentage of total ED visits, all ages",2025-2026,Kentucky,early_sep_mar,Early Sep-Mar,480,2768,0.15057745083333332,0.14040543715259104,0.10201718898658248,0.14547789728217134,0.10932388602183367,0.1379953803525358,0.11124850931445605,0.09138075542502797,42.96697802197802,0.185,piecewise_linear,6,210,244,244,uniform,False
nssp,"RSV ED visit percentage of total ED visits, all ages",2025-2026,Kentucky,extended_sep_apr,Extended Sep-Apr,480,2868,0.16140573208333328,0.14040543715259104,0.10473181186923945,0.14547789728217134,0.11256790675112328,0.13851437292387525,0.11124850931445605,0.09518194341379597,42.96697802197802,0.185,piecewise_linear,6,210,244,244,uniform,False
nssp,"RSV ED visit percentage of total ED visits, all ages",2025-2026,Kentucky,late_oct_apr,Late Oct-Apr,480,2748,0.1498432320833333,0.13615536984826146,0.08919040833410846,0.14575871817116146,0.1050287703699005,0.1372762428129142,0.09909333515881709,0.08447045988313373,42.96697802197802,0.185,piecewise_linear,6,210,244,244,uniform,False
nssp,"RSV ED visit percentage of total ED visits, all ages",2025-2026,Louisiana,baseline_oct_mar,Baseline Oct-Mar,480,2648,0.1390149508333333,0.1323611270538814,0.047481601713183566,0.144918245685055,0.10013186282027413,0.13465653140153028,0.0833457247706422,0.08066927189436571,33.54732600732601,0.185,piecewise_linear,6,210,244,244,uniform,False
nssp,"RSV ED visit percentage of total ED visits, all ages",2025-2026,Louisiana,early_sep_mar,Early Sep-Mar,480,2768,0.15057745083333332,0.14112102669410032,0.10670362912087912,0.1458855024494751,0.11025584048276268,0.13889923016285038,0.11124850931445605,0.09138075542502797,33.54732600732601,0.185,piecewise_linear,6,210,244,244,uniform,False
nssp,"RSV ED visit percentage of total ED visits, all ages",2025-2026,Louisiana,extended_sep_apr,Extended Sep-Apr,480,2868,0.16140573208333328,0.14112102669410032,0.11146980045514605,0.1458855024494751,0.11363200971825983,0.13916411979026844,0.11124850931445605,0.09518194341379597,33.54732600732601,0.185,piecewise_linear,6,210,244,244,uniform,False
nssp,"RSV ED visit percentage of total ED visits, all ages",2025-2026,Louisiana,late_oct_apr,Late Oct-Apr,480,2748,0.1498432320833333,0.13255216274832818,0.07735204416496051,0.144918245685055,0.10350803205577125,0.13492142102894836,0.09909333515881709,0.08447045988313373,33.54732600732601,0.185,piecewise_linear,6,210,244,244,uniform,False
nssp,"RSV ED visit percentage of total ED visits, all ages",2025-2026,Maine,baseline_oct_mar,Baseline Oct-Mar,480,2648,0.1390149508333333,0.1327514014858381,0.03364279520479521,0.14634551424866205,0.09552096598077876,0.13542174861171152,0.0833457247706422,0.08066927189436571,21.545677655677657,0.185,piecewise_linear,6,210,244,244,uniform,False
nssp,"RSV ED visit percentage of total ED visits, all ages",2025-2026,Maine,early_sep_mar,Early Sep-Mar,480,2768,0.15057745083333332,0.12845212399365338,0.06055626914202548,0.14634830779668093,0.10196529855883119,0.13389241068740243,0.11124850931445605,0.09138075542502797,21.545677655677657,0.185,piecewise_linear,6,210,244,244,uniform,False
nssp,"RSV ED visit percentage of total ED visits, all ages",2025-2026,Maine,extended_sep_apr,Extended Sep-Apr,480,2868,0.16140573208333328,0.12952041485176727,0.07102701359570661,0.14634830779668093,0.10536731736711576,0.13551252738169153,0.11124850931445605,0.09518194341379597,21.545677655677657,0.185,piecewise_linear,6,210,244,244,uniform,False
nssp,"RSV ED visit percentage of total ED visits, all ages",2025-2026,Maine,late_oct_apr,Late Oct-Apr,480,2748,0.1498432320833333,0.13355285989591806,0.05084866762153508,0.14634551424866205,0.09892298478906336,0.13704186530600063,0.09909333515881709,0.08447045988313373,21.545677655677657,0.185,piecewise_linear,6,210,244,244,uniform,False
nssp,"RSV ED visit percentage of total ED visits, all ages",2025-2026,Maryland,baseline_oct_mar,Baseline Oct-Mar,480,2648,0.1390149508333333,0.13134533277799437,0.048737239442172176,0.1452598037941335,0.10040086737506355,0.13587331617410467,0.0833457247706422,0.08066927189436571,36.370384615384616,0.185,piecewise_linear,6,210,244,244,uniform,False
nssp,"RSV ED visit percentage of total ED visits, all ages",2025-2026,Maryland,early_sep_mar,Early Sep-Mar,480,2768,0.15057745083333332,0.14100573347261675,0.09850807988594548,0.14546541691352122,0.10852325748287832,0.1383586276732642,0.11124850931445605,0.09138075542502797,36.370384615384616,0.185,piecewise_linear,6,210,244,244,uniform,False
nssp,"RSV ED visit percentage of total ED visits, all ages",2025-2026,Maryland,extended_sep_apr,Extended Sep-Apr,480,2868,0.16140573208333328,0.14100573347261675,0.102641235170424,0.14546541691352122,0.11186731594494712,0.1386392261834963,0.11124850931445605,0.09518194341379597,36.370384615384616,0.185,piecewise_linear,6,210,244,244,uniform,False
nssp,"RSV ED visit percentage of total ED visits, all ages",2025-2026,Maryland,late_oct_apr,Late Oct-Apr,480,2748,0.1498432320833333,0.13237625615522336,0.07796652647216172,0.1452598037941335,0.10374492583713238,0.13615391468433674,0.09909333515881709,0.08447045988313373,36.37038461538462,0.185,piecewise_linear,6,210,244,244,uniform,False
nssp,"RSV ED visit percentage of total ED visits, all ages",2025-2026,Massachusetts,baseline_oct_mar,Baseline Oct-Mar,480,2648,0.1390149508333333,0.138565031191372,0.049032870289980914,0.1461552299298264,0.10218546524345133,0.1382362073729893,0.0833457247706422,0.08066927189436571,42.81924908424909,0.185,piecewise_linear,6,210,244,244,uniform,False
nssp,"RSV ED visit percentage of total ED visits, all ages",2025-2026,Massachusetts,early_sep_mar,Early Sep-Mar,480,2768,0.15057745083333332,0.14244862969392494,0.1115991220532045,0.14623095888910156,0.11087973036924839,0.13928375519753186,0.11124850931445605,0.09138075542502797,42.819249084249094,0.185,piecewise_linear,6,210,244,244,uniform,False
nssp,"RSV ED visit percentage of total ED visits, all ages",2025-2026,Massachusetts,extended_sep_apr,Extended Sep-Apr,480,2868,0.16140573208333328,0.14244862969392494,0.11260398657151506,0.14623095888910156,0.11403300760257112,0.13971043154775514,0.11124850931445605,0.09518194341379597,42.81924908424909,0.185,piecewise_linear,6,210,244,244,uniform,False
nssp,"RSV ED visit percentage of total ED visits, all ages",2025-2026,Massachusetts,late_oct_apr,Late Oct-Apr,480,2748,0.1498432320833333,0.138565031191372,0.07898771543840777,0.1461552299298264,0.10533874247677404,0.13866288372321256,0.09909333515881709,0.08447045988313373,42.81924908424909,0.185,piecewise_linear,6,210,244,244,uniform,False
nssp,"RSV ED visit percentage of total ED visits, all ages",2025-2026,Michigan,baseline_oct_mar,Baseline Oct-Mar,480,2648,0.1390149508333333,0.14274913432116415,0.058485001183836684,0.14695584064615386,0.10418844974403053,0.13962298596421505,0.0833457247706422,0.08066927189436571,33.69003663003662,0.185,piecewise_linear,6,210,244,244,uniform,False
nssp,"RSV ED visit percentage of total ED visits, all ages",2025-2026,Michigan,early_sep_mar,Early Sep-Mar,480,2768,0.15057745083333332,0.14110577447552447,0.09657709952769127,0.1463076734616554,0.10974247713796381,0.13837209492728964,0.11124850931445605,0.09138075542502797,33.69003663003663,0.185,piecewise_linear,6,210,244,244,uniform,False
nssp,"RSV ED visit percentage of total ED visits, all ages",2025-2026,Michigan,extended_sep_apr,Extended Sep-Apr,480,2868,0.16140573208333328,0.14110577447552447,0.1016206098429872,0.1463076734616554,0.11294210557338595,0.13922903404515213,0.11124850931445605,0.09518194341379597,33.69003663003663,0.185,piecewise_linear,6,210,244,244,uniform,False
nssp,"RSV ED visit percentage of total ED visits, all ages",2025-2026,Michigan,late_oct_apr,Late Oct-Apr,480,2748,0.1498432320833333,0.14274913432116415,0.09216667934829713,0.14695584064615386,0.10738807817945267,0.1404799250820775,0.09909333515881709,0.08447045988313373,33.69003663003663,0.185,piecewise_linear,6,210,244,244,uniform,False
nssp,"RSV ED visit percentage of total ED visits, all ages",2025-2026,Minnesota,baseline_oct_mar,Baseline Oct-Mar,480,2648,0.1390149508333333,0.13754399527666872,0.05643702540483089,0.1459841863817866,0.10154476732640458,0.13693682333089108,0.0833457247706422,0.08066927189436571,38.25692307692308,0.185,piecewise_linear,6,210,244,244,uniform,False
nssp,"RSV ED visit percentage of total ED visits, all ages",2025-2026,Minnesota,early_sep_mar,Early Sep-Mar,480,2768,0.15057745083333332,0.1381809572632168,0.09848961050005271,0.14507152709260304,0.10859095964780202,0.13731316337832242,0.11124850931445605,0.09138075542502797,38.25692307692308,0.185,piecewise_linear,6,210,244,244,uniform,False
nssp,"RSV ED visit percentage of total ED visits, all ages",2025-2026,Minnesota,extended_sep_apr,Extended Sep-Apr,480,2868,0.16140573208333328,0.1382112504138971,0.0993713343504095,0.14507152709260304,0.11193019520688807,0.13806312257590556,0.11124850931445605,0.09518194341379597,38.25692307692308,0.185,piecewise_linear,6,210,244,244,uniform,False
nssp,"RSV ED visit percentage of total ED visits, all ages",2025-2026,Minnesota,late_oct_apr,Late Oct-Apr,480,2748,0.1498432320833333,0.1375907824142589,0.08978209506481089,0.1459841863817866,0.10488400288549062,0.13768678252847424,0.09909333515881709,0.08447045988313373,38.25692307692308,0.185,piecewise_linear,6,210,244,244,uniform,False
nssp,"RSV ED visit percentage of total ED visits, all ages",2025-2026,Mississippi,baseline_oct_mar,Baseline Oct-Mar,480,2648,0.1390149508333333,0.13566081861180893,0.051540008914206195,0.14530124292376642,0.0999647058944085,0.13575951073720818,0.0833457247706422,0.08066927189436571,32.107014652014655,0.185,piecewise_linear,6,210,244,244,uniform,False
nssp,"RSV ED visit percentage of total ED visits, all ages",2025-2026,Mississippi,early_sep_mar,Early Sep-Mar,480,2768,0.15057745083333332,0.13897973575156025,0.09352332491764885,0.1449818067505359,0.10751252813361187,0.13757701841894523,0.11124850931445605,0.09138075542502797,32.107014652014655,0.185,piecewise_linear,6,210,244,244,uniform,False
nssp,"RSV ED visit percentage of total ED visits, all ages",2025-2026,Mississippi,extended_sep_apr,Extended Sep-Apr,480,2868,0.16140573208333328,0.13908399208335134,0.09609873709482457,0.1449818067505359,0.11118545413880249,0.13801180689993342,0.11124850931445605,0.09518194341379597,32.107014652014655,0.185,piecewise_linear,6,210,244,244,uniform,False
nssp,"RSV ED visit percentage of total ED visits, all ages",2025-2026,Mississippi,late_oct_apr,Late Oct-Apr,480,2748,0.1498432320833333,0.136441297222434,0.08261150681596886,0.14530124292376642,0.10363763189959913,0.1361942992181963,0.09909333515881709,0.08447045988313373,32.107014652014655,0.185,piecewise_linear,6,210,244,244,uniform,False
nssp,"RSV ED visit percentage of total ED visits, all ages",2025-2026,Montana,baseline_oct_mar,Baseline Oct-Mar,480,2648,0.1390149508333333,0.14123743195352434,0.05267354198844634,0.1468959487599556,0.10205168610292967,0.13882143863946023,0.0833457247706422,0.08066927189436571,27.482344322344325,0.185,piecewise_linear,6,210,244,244,uniform,False
nssp,"RSV ED visit percentage of total ED visits, all ages",2025-2026,Montana,early_sep_mar,Early Sep-Mar,480,2768,0.15057745083333332,0.1363681196373143,0.0683006336334898,0.14683586521620579,0.1051021712725708,0.1362506675297571,0.11124850931445605,0.09138075542502797,27.48234432234433,0.185,piecewise_linear,6,210,244,244,uniform,False
nssp,"RSV ED visit percentage of total ED visits, all ages",2025-2026,Montana,extended_sep_apr,Extended Sep-Apr,480,2868,0.16140573208333328,0.1367570024730118,0.07850769980621788,0.14683586521620579,0.10867246400560478,0.137770393478454,0.11124850931445605,0.09518194341379597,27.482344322344325,0.185,piecewise_linear,6,210,244,244,uniform,False
nssp,"RSV ED visit percentage of total ED visits, all ages",2025-2026,Montana,late_oct_apr,Late Oct-Apr,480,2748,0.1498432320833333,0.14123743195352434,0.07438961326831063,0.1468959487599556,0.10562197883596366,0.1403411645881571,0.09909333515881709,0.08447045988313373,27.482344322344325,0.185,piecewise_linear,6,210,244,244,uniform,False
nssp,"RSV ED visit percentage of total ED visits, all ages",2025-2026,Nebraska,baseline_oct_mar,Baseline Oct-Mar,480,2648,0.1390149508333333,0.13739526282439785,0.039019693141295796,0.14687900473086543,0.09760695540594497,0.13775497809821252,0.0833457247706422,0.08066927189436571,24.764267399267403,0.185,piecewise_linear,6,210,244,244,uniform,False
nssp,"RSV ED visit percentage of total ED visits, all ages",2025-2026,Nebraska,early_sep_mar,Early Sep-Mar,480,2768,0.15057745083333332,0.13153312521580982,0.05323862308948536,0.14687554185784826,0.10087952904959377,0.13559018784369956,0.11124850931445605,0.09138075542502797,24.7642673992674,0.185,piecewise_linear,6,210,244,244,uniform,False
nssp,"RSV ED visit percentage of total ED visits, all ages",2025-2026,Nebraska,extended_sep_apr,Extended Sep-Apr,480,2868,0.16140573208333328,0.1320194612745745,0.059450483993324234,0.14687554185784826,0.10417573319382378,0.13690289869337552,0.11124850931445605,0.09518194341379597,24.764267399267403,0.185,piecewise_linear,6,210,244,244,uniform,False
nssp,"RSV ED visit percentage of total ED visits, all ages",2025-2026,Nebraska,late_oct_apr,Late Oct-Apr,480,2748,0.1498432320833333,0.13748830620510707,0.05323419762854914,0.14687900473086543,0.10090315955017495,0.1390676889478885,0.09909333515881709,0.08447045988313373,24.764267399267403,0.185,piecewise_linear,6,210,244,244,uniform,False
nssp,"RSV ED visit percentage of total ED visits, all ages",2025-2026,Nevada,baseline_oct_mar,Baseline Oct-Mar,480,2648,0.1390149508333333,0.1407688406065315,0.039194646950271965,0.14660927942595303,0.10191777192757989,0.13922226947933306,0.0833457247706422,0.08066927189436571,25.931831501831503,0.185,piecewise_linear,6,210,244,244,uniform,False
nssp,"RSV ED visit percentage of total ED visits, all ages",2025-2026,Nevada,early_sep_mar,Early Sep-Mar,480,2768,0.15057745083333332,0.14100573523512822,0.09682736230823441,0.14640154490793206,0.10918475748211343,0.1392765935094861,0.11124850931445605,0.09138075542502797,25.931831501831503,0.185,piecewise_linear,6,210,244,244,uniform,False
nssp,"RSV ED visit percentage of total ED visits, all ages",2025-2026,Nevada,extended_sep_apr,Extended Sep-Apr,480,2868,0.16140573208333328,0.14100573523512822,0.09804882147529886,0.14640154490793206,0.11237340625273137,0.13975286759850747,0.11124850931445605,0.09518194341379597,25.931831501831503,0.185,piecewise_linear,6,210,244,244,uniform,False
nssp,"RSV ED visit percentage of total ED visits, all ages",2025-2026,Nevada,late_oct_apr,Late Oct-Apr,480,2748,0.1498432320833333,0.1407688406065315,0.07807062880143113,0.14660927942595303,0.10510642069819782,0.1396985435683544,0.09909333515881709,0.08447045988313373,25.931831501831503,0.185,piecewise_linear,6,210,244,244,uniform,False
nssp,"RSV ED visit percentage of total ED visits, all ages",2025-2026,New Hampshire,baseline_oct_mar,Baseline Oct-Mar,480,2648,0.1390149508333333,0.14173742254762087,0.0534702900397475,0.14699218201312075,0.1044835568574322,0.14022541969664182,0.0833457247706422,0.08066927189436571,38.93459706959707,0.185,piecewise_linear,6,210,244,244,uniform,False
nssp,"RSV ED visit percentage of total ED visits, all ages",2025-2026,New Hampshire,early_sep_mar,Early Sep-Mar,480,2768,0.15057745083333332,0.14293002392927892,0.1067886143301143,0.14672264246360198,0.1114259282672254,0.13961156662129684,0.11124850931445605,0.09138075542502797,38.934597069597075,0.185,piecewise_linear,6,210,244,244,uniform,False
nssp,"RSV ED visit percentage of total ED visits, all ages",2025-2026,New Hampshire,extended_sep_apr,Extended Sep-Apr,480,2868,0.16140573208333328,0.14293002392927892,0.10878393593694442,0.14672264246360198,0.11460882559241556,0.14017988462009964,0.11124850931445605,0.09518194341379597,38.93459706959707,0.185,piecewise_linear,6,210,244,244,uniform,False
nssp,"RSV ED visit percentage of total ED visits, all ages",2025-2026,New Hampshire,late_oct_apr,Late Oct-Apr,480,2748,0.1498432320833333,0.14173742254762087,0.08341309848409459,0.14699218201312075,0.10766645418262236,0.14079373769544457,0.09909333515881709,0.08447045988313373,38.93459706959707,0.185,piecewise_linear,6,210,244,244,uniform,False
nssp,"RSV ED visit percentage of total ED visits, all ages",2025-2026,New Jersey,baseline_oct_mar,Baseline Oct-Mar,480,2648,0.1390149508333333,0.13469212216451099,0.04611873729327872,0.14561343574306485,0.10129705969102551,0.13695766752793986,0.0833457247706422,0.08066927189436571,36.14373626373627,0.185,piecewise_linear,6,210,244,244,uniform,False
nssp,"RSV ED visit percentage of total ED visits, all ages",2025-2026,New Jersey,early_sep_mar,Early Sep-Mar,480,2768,0.15057745083333332,0.14147284524544085,0.10362604197785219,0.14573549059176744,0.10970313797194475,0.13890359931504526,0.11124850931445605,0.09138075542502797,36.14373626373627,0.185,piecewise_linear,6,210,244,244,uniform,False
nssp,"RSV ED visit percentage of total ED visits, all ages",2025-2026,New Jersey,extended_sep_apr,Extended Sep-Apr,480,2868,0.16140573208333328,0.14147284524544085,0.10650871001369765,0.14573549059176744,0.11287152112249554,0.13922599456203663,0.11124850931445605,0.09518194341379597,36.143736263736265,0.185,piecewise_linear,6,210,244,244,uniform,False
nssp,"RSV ED visit percentage of total ED visits, all ages",2025-2026,New Jersey,late_oct_apr,Late Oct-Apr,480,2748,0.1498432320833333,0.13469212216451099,0.07831883534630744,0.14561343574306485,0.10446544284157631,0.1372800627749312,0.09909333515881709,0.08447045988313373,36.14373626373627,0.185,piecewise_linear,6,210,244,244,uniform,False
nssp,"RSV ED visit percentage of total ED visits, all ages",2025-2026,New Mexico,baseline_oct_mar,Baseline Oct-Mar,480,2648,0.1390149508333333,0.14171545505511443,0.042110689575506746,0.14710184254761197,0.10142428283044838,0.13987822441480668,0.0833457247706422,0.08066927189436571,34.09183150183151,0.185,piecewise_linear,6,210,244,244,uniform,False
nssp,"RSV ED visit percentage of total ED visits, all ages",2025-2026,New Mexico,early_sep_mar,Early Sep-Mar,480,2768,0.15057745083333332,0.13896388466638712,0.07380148127066731,0.14655915112649315,0.10581004711361827,0.13892496875312735,0.11124850931445605,0.09138075542502797,34.09183150183151,0.185,piecewise_linear,6,210,244,244,uniform,False
nssp,"RSV ED visit percentage of total ED visits, all ages",2025-2026,New Mexico,extended_sep_apr,Extended Sep-Apr,480,2868,0.16140573208333328,0.13899893337430708,0.07998382339846649,0.14655915112649315,0.1089422298777083,0.13952591183518964,0.11124850931445605,0.09518194341379597,34.09183150183151,0.185,piecewise_linear,6,210,244,244,uniform,False
nssp,"RSV ED visit percentage of total ED visits, all ages",2025-2026,New Mexico,late_oct_apr,Late Oct-Apr,480,2748,0.1498432320833333,0.14171545505511443,0.07444030417324611,0.14710184254761197,0.10455646559453839,0.14047916749686895,0.09909333515881709,0.08447045988313373,34.09183150183151,0.185,piecewise_linear,6,210,244,244,uniform,False
nssp,"RSV ED visit percentage of total ED visits, all ages",2025-2026,New York,baseline_oct_mar,Baseline Oct-Mar,480,2648,0.1390149508333333,0.13575279815160962,0.04902021236818889,0.14578421066793293,0.10162682162969211,0.1370876281145477,0.0833457247706422,0.08066927189436571,27.57221611721612,0.185,piecewise_linear,6,210,244,244,uniform,False
nssp,"RSV ED visit percentage of total ED visits, all ages",2025-2026,New York,early_sep_mar,Early Sep-Mar,480,2768,0.15057745083333332,0.14061713531846307,0.10218498937220973,0.14555332072417615,0.10948740036422301,0.1385642595249656,0.11124850931445605,0.09138075542502797,27.57221611721612,0.185,piecewise_linear,6,210,244,244,uniform,False
nssp,"RSV ED visit percentage of total ED visits, all ages",2025-2026,New York,extended_sep_apr,Extended Sep-Apr,480,2868,0.16140573208333328,0.14061713531846307,0.10639144829942783,0.14555332072417615,0.11255333158339863,0.13895426846994316,0.11124850931445605,0.09518194341379597,27.572216117216115,0.185,piecewise_linear,6,210,244,244,uniform,False
nssp,"RSV ED visit percentage of total ED visits, all ages",2025-2026,New York,late_oct_apr,Late Oct-Apr,480,2748,0.1498432320833333,0.13575279815160962,0.08097929051242421,0.14578421066793293,0.10469275284886771,0.13747763705952526,0.09909333515881709,0.08447045988313373,27.57221611721612,0.185,piecewise_linear,6,210,244,244,uniform,False
nssp,"RSV ED visit percentage of total ED visits, all ages",2025-2026,North Carolina,baseline_oct_mar,Baseline Oct-Mar,480,2648,0.1390149508333333,0.13432601987495096,0.049595104447341734,0.1457197993630132,0.10160128679715014,0.136948237253467,0.0833457247706422,0.08066927189436571,43.67415750915751,0.185,piecewise_linear,6,210,244,244,uniform,False
nssp,"RSV ED visit percentage of total ED visits, all ages",2025-2026,North Carolina,early_sep_mar,Early Sep-Mar,480,2768,0.15057745083333332,0.14079434693771348,0.1004024535903657,0.14542712969408492,0.10911240485378997,0.1385034629299853,0.11124850931445605,0.09138075542502797,43.6741575091575,0.185,piecewise_linear,6,210,244,244,uniform,False
nssp,"RSV ED visit percentage of total ED visits, all ages",2025-2026,North Carolina,extended_sep_apr,Extended Sep-Apr,480,2868,0.16140573208333328,0.14079434693771348,0.10341026373253882,0.14542712969408492,0.11223461750211929,0.13886769529486548,0.11124850931445605,0.09518194341379597,43.67415750915751,0.185,piecewise_linear,6,210,244,244,uniform,False
nssp,"RSV ED visit percentage of total ED visits, all ages",2025-2026,North Carolina,late_oct_apr,Late Oct-Apr,480,2748,0.1498432320833333,0.13432601987495096,0.08195817518573284,0.1457197993630132,0.10472349944547947,0.13731246961834725,0.09909333515881709,0.08447045988313373,43.67415750915751,0.185,piecewise_linear,6,210,244,244,uniform,False
nssp,"RSV ED visit percentage of total ED visits, all ages",2025-2026,North Dakota,baseline_oct_mar,Baseline Oct-Mar,480,2648,0.1390149508333333,0.1401562588688432,0.020685665389405115,0.14707373613239008,0.10061754008247985,0.13883715989048237,0.0833457247706422,0.08066927189436571,36.44448717948718,0.185,piecewise_linear,6,210,244,244,uniform,False
nssp,"RSV ED visit percentage of total ED visits, all ages",2025-2026,North Dakota,early_sep_mar,Early Sep-Mar,480,2768,0.15057745083333332,0.13444606192089156,0.03884758559192287,0.14679774646850105,0.1010799304947377,0.13620998057709627,0.11124850931445605,0.09138075542502797,36.44448717948717,0.185,piecewise_linear,6,210,244,244,uniform,False
nssp,"RSV ED visit percentage of total ED visits, all ages",2025-2026,North Dakota,extended_sep_apr,Extended Sep-Apr,480,2868,0.16140573208333328,0.13452733089461757,0.0628600724353528,0.14679774646850105,0.1042683064922769,0.13749009530672066,0.11124850931445605,0.09518194341379597,36.44448717948718,0.185,piecewise_linear,6,210,244,244,uniform,False
nssp,"RSV ED visit percentage of total ED visits, all ages",2025-2026,North Dakota,late_oct_apr,Late Oct-Apr,480,2748,0.1498432320833333,0.1401562588688432,0.0628600724353528,0.14707373613239008,0.10380591608001903,0.14011727462010687,0.09909333515881709,0.08447045988313373,36.44448717948717,0.185,piecewise_linear,6,210,244,244,uniform,False
nssp,"RSV ED visit percentage of total ED visits, all ages",2025-2026,Ohio,baseline_oct_mar,Baseline Oct-Mar,480,2648,0.1390149508333333,0.13957143426276414,0.04643443902269003,0.14719877079713437,0.10429994582268759,0.14011088913417127,0.0833457247706422,0.08066927189436571,25.63498168498169,0.185,piecewise_linear,6,210,244,244,uniform,False
nssp,"RSV ED visit percentage of total ED visits, all ages",2025-2026,Ohio,early_sep_mar,Early Sep-Mar,480,2768,0.15057745083333332,0.14225512071057272,0.10924048299427844,0.1468515432302387,0.111428499152091,0.13987372238880852,0.11124850931445605,0.09138075542502797,25.634981684981685,0.185,piecewise_linear,6,210,244,244,uniform,False
nssp,"RSV ED visit percentage of total ED visits, all ages",2025-2026,Ohio,extended_sep_apr,Extended Sep-Apr,480,2868,0.16140573208333328,0.14225512071057272,0.11160237850995158,0.1468515432302387,0.11436525386461996,0.14031621706914799,0.11124850931445605,0.09518194341379597,25.63498168498169,0.185,piecewise_linear,6,210,244,244,uniform,False
nssp,"RSV ED visit percentage of total ED visits, all ages",2025-2026,Ohio,late_oct_apr,Late Oct-Apr,480,2748,0.1498432320833333,0.13957143426276414,0.08211884560829247,0.14719877079713437,0.10723670053521656,0.14055338381451074,0.09909333515881709,0.08447045988313373,25.63498168498169,0.185,piecewise_linear,6,210,244,244,uniform,False
nssp,"RSV ED visit percentage of total ED visits, all ages",2025-2026,Oklahoma,baseline_oct_mar,Baseline Oct-Mar,480,2648,0.1390149508333333,0.13967463071714611,0.04065217137293087,0.14633015561921842,0.10130014089535273,0.13873450252561284,0.0833457247706422,0.08066927189436571,37.97406593406593,0.185,piecewise_linear,6,210,244,244,uniform,False
nssp,"RSV ED visit percentage of total ED visits, all ages",2025-2026,Oklahoma,early_sep_mar,Early Sep-Mar,480,2768,0.15057745083333332,0.14007318824584902,0.08657052372163156,0.14585279713564514,0.10725986500678478,0.13888399694402825,0.11124850931445605,0.09138075542502797,37.97406593406593,0.185,piecewise_linear,6,210,244,244,uniform,False
nssp,"RSV ED visit percentage of total ED visits, all ages",2025-2026,Oklahoma,extended_sep_apr,Extended Sep-Apr,480,2868,0.16140573208333328,0.14007318824584902,0.0894637938347367,0.14585279713564514,0.11053318957598895,0.13929549126071425,0.11124850931445605,0.09518194341379597,37.97406593406593,0.185,piecewise_linear,6,210,244,244,uniform,False
nssp,"RSV ED visit percentage of total ED visits, all ages",2025-2026,Oklahoma,late_oct_apr,Late Oct-Apr,480,2748,0.1498432320833333,0.13967463071714611,0.07787252071005916,0.14633015561921842,0.1045734654645569,0.13914599684229884,0.09909333515881709,0.08447045988313373,37.97406593406593,0.185,piecewise_linear,6,210,244,244,uniform,False
nssp,"RSV ED visit percentage of total ED visits, all ages",2025-2026,Oregon,baseline_oct_mar,Baseline Oct-Mar,480,2648,0.1390149508333333,0.14371148822813076,0.0540593444589309,0.1474578740411737,0.10566858369699915,0.14052010723449007,0.0833457247706422,0.08066927189436571,27.002106227106225,0.185,piecewise_linear,6,210,244,244,uniform,False
nssp,"RSV ED visit percentage of total ED visits, all ages",2025-2026,Oregon,early_sep_mar,Early Sep-Mar,480,2768,0.15057745083333332,0.1425267875539095,0.10714859940059937,0.1470718889344285,0.11212480557962892,0.13938454306150316,0.11124850931445605,0.09138075542502797,27.00210622710623,0.185,piecewise_linear,6,210,244,244,uniform,False
nssp,"RSV ED visit percentage of total ED visits, all ages",2025-2026,Oregon,extended_sep_apr,Extended Sep-Apr,480,2868,0.16140573208333328,0.1425267875539095,0.11205972193702256,0.1470718889344285,0.11522063060169792,0.14009740896819936,0.11124850931445605,0.09518194341379597,27.002106227106225,0.185,piecewise_linear,6,210,244,244,uniform,False
nssp,"RSV ED visit percentage of total ED visits, all ages",2025-2026,Oregon,late_oct_apr,Late Oct-Apr,480,2748,0.1498432320833333,0.14371148822813076,0.08826578475652791,0.1474578740411737,0.1087644087190681,0.14123297314118624,0.09909333515881709,0.08447045988313373,27.002106227106225,0.185,piecewise_linear,6,210,244,244,uniform,False
nssp,"RSV ED visit percentage of total ED visits, all ages",2025-2026,Pennsylvania,baseline_oct_mar,Baseline Oct-Mar,480,2648,0.1390149508333333,0.13841983390354265,0.04668602669081177,0.14664427578879077,0.10310233348016958,0.13923483603240058,0.0833457247706422,0.08066927189436571,27.52835164835165,0.185,piecewise_linear,6,210,244,244,uniform,False
nssp,"RSV ED visit percentage of total ED visits, all ages",2025-2026,Pennsylvania,early_sep_mar,Early Sep-Mar,480,2768,0.15057745083333332,0.1416332416278858,0.09711763872551293,0.1461540699747458,0.10948274179129903,0.1393821902335617,0.11124850931445605,0.09138075542502797,27.52835164835165,0.185,piecewise_linear,6,210,244,244,uniform,False
nssp,"RSV ED visit percentage of total ED visits, all ages",2025-2026,Pennsylvania,extended_sep_apr,Extended Sep-Apr,480,2868,0.16140573208333328,0.1416332416278858,0.10046900841346153,0.1461540699747458,0.1125848901278791,0.13978739211257432,0.11124850931445605,0.09518194341379597,27.52835164835165,0.185,piecewise_linear,6,210,244,244,uniform,False
nssp,"RSV ED visit percentage of total ED visits, all ages",2025-2026,Pennsylvania,late_oct_apr,Late Oct-Apr,480,2748,0.1498432320833333,0.13841983390354265,0.08104324914985932,0.14664427578879077,0.10620448181674962,0.1396400379114132,0.09909333515881709,0.08447045988313373,27.528351648351652,0.185,piecewise_linear,6,210,244,244,uniform,False
nssp,"RSV ED visit percentage of total ED visits, all ages",2025-2026,Rhode Island,baseline_oct_mar,Baseline Oct-Mar,480,2648,0.1390149508333333,0.13680159418296314,0.049401730239943556,0.14641118039062384,0.10277031211998054,0.13836770302240642,0.0833457247706422,0.08066927189436571,32.576520146520146,0.185,piecewise_linear,6,210,244,244,uniform,False
nssp,"RSV ED visit percentage of total ED visits, all ages",2025-2026,Rhode Island,early_sep_mar,Early Sep-Mar,480,2768,0.15057745083333332,0.14236173818181827,0.10605365764297053,0.14619842510749595,0.11072122269628687,0.13939991003521576,0.11124850931445605,0.09138075542502797,32.576520146520146,0.185,piecewise_linear,6,210,244,244,uniform,False
nssp,"RSV ED visit percentage of total ED visits, all ages",2025-2026,Rhode Island,extended_sep_apr,Extended Sep-Apr,480,2868,0.16140573208333328,0.14236173818181827,0.10801921977988259,0.14619842510749595,0.1137534171906861,0.13978965551775088,0.11124850931445605,0.09518194341379597,32.576520146520146,0.185,piecewise_linear,6,210,244,244,uniform,False
nssp,"RSV ED visit percentage of total ED visits, all ages",2025-2026,Rhode Island,late_oct_apr,Late Oct-Apr,480,2748,0.1498432320833333,0.13680159418296314,0.08023363751521324,0.14641118039062384,0.10580250661437976,0.13875744850494157,0.09909333515881709,0.08447045988313373,32.576520146520146,0.185,piecewise_linear,6,210,244,244,uniform,False
nssp,"RSV ED visit percentage of total ED visits, all ages",2025-2026,South Carolina,baseline_oct_mar,Baseline Oct-Mar,480,2648,0.1390149508333333,0.1302703405475785,0.04956125977674842,0.14440439084211867,0.09948961048362603,0.1330932651814047,0.0833457247706422,0.08066927189436571,30.107619047619046,0.185,piecewise_linear,6,210,244,244,uniform,False
nssp,"RSV ED visit percentage of total ED visits, all ages",2025-2026,South Carolina,early_sep_mar,Early Sep-Mar,480,2768,0.15057745083333332,0.1405226054099275,0.10459490865384621,0.14669564143237016,0.11087938148796188,0.13912871055577086,0.11124850931445605,0.09138075542502797,30.107619047619046,0.185,piecewise_linear,6,210,244,244,uniform,False
nssp,"RSV ED visit percentage of total ED visits, all ages",2025-2026,South Carolina,extended_sep_apr,Extended Sep-Apr,480,2868,0.16140573208333328,0.1405512137087582,0.10818050924937131,0.14669564143237016,0.11401360888859138,0.1393457380018799,0.11124850931445605,0.09518194341379597,30.107619047619046,0.185,piecewise_linear,6,210,244,244,uniform,False
nssp,"RSV ED visit percentage of total ED visits, all ages",2025-2026,South Carolina,late_oct_apr,Late Oct-Apr,480,2748,0.1498432320833333,0.13047517419066768,0.08173926782298668,0.1444203612323865,0.10262383788425553,0.13331029262751376,0.09909333515881709,0.08447045988313373,30.10761904761905,0.185,piecewise_linear,6,210,244,244,uniform,False
nssp,"RSV ED visit percentage of total ED visits, all ages",2025-2026,South Dakota,baseline_oct_mar,Baseline Oct-Mar,480,2648,0.1390149508333333,0.1430495173923821,0.052196794405594396,0.14702905014901105,0.1012636645251936,0.1392671692752777,0.0833457247706422,0.08066927189436571,40.65278388278388,0.185,piecewise_linear,6,210,244,244,uniform,False
nssp,"RSV ED visit percentage of total ED visits, all ages",2025-2026,South Dakota,early_sep_mar,Early Sep-Mar,480,2768,0.15057745083333332,0.13871144554670137,0.0794040893842999,0.14688449086859307,0.10696025109468844,0.13719867784523415,0.11124850931445605,0.09138075542502797,40.65278388278388,0.185,piecewise_linear,6,210,244,244,uniform,False
nssp,"RSV ED visit percentage of total ED visits, all ages",2025-2026,South Dakota,extended_sep_apr,Extended Sep-Apr,480,2868,0.16140573208333328,0.13899695293805717,0.08788360486416236,0.14688449086859307,0.1107845493329886,0.1386212063721837,0.11124850931445605,0.09518194341379597,40.65278388278388,0.185,piecewise_linear,6,210,244,244,uniform,False
nssp,"RSV ED visit percentage of total ED visits, all ages",2025-2026,South Dakota,late_oct_apr,Late Oct-Apr,480,2748,0.1498432320833333,0.14327100642724117,0.07463746253746253,0.14702905014901105,0.10508796276349376,0.14068969780222731,0.09909333515881709,0.08447045988313373,40.65278388278388,0.185,piecewise_linear,6,210,244,244,uniform,False
nssp,"RSV ED visit percentage of total ED visits, all ages",2025-2026,Tennessee,baseline_oct_mar,Baseline Oct-Mar,480,2648,0.1390149508333333,0.1352385890259166,0.05153673076923078,0.14547798212501786,0.10100792940170615,0.13666626141220817,0.0833457247706422,0.08066927189436571,34.7841575091575,0.185,piecewise_linear,6,210,244,244,uniform,False
nssp,"RSV ED visit percentage of total ED visits, all ages",2025-2026,Tennessee,early_sep_mar,Early Sep-Mar,480,2768,0.15057745083333332,0.14059561331509352,0.09968297250546812,0.14565257135172527,0.10886405008307037,0.13833761573272507,0.11124850931445605,0.09138075542502797,34.7841575091575,0.185,piecewise_linear,6,210,244,244,uniform,False
nssp,"RSV ED visit percentage of total ED visits, all ages",2025-2026,Tennessee,extended_sep_apr,Extended Sep-Apr,480,2868,0.16140573208333328,0.14059561331509352,0.10118742999091303,0.14565257135172527,0.11211913334801193,0.13871789345597066,0.11124850931445605,0.09518194341379597,34.7841575091575,0.185,piecewise_linear,6,210,244,244,uniform,False
nssp,"RSV ED visit percentage of total ED visits, all ages",2025-2026,Tennessee,late_oct_apr,Late Oct-Apr,480,2748,0.1498432320833333,0.13542045645863568,0.0833149621698906,0.14547798212501786,0.10426301266664771,0.13704653913545373,0.09909333515881709,0.08447045988313373,34.78415750915751,0.185,piecewise_linear,6,210,244,244,uniform,False
nssp,"RSV ED visit percentage of total ED visits, all ages",2025-2026,Texas,baseline_oct_mar,Baseline Oct-Mar,480,2648,0.1390149508333333,0.12846913485484648,0.04772418985791278,0.14408137582012925,0.09923390124229997,0.133025594301558,0.0833457247706422,0.08066927189436571,37.91608058608058,0.185,piecewise_linear,6,210,244,244,uniform,False
nssp,"RSV ED visit percentage of total ED visits, all ages",2025-2026,Texas,early_sep_mar,Early Sep-Mar,480,2768,0.15057745083333332,0.13983242624768483,0.10306897892325508,0.1450736807499131,0.10904181056130172,0.1377363529270173,0.11124850931445605,0.09138075542502797,37.91608058608058,0.185,piecewise_linear,6,210,244,244,uniform,False
nssp,"RSV ED visit percentage of total ED visits, all ages",2025-2026,Texas,extended_sep_apr,Extended Sep-Apr,480,2868,0.16140573208333328,0.13983242624768483,0.10698948003802529,0.1450736807499131,0.11238408797408257,0.13800947210577044,0.11124850931445605,0.09518194341379597,37.91608058608058,0.185,piecewise_linear,6,210,244,244,uniform,False
nssp,"RSV ED visit percentage of total ED visits, all ages",2025-2026,Texas,late_oct_apr,Late Oct-Apr,480,2748,0.1498432320833333,0.12854672809275414,0.07889637967875042,0.14408137582012925,0.10257617865508084,0.13329871348031114,0.09909333515881709,0.08447045988313373,37.91608058608059,0.185,piecewise_linear,6,210,244,244,uniform,False
nssp,"RSV ED visit percentage of total ED visits, all ages",2025-2026,Utah,baseline_oct_mar,Baseline Oct-Mar,480,2648,0.1390149508333333,0.14211862091011182,0.04646836561157173,0.14709395991284868,0.10124348330007003,0.1400376748179145,0.0833457247706422,0.08066927189436571,33.43322344322345,0.185,piecewise_linear,6,210,244,244,uniform,False
nssp,"RSV ED visit percentage of total ED visits, all ages",2025-2026,Utah,early_sep_mar,Early Sep-Mar,480,2768,0.15057745083333332,0.13952981901993144,0.07604956995945232,0.14680091762791375,0.10616553965573935,0.13901080458895884,0.11124850931445605,0.09138075542502797,33.43322344322345,0.185,piecewise_linear,6,210,244,244,uniform,False
nssp,"RSV ED visit percentage of total ED visits, all ages",2025-2026,Utah,extended_sep_apr,Extended Sep-Apr,480,2868,0.16140573208333328,0.13952981901993144,0.08139138615714994,0.14680091762791375,0.10914365994271445,0.1395923613468941,0.11124850931445605,0.09518194341379597,33.43322344322345,0.185,piecewise_linear,6,210,244,244,uniform,False
nssp,"RSV ED visit percentage of total ED visits, all ages",2025-2026,Utah,late_oct_apr,Late Oct-Apr,480,2748,0.1498432320833333,0.14211862091011182,0.07168707279770589,0.14709395991284868,0.10422160358704513,0.1406192315758498,0.09909333515881709,0.08447045988313373,33.43322344322345,0.185,piecewise_linear,6,210,244,244,uniform,False
nssp,"RSV ED visit percentage of total ED visits, all ages",2025-2026,Vermont,baseline_oct_mar,Baseline Oct-Mar,480,2648,0.1390149508333333,0.1428992592756683,0.05624123031756663,0.14712922572453557,0.10280193763922803,0.1399673339385082,0.0833457247706422,0.08066927189436571,41.55228937728938,0.185,piecewise_linear,6,210,244,244,uniform,False
nssp,"RSV ED visit percentage of total ED visits, all ages",2025-2026,Vermont,early_sep_mar,Early Sep-Mar,480,2768,0.15057745083333332,0.1395076882295275,0.0776060345304413,0.1465719058294877,0.10661325528612967,0.13835675564209887,0.11124850931445605,0.09138075542502797,41.55228937728938,0.185,piecewise_linear,6,210,244,244,uniform,False
nssp,"RSV ED visit percentage of total ED visits, all ages",2025-2026,Vermont,extended_sep_apr,Extended Sep-Apr,480,2868,0.16140573208333328,0.1395076882295275,0.08249834784263355,0.1465719058294877,0.1096634277764651,0.1391731787721687,0.11124850931445605,0.09518194341379597,41.55228937728937,0.185,piecewise_linear,6,210,244,244,uniform,False
nssp,"RSV ED visit percentage of total ED visits, all ages",2025-2026,Vermont,late_oct_apr,Late Oct-Apr,480,2748,0.1498432320833333,0.1428992592756683,0.07886333061158494,0.14712922572453557,0.10585211012956346,0.140783757068578,0.09909333515881709,0.08447045988313373,41.55228937728938,0.185,piecewise_linear,6,210,244,244,uniform,False
nssp,"RSV ED visit percentage of total ED visits, all ages",2025-2026,Virginia,baseline_oct_mar,Baseline Oct-Mar,480,2648,0.1390149508333333,0.1279661673970877,0.0589872616994366,0.14444082389039534,0.09970479382061825,0.13297757885060918,0.0833457247706422,0.08066927189436571,30.459688644688647,0.185,piecewise_linear,6,210,244,244,uniform,False
nssp,"RSV ED visit percentage of total ED visits, all ages",2025-2026,Virginia,early_sep_mar,Early Sep-Mar,480,2768,0.15057745083333332,0.1391717933968385,0.10954288431800638,0.14532939572737866,0.1097872965324947,0.13768383529332442,0.11124850931445605,0.09138075542502797,30.459688644688647,0.185,piecewise_linear,6,210,244,244,uniform,False
nssp,"RSV ED visit percentage of total ED visits, all ages",2025-2026,Virginia,extended_sep_apr,Extended Sep-Apr,480,2868,0.16140573208333328,0.1391717933968385,0.11247118258998974,0.14532939572737866,0.11306047010362145,0.13801962144361926,0.11124850931445605,0.09518194341379597,30.459688644688647,0.185,piecewise_linear,6,210,244,244,uniform,False
nssp,"RSV ED visit percentage of total ED visits, all ages",2025-2026,Virginia,late_oct_apr,Late Oct-Apr,480,2748,0.1498432320833333,0.12819873397048615,0.08649753338629244,0.14444082389039534,0.10297796739174502,0.13331336500090402,0.09909333515881709,0.08447045988313373,30.459688644688644,0.185,piecewise_linear,6,210,244,244,uniform,False
nssp,"RSV ED visit percentage of total ED visits, all ages",2025-2026,Washington,baseline_oct_mar,Baseline Oct-Mar,480,2648,0.1390149508333333,0.13976259471583152,0.052238108963280065,0.1465843712117479,0.10340505409117338,0.1390170848924212,0.0833457247706422,0.08066927189436571,37.691703296703295,0.185,piecewise_linear,6,210,244,244,uniform,False
nssp,"RSV ED visit percentage of total ED visits, all ages",2025-2026,Washington,early_sep_mar,Early Sep-Mar,480,2768,0.15057745083333332,0.1421248294467002,0.10723738760550981,0.14632430324666582,0.11089207212953024,0.1392966157147266,0.11124850931445605,0.09138075542502797,37.691703296703295,0.185,piecewise_linear,6,210,244,244,uniform,False
nssp,"RSV ED visit percentage of total ED visits, all ages",2025-2026,Washington,extended_sep_apr,Extended Sep-Apr,480,2868,0.16140573208333328,0.1421248294467002,0.11159768478614408,0.14632430324666582,0.11403778052240575,0.13979473622282623,0.11124850931445605,0.09518194341379597,37.691703296703295,0.185,piecewise_linear,6,210,244,244,uniform,False
nssp,"RSV ED visit percentage of total ED visits, all ages",2025-2026,Washington,late_oct_apr,Late Oct-Apr,480,2748,0.1498432320833333,0.13976259471583152,0.08417383566433566,0.1465843712117479,0.10655076248404888,0.13951520540052084,0.09909333515881709,0.08447045988313373,37.691703296703295,0.185,piecewise_linear,6,210,244,244,uniform,False
nssp,"RSV ED visit percentage of total ED visits, all ages",2025-2026,West Virginia,baseline_oct_mar,Baseline Oct-Mar,480,2648,0.1390149508333333,0.14014662750401707,0.057791820842079275,0.14673987494271143,0.10390158112954087,0.1385869913425719,0.0833457247706422,0.08066927189436571,58.116721611721616,0.185,piecewise_linear,6,210,244,244,uniform,False
nssp,"RSV ED visit percentage of total ED visits, all ages",2025-2026,West Virginia,early_sep_mar,Early Sep-Mar,480,2768,0.15057745083333332,0.14152776263440217,0.1109398054976938,0.14609291755811346,0.1111603200349579,0.1383193873949081,0.11124850931445605,0.09138075542502797,58.116721611721616,0.185,piecewise_linear,6,210,244,244,uniform,False
nssp,"RSV ED visit percentage of total ED visits, all ages",2025-2026,West Virginia,extended_sep_apr,Extended Sep-Apr,480,2868,0.16140573208333328,0.14152776263440217,0.11176419267838177,0.14609291755811346,0.11435458551310321,0.13912168957974616,0.11124850931445605,0.09518194341379597,58.116721611721616,0.185,piecewise_linear,6,210,244,244,uniform,False
nssp,"RSV ED visit percentage of total ED visits, all ages",2025-2026,West Virginia,late_oct_apr,Late Oct-Apr,480,2748,0.1498432320833333,0.14014662750401707,0.09229549154258626,0.14673987494271143,0.10709584660768617,0.13938929352740997,0.09909333515881709,0.08447045988313373,58.116721611721616,0.185,piecewise_linear,6,210,244,244,uniform,False
nssp,"RSV ED visit percentage of total ED visits, all ages",2025-2026,Wisconsin,baseline_oct_mar,Baseline Oct-Mar,480,2648,0.1390149508333333,0.1430308343093512,0.05379263979069591,0.14698589499102702,0.10334182941876276,0.13987162975281733,0.0833457247706422,0.08066927189436571,33.35708791208792,0.185,piecewise_linear,6,210,244,244,uniform,False
nssp,"RSV ED visit percentage of total ED visits, all ages",2025-2026,Wisconsin,early_sep_mar,Early Sep-Mar,480,2768,0.15057745083333332,0.14129071971000248,0.09655745479882437,0.1463172002340092,0.10938419668261458,0.1386072636414356,0.11124850931445605,0.09138075542502797,33.35708791208791,0.185,piecewise_linear,6,210,244,244,uniform,False
nssp,"RSV ED visit percentage of total ED visits, all ages",2025-2026,Wisconsin,extended_sep_apr,Extended Sep-Apr,480,2868,0.16140573208333328,0.14129071971000248,0.09897544433940793,0.1463172002340092,0.11256833688402364,0.1394210858803717,0.11124850931445605,0.09518194341379597,33.35708791208792,0.185,piecewise_linear,6,210,244,244,uniform,False
nssp,"RSV ED visit percentage of total ED visits, all ages",2025-2026,Wisconsin,late_oct_apr,Late Oct-Apr,480,2748,0.1498432320833333,0.1430308343093512,0.08764700650828029,0.14698589499102702,0.10652596962017181,0.1406854519917535,0.09909333515881709,0.08447045988313373,33.35708791208791,0.185,piecewise_linear,6,210,244,244,uniform,False
nssp,"RSV ED visit percentage of total ED visits, all ages",2025-2026,Wyoming,baseline_oct_mar,Baseline Oct-Mar,480,2648,0.1390149508333333,0.14123762209867163,0.05794821169899797,0.14667584399078665,0.10063971821311463,0.13889163592938555,0.0833457247706422,0.08066927189436571,37.94315018315018,0.185,piecewise_linear,6,210,244,244,uniform,False
nssp,"RSV ED visit percentage of total ED visits, all ages",2025-2026,Wyoming,early_sep_mar,Early Sep-Mar,480,2768,0.15057745083333332,0.1377822103879027,0.08391936708624707,0.14656287881138796,0.10733248162803384,0.13736416861299106,0.11124850931445605,0.09138075542502797,37.94315018315018,0.185,piecewise_linear,6,210,244,244,uniform,False
nssp,"RSV ED visit percentage of total ED visits, all ages",2025-2026,Wyoming,extended_sep_apr,Extended Sep-Apr,480,2868,0.16140573208333328,0.13782537930367503,0.0922750904574268,0.14656287881138796,0.1107641525428023,0.1385204958495978,0.11124850931445605,0.09518194341379597,37.94315018315018,0.185,piecewise_linear,6,210,244,244,uniform,False
nssp,"RSV ED visit percentage of total ED visits, all ages",2025-2026,Wyoming,late_oct_apr,Late Oct-Apr,480,2748,0.1498432320833333,0.14123762209867163,0.07046099866799868,0.14667584399078665,0.1040713891278831,0.1400479631659923,0.09909333515881709,0.08447045988313373,37.94315018315018,0.185,piecewise_linear,6,210,244,244,uniform,False
