week_end,jurisdiction,rsv_ped_total,rsv_total,rsv_ped_0_4,season,in_fixed_window,state_abbrev,hhs_region,is_southeast,is_comparator
2024-07-06,Nebraska,0.0,0.0,,2024-2025,False,NE,7,False,False
2024-07-06,Oklahoma,0.0,0.0,,2024-2025,False,OK,6,False,False
2024-07-06,Pennsylvania,0.0,1.0,,2024-2025,False,PA,3,False,False
2024-07-06,Vermont,,,,2024-2025,False,VT,1,False,False
2024-07-06,Hawaii,0.0,0.0,,2024-2025,False,HI,9,False,False
2024-07-06,Massachusetts,,,,2024-2025,False,MA,1,False,False
2024-07-06,Maryland,0.0,0.0,,2024-2025,False,MD,3,False,False
2024-07-06,Maine,,,,2024-2025,False,ME,1,False,False
2024-07-06,Florida,0.0,0.0,,2024-2025,False,FL,4,False,False
2024-07-06,Michigan,0.0,0.0,,2024-2025,False,MI,5,False,False
2024-07-06,New Hampshire,,,,2024-2025,False,NH,1,False,False
2024-07-06,South Carolina,,,,2024-2025,False,SC,4,True,False
2024-07-06,Tennessee,,,,2024-2025,False,TN,4,True,False
2024-07-06,Utah,,,,2024-2025,False,UT,8,False,False
2024-07-06,Alaska,,,,2024-2025,False,AK,10,False,False
2024-07-06,Arizona,0.0,2.0,,2024-2025,False,AZ,9,False,False
2024-07-06,Kentucky,0.0,0.0,,2024-2025,False,KY,4,False,False
2024-07-06,Indiana,0.0,0.0,,2024-2025,False,IN,5,False,False
2024-07-06,Delaware,0.0,0.0,,2024-2025,False,DE,3,False,False
2024-07-06,Ohio,0.0,0.0,,2024-2025,False,OH,5,False,False
2024-07-06,Virginia,0.0,0.0,,2024-2025,False,VA,3,False,False
2024-07-06,District of Columbia,0.0,0.0,,2024-2025,False,DC,3,False,False
2024-07-06,Kansas,0.0,0.0,,2024-2025,False,KS,7,False,False
2024-07-06,Wyoming,0.0,0.0,,2024-2025,False,WY,8,False,False
2024-07-06,Nevada,,,,2024-2025,False,NV,9,False,False
2024-07-06,Washington,0.0,0.0,,2024-2025,False,WA,10,False,False
2024-07-06,Georgia,0.0,0.0,,2024-2025,False,GA,4,True,False
2024-07-06,Minnesota,,,,2024-2025,False,MN,5,False,True
2024-07-06,Missouri,0.0,0.0,,2024-2025,False,MO,7,False,False
2024-07-06,Idaho,,,,2024-2025,False,ID,10,False,False
2024-07-06,Connecticut,0.0,0.0,,2024-2025,False,CT,1,False,False
2024-07-06,Iowa,0.0,0.0,,2024-2025,False,IA,7,False,False
2024-07-06,North Dakota,0.0,0.0,,2024-2025,False,ND,8,False,False
2024-07-06,New Jersey,,,,2024-2025,False,NJ,2,False,False
2024-07-06,New Mexico,,,,2024-2025,False,NM,6,False,False
2024-07-06,Oregon,,,,2024-2025,False,OR,10,False,False
2024-07-06,Mississippi,0.0,0.0,,2024-2025,False,MS,4,True,False
2024-07-06,North Carolina,,,,2024-2025,False,NC,4,True,False
2024-07-06,California,0.0,0.0,,2024-2025,False,CA,9,False,False
2024-07-06,Montana,0.0,0.0,,2024-2025,False,MT,8,False,False
2024-07-06,Texas,0.0,0.0,,2024-2025,False,TX,6,False,False
2024-07-06,Wisconsin,0.0,0.0,,2024-2025,False,WI,5,False,False
2024-07-06,Alabama,0.0,0.0,,2024-2025,False,AL,4,True,False
2024-07-06,Colorado,0.0,0.0,,2024-2025,False,CO,8,False,False
2024-07-06,Rhode Island,,,,2024-2025,False,RI,1,False,False
2024-07-06,Arkansas,0.0,0.0,,2024-2025,False,AR,6,True,False
2024-07-06,Louisiana,0.0,1.0,,2024-2025,False,LA,6,True,False
2024-07-06,South Dakota,0.0,0.0,,2024-2025,False,SD,8,False,False
2024-07-06,New York,0.0,0.0,,2024-2025,False,NY,2,False,True
2024-07-06,Illinois,0.0,0.0,,2024-2025,False,IL,5,False,False
2024-07-06,West Virginia,,,,2024-2025,False,WV,3,False,False
2024-07-13,Nebraska,0.0,0.0,,2024-2025,False,NE,7,False,False
2024-07-13,Oklahoma,0.0,0.0,,2024-2025,False,OK,6,False,False
2024-07-13,Pennsylvania,0.0,0.0,,2024-2025,False,PA,3,False,False
2024-07-13,Vermont,,,,2024-2025,False,VT,1,False,False
2024-07-13,Hawaii,0.0,0.0,,2024-2025,False,HI,9,False,False
2024-07-13,Massachusetts,,,,2024-2025,False,MA,1,False,False
2024-07-13,Maryland,0.0,0.0,,2024-2025,False,MD,3,False,False
2024-07-13,Maine,,,,2024-2025,False,ME,1,False,False
2024-07-13,Florida,0.0,0.0,,2024-2025,False,FL,4,False,False
2024-07-13,Michigan,0.0,0.0,,2024-2025,False,MI,5,False,False
2024-07-13,New Hampshire,,,,2024-2025,False,NH,1,False,False
2024-07-13,South Carolina,,,,2024-2025,False,SC,4,True,False
2024-07-13,Tennessee,,,,2024-2025,False,TN,4,True,False
2024-07-13,Utah,,,,2024-2025,False,UT,8,False,False
2024-07-13,Alaska,,,,2024-2025,False,AK,10,False,False
2024-07-13,Arizona,0.0,4.0,,2024-2025,False,AZ,9,False,False
2024-07-13,Kentucky,0.0,0.0,,2024-2025,False,KY,4,False,False
2024-07-13,Indiana,0.0,0.0,,2024-2025,False,IN,5,False,False
2024-07-13,Delaware,0.0,0.0,,2024-2025,False,DE,3,False,False
2024-07-13,Ohio,0.0,0.0,,2024-2025,False,OH,5,False,False
2024-07-13,Virginia,0.0,0.0,,2024-2025,False,VA,3,False,False
2024-07-13,District of Columbia,,,,2024-2025,False,DC,3,False,False
2024-07-13,Kansas,0.0,0.0,,2024-2025,False,KS,7,False,False
2024-07-13,Wyoming,0.0,0.0,,2024-2025,False,WY,8,False,False
2024-07-13,Nevada,,,,2024-2025,False,NV,9,False,False
2024-07-13,Washington,0.0,1.0,,2024-2025,False,WA,10,False,False
2024-07-13,Georgia,0.0,0.0,,2024-2025,False,GA,4,True,False
2024-07-13,Minnesota,,,,2024-2025,False,MN,5,False,True
2024-07-13,Missouri,0.0,0.0,,2024-2025,False,MO,7,False,False
2024-07-13,Idaho,,,,2024-2025,False,ID,10,False,False
2024-07-13,Connecticut,0.0,0.0,,2024-2025,False,CT,1,False,False
2024-07-13,Iowa,0.0,0.0,,2024-2025,False,IA,7,False,False
2024-07-13,North Dakota,0.0,0.0,,2024-2025,False,ND,8,False,False
2024-07-13,New Jersey,,,,2024-2025,False,NJ,2,False,False
2024-07-13,New Mexico,,,,2024-2025,False,NM,6,False,False
2024-07-13,Oregon,,,,2024-2025,False,OR,10,False,False
2024-07-13,Mississippi,0.0,0.0,,2024-2025,False,MS,4,True,False
2024-07-13,North Carolina,,,,2024-2025,False,NC,4,True,False
2024-07-13,California,0.0,0.0,,2024-2025,False,CA,9,False,False
2024-07-13,Montana,0.0,0.0,,2024-2025,False,MT,8,False,False
2024-07-13,Texas,0.0,0.0,,2024-2025,False,TX,6,False,False
2024-07-13,Wisconsin,,,,2024-2025,False,WI,5,False,False
2024-07-13,Alabama,0.0,0.0,,2024-2025,False,AL,4,True,False
2024-07-13,Colorado,0.0,0.0,,2024-2025,False,CO,8,False,False
2024-07-13,Rhode Island,,,,2024-2025,False,RI,1,False,False
2024-07-13,Arkansas,0.0,0.0,,2024-2025,False,AR,6,True,False
2024-07-13,Louisiana,0.0,0.0,,2024-2025,False,LA,6,True,False
2024-07-13,South Dakota,0.0,0.0,,2024-2025,False,SD,8,False,False
2024-07-13,New York,0.0,0.0,,2024-2025,False,NY,2,False,True
2024-07-13,Illinois,0.0,0.0,,2024-2025,False,IL,5,False,False
2024-07-13,West Virginia,,,,2024-2025,False,WV,3,False,False
2024-07-20,Nebraska,0.0,0.0,,2024-2025,False,NE,7,False,False
2024-07-20,Oklahoma,0.0,0.0,,2024-2025,False,OK,6,False,False
2024-07-20,Pennsylvania,1.0,1.0,,2024-2025,False,PA,3,False,False
2024-07-20,Vermont,,,,2024-2025,False,VT,1,False,False
2024-07-20,Hawaii,0.0,0.0,,2024-2025,False,HI,9,False,False
2024-07-20,Massachusetts,,,,2024-2025,False,MA,1,False,False
2024-07-20,Maryland,,,,2024-2025,False,MD,3,False,False
2024-07-20,Maine,,,,2024-2025,False,ME,1,False,False
2024-07-20,Florida,0.0,0.0,,2024-2025,False,FL,4,False,False
2024-07-20,Michigan,0.0,0.0,,2024-2025,False,MI,5,False,False
2024-07-20,New Hampshire,,,,2024-2025,False,NH,1,False,False
2024-07-20,South Carolina,,,,2024-2025,False,SC,4,True,False
2024-07-20,Tennessee,,,,2024-2025,False,TN,4,True,False
2024-07-20,Utah,,,,2024-2025,False,UT,8,False,False
2024-07-20,Alaska,,,,2024-2025,False,AK,10,False,False
2024-07-20,Arizona,0.0,0.0,,2024-2025,False,AZ,9,False,False
2024-07-20,Kentucky,0.0,0.0,,2024-2025,False,KY,4,False,False
2024-07-20,Indiana,0.0,0.0,,2024-2025,False,IN,5,False,False
2024-07-20,Delaware,0.0,2.0,,2024-2025,False,DE,3,False,False
2024-07-20,Ohio,0.0,0.0,,2024-2025,False,OH,5,False,False
2024-07-20,Virginia,0.0,0.0,,2024-2025,False,VA,3,False,False
2024-07-20,District of Columbia,0.0,0.0,,2024-2025,False,DC,3,False,False
2024-07-20,Kansas,0.0,0.0,,2024-2025,False,KS,7,False,False
2024-07-20,Wyoming,0.0,0.0,,2024-2025,False,WY,8,False,False
2024-07-20,Nevada,,,,2024-2025,False,NV,9,False,False
2024-07-20,Washington,0.0,0.0,,2024-2025,False,WA,10,False,False
2024-07-20,Georgia,0.0,0.0,,2024-2025,False,GA,4,True,False
2024-07-20,Minnesota,,,,2024-2025,False,MN,5,False,True
2024-07-20,Missouri,0.0,0.0,,2024-2025,False,MO,7,False,False
2024-07-20,Idaho,,,,2024-2025,False,ID,10,False,False
2024-07-20,Connecticut,0.0,0.0,,2024-2025,False,CT,1,False,False
2024-07-20,Iowa,0.0,0.0,,2024-2025,False,IA,7,False,False
2024-07-20,North Dakota,0.0,0.0,,2024-2025,False,ND,8,False,False
2024-07-20,New Jersey,0.0,0.0,,2024-2025,False,NJ,2,False,False
2024-07-20,New Mexico,,,,2024-2025,False,NM,6,False,False
2024-07-20,Oregon,,,,2024-2025,False,OR,10,False,False
2024-07-20,Mississippi,0.0,0.0,,2024-2025,False,MS,4,True,False
2024-07-20,North Carolina,,,,2024-2025,False,NC,4,True,False
2024-07-20,California,0.0,0.0,,2024-2025,False,CA,9,False,False
2024-07-20,Montana,0.0,0.0,,2024-2025,False,MT,8,False,False
2024-07-20,Texas,0.0,0.0,,2024-2025,False,TX,6,False,False
2024-07-20,Wisconsin,,,,2024-2025,False,WI,5,False,False
2024-07-20,Alabama,0.0,0.0,,2024-2025,False,AL,4,True,False
2024-07-20,Colorado,0.0,0.0,,2024-2025,False,CO,8,False,False
2024-07-20,Rhode Island,,,,2024-2025,False,RI,1,False,False
2024-07-20,Arkansas,0.0,0.0,,2024-2025,False,AR,6,True,False
2024-07-20,Louisiana,0.0,0.0,,2024-2025,False,LA,6,True,False
2024-07-20,South Dakota,0.0,0.0,,2024-2025,False,SD,8,False,False
2024-07-20,New York,0.0,0.0,,2024-2025,False,NY,2,False,True
2024-07-20,Illinois,0.0,0.0,,2024-2025,False,IL,5,False,False
2024-07-20,West Virginia,,,,2024-2025,False,WV,3,False,False
2024-07-27,Nebraska,0.0,0.0,,2024-2025,False,NE,7,False,False
2024-07-27,Oklahoma,0.0,0.0,,2024-2025,False,OK,6,False,False
2024-07-27,Pennsylvania,0.0,0.0,,2024-2025,False,PA,3,False,False
2024-07-27,Vermont,,,,2024-2025,False,VT,1,False,False
2024-07-27,Hawaii,0.0,0.0,,2024-2025,False,HI,9,False,False
2024-07-27,Massachusetts,,,,2024-2025,False,MA,1,False,False
2024-07-27,Maryland,,,,2024-2025,False,MD,3,False,False
2024-07-27,Maine,,,,2024-2025,False,ME,1,False,False
2024-07-27,Florida,0.0,0.0,,2024-2025,False,FL,4,False,False
2024-07-27,Michigan,0.0,0.0,,2024-2025,False,MI,5,False,False
2024-07-27,New Hampshire,,,,2024-2025,False,NH,1,False,False
2024-07-27,South Carolina,,,,2024-2025,False,SC,4,True,False
2024-07-27,Tennessee,,,,2024-2025,False,TN,4,True,False
2024-07-27,Utah,,,,2024-2025,False,UT,8,False,False
2024-07-27,Alaska,,,,2024-2025,False,AK,10,False,False
2024-07-27,Arizona,0.0,1.0,,2024-2025,False,AZ,9,False,False
2024-07-27,Kentucky,0.0,0.0,,2024-2025,False,KY,4,False,False
2024-07-27,Indiana,0.0,0.0,,2024-2025,False,IN,5,False,False
2024-07-27,Delaware,0.0,0.0,,2024-2025,False,DE,3,False,False
2024-07-27,Ohio,0.0,0.0,,2024-2025,False,OH,5,False,False
2024-07-27,Virginia,0.0,0.0,,2024-2025,False,VA,3,False,False
2024-07-27,District of Columbia,0.0,0.0,,2024-2025,False,DC,3,False,False
2024-07-27,Kansas,0.0,0.0,,2024-2025,False,KS,7,False,False
2024-07-27,Wyoming,0.0,0.0,,2024-2025,False,WY,8,False,False
2024-07-27,Nevada,,,,2024-2025,False,NV,9,False,False
2024-07-27,Washington,0.0,1.0,,2024-2025,False,WA,10,False,False
2024-07-27,Georgia,0.0,0.0,,2024-2025,False,GA,4,True,False
2024-07-27,Minnesota,,,,2024-2025,False,MN,5,False,True
2024-07-27,Missouri,0.0,0.0,,2024-2025,False,MO,7,False,False
2024-07-27,Idaho,,,,2024-2025,False,ID,10,False,False
2024-07-27,Connecticut,0.0,0.0,,2024-2025,False,CT,1,False,False
2024-07-27,Iowa,0.0,0.0,,2024-2025,False,IA,7,False,False
2024-07-27,North Dakota,0.0,0.0,,2024-2025,False,ND,8,False,False
2024-07-27,New Jersey,,,,2024-2025,False,NJ,2,False,False
2024-07-27,New Mexico,,,,2024-2025,False,NM,6,False,False
2024-07-27,Oregon,,,,2024-2025,False,OR,10,False,False
2024-07-27,Mississippi,0.0,0.0,,2024-2025,False,MS,4,True,False
2024-07-27,North Carolina,,,,2024-2025,False,NC,4,True,False
2024-07-27,California,0.0,0.0,,2024-2025,False,CA,9,False,False
2024-07-27,Montana,0.0,0.0,,2024-2025,False,MT,8,False,False
2024-07-27,Texas,0.0,0.0,,2024-2025,False,TX,6,False,False
2024-07-27,Wisconsin,,,,2024-2025,False,WI,5,False,False
2024-07-27,Alabama,0.0,0.0,,2024-2025,False,AL,4,True,False
2024-07-27,Colorado,0.0,0.0,,2024-2025,False,CO,8,False,False
2024-07-27,Rhode Island,,,,2024-2025,False,RI,1,False,False
2024-07-27,Arkansas,0.0,0.0,,2024-2025,False,AR,6,True,False
2024-07-27,Louisiana,0.0,0.0,,2024-2025,False,LA,6,True,False
2024-07-27,South Dakota,0.0,0.0,,2024-2025,False,SD,8,False,False
2024-07-27,New York,0.0,0.0,,2024-2025,False,NY,2,False,True
2024-07-27,Illinois,0.0,0.0,,2024-2025,False,IL,5,False,False
2024-07-27,West Virginia,,,,2024-2025,False,WV,3,False,False
2024-08-03,Nebraska,0.0,0.0,,2024-2025,False,NE,7,False,False
2024-08-03,Oklahoma,0.0,0.0,,2024-2025,False,OK,6,False,False
2024-08-03,Pennsylvania,0.0,0.0,,2024-2025,False,PA,3,False,False
2024-08-03,Vermont,,,,2024-2025,False,VT,1,False,False
2024-08-03,Hawaii,0.0,0.0,,2024-2025,False,HI,9,False,False
2024-08-03,Massachusetts,,,,2024-2025,False,MA,1,False,False
2024-08-03,Maryland,,,,2024-2025,False,MD,3,False,False
2024-08-03,Maine,,,,2024-2025,False,ME,1,False,False
2024-08-03,Florida,0.0,0.0,,2024-2025,False,FL,4,False,False
2024-08-03,Michigan,0.0,0.0,,2024-2025,False,MI,5,False,False
2024-08-03,New Hampshire,,,,2024-2025,False,NH,1,False,False
2024-08-03,South Carolina,,,,2024-2025,False,SC,4,True,False
2024-08-03,Tennessee,,,,2024-2025,False,TN,4,True,False
2024-08-03,Utah,,,,2024-2025,False,UT,8,False,False
2024-08-03,Alaska,,,,2024-2025,False,AK,10,False,False
2024-08-03,Arizona,0.0,0.0,,2024-2025,False,AZ,9,False,False
2024-08-03,Kentucky,0.0,0.0,,2024-2025,False,KY,4,False,False
2024-08-03,Indiana,0.0,0.0,,2024-2025,False,IN,5,False,False
2024-08-03,Delaware,0.0,0.0,,2024-2025,False,DE,3,False,False
2024-08-03,Ohio,0.0,0.0,,2024-2025,False,OH,5,False,False
2024-08-03,Virginia,0.0,0.0,,2024-2025,False,VA,3,False,False
2024-08-03,District of Columbia,,,,2024-2025,False,DC,3,False,False
2024-08-03,Kansas,0.0,0.0,,2024-2025,False,KS,7,False,False
2024-08-03,Wyoming,0.0,0.0,,2024-2025,False,WY,8,False,False
2024-08-03,Nevada,,,,2024-2025,False,NV,9,False,False
2024-08-03,Washington,0.0,0.0,,2024-2025,False,WA,10,False,False
2024-08-03,Georgia,0.0,0.0,,2024-2025,False,GA,4,True,False
2024-08-03,Minnesota,,,,2024-2025,False,MN,5,False,True
2024-08-03,Missouri,0.0,0.0,,2024-2025,False,MO,7,False,False
2024-08-03,Idaho,0.0,0.0,,2024-2025,False,ID,10,False,False
2024-08-03,Connecticut,0.0,0.0,,2024-2025,False,CT,1,False,False
2024-08-03,Iowa,0.0,0.0,,2024-2025,False,IA,7,False,False
2024-08-03,North Dakota,0.0,0.0,,2024-2025,False,ND,8,False,False
2024-08-03,New Jersey,,,,2024-2025,False,NJ,2,False,False
2024-08-03,New Mexico,,,,2024-2025,False,NM,6,False,False
2024-08-03,Oregon,,,,2024-2025,False,OR,10,False,False
2024-08-03,Mississippi,0.0,0.0,,2024-2025,False,MS,4,True,False
2024-08-03,North Carolina,,,,2024-2025,False,NC,4,True,False
2024-08-03,California,0.0,0.0,,2024-2025,False,CA,9,False,False
2024-08-03,Montana,0.0,0.0,,2024-2025,False,MT,8,False,False
2024-08-03,Texas,0.0,0.0,,2024-2025,False,TX,6,False,False
2024-08-03,Wisconsin,,,,2024-2025,False,WI,5,False,False
2024-08-03,Alabama,0.0,0.0,,2024-2025,False,AL,4,True,False
2024-08-03,Colorado,0.0,0.0,,2024-2025,False,CO,8,False,False
2024-08-03,Rhode Island,,,,2024-2025,False,RI,1,False,False
2024-08-03,Arkansas,0.0,0.0,,2024-2025,False,AR,6,True,False
2024-08-03,Louisiana,0.0,0.0,,2024-2025,False,LA,6,True,False
2024-08-03,South Dakota,0.0,0.0,,2024-2025,False,SD,8,False,False
2024-08-03,New York,0.0,0.0,,2024-2025,False,NY,2,False,True
2024-08-03,Illinois,0.0,0.0,,2024-2025,False,IL,5,False,False
2024-08-03,West Virginia,,,,2024-2025,False,WV,3,False,False
2024-08-10,Nebraska,0.0,2.0,,2024-2025,False,NE,7,False,False
2024-08-10,Oklahoma,0.0,0.0,,2024-2025,False,OK,6,False,False
2024-08-10,Pennsylvania,0.0,1.0,,2024-2025,False,PA,3,False,False
2024-08-10,Vermont,,,,2024-2025,False,VT,1,False,False
2024-08-10,Hawaii,0.0,0.0,,2024-2025,False,HI,9,False,False
2024-08-10,Massachusetts,,,,2024-2025,False,MA,1,False,False
2024-08-10,Maryland,,,,2024-2025,False,MD,3,False,False
2024-08-10,Maine,,,,2024-2025,False,ME,1,False,False
2024-08-10,Florida,0.0,0.0,,2024-2025,False,FL,4,False,False
2024-08-10,Michigan,0.0,0.0,,2024-2025,False,MI,5,False,False
2024-08-10,New Hampshire,,,,2024-2025,False,NH,1,False,False
2024-08-10,South Carolina,0.0,0.0,,2024-2025,False,SC,4,True,False
2024-08-10,Tennessee,,,,2024-2025,False,TN,4,True,False
2024-08-10,Utah,,,,2024-2025,False,UT,8,False,False
2024-08-10,Alaska,,,,2024-2025,False,AK,10,False,False
2024-08-10,Arizona,0.0,4.0,,2024-2025,False,AZ,9,False,False
2024-08-10,Kentucky,0.0,0.0,,2024-2025,False,KY,4,False,False
2024-08-10,Indiana,0.0,0.0,,2024-2025,False,IN,5,False,False
2024-08-10,Delaware,0.0,0.0,,2024-2025,False,DE,3,False,False
2024-08-10,Ohio,0.0,0.0,,2024-2025,False,OH,5,False,False
2024-08-10,Virginia,0.0,0.0,,2024-2025,False,VA,3,False,False
2024-08-10,District of Columbia,,,,2024-2025,False,DC,3,False,False
2024-08-10,Kansas,0.0,0.0,,2024-2025,False,KS,7,False,False
2024-08-10,Wyoming,0.0,0.0,,2024-2025,False,WY,8,False,False
2024-08-10,Nevada,,,,2024-2025,False,NV,9,False,False
2024-08-10,Washington,0.0,0.0,,2024-2025,False,WA,10,False,False
2024-08-10,Georgia,0.0,0.0,,2024-2025,False,GA,4,True,False
2024-08-10,Minnesota,,,,2024-2025,False,MN,5,False,True
2024-08-10,Missouri,0.0,0.0,,2024-2025,False,MO,7,False,False
2024-08-10,Idaho,0.0,0.0,,2024-2025,False,ID,10,False,False
2024-08-10,Connecticut,0.0,0.0,,2024-2025,False,CT,1,False,False
2024-08-10,Iowa,0.0,0.0,,2024-2025,False,IA,7,False,False
2024-08-10,North Dakota,0.0,0.0,,2024-2025,False,ND,8,False,False
2024-08-10,New Jersey,,,,2024-2025,False,NJ,2,False,False
2024-08-10,New Mexico,,,,2024-2025,False,NM,6,False,False
2024-08-10,Oregon,,,,2024-2025,False,OR,10,False,False
2024-08-10,Mississippi,0.0,0.0,,2024-2025,False,MS,4,True,False
2024-08-10,North Carolina,,,,2024-2025,False,NC,4,True,False
2024-08-10,California,1.0,1.0,,2024-2025,False,CA,9,False,False
2024-08-10,Montana,0.0,0.0,,2024-2025,False,MT,8,False,False
2024-08-10,Texas,0.0,0.0,,2024-2025,False,TX,6,False,False
2024-08-10,Wisconsin,0.0,0.0,,2024-2025,False,WI,5,False,False
2024-08-10,Alabama,0.0,0.0,,2024-2025,False,AL,4,True,False
2024-08-10,Colorado,0.0,0.0,,2024-2025,False,CO,8,False,False
2024-08-10,Rhode Island,,,,2024-2025,False,RI,1,False,False
2024-08-10,Arkansas,0.0,0.0,,2024-2025,False,AR,6,True,False
2024-08-10,Louisiana,0.0,0.0,,2024-2025,False,LA,6,True,False
2024-08-10,South Dakota,0.0,0.0,,2024-2025,False,SD,8,False,False
2024-08-10,New York,0.0,0.0,,2024-2025,False,NY,2,False,True
2024-08-10,Illinois,0.0,0.0,,2024-2025,False,IL,5,False,False
2024-08-10,West Virginia,,,,2024-2025,False,WV,3,False,False
2024-08-17,Nebraska,0.0,0.0,,2024-2025,False,NE,7,False,False
2024-08-17,Oklahoma,0.0,0.0,,2024-2025,False,OK,6,False,False
2024-08-17,Pennsylvania,0.0,0.0,,2024-2025,False,PA,3,False,False
2024-08-17,Vermont,,,,2024-2025,False,VT,1,False,False
2024-08-17,Hawaii,0.0,0.0,,2024-2025,False,HI,9,False,False
2024-08-17,Massachusetts,,,,2024-2025,False,MA,1,False,False
2024-08-17,Maryland,,,,2024-2025,False,MD,3,False,False
2024-08-17,Maine,,,,2024-2025,False,ME,1,False,False
2024-08-17,Florida,0.0,0.0,,2024-2025,False,FL,4,False,False
2024-08-17,Michigan,0.0,0.0,,2024-2025,False,MI,5,False,False
2024-08-17,New Hampshire,,,,2024-2025,False,NH,1,False,False
2024-08-17,South Carolina,0.0,0.0,,2024-2025,False,SC,4,True,False
2024-08-17,Tennessee,,,,2024-2025,False,TN,4,True,False
2024-08-17,Utah,,,,2024-2025,False,UT,8,False,False
2024-08-17,Alaska,,,,2024-2025,False,AK,10,False,False
2024-08-17,Arizona,0.0,0.0,,2024-2025,False,AZ,9,False,False
2024-08-17,Kentucky,0.0,0.0,,2024-2025,False,KY,4,False,False
2024-08-17,Indiana,0.0,0.0,,2024-2025,False,IN,5,False,False
2024-08-17,Delaware,0.0,0.0,,2024-2025,False,DE,3,False,False
2024-08-17,Ohio,0.0,0.0,,2024-2025,False,OH,5,False,False
2024-08-17,Virginia,0.0,0.0,,2024-2025,False,VA,3,False,False
2024-08-17,District of Columbia,,,,2024-2025,False,DC,3,False,False
2024-08-17,Kansas,0.0,0.0,,2024-2025,False,KS,7,False,False
2024-08-17,Wyoming,0.0,0.0,,2024-2025,False,WY,8,False,False
2024-08-17,Nevada,,,,2024-2025,False,NV,9,False,False
2024-08-17,Washington,1.0,1.0,,2024-2025,False,WA,10,False,False
2024-08-17,Georgia,0.0,0.0,,2024-2025,False,GA,4,True,False
2024-08-17,Minnesota,,,,2024-2025,False,MN,5,False,True
2024-08-17,Missouri,0.0,0.0,,2024-2025,False,MO,7,False,False
2024-08-17,Idaho,0.0,0.0,,2024-2025,False,ID,10,False,False
2024-08-17,Connecticut,0.0,0.0,,2024-2025,False,CT,1,False,False
2024-08-17,Iowa,0.0,0.0,,2024-2025,False,IA,7,False,False
2024-08-17,North Dakota,0.0,0.0,,2024-2025,False,ND,8,False,False
2024-08-17,New Jersey,,,,2024-2025,False,NJ,2,False,False
2024-08-17,New Mexico,,,,2024-2025,False,NM,6,False,False
2024-08-17,Oregon,,,,2024-2025,False,OR,10,False,False
2024-08-17,Mississippi,0.0,0.0,,2024-2025,False,MS,4,True,False
2024-08-17,North Carolina,,,,2024-2025,False,NC,4,True,False
2024-08-17,California,0.0,0.0,,2024-2025,False,CA,9,False,False
2024-08-17,Montana,0.0,0.0,,2024-2025,False,MT,8,False,False
2024-08-17,Texas,0.0,0.0,,2024-2025,False,TX,6,False,False
2024-08-17,Wisconsin,,,,2024-2025,False,WI,5,False,False
2024-08-17,Alabama,0.0,0.0,,2024-2025,False,AL,4,True,False
2024-08-17,Colorado,0.0,0.0,,2024-2025,False,CO,8,False,False
2024-08-17,Rhode Island,,,,2024-2025,False,RI,1,False,False
2024-08-17,Arkansas,0.0,0.0,,2024-2025,False,AR,6,True,False
2024-08-17,Louisiana,0.0,0.0,,2024-2025,False,LA,6,True,False
2024-08-17,South Dakota,0.0,0.0,,2024-2025,False,SD,8,False,False
2024-08-17,New York,0.0,0.0,,2024-2025,False,NY,2,False,True
2024-08-17,Illinois,0.0,0.0,,2024-2025,False,IL,5,False,False
2024-08-17,West Virginia,,,,2024-2025,False,WV,3,False,False
2024-08-24,Nebraska,0.0,0.0,,2024-2025,False,NE,7,False,False
2024-08-24,Oklahoma,0.0,0.0,,2024-2025,False,OK,6,False,False
2024-08-24,Pennsylvania,0.0,0.0,,2024-2025,False,PA,3,False,False
2024-08-24,Vermont,,,,2024-2025,False,VT,1,False,False
2024-08-24,Hawaii,0.0,0.0,,2024-2025,False,HI,9,False,False
2024-08-24,Massachusetts,,,,2024-2025,False,MA,1,False,False
2024-08-24,Maryland,,,,2024-2025,False,MD,3,False,False
2024-08-24,Maine,,,,2024-2025,False,ME,1,False,False
2024-08-24,Florida,0.0,0.0,,2024-2025,False,FL,4,False,False
2024-08-24,Michigan,0.0,0.0,,2024-2025,False,MI,5,False,False
2024-08-24,New Hampshire,,,,2024-2025,False,NH,1,False,False
2024-08-24,South Carolina,0.0,0.0,,2024-2025,False,SC,4,True,False
2024-08-24,Tennessee,,,,2024-2025,False,TN,4,True,False
2024-08-24,Utah,,,,2024-2025,False,UT,8,False,False
2024-08-24,Alaska,,,,2024-2025,False,AK,10,False,False
2024-08-24,Arizona,0.0,1.0,,2024-2025,False,AZ,9,False,False
2024-08-24,Kentucky,0.0,0.0,,2024-2025,False,KY,4,False,False
2024-08-24,Indiana,0.0,0.0,,2024-2025,False,IN,5,False,False
2024-08-24,Delaware,0.0,0.0,,2024-2025,False,DE,3,False,False
2024-08-24,Ohio,0.0,0.0,,2024-2025,False,OH,5,False,False
2024-08-24,Virginia,0.0,0.0,,2024-2025,False,VA,3,False,False
2024-08-24,District of Columbia,,,,2024-2025,False,DC,3,False,False
2024-08-24,Kansas,0.0,0.0,,2024-2025,False,KS,7,False,False
2024-08-24,Wyoming,0.0,0.0,,2024-2025,False,WY,8,False,False
2024-08-24,Nevada,,,,2024-2025,False,NV,9,False,False
2024-08-24,Washington,0.0,1.0,,2024-2025,False,WA,10,False,False
2024-08-24,Georgia,0.0,0.0,,2024-2025,False,GA,4,True,False
2024-08-24,Minnesota,,,,2024-2025,False,MN,5,False,True
2024-08-24,Missouri,0.0,0.0,,2024-2025,False,MO,7,False,False
2024-08-24,Idaho,0.0,0.0,,2024-2025,False,ID,10,False,False
2024-08-24,Connecticut,0.0,0.0,,2024-2025,False,CT,1,False,False
2024-08-24,Iowa,0.0,0.0,,2024-2025,False,IA,7,False,False
2024-08-24,North Dakota,0.0,0.0,,2024-2025,False,ND,8,False,False
2024-08-24,New Jersey,,,,2024-2025,False,NJ,2,False,False
2024-08-24,New Mexico,,,,2024-2025,False,NM,6,False,False
2024-08-24,Oregon,,,,2024-2025,False,OR,10,False,False
2024-08-24,Mississippi,0.0,0.0,,2024-2025,False,MS,4,True,False
2024-08-24,North Carolina,,,,2024-2025,False,NC,4,True,False
2024-08-24,California,0.0,0.0,,2024-2025,False,CA,9,False,False
2024-08-24,Montana,0.0,0.0,,2024-2025,False,MT,8,False,False
2024-08-24,Texas,0.0,0.0,,2024-2025,False,TX,6,False,False
2024-08-24,Wisconsin,,,,2024-2025,False,WI,5,False,False
2024-08-24,Alabama,0.0,0.0,,2024-2025,False,AL,4,True,False
2024-08-24,Colorado,0.0,0.0,,2024-2025,False,CO,8,False,False
2024-08-24,Rhode Island,,,,2024-2025,False,RI,1,False,False
2024-08-24,Arkansas,0.0,0.0,,2024-2025,False,AR,6,True,False
2024-08-24,Louisiana,0.0,0.0,,2024-2025,False,LA,6,True,False
2024-08-24,South Dakota,0.0,0.0,,2024-2025,False,SD,8,False,False
2024-08-24,New York,0.0,0.0,,2024-2025,False,NY,2,False,True
2024-08-24,Illinois,0.0,0.0,,2024-2025,False,IL,5,False,False
2024-08-24,West Virginia,,,,2024-2025,False,WV,3,False,False
2024-08-31,Nebraska,0.0,0.0,,2024-2025,False,NE,7,False,False
2024-08-31,Oklahoma,0.0,0.0,,2024-2025,False,OK,6,False,False
2024-08-31,Pennsylvania,0.0,0.0,,2024-2025,False,PA,3,False,False
2024-08-31,Vermont,,,,2024-2025,False,VT,1,False,False
2024-08-31,Hawaii,0.0,0.0,,2024-2025,False,HI,9,False,False
2024-08-31,Massachusetts,,,,2024-2025,False,MA,1,False,False
2024-08-31,Maryland,,,,2024-2025,False,MD,3,False,False
2024-08-31,Maine,,,,2024-2025,False,ME,1,False,False
2024-08-31,Florida,0.0,0.0,,2024-2025,False,FL,4,False,False
2024-08-31,Michigan,0.0,0.0,,2024-2025,False,MI,5,False,False
2024-08-31,New Hampshire,,,,2024-2025,False,NH,1,False,False
2024-08-31,South Carolina,0.0,0.0,,2024-2025,False,SC,4,True,False
2024-08-31,Tennessee,,,,2024-2025,False,TN,4,True,False
2024-08-31,Utah,,,,2024-2025,False,UT,8,False,False
2024-08-31,Alaska,,,,2024-2025,False,AK,10,False,False
2024-08-31,Arizona,0.0,6.0,,2024-2025,False,AZ,9,False,False
2024-08-31,Kentucky,0.0,0.0,,2024-2025,False,KY,4,False,False
2024-08-31,Indiana,0.0,0.0,,2024-2025,False,IN,5,False,False
2024-08-31,Delaware,0.0,0.0,,2024-2025,False,DE,3,False,False
2024-08-31,Ohio,1.0,1.0,,2024-2025,False,OH,5,False,False
2024-08-31,Virginia,0.0,0.0,,2024-2025,False,VA,3,False,False
2024-08-31,District of Columbia,0.0,0.0,,2024-2025,False,DC,3,False,False
2024-08-31,Kansas,0.0,0.0,,2024-2025,False,KS,7,False,False
2024-08-31,Wyoming,0.0,0.0,,2024-2025,False,WY,8,False,False
2024-08-31,Nevada,,,,2024-2025,False,NV,9,False,False
2024-08-31,Washington,1.0,2.0,,2024-2025,False,WA,10,False,False
2024-08-31,Georgia,0.0,0.0,,2024-2025,False,GA,4,True,False
2024-08-31,Minnesota,,,,2024-2025,False,MN,5,False,True
2024-08-31,Missouri,0.0,0.0,,2024-2025,False,MO,7,False,False
2024-08-31,Idaho,0.0,0.0,,2024-2025,False,ID,10,False,False
2024-08-31,Connecticut,0.0,0.0,,2024-2025,False,CT,1,False,False
2024-08-31,Iowa,0.0,0.0,,2024-2025,False,IA,7,False,False
2024-08-31,North Dakota,0.0,0.0,,2024-2025,False,ND,8,False,False
2024-08-31,New Jersey,,,,2024-2025,False,NJ,2,False,False
2024-08-31,New Mexico,,,,2024-2025,False,NM,6,False,False
2024-08-31,Oregon,,,,2024-2025,False,OR,10,False,False
2024-08-31,Mississippi,0.0,0.0,,2024-2025,False,MS,4,True,False
2024-08-31,North Carolina,,,,2024-2025,False,NC,4,True,False
2024-08-31,California,0.0,0.0,,2024-2025,False,CA,9,False,False
2024-08-31,Montana,0.0,0.0,,2024-2025,False,MT,8,False,False
2024-08-31,Texas,0.0,0.0,,2024-2025,False,TX,6,False,False
2024-08-31,Wisconsin,,,,2024-2025,False,WI,5,False,False
2024-08-31,Alabama,0.0,0.0,,2024-2025,False,AL,4,True,False
2024-08-31,Colorado,0.0,0.0,,2024-2025,False,CO,8,False,False
2024-08-31,Rhode Island,,,,2024-2025,False,RI,1,False,False
2024-08-31,Arkansas,1.0,1.0,,2024-2025,False,AR,6,True,False
2024-08-31,Louisiana,1.0,1.0,,2024-2025,False,LA,6,True,False
2024-08-31,South Dakota,0.0,0.0,,2024-2025,False,SD,8,False,False
2024-08-31,New York,0.0,0.0,,2024-2025,False,NY,2,False,True
2024-08-31,Illinois,1.0,1.0,,2024-2025,False,IL,5,False,False
2024-08-31,West Virginia,,,,2024-2025,False,WV,3,False,False
2024-09-07,Nebraska,0.0,0.0,,2024-2025,False,NE,7,False,False
2024-09-07,Oklahoma,0.0,0.0,,2024-2025,False,OK,6,False,False
2024-09-07,Pennsylvania,1.0,1.0,,2024-2025,False,PA,3,False,False
2024-09-07,Vermont,,,,2024-2025,False,VT,1,False,False
2024-09-07,Hawaii,0.0,0.0,,2024-2025,False,HI,9,False,False
2024-09-07,Massachusetts,,,,2024-2025,False,MA,1,False,False
2024-09-07,Maryland,,,,2024-2025,False,MD,3,False,False
2024-09-07,Maine,,,,2024-2025,False,ME,1,False,False
2024-09-07,Florida,0.0,0.0,,2024-2025,False,FL,4,False,False
2024-09-07,Michigan,0.0,0.0,,2024-2025,False,MI,5,False,False
2024-09-07,New Hampshire,,,,2024-2025,False,NH,1,False,False
2024-09-07,South Carolina,0.0,0.0,,2024-2025,False,SC,4,True,False
2024-09-07,Tennessee,,,,2024-2025,False,TN,4,True,False
2024-09-07,Utah,,,,2024-2025,False,UT,8,False,False
2024-09-07,Alaska,,,,2024-2025,False,AK,10,False,False
2024-09-07,Arizona,0.0,1.0,,2024-2025,False,AZ,9,False,False
2024-09-07,Kentucky,0.0,0.0,,2024-2025,False,KY,4,False,False
2024-09-07,Indiana,0.0,0.0,,2024-2025,False,IN,5,False,False
2024-09-07,Delaware,0.0,0.0,,2024-2025,False,DE,3,False,False
2024-09-07,Ohio,0.0,0.0,,2024-2025,False,OH,5,False,False
2024-09-07,Virginia,0.0,0.0,,2024-2025,False,VA,3,False,False
2024-09-07,District of Columbia,,,,2024-2025,False,DC,3,False,False
2024-09-07,Kansas,0.0,0.0,,2024-2025,False,KS,7,False,False
2024-09-07,Wyoming,0.0,0.0,,2024-2025,False,WY,8,False,False
2024-09-07,Nevada,,,,2024-2025,False,NV,9,False,False
2024-09-07,Washington,1.0,1.0,,2024-2025,False,WA,10,False,False
2024-09-07,Georgia,0.0,0.0,,2024-2025,False,GA,4,True,False
2024-09-07,Minnesota,0.0,0.0,,2024-2025,False,MN,5,False,True
2024-09-07,Missouri,0.0,0.0,,2024-2025,False,MO,7,False,False
2024-09-07,Idaho,0.0,0.0,,2024-2025,False,ID,10,False,False
2024-09-07,Connecticut,0.0,0.0,,2024-2025,False,CT,1,False,False
2024-09-07,Iowa,0.0,0.0,,2024-2025,False,IA,7,False,False
2024-09-07,North Dakota,0.0,0.0,,2024-2025,False,ND,8,False,False
2024-09-07,New Jersey,,,,2024-2025,False,NJ,2,False,False
2024-09-07,New Mexico,,,,2024-2025,False,NM,6,False,False
2024-09-07,Oregon,,,,2024-2025,False,OR,10,False,False
2024-09-07,Mississippi,0.0,0.0,,2024-2025,False,MS,4,True,False
2024-09-07,North Carolina,,,,2024-2025,False,NC,4,True,False
2024-09-07,California,0.0,0.0,,2024-2025,False,CA,9,False,False
2024-09-07,Montana,0.0,0.0,,2024-2025,False,MT,8,False,False
2024-09-07,Texas,0.0,0.0,,2024-2025,False,TX,6,False,False
2024-09-07,Wisconsin,,,,2024-2025,False,WI,5,False,False
2024-09-07,Alabama,0.0,0.0,,2024-2025,False,AL,4,True,False
2024-09-07,Colorado,0.0,0.0,,2024-2025,False,CO,8,False,False
2024-09-07,Rhode Island,,,,2024-2025,False,RI,1,False,False
2024-09-07,Arkansas,0.0,0.0,,2024-2025,False,AR,6,True,False
2024-09-07,Louisiana,0.0,0.0,,2024-2025,False,LA,6,True,False
2024-09-07,South Dakota,0.0,0.0,,2024-2025,False,SD,8,False,False
2024-09-07,New York,0.0,0.0,,2024-2025,False,NY,2,False,True
2024-09-07,Illinois,0.0,0.0,,2024-2025,False,IL,5,False,False
2024-09-07,West Virginia,,,,2024-2025,False,WV,3,False,False
2024-09-14,Nebraska,0.0,0.0,,2024-2025,False,NE,7,False,False
2024-09-14,Oklahoma,0.0,0.0,,2024-2025,False,OK,6,False,False
2024-09-14,Pennsylvania,0.0,3.0,,2024-2025,False,PA,3,False,False
2024-09-14,Vermont,,,,2024-2025,False,VT,1,False,False
2024-09-14,Hawaii,0.0,0.0,,2024-2025,False,HI,9,False,False
2024-09-14,Massachusetts,,,,2024-2025,False,MA,1,False,False
2024-09-14,Maryland,0.0,0.0,,2024-2025,False,MD,3,False,False
2024-09-14,Maine,,,,2024-2025,False,ME,1,False,False
2024-09-14,Florida,0.0,0.0,,2024-2025,False,FL,4,False,False
2024-09-14,Michigan,0.0,0.0,,2024-2025,False,MI,5,False,False
2024-09-14,New Hampshire,,,,2024-2025,False,NH,1,False,False
2024-09-14,South Carolina,0.0,0.0,,2024-2025,False,SC,4,True,False
2024-09-14,Tennessee,,,,2024-2025,False,TN,4,True,False
2024-09-14,Utah,,,,2024-2025,False,UT,8,False,False
2024-09-14,Alaska,,,,2024-2025,False,AK,10,False,False
2024-09-14,Arizona,0.0,1.0,,2024-2025,False,AZ,9,False,False
2024-09-14,Kentucky,0.0,0.0,,2024-2025,False,KY,4,False,False
2024-09-14,Indiana,0.0,0.0,,2024-2025,False,IN,5,False,False
2024-09-14,Delaware,0.0,0.0,,2024-2025,False,DE,3,False,False
2024-09-14,Ohio,0.0,0.0,,2024-2025,False,OH,5,False,False
2024-09-14,Virginia,0.0,0.0,,2024-2025,False,VA,3,False,False
2024-09-14,District of Columbia,,,,2024-2025,False,DC,3,False,False
2024-09-14,Kansas,0.0,0.0,,2024-2025,False,KS,7,False,False
2024-09-14,Wyoming,0.0,0.0,,2024-2025,False,WY,8,False,False
2024-09-14,Nevada,,,,2024-2025,False,NV,9,False,False
2024-09-14,Washington,2.0,3.0,,2024-2025,False,WA,10,False,False
2024-09-14,Georgia,0.0,0.0,,2024-2025,False,GA,4,True,False
2024-09-14,Minnesota,0.0,0.0,,2024-2025,False,MN,5,False,True
2024-09-14,Missouri,0.0,0.0,,2024-2025,False,MO,7,False,False
2024-09-14,Idaho,0.0,0.0,,2024-2025,False,ID,10,False,False
2024-09-14,Connecticut,0.0,0.0,,2024-2025,False,CT,1,False,False
2024-09-14,Iowa,0.0,0.0,,2024-2025,False,IA,7,False,False
2024-09-14,North Dakota,0.0,0.0,,2024-2025,False,ND,8,False,False
2024-09-14,New Jersey,,,,2024-2025,False,NJ,2,False,False
2024-09-14,New Mexico,,,,2024-2025,False,NM,6,False,False
2024-09-14,Oregon,,,,2024-2025,False,OR,10,False,False
2024-09-14,Mississippi,0.0,1.0,,2024-2025,False,MS,4,True,False
2024-09-14,North Carolina,,,,2024-2025,False,NC,4,True,False
2024-09-14,California,0.0,0.0,,2024-2025,False,CA,9,False,False
2024-09-14,Montana,0.0,0.0,,2024-2025,False,MT,8,False,False
2024-09-14,Texas,0.0,0.0,,2024-2025,False,TX,6,False,False
2024-09-14,Wisconsin,,,,2024-2025,False,WI,5,False,False
2024-09-14,Alabama,0.0,0.0,,2024-2025,False,AL,4,True,False
2024-09-14,Colorado,0.0,0.0,,2024-2025,False,CO,8,False,False
2024-09-14,Rhode Island,,,,2024-2025,False,RI,1,False,False
2024-09-14,Arkansas,0.0,0.0,,2024-2025,False,AR,6,True,False
2024-09-14,Louisiana,0.0,0.0,,2024-2025,False,LA,6,True,False
2024-09-14,South Dakota,0.0,0.0,,2024-2025,False,SD,8,False,False
2024-09-14,New York,0.0,0.0,,2024-2025,False,NY,2,False,True
2024-09-14,Illinois,1.0,1.0,,2024-2025,False,IL,5,False,False
2024-09-14,West Virginia,,,,2024-2025,False,WV,3,False,False
2024-09-21,Nebraska,0.0,0.0,,2024-2025,False,NE,7,False,False
2024-09-21,Oklahoma,0.0,0.0,,2024-2025,False,OK,6,False,False
2024-09-21,Pennsylvania,0.0,0.0,,2024-2025,False,PA,3,False,False
2024-09-21,Vermont,,,,2024-2025,False,VT,1,False,False
2024-09-21,Hawaii,1.0,1.0,,2024-2025,False,HI,9,False,False
2024-09-21,Massachusetts,,,,2024-2025,False,MA,1,False,False
2024-09-21,Maryland,,,,2024-2025,False,MD,3,False,False
2024-09-21,Maine,,,,2024-2025,False,ME,1,False,False
2024-09-21,Florida,0.0,0.0,,2024-2025,False,FL,4,False,False
2024-09-21,Michigan,0.0,0.0,,2024-2025,False,MI,5,False,False
2024-09-21,New Hampshire,,,,2024-2025,False,NH,1,False,False
2024-09-21,South Carolina,0.0,0.0,,2024-2025,False,SC,4,True,False
2024-09-21,Tennessee,,,,2024-2025,False,TN,4,True,False
2024-09-21,Utah,,,,2024-2025,False,UT,8,False,False
2024-09-21,Alaska,,,,2024-2025,False,AK,10,False,False
2024-09-21,Arizona,0.0,1.0,,2024-2025,False,AZ,9,False,False
2024-09-21,Kentucky,0.0,0.0,,2024-2025,False,KY,4,False,False
2024-09-21,Indiana,0.0,0.0,,2024-2025,False,IN,5,False,False
2024-09-21,Delaware,0.0,0.0,,2024-2025,False,DE,3,False,False
2024-09-21,Ohio,0.0,0.0,,2024-2025,False,OH,5,False,False
2024-09-21,Virginia,0.0,0.0,,2024-2025,False,VA,3,False,False
2024-09-21,District of Columbia,0.0,0.0,,2024-2025,False,DC,3,False,False
2024-09-21,Kansas,0.0,0.0,,2024-2025,False,KS,7,False,False
2024-09-21,Wyoming,0.0,0.0,,2024-2025,False,WY,8,False,False
2024-09-21,Nevada,,,,2024-2025,False,NV,9,False,False
2024-09-21,Washington,2.0,3.0,,2024-2025,False,WA,10,False,False
2024-09-21,Georgia,0.0,0.0,,2024-2025,False,GA,4,True,False
2024-09-21,Minnesota,,,,2024-2025,False,MN,5,False,True
2024-09-21,Missouri,0.0,0.0,,2024-2025,False,MO,7,False,False
2024-09-21,Idaho,0.0,0.0,,2024-2025,False,ID,10,False,False
2024-09-21,Connecticut,0.0,0.0,,2024-2025,False,CT,1,False,False
2024-09-21,Iowa,0.0,0.0,,2024-2025,False,IA,7,False,False
2024-09-21,North Dakota,0.0,0.0,,2024-2025,False,ND,8,False,False
2024-09-21,New Jersey,0.0,0.0,,2024-2025,False,NJ,2,False,False
2024-09-21,New Mexico,,,,2024-2025,False,NM,6,False,False
2024-09-21,Oregon,,,,2024-2025,False,OR,10,False,False
2024-09-21,Mississippi,0.0,0.0,,2024-2025,False,MS,4,True,False
2024-09-21,North Carolina,,,,2024-2025,False,NC,4,True,False
2024-09-21,California,0.0,0.0,,2024-2025,False,CA,9,False,False
2024-09-21,Montana,0.0,0.0,,2024-2025,False,MT,8,False,False
2024-09-21,Texas,0.0,0.0,,2024-2025,False,TX,6,False,False
2024-09-21,Wisconsin,,,,2024-2025,False,WI,5,False,False
2024-09-21,Alabama,0.0,0.0,,2024-2025,False,AL,4,True,False
2024-09-21,Colorado,0.0,0.0,,2024-2025,False,CO,8,False,False
2024-09-21,Rhode Island,,,,2024-2025,False,RI,1,False,False
2024-09-21,Arkansas,0.0,0.0,,2024-2025,False,AR,6,True,False
2024-09-21,Louisiana,0.0,0.0,,2024-2025,False,LA,6,True,False
2024-09-21,South Dakota,0.0,0.0,,2024-2025,False,SD,8,False,False
2024-09-21,New York,0.0,0.0,,2024-2025,False,NY,2,False,True
2024-09-21,Illinois,0.0,0.0,,2024-2025,False,IL,5,False,False
2024-09-21,West Virginia,,,,2024-2025,False,WV,3,False,False
2024-09-28,Nebraska,0.0,0.0,,2024-2025,False,NE,7,False,False
2024-09-28,Oklahoma,0.0,0.0,,2024-2025,False,OK,6,False,False
2024-09-28,Pennsylvania,0.0,0.0,,2024-2025,False,PA,3,False,False
2024-09-28,Vermont,,,,2024-2025,False,VT,1,False,False
2024-09-28,Hawaii,0.0,0.0,,2024-2025,False,HI,9,False,False
2024-09-28,Massachusetts,,,,2024-2025,False,MA,1,False,False
2024-09-28,Maryland,0.0,0.0,,2024-2025,False,MD,3,False,False
2024-09-28,Maine,,,,2024-2025,False,ME,1,False,False
2024-09-28,Florida,0.0,1.0,,2024-2025,False,FL,4,False,False
2024-09-28,Michigan,0.0,0.0,,2024-2025,False,MI,5,False,False
2024-09-28,New Hampshire,,,,2024-2025,False,NH,1,False,False
2024-09-28,South Carolina,0.0,0.0,,2024-2025,False,SC,4,True,False
2024-09-28,Tennessee,0.0,0.0,,2024-2025,False,TN,4,True,False
2024-09-28,Utah,,,,2024-2025,False,UT,8,False,False
2024-09-28,Alaska,,,,2024-2025,False,AK,10,False,False
2024-09-28,Arizona,0.0,0.0,,2024-2025,False,AZ,9,False,False
2024-09-28,Kentucky,0.0,0.0,,2024-2025,False,KY,4,False,False
2024-09-28,Indiana,0.0,0.0,,2024-2025,False,IN,5,False,False
2024-09-28,Delaware,0.0,0.0,,2024-2025,False,DE,3,False,False
2024-09-28,Ohio,0.0,0.0,,2024-2025,False,OH,5,False,False
2024-09-28,Virginia,0.0,0.0,,2024-2025,False,VA,3,False,False
2024-09-28,District of Columbia,0.0,0.0,,2024-2025,False,DC,3,False,False
2024-09-28,Kansas,0.0,0.0,,2024-2025,False,KS,7,False,False
2024-09-28,Wyoming,0.0,0.0,,2024-2025,False,WY,8,False,False
2024-09-28,Nevada,,,,2024-2025,False,NV,9,False,False
2024-09-28,Washington,0.0,0.0,,2024-2025,False,WA,10,False,False
2024-09-28,Georgia,0.0,0.0,,2024-2025,False,GA,4,True,False
2024-09-28,Minnesota,,,,2024-2025,False,MN,5,False,True
2024-09-28,Missouri,0.0,0.0,,2024-2025,False,MO,7,False,False
2024-09-28,Idaho,0.0,0.0,,2024-2025,False,ID,10,False,False
2024-09-28,Connecticut,0.0,0.0,,2024-2025,False,CT,1,False,False
2024-09-28,Iowa,0.0,0.0,,2024-2025,False,IA,7,False,False
2024-09-28,North Dakota,0.0,0.0,,2024-2025,False,ND,8,False,False
2024-09-28,New Jersey,,,,2024-2025,False,NJ,2,False,False
2024-09-28,New Mexico,,,,2024-2025,False,NM,6,False,False
2024-09-28,Oregon,,,,2024-2025,False,OR,10,False,False
2024-09-28,Mississippi,0.0,0.0,,2024-2025,False,MS,4,True,False
2024-09-28,North Carolina,,,,2024-2025,False,NC,4,True,False
2024-09-28,California,0.0,0.0,,2024-2025,False,CA,9,False,False
2024-09-28,Montana,0.0,0.0,,2024-2025,False,MT,8,False,False
2024-09-28,Texas,0.0,0.0,,2024-2025,False,TX,6,False,False
2024-09-28,Wisconsin,0.0,0.0,,2024-2025,False,WI,5,False,False
2024-09-28,Alabama,0.0,0.0,,2024-2025,False,AL,4,True,False
2024-09-28,Colorado,0.0,0.0,,2024-2025,False,CO,8,False,False
2024-09-28,Rhode Island,,,,2024-2025,False,RI,1,False,False
2024-09-28,Arkansas,0.0,0.0,,2024-2025,False,AR,6,True,False
2024-09-28,Louisiana,0.0,0.0,,2024-2025,False,LA,6,True,False
2024-09-28,South Dakota,0.0,0.0,,2024-2025,False,SD,8,False,False
2024-09-28,New York,0.0,0.0,,2024-2025,False,NY,2,False,True
2024-09-28,Illinois,0.0,0.0,,2024-2025,False,IL,5,False,False
2024-09-28,West Virginia,,,,2024-2025,False,WV,3,False,False
2024-10-05,California,0.0,0.0,,2024-2025,True,CA,9,False,False
2024-10-05,Delaware,0.0,0.0,,2024-2025,True,DE,3,False,False
2024-10-05,Florida,0.0,0.0,,2024-2025,True,FL,4,False,False
2024-10-05,Montana,0.0,0.0,,2024-2025,True,MT,8,False,False
2024-10-05,New Mexico,,,,2024-2025,True,NM,6,False,False
2024-10-05,Virginia,0.0,0.0,,2024-2025,True,VA,3,False,False
2024-10-05,Washington,1.0,3.0,,2024-2025,True,WA,10,False,False
2024-10-05,Tennessee,0.0,0.0,,2024-2025,True,TN,4,True,False
2024-10-05,District of Columbia,0.0,0.0,,2024-2025,True,DC,3,False,False
2024-10-05,North Dakota,0.0,0.0,,2024-2025,True,ND,8,False,False
2024-10-05,Arkansas,0.0,0.0,,2024-2025,True,AR,6,True,False
2024-10-05,Maine,,,,2024-2025,True,ME,1,False,False
2024-10-05,Michigan,0.0,0.0,,2024-2025,True,MI,5,False,False
2024-10-05,Oregon,,,,2024-2025,True,OR,10,False,False
2024-10-05,Pennsylvania,1.0,2.0,,2024-2025,True,PA,3,False,False
2024-10-05,Alabama,0.0,0.0,,2024-2025,True,AL,4,True,False
2024-10-05,Wisconsin,0.0,0.0,,2024-2025,True,WI,5,False,False
2024-10-05,Indiana,0.0,0.0,,2024-2025,True,IN,5,False,False
2024-10-05,North Carolina,,,,2024-2025,True,NC,4,True,False
2024-10-05,Oklahoma,0.0,0.0,,2024-2025,True,OK,6,False,False
2024-10-05,Arizona,0.0,1.0,,2024-2025,True,AZ,9,False,False
2024-10-05,Missouri,0.0,0.0,,2024-2025,True,MO,7,False,False
2024-10-05,Connecticut,,,,2024-2025,True,CT,1,False,False
2024-10-05,Iowa,0.0,0.0,,2024-2025,True,IA,7,False,False
2024-10-05,Ohio,0.0,0.0,,2024-2025,True,OH,5,False,False
2024-10-05,Louisiana,0.0,0.0,,2024-2025,True,LA,6,True,False
2024-10-05,Rhode Island,,,,2024-2025,True,RI,1,False,False
2024-10-05,Idaho,0.0,0.0,,2024-2025,True,ID,10,False,False
2024-10-05,Minnesota,,,,2024-2025,True,MN,5,False,True
2024-10-05,Nebraska,0.0,0.0,,2024-2025,True,NE,7,False,False
2024-10-05,Nevada,0.0,0.0,,2024-2025,True,NV,9,False,False
2024-10-05,South Dakota,0.0,0.0,,2024-2025,True,SD,8,False,False
2024-10-05,Wyoming,0.0,0.0,,2024-2025,True,WY,8,False,False
2024-10-05,Kansas,0.0,0.0,,2024-2025,True,KS,7,False,False
2024-10-05,New Hampshire,,,,2024-2025,True,NH,1,False,False
2024-10-05,West Virginia,,,,2024-2025,True,WV,3,False,False
2024-10-05,New York,0.0,0.0,,2024-2025,True,NY,2,False,True
2024-10-05,South Carolina,0.0,0.0,,2024-2025,True,SC,4,True,False
2024-10-05,Texas,0.0,0.0,,2024-2025,True,TX,6,False,False
2024-10-05,Illinois,0.0,0.0,,2024-2025,True,IL,5,False,False
2024-10-05,Massachusetts,,,,2024-2025,True,MA,1,False,False
2024-10-05,Georgia,0.0,0.0,,2024-2025,True,GA,4,True,False
2024-10-05,Utah,0.0,0.0,,2024-2025,True,UT,8,False,False
2024-10-05,Vermont,,,,2024-2025,True,VT,1,False,False
2024-10-05,Hawaii,0.0,0.0,,2024-2025,True,HI,9,False,False
2024-10-05,Maryland,0.0,0.0,,2024-2025,True,MD,3,False,False
2024-10-05,Mississippi,0.0,0.0,,2024-2025,True,MS,4,True,False
2024-10-05,Colorado,0.0,0.0,,2024-2025,True,CO,8,False,False
2024-10-05,New Jersey,,,,2024-2025,True,NJ,2,False,False
2024-10-05,Alaska,,,,2024-2025,True,AK,10,False,False
2024-10-05,Kentucky,0.0,0.0,,2024-2025,True,KY,4,False,False
2024-10-12,California,2.0,3.0,2.0,2024-2025,True,CA,9,False,False
2024-10-12,Delaware,0.0,0.0,0.0,2024-2025,True,DE,3,False,False
2024-10-12,Florida,9.0,13.0,9.0,2024-2025,True,FL,4,False,False
2024-10-12,Montana,0.0,0.0,0.0,2024-2025,True,MT,8,False,False
2024-10-12,New Mexico,0.0,0.0,0.0,2024-2025,True,NM,6,False,False
2024-10-12,Virginia,3.0,4.0,2.0,2024-2025,True,VA,3,False,False
2024-10-12,Washington,0.0,0.0,0.0,2024-2025,True,WA,10,False,False
2024-10-12,Tennessee,1.0,1.0,1.0,2024-2025,True,TN,4,True,False
2024-10-12,District of Columbia,0.0,0.0,0.0,2024-2025,True,DC,3,False,False
2024-10-12,North Dakota,0.0,0.0,0.0,2024-2025,True,ND,8,False,False
2024-10-12,Arkansas,0.0,0.0,0.0,2024-2025,True,AR,6,True,False
2024-10-12,Maine,0.0,0.0,0.0,2024-2025,True,ME,1,False,False
2024-10-12,Michigan,8.0,10.0,8.0,2024-2025,True,MI,5,False,False
2024-10-12,Oregon,1.0,2.0,1.0,2024-2025,True,OR,10,False,False
2024-10-12,Pennsylvania,0.0,0.0,0.0,2024-2025,True,PA,3,False,False
2024-10-12,Alabama,0.0,3.0,0.0,2024-2025,True,AL,4,True,False
2024-10-12,Wisconsin,0.0,0.0,0.0,2024-2025,True,WI,5,False,False
2024-10-12,Indiana,0.0,0.0,0.0,2024-2025,True,IN,5,False,False
2024-10-12,North Carolina,5.0,58.0,2.0,2024-2025,True,NC,4,True,False
2024-10-12,Oklahoma,0.0,0.0,0.0,2024-2025,True,OK,6,False,False
2024-10-12,Arizona,0.0,0.0,0.0,2024-2025,True,AZ,9,False,False
2024-10-12,Missouri,0.0,0.0,0.0,2024-2025,True,MO,7,False,False
2024-10-12,Connecticut,0.0,0.0,0.0,2024-2025,True,CT,1,False,False
2024-10-12,Iowa,0.0,0.0,0.0,2024-2025,True,IA,7,False,False
2024-10-12,Ohio,0.0,0.0,0.0,2024-2025,True,OH,5,False,False
2024-10-12,Louisiana,0.0,21.0,0.0,2024-2025,True,LA,6,True,False
2024-10-12,Rhode Island,0.0,0.0,0.0,2024-2025,True,RI,1,False,False
2024-10-12,Idaho,0.0,0.0,0.0,2024-2025,True,ID,10,False,False
2024-10-12,Minnesota,0.0,0.0,0.0,2024-2025,True,MN,5,False,True
2024-10-12,Nebraska,0.0,0.0,0.0,2024-2025,True,NE,7,False,False
2024-10-12,Nevada,0.0,0.0,0.0,2024-2025,True,NV,9,False,False
2024-10-12,South Dakota,0.0,0.0,0.0,2024-2025,True,SD,8,False,False
2024-10-12,Wyoming,0.0,0.0,0.0,2024-2025,True,WY,8,False,False
2024-10-12,Kansas,0.0,0.0,0.0,2024-2025,True,KS,7,False,False
2024-10-12,New Hampshire,0.0,0.0,0.0,2024-2025,True,NH,1,False,False
2024-10-12,West Virginia,0.0,0.0,0.0,2024-2025,True,WV,3,False,False
2024-10-12,New York,0.0,0.0,0.0,2024-2025,True,NY,2,False,True
2024-10-12,South Carolina,0.0,0.0,0.0,2024-2025,True,SC,4,True,False
2024-10-12,Texas,31.0,31.0,26.0,2024-2025,True,TX,6,False,False
2024-10-12,Illinois,2.0,2.0,2.0,2024-2025,True,IL,5,False,False
2024-10-12,Massachusetts,0.0,0.0,0.0,2024-2025,True,MA,1,False,False
2024-10-12,Georgia,0.0,4.0,0.0,2024-2025,True,GA,4,True,False
2024-10-12,Utah,0.0,0.0,0.0,2024-2025,True,UT,8,False,False
2024-10-12,Vermont,0.0,0.0,0.0,2024-2025,True,VT,1,False,False
2024-10-12,Hawaii,0.0,0.0,0.0,2024-2025,True,HI,9,False,False
2024-10-12,Maryland,1.0,1.0,1.0,2024-2025,True,MD,3,False,False
2024-10-12,Mississippi,0.0,0.0,0.0,2024-2025,True,MS,4,True,False
2024-10-12,Colorado,1.0,1.0,1.0,2024-2025,True,CO,8,False,False
2024-10-12,New Jersey,0.0,0.0,0.0,2024-2025,True,NJ,2,False,False
2024-10-12,Alaska,1.0,1.0,1.0,2024-2025,True,AK,10,False,False
2024-10-12,Kentucky,0.0,0.0,0.0,2024-2025,True,KY,4,False,False
2024-10-19,California,6.0,16.0,4.0,2024-2025,True,CA,9,False,False
2024-10-19,Delaware,0.0,0.0,0.0,2024-2025,True,DE,3,False,False
2024-10-19,Florida,44.0,86.0,40.0,2024-2025,True,FL,4,False,False
2024-10-19,Montana,0.0,0.0,0.0,2024-2025,True,MT,8,False,False
2024-10-19,New Mexico,0.0,1.0,0.0,2024-2025,True,NM,6,False,False
2024-10-19,Virginia,3.0,4.0,3.0,2024-2025,True,VA,3,False,False
2024-10-19,Washington,0.0,0.0,0.0,2024-2025,True,WA,10,False,False
2024-10-19,Tennessee,0.0,0.0,0.0,2024-2025,True,TN,4,True,False
2024-10-19,District of Columbia,0.0,0.0,0.0,2024-2025,True,DC,3,False,False
2024-10-19,North Dakota,0.0,0.0,0.0,2024-2025,True,ND,8,False,False
2024-10-19,Arkansas,0.0,0.0,0.0,2024-2025,True,AR,6,True,False
2024-10-19,Maine,0.0,0.0,0.0,2024-2025,True,ME,1,False,False
2024-10-19,Michigan,4.0,4.0,4.0,2024-2025,True,MI,5,False,False
2024-10-19,Oregon,0.0,1.0,0.0,2024-2025,True,OR,10,False,False
2024-10-19,Pennsylvania,0.0,0.0,0.0,2024-2025,True,PA,3,False,False
2024-10-19,Alabama,0.0,1.0,0.0,2024-2025,True,AL,4,True,False
2024-10-19,Wisconsin,2.0,2.0,2.0,2024-2025,True,WI,5,False,False
2024-10-19,Indiana,0.0,1.0,0.0,2024-2025,True,IN,5,False,False
2024-10-19,North Carolina,1.0,43.0,1.0,2024-2025,True,NC,4,True,False
2024-10-19,Oklahoma,0.0,0.0,0.0,2024-2025,True,OK,6,False,False
2024-10-19,Arizona,0.0,0.0,0.0,2024-2025,True,AZ,9,False,False
2024-10-19,Missouri,0.0,0.0,0.0,2024-2025,True,MO,7,False,False
2024-10-19,Connecticut,6.0,12.0,5.0,2024-2025,True,CT,1,False,False
2024-10-19,Iowa,0.0,0.0,0.0,2024-2025,True,IA,7,False,False
2024-10-19,Ohio,16.0,17.0,15.0,2024-2025,True,OH,5,False,False
2024-10-19,Louisiana,3.0,7.0,3.0,2024-2025,True,LA,6,True,False
2024-10-19,Rhode Island,0.0,0.0,0.0,2024-2025,True,RI,1,False,False
2024-10-19,Idaho,0.0,0.0,0.0,2024-2025,True,ID,10,False,False
2024-10-19,Minnesota,2.0,4.0,2.0,2024-2025,True,MN,5,False,True
2024-10-19,Nebraska,0.0,1.0,0.0,2024-2025,True,NE,7,False,False
2024-10-19,Nevada,0.0,0.0,0.0,2024-2025,True,NV,9,False,False
2024-10-19,South Dakota,0.0,0.0,0.0,2024-2025,True,SD,8,False,False
2024-10-19,Wyoming,0.0,0.0,0.0,2024-2025,True,WY,8,False,False
2024-10-19,Kansas,0.0,1.0,0.0,2024-2025,True,KS,7,False,False
2024-10-19,New Hampshire,0.0,0.0,0.0,2024-2025,True,NH,1,False,False
2024-10-19,West Virginia,0.0,0.0,0.0,2024-2025,True,WV,3,False,False
2024-10-19,New York,1.0,1.0,1.0,2024-2025,True,NY,2,False,True
2024-10-19,South Carolina,4.0,5.0,4.0,2024-2025,True,SC,4,True,False
2024-10-19,Texas,31.0,36.0,30.0,2024-2025,True,TX,6,False,False
2024-10-19,Illinois,4.0,6.0,4.0,2024-2025,True,IL,5,False,False
2024-10-19,Massachusetts,0.0,1.0,0.0,2024-2025,True,MA,1,False,False
2024-10-19,Georgia,6.0,15.0,6.0,2024-2025,True,GA,4,True,False
2024-10-19,Utah,0.0,0.0,0.0,2024-2025,True,UT,8,False,False
2024-10-19,Vermont,0.0,0.0,0.0,2024-2025,True,VT,1,False,False
2024-10-19,Hawaii,8.0,9.0,8.0,2024-2025,True,HI,9,False,False
2024-10-19,Maryland,2.0,2.0,0.0,2024-2025,True,MD,3,False,False
2024-10-19,Mississippi,5.0,6.0,4.0,2024-2025,True,MS,4,True,False
2024-10-19,Colorado,2.0,2.0,2.0,2024-2025,True,CO,8,False,False
2024-10-19,New Jersey,0.0,0.0,0.0,2024-2025,True,NJ,2,False,False
2024-10-19,Alaska,1.0,1.0,1.0,2024-2025,True,AK,10,False,False
2024-10-19,Kentucky,4.0,4.0,4.0,2024-2025,True,KY,4,False,False
2024-10-26,California,17.0,43.0,14.0,2024-2025,True,CA,9,False,False
2024-10-26,Delaware,0.0,0.0,0.0,2024-2025,True,DE,3,False,False
2024-10-26,Florida,29.0,68.0,25.0,2024-2025,True,FL,4,False,False
2024-10-26,Montana,0.0,0.0,0.0,2024-2025,True,MT,8,False,False
2024-10-26,New Mexico,0.0,1.0,0.0,2024-2025,True,NM,6,False,False
2024-10-26,Virginia,20.0,26.0,15.0,2024-2025,True,VA,3,False,False
2024-10-26,Washington,0.0,2.0,0.0,2024-2025,True,WA,10,False,False
2024-10-26,Tennessee,0.0,2.0,0.0,2024-2025,True,TN,4,True,False
2024-10-26,District of Columbia,0.0,0.0,0.0,2024-2025,True,DC,3,False,False
2024-10-26,North Dakota,0.0,0.0,0.0,2024-2025,True,ND,8,False,False
2024-10-26,Arkansas,0.0,1.0,0.0,2024-2025,True,AR,6,True,False
2024-10-26,Maine,0.0,0.0,0.0,2024-2025,True,ME,1,False,False
2024-10-26,Michigan,1.0,2.0,1.0,2024-2025,True,MI,5,False,False
2024-10-26,Oregon,0.0,1.0,0.0,2024-2025,True,OR,10,False,False
2024-10-26,Pennsylvania,1.0,31.0,1.0,2024-2025,True,PA,3,False,False
2024-10-26,Alabama,6.0,10.0,6.0,2024-2025,True,AL,4,True,False
2024-10-26,Wisconsin,0.0,2.0,0.0,2024-2025,True,WI,5,False,False
2024-10-26,Indiana,5.0,6.0,5.0,2024-2025,True,IN,5,False,False
2024-10-26,North Carolina,2.0,44.0,2.0,2024-2025,True,NC,4,True,False
2024-10-26,Oklahoma,0.0,0.0,0.0,2024-2025,True,OK,6,False,False
2024-10-26,Arizona,0.0,0.0,0.0,2024-2025,True,AZ,9,False,False
2024-10-26,Missouri,2.0,2.0,1.0,2024-2025,True,MO,7,False,False
2024-10-26,Connecticut,14.0,16.0,13.0,2024-2025,True,CT,1,False,False
2024-10-26,Iowa,0.0,0.0,0.0,2024-2025,True,IA,7,False,False
2024-10-26,Ohio,34.0,36.0,32.0,2024-2025,True,OH,5,False,False
2024-10-26,Louisiana,8.0,11.0,8.0,2024-2025,True,LA,6,True,False
2024-10-26,Rhode Island,0.0,0.0,0.0,2024-2025,True,RI,1,False,False
2024-10-26,Idaho,0.0,0.0,0.0,2024-2025,True,ID,10,False,False
2024-10-26,Minnesota,1.0,2.0,1.0,2024-2025,True,MN,5,False,True
2024-10-26,Nebraska,0.0,0.0,0.0,2024-2025,True,NE,7,False,False
2024-10-26,Nevada,0.0,0.0,0.0,2024-2025,True,NV,9,False,False
2024-10-26,South Dakota,1.0,1.0,1.0,2024-2025,True,SD,8,False,False
2024-10-26,Wyoming,0.0,0.0,0.0,2024-2025,True,WY,8,False,False
2024-10-26,Kansas,2.0,2.0,2.0,2024-2025,True,KS,7,False,False
2024-10-26,New Hampshire,0.0,0.0,0.0,2024-2025,True,NH,1,False,False
2024-10-26,West Virginia,0.0,0.0,0.0,2024-2025,True,WV,3,False,False
2024-10-26,New York,11.0,16.0,11.0,2024-2025,True,NY,2,False,True
2024-10-26,South Carolina,7.0,10.0,4.0,2024-2025,True,SC,4,True,False
2024-10-26,Texas,79.0,83.0,73.0,2024-2025,True,TX,6,False,False
2024-10-26,Illinois,7.0,16.0,6.0,2024-2025,True,IL,5,False,False
2024-10-26,Massachusetts,0.0,0.0,0.0,2024-2025,True,MA,1,False,False
2024-10-26,Georgia,6.0,16.0,5.0,2024-2025,True,GA,4,True,False
2024-10-26,Utah,1.0,2.0,0.0,2024-2025,True,UT,8,False,False
2024-10-26,Vermont,0.0,0.0,0.0,2024-2025,True,VT,1,False,False
2024-10-26,Hawaii,8.0,8.0,8.0,2024-2025,True,HI,9,False,False
2024-10-26,Maryland,2.0,3.0,2.0,2024-2025,True,MD,3,False,False
2024-10-26,Mississippi,3.0,3.0,2.0,2024-2025,True,MS,4,True,False
2024-10-26,Colorado,1.0,1.0,1.0,2024-2025,True,CO,8,False,False
2024-10-26,New Jersey,3.0,5.0,3.0,2024-2025,True,NJ,2,False,False
2024-10-26,Alaska,2.0,3.0,2.0,2024-2025,True,AK,10,False,False
2024-10-26,Kentucky,5.0,5.0,5.0,2024-2025,True,KY,4,False,False
2024-11-02,California,35.0,52.0,31.0,2024-2025,True,CA,9,False,False
2024-11-02,Delaware,0.0,0.0,0.0,2024-2025,True,DE,3,False,False
2024-11-02,Florida,94.0,146.0,79.0,2024-2025,True,FL,4,False,False
2024-11-02,Montana,0.0,0.0,0.0,2024-2025,True,MT,8,False,False
2024-11-02,New Mexico,0.0,3.0,0.0,2024-2025,True,NM,6,False,False
2024-11-02,Virginia,11.0,26.0,11.0,2024-2025,True,VA,3,False,False
2024-11-02,Washington,0.0,0.0,0.0,2024-2025,True,WA,10,False,False
2024-11-02,Tennessee,17.0,20.0,15.0,2024-2025,True,TN,4,True,False
2024-11-02,District of Columbia,0.0,0.0,0.0,2024-2025,True,DC,3,False,False
2024-11-02,North Dakota,0.0,0.0,0.0,2024-2025,True,ND,8,False,False
2024-11-02,Arkansas,0.0,2.0,0.0,2024-2025,True,AR,6,True,False
2024-11-02,Maine,0.0,0.0,0.0,2024-2025,True,ME,1,False,False
2024-11-02,Michigan,7.0,9.0,7.0,2024-2025,True,MI,5,False,False
2024-11-02,Oregon,0.0,3.0,0.0,2024-2025,True,OR,10,False,False
2024-11-02,Pennsylvania,19.0,85.0,15.0,2024-2025,True,PA,3,False,False
2024-11-02,Alabama,8.0,15.0,8.0,2024-2025,True,AL,4,True,False
2024-11-02,Wisconsin,0.0,0.0,0.0,2024-2025,True,WI,5,False,False
2024-11-02,Indiana,4.0,7.0,3.0,2024-2025,True,IN,5,False,False
2024-11-02,North Carolina,2.0,6.0,2.0,2024-2025,True,NC,4,True,False
2024-11-02,Oklahoma,0.0,1.0,0.0,2024-2025,True,OK,6,False,False
2024-11-02,Arizona,0.0,0.0,0.0,2024-2025,True,AZ,9,False,False
2024-11-02,Missouri,8.0,8.0,7.0,2024-2025,True,MO,7,False,False
2024-11-02,Connecticut,11.0,12.0,9.0,2024-2025,True,CT,1,False,False
2024-11-02,Iowa,1.0,1.0,1.0,2024-2025,True,IA,7,False,False
2024-11-02,Ohio,39.0,52.0,35.0,2024-2025,True,OH,5,False,False
2024-11-02,Louisiana,9.0,31.0,8.0,2024-2025,True,LA,6,True,False
2024-11-02,Rhode Island,0.0,1.0,0.0,2024-2025,True,RI,1,False,False
2024-11-02,Idaho,1.0,1.0,1.0,2024-2025,True,ID,10,False,False
2024-11-02,Minnesota,6.0,7.0,6.0,2024-2025,True,MN,5,False,True
2024-11-02,Nebraska,0.0,0.0,0.0,2024-2025,True,NE,7,False,False
2024-11-02,Nevada,6.0,6.0,6.0,2024-2025,True,NV,9,False,False
2024-11-02,South Dakota,0.0,0.0,0.0,2024-2025,True,SD,8,False,False
2024-11-02,Wyoming,2.0,2.0,2.0,2024-2025,True,WY,8,False,False
2024-11-02,Kansas,2.0,2.0,2.0,2024-2025,True,KS,7,False,False
2024-11-02,New Hampshire,0.0,1.0,0.0,2024-2025,True,NH,1,False,False
2024-11-02,West Virginia,0.0,0.0,0.0,2024-2025,True,WV,3,False,False
2024-11-02,New York,26.0,45.0,26.0,2024-2025,True,NY,2,False,True
2024-11-02,South Carolina,22.0,32.0,20.0,2024-2025,True,SC,4,True,False
2024-11-02,Texas,157.0,185.0,139.0,2024-2025,True,TX,6,False,False
2024-11-02,Illinois,13.0,31.0,11.0,2024-2025,True,IL,5,False,False
2024-11-02,Massachusetts,0.0,0.0,0.0,2024-2025,True,MA,1,False,False
2024-11-02,Georgia,9.0,24.0,9.0,2024-2025,True,GA,4,True,False
2024-11-02,Utah,5.0,5.0,5.0,2024-2025,True,UT,8,False,False
2024-11-02,Vermont,0.0,0.0,0.0,2024-2025,True,VT,1,False,False
2024-11-02,Hawaii,12.0,13.0,10.0,2024-2025,True,HI,9,False,False
2024-11-02,Maryland,9.0,17.0,7.0,2024-2025,True,MD,3,False,False
2024-11-02,Mississippi,8.0,9.0,8.0,2024-2025,True,MS,4,True,False
2024-11-02,Colorado,3.0,4.0,3.0,2024-2025,True,CO,8,False,False
2024-11-02,New Jersey,74.0,96.0,69.0,2024-2025,True,NJ,2,False,False
2024-11-02,Alaska,4.0,4.0,4.0,2024-2025,True,AK,10,False,False
2024-11-02,Kentucky,6.0,8.0,6.0,2024-2025,True,KY,4,False,False
2024-11-09,California,77.0,117.0,68.0,2024-2025,True,CA,9,False,False
2024-11-09,Delaware,20.0,23.0,17.0,2024-2025,True,DE,3,False,False
2024-11-09,Florida,246.0,426.0,223.0,2024-2025,True,FL,4,False,False
2024-11-09,Montana,0.0,0.0,0.0,2024-2025,True,MT,8,False,False
2024-11-09,New Mexico,1.0,6.0,1.0,2024-2025,True,NM,6,False,False
2024-11-09,Virginia,26.0,37.0,25.0,2024-2025,True,VA,3,False,False
2024-11-09,Washington,10.0,13.0,9.0,2024-2025,True,WA,10,False,False
2024-11-09,Tennessee,72.0,91.0,66.0,2024-2025,True,TN,4,True,False
2024-11-09,District of Columbia,0.0,15.0,0.0,2024-2025,True,DC,3,False,False
2024-11-09,North Dakota,0.0,0.0,0.0,2024-2025,True,ND,8,False,False
2024-11-09,Arkansas,5.0,7.0,5.0,2024-2025,True,AR,6,True,False
2024-11-09,Maine,1.0,1.0,1.0,2024-2025,True,ME,1,False,False
2024-11-09,Michigan,26.0,40.0,26.0,2024-2025,True,MI,5,False,False
2024-11-09,Oregon,1.0,4.0,1.0,2024-2025,True,OR,10,False,False
2024-11-09,Pennsylvania,117.0,186.0,73.0,2024-2025,True,PA,3,False,False
2024-11-09,Alabama,46.0,62.0,36.0,2024-2025,True,AL,4,True,False
2024-11-09,Wisconsin,5.0,10.0,5.0,2024-2025,True,WI,5,False,False
2024-11-09,Indiana,12.0,17.0,11.0,2024-2025,True,IN,5,False,False
2024-11-09,North Carolina,16.0,33.0,16.0,2024-2025,True,NC,4,True,False
2024-11-09,Oklahoma,0.0,0.0,0.0,2024-2025,True,OK,6,False,False
2024-11-09,Arizona,5.0,7.0,5.0,2024-2025,True,AZ,9,False,False
2024-11-09,Missouri,15.0,20.0,14.0,2024-2025,True,MO,7,False,False
2024-11-09,Connecticut,14.0,21.0,13.0,2024-2025,True,CT,1,False,False
2024-11-09,Iowa,5.0,5.0,5.0,2024-2025,True,IA,7,False,False
2024-11-09,Ohio,79.0,100.0,75.0,2024-2025,True,OH,5,False,False
2024-11-09,Louisiana,39.0,50.0,39.0,2024-2025,True,LA,6,True,False
2024-11-09,Rhode Island,7.0,9.0,7.0,2024-2025,True,RI,1,False,False
2024-11-09,Idaho,2.0,2.0,2.0,2024-2025,True,ID,10,False,False
2024-11-09,Minnesota,11.0,14.0,10.0,2024-2025,True,MN,5,False,True
2024-11-09,Nebraska,0.0,0.0,0.0,2024-2025,True,NE,7,False,False
2024-11-09,Nevada,5.0,9.0,5.0,2024-2025,True,NV,9,False,False
2024-11-09,South Dakota,0.0,0.0,0.0,2024-2025,True,SD,8,False,False
2024-11-09,Wyoming,0.0,0.0,0.0,2024-2025,True,WY,8,False,False
2024-11-09,Kansas,0.0,1.0,0.0,2024-2025,True,KS,7,False,False
2024-11-09,New Hampshire,0.0,2.0,0.0,2024-2025,True,NH,1,False,False
2024-11-09,West Virginia,5.0,10.0,4.0,2024-2025,True,WV,3,False,False
2024-11-09,New York,134.0,179.0,124.0,2024-2025,True,NY,2,False,True
2024-11-09,South Carolina,33.0,46.0,30.0,2024-2025,True,SC,4,True,False
2024-11-09,Texas,355.0,409.0,318.0,2024-2025,True,TX,6,False,False
2024-11-09,Illinois,35.0,64.0,30.0,2024-2025,True,IL,5,False,False
2024-11-09,Massachusetts,18.0,33.0,18.0,2024-2025,True,MA,1,False,False
2024-11-09,Georgia,132.0,175.0,114.0,2024-2025,True,GA,4,True,False
2024-11-09,Utah,7.0,8.0,6.0,2024-2025,True,UT,8,False,False
2024-11-09,Vermont,0.0,0.0,0.0,2024-2025,True,VT,1,False,False
2024-11-09,Hawaii,10.0,15.0,8.0,2024-2025,True,HI,9,False,False
2024-11-09,Maryland,60.0,75.0,52.0,2024-2025,True,MD,3,False,False
2024-11-09,Mississippi,21.0,25.0,20.0,2024-2025,True,MS,4,True,False
2024-11-09,Colorado,6.0,10.0,6.0,2024-2025,True,CO,8,False,False
2024-11-09,New Jersey,77.0,101.0,72.0,2024-2025,True,NJ,2,False,False
2024-11-09,Alaska,4.0,5.0,4.0,2024-2025,True,AK,10,False,False
2024-11-09,Kentucky,17.0,25.0,14.0,2024-2025,True,KY,4,False,False
2024-11-16,California,79.0,146.0,69.0,2024-2025,True,CA,9,False,False
2024-11-16,Delaware,18.0,26.0,13.0,2024-2025,True,DE,3,False,False
2024-11-16,Florida,228.0,432.0,208.0,2024-2025,True,FL,4,False,False
2024-11-16,Montana,0.0,0.0,0.0,2024-2025,True,MT,8,False,False
2024-11-16,New Mexico,1.0,7.0,1.0,2024-2025,True,NM,6,False,False
2024-11-16,Virginia,41.0,51.0,35.0,2024-2025,True,VA,3,False,False
2024-11-16,Washington,14.0,27.0,12.0,2024-2025,True,WA,10,False,False
2024-11-16,Tennessee,90.0,129.0,74.0,2024-2025,True,TN,4,True,False
2024-11-16,District of Columbia,0.0,3.0,0.0,2024-2025,True,DC,3,False,False
2024-11-16,North Dakota,0.0,0.0,0.0,2024-2025,True,ND,8,False,False
2024-11-16,Arkansas,13.0,21.0,13.0,2024-2025,True,AR,6,True,False
2024-11-16,Maine,1.0,1.0,1.0,2024-2025,True,ME,1,False,False
2024-11-16,Michigan,19.0,46.0,12.0,2024-2025,True,MI,5,False,False
2024-11-16,Oregon,2.0,4.0,2.0,2024-2025,True,OR,10,False,False
2024-11-16,Pennsylvania,78.0,162.0,61.0,2024-2025,True,PA,3,False,False
2024-11-16,Alabama,58.0,81.0,47.0,2024-2025,True,AL,4,True,False
2024-11-16,Wisconsin,4.0,7.0,4.0,2024-2025,True,WI,5,False,False
2024-11-16,Indiana,20.0,30.0,19.0,2024-2025,True,IN,5,False,False
2024-11-16,North Carolina,41.0,63.0,36.0,2024-2025,True,NC,4,True,False
2024-11-16,Oklahoma,3.0,6.0,2.0,2024-2025,True,OK,6,False,False
2024-11-16,Arizona,1.0,6.0,1.0,2024-2025,True,AZ,9,False,False
2024-11-16,Missouri,30.0,36.0,24.0,2024-2025,True,MO,7,False,False
2024-11-16,Connecticut,15.0,27.0,13.0,2024-2025,True,CT,1,False,False
2024-11-16,Iowa,10.0,10.0,8.0,2024-2025,True,IA,7,False,False
2024-11-16,Ohio,109.0,132.0,93.0,2024-2025,True,OH,5,False,False
2024-11-16,Louisiana,63.0,81.0,62.0,2024-2025,True,LA,6,True,False
2024-11-16,Rhode Island,11.0,12.0,11.0,2024-2025,True,RI,1,False,False
2024-11-16,Idaho,1.0,1.0,1.0,2024-2025,True,ID,10,False,False
2024-11-16,Minnesota,9.0,13.0,6.0,2024-2025,True,MN,5,False,True
2024-11-16,Nebraska,2.0,2.0,2.0,2024-2025,True,NE,7,False,False
2024-11-16,Nevada,7.0,12.0,6.0,2024-2025,True,NV,9,False,False
2024-11-16,South Dakota,0.0,0.0,0.0,2024-2025,True,SD,8,False,False
2024-11-16,Wyoming,3.0,3.0,2.0,2024-2025,True,WY,8,False,False
2024-11-16,Kansas,3.0,3.0,3.0,2024-2025,True,KS,7,False,False
2024-11-16,New Hampshire,4.0,4.0,4.0,2024-2025,True,NH,1,False,False
2024-11-16,West Virginia,7.0,10.0,7.0,2024-2025,True,WV,3,False,False
2024-11-16,New York,181.0,265.0,164.0,2024-2025,True,NY,2,False,True
2024-11-16,South Carolina,53.0,73.0,49.0,2024-2025,True,SC,4,True,False
2024-11-16,Texas,472.0,559.0,429.0,2024-2025,True,TX,6,False,False
2024-11-16,Illinois,62.0,82.0,56.0,2024-2025,True,IL,5,False,False
2024-11-16,Massachusetts,25.0,61.0,22.0,2024-2025,True,MA,1,False,False
2024-11-16,Georgia,206.0,299.0,184.0,2024-2025,True,GA,4,True,False
2024-11-16,Utah,1.0,2.0,1.0,2024-2025,True,UT,8,False,False
2024-11-16,Vermont,2.0,3.0,2.0,2024-2025,True,VT,1,False,False
2024-11-16,Hawaii,22.0,26.0,21.0,2024-2025,True,HI,9,False,False
2024-11-16,Maryland,43.0,67.0,39.0,2024-2025,True,MD,3,False,False
2024-11-16,Mississippi,35.0,46.0,33.0,2024-2025,True,MS,4,True,False
2024-11-16,Colorado,15.0,18.0,14.0,2024-2025,True,CO,8,False,False
2024-11-16,New Jersey,118.0,159.0,108.0,2024-2025,True,NJ,2,False,False
2024-11-16,Alaska,7.0,9.0,7.0,2024-2025,True,AK,10,False,False
2024-11-16,Kentucky,33.0,44.0,30.0,2024-2025,True,KY,4,False,False
2024-11-23,California,118.0,214.0,100.0,2024-2025,True,CA,9,False,False
2024-11-23,Delaware,35.0,43.0,31.0,2024-2025,True,DE,3,False,False
2024-11-23,Florida,256.0,527.0,230.0,2024-2025,True,FL,4,False,False
2024-11-23,Montana,0.0,0.0,0.0,2024-2025,True,MT,8,False,False
2024-11-23,New Mexico,4.0,4.0,4.0,2024-2025,True,NM,6,False,False
2024-11-23,Virginia,49.0,70.0,37.0,2024-2025,True,VA,3,False,False
2024-11-23,Washington,10.0,38.0,8.0,2024-2025,True,WA,10,False,False
2024-11-23,Tennessee,108.0,145.0,95.0,2024-2025,True,TN,4,True,False
2024-11-23,District of Columbia,0.0,6.0,0.0,2024-2025,True,DC,3,False,False
2024-11-23,North Dakota,0.0,1.0,0.0,2024-2025,True,ND,8,False,False
2024-11-23,Arkansas,8.0,15.0,6.0,2024-2025,True,AR,6,True,False
2024-11-23,Maine,0.0,0.0,0.0,2024-2025,True,ME,1,False,False
2024-11-23,Michigan,24.0,65.0,15.0,2024-2025,True,MI,5,False,False
2024-11-23,Oregon,2.0,6.0,0.0,2024-2025,True,OR,10,False,False
2024-11-23,Pennsylvania,90.0,176.0,65.0,2024-2025,True,PA,3,False,False
2024-11-23,Alabama,74.0,111.0,64.0,2024-2025,True,AL,4,True,False
2024-11-23,Wisconsin,7.0,11.0,7.0,2024-2025,True,WI,5,False,False
2024-11-23,Indiana,47.0,67.0,43.0,2024-2025,True,IN,5,False,False
2024-11-23,North Carolina,52.0,81.0,45.0,2024-2025,True,NC,4,True,False
2024-11-23,Oklahoma,10.0,11.0,9.0,2024-2025,True,OK,6,False,False
2024-11-23,Arizona,24.0,31.0,21.0,2024-2025,True,AZ,9,False,False
2024-11-23,Missouri,48.0,59.0,43.0,2024-2025,True,MO,7,False,False
2024-11-23,Connecticut,18.0,35.0,17.0,2024-2025,True,CT,1,False,False
2024-11-23,Iowa,8.0,9.0,8.0,2024-2025,True,IA,7,False,False
2024-11-23,Ohio,133.0,175.0,124.0,2024-2025,True,OH,5,False,False
2024-11-23,Louisiana,71.0,94.0,69.0,2024-2025,True,LA,6,True,False
2024-11-23,Rhode Island,14.0,18.0,14.0,2024-2025,True,RI,1,False,False
2024-11-23,Idaho,1.0,3.0,1.0,2024-2025,True,ID,10,False,False
2024-11-23,Minnesota,11.0,15.0,8.0,2024-2025,True,MN,5,False,True
2024-11-23,Nebraska,2.0,2.0,1.0,2024-2025,True,NE,7,False,False
2024-11-23,Nevada,19.0,22.0,17.0,2024-2025,True,NV,9,False,False
2024-11-23,South Dakota,0.0,0.0,0.0,2024-2025,True,SD,8,False,False
2024-11-23,Wyoming,2.0,2.0,1.0,2024-2025,True,WY,8,False,False
2024-11-23,Kansas,7.0,7.0,6.0,2024-2025,True,KS,7,False,False
2024-11-23,New Hampshire,2.0,7.0,2.0,2024-2025,True,NH,1,False,False
2024-11-23,West Virginia,9.0,13.0,8.0,2024-2025,True,WV,3,False,False
2024-11-23,New York,273.0,404.0,244.0,2024-2025,True,NY,2,False,True
2024-11-23,South Carolina,75.0,112.0,64.0,2024-2025,True,SC,4,True,False
2024-11-23,Texas,507.0,625.0,451.0,2024-2025,True,TX,6,False,False
2024-11-23,Illinois,121.0,155.0,110.0,2024-2025,True,IL,5,False,False
2024-11-23,Massachusetts,53.0,125.0,52.0,2024-2025,True,MA,1,False,False
2024-11-23,Georgia,221.0,332.0,191.0,2024-2025,True,GA,4,True,False
2024-11-23,Utah,2.0,3.0,2.0,2024-2025,True,UT,8,False,False
2024-11-23,Vermont,0.0,0.0,0.0,2024-2025,True,VT,1,False,False
2024-11-23,Hawaii,18.0,25.0,18.0,2024-2025,True,HI,9,False,False
2024-11-23,Maryland,63.0,101.0,54.0,2024-2025,True,MD,3,False,False
2024-11-23,Mississippi,48.0,67.0,46.0,2024-2025,True,MS,4,True,False
2024-11-23,Colorado,20.0,27.0,19.0,2024-2025,True,CO,8,False,False
2024-11-23,New Jersey,136.0,205.0,121.0,2024-2025,True,NJ,2,False,False
2024-11-23,Alaska,2.0,4.0,2.0,2024-2025,True,AK,10,False,False
2024-11-23,Kentucky,40.0,54.0,34.0,2024-2025,True,KY,4,False,False
2024-11-30,California,198.0,328.0,165.0,2024-2025,True,CA,9,False,False
2024-11-30,Delaware,35.0,47.0,32.0,2024-2025,True,DE,3,False,False
2024-11-30,Florida,260.0,540.0,234.0,2024-2025,True,FL,4,False,False
2024-11-30,Montana,1.0,2.0,1.0,2024-2025,True,MT,8,False,False
2024-11-30,New Mexico,5.0,6.0,4.0,2024-2025,True,NM,6,False,False
2024-11-30,Virginia,62.0,99.0,57.0,2024-2025,True,VA,3,False,False
2024-11-30,Washington,18.0,44.0,14.0,2024-2025,True,WA,10,False,False
2024-11-30,Tennessee,108.0,140.0,96.0,2024-2025,True,TN,4,True,False
2024-11-30,District of Columbia,0.0,2.0,0.0,2024-2025,True,DC,3,False,False
2024-11-30,North Dakota,0.0,0.0,0.0,2024-2025,True,ND,8,False,False
2024-11-30,Arkansas,16.0,25.0,15.0,2024-2025,True,AR,6,True,False
2024-11-30,Maine,2.0,2.0,2.0,2024-2025,True,ME,1,False,False
2024-11-30,Michigan,64.0,109.0,55.0,2024-2025,True,MI,5,False,False
2024-11-30,Oregon,8.0,12.0,7.0,2024-2025,True,OR,10,False,False
2024-11-30,Pennsylvania,108.0,229.0,93.0,2024-2025,True,PA,3,False,False
2024-11-30,Alabama,97.0,130.0,82.0,2024-2025,True,AL,4,True,False
2024-11-30,Wisconsin,11.0,21.0,5.0,2024-2025,True,WI,5,False,False
2024-11-30,Indiana,37.0,59.0,32.0,2024-2025,True,IN,5,False,False
2024-11-30,North Carolina,80.0,130.0,72.0,2024-2025,True,NC,4,True,False
2024-11-30,Oklahoma,12.0,15.0,12.0,2024-2025,True,OK,6,False,False
2024-11-30,Arizona,13.0,21.0,12.0,2024-2025,True,AZ,9,False,False
2024-11-30,Missouri,43.0,62.0,37.0,2024-2025,True,MO,7,False,False
2024-11-30,Connecticut,40.0,57.0,38.0,2024-2025,True,CT,1,False,False
2024-11-30,Iowa,10.0,10.0,10.0,2024-2025,True,IA,7,False,False
2024-11-30,Ohio,150.0,197.0,137.0,2024-2025,True,OH,5,False,False
2024-11-30,Louisiana,83.0,121.0,72.0,2024-2025,True,LA,6,True,False
2024-11-30,Rhode Island,26.0,35.0,21.0,2024-2025,True,RI,1,False,False
2024-11-30,Idaho,3.0,3.0,3.0,2024-2025,True,ID,10,False,False
2024-11-30,Minnesota,19.0,23.0,15.0,2024-2025,True,MN,5,False,True
2024-11-30,Nebraska,6.0,7.0,5.0,2024-2025,True,NE,7,False,False
2024-11-30,Nevada,23.0,24.0,21.0,2024-2025,True,NV,9,False,False
2024-11-30,South Dakota,0.0,0.0,0.0,2024-2025,True,SD,8,False,False
2024-11-30,Wyoming,3.0,3.0,3.0,2024-2025,True,WY,8,False,False
2024-11-30,Kansas,10.0,13.0,9.0,2024-2025,True,KS,7,False,False
2024-11-30,New Hampshire,3.0,6.0,3.0,2024-2025,True,NH,1,False,False
2024-11-30,West Virginia,10.0,27.0,8.0,2024-2025,True,WV,3,False,False
2024-11-30,New York,377.0,563.0,330.0,2024-2025,True,NY,2,False,True
2024-11-30,South Carolina,76.0,121.0,73.0,2024-2025,True,SC,4,True,False
2024-11-30,Texas,624.0,764.0,561.0,2024-2025,True,TX,6,False,False
2024-11-30,Illinois,160.0,225.0,133.0,2024-2025,True,IL,5,False,False
2024-11-30,Massachusetts,82.0,150.0,78.0,2024-2025,True,MA,1,False,False
2024-11-30,Georgia,277.0,402.0,246.0,2024-2025,True,GA,4,True,False
2024-11-30,Utah,9.0,11.0,9.0,2024-2025,True,UT,8,False,False
2024-11-30,Vermont,2.0,3.0,2.0,2024-2025,True,VT,1,False,False
2024-11-30,Hawaii,13.0,19.0,11.0,2024-2025,True,HI,9,False,False
2024-11-30,Maryland,79.0,113.0,68.0,2024-2025,True,MD,3,False,False
2024-11-30,Mississippi,50.0,77.0,46.0,2024-2025,True,MS,4,True,False
2024-11-30,Colorado,19.0,23.0,17.0,2024-2025,True,CO,8,False,False
2024-11-30,New Jersey,184.0,283.0,166.0,2024-2025,True,NJ,2,False,False
2024-11-30,Alaska,10.0,13.0,9.0,2024-2025,True,AK,10,False,False
2024-11-30,Kentucky,42.0,60.0,38.0,2024-2025,True,KY,4,False,False
2024-12-07,California,274.0,429.0,239.0,2024-2025,True,CA,9,False,False
2024-12-07,Delaware,50.0,70.0,45.0,2024-2025,True,DE,3,False,False
2024-12-07,Florida,226.0,528.0,206.0,2024-2025,True,FL,4,False,False
2024-12-07,Montana,0.0,0.0,0.0,2024-2025,True,MT,8,False,False
2024-12-07,New Mexico,7.0,9.0,5.0,2024-2025,True,NM,6,False,False
2024-12-07,Virginia,64.0,104.0,61.0,2024-2025,True,VA,3,False,False
2024-12-07,Washington,34.0,71.0,20.0,2024-2025,True,WA,10,False,False
2024-12-07,Tennessee,110.0,156.0,98.0,2024-2025,True,TN,4,True,False
2024-12-07,District of Columbia,2.0,4.0,0.0,2024-2025,True,DC,3,False,False
2024-12-07,North Dakota,0.0,1.0,0.0,2024-2025,True,ND,8,False,False
2024-12-07,Arkansas,8.0,32.0,8.0,2024-2025,True,AR,6,True,False
2024-12-07,Maine,2.0,2.0,2.0,2024-2025,True,ME,1,False,False
2024-12-07,Michigan,75.0,139.0,68.0,2024-2025,True,MI,5,False,False
2024-12-07,Oregon,8.0,14.0,6.0,2024-2025,True,OR,10,False,False
2024-12-07,Pennsylvania,166.0,350.0,154.0,2024-2025,True,PA,3,False,False
2024-12-07,Alabama,97.0,165.0,89.0,2024-2025,True,AL,4,True,False
2024-12-07,Wisconsin,13.0,33.0,9.0,2024-2025,True,WI,5,False,False
2024-12-07,Indiana,45.0,73.0,41.0,2024-2025,True,IN,5,False,False
2024-12-07,North Carolina,107.0,173.0,87.0,2024-2025,True,NC,4,True,False
2024-12-07,Oklahoma,15.0,25.0,14.0,2024-2025,True,OK,6,False,False
2024-12-07,Arizona,42.0,62.0,35.0,2024-2025,True,AZ,9,False,False
2024-12-07,Missouri,62.0,88.0,58.0,2024-2025,True,MO,7,False,False
2024-12-07,Connecticut,36.0,60.0,33.0,2024-2025,True,CT,1,False,False
2024-12-07,Iowa,10.0,13.0,10.0,2024-2025,True,IA,7,False,False
2024-12-07,Ohio,204.0,285.0,178.0,2024-2025,True,OH,5,False,False
2024-12-07,Louisiana,116.0,171.0,112.0,2024-2025,True,LA,6,True,False
2024-12-07,Rhode Island,38.0,48.0,34.0,2024-2025,True,RI,1,False,False
2024-12-07,Idaho,3.0,5.0,2.0,2024-2025,True,ID,10,False,False
2024-12-07,Minnesota,27.0,48.0,23.0,2024-2025,True,MN,5,False,True
2024-12-07,Nebraska,4.0,7.0,3.0,2024-2025,True,NE,7,False,False
2024-12-07,Nevada,19.0,29.0,17.0,2024-2025,True,NV,9,False,False
2024-12-07,South Dakota,0.0,0.0,0.0,2024-2025,True,SD,8,False,False
2024-12-07,Wyoming,3.0,5.0,3.0,2024-2025,True,WY,8,False,False
2024-12-07,Kansas,3.0,14.0,3.0,2024-2025,True,KS,7,False,False
2024-12-07,New Hampshire,8.0,19.0,8.0,2024-2025,True,NH,1,False,False
2024-12-07,West Virginia,14.0,17.0,13.0,2024-2025,True,WV,3,False,False
2024-12-07,New York,445.0,725.0,400.0,2024-2025,True,NY,2,False,True
2024-12-07,South Carolina,73.0,157.0,69.0,2024-2025,True,SC,4,True,False
2024-12-07,Texas,666.0,876.0,600.0,2024-2025,True,TX,6,False,False
2024-12-07,Illinois,161.0,264.0,147.0,2024-2025,True,IL,5,False,False
2024-12-07,Massachusetts,96.0,172.0,88.0,2024-2025,True,MA,1,False,False
2024-12-07,Georgia,219.0,410.0,200.0,2024-2025,True,GA,4,True,False
2024-12-07,Utah,4.0,15.0,4.0,2024-2025,True,UT,8,False,False
2024-12-07,Vermont,3.0,5.0,3.0,2024-2025,True,VT,1,False,False
2024-12-07,Hawaii,15.0,19.0,15.0,2024-2025,True,HI,9,False,False
2024-12-07,Maryland,68.0,125.0,52.0,2024-2025,True,MD,3,False,False
2024-12-07,Mississippi,68.0,108.0,64.0,2024-2025,True,MS,4,True,False
2024-12-07,Colorado,24.0,34.0,22.0,2024-2025,True,CO,8,False,False
2024-12-07,New Jersey,196.0,290.0,173.0,2024-2025,True,NJ,2,False,False
2024-12-07,Alaska,3.0,3.0,3.0,2024-2025,True,AK,10,False,False
2024-12-07,Kentucky,57.0,96.0,55.0,2024-2025,True,KY,4,False,False
2024-12-14,California,298.0,485.0,254.0,2024-2025,True,CA,9,False,False
2024-12-14,Delaware,56.0,79.0,51.0,2024-2025,True,DE,3,False,False
2024-12-14,Florida,220.0,629.0,201.0,2024-2025,True,FL,4,False,False
2024-12-14,Montana,0.0,2.0,0.0,2024-2025,True,MT,8,False,False
2024-12-14,New Mexico,9.0,12.0,6.0,2024-2025,True,NM,6,False,False
2024-12-14,Virginia,26.0,94.0,24.0,2024-2025,True,VA,3,False,False
2024-12-14,Washington,41.0,125.0,20.0,2024-2025,True,WA,10,False,False
2024-12-14,Tennessee,117.0,203.0,105.0,2024-2025,True,TN,4,True,False
2024-12-14,District of Columbia,7.0,14.0,0.0,2024-2025,True,DC,3,False,False
2024-12-14,North Dakota,0.0,0.0,0.0,2024-2025,True,ND,8,False,False
2024-12-14,Arkansas,15.0,54.0,15.0,2024-2025,True,AR,6,True,False
2024-12-14,Maine,3.0,3.0,3.0,2024-2025,True,ME,1,False,False
2024-12-14,Michigan,93.0,185.0,85.0,2024-2025,True,MI,5,False,False
2024-12-14,Oregon,25.0,32.0,22.0,2024-2025,True,OR,10,False,False
2024-12-14,Pennsylvania,249.0,530.0,214.0,2024-2025,True,PA,3,False,False
2024-12-14,Alabama,71.0,155.0,62.0,2024-2025,True,AL,4,True,False
2024-12-14,Wisconsin,24.0,60.0,21.0,2024-2025,True,WI,5,False,False
2024-12-14,Indiana,76.0,142.0,72.0,2024-2025,True,IN,5,False,False
2024-12-14,North Carolina,154.0,303.0,133.0,2024-2025,True,NC,4,True,False
2024-12-14,Oklahoma,24.0,40.0,23.0,2024-2025,True,OK,6,False,False
2024-12-14,Arizona,27.0,58.0,18.0,2024-2025,True,AZ,9,False,False
2024-12-14,Missouri,42.0,63.0,38.0,2024-2025,True,MO,7,False,False
2024-12-14,Connecticut,51.0,100.0,42.0,2024-2025,True,CT,1,False,False
2024-12-14,Iowa,17.0,24.0,17.0,2024-2025,True,IA,7,False,False
2024-12-14,Ohio,239.0,371.0,212.0,2024-2025,True,OH,5,False,False
2024-12-14,Louisiana,102.0,165.0,90.0,2024-2025,True,LA,6,True,False
2024-12-14,Rhode Island,31.0,47.0,26.0,2024-2025,True,RI,1,False,False
2024-12-14,Idaho,6.0,10.0,6.0,2024-2025,True,ID,10,False,False
2024-12-14,Minnesota,37.0,60.0,32.0,2024-2025,True,MN,5,False,True
2024-12-14,Nebraska,7.0,9.0,7.0,2024-2025,True,NE,7,False,False
2024-12-14,Nevada,29.0,45.0,27.0,2024-2025,True,NV,9,False,False
2024-12-14,South Dakota,3.0,3.0,2.0,2024-2025,True,SD,8,False,False
2024-12-14,Wyoming,4.0,6.0,4.0,2024-2025,True,WY,8,False,False
2024-12-14,Kansas,15.0,20.0,14.0,2024-2025,True,KS,7,False,False
2024-12-14,New Hampshire,20.0,28.0,17.0,2024-2025,True,NH,1,False,False
2024-12-14,West Virginia,20.0,39.0,20.0,2024-2025,True,WV,3,False,False
2024-12-14,New York,474.0,874.0,416.0,2024-2025,True,NY,2,False,True
2024-12-14,South Carolina,77.0,184.0,67.0,2024-2025,True,SC,4,True,False
2024-12-14,Texas,626.0,905.0,550.0,2024-2025,True,TX,6,False,False
2024-12-14,Illinois,229.0,379.0,200.0,2024-2025,True,IL,5,False,False
2024-12-14,Massachusetts,118.0,285.0,102.0,2024-2025,True,MA,1,False,False
2024-12-14,Georgia,182.0,409.0,164.0,2024-2025,True,GA,4,True,False
2024-12-14,Utah,14.0,21.0,14.0,2024-2025,True,UT,8,False,False
2024-12-14,Vermont,7.0,8.0,6.0,2024-2025,True,VT,1,False,False
2024-12-14,Hawaii,18.0,30.0,16.0,2024-2025,True,HI,9,False,False
2024-12-14,Maryland,91.0,179.0,77.0,2024-2025,True,MD,3,False,False
2024-12-14,Mississippi,66.0,103.0,61.0,2024-2025,True,MS,4,True,False
2024-12-14,Colorado,49.0,68.0,46.0,2024-2025,True,CO,8,False,False
2024-12-14,New Jersey,238.0,406.0,206.0,2024-2025,True,NJ,2,False,False
2024-12-14,Alaska,12.0,18.0,10.0,2024-2025,True,AK,10,False,False
2024-12-14,Kentucky,69.0,132.0,63.0,2024-2025,True,KY,4,False,False
2024-12-21,California,325.0,612.0,275.0,2024-2025,True,CA,9,False,False
2024-12-21,Delaware,74.0,112.0,63.0,2024-2025,True,DE,3,False,False
2024-12-21,Florida,239.0,606.0,223.0,2024-2025,True,FL,4,False,False
2024-12-21,Montana,2.0,4.0,2.0,2024-2025,True,MT,8,False,False
2024-12-21,New Mexico,12.0,18.0,8.0,2024-2025,True,NM,6,False,False
2024-12-21,Virginia,113.0,199.0,96.0,2024-2025,True,VA,3,False,False
2024-12-21,Washington,58.0,146.0,41.0,2024-2025,True,WA,10,False,False
2024-12-21,Tennessee,160.0,238.0,143.0,2024-2025,True,TN,4,True,False
2024-12-21,District of Columbia,6.0,9.0,0.0,2024-2025,True,DC,3,False,False
2024-12-21,North Dakota,2.0,4.0,2.0,2024-2025,True,ND,8,False,False
2024-12-21,Arkansas,27.0,73.0,21.0,2024-2025,True,AR,6,True,False
2024-12-21,Maine,4.0,7.0,4.0,2024-2025,True,ME,1,False,False
2024-12-21,Michigan,113.0,224.0,95.0,2024-2025,True,MI,5,False,False
2024-12-21,Oregon,17.0,34.0,15.0,2024-2025,True,OR,10,False,False
2024-12-21,Pennsylvania,602.0,992.0,459.0,2024-2025,True,PA,3,False,False
2024-12-21,Alabama,77.0,171.0,70.0,2024-2025,True,AL,4,True,False
2024-12-21,Wisconsin,41.0,78.0,38.0,2024-2025,True,WI,5,False,False
2024-12-21,Indiana,104.0,206.0,95.0,2024-2025,True,IN,5,False,False
2024-12-21,North Carolina,211.0,412.0,182.0,2024-2025,True,NC,4,True,False
2024-12-21,Oklahoma,39.0,58.0,34.0,2024-2025,True,OK,6,False,False
2024-12-21,Arizona,78.0,139.0,67.0,2024-2025,True,AZ,9,False,False
2024-12-21,Missouri,57.0,96.0,54.0,2024-2025,True,MO,7,False,False
2024-12-21,Connecticut,58.0,107.0,50.0,2024-2025,True,CT,1,False,False
2024-12-21,Iowa,34.0,41.0,29.0,2024-2025,True,IA,7,False,False
2024-12-21,Ohio,395.0,560.0,360.0,2024-2025,True,OH,5,False,False
2024-12-21,Louisiana,97.0,177.0,92.0,2024-2025,True,LA,6,True,False
2024-12-21,Rhode Island,28.0,61.0,28.0,2024-2025,True,RI,1,False,False
2024-12-21,Idaho,21.0,28.0,20.0,2024-2025,True,ID,10,False,False
2024-12-21,Minnesota,60.0,109.0,54.0,2024-2025,True,MN,5,False,True
2024-12-21,Nebraska,26.0,39.0,15.0,2024-2025,True,NE,7,False,False
2024-12-21,Nevada,45.0,62.0,37.0,2024-2025,True,NV,9,False,False
2024-12-21,South Dakota,0.0,1.0,0.0,2024-2025,True,SD,8,False,False
2024-12-21,Wyoming,12.0,16.0,11.0,2024-2025,True,WY,8,False,False
2024-12-21,Kansas,28.0,46.0,23.0,2024-2025,True,KS,7,False,False
2024-12-21,New Hampshire,22.0,39.0,20.0,2024-2025,True,NH,1,False,False
2024-12-21,West Virginia,38.0,53.0,31.0,2024-2025,True,WV,3,False,False
2024-12-21,New York,514.0,990.0,445.0,2024-2025,True,NY,2,False,True
2024-12-21,South Carolina,96.0,217.0,86.0,2024-2025,True,SC,4,True,False
2024-12-21,Texas,685.0,978.0,597.0,2024-2025,True,TX,6,False,False
2024-12-21,Illinois,286.0,486.0,256.0,2024-2025,True,IL,5,False,False
2024-12-21,Massachusetts,82.0,246.0,71.0,2024-2025,True,MA,1,False,False
2024-12-21,Georgia,197.0,438.0,170.0,2024-2025,True,GA,4,True,False
2024-12-21,Utah,28.0,33.0,23.0,2024-2025,True,UT,8,False,False
2024-12-21,Vermont,2.0,4.0,2.0,2024-2025,True,VT,1,False,False
2024-12-21,Hawaii,13.0,21.0,12.0,2024-2025,True,HI,9,False,False
2024-12-21,Maryland,101.0,199.0,92.0,2024-2025,True,MD,3,False,False
2024-12-21,Mississippi,52.0,84.0,48.0,2024-2025,True,MS,4,True,False
2024-12-21,Colorado,82.0,111.0,75.0,2024-2025,True,CO,8,False,False
2024-12-21,New Jersey,225.0,454.0,195.0,2024-2025,True,NJ,2,False,False
2024-12-21,Alaska,10.0,20.0,9.0,2024-2025,True,AK,10,False,False
2024-12-21,Kentucky,105.0,181.0,103.0,2024-2025,True,KY,4,False,False
2024-12-28,California,402.0,748.0,344.0,2024-2025,True,CA,9,False,False
2024-12-28,Delaware,59.0,104.0,54.0,2024-2025,True,DE,3,False,False
2024-12-28,Florida,218.0,616.0,188.0,2024-2025,True,FL,4,False,False
2024-12-28,Montana,3.0,6.0,2.0,2024-2025,True,MT,8,False,False
2024-12-28,New Mexico,25.0,34.0,22.0,2024-2025,True,NM,6,False,False
2024-12-28,Virginia,69.0,177.0,63.0,2024-2025,True,VA,3,False,False
2024-12-28,Washington,61.0,165.0,42.0,2024-2025,True,WA,10,False,False
2024-12-28,Tennessee,173.0,292.0,150.0,2024-2025,True,TN,4,True,False
2024-12-28,District of Columbia,0.0,9.0,0.0,2024-2025,True,DC,3,False,False
2024-12-28,North Dakota,2.0,2.0,2.0,2024-2025,True,ND,8,False,False
2024-12-28,Arkansas,24.0,82.0,20.0,2024-2025,True,AR,6,True,False
2024-12-28,Maine,4.0,6.0,3.0,2024-2025,True,ME,1,False,False
2024-12-28,Michigan,229.0,464.0,198.0,2024-2025,True,MI,5,False,False
2024-12-28,Oregon,53.0,90.0,41.0,2024-2025,True,OR,10,False,False
2024-12-28,Pennsylvania,440.0,1054.0,381.0,2024-2025,True,PA,3,False,False
2024-12-28,Alabama,74.0,171.0,66.0,2024-2025,True,AL,4,True,False
2024-12-28,Wisconsin,58.0,112.0,51.0,2024-2025,True,WI,5,False,False
2024-12-28,Indiana,137.0,230.0,119.0,2024-2025,True,IN,5,False,False
2024-12-28,North Carolina,301.0,561.0,271.0,2024-2025,True,NC,4,True,False
2024-12-28,Oklahoma,76.0,113.0,64.0,2024-2025,True,OK,6,False,False
2024-12-28,Arizona,104.0,163.0,88.0,2024-2025,True,AZ,9,False,False
2024-12-28,Missouri,99.0,174.0,81.0,2024-2025,True,MO,7,False,False
2024-12-28,Connecticut,75.0,155.0,63.0,2024-2025,True,CT,1,False,False
2024-12-28,Iowa,33.0,49.0,33.0,2024-2025,True,IA,7,False,False
2024-12-28,Ohio,330.0,569.0,300.0,2024-2025,True,OH,5,False,False
2024-12-28,Louisiana,103.0,217.0,92.0,2024-2025,True,LA,6,True,False
2024-12-28,Rhode Island,48.0,73.0,45.0,2024-2025,True,RI,1,False,False
2024-12-28,Idaho,26.0,30.0,24.0,2024-2025,True,ID,10,False,False
2024-12-28,Minnesota,88.0,133.0,78.0,2024-2025,True,MN,5,False,True
2024-12-28,Nebraska,25.0,34.0,21.0,2024-2025,True,NE,7,False,False
2024-12-28,Nevada,46.0,62.0,40.0,2024-2025,True,NV,9,False,False
2024-12-28,South Dakota,1.0,5.0,0.0,2024-2025,True,SD,8,False,False
2024-12-28,Wyoming,13.0,14.0,12.0,2024-2025,True,WY,8,False,False
2024-12-28,Kansas,37.0,57.0,33.0,2024-2025,True,KS,7,False,False
2024-12-28,New Hampshire,19.0,49.0,16.0,2024-2025,True,NH,1,False,False
2024-12-28,West Virginia,63.0,100.0,57.0,2024-2025,True,WV,3,False,False
2024-12-28,New York,456.0,1041.0,387.0,2024-2025,True,NY,2,False,True
2024-12-28,South Carolina,91.0,257.0,78.0,2024-2025,True,SC,4,True,False
2024-12-28,Texas,724.0,1139.0,655.0,2024-2025,True,TX,6,False,False
2024-12-28,Illinois,284.0,575.0,243.0,2024-2025,True,IL,5,False,False
2024-12-28,Massachusetts,87.0,266.0,83.0,2024-2025,True,MA,1,False,False
2024-12-28,Georgia,181.0,426.0,153.0,2024-2025,True,GA,4,True,False
2024-12-28,Utah,52.0,57.0,47.0,2024-2025,True,UT,8,False,False
2024-12-28,Vermont,4.0,15.0,3.0,2024-2025,True,VT,1,False,False
2024-12-28,Hawaii,8.0,16.0,7.0,2024-2025,True,HI,9,False,False
2024-12-28,Maryland,74.0,183.0,65.0,2024-2025,True,MD,3,False,False
2024-12-28,Mississippi,40.0,76.0,38.0,2024-2025,True,MS,4,True,False
2024-12-28,Colorado,108.0,137.0,101.0,2024-2025,True,CO,8,False,False
2024-12-28,New Jersey,210.0,501.0,189.0,2024-2025,True,NJ,2,False,False
2024-12-28,Alaska,15.0,28.0,14.0,2024-2025,True,AK,10,False,False
2024-12-28,Kentucky,91.0,208.0,86.0,2024-2025,True,KY,4,False,False
2025-01-04,California,388.0,943.0,349.0,2024-2025,True,CA,9,False,False
2025-01-04,Delaware,81.0,155.0,77.0,2024-2025,True,DE,3,False,False
2025-01-04,Florida,230.0,799.0,201.0,2024-2025,True,FL,4,False,False
2025-01-04,Montana,10.0,16.0,10.0,2024-2025,True,MT,8,False,False
2025-01-04,New Mexico,36.0,48.0,34.0,2024-2025,True,NM,6,False,False
2025-01-04,Virginia,96.0,323.0,88.0,2024-2025,True,VA,3,False,False
2025-01-04,Washington,67.0,193.0,56.0,2024-2025,True,WA,10,False,False
2025-01-04,Tennessee,223.0,400.0,200.0,2024-2025,True,TN,4,True,False
2025-01-04,District of Columbia,0.0,3.0,0.0,2024-2025,True,DC,3,False,False
2025-01-04,North Dakota,11.0,13.0,10.0,2024-2025,True,ND,8,False,False
2025-01-04,Arkansas,18.0,107.0,18.0,2024-2025,True,AR,6,True,False
2025-01-04,Maine,9.0,15.0,8.0,2024-2025,True,ME,1,False,False
2025-01-04,Michigan,289.0,552.0,263.0,2024-2025,True,MI,5,False,False
2025-01-04,Oregon,67.0,138.0,64.0,2024-2025,True,OR,10,False,False
2025-01-04,Pennsylvania,536.0,1301.0,476.0,2024-2025,True,PA,3,False,False
2025-01-04,Alabama,65.0,171.0,58.0,2024-2025,True,AL,4,True,False
2025-01-04,Wisconsin,89.0,184.0,76.0,2024-2025,True,WI,5,False,False
2025-01-04,Indiana,142.0,341.0,133.0,2024-2025,True,IN,5,False,False
2025-01-04,North Carolina,290.0,774.0,261.0,2024-2025,True,NC,4,True,False
2025-01-04,Oklahoma,84.0,153.0,74.0,2024-2025,True,OK,6,False,False
2025-01-04,Arizona,102.0,208.0,98.0,2024-2025,True,AZ,9,False,False
2025-01-04,Missouri,118.0,262.0,110.0,2024-2025,True,MO,7,False,False
2025-01-04,Connecticut,69.0,204.0,56.0,2024-2025,True,CT,1,False,False
2025-01-04,Iowa,42.0,65.0,42.0,2024-2025,True,IA,7,False,False
2025-01-04,Ohio,365.0,739.0,323.0,2024-2025,True,OH,5,False,False
2025-01-04,Louisiana,94.0,298.0,87.0,2024-2025,True,LA,6,True,False
2025-01-04,Rhode Island,28.0,70.0,26.0,2024-2025,True,RI,1,False,False
2025-01-04,Idaho,27.0,43.0,24.0,2024-2025,True,ID,10,False,False
2025-01-04,Minnesota,97.0,205.0,93.0,2024-2025,True,MN,5,False,True
2025-01-04,Nebraska,28.0,47.0,24.0,2024-2025,True,NE,7,False,False
2025-01-04,Nevada,65.0,112.0,59.0,2024-2025,True,NV,9,False,False
2025-01-04,South Dakota,2.0,3.0,2.0,2024-2025,True,SD,8,False,False
2025-01-04,Wyoming,5.0,6.0,5.0,2024-2025,True,WY,8,False,False
2025-01-04,Kansas,66.0,104.0,62.0,2024-2025,True,KS,7,False,False
2025-01-04,New Hampshire,28.0,63.0,25.0,2024-2025,True,NH,1,False,False
2025-01-04,West Virginia,74.0,146.0,73.0,2024-2025,True,WV,3,False,False
2025-01-04,New York,436.0,1230.0,383.0,2024-2025,True,NY,2,False,True
2025-01-04,South Carolina,101.0,360.0,90.0,2024-2025,True,SC,4,True,False
2025-01-04,Texas,781.0,1286.0,704.0,2024-2025,True,TX,6,False,False
2025-01-04,Illinois,324.0,771.0,291.0,2024-2025,True,IL,5,False,False
2025-01-04,Massachusetts,286.0,537.0,255.0,2024-2025,True,MA,1,False,False
2025-01-04,Georgia,179.0,505.0,163.0,2024-2025,True,GA,4,True,False
2025-01-04,Utah,85.0,110.0,82.0,2024-2025,True,UT,8,False,False
2025-01-04,Vermont,5.0,18.0,3.0,2024-2025,True,VT,1,False,False
2025-01-04,Hawaii,27.0,50.0,26.0,2024-2025,True,HI,9,False,False
2025-01-04,Maryland,75.0,262.0,68.0,2024-2025,True,MD,3,False,False
2025-01-04,Mississippi,51.0,98.0,49.0,2024-2025,True,MS,4,True,False
2025-01-04,Colorado,97.0,168.0,87.0,2024-2025,True,CO,8,False,False
2025-01-04,New Jersey,200.0,613.0,174.0,2024-2025,True,NJ,2,False,False
2025-01-04,Alaska,24.0,37.0,23.0,2024-2025,True,AK,10,False,False
2025-01-04,Kentucky,123.0,333.0,116.0,2024-2025,True,KY,4,False,False
2025-01-11,California,273.0,810.0,244.0,2024-2025,True,CA,9,False,False
2025-01-11,Delaware,23.0,66.0,22.0,2024-2025,True,DE,3,False,False
2025-01-11,Florida,136.0,669.0,122.0,2024-2025,True,FL,4,False,False
2025-01-11,Montana,4.0,13.0,3.0,2024-2025,True,MT,8,False,False
2025-01-11,New Mexico,25.0,43.0,22.0,2024-2025,True,NM,6,False,False
2025-01-11,Virginia,53.0,196.0,51.0,2024-2025,True,VA,3,False,False
2025-01-11,Washington,35.0,115.0,31.0,2024-2025,True,WA,10,False,False
2025-01-11,Tennessee,101.0,240.0,94.0,2024-2025,True,TN,4,True,False
2025-01-11,District of Columbia,0.0,5.0,0.0,2024-2025,True,DC,3,False,False
2025-01-11,North Dakota,5.0,8.0,5.0,2024-2025,True,ND,8,False,False
2025-01-11,Arkansas,8.0,80.0,8.0,2024-2025,True,AR,6,True,False
2025-01-11,Maine,13.0,24.0,13.0,2024-2025,True,ME,1,False,False
2025-01-11,Michigan,221.0,641.0,209.0,2024-2025,True,MI,5,False,False
2025-01-11,Oregon,42.0,90.0,38.0,2024-2025,True,OR,10,False,False
2025-01-11,Pennsylvania,339.0,1382.0,297.0,2024-2025,True,PA,3,False,False
2025-01-11,Alabama,48.0,152.0,42.0,2024-2025,True,AL,4,True,False
2025-01-11,Wisconsin,53.0,182.0,42.0,2024-2025,True,WI,5,False,False
2025-01-11,Indiana,90.0,232.0,81.0,2024-2025,True,IN,5,False,False
2025-01-11,North Carolina,167.0,569.0,154.0,2024-2025,True,NC,4,True,False
2025-01-11,Oklahoma,60.0,134.0,58.0,2024-2025,True,OK,6,False,False
2025-01-11,Arizona,121.0,272.0,108.0,2024-2025,True,AZ,9,False,False
2025-01-11,Missouri,66.0,199.0,60.0,2024-2025,True,MO,7,False,False
2025-01-11,Connecticut,48.0,215.0,43.0,2024-2025,True,CT,1,False,False
2025-01-11,Iowa,40.0,172.0,36.0,2024-2025,True,IA,7,False,False
2025-01-11,Ohio,214.0,545.0,196.0,2024-2025,True,OH,5,False,False
2025-01-11,Louisiana,71.0,228.0,64.0,2024-2025,True,LA,6,True,False
2025-01-11,Rhode Island,30.0,66.0,26.0,2024-2025,True,RI,1,False,False
2025-01-11,Idaho,16.0,34.0,16.0,2024-2025,True,ID,10,False,False
2025-01-11,Minnesota,96.0,231.0,86.0,2024-2025,True,MN,5,False,True
2025-01-11,Nebraska,26.0,42.0,25.0,2024-2025,True,NE,7,False,False
2025-01-11,Nevada,33.0,78.0,31.0,2024-2025,True,NV,9,False,False
2025-01-11,South Dakota,2.0,7.0,2.0,2024-2025,True,SD,8,False,False
2025-01-11,Wyoming,4.0,14.0,4.0,2024-2025,True,WY,8,False,False
2025-01-11,Kansas,33.0,81.0,32.0,2024-2025,True,KS,7,False,False
2025-01-11,New Hampshire,24.0,61.0,21.0,2024-2025,True,NH,1,False,False
2025-01-11,West Virginia,36.0,99.0,35.0,2024-2025,True,WV,3,False,False
2025-01-11,New York,248.0,889.0,220.0,2024-2025,True,NY,2,False,True
2025-01-11,South Carolina,49.0,216.0,44.0,2024-2025,True,SC,4,True,False
2025-01-11,Texas,379.0,778.0,345.0,2024-2025,True,TX,6,False,False
2025-01-11,Illinois,157.0,560.0,144.0,2024-2025,True,IL,5,False,False
2025-01-11,Massachusetts,151.0,380.0,134.0,2024-2025,True,MA,1,False,False
2025-01-11,Georgia,85.0,322.0,78.0,2024-2025,True,GA,4,True,False
2025-01-11,Utah,61.0,82.0,55.0,2024-2025,True,UT,8,False,False
2025-01-11,Vermont,4.0,14.0,4.0,2024-2025,True,VT,1,False,False
2025-01-11,Hawaii,9.0,28.0,8.0,2024-2025,True,HI,9,False,False
2025-01-11,Maryland,31.0,154.0,28.0,2024-2025,True,MD,3,False,False
2025-01-11,Mississippi,20.0,64.0,20.0,2024-2025,True,MS,4,True,False
2025-01-11,Colorado,86.0,138.0,79.0,2024-2025,True,CO,8,False,False
2025-01-11,New Jersey,142.0,504.0,129.0,2024-2025,True,NJ,2,False,False
2025-01-11,Alaska,7.0,24.0,7.0,2024-2025,True,AK,10,False,False
2025-01-11,Kentucky,65.0,202.0,59.0,2024-2025,True,KY,4,False,False
2025-01-18,California,256.0,769.0,222.0,2024-2025,True,CA,9,False,False
2025-01-18,Delaware,19.0,48.0,14.0,2024-2025,True,DE,3,False,False
2025-01-18,Florida,137.0,628.0,127.0,2024-2025,True,FL,4,False,False
2025-01-18,Montana,9.0,13.0,9.0,2024-2025,True,MT,8,False,False
2025-01-18,New Mexico,49.0,70.0,48.0,2024-2025,True,NM,6,False,False
2025-01-18,Virginia,25.0,151.0,23.0,2024-2025,True,VA,3,False,False
2025-01-18,Washington,22.0,116.0,19.0,2024-2025,True,WA,10,False,False
2025-01-18,Tennessee,63.0,171.0,52.0,2024-2025,True,TN,4,True,False
2025-01-18,District of Columbia,0.0,4.0,0.0,2024-2025,True,DC,3,False,False
2025-01-18,North Dakota,5.0,8.0,5.0,2024-2025,True,ND,8,False,False
2025-01-18,Arkansas,14.0,83.0,14.0,2024-2025,True,AR,6,True,False
2025-01-18,Maine,19.0,34.0,16.0,2024-2025,True,ME,1,False,False
2025-01-18,Michigan,180.0,495.0,164.0,2024-2025,True,MI,5,False,False
2025-01-18,Oregon,28.0,74.0,22.0,2024-2025,True,OR,10,False,False
2025-01-18,Pennsylvania,295.0,1063.0,261.0,2024-2025,True,PA,3,False,False
2025-01-18,Alabama,29.0,96.0,27.0,2024-2025,True,AL,4,True,False
2025-01-18,Wisconsin,64.0,192.0,53.0,2024-2025,True,WI,5,False,False
2025-01-18,Indiana,71.0,217.0,67.0,2024-2025,True,IN,5,False,False
2025-01-18,North Carolina,157.0,498.0,141.0,2024-2025,True,NC,4,True,False
2025-01-18,Oklahoma,57.0,118.0,52.0,2024-2025,True,OK,6,False,False
2025-01-18,Arizona,134.0,257.0,113.0,2024-2025,True,AZ,9,False,False
2025-01-18,Missouri,70.0,187.0,67.0,2024-2025,True,MO,7,False,False
2025-01-18,Connecticut,27.0,170.0,22.0,2024-2025,True,CT,1,False,False
2025-01-18,Iowa,45.0,88.0,45.0,2024-2025,True,IA,7,False,False
2025-01-18,Ohio,192.0,499.0,176.0,2024-2025,True,OH,5,False,False
2025-01-18,Louisiana,31.0,148.0,28.0,2024-2025,True,LA,6,True,False
2025-01-18,Rhode Island,6.0,37.0,6.0,2024-2025,True,RI,1,False,False
2025-01-18,Idaho,31.0,43.0,25.0,2024-2025,True,ID,10,False,False
2025-01-18,Minnesota,103.0,212.0,98.0,2024-2025,True,MN,5,False,True
2025-01-18,Nebraska,27.0,42.0,22.0,2024-2025,True,NE,7,False,False
2025-01-18,Nevada,41.0,73.0,35.0,2024-2025,True,NV,9,False,False
2025-01-18,South Dakota,3.0,7.0,3.0,2024-2025,True,SD,8,False,False
2025-01-18,Wyoming,7.0,18.0,7.0,2024-2025,True,WY,8,False,False
2025-01-18,Kansas,25.0,70.0,21.0,2024-2025,True,KS,7,False,False
2025-01-18,New Hampshire,17.0,47.0,13.0,2024-2025,True,NH,1,False,False
2025-01-18,West Virginia,45.0,92.0,43.0,2024-2025,True,WV,3,False,False
2025-01-18,New York,177.0,716.0,144.0,2024-2025,True,NY,2,False,True
2025-01-18,South Carolina,34.0,176.0,31.0,2024-2025,True,SC,4,True,False
2025-01-18,Texas,285.0,677.0,252.0,2024-2025,True,TX,6,False,False
2025-01-18,Illinois,149.0,533.0,135.0,2024-2025,True,IL,5,False,False
2025-01-18,Massachusetts,137.0,327.0,110.0,2024-2025,True,MA,1,False,False
2025-01-18,Georgia,65.0,267.0,58.0,2024-2025,True,GA,4,True,False
2025-01-18,Utah,76.0,101.0,65.0,2024-2025,True,UT,8,False,False
2025-01-18,Vermont,2.0,11.0,1.0,2024-2025,True,VT,1,False,False
2025-01-18,Hawaii,11.0,22.0,11.0,2024-2025,True,HI,9,False,False
2025-01-18,Maryland,23.0,127.0,20.0,2024-2025,True,MD,3,False,False
2025-01-18,Mississippi,14.0,49.0,14.0,2024-2025,True,MS,4,True,False
2025-01-18,Colorado,143.0,196.0,135.0,2024-2025,True,CO,8,False,False
2025-01-18,New Jersey,110.0,452.0,97.0,2024-2025,True,NJ,2,False,False
2025-01-18,Alaska,5.0,13.0,5.0,2024-2025,True,AK,10,False,False
2025-01-18,Kentucky,51.0,175.0,47.0,2024-2025,True,KY,4,False,False
2025-01-25,California,312.0,748.0,262.0,2024-2025,True,CA,9,False,False
2025-01-25,Delaware,20.0,42.0,20.0,2024-2025,True,DE,3,False,False
2025-01-25,Florida,133.0,552.0,103.0,2024-2025,True,FL,4,False,False
2025-01-25,Montana,10.0,23.0,10.0,2024-2025,True,MT,8,False,False
2025-01-25,New Mexico,53.0,56.0,45.0,2024-2025,True,NM,6,False,False
2025-01-25,Virginia,27.0,99.0,26.0,2024-2025,True,VA,3,False,False
2025-01-25,Washington,27.0,94.0,23.0,2024-2025,True,WA,10,False,False
2025-01-25,Tennessee,63.0,138.0,51.0,2024-2025,True,TN,4,True,False
2025-01-25,District of Columbia,0.0,8.0,0.0,2024-2025,True,DC,3,False,False
2025-01-25,North Dakota,7.0,10.0,7.0,2024-2025,True,ND,8,False,False
2025-01-25,Arkansas,13.0,72.0,13.0,2024-2025,True,AR,6,True,False
2025-01-25,Maine,24.0,29.0,23.0,2024-2025,True,ME,1,False,False
2025-01-25,Michigan,179.0,512.0,150.0,2024-2025,True,MI,5,False,False
2025-01-25,Oregon,50.0,110.0,40.0,2024-2025,True,OR,10,False,False
2025-01-25,Pennsylvania,207.0,940.0,171.0,2024-2025,True,PA,3,False,False
2025-01-25,Alabama,12.0,73.0,10.0,2024-2025,True,AL,4,True,False
2025-01-25,Wisconsin,99.0,191.0,77.0,2024-2025,True,WI,5,False,False
2025-01-25,Indiana,90.0,205.0,84.0,2024-2025,True,IN,5,False,False
2025-01-25,North Carolina,129.0,443.0,104.0,2024-2025,True,NC,4,True,False
2025-01-25,Oklahoma,68.0,148.0,61.0,2024-2025,True,OK,6,False,False
2025-01-25,Arizona,134.0,257.0,115.0,2024-2025,True,AZ,9,False,False
2025-01-25,Missouri,59.0,158.0,54.0,2024-2025,True,MO,7,False,False
2025-01-25,Connecticut,16.0,129.0,12.0,2024-2025,True,CT,1,False,False
2025-01-25,Iowa,61.0,105.0,57.0,2024-2025,True,IA,7,False,False
2025-01-25,Ohio,175.0,396.0,159.0,2024-2025,True,OH,5,False,False
2025-01-25,Louisiana,29.0,122.0,28.0,2024-2025,True,LA,6,True,False
2025-01-25,Rhode Island,9.0,43.0,8.0,2024-2025,True,RI,1,False,False
2025-01-25,Idaho,28.0,47.0,24.0,2024-2025,True,ID,10,False,False
2025-01-25,Minnesota,121.0,197.0,103.0,2024-2025,True,MN,5,False,True
2025-01-25,Nebraska,43.0,65.0,35.0,2024-2025,True,NE,7,False,False
2025-01-25,Nevada,37.0,59.0,32.0,2024-2025,True,NV,9,False,False
2025-01-25,South Dakota,0.0,5.0,0.0,2024-2025,True,SD,8,False,False
2025-01-25,Wyoming,8.0,28.0,7.0,2024-2025,True,WY,8,False,False
2025-01-25,Kansas,35.0,71.0,32.0,2024-2025,True,KS,7,False,False
2025-01-25,New Hampshire,15.0,37.0,13.0,2024-2025,True,NH,1,False,False
2025-01-25,West Virginia,25.0,67.0,24.0,2024-2025,True,WV,3,False,False
2025-01-25,New York,167.0,625.0,144.0,2024-2025,True,NY,2,False,True
2025-01-25,South Carolina,25.0,120.0,23.0,2024-2025,True,SC,4,True,False
2025-01-25,Texas,245.0,536.0,218.0,2024-2025,True,TX,6,False,False
2025-01-25,Illinois,121.0,410.0,109.0,2024-2025,True,IL,5,False,False
2025-01-25,Massachusetts,125.0,329.0,111.0,2024-2025,True,MA,1,False,False
2025-01-25,Georgia,41.0,174.0,35.0,2024-2025,True,GA,4,True,False
2025-01-25,Utah,94.0,114.0,82.0,2024-2025,True,UT,8,False,False
2025-01-25,Vermont,4.0,13.0,4.0,2024-2025,True,VT,1,False,False
2025-01-25,Hawaii,7.0,20.0,7.0,2024-2025,True,HI,9,False,False
2025-01-25,Maryland,22.0,83.0,21.0,2024-2025,True,MD,3,False,False
2025-01-25,Mississippi,22.0,62.0,21.0,2024-2025,True,MS,4,True,False
2025-01-25,Colorado,154.0,217.0,134.0,2024-2025,True,CO,8,False,False
2025-01-25,New Jersey,88.0,331.0,75.0,2024-2025,True,NJ,2,False,False
2025-01-25,Alaska,11.0,22.0,10.0,2024-2025,True,AK,10,False,False
2025-01-25,Kentucky,30.0,114.0,26.0,2024-2025,True,KY,4,False,False
2025-02-01,California,306.0,763.0,248.0,2024-2025,True,CA,9,False,False
2025-02-01,Delaware,16.0,42.0,13.0,2024-2025,True,DE,3,False,False
2025-02-01,Florida,112.0,499.0,89.0,2024-2025,True,FL,4,False,False
2025-02-01,Montana,15.0,29.0,12.0,2024-2025,True,MT,8,False,False
2025-02-01,New Mexico,57.0,81.0,46.0,2024-2025,True,NM,6,False,False
2025-02-01,Virginia,24.0,121.0,20.0,2024-2025,True,VA,3,False,False
2025-02-01,Washington,31.0,123.0,24.0,2024-2025,True,WA,10,False,False
2025-02-01,Tennessee,43.0,141.0,35.0,2024-2025,True,TN,4,True,False
2025-02-01,District of Columbia,0.0,6.0,0.0,2024-2025,True,DC,3,False,False
2025-02-01,North Dakota,19.0,28.0,17.0,2024-2025,True,ND,8,False,False
2025-02-01,Arkansas,9.0,65.0,9.0,2024-2025,True,AR,6,True,False
2025-02-01,Maine,10.0,22.0,9.0,2024-2025,True,ME,1,False,False
2025-02-01,Michigan,222.0,575.0,196.0,2024-2025,True,MI,5,False,False
2025-02-01,Oregon,68.0,151.0,47.0,2024-2025,True,OR,10,False,False
2025-02-01,Pennsylvania,192.0,865.0,157.0,2024-2025,True,PA,3,False,False
2025-02-01,Alabama,19.0,77.0,15.0,2024-2025,True,AL,4,True,False
2025-02-01,Wisconsin,86.0,197.0,72.0,2024-2025,True,WI,5,False,False
2025-02-01,Indiana,82.0,197.0,71.0,2024-2025,True,IN,5,False,False
2025-02-01,North Carolina,121.0,400.0,93.0,2024-2025,True,NC,4,True,False
2025-02-01,Oklahoma,73.0,176.0,63.0,2024-2025,True,OK,6,False,False
2025-02-01,Arizona,192.0,351.0,166.0,2024-2025,True,AZ,9,False,False
2025-02-01,Missouri,87.0,213.0,80.0,2024-2025,True,MO,7,False,False
2025-02-01,Connecticut,18.0,81.0,13.0,2024-2025,True,CT,1,False,False
2025-02-01,Iowa,62.0,98.0,58.0,2024-2025,True,IA,7,False,False
2025-02-01,Ohio,148.0,352.0,128.0,2024-2025,True,OH,5,False,False
2025-02-01,Louisiana,25.0,122.0,23.0,2024-2025,True,LA,6,True,False
2025-02-01,Rhode Island,18.0,55.0,18.0,2024-2025,True,RI,1,False,False
2025-02-01,Idaho,22.0,42.0,20.0,2024-2025,True,ID,10,False,False
2025-02-01,Minnesota,92.0,182.0,84.0,2024-2025,True,MN,5,False,True
2025-02-01,Nebraska,43.0,67.0,37.0,2024-2025,True,NE,7,False,False
2025-02-01,Nevada,51.0,81.0,46.0,2024-2025,True,NV,9,False,False
2025-02-01,South Dakota,17.0,23.0,15.0,2024-2025,True,SD,8,False,False
2025-02-01,Wyoming,13.0,25.0,11.0,2024-2025,True,WY,8,False,False
2025-02-01,Kansas,48.0,85.0,45.0,2024-2025,True,KS,7,False,False
2025-02-01,New Hampshire,6.0,33.0,3.0,2024-2025,True,NH,1,False,False
2025-02-01,West Virginia,26.0,61.0,26.0,2024-2025,True,WV,3,False,False
2025-02-01,New York,162.0,611.0,142.0,2024-2025,True,NY,2,False,True
2025-02-01,South Carolina,11.0,127.0,11.0,2024-2025,True,SC,4,True,False
2025-02-01,Texas,240.0,551.0,222.0,2024-2025,True,TX,6,False,False
2025-02-01,Illinois,92.0,373.0,81.0,2024-2025,True,IL,5,False,False
2025-02-01,Massachusetts,97.0,246.0,69.0,2024-2025,True,MA,1,False,False
2025-02-01,Georgia,35.0,151.0,29.0,2024-2025,True,GA,4,True,False
2025-02-01,Utah,143.0,178.0,118.0,2024-2025,True,UT,8,False,False
2025-02-01,Vermont,10.0,22.0,9.0,2024-2025,True,VT,1,False,False
2025-02-01,Hawaii,11.0,18.0,11.0,2024-2025,True,HI,9,False,False
2025-02-01,Maryland,14.0,90.0,13.0,2024-2025,True,MD,3,False,False
2025-02-01,Mississippi,9.0,54.0,9.0,2024-2025,True,MS,4,True,False
2025-02-01,Colorado,140.0,223.0,120.0,2024-2025,True,CO,8,False,False
2025-02-01,New Jersey,64.0,297.0,57.0,2024-2025,True,NJ,2,False,False
2025-02-01,Alaska,15.0,30.0,14.0,2024-2025,True,AK,10,False,False
2025-02-01,Kentucky,40.0,111.0,34.0,2024-2025,True,KY,4,False,False
2025-02-08,California,256.0,723.0,215.0,2024-2025,True,CA,9,False,False
2025-02-08,Delaware,10.0,33.0,7.0,2024-2025,True,DE,3,False,False
2025-02-08,Florida,106.0,420.0,93.0,2024-2025,True,FL,4,False,False
2025-02-08,Montana,17.0,32.0,17.0,2024-2025,True,MT,8,False,False
2025-02-08,New Mexico,79.0,112.0,69.0,2024-2025,True,NM,6,False,False
2025-02-08,Virginia,16.0,79.0,14.0,2024-2025,True,VA,3,False,False
2025-02-08,Washington,34.0,145.0,24.0,2024-2025,True,WA,10,False,False
2025-02-08,Tennessee,53.0,140.0,46.0,2024-2025,True,TN,4,True,False
2025-02-08,District of Columbia,0.0,4.0,0.0,2024-2025,True,DC,3,False,False
2025-02-08,North Dakota,22.0,28.0,20.0,2024-2025,True,ND,8,False,False
2025-02-08,Arkansas,20.0,68.0,20.0,2024-2025,True,AR,6,True,False
2025-02-08,Maine,16.0,26.0,16.0,2024-2025,True,ME,1,False,False
2025-02-08,Michigan,170.0,488.0,147.0,2024-2025,True,MI,5,False,False
2025-02-08,Oregon,77.0,191.0,61.0,2024-2025,True,OR,10,False,False
2025-02-08,Pennsylvania,126.0,760.0,107.0,2024-2025,True,PA,3,False,False
2025-02-08,Alabama,26.0,81.0,21.0,2024-2025,True,AL,4,True,False
2025-02-08,Wisconsin,87.0,222.0,74.0,2024-2025,True,WI,5,False,False
2025-02-08,Indiana,110.0,224.0,103.0,2024-2025,True,IN,5,False,False
2025-02-08,North Carolina,129.0,390.0,103.0,2024-2025,True,NC,4,True,False
2025-02-08,Oklahoma,53.0,167.0,48.0,2024-2025,True,OK,6,False,False
2025-02-08,Arizona,238.0,426.0,209.0,2024-2025,True,AZ,9,False,False
2025-02-08,Missouri,68.0,187.0,61.0,2024-2025,True,MO,7,False,False
2025-02-08,Connecticut,15.0,80.0,11.0,2024-2025,True,CT,1,False,False
2025-02-08,Iowa,53.0,111.0,48.0,2024-2025,True,IA,7,False,False
2025-02-08,Ohio,119.0,287.0,100.0,2024-2025,True,OH,5,False,False
2025-02-08,Louisiana,25.0,109.0,24.0,2024-2025,True,LA,6,True,False
2025-02-08,Rhode Island,3.0,22.0,3.0,2024-2025,True,RI,1,False,False
2025-02-08,Idaho,36.0,67.0,31.0,2024-2025,True,ID,10,False,False
2025-02-08,Minnesota,128.0,224.0,107.0,2024-2025,True,MN,5,False,True
2025-02-08,Nebraska,53.0,90.0,49.0,2024-2025,True,NE,7,False,False
2025-02-08,Nevada,71.0,105.0,70.0,2024-2025,True,NV,9,False,False
2025-02-08,South Dakota,23.0,37.0,18.0,2024-2025,True,SD,8,False,False
2025-02-08,Wyoming,15.0,43.0,13.0,2024-2025,True,WY,8,False,False
2025-02-08,Kansas,36.0,96.0,33.0,2024-2025,True,KS,7,False,False
2025-02-08,New Hampshire,8.0,30.0,5.0,2024-2025,True,NH,1,False,False
2025-02-08,West Virginia,37.0,87.0,32.0,2024-2025,True,WV,3,False,False
2025-02-08,New York,134.0,522.0,115.0,2024-2025,True,NY,2,False,True
2025-02-08,South Carolina,20.0,115.0,19.0,2024-2025,True,SC,4,True,False
2025-02-08,Texas,224.0,479.0,188.0,2024-2025,True,TX,6,False,False
2025-02-08,Illinois,88.0,366.0,79.0,2024-2025,True,IL,5,False,False
2025-02-08,Massachusetts,74.0,225.0,62.0,2024-2025,True,MA,1,False,False
2025-02-08,Georgia,30.0,161.0,27.0,2024-2025,True,GA,4,True,False
2025-02-08,Utah,173.0,224.0,152.0,2024-2025,True,UT,8,False,False
2025-02-08,Vermont,4.0,11.0,4.0,2024-2025,True,VT,1,False,False
2025-02-08,Hawaii,6.0,24.0,6.0,2024-2025,True,HI,9,False,False
2025-02-08,Maryland,14.0,101.0,12.0,2024-2025,True,MD,3,False,False
2025-02-08,Mississippi,3.0,39.0,2.0,2024-2025,True,MS,4,True,False
2025-02-08,Colorado,159.0,234.0,144.0,2024-2025,True,CO,8,False,False
2025-02-08,New Jersey,42.0,218.0,36.0,2024-2025,True,NJ,2,False,False
2025-02-08,Alaska,5.0,15.0,5.0,2024-2025,True,AK,10,False,False
2025-02-08,Kentucky,34.0,107.0,32.0,2024-2025,True,KY,4,False,False
2025-02-15,California,262.0,678.0,216.0,2024-2025,True,CA,9,False,False
2025-02-15,Delaware,13.0,21.0,10.0,2024-2025,True,DE,3,False,False
2025-02-15,Florida,88.0,326.0,74.0,2024-2025,True,FL,4,False,False
2025-02-15,Montana,28.0,48.0,25.0,2024-2025,True,MT,8,False,False
2025-02-15,New Mexico,90.0,119.0,78.0,2024-2025,True,NM,6,False,False
2025-02-15,Virginia,23.0,109.0,23.0,2024-2025,True,VA,3,False,False
2025-02-15,Washington,29.0,111.0,26.0,2024-2025,True,WA,10,False,False
2025-02-15,Tennessee,37.0,128.0,34.0,2024-2025,True,TN,4,True,False
2025-02-15,District of Columbia,1.0,3.0,1.0,2024-2025,True,DC,3,False,False
2025-02-15,North Dakota,21.0,27.0,18.0,2024-2025,True,ND,8,False,False
2025-02-15,Arkansas,33.0,83.0,29.0,2024-2025,True,AR,6,True,False
2025-02-15,Maine,10.0,25.0,10.0,2024-2025,True,ME,1,False,False
2025-02-15,Michigan,186.0,467.0,165.0,2024-2025,True,MI,5,False,False
2025-02-15,Oregon,84.0,209.0,66.0,2024-2025,True,OR,10,False,False
2025-02-15,Pennsylvania,149.0,695.0,113.0,2024-2025,True,PA,3,False,False
2025-02-15,Alabama,11.0,74.0,9.0,2024-2025,True,AL,4,True,False
2025-02-15,Wisconsin,59.0,183.0,55.0,2024-2025,True,WI,5,False,False
2025-02-15,Indiana,60.0,184.0,53.0,2024-2025,True,IN,5,False,False
2025-02-15,North Carolina,90.0,300.0,78.0,2024-2025,True,NC,4,True,False
2025-02-15,Oklahoma,53.0,137.0,45.0,2024-2025,True,OK,6,False,False
2025-02-15,Arizona,219.0,426.0,187.0,2024-2025,True,AZ,9,False,False
2025-02-15,Missouri,45.0,147.0,40.0,2024-2025,True,MO,7,False,False
2025-02-15,Connecticut,14.0,70.0,11.0,2024-2025,True,CT,1,False,False
2025-02-15,Iowa,35.0,67.0,32.0,2024-2025,True,IA,7,False,False
2025-02-15,Ohio,97.0,279.0,78.0,2024-2025,True,OH,5,False,False
2025-02-15,Louisiana,24.0,72.0,22.0,2024-2025,True,LA,6,True,False
2025-02-15,Rhode Island,5.0,26.0,4.0,2024-2025,True,RI,1,False,False
2025-02-15,Idaho,40.0,76.0,35.0,2024-2025,True,ID,10,False,False
2025-02-15,Minnesota,93.0,191.0,80.0,2024-2025,True,MN,5,False,True
2025-02-15,Nebraska,56.0,101.0,48.0,2024-2025,True,NE,7,False,False
2025-02-15,Nevada,46.0,80.0,41.0,2024-2025,True,NV,9,False,False
2025-02-15,South Dakota,18.0,29.0,18.0,2024-2025,True,SD,8,False,False
2025-02-15,Wyoming,25.0,45.0,23.0,2024-2025,True,WY,8,False,False
2025-02-15,Kansas,58.0,114.0,53.0,2024-2025,True,KS,7,False,False
2025-02-15,New Hampshire,10.0,41.0,8.0,2024-2025,True,NH,1,False,False
2025-02-15,West Virginia,37.0,86.0,30.0,2024-2025,True,WV,3,False,False
2025-02-15,New York,105.0,426.0,87.0,2024-2025,True,NY,2,False,True
2025-02-15,South Carolina,11.0,60.0,10.0,2024-2025,True,SC,4,True,False
2025-02-15,Texas,193.0,422.0,173.0,2024-2025,True,TX,6,False,False
2025-02-15,Illinois,60.0,303.0,49.0,2024-2025,True,IL,5,False,False
2025-02-15,Massachusetts,78.0,186.0,64.0,2024-2025,True,MA,1,False,False
2025-02-15,Georgia,30.0,116.0,26.0,2024-2025,True,GA,4,True,False
2025-02-15,Utah,183.0,220.0,160.0,2024-2025,True,UT,8,False,False
2025-02-15,Vermont,3.0,9.0,3.0,2024-2025,True,VT,1,False,False
2025-02-15,Hawaii,6.0,14.0,6.0,2024-2025,True,HI,9,False,False
2025-02-15,Maryland,9.0,47.0,9.0,2024-2025,True,MD,3,False,False
2025-02-15,Mississippi,7.0,28.0,5.0,2024-2025,True,MS,4,True,False
2025-02-15,Colorado,134.0,203.0,115.0,2024-2025,True,CO,8,False,False
2025-02-15,New Jersey,23.0,180.0,19.0,2024-2025,True,NJ,2,False,False
2025-02-15,Alaska,6.0,13.0,6.0,2024-2025,True,AK,10,False,False
2025-02-15,Kentucky,39.0,126.0,36.0,2024-2025,True,KY,4,False,False
2025-02-22,California,249.0,624.0,218.0,2024-2025,True,CA,9,False,False
2025-02-22,Delaware,8.0,19.0,5.0,2024-2025,True,DE,3,False,False
2025-02-22,Florida,88.0,323.0,68.0,2024-2025,True,FL,4,False,False
2025-02-22,Montana,30.0,57.0,29.0,2024-2025,True,MT,8,False,False
2025-02-22,New Mexico,132.0,166.0,111.0,2024-2025,True,NM,6,False,False
2025-02-22,Virginia,11.0,72.0,11.0,2024-2025,True,VA,3,False,False
2025-02-22,Washington,28.0,119.0,22.0,2024-2025,True,WA,10,False,False
2025-02-22,Tennessee,32.0,97.0,21.0,2024-2025,True,TN,4,True,False
2025-02-22,District of Columbia,14.0,21.0,11.0,2024-2025,True,DC,3,False,False
2025-02-22,North Dakota,28.0,45.0,26.0,2024-2025,True,ND,8,False,False
2025-02-22,Arkansas,26.0,64.0,25.0,2024-2025,True,AR,6,True,False
2025-02-22,Maine,6.0,18.0,6.0,2024-2025,True,ME,1,False,False
2025-02-22,Michigan,154.0,449.0,131.0,2024-2025,True,MI,5,False,False
2025-02-22,Oregon,98.0,204.0,85.0,2024-2025,True,OR,10,False,False
2025-02-22,Pennsylvania,120.0,596.0,96.0,2024-2025,True,PA,3,False,False
2025-02-22,Alabama,16.0,57.0,14.0,2024-2025,True,AL,4,True,False
2025-02-22,Wisconsin,61.0,191.0,53.0,2024-2025,True,WI,5,False,False
2025-02-22,Indiana,59.0,149.0,56.0,2024-2025,True,IN,5,False,False
2025-02-22,North Carolina,72.0,220.0,54.0,2024-2025,True,NC,4,True,False
2025-02-22,Oklahoma,42.0,129.0,36.0,2024-2025,True,OK,6,False,False
2025-02-22,Arizona,206.0,473.0,167.0,2024-2025,True,AZ,9,False,False
2025-02-22,Missouri,50.0,181.0,40.0,2024-2025,True,MO,7,False,False
2025-02-22,Connecticut,12.0,40.0,9.0,2024-2025,True,CT,1,False,False
2025-02-22,Iowa,49.0,96.0,44.0,2024-2025,True,IA,7,False,False
2025-02-22,Ohio,89.0,218.0,76.0,2024-2025,True,OH,5,False,False
2025-02-22,Louisiana,18.0,54.0,16.0,2024-2025,True,LA,6,True,False
2025-02-22,Rhode Island,7.0,18.0,7.0,2024-2025,True,RI,1,False,False
2025-02-22,Idaho,65.0,110.0,60.0,2024-2025,True,ID,10,False,False
2025-02-22,Minnesota,91.0,175.0,85.0,2024-2025,True,MN,5,False,True
2025-02-22,Nebraska,42.0,78.0,35.0,2024-2025,True,NE,7,False,False
2025-02-22,Nevada,43.0,80.0,37.0,2024-2025,True,NV,9,False,False
2025-02-22,South Dakota,25.0,34.0,23.0,2024-2025,True,SD,8,False,False
2025-02-22,Wyoming,31.0,54.0,29.0,2024-2025,True,WY,8,False,False
2025-02-22,Kansas,29.0,80.0,27.0,2024-2025,True,KS,7,False,False
2025-02-22,New Hampshire,5.0,27.0,4.0,2024-2025,True,NH,1,False,False
2025-02-22,West Virginia,37.0,98.0,29.0,2024-2025,True,WV,3,False,False
2025-02-22,New York,81.0,392.0,66.0,2024-2025,True,NY,2,False,True
2025-02-22,South Carolina,13.0,75.0,11.0,2024-2025,True,SC,4,True,False
2025-02-22,Texas,140.0,350.0,117.0,2024-2025,True,TX,6,False,False
2025-02-22,Illinois,64.0,321.0,50.0,2024-2025,True,IL,5,False,False
2025-02-22,Massachusetts,63.0,186.0,47.0,2024-2025,True,MA,1,False,False
2025-02-22,Georgia,21.0,89.0,19.0,2024-2025,True,GA,4,True,False
2025-02-22,Utah,153.0,205.0,129.0,2024-2025,True,UT,8,False,False
2025-02-22,Vermont,2.0,8.0,2.0,2024-2025,True,VT,1,False,False
2025-02-22,Hawaii,5.0,10.0,5.0,2024-2025,True,HI,9,False,False
2025-02-22,Maryland,13.0,59.0,13.0,2024-2025,True,MD,3,False,False
2025-02-22,Mississippi,4.0,24.0,4.0,2024-2025,True,MS,4,True,False
2025-02-22,Colorado,159.0,280.0,140.0,2024-2025,True,CO,8,False,False
2025-02-22,New Jersey,30.0,160.0,26.0,2024-2025,True,NJ,2,False,False
2025-02-22,Alaska,15.0,29.0,12.0,2024-2025,True,AK,10,False,False
2025-02-22,Kentucky,29.0,104.0,27.0,2024-2025,True,KY,4,False,False
2025-03-01,California,226.0,535.0,190.0,2024-2025,True,CA,9,False,False
2025-03-01,Delaware,7.0,20.0,6.0,2024-2025,True,DE,3,False,False
2025-03-01,Florida,81.0,285.0,72.0,2024-2025,True,FL,4,False,False
2025-03-01,Montana,38.0,65.0,35.0,2024-2025,True,MT,8,False,False
2025-03-01,New Mexico,125.0,167.0,107.0,2024-2025,True,NM,6,False,False
2025-03-01,Virginia,12.0,72.0,12.0,2024-2025,True,VA,3,False,False
2025-03-01,Washington,26.0,102.0,23.0,2024-2025,True,WA,10,False,False
2025-03-01,Tennessee,24.0,77.0,22.0,2024-2025,True,TN,4,True,False
2025-03-01,District of Columbia,1.0,4.0,1.0,2024-2025,True,DC,3,False,False
2025-03-01,North Dakota,30.0,51.0,24.0,2024-2025,True,ND,8,False,False
2025-03-01,Arkansas,19.0,54.0,18.0,2024-2025,True,AR,6,True,False
2025-03-01,Maine,7.0,24.0,7.0,2024-2025,True,ME,1,False,False
2025-03-01,Michigan,157.0,482.0,139.0,2024-2025,True,MI,5,False,False
2025-03-01,Oregon,51.0,138.0,42.0,2024-2025,True,OR,10,False,False
2025-03-01,Pennsylvania,95.0,523.0,78.0,2024-2025,True,PA,3,False,False
2025-03-01,Alabama,15.0,45.0,9.0,2024-2025,True,AL,4,True,False
2025-03-01,Wisconsin,72.0,224.0,65.0,2024-2025,True,WI,5,False,False
2025-03-01,Indiana,60.0,194.0,57.0,2024-2025,True,IN,5,False,False
2025-03-01,North Carolina,70.0,238.0,62.0,2024-2025,True,NC,4,True,False
2025-03-01,Oklahoma,38.0,130.0,36.0,2024-2025,True,OK,6,False,False
2025-03-01,Arizona,145.0,386.0,126.0,2024-2025,True,AZ,9,False,False
2025-03-01,Missouri,50.0,172.0,47.0,2024-2025,True,MO,7,False,False
2025-03-01,Connecticut,5.0,31.0,5.0,2024-2025,True,CT,1,False,False
2025-03-01,Iowa,46.0,104.0,43.0,2024-2025,True,IA,7,False,False
2025-03-01,Ohio,66.0,190.0,59.0,2024-2025,True,OH,5,False,False
2025-03-01,Louisiana,20.0,52.0,16.0,2024-2025,True,LA,6,True,False
2025-03-01,Rhode Island,6.0,20.0,5.0,2024-2025,True,RI,1,False,False
2025-03-01,Idaho,41.0,87.0,35.0,2024-2025,True,ID,10,False,False
2025-03-01,Minnesota,107.0,213.0,96.0,2024-2025,True,MN,5,False,True
2025-03-01,Nebraska,49.0,86.0,41.0,2024-2025,True,NE,7,False,False
2025-03-01,Nevada,32.0,72.0,27.0,2024-2025,True,NV,9,False,False
2025-03-01,South Dakota,32.0,44.0,26.0,2024-2025,True,SD,8,False,False
2025-03-01,Wyoming,19.0,46.0,15.0,2024-2025,True,WY,8,False,False
2025-03-01,Kansas,39.0,118.0,36.0,2024-2025,True,KS,7,False,False
2025-03-01,New Hampshire,7.0,21.0,6.0,2024-2025,True,NH,1,False,False
2025-03-01,West Virginia,30.0,76.0,27.0,2024-2025,True,WV,3,False,False
2025-03-01,New York,68.0,295.0,66.0,2024-2025,True,NY,2,False,True
2025-03-01,South Carolina,12.0,51.0,12.0,2024-2025,True,SC,4,True,False
2025-03-01,Texas,160.0,335.0,144.0,2024-2025,True,TX,6,False,False
2025-03-01,Illinois,58.0,307.0,45.0,2024-2025,True,IL,5,False,False
2025-03-01,Massachusetts,42.0,122.0,32.0,2024-2025,True,MA,1,False,False
2025-03-01,Georgia,24.0,87.0,19.0,2024-2025,True,GA,4,True,False
2025-03-01,Utah,160.0,212.0,140.0,2024-2025,True,UT,8,False,False
2025-03-01,Vermont,2.0,5.0,2.0,2024-2025,True,VT,1,False,False
2025-03-01,Hawaii,10.0,18.0,10.0,2024-2025,True,HI,9,False,False
2025-03-01,Maryland,8.0,34.0,7.0,2024-2025,True,MD,3,False,False
2025-03-01,Mississippi,4.0,25.0,3.0,2024-2025,True,MS,4,True,False
2025-03-01,Colorado,141.0,254.0,129.0,2024-2025,True,CO,8,False,False
2025-03-01,New Jersey,27.0,156.0,20.0,2024-2025,True,NJ,2,False,False
2025-03-01,Alaska,9.0,27.0,7.0,2024-2025,True,AK,10,False,False
2025-03-01,Kentucky,30.0,84.0,29.0,2024-2025,True,KY,4,False,False
2025-03-08,California,176.0,440.0,151.0,2024-2025,True,CA,9,False,False
2025-03-08,Delaware,8.0,13.0,8.0,2024-2025,True,DE,3,False,False
2025-03-08,Florida,77.0,249.0,69.0,2024-2025,True,FL,4,False,False
2025-03-08,Montana,30.0,63.0,27.0,2024-2025,True,MT,8,False,False
2025-03-08,New Mexico,126.0,173.0,112.0,2024-2025,True,NM,6,False,False
2025-03-08,Virginia,18.0,64.0,16.0,2024-2025,True,VA,3,False,False
2025-03-08,Washington,21.0,103.0,16.0,2024-2025,True,WA,10,False,False
2025-03-08,Tennessee,18.0,77.0,13.0,2024-2025,True,TN,4,True,False
2025-03-08,District of Columbia,1.0,6.0,1.0,2024-2025,True,DC,3,False,False
2025-03-08,North Dakota,29.0,43.0,25.0,2024-2025,True,ND,8,False,False
2025-03-08,Arkansas,16.0,45.0,13.0,2024-2025,True,AR,6,True,False
2025-03-08,Maine,5.0,22.0,5.0,2024-2025,True,ME,1,False,False
2025-03-08,Michigan,140.0,404.0,120.0,2024-2025,True,MI,5,False,False
2025-03-08,Oregon,51.0,135.0,44.0,2024-2025,True,OR,10,False,False
2025-03-08,Pennsylvania,125.0,523.0,110.0,2024-2025,True,PA,3,False,False
2025-03-08,Alabama,8.0,40.0,6.0,2024-2025,True,AL,4,True,False
2025-03-08,Wisconsin,41.0,185.0,39.0,2024-2025,True,WI,5,False,False
2025-03-08,Indiana,48.0,137.0,47.0,2024-2025,True,IN,5,False,False
2025-03-08,North Carolina,48.0,208.0,41.0,2024-2025,True,NC,4,True,False
2025-03-08,Oklahoma,28.0,115.0,26.0,2024-2025,True,OK,6,False,False
2025-03-08,Arizona,116.0,315.0,92.0,2024-2025,True,AZ,9,False,False
2025-03-08,Missouri,44.0,168.0,39.0,2024-2025,True,MO,7,False,False
2025-03-08,Connecticut,4.0,40.0,4.0,2024-2025,True,CT,1,False,False
2025-03-08,Iowa,39.0,76.0,37.0,2024-2025,True,IA,7,False,False
2025-03-08,Ohio,74.0,186.0,65.0,2024-2025,True,OH,5,False,False
2025-03-08,Louisiana,13.0,45.0,11.0,2024-2025,True,LA,6,True,False
2025-03-08,Rhode Island,6.0,21.0,6.0,2024-2025,True,RI,1,False,False
2025-03-08,Idaho,33.0,74.0,30.0,2024-2025,True,ID,10,False,False
2025-03-08,Minnesota,94.0,206.0,89.0,2024-2025,True,MN,5,False,True
2025-03-08,Nebraska,36.0,82.0,31.0,2024-2025,True,NE,7,False,False
2025-03-08,Nevada,24.0,58.0,21.0,2024-2025,True,NV,9,False,False
2025-03-08,South Dakota,31.0,58.0,28.0,2024-2025,True,SD,8,False,False
2025-03-08,Wyoming,32.0,70.0,26.0,2024-2025,True,WY,8,False,False
2025-03-08,Kansas,33.0,91.0,30.0,2024-2025,True,KS,7,False,False
2025-03-08,New Hampshire,6.0,20.0,5.0,2024-2025,True,NH,1,False,False
2025-03-08,West Virginia,33.0,78.0,27.0,2024-2025,True,WV,3,False,False
2025-03-08,New York,64.0,328.0,55.0,2024-2025,True,NY,2,False,True
2025-03-08,South Carolina,11.0,42.0,10.0,2024-2025,True,SC,4,True,False
2025-03-08,Texas,154.0,326.0,139.0,2024-2025,True,TX,6,False,False
2025-03-08,Illinois,55.0,255.0,44.0,2024-2025,True,IL,5,False,False
2025-03-08,Massachusetts,29.0,101.0,27.0,2024-2025,True,MA,1,False,False
2025-03-08,Georgia,20.0,79.0,16.0,2024-2025,True,GA,4,True,False
2025-03-08,Utah,129.0,184.0,117.0,2024-2025,True,UT,8,False,False
2025-03-08,Vermont,2.0,13.0,2.0,2024-2025,True,VT,1,False,False
2025-03-08,Hawaii,7.0,11.0,6.0,2024-2025,True,HI,9,False,False
2025-03-08,Maryland,9.0,33.0,8.0,2024-2025,True,MD,3,False,False
2025-03-08,Mississippi,6.0,29.0,4.0,2024-2025,True,MS,4,True,False
2025-03-08,Colorado,123.0,226.0,109.0,2024-2025,True,CO,8,False,False
2025-03-08,New Jersey,25.0,141.0,17.0,2024-2025,True,NJ,2,False,False
2025-03-08,Alaska,2.0,19.0,2.0,2024-2025,True,AK,10,False,False
2025-03-08,Kentucky,19.0,52.0,17.0,2024-2025,True,KY,4,False,False
2025-03-15,California,142.0,392.0,120.0,2024-2025,True,CA,9,False,False
2025-03-15,Delaware,5.0,13.0,4.0,2024-2025,True,DE,3,False,False
2025-03-15,Florida,69.0,235.0,65.0,2024-2025,True,FL,4,False,False
2025-03-15,Montana,32.0,71.0,29.0,2024-2025,True,MT,8,False,False
2025-03-15,New Mexico,69.0,96.0,60.0,2024-2025,True,NM,6,False,False
2025-03-15,Virginia,5.0,50.0,5.0,2024-2025,True,VA,3,False,False
2025-03-15,Washington,17.0,94.0,13.0,2024-2025,True,WA,10,False,False
2025-03-15,Tennessee,21.0,66.0,18.0,2024-2025,True,TN,4,True,False
2025-03-15,District of Columbia,0.0,4.0,0.0,2024-2025,True,DC,3,False,False
2025-03-15,North Dakota,23.0,43.0,23.0,2024-2025,True,ND,8,False,False
2025-03-15,Arkansas,16.0,47.0,13.0,2024-2025,True,AR,6,True,False
2025-03-15,Maine,3.0,22.0,3.0,2024-2025,True,ME,1,False,False
2025-03-15,Michigan,60.0,365.0,50.0,2024-2025,True,MI,5,False,False
2025-03-15,Oregon,39.0,109.0,28.0,2024-2025,True,OR,10,False,False
2025-03-15,Pennsylvania,65.0,433.0,54.0,2024-2025,True,PA,3,False,False
2025-03-15,Alabama,9.0,43.0,7.0,2024-2025,True,AL,4,True,False
2025-03-15,Wisconsin,43.0,159.0,35.0,2024-2025,True,WI,5,False,False
2025-03-15,Indiana,46.0,150.0,44.0,2024-2025,True,IN,5,False,False
2025-03-15,North Carolina,49.0,174.0,46.0,2024-2025,True,NC,4,True,False
2025-03-15,Oklahoma,22.0,78.0,22.0,2024-2025,True,OK,6,False,False
2025-03-15,Arizona,86.0,295.0,71.0,2024-2025,True,AZ,9,False,False
2025-03-15,Missouri,35.0,145.0,31.0,2024-2025,True,MO,7,False,False
2025-03-15,Connecticut,7.0,29.0,6.0,2024-2025,True,CT,1,False,False
2025-03-15,Iowa,32.0,79.0,32.0,2024-2025,True,IA,7,False,False
2025-03-15,Ohio,90.0,193.0,78.0,2024-2025,True,OH,5,False,False
2025-03-15,Louisiana,8.0,37.0,6.0,2024-2025,True,LA,6,True,False
2025-03-15,Rhode Island,4.0,17.0,3.0,2024-2025,True,RI,1,False,False
2025-03-15,Idaho,31.0,68.0,28.0,2024-2025,True,ID,10,False,False
2025-03-15,Minnesota,62.0,182.0,57.0,2024-2025,True,MN,5,False,True
2025-03-15,Nebraska,40.0,72.0,38.0,2024-2025,True,NE,7,False,False
2025-03-15,Nevada,18.0,59.0,17.0,2024-2025,True,NV,9,False,False
2025-03-15,South Dakota,30.0,46.0,29.0,2024-2025,True,SD,8,False,False
2025-03-15,Wyoming,22.0,58.0,19.0,2024-2025,True,WY,8,False,False
2025-03-15,Kansas,26.0,94.0,25.0,2024-2025,True,KS,7,False,False
2025-03-15,New Hampshire,5.0,23.0,3.0,2024-2025,True,NH,1,False,False
2025-03-15,West Virginia,32.0,91.0,27.0,2024-2025,True,WV,3,False,False
2025-03-15,New York,52.0,256.0,47.0,2024-2025,True,NY,2,False,True
2025-03-15,South Carolina,8.0,41.0,7.0,2024-2025,True,SC,4,True,False
2025-03-15,Texas,124.0,298.0,106.0,2024-2025,True,TX,6,False,False
2025-03-15,Illinois,37.0,244.0,26.0,2024-2025,True,IL,5,False,False
2025-03-15,Massachusetts,31.0,98.0,28.0,2024-2025,True,MA,1,False,False
2025-03-15,Georgia,18.0,74.0,15.0,2024-2025,True,GA,4,True,False
2025-03-15,Utah,85.0,133.0,79.0,2024-2025,True,UT,8,False,False
2025-03-15,Vermont,2.0,8.0,2.0,2024-2025,True,VT,1,False,False
2025-03-15,Hawaii,4.0,10.0,4.0,2024-2025,True,HI,9,False,False
2025-03-15,Maryland,7.0,19.0,3.0,2024-2025,True,MD,3,False,False
2025-03-15,Mississippi,8.0,39.0,8.0,2024-2025,True,MS,4,True,False
2025-03-15,Colorado,99.0,181.0,88.0,2024-2025,True,CO,8,False,False
2025-03-15,New Jersey,22.0,114.0,18.0,2024-2025,True,NJ,2,False,False
2025-03-15,Alaska,4.0,12.0,3.0,2024-2025,True,AK,10,False,False
2025-03-15,Kentucky,25.0,75.0,23.0,2024-2025,True,KY,4,False,False
2025-03-22,California,136.0,348.0,111.0,2024-2025,True,CA,9,False,False
2025-03-22,Delaware,10.0,15.0,8.0,2024-2025,True,DE,3,False,False
2025-03-22,Florida,78.0,232.0,72.0,2024-2025,True,FL,4,False,False
2025-03-22,Montana,32.0,58.0,30.0,2024-2025,True,MT,8,False,False
2025-03-22,New Mexico,38.0,67.0,32.0,2024-2025,True,NM,6,False,False
2025-03-22,Virginia,6.0,39.0,6.0,2024-2025,True,VA,3,False,False
2025-03-22,Washington,14.0,81.0,11.0,2024-2025,True,WA,10,False,False
2025-03-22,Tennessee,21.0,63.0,14.0,2024-2025,True,TN,4,True,False
2025-03-22,District of Columbia,0.0,1.0,0.0,2024-2025,True,DC,3,False,False
2025-03-22,North Dakota,20.0,37.0,17.0,2024-2025,True,ND,8,False,False
2025-03-22,Arkansas,11.0,46.0,10.0,2024-2025,True,AR,6,True,False
2025-03-22,Maine,8.0,23.0,6.0,2024-2025,True,ME,1,False,False
2025-03-22,Michigan,43.0,261.0,37.0,2024-2025,True,MI,5,False,False
2025-03-22,Oregon,30.0,93.0,27.0,2024-2025,True,OR,10,False,False
2025-03-22,Pennsylvania,55.0,451.0,45.0,2024-2025,True,PA,3,False,False
2025-03-22,Alabama,23.0,38.0,12.0,2024-2025,True,AL,4,True,False
2025-03-22,Wisconsin,36.0,118.0,35.0,2024-2025,True,WI,5,False,False
2025-03-22,Indiana,34.0,95.0,29.0,2024-2025,True,IN,5,False,False
2025-03-22,North Carolina,31.0,143.0,29.0,2024-2025,True,NC,4,True,False
2025-03-22,Oklahoma,10.0,60.0,10.0,2024-2025,True,OK,6,False,False
2025-03-22,Arizona,46.0,163.0,44.0,2024-2025,True,AZ,9,False,False
2025-03-22,Missouri,33.0,138.0,30.0,2024-2025,True,MO,7,False,False
2025-03-22,Connecticut,9.0,29.0,8.0,2024-2025,True,CT,1,False,False
2025-03-22,Iowa,31.0,62.0,27.0,2024-2025,True,IA,7,False,False
2025-03-22,Ohio,92.0,178.0,78.0,2024-2025,True,OH,5,False,False
2025-03-22,Louisiana,5.0,45.0,5.0,2024-2025,True,LA,6,True,False
2025-03-22,Rhode Island,2.0,18.0,2.0,2024-2025,True,RI,1,False,False
2025-03-22,Idaho,19.0,49.0,17.0,2024-2025,True,ID,10,False,False
2025-03-22,Minnesota,56.0,157.0,54.0,2024-2025,True,MN,5,False,True
2025-03-22,Nebraska,31.0,67.0,29.0,2024-2025,True,NE,7,False,False
2025-03-22,Nevada,12.0,36.0,12.0,2024-2025,True,NV,9,False,False
2025-03-22,South Dakota,30.0,43.0,26.0,2024-2025,True,SD,8,False,False
2025-03-22,Wyoming,23.0,47.0,23.0,2024-2025,True,WY,8,False,False
2025-03-22,Kansas,21.0,61.0,19.0,2024-2025,True,KS,7,False,False
2025-03-22,New Hampshire,5.0,26.0,4.0,2024-2025,True,NH,1,False,False
2025-03-22,West Virginia,26.0,67.0,21.0,2024-2025,True,WV,3,False,False
2025-03-22,New York,52.0,240.0,43.0,2024-2025,True,NY,2,False,True
2025-03-22,South Carolina,9.0,37.0,9.0,2024-2025,True,SC,4,True,False
2025-03-22,Texas,97.0,219.0,91.0,2024-2025,True,TX,6,False,False
2025-03-22,Illinois,31.0,210.0,26.0,2024-2025,True,IL,5,False,False
2025-03-22,Massachusetts,27.0,69.0,24.0,2024-2025,True,MA,1,False,False
2025-03-22,Georgia,11.0,45.0,11.0,2024-2025,True,GA,4,True,False
2025-03-22,Utah,80.0,127.0,72.0,2024-2025,True,UT,8,False,False
2025-03-22,Vermont,1.0,4.0,1.0,2024-2025,True,VT,1,False,False
2025-03-22,Hawaii,1.0,8.0,1.0,2024-2025,True,HI,9,False,False
2025-03-22,Maryland,2.0,24.0,1.0,2024-2025,True,MD,3,False,False
2025-03-22,Mississippi,9.0,24.0,9.0,2024-2025,True,MS,4,True,False
2025-03-22,Colorado,85.0,149.0,80.0,2024-2025,True,CO,8,False,False
2025-03-22,New Jersey,21.0,101.0,19.0,2024-2025,True,NJ,2,False,False
2025-03-22,Alaska,4.0,19.0,4.0,2024-2025,True,AK,10,False,False
2025-03-22,Kentucky,16.0,62.0,15.0,2024-2025,True,KY,4,False,False
2025-03-29,California,97.0,256.0,84.0,2024-2025,True,CA,9,False,False
2025-03-29,Delaware,6.0,8.0,5.0,2024-2025,True,DE,3,False,False
2025-03-29,Florida,50.0,167.0,41.0,2024-2025,True,FL,4,False,False
2025-03-29,Montana,24.0,54.0,18.0,2024-2025,True,MT,8,False,False
2025-03-29,New Mexico,30.0,46.0,24.0,2024-2025,True,NM,6,False,False
2025-03-29,Virginia,6.0,41.0,5.0,2024-2025,True,VA,3,False,False
2025-03-29,Washington,11.0,55.0,10.0,2024-2025,True,WA,10,False,False
2025-03-29,Tennessee,16.0,46.0,13.0,2024-2025,True,TN,4,True,False
2025-03-29,District of Columbia,0.0,0.0,0.0,2024-2025,True,DC,3,False,False
2025-03-29,North Dakota,8.0,26.0,6.0,2024-2025,True,ND,8,False,False
2025-03-29,Arkansas,10.0,42.0,10.0,2024-2025,True,AR,6,True,False
2025-03-29,Maine,1.0,16.0,0.0,2024-2025,True,ME,1,False,False
2025-03-29,Michigan,53.0,241.0,48.0,2024-2025,True,MI,5,False,False
2025-03-29,Oregon,20.0,77.0,19.0,2024-2025,True,OR,10,False,False
2025-03-29,Pennsylvania,41.0,339.0,34.0,2024-2025,True,PA,3,False,False
2025-03-29,Alabama,16.0,34.0,6.0,2024-2025,True,AL,4,True,False
2025-03-29,Wisconsin,30.0,105.0,28.0,2024-2025,True,WI,5,False,False
2025-03-29,Indiana,20.0,60.0,19.0,2024-2025,True,IN,5,False,False
2025-03-29,North Carolina,30.0,120.0,27.0,2024-2025,True,NC,4,True,False
2025-03-29,Oklahoma,9.0,43.0,9.0,2024-2025,True,OK,6,False,False
2025-03-29,Arizona,29.0,158.0,26.0,2024-2025,True,AZ,9,False,False
2025-03-29,Missouri,21.0,100.0,19.0,2024-2025,True,MO,7,False,False
2025-03-29,Connecticut,3.0,24.0,2.0,2024-2025,True,CT,1,False,False
2025-03-29,Iowa,21.0,49.0,19.0,2024-2025,True,IA,7,False,False
2025-03-29,Ohio,37.0,115.0,31.0,2024-2025,True,OH,5,False,False
2025-03-29,Louisiana,7.0,22.0,5.0,2024-2025,True,LA,6,True,False
2025-03-29,Rhode Island,2.0,14.0,1.0,2024-2025,True,RI,1,False,False
2025-03-29,Idaho,26.0,48.0,22.0,2024-2025,True,ID,10,False,False
2025-03-29,Minnesota,38.0,130.0,36.0,2024-2025,True,MN,5,False,True
2025-03-29,Nebraska,29.0,67.0,26.0,2024-2025,True,NE,7,False,False
2025-03-29,Nevada,13.0,26.0,11.0,2024-2025,True,NV,9,False,False
2025-03-29,South Dakota,25.0,37.0,22.0,2024-2025,True,SD,8,False,False
2025-03-29,Wyoming,18.0,30.0,18.0,2024-2025,True,WY,8,False,False
2025-03-29,Kansas,12.0,52.0,7.0,2024-2025,True,KS,7,False,False
2025-03-29,New Hampshire,0.0,7.0,0.0,2024-2025,True,NH,1,False,False
2025-03-29,West Virginia,28.0,56.0,28.0,2024-2025,True,WV,3,False,False
2025-03-29,New York,51.0,195.0,45.0,2024-2025,True,NY,2,False,True
2025-03-29,South Carolina,6.0,28.0,5.0,2024-2025,True,SC,4,True,False
2025-03-29,Texas,65.0,156.0,62.0,2024-2025,True,TX,6,False,False
2025-03-29,Illinois,28.0,157.0,24.0,2024-2025,True,IL,5,False,False
2025-03-29,Massachusetts,16.0,62.0,13.0,2024-2025,True,MA,1,False,False
2025-03-29,Georgia,14.0,35.0,11.0,2024-2025,True,GA,4,True,False
2025-03-29,Utah,49.0,76.0,44.0,2024-2025,True,UT,8,False,False
2025-03-29,Vermont,1.0,9.0,1.0,2024-2025,True,VT,1,False,False
2025-03-29,Hawaii,5.0,11.0,5.0,2024-2025,True,HI,9,False,False
2025-03-29,Maryland,5.0,29.0,5.0,2024-2025,True,MD,3,False,False
2025-03-29,Mississippi,1.0,6.0,0.0,2024-2025,True,MS,4,True,False
2025-03-29,Colorado,68.0,151.0,60.0,2024-2025,True,CO,8,False,False
2025-03-29,New Jersey,16.0,81.0,16.0,2024-2025,True,NJ,2,False,False
2025-03-29,Alaska,0.0,2.0,0.0,2024-2025,True,AK,10,False,False
2025-03-29,Kentucky,23.0,67.0,19.0,2024-2025,True,KY,4,False,False
2025-04-05,California,68.0,208.0,57.0,2024-2025,False,CA,9,False,False
2025-04-05,Delaware,3.0,11.0,2.0,2024-2025,False,DE,3,False,False
2025-04-05,Florida,44.0,157.0,42.0,2024-2025,False,FL,4,False,False
2025-04-05,Montana,13.0,46.0,10.0,2024-2025,False,MT,8,False,False
2025-04-05,New Mexico,24.0,44.0,17.0,2024-2025,False,NM,6,False,False
2025-04-05,Virginia,8.0,33.0,8.0,2024-2025,False,VA,3,False,False
2025-04-05,Washington,8.0,39.0,8.0,2024-2025,False,WA,10,False,False
2025-04-05,Tennessee,14.0,39.0,14.0,2024-2025,False,TN,4,True,False
2025-04-05,District of Columbia,0.0,0.0,0.0,2024-2025,False,DC,3,False,False
2025-04-05,North Dakota,11.0,27.0,10.0,2024-2025,False,ND,8,False,False
2025-04-05,Arkansas,9.0,28.0,7.0,2024-2025,False,AR,6,True,False
2025-04-05,Maine,6.0,10.0,6.0,2024-2025,False,ME,1,False,False
2025-04-05,Michigan,33.0,225.0,28.0,2024-2025,False,MI,5,False,False
2025-04-05,Oregon,16.0,51.0,15.0,2024-2025,False,OR,10,False,False
2025-04-05,Pennsylvania,37.0,257.0,34.0,2024-2025,False,PA,3,False,False
2025-04-05,Alabama,19.0,28.0,8.0,2024-2025,False,AL,4,True,False
2025-04-05,Wisconsin,20.0,99.0,19.0,2024-2025,False,WI,5,False,False
2025-04-05,Indiana,15.0,65.0,15.0,2024-2025,False,IN,5,False,False
2025-04-05,North Carolina,34.0,115.0,29.0,2024-2025,False,NC,4,True,False
2025-04-05,Oklahoma,7.0,31.0,7.0,2024-2025,False,OK,6,False,False
2025-04-05,Arizona,15.0,59.0,11.0,2024-2025,False,AZ,9,False,False
2025-04-05,Missouri,13.0,78.0,13.0,2024-2025,False,MO,7,False,False
2025-04-05,Connecticut,3.0,24.0,3.0,2024-2025,False,CT,1,False,False
2025-04-05,Iowa,9.0,23.0,9.0,2024-2025,False,IA,7,False,False
2025-04-05,Ohio,46.0,110.0,40.0,2024-2025,False,OH,5,False,False
2025-04-05,Louisiana,6.0,22.0,6.0,2024-2025,False,LA,6,True,False
2025-04-05,Rhode Island,3.0,9.0,2.0,2024-2025,False,RI,1,False,False
2025-04-05,Idaho,16.0,36.0,15.0,2024-2025,False,ID,10,False,False
2025-04-05,Minnesota,29.0,104.0,24.0,2024-2025,False,MN,5,False,True
2025-04-05,Nebraska,13.0,33.0,12.0,2024-2025,False,NE,7,False,False
2025-04-05,Nevada,10.0,25.0,8.0,2024-2025,False,NV,9,False,False
2025-04-05,South Dakota,21.0,37.0,19.0,2024-2025,False,SD,8,False,False
2025-04-05,Wyoming,8.0,19.0,8.0,2024-2025,False,WY,8,False,False
2025-04-05,Kansas,8.0,32.0,7.0,2024-2025,False,KS,7,False,False
2025-04-05,New Hampshire,0.0,8.0,0.0,2024-2025,False,NH,1,False,False
2025-04-05,West Virginia,18.0,59.0,17.0,2024-2025,False,WV,3,False,False
2025-04-05,New York,42.0,171.0,36.0,2024-2025,False,NY,2,False,True
2025-04-05,South Carolina,7.0,37.0,6.0,2024-2025,False,SC,4,True,False
2025-04-05,Texas,51.0,123.0,42.0,2024-2025,False,TX,6,False,False
2025-04-05,Illinois,42.0,182.0,25.0,2024-2025,False,IL,5,False,False
2025-04-05,Massachusetts,20.0,64.0,17.0,2024-2025,False,MA,1,False,False
2025-04-05,Georgia,13.0,40.0,12.0,2024-2025,False,GA,4,True,False
2025-04-05,Utah,39.0,70.0,37.0,2024-2025,False,UT,8,False,False
2025-04-05,Vermont,3.0,12.0,3.0,2024-2025,False,VT,1,False,False
2025-04-05,Hawaii,2.0,5.0,2.0,2024-2025,False,HI,9,False,False
2025-04-05,Maryland,5.0,15.0,5.0,2024-2025,False,MD,3,False,False
2025-04-05,Mississippi,4.0,8.0,3.0,2024-2025,False,MS,4,True,False
2025-04-05,Colorado,50.0,104.0,48.0,2024-2025,False,CO,8,False,False
2025-04-05,New Jersey,17.0,72.0,16.0,2024-2025,False,NJ,2,False,False
2025-04-05,Alaska,3.0,14.0,3.0,2024-2025,False,AK,10,False,False
2025-04-05,Kentucky,16.0,55.0,15.0,2024-2025,False,KY,4,False,False
2025-04-12,California,58.0,157.0,45.0,2024-2025,False,CA,9,False,False
2025-04-12,Delaware,5.0,5.0,5.0,2024-2025,False,DE,3,False,False
2025-04-12,Florida,46.0,139.0,37.0,2024-2025,False,FL,4,False,False
2025-04-12,Montana,14.0,33.0,12.0,2024-2025,False,MT,8,False,False
2025-04-12,New Mexico,4.0,16.0,3.0,2024-2025,False,NM,6,False,False
2025-04-12,Virginia,4.0,26.0,4.0,2024-2025,False,VA,3,False,False
2025-04-12,Washington,12.0,38.0,9.0,2024-2025,False,WA,10,False,False
2025-04-12,Tennessee,6.0,24.0,6.0,2024-2025,False,TN,4,True,False
2025-04-12,District of Columbia,0.0,1.0,0.0,2024-2025,False,DC,3,False,False
2025-04-12,North Dakota,11.0,23.0,9.0,2024-2025,False,ND,8,False,False
2025-04-12,Arkansas,8.0,28.0,7.0,2024-2025,False,AR,6,True,False
2025-04-12,Maine,1.0,6.0,1.0,2024-2025,False,ME,1,False,False
2025-04-12,Michigan,21.0,156.0,19.0,2024-2025,False,MI,5,False,False
2025-04-12,Oregon,5.0,38.0,5.0,2024-2025,False,OR,10,False,False
2025-04-12,Pennsylvania,32.0,187.0,28.0,2024-2025,False,PA,3,False,False
2025-04-12,Alabama,18.0,26.0,7.0,2024-2025,False,AL,4,True,False
2025-04-12,Wisconsin,12.0,66.0,11.0,2024-2025,False,WI,5,False,False
2025-04-12,Indiana,17.0,53.0,17.0,2024-2025,False,IN,5,False,False
2025-04-12,North Carolina,18.0,72.0,16.0,2024-2025,False,NC,4,True,False
2025-04-12,Oklahoma,6.0,15.0,5.0,2024-2025,False,OK,6,False,False
2025-04-12,Arizona,18.0,70.0,15.0,2024-2025,False,AZ,9,False,False
2025-04-12,Missouri,19.0,62.0,18.0,2024-2025,False,MO,7,False,False
2025-04-12,Connecticut,2.0,18.0,2.0,2024-2025,False,CT,1,False,False
2025-04-12,Iowa,16.0,42.0,16.0,2024-2025,False,IA,7,False,False
2025-04-12,Ohio,29.0,93.0,25.0,2024-2025,False,OH,5,False,False
2025-04-12,Louisiana,7.0,17.0,7.0,2024-2025,False,LA,6,True,False
2025-04-12,Rhode Island,0.0,6.0,0.0,2024-2025,False,RI,1,False,False
2025-04-12,Idaho,10.0,21.0,9.0,2024-2025,False,ID,10,False,False
2025-04-12,Minnesota,23.0,71.0,22.0,2024-2025,False,MN,5,False,True
2025-04-12,Nebraska,5.0,23.0,4.0,2024-2025,False,NE,7,False,False
2025-04-12,Nevada,5.0,18.0,4.0,2024-2025,False,NV,9,False,False
2025-04-12,South Dakota,8.0,21.0,8.0,2024-2025,False,SD,8,False,False
2025-04-12,Wyoming,10.0,16.0,10.0,2024-2025,False,WY,8,False,False
2025-04-12,Kansas,3.0,16.0,3.0,2024-2025,False,KS,7,False,False
2025-04-12,New Hampshire,2.0,8.0,2.0,2024-2025,False,NH,1,False,False
2025-04-12,West Virginia,19.0,48.0,18.0,2024-2025,False,WV,3,False,False
2025-04-12,New York,28.0,120.0,25.0,2024-2025,False,NY,2,False,True
2025-04-12,South Carolina,4.0,19.0,4.0,2024-2025,False,SC,4,True,False
2025-04-12,Texas,48.0,116.0,41.0,2024-2025,False,TX,6,False,False
2025-04-12,Illinois,20.0,100.0,12.0,2024-2025,False,IL,5,False,False
2025-04-12,Massachusetts,17.0,52.0,13.0,2024-2025,False,MA,1,False,False
2025-04-12,Georgia,14.0,33.0,13.0,2024-2025,False,GA,4,True,False
2025-04-12,Utah,15.0,28.0,13.0,2024-2025,False,UT,8,False,False
2025-04-12,Vermont,1.0,4.0,1.0,2024-2025,False,VT,1,False,False
2025-04-12,Hawaii,4.0,7.0,4.0,2024-2025,False,HI,9,False,False
2025-04-12,Maryland,2.0,13.0,1.0,2024-2025,False,MD,3,False,False
2025-04-12,Mississippi,2.0,7.0,1.0,2024-2025,False,MS,4,True,False
2025-04-12,Colorado,38.0,74.0,36.0,2024-2025,False,CO,8,False,False
2025-04-12,New Jersey,10.0,62.0,10.0,2024-2025,False,NJ,2,False,False
2025-04-12,Alaska,3.0,7.0,3.0,2024-2025,False,AK,10,False,False
2025-04-12,Kentucky,11.0,57.0,10.0,2024-2025,False,KY,4,False,False
2025-04-19,California,29.0,99.0,22.0,2024-2025,False,CA,9,False,False
2025-04-19,Delaware,3.0,5.0,3.0,2024-2025,False,DE,3,False,False
2025-04-19,Florida,44.0,127.0,40.0,2024-2025,False,FL,4,False,False
2025-04-19,Montana,1.0,12.0,1.0,2024-2025,False,MT,8,False,False
2025-04-19,New Mexico,5.0,14.0,4.0,2024-2025,False,NM,6,False,False
2025-04-19,Virginia,5.0,21.0,4.0,2024-2025,False,VA,3,False,False
2025-04-19,Washington,3.0,22.0,3.0,2024-2025,False,WA,10,False,False
2025-04-19,Tennessee,15.0,28.0,14.0,2024-2025,False,TN,4,True,False
2025-04-19,District of Columbia,0.0,0.0,0.0,2024-2025,False,DC,3,False,False
2025-04-19,North Dakota,6.0,16.0,6.0,2024-2025,False,ND,8,False,False
2025-04-19,Arkansas,4.0,10.0,4.0,2024-2025,False,AR,6,True,False
2025-04-19,Maine,4.0,12.0,4.0,2024-2025,False,ME,1,False,False
2025-04-19,Michigan,18.0,174.0,16.0,2024-2025,False,MI,5,False,False
2025-04-19,Oregon,5.0,27.0,3.0,2024-2025,False,OR,10,False,False
2025-04-19,Pennsylvania,16.0,169.0,15.0,2024-2025,False,PA,3,False,False
2025-04-19,Alabama,15.0,30.0,5.0,2024-2025,False,AL,4,True,False
2025-04-19,Wisconsin,8.0,51.0,6.0,2024-2025,False,WI,5,False,False
2025-04-19,Indiana,4.0,25.0,4.0,2024-2025,False,IN,5,False,False
2025-04-19,North Carolina,15.0,50.0,13.0,2024-2025,False,NC,4,True,False
2025-04-19,Oklahoma,3.0,16.0,3.0,2024-2025,False,OK,6,False,False
2025-04-19,Arizona,7.0,28.0,6.0,2024-2025,False,AZ,9,False,False
2025-04-19,Missouri,13.0,48.0,13.0,2024-2025,False,MO,7,False,False
2025-04-19,Connecticut,1.0,10.0,1.0,2024-2025,False,CT,1,False,False
2025-04-19,Iowa,5.0,21.0,5.0,2024-2025,False,IA,7,False,False
2025-04-19,Ohio,26.0,84.0,24.0,2024-2025,False,OH,5,False,False
2025-04-19,Louisiana,5.0,13.0,4.0,2024-2025,False,LA,6,True,False
2025-04-19,Rhode Island,1.0,7.0,1.0,2024-2025,False,RI,1,False,False
2025-04-19,Idaho,2.0,12.0,2.0,2024-2025,False,ID,10,False,False
2025-04-19,Minnesota,13.0,50.0,13.0,2024-2025,False,MN,5,False,True
2025-04-19,Nebraska,9.0,33.0,9.0,2024-2025,False,NE,7,False,False
2025-04-19,Nevada,7.0,13.0,6.0,2024-2025,False,NV,9,False,False
2025-04-19,South Dakota,5.0,16.0,5.0,2024-2025,False,SD,8,False,False
2025-04-19,Wyoming,7.0,11.0,7.0,2024-2025,False,WY,8,False,False
2025-04-19,Kansas,6.0,25.0,4.0,2024-2025,False,KS,7,False,False
2025-04-19,New Hampshire,4.0,9.0,4.0,2024-2025,False,NH,1,False,False
2025-04-19,West Virginia,18.0,46.0,16.0,2024-2025,False,WV,3,False,False
2025-04-19,New York,32.0,109.0,30.0,2024-2025,False,NY,2,False,True
2025-04-19,South Carolina,7.0,22.0,7.0,2024-2025,False,SC,4,True,False
2025-04-19,Texas,41.0,107.0,35.0,2024-2025,False,TX,6,False,False
2025-04-19,Illinois,20.0,90.0,15.0,2024-2025,False,IL,5,False,False
2025-04-19,Massachusetts,12.0,48.0,11.0,2024-2025,False,MA,1,False,False
2025-04-19,Georgia,3.0,18.0,2.0,2024-2025,False,GA,4,True,False
2025-04-19,Utah,9.0,17.0,8.0,2024-2025,False,UT,8,False,False
2025-04-19,Vermont,1.0,4.0,1.0,2024-2025,False,VT,1,False,False
2025-04-19,Hawaii,5.0,6.0,3.0,2024-2025,False,HI,9,False,False
2025-04-19,Maryland,4.0,9.0,4.0,2024-2025,False,MD,3,False,False
2025-04-19,Mississippi,4.0,10.0,3.0,2024-2025,False,MS,4,True,False
2025-04-19,Colorado,29.0,55.0,25.0,2024-2025,False,CO,8,False,False
2025-04-19,New Jersey,11.0,47.0,10.0,2024-2025,False,NJ,2,False,False
2025-04-19,Alaska,3.0,6.0,2.0,2024-2025,False,AK,10,False,False
2025-04-19,Kentucky,12.0,43.0,10.0,2024-2025,False,KY,4,False,False
2025-04-26,California,34.0,100.0,34.0,2024-2025,False,CA,9,False,False
2025-04-26,Delaware,1.0,2.0,1.0,2024-2025,False,DE,3,False,False
2025-04-26,Florida,31.0,90.0,29.0,2024-2025,False,FL,4,False,False
2025-04-26,Montana,7.0,19.0,5.0,2024-2025,False,MT,8,False,False
2025-04-26,New Mexico,5.0,10.0,4.0,2024-2025,False,NM,6,False,False
2025-04-26,Virginia,5.0,12.0,5.0,2024-2025,False,VA,3,False,False
2025-04-26,Washington,9.0,19.0,7.0,2024-2025,False,WA,10,False,False
2025-04-26,Tennessee,9.0,28.0,8.0,2024-2025,False,TN,4,True,False
2025-04-26,District of Columbia,1.0,2.0,1.0,2024-2025,False,DC,3,False,False
2025-04-26,North Dakota,3.0,4.0,3.0,2024-2025,False,ND,8,False,False
2025-04-26,Arkansas,6.0,13.0,6.0,2024-2025,False,AR,6,True,False
2025-04-26,Maine,1.0,6.0,1.0,2024-2025,False,ME,1,False,False
2025-04-26,Michigan,28.0,135.0,24.0,2024-2025,False,MI,5,False,False
2025-04-26,Oregon,2.0,20.0,2.0,2024-2025,False,OR,10,False,False
2025-04-26,Pennsylvania,28.0,142.0,27.0,2024-2025,False,PA,3,False,False
2025-04-26,Alabama,20.0,23.0,9.0,2024-2025,False,AL,4,True,False
2025-04-26,Wisconsin,7.0,52.0,7.0,2024-2025,False,WI,5,False,False
2025-04-26,Indiana,7.0,20.0,6.0,2024-2025,False,IN,5,False,False
2025-04-26,North Carolina,14.0,41.0,12.0,2024-2025,False,NC,4,True,False
2025-04-26,Oklahoma,4.0,10.0,4.0,2024-2025,False,OK,6,False,False
2025-04-26,Arizona,4.0,20.0,1.0,2024-2025,False,AZ,9,False,False
2025-04-26,Missouri,15.0,38.0,15.0,2024-2025,False,MO,7,False,False
2025-04-26,Connecticut,2.0,14.0,2.0,2024-2025,False,CT,1,False,False
2025-04-26,Iowa,7.0,20.0,6.0,2024-2025,False,IA,7,False,False
2025-04-26,Ohio,21.0,67.0,21.0,2024-2025,False,OH,5,False,False
2025-04-26,Louisiana,8.0,17.0,7.0,2024-2025,False,LA,6,True,False
2025-04-26,Rhode Island,0.0,3.0,0.0,2024-2025,False,RI,1,False,False
2025-04-26,Idaho,2.0,18.0,2.0,2024-2025,False,ID,10,False,False
2025-04-26,Minnesota,11.0,36.0,10.0,2024-2025,False,MN,5,False,True
2025-04-26,Nebraska,4.0,16.0,4.0,2024-2025,False,NE,7,False,False
2025-04-26,Nevada,1.0,4.0,1.0,2024-2025,False,NV,9,False,False
2025-04-26,South Dakota,6.0,12.0,6.0,2024-2025,False,SD,8,False,False
2025-04-26,Wyoming,1.0,4.0,0.0,2024-2025,False,WY,8,False,False
2025-04-26,Kansas,2.0,16.0,2.0,2024-2025,False,KS,7,False,False
2025-04-26,New Hampshire,1.0,9.0,1.0,2024-2025,False,NH,1,False,False
2025-04-26,West Virginia,6.0,27.0,5.0,2024-2025,False,WV,3,False,False
2025-04-26,New York,20.0,95.0,19.0,2024-2025,False,NY,2,False,True
2025-04-26,South Carolina,7.0,20.0,6.0,2024-2025,False,SC,4,True,False
2025-04-26,Texas,31.0,76.0,27.0,2024-2025,False,TX,6,False,False
2025-04-26,Illinois,8.0,49.0,8.0,2024-2025,False,IL,5,False,False
2025-04-26,Massachusetts,12.0,53.0,12.0,2024-2025,False,MA,1,False,False
2025-04-26,Georgia,10.0,17.0,10.0,2024-2025,False,GA,4,True,False
2025-04-26,Utah,6.0,11.0,6.0,2024-2025,False,UT,8,False,False
2025-04-26,Vermont,1.0,3.0,1.0,2024-2025,False,VT,1,False,False
2025-04-26,Hawaii,2.0,5.0,1.0,2024-2025,False,HI,9,False,False
2025-04-26,Maryland,0.0,7.0,0.0,2024-2025,False,MD,3,False,False
2025-04-26,Mississippi,6.0,8.0,5.0,2024-2025,False,MS,4,True,False
2025-04-26,Colorado,17.0,39.0,17.0,2024-2025,False,CO,8,False,False
2025-04-26,New Jersey,6.0,35.0,6.0,2024-2025,False,NJ,2,False,False
2025-04-26,Alaska,1.0,1.0,1.0,2024-2025,False,AK,10,False,False
2025-04-26,Kentucky,6.0,33.0,6.0,2024-2025,False,KY,4,False,False
2025-05-03,California,21.0,68.0,19.0,2024-2025,False,CA,9,False,False
2025-05-03,Delaware,1.0,3.0,1.0,2024-2025,False,DE,3,False,False
2025-05-03,Florida,45.0,103.0,36.0,2024-2025,False,FL,4,False,False
2025-05-03,Montana,9.0,20.0,8.0,2024-2025,False,MT,8,False,False
2025-05-03,New Mexico,9.0,13.0,8.0,2024-2025,False,NM,6,False,False
2025-05-03,Virginia,1.0,10.0,1.0,2024-2025,False,VA,3,False,False
2025-05-03,Washington,0.0,10.0,0.0,2024-2025,False,WA,10,False,False
2025-05-03,Tennessee,10.0,27.0,7.0,2024-2025,False,TN,4,True,False
2025-05-03,District of Columbia,0.0,0.0,0.0,2024-2025,False,DC,3,False,False
2025-05-03,North Dakota,2.0,7.0,2.0,2024-2025,False,ND,8,False,False
2025-05-03,Arkansas,2.0,8.0,2.0,2024-2025,False,AR,6,True,False
2025-05-03,Maine,0.0,2.0,0.0,2024-2025,False,ME,1,False,False
2025-05-03,Michigan,10.0,74.0,10.0,2024-2025,False,MI,5,False,False
2025-05-03,Oregon,4.0,13.0,1.0,2024-2025,False,OR,10,False,False
2025-05-03,Pennsylvania,6.0,105.0,5.0,2024-2025,False,PA,3,False,False
2025-05-03,Alabama,6.0,12.0,5.0,2024-2025,False,AL,4,True,False
2025-05-03,Wisconsin,1.0,28.0,1.0,2024-2025,False,WI,5,False,False
2025-05-03,Indiana,9.0,21.0,9.0,2024-2025,False,IN,5,False,False
2025-05-03,North Carolina,13.0,43.0,13.0,2024-2025,False,NC,4,True,False
2025-05-03,Oklahoma,0.0,5.0,0.0,2024-2025,False,OK,6,False,False
2025-05-03,Arizona,10.0,30.0,10.0,2024-2025,False,AZ,9,False,False
2025-05-03,Missouri,8.0,28.0,8.0,2024-2025,False,MO,7,False,False
2025-05-03,Connecticut,1.0,9.0,1.0,2024-2025,False,CT,1,False,False
2025-05-03,Iowa,4.0,14.0,4.0,2024-2025,False,IA,7,False,False
2025-05-03,Ohio,13.0,36.0,11.0,2024-2025,False,OH,5,False,False
2025-05-03,Louisiana,4.0,9.0,3.0,2024-2025,False,LA,6,True,False
2025-05-03,Rhode Island,1.0,5.0,0.0,2024-2025,False,RI,1,False,False
2025-05-03,Idaho,3.0,8.0,3.0,2024-2025,False,ID,10,False,False
2025-05-03,Minnesota,8.0,36.0,6.0,2024-2025,False,MN,5,False,True
2025-05-03,Nebraska,4.0,18.0,4.0,2024-2025,False,NE,7,False,False
2025-05-03,Nevada,4.0,7.0,3.0,2024-2025,False,NV,9,False,False
2025-05-03,South Dakota,1.0,4.0,0.0,2024-2025,False,SD,8,False,False
2025-05-03,Wyoming,1.0,3.0,1.0,2024-2025,False,WY,8,False,False
2025-05-03,Kansas,1.0,9.0,1.0,2024-2025,False,KS,7,False,False
2025-05-03,New Hampshire,1.0,8.0,1.0,2024-2025,False,NH,1,False,False
2025-05-03,West Virginia,6.0,23.0,5.0,2024-2025,False,WV,3,False,False
2025-05-03,New York,17.0,60.0,16.0,2024-2025,False,NY,2,False,True
2025-05-03,South Carolina,9.0,19.0,9.0,2024-2025,False,SC,4,True,False
2025-05-03,Texas,28.0,55.0,25.0,2024-2025,False,TX,6,False,False
2025-05-03,Illinois,4.0,35.0,4.0,2024-2025,False,IL,5,False,False
2025-05-03,Massachusetts,7.0,46.0,5.0,2024-2025,False,MA,1,False,False
2025-05-03,Georgia,9.0,19.0,8.0,2024-2025,False,GA,4,True,False
2025-05-03,Utah,4.0,10.0,4.0,2024-2025,False,UT,8,False,False
2025-05-03,Vermont,0.0,2.0,0.0,2024-2025,False,VT,1,False,False
2025-05-03,Hawaii,1.0,5.0,1.0,2024-2025,False,HI,9,False,False
2025-05-03,Maryland,0.0,5.0,0.0,2024-2025,False,MD,3,False,False
2025-05-03,Mississippi,5.0,10.0,5.0,2024-2025,False,MS,4,True,False
2025-05-03,Colorado,13.0,32.0,13.0,2024-2025,False,CO,8,False,False
2025-05-03,New Jersey,6.0,34.0,6.0,2024-2025,False,NJ,2,False,False
2025-05-03,Alaska,0.0,2.0,0.0,2024-2025,False,AK,10,False,False
2025-05-03,Kentucky,10.0,24.0,9.0,2024-2025,False,KY,4,False,False
2025-05-10,California,10.0,46.0,9.0,2024-2025,False,CA,9,False,False
2025-05-10,Delaware,1.0,2.0,1.0,2024-2025,False,DE,3,False,False
2025-05-10,Florida,30.0,73.0,25.0,2024-2025,False,FL,4,False,False
2025-05-10,Montana,7.0,17.0,7.0,2024-2025,False,MT,8,False,False
2025-05-10,New Mexico,3.0,5.0,3.0,2024-2025,False,NM,6,False,False
2025-05-10,Virginia,6.0,14.0,5.0,2024-2025,False,VA,3,False,False
2025-05-10,Washington,1.0,5.0,1.0,2024-2025,False,WA,10,False,False
2025-05-10,Tennessee,3.0,10.0,2.0,2024-2025,False,TN,4,True,False
2025-05-10,District of Columbia,0.0,0.0,0.0,2024-2025,False,DC,3,False,False
2025-05-10,North Dakota,0.0,3.0,0.0,2024-2025,False,ND,8,False,False
2025-05-10,Arkansas,3.0,8.0,3.0,2024-2025,False,AR,6,True,False
2025-05-10,Maine,0.0,3.0,0.0,2024-2025,False,ME,1,False,False
2025-05-10,Michigan,8.0,32.0,6.0,2024-2025,False,MI,5,False,False
2025-05-10,Oregon,3.0,9.0,3.0,2024-2025,False,OR,10,False,False
2025-05-10,Pennsylvania,11.0,86.0,10.0,2024-2025,False,PA,3,False,False
2025-05-10,Alabama,3.0,14.0,3.0,2024-2025,False,AL,4,True,False
2025-05-10,Wisconsin,8.0,29.0,8.0,2024-2025,False,WI,5,False,False
2025-05-10,Indiana,11.0,18.0,10.0,2024-2025,False,IN,5,False,False
2025-05-10,North Carolina,8.0,27.0,8.0,2024-2025,False,NC,4,True,False
2025-05-10,Oklahoma,0.0,7.0,0.0,2024-2025,False,OK,6,False,False
2025-05-10,Arizona,2.0,6.0,2.0,2024-2025,False,AZ,9,False,False
2025-05-10,Missouri,10.0,26.0,8.0,2024-2025,False,MO,7,False,False
2025-05-10,Connecticut,1.0,8.0,0.0,2024-2025,False,CT,1,False,False
2025-05-10,Iowa,5.0,10.0,5.0,2024-2025,False,IA,7,False,False
2025-05-10,Ohio,20.0,35.0,18.0,2024-2025,False,OH,5,False,False
2025-05-10,Louisiana,7.0,12.0,5.0,2024-2025,False,LA,6,True,False
2025-05-10,Rhode Island,0.0,2.0,0.0,2024-2025,False,RI,1,False,False
2025-05-10,Idaho,3.0,6.0,3.0,2024-2025,False,ID,10,False,False
2025-05-10,Minnesota,7.0,25.0,7.0,2024-2025,False,MN,5,False,True
2025-05-10,Nebraska,3.0,10.0,3.0,2024-2025,False,NE,7,False,False
2025-05-10,Nevada,4.0,7.0,4.0,2024-2025,False,NV,9,False,False
2025-05-10,South Dakota,2.0,6.0,2.0,2024-2025,False,SD,8,False,False
2025-05-10,Wyoming,0.0,3.0,0.0,2024-2025,False,WY,8,False,False
2025-05-10,Kansas,3.0,7.0,2.0,2024-2025,False,KS,7,False,False
2025-05-10,New Hampshire,1.0,6.0,1.0,2024-2025,False,NH,1,False,False
2025-05-10,West Virginia,6.0,16.0,5.0,2024-2025,False,WV,3,False,False
2025-05-10,New York,16.0,58.0,12.0,2024-2025,False,NY,2,False,True
2025-05-10,South Carolina,4.0,14.0,4.0,2024-2025,False,SC,4,True,False
2025-05-10,Texas,14.0,35.0,13.0,2024-2025,False,TX,6,False,False
2025-05-10,Illinois,5.0,25.0,5.0,2024-2025,False,IL,5,False,False
2025-05-10,Massachusetts,6.0,27.0,6.0,2024-2025,False,MA,1,False,False
2025-05-10,Georgia,4.0,17.0,4.0,2024-2025,False,GA,4,True,False
2025-05-10,Utah,7.0,10.0,7.0,2024-2025,False,UT,8,False,False
2025-05-10,Vermont,0.0,1.0,0.0,2024-2025,False,VT,1,False,False
2025-05-10,Hawaii,3.0,7.0,3.0,2024-2025,False,HI,9,False,False
2025-05-10,Maryland,3.0,9.0,2.0,2024-2025,False,MD,3,False,False
2025-05-10,Mississippi,1.0,3.0,1.0,2024-2025,False,MS,4,True,False
2025-05-10,Colorado,14.0,26.0,11.0,2024-2025,False,CO,8,False,False
2025-05-10,New Jersey,7.0,17.0,6.0,2024-2025,False,NJ,2,False,False
2025-05-10,Alaska,0.0,3.0,0.0,2024-2025,False,AK,10,False,False
2025-05-10,Kentucky,9.0,25.0,7.0,2024-2025,False,KY,4,False,False
2025-05-17,California,11.0,38.0,11.0,2024-2025,False,CA,9,False,False
2025-05-17,Delaware,1.0,3.0,1.0,2024-2025,False,DE,3,False,False
2025-05-17,Florida,40.0,80.0,39.0,2024-2025,False,FL,4,False,False
2025-05-17,Montana,2.0,5.0,1.0,2024-2025,False,MT,8,False,False
2025-05-17,New Mexico,1.0,2.0,1.0,2024-2025,False,NM,6,False,False
2025-05-17,Virginia,3.0,8.0,3.0,2024-2025,False,VA,3,False,False
2025-05-17,Washington,0.0,7.0,0.0,2024-2025,False,WA,10,False,False
2025-05-17,Tennessee,7.0,15.0,7.0,2024-2025,False,TN,4,True,False
2025-05-17,District of Columbia,0.0,0.0,0.0,2024-2025,False,DC,3,False,False
2025-05-17,North Dakota,0.0,2.0,0.0,2024-2025,False,ND,8,False,False
2025-05-17,Arkansas,4.0,8.0,4.0,2024-2025,False,AR,6,True,False
2025-05-17,Maine,1.0,6.0,1.0,2024-2025,False,ME,1,False,False
2025-05-17,Michigan,5.0,32.0,5.0,2024-2025,False,MI,5,False,False
2025-05-17,Oregon,2.0,8.0,2.0,2024-2025,False,OR,10,False,False
2025-05-17,Pennsylvania,10.0,77.0,8.0,2024-2025,False,PA,3,False,False
2025-05-17,Alabama,4.0,12.0,4.0,2024-2025,False,AL,4,True,False
2025-05-17,Wisconsin,4.0,21.0,3.0,2024-2025,False,WI,5,False,False
2025-05-17,Indiana,3.0,13.0,3.0,2024-2025,False,IN,5,False,False
2025-05-17,North Carolina,14.0,32.0,13.0,2024-2025,False,NC,4,True,False
2025-05-17,Oklahoma,2.0,9.0,2.0,2024-2025,False,OK,6,False,False
2025-05-17,Arizona,1.0,6.0,0.0,2024-2025,False,AZ,9,False,False
2025-05-17,Missouri,9.0,24.0,9.0,2024-2025,False,MO,7,False,False
2025-05-17,Connecticut,1.0,9.0,1.0,2024-2025,False,CT,1,False,False
2025-05-17,Iowa,2.0,95.0,1.0,2024-2025,False,IA,7,False,False
2025-05-17,Ohio,6.0,19.0,5.0,2024-2025,False,OH,5,False,False
2025-05-17,Louisiana,3.0,5.0,3.0,2024-2025,False,LA,6,True,False
2025-05-17,Rhode Island,1.0,5.0,1.0,2024-2025,False,RI,1,False,False
2025-05-17,Idaho,1.0,3.0,1.0,2024-2025,False,ID,10,False,False
2025-05-17,Minnesota,1.0,5.0,1.0,2024-2025,False,MN,5,False,True
2025-05-17,Nebraska,0.0,4.0,0.0,2024-2025,False,NE,7,False,False
2025-05-17,Nevada,0.0,2.0,0.0,2024-2025,False,NV,9,False,False
2025-05-17,South Dakota,1.0,2.0,1.0,2024-2025,False,SD,8,False,False
2025-05-17,Wyoming,0.0,0.0,0.0,2024-2025,False,WY,8,False,False
2025-05-17,Kansas,2.0,6.0,2.0,2024-2025,False,KS,7,False,False
2025-05-17,New Hampshire,0.0,1.0,0.0,2024-2025,False,NH,1,False,False
2025-05-17,West Virginia,3.0,7.0,3.0,2024-2025,False,WV,3,False,False
2025-05-17,New York,11.0,44.0,6.0,2024-2025,False,NY,2,False,True
2025-05-17,South Carolina,1.0,10.0,1.0,2024-2025,False,SC,4,True,False
2025-05-17,Texas,23.0,44.0,22.0,2024-2025,False,TX,6,False,False
2025-05-17,Illinois,8.0,20.0,6.0,2024-2025,False,IL,5,False,False
2025-05-17,Massachusetts,5.0,17.0,5.0,2024-2025,False,MA,1,False,False
2025-05-17,Georgia,7.0,13.0,7.0,2024-2025,False,GA,4,True,False
2025-05-17,Utah,5.0,6.0,4.0,2024-2025,False,UT,8,False,False
2025-05-17,Vermont,0.0,0.0,0.0,2024-2025,False,VT,1,False,False
2025-05-17,Hawaii,6.0,7.0,6.0,2024-2025,False,HI,9,False,False
2025-05-17,Maryland,1.0,7.0,1.0,2024-2025,False,MD,3,False,False
2025-05-17,Mississippi,3.0,5.0,3.0,2024-2025,False,MS,4,True,False
2025-05-17,Colorado,5.0,15.0,4.0,2024-2025,False,CO,8,False,False
2025-05-17,New Jersey,3.0,10.0,3.0,2024-2025,False,NJ,2,False,False
2025-05-17,Alaska,0.0,0.0,0.0,2024-2025,False,AK,10,False,False
2025-05-17,Kentucky,15.0,23.0,14.0,2024-2025,False,KY,4,False,False
2025-05-24,California,14.0,33.0,11.0,2024-2025,False,CA,9,False,False
2025-05-24,Delaware,0.0,0.0,0.0,2024-2025,False,DE,3,False,False
2025-05-24,Florida,33.0,72.0,33.0,2024-2025,False,FL,4,False,False
2025-05-24,Montana,1.0,3.0,1.0,2024-2025,False,MT,8,False,False
2025-05-24,New Mexico,1.0,1.0,1.0,2024-2025,False,NM,6,False,False
2025-05-24,Virginia,1.0,5.0,0.0,2024-2025,False,VA,3,False,False
2025-05-24,Washington,2.0,7.0,1.0,2024-2025,False,WA,10,False,False
2025-05-24,Tennessee,7.0,17.0,7.0,2024-2025,False,TN,4,True,False
2025-05-24,District of Columbia,0.0,0.0,0.0,2024-2025,False,DC,3,False,False
2025-05-24,North Dakota,0.0,1.0,0.0,2024-2025,False,ND,8,False,False
2025-05-24,Arkansas,1.0,5.0,1.0,2024-2025,False,AR,6,True,False
2025-05-24,Maine,1.0,3.0,1.0,2024-2025,False,ME,1,False,False
2025-05-24,Michigan,4.0,12.0,3.0,2024-2025,False,MI,5,False,False
2025-05-24,Oregon,3.0,11.0,3.0,2024-2025,False,OR,10,False,False
2025-05-24,Pennsylvania,10.0,77.0,10.0,2024-2025,False,PA,3,False,False
2025-05-24,Alabama,2.0,3.0,2.0,2024-2025,False,AL,4,True,False
2025-05-24,Wisconsin,3.0,10.0,2.0,2024-2025,False,WI,5,False,False
2025-05-24,Indiana,2.0,9.0,2.0,2024-2025,False,IN,5,False,False
2025-05-24,North Carolina,9.0,17.0,9.0,2024-2025,False,NC,4,True,False
2025-05-24,Oklahoma,0.0,4.0,0.0,2024-2025,False,OK,6,False,False
2025-05-24,Arizona,1.0,10.0,1.0,2024-2025,False,AZ,9,False,False
2025-05-24,Missouri,8.0,21.0,7.0,2024-2025,False,MO,7,False,False
2025-05-24,Connecticut,0.0,2.0,0.0,2024-2025,False,CT,1,False,False
2025-05-24,Iowa,1.0,4.0,1.0,2024-2025,False,IA,7,False,False
2025-05-24,Ohio,3.0,10.0,3.0,2024-2025,False,OH,5,False,False
2025-05-24,Louisiana,6.0,9.0,6.0,2024-2025,False,LA,6,True,False
2025-05-24,Rhode Island,0.0,1.0,0.0,2024-2025,False,RI,1,False,False
2025-05-24,Idaho,1.0,4.0,1.0,2024-2025,False,ID,10,False,False
2025-05-24,Minnesota,3.0,7.0,2.0,2024-2025,False,MN,5,False,True
2025-05-24,Nebraska,2.0,3.0,2.0,2024-2025,False,NE,7,False,False
2025-05-24,Nevada,1.0,2.0,1.0,2024-2025,False,NV,9,False,False
2025-05-24,South Dakota,1.0,2.0,1.0,2024-2025,False,SD,8,False,False
2025-05-24,Wyoming,5.0,6.0,5.0,2024-2025,False,WY,8,False,False
2025-05-24,Kansas,1.0,7.0,1.0,2024-2025,False,KS,7,False,False
2025-05-24,New Hampshire,0.0,1.0,0.0,2024-2025,False,NH,1,False,False
2025-05-24,West Virginia,4.0,6.0,4.0,2024-2025,False,WV,3,False,False
2025-05-24,New York,17.0,38.0,13.0,2024-2025,False,NY,2,False,True
2025-05-24,South Carolina,3.0,7.0,3.0,2024-2025,False,SC,4,True,False
2025-05-24,Texas,18.0,54.0,18.0,2024-2025,False,TX,6,False,False
2025-05-24,Illinois,7.0,17.0,7.0,2024-2025,False,IL,5,False,False
2025-05-24,Massachusetts,5.0,13.0,3.0,2024-2025,False,MA,1,False,False
2025-05-24,Georgia,3.0,15.0,3.0,2024-2025,False,GA,4,True,False
2025-05-24,Utah,5.0,6.0,4.0,2024-2025,False,UT,8,False,False
2025-05-24,Vermont,0.0,1.0,0.0,2024-2025,False,VT,1,False,False
2025-05-24,Hawaii,1.0,4.0,1.0,2024-2025,False,HI,9,False,False
2025-05-24,Maryland,2.0,13.0,0.0,2024-2025,False,MD,3,False,False
2025-05-24,Mississippi,2.0,5.0,2.0,2024-2025,False,MS,4,True,False
2025-05-24,Colorado,6.0,12.0,5.0,2024-2025,False,CO,8,False,False
2025-05-24,New Jersey,3.0,15.0,3.0,2024-2025,False,NJ,2,False,False
2025-05-24,Alaska,1.0,1.0,1.0,2024-2025,False,AK,10,False,False
2025-05-24,Kentucky,1.0,15.0,1.0,2024-2025,False,KY,4,False,False
2025-05-31,California,8.0,24.0,7.0,2024-2025,False,CA,9,False,False
2025-05-31,Delaware,1.0,2.0,1.0,2024-2025,False,DE,3,False,False
2025-05-31,Florida,34.0,81.0,27.0,2024-2025,False,FL,4,False,False
2025-05-31,Montana,0.0,0.0,0.0,2024-2025,False,MT,8,False,False
2025-05-31,New Mexico,1.0,1.0,1.0,2024-2025,False,NM,6,False,False
2025-05-31,Virginia,1.0,4.0,1.0,2024-2025,False,VA,3,False,False
2025-05-31,Washington,0.0,4.0,0.0,2024-2025,False,WA,10,False,False
2025-05-31,Tennessee,3.0,5.0,3.0,2024-2025,False,TN,4,True,False
2025-05-31,District of Columbia,0.0,0.0,0.0,2024-2025,False,DC,3,False,False
2025-05-31,North Dakota,0.0,3.0,0.0,2024-2025,False,ND,8,False,False
2025-05-31,Arkansas,7.0,10.0,7.0,2024-2025,False,AR,6,True,False
2025-05-31,Maine,0.0,0.0,0.0,2024-2025,False,ME,1,False,False
2025-05-31,Michigan,5.0,15.0,3.0,2024-2025,False,MI,5,False,False
2025-05-31,Oregon,1.0,5.0,1.0,2024-2025,False,OR,10,False,False
2025-05-31,Pennsylvania,94.0,134.0,4.0,2024-2025,False,PA,3,False,False
2025-05-31,Alabama,6.0,9.0,5.0,2024-2025,False,AL,4,True,False
2025-05-31,Wisconsin,2.0,9.0,2.0,2024-2025,False,WI,5,False,False
2025-05-31,Indiana,4.0,9.0,4.0,2024-2025,False,IN,5,False,False
2025-05-31,North Carolina,1.0,11.0,1.0,2024-2025,False,NC,4,True,False
2025-05-31,Oklahoma,0.0,3.0,0.0,2024-2025,False,OK,6,False,False
2025-05-31,Arizona,1.0,9.0,1.0,2024-2025,False,AZ,9,False,False
2025-05-31,Missouri,9.0,26.0,9.0,2024-2025,False,MO,7,False,False
2025-05-31,Connecticut,0.0,2.0,0.0,2024-2025,False,CT,1,False,False
2025-05-31,Iowa,0.0,5.0,0.0,2024-2025,False,IA,7,False,False
2025-05-31,Ohio,8.0,18.0,8.0,2024-2025,False,OH,5,False,False
2025-05-31,Louisiana,3.0,5.0,3.0,2024-2025,False,LA,6,True,False
2025-05-31,Rhode Island,1.0,2.0,0.0,2024-2025,False,RI,1,False,False
2025-05-31,Idaho,0.0,4.0,0.0,2024-2025,False,ID,10,False,False
2025-05-31,Minnesota,1.0,4.0,1.0,2024-2025,False,MN,5,False,True
2025-05-31,Nebraska,2.0,3.0,2.0,2024-2025,False,NE,7,False,False
2025-05-31,Nevada,1.0,1.0,1.0,2024-2025,False,NV,9,False,False
2025-05-31,South Dakota,3.0,4.0,2.0,2024-2025,False,SD,8,False,False
2025-05-31,Wyoming,1.0,2.0,1.0,2024-2025,False,WY,8,False,False
2025-05-31,Kansas,0.0,3.0,0.0,2024-2025,False,KS,7,False,False
2025-05-31,New Hampshire,0.0,0.0,0.0,2024-2025,False,NH,1,False,False
2025-05-31,West Virginia,3.0,10.0,3.0,2024-2025,False,WV,3,False,False
2025-05-31,New York,9.0,19.0,9.0,2024-2025,False,NY,2,False,True
2025-05-31,South Carolina,1.0,7.0,1.0,2024-2025,False,SC,4,True,False
2025-05-31,Texas,14.0,26.0,12.0,2024-2025,False,TX,6,False,False
2025-05-31,Illinois,4.0,11.0,4.0,2024-2025,False,IL,5,False,False
2025-05-31,Massachusetts,0.0,11.0,0.0,2024-2025,False,MA,1,False,False
2025-05-31,Georgia,7.0,15.0,7.0,2024-2025,False,GA,4,True,False
2025-05-31,Utah,2.0,2.0,1.0,2024-2025,False,UT,8,False,False
2025-05-31,Vermont,0.0,1.0,0.0,2024-2025,False,VT,1,False,False
2025-05-31,Hawaii,1.0,2.0,1.0,2024-2025,False,HI,9,False,False
2025-05-31,Maryland,3.0,20.0,0.0,2024-2025,False,MD,3,False,False
2025-05-31,Mississippi,1.0,1.0,0.0,2024-2025,False,MS,4,True,False
2025-05-31,Colorado,2.0,9.0,2.0,2024-2025,False,CO,8,False,False
2025-05-31,New Jersey,6.0,22.0,6.0,2024-2025,False,NJ,2,False,False
2025-05-31,Alaska,0.0,2.0,0.0,2024-2025,False,AK,10,False,False
2025-05-31,Kentucky,6.0,14.0,4.0,2024-2025,False,KY,4,False,False
2025-06-07,California,3.0,20.0,3.0,2024-2025,False,CA,9,False,False
2025-06-07,Delaware,1.0,2.0,1.0,2024-2025,False,DE,3,False,False
2025-06-07,Florida,40.0,81.0,37.0,2024-2025,False,FL,4,False,False
2025-06-07,Montana,0.0,1.0,0.0,2024-2025,False,MT,8,False,False
2025-06-07,New Mexico,2.0,2.0,2.0,2024-2025,False,NM,6,False,False
2025-06-07,Virginia,1.0,4.0,1.0,2024-2025,False,VA,3,False,False
2025-06-07,Washington,0.0,2.0,0.0,2024-2025,False,WA,10,False,False
2025-06-07,Tennessee,6.0,11.0,5.0,2024-2025,False,TN,4,True,False
2025-06-07,District of Columbia,0.0,0.0,0.0,2024-2025,False,DC,3,False,False
2025-06-07,North Dakota,0.0,0.0,0.0,2024-2025,False,ND,8,False,False
2025-06-07,Arkansas,3.0,7.0,3.0,2024-2025,False,AR,6,True,False
2025-06-07,Maine,0.0,1.0,0.0,2024-2025,False,ME,1,False,False
2025-06-07,Michigan,6.0,10.0,6.0,2024-2025,False,MI,5,False,False
2025-06-07,Oregon,0.0,4.0,0.0,2024-2025,False,OR,10,False,False
2025-06-07,Pennsylvania,3.0,63.0,3.0,2024-2025,False,PA,3,False,False
2025-06-07,Alabama,7.0,12.0,7.0,2024-2025,False,AL,4,True,False
2025-06-07,Wisconsin,1.0,6.0,1.0,2024-2025,False,WI,5,False,False
2025-06-07,Indiana,2.0,2.0,2.0,2024-2025,False,IN,5,False,False
2025-06-07,North Carolina,4.0,10.0,2.0,2024-2025,False,NC,4,True,False
2025-06-07,Oklahoma,0.0,5.0,0.0,2024-2025,False,OK,6,False,False
2025-06-07,Arizona,0.0,3.0,0.0,2024-2025,False,AZ,9,False,False
2025-06-07,Missouri,8.0,21.0,8.0,2024-2025,False,MO,7,False,False
2025-06-07,Connecticut,1.0,2.0,1.0,2024-2025,False,CT,1,False,False
2025-06-07,Iowa,0.0,2.0,0.0,2024-2025,False,IA,7,False,False
2025-06-07,Ohio,3.0,8.0,2.0,2024-2025,False,OH,5,False,False
2025-06-07,Louisiana,2.0,4.0,2.0,2024-2025,False,LA,6,True,False
2025-06-07,Rhode Island,1.0,2.0,1.0,2024-2025,False,RI,1,False,False
2025-06-07,Idaho,1.0,6.0,1.0,2024-2025,False,ID,10,False,False
2025-06-07,Minnesota,1.0,2.0,1.0,2024-2025,False,MN,5,False,True
2025-06-07,Nebraska,1.0,3.0,1.0,2024-2025,False,NE,7,False,False
2025-06-07,Nevada,0.0,0.0,0.0,2024-2025,False,NV,9,False,False
2025-06-07,South Dakota,2.0,2.0,2.0,2024-2025,False,SD,8,False,False
2025-06-07,Wyoming,0.0,1.0,0.0,2024-2025,False,WY,8,False,False
2025-06-07,Kansas,3.0,5.0,3.0,2024-2025,False,KS,7,False,False
2025-06-07,New Hampshire,0.0,0.0,0.0,2024-2025,False,NH,1,False,False
2025-06-07,West Virginia,2.0,10.0,1.0,2024-2025,False,WV,3,False,False
2025-06-07,New York,8.0,26.0,8.0,2024-2025,False,NY,2,False,True
2025-06-07,South Carolina,6.0,13.0,5.0,2024-2025,False,SC,4,True,False
2025-06-07,Texas,16.0,31.0,15.0,2024-2025,False,TX,6,False,False
2025-06-07,Illinois,1.0,7.0,1.0,2024-2025,False,IL,5,False,False
2025-06-07,Massachusetts,1.0,15.0,1.0,2024-2025,False,MA,1,False,False
2025-06-07,Georgia,3.0,9.0,3.0,2024-2025,False,GA,4,True,False
2025-06-07,Utah,3.0,4.0,3.0,2024-2025,False,UT,8,False,False
2025-06-07,Vermont,0.0,0.0,0.0,2024-2025,False,VT,1,False,False
2025-06-07,Hawaii,4.0,6.0,3.0,2024-2025,False,HI,9,False,False
2025-06-07,Maryland,5.0,20.0,2.0,2024-2025,False,MD,3,False,False
2025-06-07,Mississippi,3.0,3.0,3.0,2024-2025,False,MS,4,True,False
2025-06-07,Colorado,3.0,6.0,2.0,2024-2025,False,CO,8,False,False
2025-06-07,New Jersey,5.0,12.0,5.0,2024-2025,False,NJ,2,False,False
2025-06-07,Alaska,0.0,2.0,0.0,2024-2025,False,AK,10,False,False
2025-06-07,Kentucky,2.0,7.0,2.0,2024-2025,False,KY,4,False,False
2025-06-14,California,6.0,16.0,6.0,2024-2025,False,CA,9,False,False
2025-06-14,Delaware,2.0,2.0,2.0,2024-2025,False,DE,3,False,False
2025-06-14,Florida,33.0,80.0,31.0,2024-2025,False,FL,4,False,False
2025-06-14,Montana,0.0,1.0,0.0,2024-2025,False,MT,8,False,False
2025-06-14,New Mexico,1.0,1.0,1.0,2024-2025,False,NM,6,False,False
2025-06-14,Virginia,1.0,2.0,1.0,2024-2025,False,VA,3,False,False
2025-06-14,Washington,1.0,2.0,1.0,2024-2025,False,WA,10,False,False
2025-06-14,Tennessee,0.0,3.0,0.0,2024-2025,False,TN,4,True,False
2025-06-14,District of Columbia,0.0,0.0,0.0,2024-2025,False,DC,3,False,False
2025-06-14,North Dakota,2.0,2.0,2.0,2024-2025,False,ND,8,False,False
2025-06-14,Arkansas,2.0,6.0,2.0,2024-2025,False,AR,6,True,False
2025-06-14,Maine,0.0,0.0,0.0,2024-2025,False,ME,1,False,False
2025-06-14,Michigan,13.0,19.0,12.0,2024-2025,False,MI,5,False,False
2025-06-14,Oregon,0.0,0.0,0.0,2024-2025,False,OR,10,False,False
2025-06-14,Pennsylvania,5.0,42.0,4.0,2024-2025,False,PA,3,False,False
2025-06-14,Alabama,3.0,9.0,3.0,2024-2025,False,AL,4,True,False
2025-06-14,Wisconsin,0.0,2.0,0.0,2024-2025,False,WI,5,False,False
2025-06-14,Indiana,4.0,7.0,4.0,2024-2025,False,IN,5,False,False
2025-06-14,North Carolina,6.0,12.0,6.0,2024-2025,False,NC,4,True,False
2025-06-14,Oklahoma,0.0,3.0,0.0,2024-2025,False,OK,6,False,False
2025-06-14,Arizona,1.0,14.0,1.0,2024-2025,False,AZ,9,False,False
2025-06-14,Missouri,7.0,18.0,7.0,2024-2025,False,MO,7,False,False
2025-06-14,Connecticut,2.0,4.0,2.0,2024-2025,False,CT,1,False,False
2025-06-14,Iowa,0.0,3.0,0.0,2024-2025,False,IA,7,False,False
2025-06-14,Ohio,2.0,5.0,2.0,2024-2025,False,OH,5,False,False
2025-06-14,Louisiana,1.0,4.0,1.0,2024-2025,False,LA,6,True,False
2025-06-14,Rhode Island,0.0,0.0,0.0,2024-2025,False,RI,1,False,False
2025-06-14,Idaho,0.0,0.0,0.0,2024-2025,False,ID,10,False,False
2025-06-14,Minnesota,1.0,2.0,1.0,2024-2025,False,MN,5,False,True
2025-06-14,Nebraska,2.0,3.0,2.0,2024-2025,False,NE,7,False,False
2025-06-14,Nevada,0.0,1.0,0.0,2024-2025,False,NV,9,False,False
2025-06-14,South Dakota,0.0,0.0,0.0,2024-2025,False,SD,8,False,False
2025-06-14,Wyoming,0.0,0.0,0.0,2024-2025,False,WY,8,False,False
2025-06-14,Kansas,2.0,3.0,2.0,2024-2025,False,KS,7,False,False
2025-06-14,New Hampshire,0.0,0.0,0.0,2024-2025,False,NH,1,False,False
2025-06-14,West Virginia,3.0,9.0,3.0,2024-2025,False,WV,3,False,False
2025-06-14,New York,10.0,23.0,9.0,2024-2025,False,NY,2,False,True
2025-06-14,South Carolina,1.0,7.0,1.0,2024-2025,False,SC,4,True,False
2025-06-14,Texas,12.0,21.0,11.0,2024-2025,False,TX,6,False,False
2025-06-14,Illinois,0.0,3.0,0.0,2024-2025,False,IL,5,False,False
2025-06-14,Massachusetts,2.0,16.0,0.0,2024-2025,False,MA,1,False,False
2025-06-14,Georgia,5.0,10.0,5.0,2024-2025,False,GA,4,True,False
2025-06-14,Utah,3.0,4.0,3.0,2024-2025,False,UT,8,False,False
2025-06-14,Vermont,0.0,1.0,0.0,2024-2025,False,VT,1,False,False
2025-06-14,Hawaii,1.0,5.0,1.0,2024-2025,False,HI,9,False,False
2025-06-14,Maryland,2.0,9.0,0.0,2024-2025,False,MD,3,False,False
2025-06-14,Mississippi,3.0,6.0,3.0,2024-2025,False,MS,4,True,False
2025-06-14,Colorado,0.0,0.0,0.0,2024-2025,False,CO,8,False,False
2025-06-14,New Jersey,5.0,13.0,5.0,2024-2025,False,NJ,2,False,False
2025-06-14,Alaska,1.0,3.0,1.0,2024-2025,False,AK,10,False,False
2025-06-14,Kentucky,3.0,8.0,3.0,2024-2025,False,KY,4,False,False
2025-06-21,California,3.0,9.0,3.0,2024-2025,False,CA,9,False,False
2025-06-21,Delaware,0.0,0.0,0.0,2024-2025,False,DE,3,False,False
2025-06-21,Florida,26.0,62.0,26.0,2024-2025,False,FL,4,False,False
2025-06-21,Montana,0.0,1.0,0.0,2024-2025,False,MT,8,False,False
2025-06-21,New Mexico,0.0,0.0,0.0,2024-2025,False,NM,6,False,False
2025-06-21,Virginia,1.0,5.0,1.0,2024-2025,False,VA,3,False,False
2025-06-21,Washington,0.0,0.0,0.0,2024-2025,False,WA,10,False,False
2025-06-21,Tennessee,0.0,2.0,0.0,2024-2025,False,TN,4,True,False
2025-06-21,District of Columbia,0.0,0.0,0.0,2024-2025,False,DC,3,False,False
2025-06-21,North Dakota,1.0,2.0,1.0,2024-2025,False,ND,8,False,False
2025-06-21,Arkansas,1.0,4.0,1.0,2024-2025,False,AR,6,True,False
2025-06-21,Maine,0.0,0.0,0.0,2024-2025,False,ME,1,False,False
2025-06-21,Michigan,1.0,4.0,1.0,2024-2025,False,MI,5,False,False
2025-06-21,Oregon,0.0,0.0,0.0,2024-2025,False,OR,10,False,False
2025-06-21,Pennsylvania,2.0,35.0,2.0,2024-2025,False,PA,3,False,False
2025-06-21,Alabama,4.0,7.0,4.0,2024-2025,False,AL,4,True,False
2025-06-21,Wisconsin,1.0,3.0,1.0,2024-2025,False,WI,5,False,False
2025-06-21,Indiana,1.0,3.0,1.0,2024-2025,False,IN,5,False,False
2025-06-21,North Carolina,3.0,9.0,2.0,2024-2025,False,NC,4,True,False
2025-06-21,Oklahoma,1.0,6.0,1.0,2024-2025,False,OK,6,False,False
2025-06-21,Arizona,0.0,2.0,0.0,2024-2025,False,AZ,9,False,False
2025-06-21,Missouri,7.0,16.0,7.0,2024-2025,False,MO,7,False,False
2025-06-21,Connecticut,0.0,1.0,0.0,2024-2025,False,CT,1,False,False
2025-06-21,Iowa,0.0,1.0,0.0,2024-2025,False,IA,7,False,False
2025-06-21,Ohio,4.0,8.0,4.0,2024-2025,False,OH,5,False,False
2025-06-21,Louisiana,1.0,3.0,1.0,2024-2025,False,LA,6,True,False
2025-06-21,Rhode Island,0.0,1.0,0.0,2024-2025,False,RI,1,False,False
2025-06-21,Idaho,0.0,0.0,0.0,2024-2025,False,ID,10,False,False
2025-06-21,Minnesota,3.0,4.0,3.0,2024-2025,False,MN,5,False,True
2025-06-21,Nebraska,1.0,2.0,1.0,2024-2025,False,NE,7,False,False
2025-06-21,Nevada,0.0,1.0,0.0,2024-2025,False,NV,9,False,False
2025-06-21,South Dakota,0.0,0.0,0.0,2024-2025,False,SD,8,False,False
2025-06-21,Wyoming,0.0,0.0,0.0,2024-2025,False,WY,8,False,False
2025-06-21,Kansas,0.0,3.0,0.0,2024-2025,False,KS,7,False,False
2025-06-21,New Hampshire,0.0,0.0,0.0,2024-2025,False,NH,1,False,False
2025-06-21,West Virginia,6.0,13.0,4.0,2024-2025,False,WV,3,False,False
2025-06-21,New York,5.0,12.0,4.0,2024-2025,False,NY,2,False,True
2025-06-21,South Carolina,3.0,6.0,3.0,2024-2025,False,SC,4,True,False
2025-06-21,Texas,11.0,24.0,9.0,2024-2025,False,TX,6,False,False
2025-06-21,Illinois,2.0,6.0,2.0,2024-2025,False,IL,5,False,False
2025-06-21,Massachusetts,0.0,7.0,0.0,2024-2025,False,MA,1,False,False
2025-06-21,Georgia,1.0,6.0,1.0,2024-2025,False,GA,4,True,False
2025-06-21,Utah,1.0,2.0,1.0,2024-2025,False,UT,8,False,False
2025-06-21,Vermont,0.0,1.0,0.0,2024-2025,False,VT,1,False,False
2025-06-21,Hawaii,0.0,1.0,0.0,2024-2025,False,HI,9,False,False
2025-06-21,Maryland,6.0,8.0,6.0,2024-2025,False,MD,3,False,False
2025-06-21,Mississippi,0.0,1.0,0.0,2024-2025,False,MS,4,True,False
2025-06-21,Colorado,0.0,0.0,0.0,2024-2025,False,CO,8,False,False
2025-06-21,New Jersey,5.0,10.0,5.0,2024-2025,False,NJ,2,False,False
2025-06-21,Alaska,1.0,4.0,0.0,2024-2025,False,AK,10,False,False
2025-06-21,Kentucky,4.0,8.0,4.0,2024-2025,False,KY,4,False,False
2025-06-28,California,3.0,6.0,3.0,2024-2025,False,CA,9,False,False
2025-06-28,Delaware,0.0,1.0,0.0,2024-2025,False,DE,3,False,False
2025-06-28,Florida,26.0,53.0,25.0,2024-2025,False,FL,4,False,False
2025-06-28,Montana,0.0,0.0,0.0,2024-2025,False,MT,8,False,False
2025-06-28,New Mexico,0.0,0.0,0.0,2024-2025,False,NM,6,False,False
2025-06-28,Virginia,1.0,5.0,1.0,2024-2025,False,VA,3,False,False
2025-06-28,Washington,0.0,0.0,0.0,2024-2025,False,WA,10,False,False
2025-06-28,Tennessee,2.0,5.0,2.0,2024-2025,False,TN,4,True,False
2025-06-28,District of Columbia,0.0,0.0,0.0,2024-2025,False,DC,3,False,False
2025-06-28,North Dakota,0.0,0.0,0.0,2024-2025,False,ND,8,False,False
2025-06-28,Arkansas,1.0,4.0,1.0,2024-2025,False,AR,6,True,False
2025-06-28,Maine,0.0,0.0,0.0,2024-2025,False,ME,1,False,False
2025-06-28,Michigan,3.0,3.0,3.0,2024-2025,False,MI,5,False,False
2025-06-28,Oregon,1.0,1.0,1.0,2024-2025,False,OR,10,False,False
2025-06-28,Pennsylvania,1.0,41.0,0.0,2024-2025,False,PA,3,False,False
2025-06-28,Alabama,5.0,6.0,5.0,2024-2025,False,AL,4,True,False
2025-06-28,Wisconsin,0.0,2.0,0.0,2024-2025,False,WI,5,False,False
2025-06-28,Indiana,0.0,2.0,0.0,2024-2025,False,IN,5,False,False
2025-06-28,North Carolina,3.0,11.0,3.0,2024-2025,False,NC,4,True,False
2025-06-28,Oklahoma,0.0,4.0,0.0,2024-2025,False,OK,6,False,False
2025-06-28,Arizona,0.0,0.0,0.0,2024-2025,False,AZ,9,False,False
2025-06-28,Missouri,8.0,18.0,8.0,2024-2025,False,MO,7,False,False
2025-06-28,Connecticut,0.0,2.0,0.0,2024-2025,False,CT,1,False,False
2025-06-28,Iowa,2.0,3.0,1.0,2024-2025,False,IA,7,False,False
2025-06-28,Ohio,1.0,4.0,1.0,2024-2025,False,OH,5,False,False
2025-06-28,Louisiana,3.0,4.0,3.0,2024-2025,False,LA,6,True,False
2025-06-28,Rhode Island,0.0,0.0,0.0,2024-2025,False,RI,1,False,False
2025-06-28,Idaho,0.0,0.0,0.0,2024-2025,False,ID,10,False,False
2025-06-28,Minnesota,1.0,3.0,1.0,2024-2025,False,MN,5,False,True
2025-06-28,Nebraska,1.0,1.0,1.0,2024-2025,False,NE,7,False,False
2025-06-28,Nevada,0.0,0.0,0.0,2024-2025,False,NV,9,False,False
2025-06-28,South Dakota,0.0,0.0,0.0,2024-2025,False,SD,8,False,False
2025-06-28,Wyoming,0.0,0.0,0.0,2024-2025,False,WY,8,False,False
2025-06-28,Kansas,0.0,2.0,0.0,2024-2025,False,KS,7,False,False
2025-06-28,New Hampshire,0.0,1.0,0.0,2024-2025,False,NH,1,False,False
2025-06-28,West Virginia,1.0,6.0,1.0,2024-2025,False,WV,3,False,False
2025-06-28,New York,7.0,13.0,7.0,2024-2025,False,NY,2,False,True
2025-06-28,South Carolina,1.0,3.0,1.0,2024-2025,False,SC,4,True,False
2025-06-28,Texas,11.0,15.0,11.0,2024-2025,False,TX,6,False,False
2025-06-28,Illinois,0.0,5.0,0.0,2024-2025,False,IL,5,False,False
2025-06-28,Massachusetts,0.0,7.0,0.0,2024-2025,False,MA,1,False,False
2025-06-28,Georgia,6.0,6.0,6.0,2024-2025,False,GA,4,True,False
2025-06-28,Utah,0.0,0.0,0.0,2024-2025,False,UT,8,False,False
2025-06-28,Vermont,0.0,0.0,0.0,2024-2025,False,VT,1,False,False
2025-06-28,Hawaii,3.0,4.0,3.0,2024-2025,False,HI,9,False,False
2025-06-28,Maryland,1.0,3.0,1.0,2024-2025,False,MD,3,False,False
2025-06-28,Mississippi,0.0,1.0,0.0,2024-2025,False,MS,4,True,False
2025-06-28,Colorado,0.0,0.0,0.0,2024-2025,False,CO,8,False,False
2025-06-28,New Jersey,0.0,7.0,0.0,2024-2025,False,NJ,2,False,False
2025-06-28,Alaska,0.0,2.0,0.0,2024-2025,False,AK,10,False,False
2025-06-28,Kentucky,2.0,10.0,2.0,2024-2025,False,KY,4,False,False
2025-07-05,California,5.0,12.0,4.0,2025-2026,False,CA,9,False,False
2025-07-05,Delaware,0.0,0.0,0.0,2025-2026,False,DE,3,False,False
2025-07-05,Florida,31.0,65.0,30.0,2025-2026,False,FL,4,False,False
2025-07-05,Montana,0.0,1.0,0.0,2025-2026,False,MT,8,False,False
2025-07-05,New Mexico,0.0,0.0,0.0,2025-2026,False,NM,6,False,False
2025-07-05,Virginia,0.0,1.0,0.0,2025-2026,False,VA,3,False,False
2025-07-05,Washington,0.0,1.0,0.0,2025-2026,False,WA,10,False,False
2025-07-05,Tennessee,0.0,5.0,0.0,2025-2026,False,TN,4,True,False
2025-07-05,District of Columbia,0.0,0.0,0.0,2025-2026,False,DC,3,False,False
2025-07-05,North Dakota,0.0,0.0,0.0,2025-2026,False,ND,8,False,False
2025-07-05,Arkansas,1.0,2.0,1.0,2025-2026,False,AR,6,True,False
2025-07-05,Maine,0.0,0.0,0.0,2025-2026,False,ME,1,False,False
2025-07-05,Michigan,4.0,5.0,4.0,2025-2026,False,MI,5,False,False
2025-07-05,Oregon,0.0,0.0,0.0,2025-2026,False,OR,10,False,False
2025-07-05,Pennsylvania,0.0,22.0,0.0,2025-2026,False,PA,3,False,False
2025-07-05,Alabama,1.0,3.0,1.0,2025-2026,False,AL,4,True,False
2025-07-05,Wisconsin,1.0,5.0,1.0,2025-2026,False,WI,5,False,False
2025-07-05,Indiana,0.0,1.0,0.0,2025-2026,False,IN,5,False,False
2025-07-05,North Carolina,3.0,14.0,3.0,2025-2026,False,NC,4,True,False
2025-07-05,Oklahoma,0.0,1.0,0.0,2025-2026,False,OK,6,False,False
2025-07-05,Arizona,0.0,1.0,0.0,2025-2026,False,AZ,9,False,False
2025-07-05,Missouri,1.0,2.0,1.0,2025-2026,False,MO,7,False,False
2025-07-05,Connecticut,0.0,2.0,0.0,2025-2026,False,CT,1,False,False
2025-07-05,Iowa,0.0,1.0,0.0,2025-2026,False,IA,7,False,False
2025-07-05,Ohio,1.0,4.0,1.0,2025-2026,False,OH,5,False,False
2025-07-05,Louisiana,2.0,4.0,2.0,2025-2026,False,LA,6,True,False
2025-07-05,Rhode Island,0.0,0.0,0.0,2025-2026,False,RI,1,False,False
2025-07-05,Idaho,0.0,0.0,0.0,2025-2026,False,ID,10,False,False
2025-07-05,Minnesota,3.0,3.0,3.0,2025-2026,False,MN,5,False,True
2025-07-05,Nebraska,0.0,1.0,0.0,2025-2026,False,NE,7,False,False
2025-07-05,Nevada,0.0,0.0,0.0,2025-2026,False,NV,9,False,False
2025-07-05,South Dakota,0.0,0.0,0.0,2025-2026,False,SD,8,False,False
2025-07-05,Wyoming,0.0,0.0,0.0,2025-2026,False,WY,8,False,False
2025-07-05,Kansas,0.0,0.0,0.0,2025-2026,False,KS,7,False,False
2025-07-05,New Hampshire,0.0,0.0,0.0,2025-2026,False,NH,1,False,False
2025-07-05,West Virginia,0.0,1.0,0.0,2025-2026,False,WV,3,False,False
2025-07-05,New York,10.0,16.0,10.0,2025-2026,False,NY,2,False,True
2025-07-05,South Carolina,3.0,3.0,3.0,2025-2026,False,SC,4,True,False
2025-07-05,Texas,12.0,19.0,10.0,2025-2026,False,TX,6,False,False
2025-07-05,Illinois,1.0,3.0,1.0,2025-2026,False,IL,5,False,False
2025-07-05,Massachusetts,3.0,14.0,1.0,2025-2026,False,MA,1,False,False
2025-07-05,Georgia,2.0,6.0,2.0,2025-2026,False,GA,4,True,False
2025-07-05,Utah,1.0,1.0,1.0,2025-2026,False,UT,8,False,False
2025-07-05,Vermont,0.0,0.0,0.0,2025-2026,False,VT,1,False,False
2025-07-05,Hawaii,1.0,1.0,1.0,2025-2026,False,HI,9,False,False
2025-07-05,Maryland,1.0,5.0,1.0,2025-2026,False,MD,3,False,False
2025-07-05,Mississippi,0.0,0.0,0.0,2025-2026,False,MS,4,True,False
2025-07-05,Colorado,1.0,2.0,1.0,2025-2026,False,CO,8,False,False
2025-07-05,New Jersey,0.0,3.0,0.0,2025-2026,False,NJ,2,False,False
2025-07-05,Alaska,0.0,0.0,0.0,2025-2026,False,AK,10,False,False
2025-07-05,Kentucky,1.0,3.0,1.0,2025-2026,False,KY,4,False,False
2025-07-12,California,3.0,10.0,3.0,2025-2026,False,CA,9,False,False
2025-07-12,Delaware,0.0,0.0,0.0,2025-2026,False,DE,3,False,False
2025-07-12,Florida,37.0,77.0,36.0,2025-2026,False,FL,4,False,False
2025-07-12,Montana,0.0,0.0,0.0,2025-2026,False,MT,8,False,False
2025-07-12,New Mexico,0.0,1.0,0.0,2025-2026,False,NM,6,False,False
2025-07-12,Virginia,1.0,3.0,1.0,2025-2026,False,VA,3,False,False
2025-07-12,Washington,1.0,1.0,1.0,2025-2026,False,WA,10,False,False
2025-07-12,Tennessee,0.0,1.0,0.0,2025-2026,False,TN,4,True,False
2025-07-12,District of Columbia,0.0,0.0,0.0,2025-2026,False,DC,3,False,False
2025-07-12,North Dakota,1.0,1.0,1.0,2025-2026,False,ND,8,False,False
2025-07-12,Arkansas,0.0,0.0,0.0,2025-2026,False,AR,6,True,False
2025-07-12,Maine,0.0,0.0,0.0,2025-2026,False,ME,1,False,False
2025-07-12,Michigan,0.0,2.0,0.0,2025-2026,False,MI,5,False,False
2025-07-12,Oregon,0.0,0.0,0.0,2025-2026,False,OR,10,False,False
2025-07-12,Pennsylvania,1.0,38.0,1.0,2025-2026,False,PA,3,False,False
2025-07-12,Alabama,4.0,7.0,4.0,2025-2026,False,AL,4,True,False
2025-07-12,Wisconsin,1.0,1.0,1.0,2025-2026,False,WI,5,False,False
2025-07-12,Indiana,1.0,1.0,0.0,2025-2026,False,IN,5,False,False
2025-07-12,North Carolina,4.0,8.0,4.0,2025-2026,False,NC,4,True,False
2025-07-12,Oklahoma,0.0,0.0,0.0,2025-2026,False,OK,6,False,False
2025-07-12,Arizona,0.0,1.0,0.0,2025-2026,False,AZ,9,False,False
2025-07-12,Missouri,0.0,1.0,0.0,2025-2026,False,MO,7,False,False
2025-07-12,Connecticut,0.0,1.0,0.0,2025-2026,False,CT,1,False,False
2025-07-12,Iowa,0.0,1.0,0.0,2025-2026,False,IA,7,False,False
2025-07-12,Ohio,4.0,7.0,4.0,2025-2026,False,OH,5,False,False
2025-07-12,Louisiana,2.0,5.0,2.0,2025-2026,False,LA,6,True,False
2025-07-12,Rhode Island,0.0,0.0,0.0,2025-2026,False,RI,1,False,False
2025-07-12,Idaho,0.0,0.0,0.0,2025-2026,False,ID,10,False,False
2025-07-12,Minnesota,1.0,1.0,1.0,2025-2026,False,MN,5,False,True
2025-07-12,Nebraska,0.0,0.0,0.0,2025-2026,False,NE,7,False,False
2025-07-12,Nevada,0.0,0.0,0.0,2025-2026,False,NV,9,False,False
2025-07-12,South Dakota,0.0,0.0,0.0,2025-2026,False,SD,8,False,False
2025-07-12,Wyoming,0.0,0.0,0.0,2025-2026,False,WY,8,False,False
2025-07-12,Kansas,0.0,1.0,0.0,2025-2026,False,KS,7,False,False
2025-07-12,New Hampshire,0.0,0.0,0.0,2025-2026,False,NH,1,False,False
2025-07-12,West Virginia,0.0,4.0,0.0,2025-2026,False,WV,3,False,False
2025-07-12,New York,9.0,14.0,8.0,2025-2026,False,NY,2,False,True
2025-07-12,South Carolina,0.0,2.0,0.0,2025-2026,False,SC,4,True,False
2025-07-12,Texas,9.0,16.0,9.0,2025-2026,False,TX,6,False,False
2025-07-12,Illinois,0.0,2.0,0.0,2025-2026,False,IL,5,False,False
2025-07-12,Massachusetts,3.0,9.0,3.0,2025-2026,False,MA,1,False,False
2025-07-12,Georgia,3.0,5.0,3.0,2025-2026,False,GA,4,True,False
2025-07-12,Utah,2.0,2.0,2.0,2025-2026,False,UT,8,False,False
2025-07-12,Vermont,0.0,0.0,0.0,2025-2026,False,VT,1,False,False
2025-07-12,Hawaii,4.0,5.0,4.0,2025-2026,False,HI,9,False,False
2025-07-12,Maryland,0.0,0.0,0.0,2025-2026,False,MD,3,False,False
2025-07-12,Mississippi,1.0,2.0,1.0,2025-2026,False,MS,4,True,False
2025-07-12,Colorado,1.0,1.0,0.0,2025-2026,False,CO,8,False,False
2025-07-12,New Jersey,6.0,10.0,5.0,2025-2026,False,NJ,2,False,False
2025-07-12,Alaska,0.0,0.0,0.0,2025-2026,False,AK,10,False,False
2025-07-12,Kentucky,0.0,2.0,0.0,2025-2026,False,KY,4,False,False
2025-07-19,California,2.0,4.0,1.0,2025-2026,False,CA,9,False,False
2025-07-19,Delaware,0.0,0.0,0.0,2025-2026,False,DE,3,False,False
2025-07-19,Florida,29.0,81.0,28.0,2025-2026,False,FL,4,False,False
2025-07-19,Montana,0.0,0.0,0.0,2025-2026,False,MT,8,False,False
2025-07-19,New Mexico,1.0,1.0,1.0,2025-2026,False,NM,6,False,False
2025-07-19,Virginia,1.0,2.0,1.0,2025-2026,False,VA,3,False,False
2025-07-19,Washington,0.0,0.0,0.0,2025-2026,False,WA,10,False,False
2025-07-19,Tennessee,0.0,1.0,0.0,2025-2026,False,TN,4,True,False
2025-07-19,District of Columbia,0.0,0.0,0.0,2025-2026,False,DC,3,False,False
2025-07-19,North Dakota,0.0,0.0,0.0,2025-2026,False,ND,8,False,False
2025-07-19,Arkansas,0.0,0.0,0.0,2025-2026,False,AR,6,True,False
2025-07-19,Maine,0.0,0.0,0.0,2025-2026,False,ME,1,False,False
2025-07-19,Michigan,1.0,1.0,1.0,2025-2026,False,MI,5,False,False
2025-07-19,Oregon,0.0,0.0,0.0,2025-2026,False,OR,10,False,False
2025-07-19,Pennsylvania,4.0,38.0,4.0,2025-2026,False,PA,3,False,False
2025-07-19,Alabama,6.0,8.0,6.0,2025-2026,False,AL,4,True,False
2025-07-19,Wisconsin,1.0,1.0,1.0,2025-2026,False,WI,5,False,False
2025-07-19,Indiana,0.0,0.0,0.0,2025-2026,False,IN,5,False,False
2025-07-19,North Carolina,3.0,7.0,3.0,2025-2026,False,NC,4,True,False
2025-07-19,Oklahoma,1.0,11.0,1.0,2025-2026,False,OK,6,False,False
2025-07-19,Arizona,0.0,0.0,0.0,2025-2026,False,AZ,9,False,False
2025-07-19,Missouri,2.0,3.0,2.0,2025-2026,False,MO,7,False,False
2025-07-19,Connecticut,0.0,1.0,0.0,2025-2026,False,CT,1,False,False
2025-07-19,Iowa,0.0,1.0,0.0,2025-2026,False,IA,7,False,False
2025-07-19,Ohio,8.0,10.0,8.0,2025-2026,False,OH,5,False,False
2025-07-19,Louisiana,2.0,3.0,2.0,2025-2026,False,LA,6,True,False
2025-07-19,Rhode Island,0.0,0.0,0.0,2025-2026,False,RI,1,False,False
2025-07-19,Idaho,0.0,0.0,0.0,2025-2026,False,ID,10,False,False
2025-07-19,Minnesota,1.0,3.0,1.0,2025-2026,False,MN,5,False,True
2025-07-19,Nebraska,1.0,2.0,1.0,2025-2026,False,NE,7,False,False
2025-07-19,Nevada,0.0,0.0,0.0,2025-2026,False,NV,9,False,False
2025-07-19,South Dakota,0.0,0.0,0.0,2025-2026,False,SD,8,False,False
2025-07-19,Wyoming,0.0,0.0,0.0,2025-2026,False,WY,8,False,False
2025-07-19,Kansas,0.0,0.0,0.0,2025-2026,False,KS,7,False,False
2025-07-19,New Hampshire,0.0,0.0,0.0,2025-2026,False,NH,1,False,False
2025-07-19,West Virginia,3.0,3.0,3.0,2025-2026,False,WV,3,False,False
2025-07-19,New York,7.0,14.0,7.0,2025-2026,False,NY,2,False,True
2025-07-19,South Carolina,0.0,0.0,0.0,2025-2026,False,SC,4,True,False
2025-07-19,Texas,5.0,10.0,4.0,2025-2026,False,TX,6,False,False
2025-07-19,Illinois,0.0,2.0,0.0,2025-2026,False,IL,5,False,False
2025-07-19,Massachusetts,2.0,5.0,1.0,2025-2026,False,MA,1,False,False
2025-07-19,Georgia,5.0,12.0,5.0,2025-2026,False,GA,4,True,False
2025-07-19,Utah,0.0,0.0,0.0,2025-2026,False,UT,8,False,False
2025-07-19,Vermont,0.0,1.0,0.0,2025-2026,False,VT,1,False,False
2025-07-19,Hawaii,0.0,2.0,0.0,2025-2026,False,HI,9,False,False
2025-07-19,Maryland,5.0,7.0,5.0,2025-2026,False,MD,3,False,False
2025-07-19,Mississippi,1.0,2.0,1.0,2025-2026,False,MS,4,True,False
2025-07-19,Colorado,0.0,2.0,0.0,2025-2026,False,CO,8,False,False
2025-07-19,New Jersey,3.0,6.0,3.0,2025-2026,False,NJ,2,False,False
2025-07-19,Alaska,0.0,0.0,0.0,2025-2026,False,AK,10,False,False
2025-07-19,Kentucky,3.0,4.0,2.0,2025-2026,False,KY,4,False,False
2025-07-26,California,2.0,20.0,2.0,2025-2026,False,CA,9,False,False
2025-07-26,Delaware,1.0,1.0,0.0,2025-2026,False,DE,3,False,False
2025-07-26,Florida,33.0,76.0,33.0,2025-2026,False,FL,4,False,False
2025-07-26,Montana,0.0,0.0,0.0,2025-2026,False,MT,8,False,False
2025-07-26,New Mexico,0.0,1.0,0.0,2025-2026,False,NM,6,False,False
2025-07-26,Virginia,1.0,2.0,1.0,2025-2026,False,VA,3,False,False
2025-07-26,Washington,0.0,0.0,0.0,2025-2026,False,WA,10,False,False
2025-07-26,Tennessee,2.0,2.0,2.0,2025-2026,False,TN,4,True,False
2025-07-26,District of Columbia,0.0,0.0,0.0,2025-2026,False,DC,3,False,False
2025-07-26,North Dakota,0.0,0.0,0.0,2025-2026,False,ND,8,False,False
2025-07-26,Arkansas,3.0,5.0,2.0,2025-2026,False,AR,6,True,False
2025-07-26,Maine,0.0,0.0,0.0,2025-2026,False,ME,1,False,False
2025-07-26,Michigan,0.0,0.0,0.0,2025-2026,False,MI,5,False,False
2025-07-26,Oregon,0.0,1.0,0.0,2025-2026,False,OR,10,False,False
2025-07-26,Pennsylvania,1.0,34.0,1.0,2025-2026,False,PA,3,False,False
2025-07-26,Alabama,2.0,2.0,2.0,2025-2026,False,AL,4,True,False
2025-07-26,Wisconsin,1.0,4.0,1.0,2025-2026,False,WI,5,False,False
2025-07-26,Indiana,0.0,0.0,0.0,2025-2026,False,IN,5,False,False
2025-07-26,North Carolina,2.0,8.0,2.0,2025-2026,False,NC,4,True,False
2025-07-26,Oklahoma,0.0,1.0,0.0,2025-2026,False,OK,6,False,False
2025-07-26,Arizona,1.0,1.0,1.0,2025-2026,False,AZ,9,False,False
2025-07-26,Missouri,1.0,2.0,1.0,2025-2026,False,MO,7,False,False
2025-07-26,Connecticut,0.0,1.0,0.0,2025-2026,False,CT,1,False,False
2025-07-26,Iowa,0.0,1.0,0.0,2025-2026,False,IA,7,False,False
2025-07-26,Ohio,2.0,4.0,2.0,2025-2026,False,OH,5,False,False
2025-07-26,Louisiana,3.0,5.0,3.0,2025-2026,False,LA,6,True,False
2025-07-26,Rhode Island,0.0,1.0,0.0,2025-2026,False,RI,1,False,False
2025-07-26,Idaho,0.0,0.0,0.0,2025-2026,False,ID,10,False,False
2025-07-26,Minnesota,5.0,5.0,5.0,2025-2026,False,MN,5,False,True
2025-07-26,Nebraska,0.0,0.0,0.0,2025-2026,False,NE,7,False,False
2025-07-26,Nevada,0.0,0.0,0.0,2025-2026,False,NV,9,False,False
2025-07-26,South Dakota,0.0,0.0,0.0,2025-2026,False,SD,8,False,False
2025-07-26,Wyoming,0.0,0.0,0.0,2025-2026,False,WY,8,False,False
2025-07-26,Kansas,1.0,1.0,1.0,2025-2026,False,KS,7,False,False
2025-07-26,New Hampshire,0.0,0.0,0.0,2025-2026,False,NH,1,False,False
2025-07-26,West Virginia,0.0,1.0,0.0,2025-2026,False,WV,3,False,False
2025-07-26,New York,9.0,16.0,9.0,2025-2026,False,NY,2,False,True
2025-07-26,South Carolina,2.0,2.0,2.0,2025-2026,False,SC,4,True,False
2025-07-26,Texas,12.0,18.0,11.0,2025-2026,False,TX,6,False,False
2025-07-26,Illinois,1.0,3.0,0.0,2025-2026,False,IL,5,False,False
2025-07-26,Massachusetts,2.0,10.0,2.0,2025-2026,False,MA,1,False,False
2025-07-26,Georgia,3.0,4.0,3.0,2025-2026,False,GA,4,True,False
2025-07-26,Utah,0.0,0.0,0.0,2025-2026,False,UT,8,False,False
2025-07-26,Vermont,0.0,0.0,0.0,2025-2026,False,VT,1,False,False
2025-07-26,Hawaii,0.0,2.0,0.0,2025-2026,False,HI,9,False,False
2025-07-26,Maryland,3.0,12.0,1.0,2025-2026,False,MD,3,False,False
2025-07-26,Mississippi,0.0,1.0,0.0,2025-2026,False,MS,4,True,False
2025-07-26,Colorado,1.0,3.0,1.0,2025-2026,False,CO,8,False,False
2025-07-26,New Jersey,2.0,4.0,2.0,2025-2026,False,NJ,2,False,False
2025-07-26,Alaska,1.0,1.0,1.0,2025-2026,False,AK,10,False,False
2025-07-26,Kentucky,1.0,3.0,1.0,2025-2026,False,KY,4,False,False
2025-08-02,California,4.0,10.0,4.0,2025-2026,False,CA,9,False,False
2025-08-02,Delaware,0.0,0.0,0.0,2025-2026,False,DE,3,False,False
2025-08-02,Florida,22.0,59.0,21.0,2025-2026,False,FL,4,False,False
2025-08-02,Montana,0.0,0.0,0.0,2025-2026,False,MT,8,False,False
2025-08-02,New Mexico,0.0,2.0,0.0,2025-2026,False,NM,6,False,False
2025-08-02,Virginia,0.0,0.0,0.0,2025-2026,False,VA,3,False,False
2025-08-02,Washington,1.0,2.0,1.0,2025-2026,False,WA,10,False,False
2025-08-02,Tennessee,2.0,2.0,2.0,2025-2026,False,TN,4,True,False
2025-08-02,District of Columbia,0.0,0.0,0.0,2025-2026,False,DC,3,False,False
2025-08-02,North Dakota,0.0,0.0,0.0,2025-2026,False,ND,8,False,False
2025-08-02,Arkansas,1.0,1.0,1.0,2025-2026,False,AR,6,True,False
2025-08-02,Maine,0.0,0.0,0.0,2025-2026,False,ME,1,False,False
2025-08-02,Michigan,0.0,0.0,0.0,2025-2026,False,MI,5,False,False
2025-08-02,Oregon,0.0,1.0,0.0,2025-2026,False,OR,10,False,False
2025-08-02,Pennsylvania,7.0,52.0,6.0,2025-2026,False,PA,3,False,False
2025-08-02,Alabama,1.0,2.0,1.0,2025-2026,False,AL,4,True,False
2025-08-02,Wisconsin,0.0,1.0,0.0,2025-2026,False,WI,5,False,False
2025-08-02,Indiana,3.0,4.0,2.0,2025-2026,False,IN,5,False,False
2025-08-02,North Carolina,3.0,9.0,3.0,2025-2026,False,NC,4,True,False
2025-08-02,Oklahoma,2.0,2.0,2.0,2025-2026,False,OK,6,False,False
2025-08-02,Arizona,0.0,10.0,0.0,2025-2026,False,AZ,9,False,False
2025-08-02,Missouri,0.0,1.0,0.0,2025-2026,False,MO,7,False,False
2025-08-02,Connecticut,0.0,1.0,0.0,2025-2026,False,CT,1,False,False
2025-08-02,Iowa,0.0,0.0,0.0,2025-2026,False,IA,7,False,False
2025-08-02,Ohio,4.0,6.0,4.0,2025-2026,False,OH,5,False,False
2025-08-02,Louisiana,5.0,6.0,4.0,2025-2026,False,LA,6,True,False
2025-08-02,Rhode Island,0.0,3.0,0.0,2025-2026,False,RI,1,False,False
2025-08-02,Idaho,0.0,0.0,0.0,2025-2026,False,ID,10,False,False
2025-08-02,Minnesota,1.0,1.0,1.0,2025-2026,False,MN,5,False,True
2025-08-02,Nebraska,0.0,1.0,0.0,2025-2026,False,NE,7,False,False
2025-08-02,Nevada,0.0,0.0,0.0,2025-2026,False,NV,9,False,False
2025-08-02,South Dakota,1.0,1.0,1.0,2025-2026,False,SD,8,False,False
2025-08-02,Wyoming,0.0,0.0,0.0,2025-2026,False,WY,8,False,False
2025-08-02,Kansas,0.0,0.0,0.0,2025-2026,False,KS,7,False,False
2025-08-02,New Hampshire,0.0,0.0,0.0,2025-2026,False,NH,1,False,False
2025-08-02,West Virginia,1.0,4.0,1.0,2025-2026,False,WV,3,False,False
2025-08-02,New York,9.0,10.0,8.0,2025-2026,False,NY,2,False,True
2025-08-02,South Carolina,1.0,1.0,1.0,2025-2026,False,SC,4,True,False
2025-08-02,Texas,13.0,17.0,12.0,2025-2026,False,TX,6,False,False
2025-08-02,Illinois,0.0,2.0,0.0,2025-2026,False,IL,5,False,False
2025-08-02,Massachusetts,0.0,4.0,0.0,2025-2026,False,MA,1,False,False
2025-08-02,Georgia,4.0,5.0,4.0,2025-2026,False,GA,4,True,False
2025-08-02,Utah,0.0,0.0,0.0,2025-2026,False,UT,8,False,False
2025-08-02,Vermont,0.0,0.0,0.0,2025-2026,False,VT,1,False,False
2025-08-02,Hawaii,1.0,3.0,1.0,2025-2026,False,HI,9,False,False
2025-08-02,Maryland,2.0,3.0,2.0,2025-2026,False,MD,3,False,False
2025-08-02,Mississippi,1.0,2.0,1.0,2025-2026,False,MS,4,True,False
2025-08-02,Colorado,0.0,1.0,0.0,2025-2026,False,CO,8,False,False
2025-08-02,New Jersey,2.0,4.0,2.0,2025-2026,False,NJ,2,False,False
2025-08-02,Alaska,0.0,0.0,0.0,2025-2026,False,AK,10,False,False
2025-08-02,Kentucky,0.0,1.0,0.0,2025-2026,False,KY,4,False,False
2025-08-09,California,5.0,10.0,5.0,2025-2026,False,CA,9,False,False
2025-08-09,Delaware,0.0,0.0,0.0,2025-2026,False,DE,3,False,False
2025-08-09,Florida,24.0,46.0,24.0,2025-2026,False,FL,4,False,False
2025-08-09,Montana,0.0,0.0,0.0,2025-2026,False,MT,8,False,False
2025-08-09,New Mexico,0.0,2.0,0.0,2025-2026,False,NM,6,False,False
2025-08-09,Virginia,0.0,4.0,0.0,2025-2026,False,VA,3,False,False
2025-08-09,Washington,0.0,0.0,0.0,2025-2026,False,WA,10,False,False
2025-08-09,Tennessee,1.0,2.0,1.0,2025-2026,False,TN,4,True,False
2025-08-09,District of Columbia,0.0,0.0,0.0,2025-2026,False,DC,3,False,False
2025-08-09,North Dakota,1.0,1.0,1.0,2025-2026,False,ND,8,False,False
2025-08-09,Arkansas,0.0,0.0,0.0,2025-2026,False,AR,6,True,False
2025-08-09,Maine,0.0,0.0,0.0,2025-2026,False,ME,1,False,False
2025-08-09,Michigan,0.0,0.0,0.0,2025-2026,False,MI,5,False,False
2025-08-09,Oregon,0.0,0.0,0.0,2025-2026,False,OR,10,False,False
2025-08-09,Pennsylvania,6.0,33.0,5.0,2025-2026,False,PA,3,False,False
2025-08-09,Alabama,1.0,1.0,1.0,2025-2026,False,AL,4,True,False
2025-08-09,Wisconsin,0.0,1.0,0.0,2025-2026,False,WI,5,False,False
2025-08-09,Indiana,1.0,1.0,1.0,2025-2026,False,IN,5,False,False
2025-08-09,North Carolina,5.0,8.0,5.0,2025-2026,False,NC,4,True,False
2025-08-09,Oklahoma,0.0,0.0,0.0,2025-2026,False,OK,6,False,False
2025-08-09,Arizona,1.0,2.0,1.0,2025-2026,False,AZ,9,False,False
2025-08-09,Missouri,0.0,0.0,0.0,2025-2026,False,MO,7,False,False
2025-08-09,Connecticut,0.0,1.0,0.0,2025-2026,False,CT,1,False,False
2025-08-09,Iowa,0.0,1.0,0.0,2025-2026,False,IA,7,False,False
2025-08-09,Ohio,2.0,4.0,2.0,2025-2026,False,OH,5,False,False
2025-08-09,Louisiana,5.0,9.0,5.0,2025-2026,False,LA,6,True,False
2025-08-09,Rhode Island,0.0,0.0,0.0,2025-2026,False,RI,1,False,False
2025-08-09,Idaho,0.0,0.0,0.0,2025-2026,False,ID,10,False,False
2025-08-09,Minnesota,3.0,3.0,2.0,2025-2026,False,MN,5,False,True
2025-08-09,Nebraska,1.0,2.0,1.0,2025-2026,False,NE,7,False,False
2025-08-09,Nevada,0.0,0.0,0.0,2025-2026,False,NV,9,False,False
2025-08-09,South Dakota,0.0,0.0,0.0,2025-2026,False,SD,8,False,False
2025-08-09,Wyoming,0.0,0.0,0.0,2025-2026,False,WY,8,False,False
2025-08-09,Kansas,0.0,0.0,0.0,2025-2026,False,KS,7,False,False
2025-08-09,New Hampshire,0.0,0.0,0.0,2025-2026,False,NH,1,False,False
2025-08-09,West Virginia,0.0,0.0,0.0,2025-2026,False,WV,3,False,False
2025-08-09,New York,11.0,17.0,11.0,2025-2026,False,NY,2,False,True
2025-08-09,South Carolina,0.0,0.0,0.0,2025-2026,False,SC,4,True,False
2025-08-09,Texas,5.0,11.0,5.0,2025-2026,False,TX,6,False,False
2025-08-09,Illinois,2.0,23.0,2.0,2025-2026,False,IL,5,False,False
2025-08-09,Massachusetts,0.0,1.0,0.0,2025-2026,False,MA,1,False,False
2025-08-09,Georgia,3.0,10.0,3.0,2025-2026,False,GA,4,True,False
2025-08-09,Utah,0.0,0.0,0.0,2025-2026,False,UT,8,False,False
2025-08-09,Vermont,0.0,0.0,0.0,2025-2026,False,VT,1,False,False
2025-08-09,Hawaii,1.0,2.0,1.0,2025-2026,False,HI,9,False,False
2025-08-09,Maryland,2.0,2.0,2.0,2025-2026,False,MD,3,False,False
2025-08-09,Mississippi,0.0,0.0,0.0,2025-2026,False,MS,4,True,False
2025-08-09,Colorado,1.0,2.0,0.0,2025-2026,False,CO,8,False,False
2025-08-09,New Jersey,1.0,5.0,1.0,2025-2026,False,NJ,2,False,False
2025-08-09,Alaska,0.0,0.0,0.0,2025-2026,False,AK,10,False,False
2025-08-09,Kentucky,1.0,2.0,1.0,2025-2026,False,KY,4,False,False
2025-08-16,California,3.0,10.0,2.0,2025-2026,False,CA,9,False,False
2025-08-16,Delaware,0.0,0.0,0.0,2025-2026,False,DE,3,False,False
2025-08-16,Florida,30.0,59.0,29.0,2025-2026,False,FL,4,False,False
2025-08-16,Montana,0.0,0.0,0.0,2025-2026,False,MT,8,False,False
2025-08-16,New Mexico,0.0,0.0,0.0,2025-2026,False,NM,6,False,False
2025-08-16,Virginia,0.0,1.0,0.0,2025-2026,False,VA,3,False,False
2025-08-16,Washington,0.0,2.0,0.0,2025-2026,False,WA,10,False,False
2025-08-16,Tennessee,2.0,3.0,2.0,2025-2026,False,TN,4,True,False
2025-08-16,District of Columbia,0.0,0.0,0.0,2025-2026,False,DC,3,False,False
2025-08-16,North Dakota,1.0,1.0,1.0,2025-2026,False,ND,8,False,False
2025-08-16,Arkansas,2.0,2.0,2.0,2025-2026,False,AR,6,True,False
2025-08-16,Maine,0.0,0.0,0.0,2025-2026,False,ME,1,False,False
2025-08-16,Michigan,2.0,2.0,1.0,2025-2026,False,MI,5,False,False
2025-08-16,Oregon,0.0,1.0,0.0,2025-2026,False,OR,10,False,False
2025-08-16,Pennsylvania,0.0,42.0,0.0,2025-2026,False,PA,3,False,False
2025-08-16,Alabama,2.0,3.0,2.0,2025-2026,False,AL,4,True,False
2025-08-16,Wisconsin,0.0,2.0,0.0,2025-2026,False,WI,5,False,False
2025-08-16,Indiana,1.0,1.0,1.0,2025-2026,False,IN,5,False,False
2025-08-16,North Carolina,0.0,4.0,0.0,2025-2026,False,NC,4,True,False
2025-08-16,Oklahoma,2.0,2.0,2.0,2025-2026,False,OK,6,False,False
2025-08-16,Arizona,0.0,0.0,0.0,2025-2026,False,AZ,9,False,False
2025-08-16,Missouri,3.0,3.0,3.0,2025-2026,False,MO,7,False,False
2025-08-16,Connecticut,1.0,1.0,1.0,2025-2026,False,CT,1,False,False
2025-08-16,Iowa,0.0,0.0,0.0,2025-2026,False,IA,7,False,False
2025-08-16,Ohio,1.0,2.0,1.0,2025-2026,False,OH,5,False,False
2025-08-16,Louisiana,0.0,3.0,0.0,2025-2026,False,LA,6,True,False
2025-08-16,Rhode Island,0.0,0.0,0.0,2025-2026,False,RI,1,False,False
2025-08-16,Idaho,0.0,0.0,0.0,2025-2026,False,ID,10,False,False
2025-08-16,Minnesota,5.0,5.0,5.0,2025-2026,False,MN,5,False,True
2025-08-16,Nebraska,3.0,3.0,3.0,2025-2026,False,NE,7,False,False
2025-08-16,Nevada,1.0,1.0,1.0,2025-2026,False,NV,9,False,False
2025-08-16,South Dakota,0.0,0.0,0.0,2025-2026,False,SD,8,False,False
2025-08-16,Wyoming,0.0,0.0,0.0,2025-2026,False,WY,8,False,False
2025-08-16,Kansas,0.0,0.0,0.0,2025-2026,False,KS,7,False,False
2025-08-16,New Hampshire,0.0,0.0,0.0,2025-2026,False,NH,1,False,False
2025-08-16,West Virginia,0.0,2.0,0.0,2025-2026,False,WV,3,False,False
2025-08-16,New York,7.0,12.0,7.0,2025-2026,False,NY,2,False,True
2025-08-16,South Carolina,2.0,7.0,1.0,2025-2026,False,SC,4,True,False
2025-08-16,Texas,10.0,15.0,7.0,2025-2026,False,TX,6,False,False
2025-08-16,Illinois,0.0,1.0,0.0,2025-2026,False,IL,5,False,False
2025-08-16,Massachusetts,1.0,11.0,1.0,2025-2026,False,MA,1,False,False
2025-08-16,Georgia,10.0,24.0,9.0,2025-2026,False,GA,4,True,False
2025-08-16,Utah,0.0,0.0,0.0,2025-2026,False,UT,8,False,False
2025-08-16,Vermont,0.0,0.0,0.0,2025-2026,False,VT,1,False,False
2025-08-16,Hawaii,0.0,2.0,0.0,2025-2026,False,HI,9,False,False
2025-08-16,Maryland,0.0,0.0,0.0,2025-2026,False,MD,3,False,False
2025-08-16,Mississippi,0.0,0.0,0.0,2025-2026,False,MS,4,True,False
2025-08-16,Colorado,1.0,1.0,1.0,2025-2026,False,CO,8,False,False
2025-08-16,New Jersey,3.0,7.0,3.0,2025-2026,False,NJ,2,False,False
2025-08-16,Alaska,1.0,1.0,1.0,2025-2026,False,AK,10,False,False
2025-08-16,Kentucky,2.0,2.0,2.0,2025-2026,False,KY,4,False,False
2025-08-23,California,4.0,12.0,4.0,2025-2026,False,CA,9,False,False
2025-08-23,Delaware,0.0,0.0,0.0,2025-2026,False,DE,3,False,False
2025-08-23,Florida,34.0,71.0,30.0,2025-2026,False,FL,4,False,False
2025-08-23,Montana,0.0,0.0,0.0,2025-2026,False,MT,8,False,False
2025-08-23,New Mexico,0.0,0.0,0.0,2025-2026,False,NM,6,False,False
2025-08-23,Virginia,1.0,4.0,1.0,2025-2026,False,VA,3,False,False
2025-08-23,Washington,0.0,0.0,0.0,2025-2026,False,WA,10,False,False
2025-08-23,Tennessee,0.0,0.0,0.0,2025-2026,False,TN,4,True,False
2025-08-23,District of Columbia,0.0,0.0,0.0,2025-2026,False,DC,3,False,False
2025-08-23,North Dakota,0.0,0.0,0.0,2025-2026,False,ND,8,False,False
2025-08-23,Arkansas,1.0,1.0,1.0,2025-2026,False,AR,6,True,False
2025-08-23,Maine,0.0,1.0,0.0,2025-2026,False,ME,1,False,False
2025-08-23,Michigan,0.0,1.0,0.0,2025-2026,False,MI,5,False,False
2025-08-23,Oregon,0.0,0.0,0.0,2025-2026,False,OR,10,False,False
2025-08-23,Pennsylvania,2.0,35.0,1.0,2025-2026,False,PA,3,False,False
2025-08-23,Alabama,1.0,3.0,1.0,2025-2026,False,AL,4,True,False
2025-08-23,Wisconsin,0.0,3.0,0.0,2025-2026,False,WI,5,False,False
2025-08-23,Indiana,1.0,2.0,1.0,2025-2026,False,IN,5,False,False
2025-08-23,North Carolina,1.0,3.0,1.0,2025-2026,False,NC,4,True,False
2025-08-23,Oklahoma,0.0,0.0,0.0,2025-2026,False,OK,6,False,False
2025-08-23,Arizona,1.0,2.0,1.0,2025-2026,False,AZ,9,False,False
2025-08-23,Missouri,0.0,1.0,0.0,2025-2026,False,MO,7,False,False
2025-08-23,Connecticut,0.0,1.0,0.0,2025-2026,False,CT,1,False,False
2025-08-23,Iowa,2.0,2.0,2.0,2025-2026,False,IA,7,False,False
2025-08-23,Ohio,0.0,6.0,0.0,2025-2026,False,OH,5,False,False
2025-08-23,Louisiana,1.0,2.0,1.0,2025-2026,False,LA,6,True,False
2025-08-23,Rhode Island,0.0,1.0,0.0,2025-2026,False,RI,1,False,False
2025-08-23,Idaho,0.0,0.0,0.0,2025-2026,False,ID,10,False,False
2025-08-23,Minnesota,4.0,5.0,4.0,2025-2026,False,MN,5,False,True
2025-08-23,Nebraska,1.0,1.0,1.0,2025-2026,False,NE,7,False,False
2025-08-23,Nevada,0.0,0.0,0.0,2025-2026,False,NV,9,False,False
2025-08-23,South Dakota,0.0,0.0,0.0,2025-2026,False,SD,8,False,False
2025-08-23,Wyoming,0.0,0.0,0.0,2025-2026,False,WY,8,False,False
2025-08-23,Kansas,0.0,0.0,0.0,2025-2026,False,KS,7,False,False
2025-08-23,New Hampshire,0.0,0.0,0.0,2025-2026,False,NH,1,False,False
2025-08-23,West Virginia,1.0,1.0,1.0,2025-2026,False,WV,3,False,False
2025-08-23,New York,5.0,13.0,5.0,2025-2026,False,NY,2,False,True
2025-08-23,South Carolina,3.0,6.0,2.0,2025-2026,False,SC,4,True,False
2025-08-23,Texas,16.0,24.0,16.0,2025-2026,False,TX,6,False,False
2025-08-23,Illinois,2.0,5.0,2.0,2025-2026,False,IL,5,False,False
2025-08-23,Massachusetts,0.0,2.0,0.0,2025-2026,False,MA,1,False,False
2025-08-23,Georgia,7.0,14.0,7.0,2025-2026,False,GA,4,True,False
2025-08-23,Utah,0.0,0.0,0.0,2025-2026,False,UT,8,False,False
2025-08-23,Vermont,0.0,0.0,0.0,2025-2026,False,VT,1,False,False
2025-08-23,Hawaii,2.0,4.0,2.0,2025-2026,False,HI,9,False,False
2025-08-23,Maryland,2.0,2.0,2.0,2025-2026,False,MD,3,False,False
2025-08-23,Mississippi,0.0,0.0,0.0,2025-2026,False,MS,4,True,False
2025-08-23,Colorado,0.0,0.0,0.0,2025-2026,False,CO,8,False,False
2025-08-23,New Jersey,1.0,4.0,0.0,2025-2026,False,NJ,2,False,False
2025-08-23,Alaska,0.0,0.0,0.0,2025-2026,False,AK,10,False,False
2025-08-23,Kentucky,1.0,3.0,1.0,2025-2026,False,KY,4,False,False
2025-08-30,California,9.0,12.0,8.0,2025-2026,False,CA,9,False,False
2025-08-30,Delaware,0.0,0.0,0.0,2025-2026,False,DE,3,False,False
2025-08-30,Florida,56.0,93.0,48.0,2025-2026,False,FL,4,False,False
2025-08-30,Montana,0.0,0.0,0.0,2025-2026,False,MT,8,False,False
2025-08-30,New Mexico,0.0,0.0,0.0,2025-2026,False,NM,6,False,False
2025-08-30,Virginia,1.0,1.0,1.0,2025-2026,False,VA,3,False,False
2025-08-30,Washington,0.0,0.0,0.0,2025-2026,False,WA,10,False,False
2025-08-30,Tennessee,1.0,2.0,1.0,2025-2026,False,TN,4,True,False
2025-08-30,District of Columbia,0.0,0.0,0.0,2025-2026,False,DC,3,False,False
2025-08-30,North Dakota,0.0,0.0,0.0,2025-2026,False,ND,8,False,False
2025-08-30,Arkansas,1.0,1.0,1.0,2025-2026,False,AR,6,True,False
2025-08-30,Maine,0.0,0.0,0.0,2025-2026,False,ME,1,False,False
2025-08-30,Michigan,0.0,1.0,0.0,2025-2026,False,MI,5,False,False
2025-08-30,Oregon,0.0,0.0,0.0,2025-2026,False,OR,10,False,False
2025-08-30,Pennsylvania,9.0,32.0,9.0,2025-2026,False,PA,3,False,False
2025-08-30,Alabama,4.0,6.0,4.0,2025-2026,False,AL,4,True,False
2025-08-30,Wisconsin,0.0,2.0,0.0,2025-2026,False,WI,5,False,False
2025-08-30,Indiana,3.0,4.0,3.0,2025-2026,False,IN,5,False,False
2025-08-30,North Carolina,2.0,5.0,2.0,2025-2026,False,NC,4,True,False
2025-08-30,Oklahoma,0.0,0.0,0.0,2025-2026,False,OK,6,False,False
2025-08-30,Arizona,0.0,9.0,0.0,2025-2026,False,AZ,9,False,False
2025-08-30,Missouri,0.0,1.0,0.0,2025-2026,False,MO,7,False,False
2025-08-30,Connecticut,2.0,2.0,1.0,2025-2026,False,CT,1,False,False
2025-08-30,Iowa,1.0,1.0,1.0,2025-2026,False,IA,7,False,False
2025-08-30,Ohio,3.0,4.0,3.0,2025-2026,False,OH,5,False,False
2025-08-30,Louisiana,3.0,4.0,2.0,2025-2026,False,LA,6,True,False
2025-08-30,Rhode Island,0.0,0.0,0.0,2025-2026,False,RI,1,False,False
2025-08-30,Idaho,0.0,0.0,0.0,2025-2026,False,ID,10,False,False
2025-08-30,Minnesota,2.0,3.0,2.0,2025-2026,False,MN,5,False,True
2025-08-30,Nebraska,0.0,1.0,0.0,2025-2026,False,NE,7,False,False
2025-08-30,Nevada,0.0,0.0,0.0,2025-2026,False,NV,9,False,False
2025-08-30,South Dakota,0.0,0.0,0.0,2025-2026,False,SD,8,False,False
2025-08-30,Wyoming,0.0,0.0,0.0,2025-2026,False,WY,8,False,False
2025-08-30,Kansas,0.0,1.0,0.0,2025-2026,False,KS,7,False,False
2025-08-30,New Hampshire,0.0,1.0,0.0,2025-2026,False,NH,1,False,False
2025-08-30,West Virginia,0.0,1.0,0.0,2025-2026,False,WV,3,False,False
2025-08-30,New York,14.0,19.0,14.0,2025-2026,False,NY,2,False,True
2025-08-30,South Carolina,0.0,0.0,0.0,2025-2026,False,SC,4,True,False
2025-08-30,Texas,4.0,8.0,4.0,2025-2026,False,TX,6,False,False
2025-08-30,Illinois,0.0,3.0,0.0,2025-2026,False,IL,5,False,False
2025-08-30,Massachusetts,3.0,6.0,3.0,2025-2026,False,MA,1,False,False
2025-08-30,Georgia,9.0,15.0,9.0,2025-2026,False,GA,4,True,False
2025-08-30,Utah,0.0,0.0,0.0,2025-2026,False,UT,8,False,False
2025-08-30,Vermont,0.0,0.0,0.0,2025-2026,False,VT,1,False,False
2025-08-30,Hawaii,0.0,2.0,0.0,2025-2026,False,HI,9,False,False
2025-08-30,Maryland,0.0,0.0,0.0,2025-2026,False,MD,3,False,False
2025-08-30,Mississippi,0.0,0.0,0.0,2025-2026,False,MS,4,True,False
2025-08-30,Colorado,0.0,0.0,0.0,2025-2026,False,CO,8,False,False
2025-08-30,New Jersey,2.0,5.0,2.0,2025-2026,False,NJ,2,False,False
2025-08-30,Alaska,0.0,0.0,0.0,2025-2026,False,AK,10,False,False
2025-08-30,Kentucky,1.0,1.0,1.0,2025-2026,False,KY,4,False,False
2025-09-06,California,2.0,10.0,2.0,2025-2026,False,CA,9,False,False
2025-09-06,Delaware,0.0,1.0,0.0,2025-2026,False,DE,3,False,False
2025-09-06,Florida,43.0,83.0,43.0,2025-2026,False,FL,4,False,False
2025-09-06,Montana,0.0,33.0,0.0,2025-2026,False,MT,8,False,False
2025-09-06,New Mexico,0.0,1.0,0.0,2025-2026,False,NM,6,False,False
2025-09-06,Virginia,0.0,4.0,0.0,2025-2026,False,VA,3,False,False
2025-09-06,Washington,0.0,0.0,0.0,2025-2026,False,WA,10,False,False
2025-09-06,Tennessee,3.0,3.0,3.0,2025-2026,False,TN,4,True,False
2025-09-06,District of Columbia,0.0,0.0,0.0,2025-2026,False,DC,3,False,False
2025-09-06,North Dakota,0.0,0.0,0.0,2025-2026,False,ND,8,False,False
2025-09-06,Arkansas,2.0,2.0,2.0,2025-2026,False,AR,6,True,False
2025-09-06,Maine,1.0,2.0,1.0,2025-2026,False,ME,1,False,False
2025-09-06,Michigan,0.0,1.0,0.0,2025-2026,False,MI,5,False,False
2025-09-06,Oregon,0.0,1.0,0.0,2025-2026,False,OR,10,False,False
2025-09-06,Pennsylvania,3.0,36.0,3.0,2025-2026,False,PA,3,False,False
2025-09-06,Alabama,5.0,7.0,5.0,2025-2026,False,AL,4,True,False
2025-09-06,Wisconsin,1.0,6.0,1.0,2025-2026,False,WI,5,False,False
2025-09-06,Indiana,1.0,6.0,0.0,2025-2026,False,IN,5,False,False
2025-09-06,North Carolina,4.0,4.0,4.0,2025-2026,False,NC,4,True,False
2025-09-06,Oklahoma,0.0,1.0,0.0,2025-2026,False,OK,6,False,False
2025-09-06,Arizona,1.0,1.0,1.0,2025-2026,False,AZ,9,False,False
2025-09-06,Missouri,0.0,0.0,0.0,2025-2026,False,MO,7,False,False
2025-09-06,Connecticut,0.0,2.0,0.0,2025-2026,False,CT,1,False,False
2025-09-06,Iowa,3.0,3.0,3.0,2025-2026,False,IA,7,False,False
2025-09-06,Ohio,1.0,3.0,1.0,2025-2026,False,OH,5,False,False
2025-09-06,Louisiana,1.0,2.0,1.0,2025-2026,False,LA,6,True,False
2025-09-06,Rhode Island,0.0,0.0,0.0,2025-2026,False,RI,1,False,False
2025-09-06,Idaho,0.0,0.0,0.0,2025-2026,False,ID,10,False,False
2025-09-06,Minnesota,1.0,5.0,1.0,2025-2026,False,MN,5,False,True
2025-09-06,Nebraska,0.0,0.0,0.0,2025-2026,False,NE,7,False,False
2025-09-06,Nevada,0.0,0.0,0.0,2025-2026,False,NV,9,False,False
2025-09-06,South Dakota,0.0,0.0,0.0,2025-2026,False,SD,8,False,False
2025-09-06,Wyoming,0.0,0.0,0.0,2025-2026,False,WY,8,False,False
2025-09-06,Kansas,1.0,2.0,0.0,2025-2026,False,KS,7,False,False
2025-09-06,New Hampshire,0.0,0.0,0.0,2025-2026,False,NH,1,False,False
2025-09-06,West Virginia,0.0,0.0,0.0,2025-2026,False,WV,3,False,False
2025-09-06,New York,15.0,27.0,14.0,2025-2026,False,NY,2,False,True
2025-09-06,South Carolina,0.0,0.0,0.0,2025-2026,False,SC,4,True,False
2025-09-06,Texas,18.0,19.0,17.0,2025-2026,False,TX,6,False,False
2025-09-06,Illinois,5.0,8.0,4.0,2025-2026,False,IL,5,False,False
2025-09-06,Massachusetts,5.0,7.0,5.0,2025-2026,False,MA,1,False,False
2025-09-06,Georgia,6.0,13.0,5.0,2025-2026,False,GA,4,True,False
2025-09-06,Utah,0.0,0.0,0.0,2025-2026,False,UT,8,False,False
2025-09-06,Vermont,0.0,0.0,0.0,2025-2026,False,VT,1,False,False
2025-09-06,Hawaii,2.0,4.0,2.0,2025-2026,False,HI,9,False,False
2025-09-06,Maryland,0.0,3.0,0.0,2025-2026,False,MD,3,False,False
2025-09-06,Mississippi,0.0,0.0,0.0,2025-2026,False,MS,4,True,False
2025-09-06,Colorado,1.0,1.0,1.0,2025-2026,False,CO,8,False,False
2025-09-06,New Jersey,6.0,12.0,5.0,2025-2026,False,NJ,2,False,False
2025-09-06,Alaska,0.0,0.0,0.0,2025-2026,False,AK,10,False,False
2025-09-06,Kentucky,2.0,3.0,2.0,2025-2026,False,KY,4,False,False
2025-09-13,California,4.0,20.0,3.0,2025-2026,False,CA,9,False,False
2025-09-13,Delaware,1.0,1.0,1.0,2025-2026,False,DE,3,False,False
2025-09-13,Florida,49.0,101.0,44.0,2025-2026,False,FL,4,False,False
2025-09-13,Montana,0.0,0.0,0.0,2025-2026,False,MT,8,False,False
2025-09-13,New Mexico,0.0,0.0,0.0,2025-2026,False,NM,6,False,False
2025-09-13,Virginia,3.0,6.0,2.0,2025-2026,False,VA,3,False,False
2025-09-13,Washington,1.0,1.0,1.0,2025-2026,False,WA,10,False,False
2025-09-13,Tennessee,2.0,2.0,1.0,2025-2026,False,TN,4,True,False
2025-09-13,District of Columbia,0.0,0.0,0.0,2025-2026,False,DC,3,False,False
2025-09-13,North Dakota,0.0,0.0,0.0,2025-2026,False,ND,8,False,False
2025-09-13,Arkansas,2.0,2.0,2.0,2025-2026,False,AR,6,True,False
2025-09-13,Maine,1.0,1.0,1.0,2025-2026,False,ME,1,False,False
2025-09-13,Michigan,0.0,1.0,0.0,2025-2026,False,MI,5,False,False
2025-09-13,Oregon,0.0,0.0,0.0,2025-2026,False,OR,10,False,False
2025-09-13,Pennsylvania,3.0,41.0,3.0,2025-2026,False,PA,3,False,False
2025-09-13,Alabama,5.0,7.0,5.0,2025-2026,False,AL,4,True,False
2025-09-13,Wisconsin,0.0,0.0,0.0,2025-2026,False,WI,5,False,False
2025-09-13,Indiana,4.0,6.0,4.0,2025-2026,False,IN,5,False,False
2025-09-13,North Carolina,4.0,10.0,3.0,2025-2026,False,NC,4,True,False
2025-09-13,Oklahoma,0.0,1.0,0.0,2025-2026,False,OK,6,False,False
2025-09-13,Arizona,1.0,1.0,1.0,2025-2026,False,AZ,9,False,False
2025-09-13,Missouri,0.0,0.0,0.0,2025-2026,False,MO,7,False,False
2025-09-13,Connecticut,0.0,3.0,0.0,2025-2026,False,CT,1,False,False
2025-09-13,Iowa,0.0,0.0,0.0,2025-2026,False,IA,7,False,False
2025-09-13,Ohio,2.0,5.0,2.0,2025-2026,False,OH,5,False,False
2025-09-13,Louisiana,1.0,2.0,1.0,2025-2026,False,LA,6,True,False
2025-09-13,Rhode Island,0.0,0.0,0.0,2025-2026,False,RI,1,False,False
2025-09-13,Idaho,0.0,0.0,0.0,2025-2026,False,ID,10,False,False
2025-09-13,Minnesota,2.0,3.0,2.0,2025-2026,False,MN,5,False,True
2025-09-13,Nebraska,1.0,3.0,1.0,2025-2026,False,NE,7,False,False
2025-09-13,Nevada,1.0,1.0,1.0,2025-2026,False,NV,9,False,False
2025-09-13,South Dakota,0.0,0.0,0.0,2025-2026,False,SD,8,False,False
2025-09-13,Wyoming,0.0,0.0,0.0,2025-2026,False,WY,8,False,False
2025-09-13,Kansas,1.0,1.0,1.0,2025-2026,False,KS,7,False,False
2025-09-13,New Hampshire,0.0,0.0,0.0,2025-2026,False,NH,1,False,False
2025-09-13,West Virginia,2.0,2.0,2.0,2025-2026,False,WV,3,False,False
2025-09-13,New York,21.0,31.0,21.0,2025-2026,False,NY,2,False,True
2025-09-13,South Carolina,0.0,2.0,0.0,2025-2026,False,SC,4,True,False
2025-09-13,Texas,19.0,28.0,17.0,2025-2026,False,TX,6,False,False
2025-09-13,Illinois,1.0,3.0,1.0,2025-2026,False,IL,5,False,False
2025-09-13,Massachusetts,6.0,6.0,6.0,2025-2026,False,MA,1,False,False
2025-09-13,Georgia,14.0,22.0,11.0,2025-2026,False,GA,4,True,False
2025-09-13,Utah,0.0,0.0,0.0,2025-2026,False,UT,8,False,False
2025-09-13,Vermont,0.0,0.0,0.0,2025-2026,False,VT,1,False,False
2025-09-13,Hawaii,1.0,3.0,1.0,2025-2026,False,HI,9,False,False
2025-09-13,Maryland,2.0,3.0,2.0,2025-2026,False,MD,3,False,False
2025-09-13,Mississippi,0.0,2.0,0.0,2025-2026,False,MS,4,True,False
2025-09-13,Colorado,0.0,0.0,0.0,2025-2026,False,CO,8,False,False
2025-09-13,New Jersey,5.0,13.0,5.0,2025-2026,False,NJ,2,False,False
2025-09-13,Alaska,0.0,2.0,0.0,2025-2026,False,AK,10,False,False
2025-09-13,Kentucky,1.0,2.0,1.0,2025-2026,False,KY,4,False,False
2025-09-20,California,8.0,21.0,8.0,2025-2026,False,CA,9,False,False
2025-09-20,Delaware,1.0,1.0,1.0,2025-2026,False,DE,3,False,False
2025-09-20,Florida,65.0,121.0,61.0,2025-2026,False,FL,4,False,False
2025-09-20,Montana,0.0,0.0,0.0,2025-2026,False,MT,8,False,False
2025-09-20,New Mexico,0.0,0.0,0.0,2025-2026,False,NM,6,False,False
2025-09-20,Virginia,3.0,3.0,3.0,2025-2026,False,VA,3,False,False
2025-09-20,Washington,1.0,1.0,1.0,2025-2026,False,WA,10,False,False
2025-09-20,Tennessee,0.0,0.0,0.0,2025-2026,False,TN,4,True,False
2025-09-20,District of Columbia,1.0,2.0,1.0,2025-2026,False,DC,3,False,False
2025-09-20,North Dakota,0.0,0.0,0.0,2025-2026,False,ND,8,False,False
2025-09-20,Arkansas,3.0,4.0,3.0,2025-2026,False,AR,6,True,False
2025-09-20,Maine,0.0,0.0,0.0,2025-2026,False,ME,1,False,False
2025-09-20,Michigan,0.0,2.0,0.0,2025-2026,False,MI,5,False,False
2025-09-20,Oregon,1.0,1.0,1.0,2025-2026,False,OR,10,False,False
2025-09-20,Pennsylvania,5.0,33.0,3.0,2025-2026,False,PA,3,False,False
2025-09-20,Alabama,7.0,9.0,7.0,2025-2026,False,AL,4,True,False
2025-09-20,Wisconsin,1.0,5.0,1.0,2025-2026,False,WI,5,False,False
2025-09-20,Indiana,2.0,2.0,2.0,2025-2026,False,IN,5,False,False
2025-09-20,North Carolina,0.0,6.0,0.0,2025-2026,False,NC,4,True,False
2025-09-20,Oklahoma,0.0,0.0,0.0,2025-2026,False,OK,6,False,False
2025-09-20,Arizona,1.0,1.0,1.0,2025-2026,False,AZ,9,False,False
2025-09-20,Missouri,1.0,1.0,1.0,2025-2026,False,MO,7,False,False
2025-09-20,Connecticut,0.0,0.0,0.0,2025-2026,False,CT,1,False,False
2025-09-20,Iowa,0.0,1.0,0.0,2025-2026,False,IA,7,False,False
2025-09-20,Ohio,2.0,2.0,2.0,2025-2026,False,OH,5,False,False
2025-09-20,Louisiana,4.0,4.0,4.0,2025-2026,False,LA,6,True,False
2025-09-20,Rhode Island,1.0,3.0,1.0,2025-2026,False,RI,1,False,False
2025-09-20,Idaho,0.0,1.0,0.0,2025-2026,False,ID,10,False,False
2025-09-20,Minnesota,2.0,3.0,2.0,2025-2026,False,MN,5,False,True
2025-09-20,Nebraska,0.0,1.0,0.0,2025-2026,False,NE,7,False,False
2025-09-20,Nevada,0.0,0.0,0.0,2025-2026,False,NV,9,False,False
2025-09-20,South Dakota,0.0,0.0,0.0,2025-2026,False,SD,8,False,False
2025-09-20,Wyoming,0.0,0.0,0.0,2025-2026,False,WY,8,False,False
2025-09-20,Kansas,2.0,2.0,2.0,2025-2026,False,KS,7,False,False
2025-09-20,New Hampshire,0.0,0.0,0.0,2025-2026,False,NH,1,False,False
2025-09-20,West Virginia,0.0,0.0,0.0,2025-2026,False,WV,3,False,False
2025-09-20,New York,22.0,30.0,22.0,2025-2026,False,NY,2,False,True
2025-09-20,South Carolina,3.0,4.0,2.0,2025-2026,False,SC,4,True,False
2025-09-20,Texas,26.0,30.0,24.0,2025-2026,False,TX,6,False,False
2025-09-20,Illinois,0.0,2.0,0.0,2025-2026,False,IL,5,False,False
2025-09-20,Massachusetts,4.0,11.0,3.0,2025-2026,False,MA,1,False,False
2025-09-20,Georgia,11.0,17.0,10.0,2025-2026,False,GA,4,True,False
2025-09-20,Utah,0.0,0.0,0.0,2025-2026,False,UT,8,False,False
2025-09-20,Vermont,0.0,0.0,0.0,2025-2026,False,VT,1,False,False
2025-09-20,Hawaii,3.0,6.0,3.0,2025-2026,False,HI,9,False,False
2025-09-20,Maryland,2.0,2.0,2.0,2025-2026,False,MD,3,False,False
2025-09-20,Mississippi,0.0,0.0,0.0,2025-2026,False,MS,4,True,False
2025-09-20,Colorado,0.0,0.0,0.0,2025-2026,False,CO,8,False,False
2025-09-20,New Jersey,3.0,8.0,3.0,2025-2026,False,NJ,2,False,False
2025-09-20,Alaska,0.0,0.0,0.0,2025-2026,False,AK,10,False,False
2025-09-20,Kentucky,2.0,2.0,2.0,2025-2026,False,KY,4,False,False
2025-09-27,California,4.0,9.0,4.0,2025-2026,False,CA,9,False,False
2025-09-27,Delaware,1.0,1.0,1.0,2025-2026,False,DE,3,False,False
2025-09-27,Florida,94.0,154.0,87.0,2025-2026,False,FL,4,False,False
2025-09-27,Montana,0.0,0.0,0.0,2025-2026,False,MT,8,False,False
2025-09-27,New Mexico,0.0,0.0,0.0,2025-2026,False,NM,6,False,False
2025-09-27,Virginia,5.0,16.0,4.0,2025-2026,False,VA,3,False,False
2025-09-27,Washington,4.0,4.0,4.0,2025-2026,False,WA,10,False,False
2025-09-27,Tennessee,2.0,4.0,2.0,2025-2026,False,TN,4,True,False
2025-09-27,District of Columbia,0.0,0.0,0.0,2025-2026,False,DC,3,False,False
2025-09-27,North Dakota,0.0,0.0,0.0,2025-2026,False,ND,8,False,False
2025-09-27,Arkansas,3.0,4.0,3.0,2025-2026,False,AR,6,True,False
2025-09-27,Maine,0.0,0.0,0.0,2025-2026,False,ME,1,False,False
2025-09-27,Michigan,1.0,2.0,1.0,2025-2026,False,MI,5,False,False
2025-09-27,Oregon,0.0,1.0,0.0,2025-2026,False,OR,10,False,False
2025-09-27,Pennsylvania,8.0,35.0,6.0,2025-2026,False,PA,3,False,False
2025-09-27,Alabama,11.0,14.0,10.0,2025-2026,False,AL,4,True,False
2025-09-27,Wisconsin,0.0,8.0,0.0,2025-2026,False,WI,5,False,False
2025-09-27,Indiana,2.0,2.0,1.0,2025-2026,False,IN,5,False,False
2025-09-27,North Carolina,2.0,4.0,2.0,2025-2026,False,NC,4,True,False
2025-09-27,Oklahoma,0.0,1.0,0.0,2025-2026,False,OK,6,False,False
2025-09-27,Arizona,2.0,2.0,2.0,2025-2026,False,AZ,9,False,False
2025-09-27,Missouri,0.0,1.0,0.0,2025-2026,False,MO,7,False,False
2025-09-27,Connecticut,0.0,0.0,0.0,2025-2026,False,CT,1,False,False
2025-09-27,Iowa,0.0,1.0,0.0,2025-2026,False,IA,7,False,False
2025-09-27,Ohio,2.0,4.0,2.0,2025-2026,False,OH,5,False,False
2025-09-27,Louisiana,2.0,5.0,2.0,2025-2026,False,LA,6,True,False
2025-09-27,Rhode Island,0.0,2.0,0.0,2025-2026,False,RI,1,False,False
2025-09-27,Idaho,0.0,0.0,0.0,2025-2026,False,ID,10,False,False
2025-09-27,Minnesota,1.0,3.0,0.0,2025-2026,False,MN,5,False,True
2025-09-27,Nebraska,0.0,0.0,0.0,2025-2026,False,NE,7,False,False
2025-09-27,Nevada,0.0,0.0,0.0,2025-2026,False,NV,9,False,False
2025-09-27,South Dakota,0.0,0.0,0.0,2025-2026,False,SD,8,False,False
2025-09-27,Wyoming,0.0,0.0,0.0,2025-2026,False,WY,8,False,False
2025-09-27,Kansas,0.0,0.0,0.0,2025-2026,False,KS,7,False,False
2025-09-27,New Hampshire,0.0,0.0,0.0,2025-2026,False,NH,1,False,False
2025-09-27,West Virginia,0.0,1.0,0.0,2025-2026,False,WV,3,False,False
2025-09-27,New York,31.0,45.0,30.0,2025-2026,False,NY,2,False,True
2025-09-27,South Carolina,5.0,8.0,4.0,2025-2026,False,SC,4,True,False
2025-09-27,Texas,27.0,33.0,22.0,2025-2026,False,TX,6,False,False
2025-09-27,Illinois,3.0,6.0,3.0,2025-2026,False,IL,5,False,False
2025-09-27,Massachusetts,5.0,9.0,5.0,2025-2026,False,MA,1,False,False
2025-09-27,Georgia,14.0,23.0,11.0,2025-2026,False,GA,4,True,False
2025-09-27,Utah,0.0,0.0,0.0,2025-2026,False,UT,8,False,False
2025-09-27,Vermont,0.0,0.0,0.0,2025-2026,False,VT,1,False,False
2025-09-27,Hawaii,1.0,3.0,1.0,2025-2026,False,HI,9,False,False
2025-09-27,Maryland,8.0,8.0,8.0,2025-2026,False,MD,3,False,False
2025-09-27,Mississippi,0.0,1.0,0.0,2025-2026,False,MS,4,True,False
2025-09-27,Colorado,0.0,0.0,0.0,2025-2026,False,CO,8,False,False
2025-09-27,New Jersey,10.0,14.0,10.0,2025-2026,False,NJ,2,False,False
2025-09-27,Alaska,0.0,0.0,0.0,2025-2026,False,AK,10,False,False
2025-09-27,Kentucky,4.0,5.0,4.0,2025-2026,False,KY,4,False,False
2025-10-04,Kansas,0.0,1.0,0.0,2025-2026,True,KS,7,False,False
2025-10-04,Wisconsin,0.0,5.0,0.0,2025-2026,True,WI,5,False,False
2025-10-04,Vermont,0.0,0.0,0.0,2025-2026,True,VT,1,False,False
2025-10-04,Indiana,4.0,4.0,4.0,2025-2026,True,IN,5,False,False
2025-10-04,North Dakota,0.0,1.0,0.0,2025-2026,True,ND,8,False,False
2025-10-04,Oregon,0.0,1.0,0.0,2025-2026,True,OR,10,False,False
2025-10-04,Pennsylvania,22.0,51.0,21.0,2025-2026,True,PA,3,False,False
2025-10-04,Alaska,0.0,1.0,0.0,2025-2026,True,AK,10,False,False
2025-10-04,Louisiana,6.0,8.0,6.0,2025-2026,True,LA,6,True,False
2025-10-04,Massachusetts,13.0,24.0,11.0,2025-2026,True,MA,1,False,False
2025-10-04,North Carolina,5.0,8.0,5.0,2025-2026,True,NC,4,True,False
2025-10-04,South Dakota,0.0,0.0,0.0,2025-2026,True,SD,8,False,False
2025-10-04,Alabama,11.0,15.0,9.0,2025-2026,True,AL,4,True,False
2025-10-04,Tennessee,2.0,4.0,2.0,2025-2026,True,TN,4,True,False
2025-10-04,South Carolina,7.0,12.0,7.0,2025-2026,True,SC,4,True,False
2025-10-04,Arizona,3.0,13.0,2.0,2025-2026,True,AZ,9,False,False
2025-10-04,Michigan,0.0,2.0,0.0,2025-2026,True,MI,5,False,False
2025-10-04,Colorado,1.0,2.0,1.0,2025-2026,True,CO,8,False,False
2025-10-04,Illinois,3.0,6.0,3.0,2025-2026,True,IL,5,False,False
2025-10-04,New Hampshire,1.0,1.0,1.0,2025-2026,True,NH,1,False,False
2025-10-04,Rhode Island,0.0,1.0,0.0,2025-2026,True,RI,1,False,False
2025-10-04,California,7.0,18.0,7.0,2025-2026,True,CA,9,False,False
2025-10-04,Georgia,16.0,26.0,15.0,2025-2026,True,GA,4,True,False
2025-10-04,Nevada,1.0,1.0,1.0,2025-2026,True,NV,9,False,False
2025-10-04,New York,15.0,30.0,15.0,2025-2026,True,NY,2,False,True
2025-10-04,Ohio,3.0,4.0,3.0,2025-2026,True,OH,5,False,False
2025-10-04,New Mexico,0.0,0.0,0.0,2025-2026,True,NM,6,False,False
2025-10-04,Idaho,0.0,1.0,0.0,2025-2026,True,ID,10,False,False
2025-10-04,Missouri,1.0,1.0,1.0,2025-2026,True,MO,7,False,False
2025-10-04,Oklahoma,1.0,2.0,1.0,2025-2026,True,OK,6,False,False
2025-10-04,District of Columbia,0.0,0.0,0.0,2025-2026,True,DC,3,False,False
2025-10-04,Minnesota,1.0,2.0,1.0,2025-2026,True,MN,5,False,True
2025-10-04,Montana,0.0,1.0,0.0,2025-2026,True,MT,8,False,False
2025-10-04,Connecticut,0.0,2.0,0.0,2025-2026,True,CT,1,False,False
2025-10-04,Maine,1.0,1.0,1.0,2025-2026,True,ME,1,False,False
2025-10-04,Texas,32.0,42.0,31.0,2025-2026,True,TX,6,False,False
2025-10-04,Arkansas,3.0,6.0,3.0,2025-2026,True,AR,6,True,False
2025-10-04,Florida,116.0,180.0,106.0,2025-2026,True,FL,4,False,False
2025-10-04,West Virginia,0.0,1.0,0.0,2025-2026,True,WV,3,False,False
2025-10-04,Hawaii,2.0,5.0,1.0,2025-2026,True,HI,9,False,False
2025-10-04,Kentucky,1.0,4.0,1.0,2025-2026,True,KY,4,False,False
2025-10-04,Maryland,3.0,5.0,3.0,2025-2026,True,MD,3,False,False
2025-10-04,Nebraska,1.0,2.0,1.0,2025-2026,True,NE,7,False,False
2025-10-04,Washington,0.0,0.0,0.0,2025-2026,True,WA,10,False,False
2025-10-04,Utah,0.0,0.0,0.0,2025-2026,True,UT,8,False,False
2025-10-04,Delaware,2.0,2.0,2.0,2025-2026,True,DE,3,False,False
2025-10-04,Virginia,4.0,10.0,4.0,2025-2026,True,VA,3,False,False
2025-10-04,Wyoming,0.0,0.0,0.0,2025-2026,True,WY,8,False,False
2025-10-04,Iowa,0.0,1.0,0.0,2025-2026,True,IA,7,False,False
2025-10-04,Mississippi,3.0,3.0,3.0,2025-2026,True,MS,4,True,False
2025-10-04,New Jersey,15.0,19.0,15.0,2025-2026,True,NJ,2,False,False
2025-10-11,Kansas,0.0,1.0,0.0,2025-2026,True,KS,7,False,False
2025-10-11,Wisconsin,3.0,5.0,2.0,2025-2026,True,WI,5,False,False
2025-10-11,Vermont,0.0,0.0,0.0,2025-2026,True,VT,1,False,False
2025-10-11,Indiana,5.0,5.0,4.0,2025-2026,True,IN,5,False,False
2025-10-11,North Dakota,0.0,0.0,0.0,2025-2026,True,ND,8,False,False
2025-10-11,Oregon,0.0,1.0,0.0,2025-2026,True,OR,10,False,False
2025-10-11,Pennsylvania,10.0,41.0,8.0,2025-2026,True,PA,3,False,False
2025-10-11,Alaska,0.0,0.0,0.0,2025-2026,True,AK,10,False,False
2025-10-11,Louisiana,9.0,10.0,8.0,2025-2026,True,LA,6,True,False
2025-10-11,Massachusetts,9.0,16.0,8.0,2025-2026,True,MA,1,False,False
2025-10-11,North Carolina,4.0,9.0,4.0,2025-2026,True,NC,4,True,False
2025-10-11,South Dakota,0.0,0.0,0.0,2025-2026,True,SD,8,False,False
2025-10-11,Alabama,17.0,20.0,16.0,2025-2026,True,AL,4,True,False
2025-10-11,Tennessee,2.0,3.0,2.0,2025-2026,True,TN,4,True,False
2025-10-11,South Carolina,7.0,11.0,6.0,2025-2026,True,SC,4,True,False
2025-10-11,Arizona,1.0,2.0,1.0,2025-2026,True,AZ,9,False,False
2025-10-11,Michigan,3.0,4.0,3.0,2025-2026,True,MI,5,False,False
2025-10-11,Colorado,1.0,1.0,1.0,2025-2026,True,CO,8,False,False
2025-10-11,Illinois,1.0,4.0,1.0,2025-2026,True,IL,5,False,False
2025-10-11,New Hampshire,0.0,0.0,0.0,2025-2026,True,NH,1,False,False
2025-10-11,Rhode Island,0.0,4.0,0.0,2025-2026,True,RI,1,False,False
2025-10-11,California,9.0,21.0,8.0,2025-2026,True,CA,9,False,False
2025-10-11,Georgia,24.0,30.0,24.0,2025-2026,True,GA,4,True,False
2025-10-11,Nevada,1.0,1.0,1.0,2025-2026,True,NV,9,False,False
2025-10-11,New York,24.0,47.0,22.0,2025-2026,True,NY,2,False,True
2025-10-11,Ohio,2.0,8.0,2.0,2025-2026,True,OH,5,False,False
2025-10-11,New Mexico,0.0,0.0,0.0,2025-2026,True,NM,6,False,False
2025-10-11,Idaho,1.0,1.0,1.0,2025-2026,True,ID,10,False,False
2025-10-11,Missouri,5.0,9.0,5.0,2025-2026,True,MO,7,False,False
2025-10-11,Oklahoma,2.0,2.0,2.0,2025-2026,True,OK,6,False,False
2025-10-11,District of Columbia,0.0,1.0,0.0,2025-2026,True,DC,3,False,False
2025-10-11,Minnesota,4.0,6.0,4.0,2025-2026,True,MN,5,False,True
2025-10-11,Montana,0.0,0.0,0.0,2025-2026,True,MT,8,False,False
2025-10-11,Connecticut,0.0,0.0,0.0,2025-2026,True,CT,1,False,False
2025-10-11,Maine,0.0,1.0,0.0,2025-2026,True,ME,1,False,False
2025-10-11,Texas,37.0,45.0,32.0,2025-2026,True,TX,6,False,False
2025-10-11,Arkansas,8.0,8.0,7.0,2025-2026,True,AR,6,True,False
2025-10-11,Florida,136.0,215.0,116.0,2025-2026,True,FL,4,False,False
2025-10-11,West Virginia,0.0,0.0,0.0,2025-2026,True,WV,3,False,False
2025-10-11,Hawaii,5.0,6.0,4.0,2025-2026,True,HI,9,False,False
2025-10-11,Kentucky,1.0,1.0,1.0,2025-2026,True,KY,4,False,False
2025-10-11,Maryland,2.0,6.0,2.0,2025-2026,True,MD,3,False,False
2025-10-11,Nebraska,1.0,1.0,1.0,2025-2026,True,NE,7,False,False
2025-10-11,Washington,1.0,2.0,1.0,2025-2026,True,WA,10,False,False
2025-10-11,Utah,1.0,1.0,1.0,2025-2026,True,UT,8,False,False
2025-10-11,Delaware,1.0,1.0,1.0,2025-2026,True,DE,3,False,False
2025-10-11,Virginia,7.0,11.0,7.0,2025-2026,True,VA,3,False,False
2025-10-11,Wyoming,0.0,0.0,0.0,2025-2026,True,WY,8,False,False
2025-10-11,Iowa,0.0,0.0,0.0,2025-2026,True,IA,7,False,False
2025-10-11,Mississippi,3.0,4.0,3.0,2025-2026,True,MS,4,True,False
2025-10-11,New Jersey,8.0,13.0,8.0,2025-2026,True,NJ,2,False,False
2025-10-18,Kansas,0.0,0.0,0.0,2025-2026,True,KS,7,False,False
2025-10-18,Wisconsin,1.0,9.0,1.0,2025-2026,True,WI,5,False,False
2025-10-18,Vermont,0.0,1.0,0.0,2025-2026,True,VT,1,False,False
2025-10-18,Indiana,5.0,5.0,4.0,2025-2026,True,IN,5,False,False
2025-10-18,North Dakota,1.0,1.0,1.0,2025-2026,True,ND,8,False,False
2025-10-18,Oregon,2.0,4.0,1.0,2025-2026,True,OR,10,False,False
2025-10-18,Pennsylvania,11.0,48.0,8.0,2025-2026,True,PA,3,False,False
2025-10-18,Alaska,1.0,1.0,1.0,2025-2026,True,AK,10,False,False
2025-10-18,Louisiana,6.0,10.0,5.0,2025-2026,True,LA,6,True,False
2025-10-18,Massachusetts,10.0,12.0,9.0,2025-2026,True,MA,1,False,False
2025-10-18,North Carolina,1.0,4.0,1.0,2025-2026,True,NC,4,True,False
2025-10-18,South Dakota,0.0,0.0,0.0,2025-2026,True,SD,8,False,False
2025-10-18,Alabama,15.0,21.0,13.0,2025-2026,True,AL,4,True,False
2025-10-18,Tennessee,4.0,4.0,4.0,2025-2026,True,TN,4,True,False
2025-10-18,South Carolina,8.0,14.0,7.0,2025-2026,True,SC,4,True,False
2025-10-18,Arizona,2.0,3.0,2.0,2025-2026,True,AZ,9,False,False
2025-10-18,Michigan,3.0,6.0,3.0,2025-2026,True,MI,5,False,False
2025-10-18,Colorado,1.0,2.0,1.0,2025-2026,True,CO,8,False,False
2025-10-18,Illinois,6.0,12.0,5.0,2025-2026,True,IL,5,False,False
2025-10-18,New Hampshire,0.0,1.0,0.0,2025-2026,True,NH,1,False,False
2025-10-18,Rhode Island,1.0,3.0,1.0,2025-2026,True,RI,1,False,False
2025-10-18,California,12.0,26.0,10.0,2025-2026,True,CA,9,False,False
2025-10-18,Georgia,32.0,39.0,31.0,2025-2026,True,GA,4,True,False
2025-10-18,Nevada,1.0,2.0,1.0,2025-2026,True,NV,9,False,False
2025-10-18,New York,18.0,37.0,18.0,2025-2026,True,NY,2,False,True
2025-10-18,Ohio,2.0,11.0,2.0,2025-2026,True,OH,5,False,False
2025-10-18,New Mexico,1.0,1.0,1.0,2025-2026,True,NM,6,False,False
2025-10-18,Idaho,1.0,1.0,1.0,2025-2026,True,ID,10,False,False
2025-10-18,Missouri,2.0,2.0,2.0,2025-2026,True,MO,7,False,False
2025-10-18,Oklahoma,0.0,1.0,0.0,2025-2026,True,OK,6,False,False
2025-10-18,District of Columbia,0.0,1.0,0.0,2025-2026,True,DC,3,False,False
2025-10-18,Minnesota,8.0,9.0,8.0,2025-2026,True,MN,5,False,True
2025-10-18,Montana,2.0,2.0,2.0,2025-2026,True,MT,8,False,False
2025-10-18,Connecticut,0.0,0.0,0.0,2025-2026,True,CT,1,False,False
2025-10-18,Maine,0.0,0.0,0.0,2025-2026,True,ME,1,False,False
2025-10-18,Texas,76.0,84.0,74.0,2025-2026,True,TX,6,False,False
2025-10-18,Arkansas,5.0,6.0,5.0,2025-2026,True,AR,6,True,False
2025-10-18,Florida,149.0,249.0,139.0,2025-2026,True,FL,4,False,False
2025-10-18,West Virginia,2.0,3.0,2.0,2025-2026,True,WV,3,False,False
2025-10-18,Hawaii,2.0,3.0,2.0,2025-2026,True,HI,9,False,False
2025-10-18,Kentucky,4.0,4.0,3.0,2025-2026,True,KY,4,False,False
2025-10-18,Maryland,8.0,8.0,7.0,2025-2026,True,MD,3,False,False
2025-10-18,Nebraska,0.0,0.0,0.0,2025-2026,True,NE,7,False,False
2025-10-18,Washington,3.0,7.0,3.0,2025-2026,True,WA,10,False,False
2025-10-18,Utah,0.0,0.0,0.0,2025-2026,True,UT,8,False,False
2025-10-18,Delaware,2.0,3.0,2.0,2025-2026,True,DE,3,False,False
2025-10-18,Virginia,17.0,25.0,15.0,2025-2026,True,VA,3,False,False
2025-10-18,Wyoming,0.0,0.0,0.0,2025-2026,True,WY,8,False,False
2025-10-18,Iowa,1.0,1.0,1.0,2025-2026,True,IA,7,False,False
2025-10-18,Mississippi,0.0,0.0,0.0,2025-2026,True,MS,4,True,False
2025-10-18,New Jersey,6.0,15.0,6.0,2025-2026,True,NJ,2,False,False
2025-10-25,Kansas,1.0,1.0,1.0,2025-2026,True,KS,7,False,False
2025-10-25,Wisconsin,0.0,2.0,0.0,2025-2026,True,WI,5,False,False
2025-10-25,Vermont,0.0,0.0,0.0,2025-2026,True,VT,1,False,False
2025-10-25,Indiana,2.0,6.0,2.0,2025-2026,True,IN,5,False,False
2025-10-25,North Dakota,0.0,0.0,0.0,2025-2026,True,ND,8,False,False
2025-10-25,Oregon,0.0,0.0,0.0,2025-2026,True,OR,10,False,False
2025-10-25,Pennsylvania,18.0,55.0,16.0,2025-2026,True,PA,3,False,False
2025-10-25,Alaska,0.0,0.0,0.0,2025-2026,True,AK,10,False,False
2025-10-25,Louisiana,11.0,18.0,10.0,2025-2026,True,LA,6,True,False
2025-10-25,Massachusetts,21.0,22.0,18.0,2025-2026,True,MA,1,False,False
2025-10-25,North Carolina,12.0,17.0,6.0,2025-2026,True,NC,4,True,False
2025-10-25,South Dakota,0.0,0.0,0.0,2025-2026,True,SD,8,False,False
2025-10-25,Alabama,12.0,19.0,11.0,2025-2026,True,AL,4,True,False
2025-10-25,Tennessee,2.0,6.0,2.0,2025-2026,True,TN,4,True,False
2025-10-25,South Carolina,19.0,25.0,18.0,2025-2026,True,SC,4,True,False
2025-10-25,Arizona,1.0,2.0,1.0,2025-2026,True,AZ,9,False,False
2025-10-25,Michigan,4.0,7.0,4.0,2025-2026,True,MI,5,False,False
2025-10-25,Colorado,1.0,2.0,1.0,2025-2026,True,CO,8,False,False
2025-10-25,Illinois,2.0,7.0,2.0,2025-2026,True,IL,5,False,False
2025-10-25,New Hampshire,0.0,0.0,0.0,2025-2026,True,NH,1,False,False
2025-10-25,Rhode Island,3.0,5.0,2.0,2025-2026,True,RI,1,False,False
2025-10-25,California,12.0,22.0,11.0,2025-2026,True,CA,9,False,False
2025-10-25,Georgia,35.0,48.0,31.0,2025-2026,True,GA,4,True,False
2025-10-25,Nevada,1.0,4.0,1.0,2025-2026,True,NV,9,False,False
2025-10-25,New York,24.0,48.0,22.0,2025-2026,True,NY,2,False,True
2025-10-25,Ohio,6.0,8.0,6.0,2025-2026,True,OH,5,False,False
2025-10-25,New Mexico,0.0,0.0,0.0,2025-2026,True,NM,6,False,False
2025-10-25,Idaho,1.0,1.0,1.0,2025-2026,True,ID,10,False,False
2025-10-25,Missouri,2.0,4.0,1.0,2025-2026,True,MO,7,False,False
2025-10-25,Oklahoma,0.0,1.0,0.0,2025-2026,True,OK,6,False,False
2025-10-25,District of Columbia,0.0,0.0,0.0,2025-2026,True,DC,3,False,False
2025-10-25,Minnesota,7.0,10.0,7.0,2025-2026,True,MN,5,False,True
2025-10-25,Montana,0.0,0.0,0.0,2025-2026,True,MT,8,False,False
2025-10-25,Connecticut,0.0,2.0,0.0,2025-2026,True,CT,1,False,False
2025-10-25,Maine,0.0,0.0,0.0,2025-2026,True,ME,1,False,False
2025-10-25,Texas,73.0,91.0,69.0,2025-2026,True,TX,6,False,False
2025-10-25,Arkansas,9.0,13.0,8.0,2025-2026,True,AR,6,True,False
2025-10-25,Florida,163.0,277.0,147.0,2025-2026,True,FL,4,False,False
2025-10-25,West Virginia,1.0,3.0,1.0,2025-2026,True,WV,3,False,False
2025-10-25,Hawaii,6.0,7.0,6.0,2025-2026,True,HI,9,False,False
2025-10-25,Kentucky,3.0,4.0,3.0,2025-2026,True,KY,4,False,False
2025-10-25,Maryland,5.0,7.0,4.0,2025-2026,True,MD,3,False,False
2025-10-25,Nebraska,2.0,2.0,2.0,2025-2026,True,NE,7,False,False
2025-10-25,Washington,2.0,5.0,2.0,2025-2026,True,WA,10,False,False
2025-10-25,Utah,0.0,1.0,0.0,2025-2026,True,UT,8,False,False
2025-10-25,Delaware,2.0,4.0,2.0,2025-2026,True,DE,3,False,False
2025-10-25,Virginia,13.0,20.0,13.0,2025-2026,True,VA,3,False,False
2025-10-25,Wyoming,0.0,0.0,0.0,2025-2026,True,WY,8,False,False
2025-10-25,Iowa,3.0,4.0,3.0,2025-2026,True,IA,7,False,False
2025-10-25,Mississippi,0.0,0.0,0.0,2025-2026,True,MS,4,True,False
2025-10-25,New Jersey,14.0,22.0,14.0,2025-2026,True,NJ,2,False,False
2025-11-01,Kansas,4.0,8.0,2.0,2025-2026,True,KS,7,False,False
2025-11-01,Wisconsin,3.0,7.0,3.0,2025-2026,True,WI,5,False,False
2025-11-01,Vermont,0.0,0.0,0.0,2025-2026,True,VT,1,False,False
2025-11-01,Indiana,6.0,7.0,6.0,2025-2026,True,IN,5,False,False
2025-11-01,North Dakota,0.0,0.0,0.0,2025-2026,True,ND,8,False,False
2025-11-01,Oregon,0.0,0.0,0.0,2025-2026,True,OR,10,False,False
2025-11-01,Pennsylvania,14.0,48.0,13.0,2025-2026,True,PA,3,False,False
2025-11-01,Alaska,3.0,3.0,2.0,2025-2026,True,AK,10,False,False
2025-11-01,Louisiana,10.0,15.0,10.0,2025-2026,True,LA,6,True,False
2025-11-01,Massachusetts,22.0,32.0,19.0,2025-2026,True,MA,1,False,False
2025-11-01,North Carolina,11.0,24.0,10.0,2025-2026,True,NC,4,True,False
2025-11-01,South Dakota,0.0,0.0,0.0,2025-2026,True,SD,8,False,False
2025-11-01,Alabama,19.0,24.0,18.0,2025-2026,True,AL,4,True,False
2025-11-01,Tennessee,8.0,11.0,5.0,2025-2026,True,TN,4,True,False
2025-11-01,South Carolina,18.0,28.0,15.0,2025-2026,True,SC,4,True,False
2025-11-01,Arizona,0.0,1.0,0.0,2025-2026,True,AZ,9,False,False
2025-11-01,Michigan,8.0,14.0,6.0,2025-2026,True,MI,5,False,False
2025-11-01,Colorado,0.0,1.0,0.0,2025-2026,True,CO,8,False,False
2025-11-01,Illinois,6.0,14.0,6.0,2025-2026,True,IL,5,False,False
2025-11-01,New Hampshire,1.0,2.0,1.0,2025-2026,True,NH,1,False,False
2025-11-01,Rhode Island,1.0,5.0,1.0,2025-2026,True,RI,1,False,False
2025-11-01,California,18.0,43.0,17.0,2025-2026,True,CA,9,False,False
2025-11-01,Georgia,32.0,50.0,32.0,2025-2026,True,GA,4,True,False
2025-11-01,Nevada,2.0,2.0,2.0,2025-2026,True,NV,9,False,False
2025-11-01,New York,35.0,57.0,30.0,2025-2026,True,NY,2,False,True
2025-11-01,Ohio,10.0,13.0,8.0,2025-2026,True,OH,5,False,False
2025-11-01,New Mexico,0.0,0.0,0.0,2025-2026,True,NM,6,False,False
2025-11-01,Idaho,0.0,1.0,0.0,2025-2026,True,ID,10,False,False
2025-11-01,Missouri,2.0,3.0,2.0,2025-2026,True,MO,7,False,False
2025-11-01,Oklahoma,0.0,0.0,0.0,2025-2026,True,OK,6,False,False
2025-11-01,District of Columbia,0.0,0.0,0.0,2025-2026,True,DC,3,False,False
2025-11-01,Minnesota,5.0,13.0,5.0,2025-2026,True,MN,5,False,True
2025-11-01,Montana,0.0,0.0,0.0,2025-2026,True,MT,8,False,False
2025-11-01,Connecticut,1.0,5.0,1.0,2025-2026,True,CT,1,False,False
2025-11-01,Maine,0.0,0.0,0.0,2025-2026,True,ME,1,False,False
2025-11-01,Texas,92.0,113.0,83.0,2025-2026,True,TX,6,False,False
2025-11-01,Arkansas,6.0,6.0,4.0,2025-2026,True,AR,6,True,False
2025-11-01,Florida,215.0,349.0,189.0,2025-2026,True,FL,4,False,False
2025-11-01,West Virginia,0.0,1.0,0.0,2025-2026,True,WV,3,False,False
2025-11-01,Hawaii,5.0,7.0,5.0,2025-2026,True,HI,9,False,False
2025-11-01,Kentucky,5.0,5.0,5.0,2025-2026,True,KY,4,False,False
2025-11-01,Maryland,8.0,14.0,7.0,2025-2026,True,MD,3,False,False
2025-11-01,Nebraska,0.0,1.0,0.0,2025-2026,True,NE,7,False,False
2025-11-01,Washington,4.0,4.0,4.0,2025-2026,True,WA,10,False,False
2025-11-01,Utah,0.0,0.0,0.0,2025-2026,True,UT,8,False,False
2025-11-01,Delaware,3.0,4.0,3.0,2025-2026,True,DE,3,False,False
2025-11-01,Virginia,18.0,30.0,18.0,2025-2026,True,VA,3,False,False
2025-11-01,Wyoming,0.0,0.0,0.0,2025-2026,True,WY,8,False,False
2025-11-01,Iowa,2.0,3.0,2.0,2025-2026,True,IA,7,False,False
2025-11-01,Mississippi,2.0,2.0,2.0,2025-2026,True,MS,4,True,False
2025-11-01,New Jersey,25.0,32.0,24.0,2025-2026,True,NJ,2,False,False
2025-11-08,Kansas,2.0,3.0,2.0,2025-2026,True,KS,7,False,False
2025-11-08,Wisconsin,1.0,6.0,1.0,2025-2026,True,WI,5,False,False
2025-11-08,Vermont,0.0,0.0,0.0,2025-2026,True,VT,1,False,False
2025-11-08,Indiana,7.0,17.0,7.0,2025-2026,True,IN,5,False,False
2025-11-08,North Dakota,0.0,0.0,0.0,2025-2026,True,ND,8,False,False
2025-11-08,Oregon,2.0,2.0,2.0,2025-2026,True,OR,10,False,False
2025-11-08,Pennsylvania,10.0,39.0,7.0,2025-2026,True,PA,3,False,False
2025-11-08,Alaska,3.0,3.0,2.0,2025-2026,True,AK,10,False,False
2025-11-08,Louisiana,19.0,24.0,19.0,2025-2026,True,LA,6,True,False
2025-11-08,Massachusetts,19.0,24.0,19.0,2025-2026,True,MA,1,False,False
2025-11-08,North Carolina,21.0,37.0,18.0,2025-2026,True,NC,4,True,False
2025-11-08,South Dakota,1.0,1.0,1.0,2025-2026,True,SD,8,False,False
2025-11-08,Alabama,25.0,37.0,23.0,2025-2026,True,AL,4,True,False
2025-11-08,Tennessee,9.0,14.0,9.0,2025-2026,True,TN,4,True,False
2025-11-08,South Carolina,27.0,41.0,24.0,2025-2026,True,SC,4,True,False
2025-11-08,Arizona,1.0,6.0,1.0,2025-2026,True,AZ,9,False,False
2025-11-08,Michigan,8.0,10.0,7.0,2025-2026,True,MI,5,False,False
2025-11-08,Colorado,1.0,3.0,1.0,2025-2026,True,CO,8,False,False
2025-11-08,Illinois,7.0,16.0,7.0,2025-2026,True,IL,5,False,False
2025-11-08,New Hampshire,0.0,1.0,0.0,2025-2026,True,NH,1,False,False
2025-11-08,Rhode Island,3.0,5.0,2.0,2025-2026,True,RI,1,False,False
2025-11-08,California,18.0,38.0,16.0,2025-2026,True,CA,9,False,False
2025-11-08,Georgia,56.0,78.0,51.0,2025-2026,True,GA,4,True,False
2025-11-08,Nevada,1.0,3.0,0.0,2025-2026,True,NV,9,False,False
2025-11-08,New York,38.0,66.0,35.0,2025-2026,True,NY,2,False,True
2025-11-08,Ohio,19.0,27.0,17.0,2025-2026,True,OH,5,False,False
2025-11-08,New Mexico,0.0,0.0,0.0,2025-2026,True,NM,6,False,False
2025-11-08,Idaho,2.0,2.0,2.0,2025-2026,True,ID,10,False,False
2025-11-08,Missouri,4.0,4.0,4.0,2025-2026,True,MO,7,False,False
2025-11-08,Oklahoma,0.0,1.0,0.0,2025-2026,True,OK,6,False,False
2025-11-08,District of Columbia,0.0,1.0,0.0,2025-2026,True,DC,3,False,False
2025-11-08,Minnesota,6.0,10.0,5.0,2025-2026,True,MN,5,False,True
2025-11-08,Montana,0.0,0.0,0.0,2025-2026,True,MT,8,False,False
2025-11-08,Connecticut,1.0,4.0,1.0,2025-2026,True,CT,1,False,False
2025-11-08,Maine,0.0,1.0,0.0,2025-2026,True,ME,1,False,False
2025-11-08,Texas,156.0,185.0,142.0,2025-2026,True,TX,6,False,False
2025-11-08,Arkansas,15.0,21.0,13.0,2025-2026,True,AR,6,True,False
2025-11-08,Florida,179.0,321.0,151.0,2025-2026,True,FL,4,False,False
2025-11-08,West Virginia,5.0,5.0,5.0,2025-2026,True,WV,3,False,False
2025-11-08,Hawaii,0.0,2.0,0.0,2025-2026,True,HI,9,False,False
2025-11-08,Kentucky,5.0,12.0,5.0,2025-2026,True,KY,4,False,False
2025-11-08,Maryland,8.0,16.0,6.0,2025-2026,True,MD,3,False,False
2025-11-08,Nebraska,2.0,2.0,2.0,2025-2026,True,NE,7,False,False
2025-11-08,Washington,2.0,10.0,2.0,2025-2026,True,WA,10,False,False
2025-11-08,Utah,0.0,0.0,0.0,2025-2026,True,UT,8,False,False
2025-11-08,Delaware,2.0,4.0,2.0,2025-2026,True,DE,3,False,False
2025-11-08,Virginia,12.0,30.0,11.0,2025-2026,True,VA,3,False,False
2025-11-08,Wyoming,0.0,0.0,0.0,2025-2026,True,WY,8,False,False
2025-11-08,Iowa,0.0,2.0,0.0,2025-2026,True,IA,7,False,False
2025-11-08,Mississippi,1.0,1.0,1.0,2025-2026,True,MS,4,True,False
2025-11-08,New Jersey,27.0,42.0,25.0,2025-2026,True,NJ,2,False,False
2025-11-15,Kansas,2.0,4.0,2.0,2025-2026,True,KS,7,False,False
2025-11-15,Wisconsin,3.0,5.0,3.0,2025-2026,True,WI,5,False,False
2025-11-15,Vermont,0.0,0.0,0.0,2025-2026,True,VT,1,False,False
2025-11-15,Indiana,6.0,14.0,5.0,2025-2026,True,IN,5,False,False
2025-11-15,North Dakota,0.0,0.0,0.0,2025-2026,True,ND,8,False,False
2025-11-15,Oregon,3.0,6.0,3.0,2025-2026,True,OR,10,False,False
2025-11-15,Pennsylvania,57.0,100.0,50.0,2025-2026,True,PA,3,False,False
2025-11-15,Alaska,2.0,3.0,2.0,2025-2026,True,AK,10,False,False
2025-11-15,Louisiana,18.0,32.0,15.0,2025-2026,True,LA,6,True,False
2025-11-15,Massachusetts,18.0,20.0,16.0,2025-2026,True,MA,1,False,False
2025-11-15,North Carolina,19.0,33.0,18.0,2025-2026,True,NC,4,True,False
2025-11-15,South Dakota,0.0,0.0,0.0,2025-2026,True,SD,8,False,False
2025-11-15,Alabama,31.0,40.0,25.0,2025-2026,True,AL,4,True,False
2025-11-15,Tennessee,9.0,15.0,9.0,2025-2026,True,TN,4,True,False
2025-11-15,South Carolina,32.0,53.0,27.0,2025-2026,True,SC,4,True,False
2025-11-15,Arizona,1.0,4.0,1.0,2025-2026,True,AZ,9,False,False
2025-11-15,Michigan,7.0,9.0,7.0,2025-2026,True,MI,5,False,False
2025-11-15,Colorado,5.0,6.0,5.0,2025-2026,True,CO,8,False,False
2025-11-15,Illinois,10.0,19.0,9.0,2025-2026,True,IL,5,False,False
2025-11-15,New Hampshire,1.0,5.0,1.0,2025-2026,True,NH,1,False,False
2025-11-15,Rhode Island,1.0,4.0,1.0,2025-2026,True,RI,1,False,False
2025-11-15,California,41.0,71.0,36.0,2025-2026,True,CA,9,False,False
2025-11-15,Georgia,71.0,105.0,63.0,2025-2026,True,GA,4,True,False
2025-11-15,Nevada,2.0,2.0,2.0,2025-2026,True,NV,9,False,False
2025-11-15,New York,69.0,106.0,65.0,2025-2026,True,NY,2,False,True
2025-11-15,Ohio,27.0,35.0,26.0,2025-2026,True,OH,5,False,False
2025-11-15,New Mexico,0.0,2.0,0.0,2025-2026,True,NM,6,False,False
2025-11-15,Idaho,1.0,1.0,1.0,2025-2026,True,ID,10,False,False
2025-11-15,Missouri,5.0,9.0,5.0,2025-2026,True,MO,7,False,False
2025-11-15,Oklahoma,0.0,1.0,0.0,2025-2026,True,OK,6,False,False
2025-11-15,District of Columbia,0.0,2.0,0.0,2025-2026,True,DC,3,False,False
2025-11-15,Minnesota,13.0,18.0,13.0,2025-2026,True,MN,5,False,True
2025-11-15,Montana,0.0,0.0,0.0,2025-2026,True,MT,8,False,False
2025-11-15,Connecticut,1.0,4.0,1.0,2025-2026,True,CT,1,False,False
2025-11-15,Maine,0.0,0.0,0.0,2025-2026,True,ME,1,False,False
2025-11-15,Texas,168.0,202.0,155.0,2025-2026,True,TX,6,False,False
2025-11-15,Arkansas,24.0,28.0,23.0,2025-2026,True,AR,6,True,False
2025-11-15,Florida,176.0,329.0,151.0,2025-2026,True,FL,4,False,False
2025-11-15,West Virginia,4.0,4.0,4.0,2025-2026,True,WV,3,False,False
2025-11-15,Hawaii,5.0,9.0,5.0,2025-2026,True,HI,9,False,False
2025-11-15,Kentucky,8.0,14.0,8.0,2025-2026,True,KY,4,False,False
2025-11-15,Maryland,14.0,27.0,12.0,2025-2026,True,MD,3,False,False
2025-11-15,Nebraska,2.0,6.0,2.0,2025-2026,True,NE,7,False,False
2025-11-15,Washington,1.0,4.0,1.0,2025-2026,True,WA,10,False,False
2025-11-15,Utah,0.0,0.0,0.0,2025-2026,True,UT,8,False,False
2025-11-15,Delaware,10.0,12.0,9.0,2025-2026,True,DE,3,False,False
2025-11-15,Virginia,23.0,38.0,19.0,2025-2026,True,VA,3,False,False
2025-11-15,Wyoming,0.0,0.0,0.0,2025-2026,True,WY,8,False,False
2025-11-15,Iowa,1.0,1.0,1.0,2025-2026,True,IA,7,False,False
2025-11-15,Mississippi,6.0,6.0,6.0,2025-2026,True,MS,4,True,False
2025-11-15,New Jersey,31.0,46.0,30.0,2025-2026,True,NJ,2,False,False
2025-11-22,Kansas,2.0,4.0,2.0,2025-2026,True,KS,7,False,False
2025-11-22,Wisconsin,7.0,11.0,6.0,2025-2026,True,WI,5,False,False
2025-11-22,Vermont,0.0,1.0,0.0,2025-2026,True,VT,1,False,False
2025-11-22,Indiana,12.0,26.0,11.0,2025-2026,True,IN,5,False,False
2025-11-22,North Dakota,1.0,1.0,1.0,2025-2026,True,ND,8,False,False
2025-11-22,Oregon,1.0,2.0,1.0,2025-2026,True,OR,10,False,False
2025-11-22,Pennsylvania,52.0,89.0,46.0,2025-2026,True,PA,3,False,False
2025-11-22,Alaska,1.0,2.0,1.0,2025-2026,True,AK,10,False,False
2025-11-22,Louisiana,36.0,53.0,31.0,2025-2026,True,LA,6,True,False
2025-11-22,Massachusetts,5.0,16.0,5.0,2025-2026,True,MA,1,False,False
2025-11-22,North Carolina,22.0,49.0,17.0,2025-2026,True,NC,4,True,False
2025-11-22,South Dakota,0.0,0.0,0.0,2025-2026,True,SD,8,False,False
2025-11-22,Alabama,34.0,56.0,30.0,2025-2026,True,AL,4,True,False
2025-11-22,Tennessee,14.0,24.0,11.0,2025-2026,True,TN,4,True,False
2025-11-22,South Carolina,28.0,54.0,24.0,2025-2026,True,SC,4,True,False
2025-11-22,Arizona,6.0,9.0,5.0,2025-2026,True,AZ,9,False,False
2025-11-22,Michigan,6.0,10.0,6.0,2025-2026,True,MI,5,False,False
2025-11-22,Colorado,5.0,8.0,5.0,2025-2026,True,CO,8,False,False
2025-11-22,Illinois,14.0,32.0,10.0,2025-2026,True,IL,5,False,False
2025-11-22,New Hampshire,2.0,3.0,2.0,2025-2026,True,NH,1,False,False
2025-11-22,Rhode Island,6.0,11.0,6.0,2025-2026,True,RI,1,False,False
2025-11-22,California,34.0,73.0,32.0,2025-2026,True,CA,9,False,False
2025-11-22,Georgia,79.0,108.0,70.0,2025-2026,True,GA,4,True,False
2025-11-22,Nevada,2.0,3.0,1.0,2025-2026,True,NV,9,False,False
2025-11-22,New York,80.0,134.0,69.0,2025-2026,True,NY,2,False,True
2025-11-22,Ohio,19.0,33.0,16.0,2025-2026,True,OH,5,False,False
2025-11-22,New Mexico,0.0,1.0,0.0,2025-2026,True,NM,6,False,False
2025-11-22,Idaho,0.0,0.0,0.0,2025-2026,True,ID,10,False,False
2025-11-22,Missouri,2.0,10.0,2.0,2025-2026,True,MO,7,False,False
2025-11-22,Oklahoma,0.0,2.0,0.0,2025-2026,True,OK,6,False,False
2025-11-22,District of Columbia,0.0,3.0,0.0,2025-2026,True,DC,3,False,False
2025-11-22,Minnesota,19.0,25.0,16.0,2025-2026,True,MN,5,False,True
2025-11-22,Montana,0.0,2.0,0.0,2025-2026,True,MT,8,False,False
2025-11-22,Connecticut,2.0,9.0,2.0,2025-2026,True,CT,1,False,False
2025-11-22,Maine,1.0,2.0,1.0,2025-2026,True,ME,1,False,False
2025-11-22,Texas,204.0,255.0,185.0,2025-2026,True,TX,6,False,False
2025-11-22,Arkansas,17.0,23.0,16.0,2025-2026,True,AR,6,True,False
2025-11-22,Florida,200.0,387.0,176.0,2025-2026,True,FL,4,False,False
2025-11-22,West Virginia,5.0,9.0,5.0,2025-2026,True,WV,3,False,False
2025-11-22,Hawaii,5.0,6.0,5.0,2025-2026,True,HI,9,False,False
2025-11-22,Kentucky,8.0,17.0,7.0,2025-2026,True,KY,4,False,False
2025-11-22,Maryland,12.0,18.0,11.0,2025-2026,True,MD,3,False,False
2025-11-22,Nebraska,0.0,2.0,0.0,2025-2026,True,NE,7,False,False
2025-11-22,Washington,7.0,13.0,6.0,2025-2026,True,WA,10,False,False
2025-11-22,Utah,2.0,2.0,2.0,2025-2026,True,UT,8,False,False
2025-11-22,Delaware,11.0,14.0,10.0,2025-2026,True,DE,3,False,False
2025-11-22,Virginia,12.0,39.0,9.0,2025-2026,True,VA,3,False,False
2025-11-22,Wyoming,0.0,0.0,0.0,2025-2026,True,WY,8,False,False
2025-11-22,Iowa,1.0,2.0,1.0,2025-2026,True,IA,7,False,False
2025-11-22,Mississippi,8.0,11.0,8.0,2025-2026,True,MS,4,True,False
2025-11-22,New Jersey,46.0,68.0,45.0,2025-2026,True,NJ,2,False,False
2025-11-29,Kansas,0.0,0.0,0.0,2025-2026,True,KS,7,False,False
2025-11-29,Wisconsin,5.0,9.0,5.0,2025-2026,True,WI,5,False,False
2025-11-29,Vermont,0.0,1.0,0.0,2025-2026,True,VT,1,False,False
2025-11-29,Indiana,24.0,36.0,19.0,2025-2026,True,IN,5,False,False
2025-11-29,North Dakota,0.0,1.0,0.0,2025-2026,True,ND,8,False,False
2025-11-29,Oregon,3.0,4.0,2.0,2025-2026,True,OR,10,False,False
2025-11-29,Pennsylvania,63.0,141.0,54.0,2025-2026,True,PA,3,False,False
2025-11-29,Alaska,0.0,0.0,0.0,2025-2026,True,AK,10,False,False
2025-11-29,Louisiana,41.0,62.0,35.0,2025-2026,True,LA,6,True,False
2025-11-29,Massachusetts,10.0,22.0,9.0,2025-2026,True,MA,1,False,False
2025-11-29,North Carolina,55.0,80.0,42.0,2025-2026,True,NC,4,True,False
2025-11-29,South Dakota,0.0,0.0,0.0,2025-2026,True,SD,8,False,False
2025-11-29,Alabama,34.0,51.0,30.0,2025-2026,True,AL,4,True,False
2025-11-29,Tennessee,10.0,20.0,10.0,2025-2026,True,TN,4,True,False
2025-11-29,South Carolina,44.0,71.0,39.0,2025-2026,True,SC,4,True,False
2025-11-29,Arizona,3.0,8.0,3.0,2025-2026,True,AZ,9,False,False
2025-11-29,Michigan,16.0,22.0,15.0,2025-2026,True,MI,5,False,False
2025-11-29,Colorado,8.0,10.0,7.0,2025-2026,True,CO,8,False,False
2025-11-29,Illinois,19.0,33.0,16.0,2025-2026,True,IL,5,False,False
2025-11-29,New Hampshire,2.0,6.0,2.0,2025-2026,True,NH,1,False,False
2025-11-29,Rhode Island,10.0,13.0,10.0,2025-2026,True,RI,1,False,False
2025-11-29,California,50.0,96.0,44.0,2025-2026,True,CA,9,False,False
2025-11-29,Georgia,98.0,153.0,84.0,2025-2026,True,GA,4,True,False
2025-11-29,Nevada,3.0,5.0,3.0,2025-2026,True,NV,9,False,False
2025-11-29,New York,142.0,207.0,135.0,2025-2026,True,NY,2,False,True
2025-11-29,Ohio,29.0,57.0,26.0,2025-2026,True,OH,5,False,False
2025-11-29,New Mexico,0.0,2.0,0.0,2025-2026,True,NM,6,False,False
2025-11-29,Idaho,3.0,5.0,3.0,2025-2026,True,ID,10,False,False
2025-11-29,Missouri,6.0,13.0,5.0,2025-2026,True,MO,7,False,False
2025-11-29,Oklahoma,5.0,9.0,5.0,2025-2026,True,OK,6,False,False
2025-11-29,District of Columbia,0.0,2.0,0.0,2025-2026,True,DC,3,False,False
2025-11-29,Minnesota,17.0,19.0,13.0,2025-2026,True,MN,5,False,True
2025-11-29,Montana,0.0,0.0,0.0,2025-2026,True,MT,8,False,False
2025-11-29,Connecticut,6.0,14.0,6.0,2025-2026,True,CT,1,False,False
2025-11-29,Maine,0.0,0.0,0.0,2025-2026,True,ME,1,False,False
2025-11-29,Texas,256.0,316.0,241.0,2025-2026,True,TX,6,False,False
2025-11-29,Arkansas,16.0,27.0,16.0,2025-2026,True,AR,6,True,False
2025-11-29,Florida,204.0,423.0,182.0,2025-2026,True,FL,4,False,False
2025-11-29,West Virginia,15.0,23.0,12.0,2025-2026,True,WV,3,False,False
2025-11-29,Hawaii,10.0,13.0,10.0,2025-2026,True,HI,9,False,False
2025-11-29,Kentucky,18.0,27.0,16.0,2025-2026,True,KY,4,False,False
2025-11-29,Maryland,18.0,39.0,13.0,2025-2026,True,MD,3,False,False
2025-11-29,Nebraska,1.0,4.0,1.0,2025-2026,True,NE,7,False,False
2025-11-29,Washington,3.0,8.0,3.0,2025-2026,True,WA,10,False,False
2025-11-29,Utah,1.0,2.0,1.0,2025-2026,True,UT,8,False,False
2025-11-29,Delaware,10.0,15.0,9.0,2025-2026,True,DE,3,False,False
2025-11-29,Virginia,24.0,46.0,19.0,2025-2026,True,VA,3,False,False
2025-11-29,Wyoming,0.0,0.0,0.0,2025-2026,True,WY,8,False,False
2025-11-29,Iowa,2.0,4.0,2.0,2025-2026,True,IA,7,False,False
2025-11-29,Mississippi,7.0,12.0,7.0,2025-2026,True,MS,4,True,False
2025-11-29,New Jersey,63.0,84.0,62.0,2025-2026,True,NJ,2,False,False
2025-12-06,Kansas,4.0,5.0,4.0,2025-2026,True,KS,7,False,False
2025-12-06,Wisconsin,7.0,17.0,7.0,2025-2026,True,WI,5,False,False
2025-12-06,Vermont,0.0,0.0,0.0,2025-2026,True,VT,1,False,False
2025-12-06,Indiana,24.0,44.0,23.0,2025-2026,True,IN,5,False,False
2025-12-06,North Dakota,2.0,3.0,2.0,2025-2026,True,ND,8,False,False
2025-12-06,Oregon,1.0,10.0,1.0,2025-2026,True,OR,10,False,False
2025-12-06,Pennsylvania,79.0,152.0,68.0,2025-2026,True,PA,3,False,False
2025-12-06,Alaska,0.0,1.0,0.0,2025-2026,True,AK,10,False,False
2025-12-06,Louisiana,55.0,81.0,55.0,2025-2026,True,LA,6,True,False
2025-12-06,Massachusetts,50.0,64.0,38.0,2025-2026,True,MA,1,False,False
2025-12-06,North Carolina,50.0,112.0,42.0,2025-2026,True,NC,4,True,False
2025-12-06,South Dakota,0.0,1.0,0.0,2025-2026,True,SD,8,False,False
2025-12-06,Alabama,44.0,78.0,38.0,2025-2026,True,AL,4,True,False
2025-12-06,Tennessee,33.0,46.0,31.0,2025-2026,True,TN,4,True,False
2025-12-06,South Carolina,49.0,97.0,45.0,2025-2026,True,SC,4,True,False
2025-12-06,Arizona,2.0,3.0,2.0,2025-2026,True,AZ,9,False,False
2025-12-06,Michigan,14.0,25.0,13.0,2025-2026,True,MI,5,False,False
2025-12-06,Colorado,7.0,12.0,7.0,2025-2026,True,CO,8,False,False
2025-12-06,Illinois,31.0,56.0,26.0,2025-2026,True,IL,5,False,False
2025-12-06,New Hampshire,2.0,4.0,2.0,2025-2026,True,NH,1,False,False
2025-12-06,Rhode Island,5.0,13.0,4.0,2025-2026,True,RI,1,False,False
2025-12-06,California,66.0,136.0,61.0,2025-2026,True,CA,9,False,False
2025-12-06,Georgia,93.0,160.0,84.0,2025-2026,True,GA,4,True,False
2025-12-06,Nevada,6.0,9.0,6.0,2025-2026,True,NV,9,False,False
2025-12-06,New York,144.0,281.0,128.0,2025-2026,True,NY,2,False,True
2025-12-06,Ohio,74.0,102.0,49.0,2025-2026,True,OH,5,False,False
2025-12-06,New Mexico,3.0,4.0,3.0,2025-2026,True,NM,6,False,False
2025-12-06,Idaho,4.0,5.0,3.0,2025-2026,True,ID,10,False,False
2025-12-06,Missouri,8.0,18.0,7.0,2025-2026,True,MO,7,False,False
2025-12-06,Oklahoma,8.0,12.0,8.0,2025-2026,True,OK,6,False,False
2025-12-06,District of Columbia,0.0,2.0,0.0,2025-2026,True,DC,3,False,False
2025-12-06,Minnesota,16.0,27.0,15.0,2025-2026,True,MN,5,False,True
2025-12-06,Montana,1.0,2.0,1.0,2025-2026,True,MT,8,False,False
2025-12-06,Connecticut,6.0,13.0,6.0,2025-2026,True,CT,1,False,False
2025-12-06,Maine,1.0,3.0,1.0,2025-2026,True,ME,1,False,False
2025-12-06,Texas,258.0,348.0,241.0,2025-2026,True,TX,6,False,False
2025-12-06,Arkansas,15.0,29.0,15.0,2025-2026,True,AR,6,True,False
2025-12-06,Florida,175.0,426.0,161.0,2025-2026,True,FL,4,False,False
2025-12-06,West Virginia,13.0,20.0,10.0,2025-2026,True,WV,3,False,False
2025-12-06,Hawaii,5.0,7.0,5.0,2025-2026,True,HI,9,False,False
2025-12-06,Kentucky,20.0,31.0,17.0,2025-2026,True,KY,4,False,False
2025-12-06,Maryland,24.0,49.0,21.0,2025-2026,True,MD,3,False,False
2025-12-06,Nebraska,0.0,4.0,0.0,2025-2026,True,NE,7,False,False
2025-12-06,Washington,15.0,30.0,13.0,2025-2026,True,WA,10,False,False
2025-12-06,Utah,1.0,2.0,1.0,2025-2026,True,UT,8,False,False
2025-12-06,Delaware,11.0,13.0,10.0,2025-2026,True,DE,3,False,False
2025-12-06,Virginia,27.0,70.0,25.0,2025-2026,True,VA,3,False,False
2025-12-06,Wyoming,1.0,1.0,1.0,2025-2026,True,WY,8,False,False
2025-12-06,Iowa,6.0,6.0,6.0,2025-2026,True,IA,7,False,False
2025-12-06,Mississippi,13.0,15.0,13.0,2025-2026,True,MS,4,True,False
2025-12-06,New Jersey,62.0,114.0,57.0,2025-2026,True,NJ,2,False,False
2025-12-13,Kansas,13.0,16.0,12.0,2025-2026,True,KS,7,False,False
2025-12-13,Wisconsin,1.0,10.0,1.0,2025-2026,True,WI,5,False,False
2025-12-13,Vermont,0.0,2.0,0.0,2025-2026,True,VT,1,False,False
2025-12-13,Indiana,31.0,70.0,28.0,2025-2026,True,IN,5,False,False
2025-12-13,North Dakota,1.0,1.0,1.0,2025-2026,True,ND,8,False,False
2025-12-13,Oregon,2.0,12.0,2.0,2025-2026,True,OR,10,False,False
2025-12-13,Pennsylvania,114.0,230.0,96.0,2025-2026,True,PA,3,False,False
2025-12-13,Alaska,2.0,3.0,2.0,2025-2026,True,AK,10,False,False
2025-12-13,Louisiana,57.0,94.0,54.0,2025-2026,True,LA,6,True,False
2025-12-13,Massachusetts,20.0,42.0,19.0,2025-2026,True,MA,1,False,False
2025-12-13,North Carolina,78.0,152.0,68.0,2025-2026,True,NC,4,True,False
2025-12-13,South Dakota,1.0,1.0,1.0,2025-2026,True,SD,8,False,False
2025-12-13,Alabama,37.0,84.0,34.0,2025-2026,True,AL,4,True,False
2025-12-13,Tennessee,33.0,51.0,26.0,2025-2026,True,TN,4,True,False
2025-12-13,South Carolina,50.0,106.0,45.0,2025-2026,True,SC,4,True,False
2025-12-13,Arizona,5.0,8.0,5.0,2025-2026,True,AZ,9,False,False
2025-12-13,Michigan,29.0,42.0,27.0,2025-2026,True,MI,5,False,False
2025-12-13,Colorado,21.0,28.0,21.0,2025-2026,True,CO,8,False,False
2025-12-13,Illinois,46.0,90.0,45.0,2025-2026,True,IL,5,False,False
2025-12-13,New Hampshire,2.0,6.0,2.0,2025-2026,True,NH,1,False,False
2025-12-13,Rhode Island,13.0,23.0,11.0,2025-2026,True,RI,1,False,False
2025-12-13,California,71.0,150.0,59.0,2025-2026,True,CA,9,False,False
2025-12-13,Georgia,112.0,193.0,102.0,2025-2026,True,GA,4,True,False
2025-12-13,Nevada,12.0,16.0,11.0,2025-2026,True,NV,9,False,False
2025-12-13,New York,178.0,364.0,165.0,2025-2026,True,NY,2,False,True
2025-12-13,Ohio,66.0,111.0,60.0,2025-2026,True,OH,5,False,False
2025-12-13,New Mexico,3.0,6.0,3.0,2025-2026,True,NM,6,False,False
2025-12-13,Idaho,3.0,3.0,2.0,2025-2026,True,ID,10,False,False
2025-12-13,Missouri,9.0,27.0,8.0,2025-2026,True,MO,7,False,False
2025-12-13,Oklahoma,4.0,7.0,3.0,2025-2026,True,OK,6,False,False
2025-12-13,District of Columbia,0.0,3.0,0.0,2025-2026,True,DC,3,False,False
2025-12-13,Minnesota,23.0,38.0,19.0,2025-2026,True,MN,5,False,True
2025-12-13,Montana,1.0,2.0,1.0,2025-2026,True,MT,8,False,False
2025-12-13,Connecticut,8.0,27.0,8.0,2025-2026,True,CT,1,False,False
2025-12-13,Maine,0.0,0.0,0.0,2025-2026,True,ME,1,False,False
2025-12-13,Texas,305.0,436.0,290.0,2025-2026,True,TX,6,False,False
2025-12-13,Arkansas,20.0,30.0,19.0,2025-2026,True,AR,6,True,False
2025-12-13,Florida,172.0,435.0,150.0,2025-2026,True,FL,4,False,False
2025-12-13,West Virginia,6.0,15.0,5.0,2025-2026,True,WV,3,False,False
2025-12-13,Hawaii,6.0,10.0,6.0,2025-2026,True,HI,9,False,False
2025-12-13,Kentucky,19.0,40.0,14.0,2025-2026,True,KY,4,False,False
2025-12-13,Maryland,36.0,90.0,31.0,2025-2026,True,MD,3,False,False
2025-12-13,Nebraska,4.0,5.0,3.0,2025-2026,True,NE,7,False,False
2025-12-13,Washington,13.0,33.0,10.0,2025-2026,True,WA,10,False,False
2025-12-13,Utah,0.0,0.0,0.0,2025-2026,True,UT,8,False,False
2025-12-13,Delaware,14.0,24.0,14.0,2025-2026,True,DE,3,False,False
2025-12-13,Virginia,32.0,78.0,28.0,2025-2026,True,VA,3,False,False
2025-12-13,Wyoming,1.0,1.0,1.0,2025-2026,True,WY,8,False,False
2025-12-13,Iowa,3.0,5.0,3.0,2025-2026,True,IA,7,False,False
2025-12-13,Mississippi,11.0,24.0,11.0,2025-2026,True,MS,4,True,False
2025-12-13,New Jersey,90.0,168.0,84.0,2025-2026,True,NJ,2,False,False
2025-12-20,Kansas,11.0,24.0,9.0,2025-2026,True,KS,7,False,False
2025-12-20,Wisconsin,10.0,28.0,10.0,2025-2026,True,WI,5,False,False
2025-12-20,Vermont,0.0,0.0,0.0,2025-2026,True,VT,1,False,False
2025-12-20,Indiana,35.0,76.0,30.0,2025-2026,True,IN,5,False,False
2025-12-20,North Dakota,1.0,2.0,1.0,2025-2026,True,ND,8,False,False
2025-12-20,Oregon,0.0,13.0,0.0,2025-2026,True,OR,10,False,False
2025-12-20,Pennsylvania,151.0,291.0,127.0,2025-2026,True,PA,3,False,False
2025-12-20,Alaska,4.0,4.0,2.0,2025-2026,True,AK,10,False,False
2025-12-20,Louisiana,76.0,116.0,64.0,2025-2026,True,LA,6,True,False
2025-12-20,Massachusetts,17.0,56.0,13.0,2025-2026,True,MA,1,False,False
2025-12-20,North Carolina,86.0,176.0,77.0,2025-2026,True,NC,4,True,False
2025-12-20,South Dakota,0.0,3.0,0.0,2025-2026,True,SD,8,False,False
2025-12-20,Alabama,48.0,92.0,35.0,2025-2026,True,AL,4,True,False
2025-12-20,Tennessee,65.0,101.0,56.0,2025-2026,True,TN,4,True,False
2025-12-20,South Carolina,56.0,131.0,51.0,2025-2026,True,SC,4,True,False
2025-12-20,Arizona,11.0,18.0,9.0,2025-2026,True,AZ,9,False,False
2025-12-20,Michigan,40.0,79.0,37.0,2025-2026,True,MI,5,False,False
2025-12-20,Colorado,32.0,41.0,29.0,2025-2026,True,CO,8,False,False
2025-12-20,Illinois,61.0,126.0,51.0,2025-2026,True,IL,5,False,False
2025-12-20,New Hampshire,2.0,8.0,2.0,2025-2026,True,NH,1,False,False
2025-12-20,Rhode Island,7.0,22.0,6.0,2025-2026,True,RI,1,False,False
2025-12-20,California,86.0,191.0,75.0,2025-2026,True,CA,9,False,False
2025-12-20,Georgia,129.0,220.0,112.0,2025-2026,True,GA,4,True,False
2025-12-20,Nevada,15.0,25.0,12.0,2025-2026,True,NV,9,False,False
2025-12-20,New York,196.0,390.0,172.0,2025-2026,True,NY,2,False,True
2025-12-20,Ohio,89.0,164.0,76.0,2025-2026,True,OH,5,False,False
2025-12-20,New Mexico,10.0,14.0,10.0,2025-2026,True,NM,6,False,False
2025-12-20,Idaho,4.0,5.0,4.0,2025-2026,True,ID,10,False,False
2025-12-20,Missouri,27.0,52.0,22.0,2025-2026,True,MO,7,False,False
2025-12-20,Oklahoma,7.0,14.0,5.0,2025-2026,True,OK,6,False,False
2025-12-20,District of Columbia,0.0,4.0,0.0,2025-2026,True,DC,3,False,False
2025-12-20,Minnesota,30.0,53.0,27.0,2025-2026,True,MN,5,False,True
2025-12-20,Montana,5.0,7.0,4.0,2025-2026,True,MT,8,False,False
2025-12-20,Connecticut,10.0,25.0,8.0,2025-2026,True,CT,1,False,False
2025-12-20,Maine,1.0,4.0,1.0,2025-2026,True,ME,1,False,False
2025-12-20,Texas,377.0,511.0,340.0,2025-2026,True,TX,6,False,False
2025-12-20,Arkansas,39.0,55.0,34.0,2025-2026,True,AR,6,True,False
2025-12-20,Florida,157.0,410.0,138.0,2025-2026,True,FL,4,False,False
2025-12-20,West Virginia,9.0,18.0,7.0,2025-2026,True,WV,3,False,False
2025-12-20,Hawaii,2.0,4.0,2.0,2025-2026,True,HI,9,False,False
2025-12-20,Kentucky,33.0,58.0,31.0,2025-2026,True,KY,4,False,False
2025-12-20,Maryland,42.0,90.0,37.0,2025-2026,True,MD,3,False,False
2025-12-20,Nebraska,6.0,9.0,5.0,2025-2026,True,NE,7,False,False
2025-12-20,Washington,17.0,47.0,14.0,2025-2026,True,WA,10,False,False
2025-12-20,Utah,7.0,7.0,7.0,2025-2026,True,UT,8,False,False
2025-12-20,Delaware,30.0,36.0,26.0,2025-2026,True,DE,3,False,False
2025-12-20,Virginia,37.0,109.0,33.0,2025-2026,True,VA,3,False,False
2025-12-20,Wyoming,0.0,1.0,0.0,2025-2026,True,WY,8,False,False
2025-12-20,Iowa,14.0,16.0,14.0,2025-2026,True,IA,7,False,False
2025-12-20,Mississippi,16.0,32.0,16.0,2025-2026,True,MS,4,True,False
2025-12-20,New Jersey,105.0,206.0,99.0,2025-2026,True,NJ,2,False,False
2025-12-27,Kansas,10.0,24.0,9.0,2025-2026,True,KS,7,False,False
2025-12-27,Wisconsin,10.0,29.0,8.0,2025-2026,True,WI,5,False,False
2025-12-27,Vermont,2.0,4.0,2.0,2025-2026,True,VT,1,False,False
2025-12-27,Indiana,48.0,108.0,39.0,2025-2026,True,IN,5,False,False
2025-12-27,North Dakota,3.0,5.0,3.0,2025-2026,True,ND,8,False,False
2025-12-27,Oregon,12.0,37.0,10.0,2025-2026,True,OR,10,False,False
2025-12-27,Pennsylvania,213.0,388.0,185.0,2025-2026,True,PA,3,False,False
2025-12-27,Alaska,2.0,8.0,2.0,2025-2026,True,AK,10,False,False
2025-12-27,Louisiana,80.0,125.0,70.0,2025-2026,True,LA,6,True,False
2025-12-27,Massachusetts,28.0,78.0,26.0,2025-2026,True,MA,1,False,False
2025-12-27,North Carolina,120.0,238.0,108.0,2025-2026,True,NC,4,True,False
2025-12-27,South Dakota,3.0,4.0,3.0,2025-2026,True,SD,8,False,False
2025-12-27,Alabama,53.0,109.0,48.0,2025-2026,True,AL,4,True,False
2025-12-27,Tennessee,69.0,109.0,63.0,2025-2026,True,TN,4,True,False
2025-12-27,South Carolina,60.0,158.0,58.0,2025-2026,True,SC,4,True,False
2025-12-27,Arizona,19.0,23.0,16.0,2025-2026,True,AZ,9,False,False
2025-12-27,Michigan,53.0,92.0,49.0,2025-2026,True,MI,5,False,False
2025-12-27,Colorado,38.0,60.0,34.0,2025-2026,True,CO,8,False,False
2025-12-27,Illinois,89.0,166.0,80.0,2025-2026,True,IL,5,False,False
2025-12-27,New Hampshire,6.0,10.0,5.0,2025-2026,True,NH,1,False,False
2025-12-27,Rhode Island,11.0,25.0,9.0,2025-2026,True,RI,1,False,False
2025-12-27,California,144.0,278.0,126.0,2025-2026,True,CA,9,False,False
2025-12-27,Georgia,154.0,261.0,136.0,2025-2026,True,GA,4,True,False
2025-12-27,Nevada,11.0,22.0,9.0,2025-2026,True,NV,9,False,False
2025-12-27,New York,202.0,468.0,182.0,2025-2026,True,NY,2,False,True
2025-12-27,Ohio,137.0,238.0,129.0,2025-2026,True,OH,5,False,False
2025-12-27,New Mexico,7.0,11.0,5.0,2025-2026,True,NM,6,False,False
2025-12-27,Idaho,9.0,13.0,9.0,2025-2026,True,ID,10,False,False
2025-12-27,Missouri,47.0,101.0,41.0,2025-2026,True,MO,7,False,False
2025-12-27,Oklahoma,17.0,28.0,15.0,2025-2026,True,OK,6,False,False
2025-12-27,District of Columbia,0.0,5.0,0.0,2025-2026,True,DC,3,False,False
2025-12-27,Minnesota,41.0,66.0,35.0,2025-2026,True,MN,5,False,True
2025-12-27,Montana,3.0,3.0,3.0,2025-2026,True,MT,8,False,False
2025-12-27,Connecticut,17.0,40.0,17.0,2025-2026,True,CT,1,False,False
2025-12-27,Maine,2.0,2.0,2.0,2025-2026,True,ME,1,False,False
2025-12-27,Texas,499.0,686.0,448.0,2025-2026,True,TX,6,False,False
2025-12-27,Arkansas,47.0,70.0,41.0,2025-2026,True,AR,6,True,False
2025-12-27,Florida,150.0,482.0,127.0,2025-2026,True,FL,4,False,False
2025-12-27,West Virginia,6.0,19.0,4.0,2025-2026,True,WV,3,False,False
2025-12-27,Hawaii,6.0,8.0,4.0,2025-2026,True,HI,9,False,False
2025-12-27,Kentucky,36.0,65.0,33.0,2025-2026,True,KY,4,False,False
2025-12-27,Maryland,52.0,114.0,48.0,2025-2026,True,MD,3,False,False
2025-12-27,Nebraska,4.0,9.0,3.0,2025-2026,True,NE,7,False,False
2025-12-27,Washington,25.0,58.0,20.0,2025-2026,True,WA,10,False,False
2025-12-27,Utah,6.0,8.0,6.0,2025-2026,True,UT,8,False,False
2025-12-27,Delaware,27.0,49.0,23.0,2025-2026,True,DE,3,False,False
2025-12-27,Virginia,40.0,135.0,38.0,2025-2026,True,VA,3,False,False
2025-12-27,Wyoming,2.0,2.0,2.0,2025-2026,True,WY,8,False,False
2025-12-27,Iowa,17.0,19.0,16.0,2025-2026,True,IA,7,False,False
2025-12-27,Mississippi,28.0,49.0,27.0,2025-2026,True,MS,4,True,False
2025-12-27,New Jersey,106.0,229.0,102.0,2025-2026,True,NJ,2,False,False
2026-01-03,Kansas,19.0,42.0,19.0,2025-2026,True,KS,7,False,False
2026-01-03,Wisconsin,15.0,60.0,15.0,2025-2026,True,WI,5,False,False
2026-01-03,Vermont,1.0,2.0,1.0,2025-2026,True,VT,1,False,False
2026-01-03,Indiana,62.0,158.0,55.0,2025-2026,True,IN,5,False,False
2026-01-03,North Dakota,2.0,6.0,2.0,2025-2026,True,ND,8,False,False
2026-01-03,Oregon,6.0,22.0,6.0,2025-2026,True,OR,10,False,False
2026-01-03,Pennsylvania,197.0,493.0,171.0,2025-2026,True,PA,3,False,False
2026-01-03,Alaska,1.0,6.0,1.0,2025-2026,True,AK,10,False,False
2026-01-03,Louisiana,76.0,144.0,72.0,2025-2026,True,LA,6,True,False
2026-01-03,Massachusetts,29.0,112.0,26.0,2025-2026,True,MA,1,False,False
2026-01-03,North Carolina,141.0,316.0,130.0,2025-2026,True,NC,4,True,False
2026-01-03,South Dakota,4.0,6.0,4.0,2025-2026,True,SD,8,False,False
2026-01-03,Alabama,50.0,113.0,49.0,2025-2026,True,AL,4,True,False
2026-01-03,Tennessee,92.0,171.0,85.0,2025-2026,True,TN,4,True,False
2026-01-03,South Carolina,56.0,177.0,52.0,2025-2026,True,SC,4,True,False
2026-01-03,Arizona,22.0,40.0,21.0,2025-2026,True,AZ,9,False,False
2026-01-03,Michigan,63.0,127.0,62.0,2025-2026,True,MI,5,False,False
2026-01-03,Colorado,23.0,46.0,22.0,2025-2026,True,CO,8,False,False
2026-01-03,Illinois,101.0,241.0,94.0,2025-2026,True,IL,5,False,False
2026-01-03,New Hampshire,1.0,18.0,1.0,2025-2026,True,NH,1,False,False
2026-01-03,Rhode Island,18.0,34.0,18.0,2025-2026,True,RI,1,False,False
2026-01-03,California,166.0,409.0,152.0,2025-2026,True,CA,9,False,False
2026-01-03,Georgia,127.0,251.0,119.0,2025-2026,True,GA,4,True,False
2026-01-03,Nevada,15.0,29.0,15.0,2025-2026,True,NV,9,False,False
2026-01-03,New York,209.0,552.0,191.0,2025-2026,True,NY,2,False,True
2026-01-03,Ohio,165.0,333.0,152.0,2025-2026,True,OH,5,False,False
2026-01-03,New Mexico,13.0,18.0,8.0,2025-2026,True,NM,6,False,False
2026-01-03,Idaho,8.0,16.0,6.0,2025-2026,True,ID,10,False,False
2026-01-03,Missouri,36.0,106.0,33.0,2025-2026,True,MO,7,False,False
2026-01-03,Oklahoma,14.0,34.0,14.0,2025-2026,True,OK,6,False,False
2026-01-03,District of Columbia,0.0,11.0,0.0,2025-2026,True,DC,3,False,False
2026-01-03,Minnesota,45.0,80.0,43.0,2025-2026,True,MN,5,False,True
2026-01-03,Montana,2.0,4.0,2.0,2025-2026,True,MT,8,False,False
2026-01-03,Connecticut,27.0,70.0,21.0,2025-2026,True,CT,1,False,False
2026-01-03,Maine,1.0,2.0,1.0,2025-2026,True,ME,1,False,False
2026-01-03,Texas,416.0,685.0,389.0,2025-2026,True,TX,6,False,False
2026-01-03,Arkansas,39.0,82.0,36.0,2025-2026,True,AR,6,True,False
2026-01-03,Florida,144.0,509.0,132.0,2025-2026,True,FL,4,False,False
2026-01-03,West Virginia,28.0,60.0,26.0,2025-2026,True,WV,3,False,False
2026-01-03,Hawaii,8.0,23.0,8.0,2025-2026,True,HI,9,False,False
2026-01-03,Kentucky,34.0,79.0,33.0,2025-2026,True,KY,4,False,False
2026-01-03,Maryland,51.0,169.0,47.0,2025-2026,True,MD,3,False,False
2026-01-03,Nebraska,8.0,19.0,7.0,2025-2026,True,NE,7,False,False
2026-01-03,Washington,19.0,53.0,17.0,2025-2026,True,WA,10,False,False
2026-01-03,Utah,3.0,7.0,3.0,2025-2026,True,UT,8,False,False
2026-01-03,Delaware,40.0,74.0,38.0,2025-2026,True,DE,3,False,False
2026-01-03,Virginia,34.0,155.0,33.0,2025-2026,True,VA,3,False,False
2026-01-03,Wyoming,1.0,2.0,1.0,2025-2026,True,WY,8,False,False
2026-01-03,Iowa,15.0,30.0,14.0,2025-2026,True,IA,7,False,False
2026-01-03,Mississippi,21.0,39.0,20.0,2025-2026,True,MS,4,True,False
2026-01-03,New Jersey,130.0,311.0,121.0,2025-2026,True,NJ,2,False,False
2026-01-10,Kansas,14.0,38.0,14.0,2025-2026,True,KS,7,False,False
2026-01-10,Wisconsin,24.0,73.0,22.0,2025-2026,True,WI,5,False,False
2026-01-10,Vermont,0.0,4.0,0.0,2025-2026,True,VT,1,False,False
2026-01-10,Indiana,57.0,153.0,54.0,2025-2026,True,IN,5,False,False
2026-01-10,North Dakota,3.0,8.0,2.0,2025-2026,True,ND,8,False,False
2026-01-10,Oregon,7.0,30.0,6.0,2025-2026,True,OR,10,False,False
2026-01-10,Pennsylvania,95.0,429.0,75.0,2025-2026,True,PA,3,False,False
2026-01-10,Alaska,1.0,8.0,1.0,2025-2026,True,AK,10,False,False
2026-01-10,Louisiana,64.0,121.0,61.0,2025-2026,True,LA,6,True,False
2026-01-10,Massachusetts,16.0,117.0,14.0,2025-2026,True,MA,1,False,False
2026-01-10,North Carolina,94.0,293.0,84.0,2025-2026,True,NC,4,True,False
2026-01-10,South Dakota,1.0,4.0,1.0,2025-2026,True,SD,8,False,False
2026-01-10,Alabama,48.0,121.0,44.0,2025-2026,True,AL,4,True,False
2026-01-10,Tennessee,56.0,157.0,52.0,2025-2026,True,TN,4,True,False
2026-01-10,South Carolina,44.0,140.0,39.0,2025-2026,True,SC,4,True,False
2026-01-10,Arizona,21.0,41.0,21.0,2025-2026,True,AZ,9,False,False
2026-01-10,Michigan,51.0,130.0,49.0,2025-2026,True,MI,5,False,False
2026-01-10,Colorado,45.0,76.0,44.0,2025-2026,True,CO,8,False,False
2026-01-10,Illinois,76.0,219.0,72.0,2025-2026,True,IL,5,False,False
2026-01-10,New Hampshire,4.0,8.0,4.0,2025-2026,True,NH,1,False,False
2026-01-10,Rhode Island,12.0,37.0,12.0,2025-2026,True,RI,1,False,False
2026-01-10,California,146.0,407.0,130.0,2025-2026,True,CA,9,False,False
2026-01-10,Georgia,112.0,263.0,105.0,2025-2026,True,GA,4,True,False
2026-01-10,Nevada,13.0,20.0,10.0,2025-2026,True,NV,9,False,False
2026-01-10,New York,139.0,549.0,124.0,2025-2026,True,NY,2,False,True
2026-01-10,Ohio,126.0,289.0,121.0,2025-2026,True,OH,5,False,False
2026-01-10,New Mexico,13.0,20.0,8.0,2025-2026,True,NM,6,False,False
2026-01-10,Idaho,11.0,21.0,10.0,2025-2026,True,ID,10,False,False
2026-01-10,Missouri,20.0,84.0,18.0,2025-2026,True,MO,7,False,False
2026-01-10,Oklahoma,19.0,62.0,19.0,2025-2026,True,OK,6,False,False
2026-01-10,District of Columbia,3.0,8.0,2.0,2025-2026,True,DC,3,False,False
2026-01-10,Minnesota,27.0,77.0,27.0,2025-2026,True,MN,5,False,True
2026-01-10,Montana,3.0,5.0,2.0,2025-2026,True,MT,8,False,False
2026-01-10,Connecticut,14.0,62.0,12.0,2025-2026,True,CT,1,False,False
2026-01-10,Maine,0.0,1.0,0.0,2025-2026,True,ME,1,False,False
2026-01-10,Texas,280.0,549.0,259.0,2025-2026,True,TX,6,False,False
2026-01-10,Arkansas,24.0,55.0,23.0,2025-2026,True,AR,6,True,False
2026-01-10,Florida,108.0,498.0,94.0,2025-2026,True,FL,4,False,False
2026-01-10,West Virginia,15.0,57.0,14.0,2025-2026,True,WV,3,False,False
2026-01-10,Hawaii,8.0,23.0,8.0,2025-2026,True,HI,9,False,False
2026-01-10,Kentucky,35.0,115.0,32.0,2025-2026,True,KY,4,False,False
2026-01-10,Maryland,34.0,160.0,27.0,2025-2026,True,MD,3,False,False
2026-01-10,Nebraska,10.0,21.0,9.0,2025-2026,True,NE,7,False,False
2026-01-10,Washington,17.0,74.0,15.0,2025-2026,True,WA,10,False,False
2026-01-10,Utah,5.0,16.0,4.0,2025-2026,True,UT,8,False,False
2026-01-10,Delaware,20.0,54.0,17.0,2025-2026,True,DE,3,False,False
2026-01-10,Virginia,40.0,182.0,36.0,2025-2026,True,VA,3,False,False
2026-01-10,Wyoming,2.0,3.0,1.0,2025-2026,True,WY,8,False,False
2026-01-10,Iowa,13.0,30.0,12.0,2025-2026,True,IA,7,False,False
2026-01-10,Mississippi,34.0,67.0,33.0,2025-2026,True,MS,4,True,False
2026-01-10,New Jersey,79.0,279.0,73.0,2025-2026,True,NJ,2,False,False
2026-01-17,Kansas,12.0,33.0,11.0,2025-2026,True,KS,7,False,False
2026-01-17,Wisconsin,27.0,95.0,25.0,2025-2026,True,WI,5,False,False
2026-01-17,Vermont,0.0,4.0,0.0,2025-2026,True,VT,1,False,False
2026-01-17,Indiana,52.0,140.0,47.0,2025-2026,True,IN,5,False,False
2026-01-17,North Dakota,2.0,3.0,2.0,2025-2026,True,ND,8,False,False
2026-01-17,Oregon,11.0,40.0,11.0,2025-2026,True,OR,10,False,False
2026-01-17,Pennsylvania,187.0,480.0,158.0,2025-2026,True,PA,3,False,False
2026-01-17,Alaska,3.0,12.0,2.0,2025-2026,True,AK,10,False,False
2026-01-17,Louisiana,68.0,126.0,65.0,2025-2026,True,LA,6,True,False
2026-01-17,Massachusetts,30.0,104.0,27.0,2025-2026,True,MA,1,False,False
2026-01-17,North Carolina,97.0,248.0,89.0,2025-2026,True,NC,4,True,False
2026-01-17,South Dakota,7.0,10.0,7.0,2025-2026,True,SD,8,False,False
2026-01-17,Alabama,19.0,69.0,18.0,2025-2026,True,AL,4,True,False
2026-01-17,Tennessee,66.0,131.0,58.0,2025-2026,True,TN,4,True,False
2026-01-17,South Carolina,28.0,107.0,22.0,2025-2026,True,SC,4,True,False
2026-01-17,Arizona,13.0,29.0,10.0,2025-2026,True,AZ,9,False,False
2026-01-17,Michigan,52.0,133.0,48.0,2025-2026,True,MI,5,False,False
2026-01-17,Colorado,53.0,76.0,50.0,2025-2026,True,CO,8,False,False
2026-01-17,Illinois,92.0,243.0,86.0,2025-2026,True,IL,5,False,False
2026-01-17,New Hampshire,5.0,23.0,5.0,2025-2026,True,NH,1,False,False
2026-01-17,Rhode Island,12.0,31.0,9.0,2025-2026,True,RI,1,False,False
2026-01-17,California,151.0,428.0,133.0,2025-2026,True,CA,9,False,False
2026-01-17,Georgia,72.0,195.0,66.0,2025-2026,True,GA,4,True,False
2026-01-17,Nevada,23.0,34.0,22.0,2025-2026,True,NV,9,False,False
2026-01-17,New York,204.0,631.0,179.0,2025-2026,True,NY,2,False,True
2026-01-17,Ohio,123.0,292.0,108.0,2025-2026,True,OH,5,False,False
2026-01-17,New Mexico,28.0,41.0,27.0,2025-2026,True,NM,6,False,False
2026-01-17,Idaho,7.0,19.0,6.0,2025-2026,True,ID,10,False,False
2026-01-17,Missouri,51.0,126.0,45.0,2025-2026,True,MO,7,False,False
2026-01-17,Oklahoma,12.0,30.0,10.0,2025-2026,True,OK,6,False,False
2026-01-17,District of Columbia,0.0,12.0,0.0,2025-2026,True,DC,3,False,False
2026-01-17,Minnesota,54.0,94.0,51.0,2025-2026,True,MN,5,False,True
2026-01-17,Montana,0.0,0.0,0.0,2025-2026,True,MT,8,False,False
2026-01-17,Connecticut,28.0,80.0,25.0,2025-2026,True,CT,1,False,False
2026-01-17,Maine,3.0,5.0,3.0,2025-2026,True,ME,1,False,False
2026-01-17,Texas,270.0,492.0,246.0,2025-2026,True,TX,6,False,False
2026-01-17,Arkansas,27.0,56.0,24.0,2025-2026,True,AR,6,True,False
2026-01-17,Florida,110.0,437.0,102.0,2025-2026,True,FL,4,False,False
2026-01-17,West Virginia,18.0,48.0,14.0,2025-2026,True,WV,3,False,False
2026-01-17,Hawaii,10.0,20.0,8.0,2025-2026,True,HI,9,False,False
2026-01-17,Kentucky,35.0,99.0,33.0,2025-2026,True,KY,4,False,False
2026-01-17,Maryland,40.0,165.0,29.0,2025-2026,True,MD,3,False,False
2026-01-17,Nebraska,8.0,17.0,7.0,2025-2026,True,NE,7,False,False
2026-01-17,Washington,12.0,67.0,10.0,2025-2026,True,WA,10,False,False
2026-01-17,Utah,3.0,13.0,3.0,2025-2026,True,UT,8,False,False
2026-01-17,Delaware,23.0,58.0,22.0,2025-2026,True,DE,3,False,False
2026-01-17,Virginia,43.0,155.0,39.0,2025-2026,True,VA,3,False,False
2026-01-17,Wyoming,4.0,6.0,4.0,2025-2026,True,WY,8,False,False
2026-01-17,Iowa,27.0,57.0,26.0,2025-2026,True,IA,7,False,False
2026-01-17,Mississippi,40.0,67.0,34.0,2025-2026,True,MS,4,True,False
2026-01-17,New Jersey,89.0,290.0,87.0,2025-2026,True,NJ,2,False,False
2026-01-24,Kansas,21.0,40.0,21.0,2025-2026,True,KS,7,False,False
2026-01-24,Wisconsin,28.0,84.0,25.0,2025-2026,True,WI,5,False,False
2026-01-24,Vermont,3.0,12.0,1.0,2025-2026,True,VT,1,False,False
2026-01-24,Indiana,69.0,150.0,66.0,2025-2026,True,IN,5,False,False
2026-01-24,North Dakota,5.0,7.0,2.0,2025-2026,True,ND,8,False,False
2026-01-24,Oregon,16.0,40.0,16.0,2025-2026,True,OR,10,False,False
2026-01-24,Pennsylvania,158.0,435.0,127.0,2025-2026,True,PA,3,False,False
2026-01-24,Alaska,3.0,9.0,3.0,2025-2026,True,AK,10,False,False
2026-01-24,Louisiana,77.0,126.0,74.0,2025-2026,True,LA,6,True,False
2026-01-24,Massachusetts,134.0,201.0,119.0,2025-2026,True,MA,1,False,False
2026-01-24,North Carolina,119.0,271.0,106.0,2025-2026,True,NC,4,True,False
2026-01-24,South Dakota,10.0,13.0,10.0,2025-2026,True,SD,8,False,False
2026-01-24,Alabama,30.0,86.0,26.0,2025-2026,True,AL,4,True,False
2026-01-24,Tennessee,78.0,138.0,68.0,2025-2026,True,TN,4,True,False
2026-01-24,South Carolina,35.0,96.0,29.0,2025-2026,True,SC,4,True,False
2026-01-24,Arizona,37.0,55.0,32.0,2025-2026,True,AZ,9,False,False
2026-01-24,Michigan,52.0,129.0,49.0,2025-2026,True,MI,5,False,False
2026-01-24,Colorado,78.0,99.0,72.0,2025-2026,True,CO,8,False,False
2026-01-24,Illinois,89.0,239.0,80.0,2025-2026,True,IL,5,False,False
2026-01-24,New Hampshire,10.0,31.0,8.0,2025-2026,True,NH,1,False,False
2026-01-24,Rhode Island,18.0,33.0,17.0,2025-2026,True,RI,1,False,False
2026-01-24,California,184.0,459.0,171.0,2025-2026,True,CA,9,False,False
2026-01-24,Georgia,80.0,164.0,71.0,2025-2026,True,GA,4,True,False
2026-01-24,Nevada,24.0,39.0,21.0,2025-2026,True,NV,9,False,False
2026-01-24,New York,199.0,598.0,160.0,2025-2026,True,NY,2,False,True
2026-01-24,Ohio,192.0,337.0,176.0,2025-2026,True,OH,5,False,False
2026-01-24,New Mexico,34.0,42.0,33.0,2025-2026,True,NM,6,False,False
2026-01-24,Idaho,11.0,17.0,10.0,2025-2026,True,ID,10,False,False
2026-01-24,Missouri,49.0,115.0,43.0,2025-2026,True,MO,7,False,False
2026-01-24,Oklahoma,11.0,24.0,9.0,2025-2026,True,OK,6,False,False
2026-01-24,District of Columbia,0.0,11.0,0.0,2025-2026,True,DC,3,False,False
2026-01-24,Minnesota,61.0,95.0,56.0,2025-2026,True,MN,5,False,True
2026-01-24,Montana,0.0,3.0,0.0,2025-2026,True,MT,8,False,False
2026-01-24,Connecticut,34.0,82.0,28.0,2025-2026,True,CT,1,False,False
2026-01-24,Maine,1.0,5.0,0.0,2025-2026,True,ME,1,False,False
2026-01-24,Texas,342.0,554.0,299.0,2025-2026,True,TX,6,False,False
2026-01-24,Arkansas,40.0,61.0,36.0,2025-2026,True,AR,6,True,False
2026-01-24,Florida,106.0,364.0,90.0,2025-2026,True,FL,4,False,False
2026-01-24,West Virginia,19.0,51.0,18.0,2025-2026,True,WV,3,False,False
2026-01-24,Hawaii,16.0,22.0,15.0,2025-2026,True,HI,9,False,False
2026-01-24,Kentucky,20.0,73.0,18.0,2025-2026,True,KY,4,False,False
2026-01-24,Maryland,34.0,135.0,30.0,2025-2026,True,MD,3,False,False
2026-01-24,Nebraska,7.0,22.0,7.0,2025-2026,True,NE,7,False,False
2026-01-24,Washington,15.0,53.0,14.0,2025-2026,True,WA,10,False,False
2026-01-24,Utah,7.0,18.0,6.0,2025-2026,True,UT,8,False,False
2026-01-24,Delaware,27.0,53.0,23.0,2025-2026,True,DE,3,False,False
2026-01-24,Virginia,56.0,161.0,49.0,2025-2026,True,VA,3,False,False
2026-01-24,Wyoming,3.0,3.0,3.0,2025-2026,True,WY,8,False,False
2026-01-24,Iowa,30.0,59.0,29.0,2025-2026,True,IA,7,False,False
2026-01-24,Mississippi,36.0,56.0,36.0,2025-2026,True,MS,4,True,False
2026-01-24,New Jersey,103.0,310.0,91.0,2025-2026,True,NJ,2,False,False
2026-01-31,Kansas,14.0,32.0,13.0,2025-2026,True,KS,7,False,False
2026-01-31,Wisconsin,30.0,72.0,27.0,2025-2026,True,WI,5,False,False
2026-01-31,Vermont,1.0,5.0,0.0,2025-2026,True,VT,1,False,False
2026-01-31,Indiana,39.0,131.0,37.0,2025-2026,True,IN,5,False,False
2026-01-31,North Dakota,2.0,7.0,2.0,2025-2026,True,ND,8,False,False
2026-01-31,Oregon,19.0,52.0,17.0,2025-2026,True,OR,10,False,False
2026-01-31,Pennsylvania,221.0,523.0,191.0,2025-2026,True,PA,3,False,False
2026-01-31,Alaska,7.0,15.0,6.0,2025-2026,True,AK,10,False,False
2026-01-31,Louisiana,68.0,128.0,61.0,2025-2026,True,LA,6,True,False
2026-01-31,Massachusetts,26.0,110.0,25.0,2025-2026,True,MA,1,False,False
2026-01-31,North Carolina,84.0,260.0,72.0,2025-2026,True,NC,4,True,False
2026-01-31,South Dakota,11.0,14.0,10.0,2025-2026,True,SD,8,False,False
2026-01-31,Alabama,20.0,72.0,14.0,2025-2026,True,AL,4,True,False
2026-01-31,Tennessee,72.0,129.0,63.0,2025-2026,True,TN,4,True,False
2026-01-31,South Carolina,25.0,76.0,22.0,2025-2026,True,SC,4,True,False
2026-01-31,Arizona,37.0,60.0,32.0,2025-2026,True,AZ,9,False,False
2026-01-31,Michigan,63.0,142.0,60.0,2025-2026,True,MI,5,False,False
2026-01-31,Colorado,107.0,138.0,100.0,2025-2026,True,CO,8,False,False
2026-01-31,Illinois,76.0,217.0,66.0,2025-2026,True,IL,5,False,False
2026-01-31,New Hampshire,7.0,29.0,6.0,2025-2026,True,NH,1,False,False
2026-01-31,Rhode Island,13.0,29.0,13.0,2025-2026,True,RI,1,False,False
2026-01-31,California,209.0,521.0,173.0,2025-2026,True,CA,9,False,False
2026-01-31,Georgia,78.0,168.0,67.0,2025-2026,True,GA,4,True,False
2026-01-31,Nevada,29.0,51.0,25.0,2025-2026,True,NV,9,False,False
2026-01-31,New York,228.0,640.0,199.0,2025-2026,True,NY,2,False,True
2026-01-31,Ohio,128.0,305.0,115.0,2025-2026,True,OH,5,False,False
2026-01-31,New Mexico,39.0,49.0,34.0,2025-2026,True,NM,6,False,False
2026-01-31,Idaho,15.0,21.0,13.0,2025-2026,True,ID,10,False,False
2026-01-31,Missouri,53.0,138.0,46.0,2025-2026,True,MO,7,False,False
2026-01-31,Oklahoma,22.0,44.0,18.0,2025-2026,True,OK,6,False,False
2026-01-31,District of Columbia,0.0,5.0,0.0,2025-2026,True,DC,3,False,False
2026-01-31,Minnesota,61.0,108.0,56.0,2025-2026,True,MN,5,False,True
2026-01-31,Montana,7.0,13.0,7.0,2025-2026,True,MT,8,False,False
2026-01-31,Connecticut,32.0,82.0,28.0,2025-2026,True,CT,1,False,False
2026-01-31,Maine,3.0,6.0,3.0,2025-2026,True,ME,1,False,False
2026-01-31,Texas,319.0,544.0,293.0,2025-2026,True,TX,6,False,False
2026-01-31,Arkansas,31.0,66.0,31.0,2025-2026,True,AR,6,True,False
2026-01-31,Florida,100.0,385.0,91.0,2025-2026,True,FL,4,False,False
2026-01-31,West Virginia,8.0,35.0,8.0,2025-2026,True,WV,3,False,False
2026-01-31,Hawaii,23.0,33.0,21.0,2025-2026,True,HI,9,False,False
2026-01-31,Kentucky,16.0,86.0,11.0,2025-2026,True,KY,4,False,False
2026-01-31,Maryland,24.0,111.0,20.0,2025-2026,True,MD,3,False,False
2026-01-31,Nebraska,11.0,21.0,10.0,2025-2026,True,NE,7,False,False
2026-01-31,Washington,19.0,82.0,12.0,2025-2026,True,WA,10,False,False
2026-01-31,Utah,10.0,30.0,10.0,2025-2026,True,UT,8,False,False
2026-01-31,Delaware,31.0,55.0,29.0,2025-2026,True,DE,3,False,False
2026-01-31,Virginia,31.0,125.0,27.0,2025-2026,True,VA,3,False,False
2026-01-31,Wyoming,5.0,6.0,5.0,2025-2026,True,WY,8,False,False
2026-01-31,Iowa,30.0,51.0,30.0,2025-2026,True,IA,7,False,False
2026-01-31,Mississippi,27.0,59.0,26.0,2025-2026,True,MS,4,True,False
2026-01-31,New Jersey,101.0,289.0,90.0,2025-2026,True,NJ,2,False,False
2026-02-07,Kansas,37.0,65.0,35.0,2025-2026,True,KS,7,False,False
2026-02-07,Wisconsin,57.0,112.0,51.0,2025-2026,True,WI,5,False,False
2026-02-07,Vermont,4.0,10.0,3.0,2025-2026,True,VT,1,False,False
2026-02-07,Indiana,44.0,135.0,39.0,2025-2026,True,IN,5,False,False
2026-02-07,North Dakota,9.0,10.0,8.0,2025-2026,True,ND,8,False,False
2026-02-07,Oregon,24.0,65.0,23.0,2025-2026,True,OR,10,False,False
2026-02-07,Pennsylvania,152.0,533.0,135.0,2025-2026,True,PA,3,False,False
2026-02-07,Alaska,6.0,8.0,6.0,2025-2026,True,AK,10,False,False
2026-02-07,Louisiana,58.0,107.0,50.0,2025-2026,True,LA,6,True,False
2026-02-07,Massachusetts,93.0,173.0,76.0,2025-2026,True,MA,1,False,False
2026-02-07,North Carolina,84.0,272.0,74.0,2025-2026,True,NC,4,True,False
2026-02-07,South Dakota,15.0,18.0,14.0,2025-2026,True,SD,8,False,False
2026-02-07,Alabama,23.0,73.0,19.0,2025-2026,True,AL,4,True,False
2026-02-07,Tennessee,62.0,137.0,53.0,2025-2026,True,TN,4,True,False
2026-02-07,South Carolina,27.0,86.0,21.0,2025-2026,True,SC,4,True,False
2026-02-07,Arizona,59.0,91.0,48.0,2025-2026,True,AZ,9,False,False
2026-02-07,Michigan,70.0,139.0,65.0,2025-2026,True,MI,5,False,False
2026-02-07,Colorado,139.0,180.0,118.0,2025-2026,True,CO,8,False,False
2026-02-07,Illinois,105.0,279.0,94.0,2025-2026,True,IL,5,False,False
2026-02-07,New Hampshire,8.0,34.0,8.0,2025-2026,True,NH,1,False,False
2026-02-07,Rhode Island,11.0,25.0,9.0,2025-2026,True,RI,1,False,False
2026-02-07,California,214.0,584.0,181.0,2025-2026,True,CA,9,False,False
2026-02-07,Georgia,70.0,172.0,63.0,2025-2026,True,GA,4,True,False
2026-02-07,Nevada,61.0,83.0,56.0,2025-2026,True,NV,9,False,False
2026-02-07,New York,238.0,744.0,198.0,2025-2026,True,NY,2,False,True
2026-02-07,Ohio,129.0,290.0,118.0,2025-2026,True,OH,5,False,False
2026-02-07,New Mexico,67.0,75.0,61.0,2025-2026,True,NM,6,False,False
2026-02-07,Idaho,22.0,30.0,18.0,2025-2026,True,ID,10,False,False
2026-02-07,Missouri,51.0,123.0,42.0,2025-2026,True,MO,7,False,False
2026-02-07,Oklahoma,29.0,65.0,23.0,2025-2026,True,OK,6,False,False
2026-02-07,District of Columbia,3.0,10.0,2.0,2025-2026,True,DC,3,False,False
2026-02-07,Minnesota,74.0,122.0,72.0,2025-2026,True,MN,5,False,True
2026-02-07,Montana,5.0,11.0,5.0,2025-2026,True,MT,8,False,False
2026-02-07,Connecticut,26.0,90.0,25.0,2025-2026,True,CT,1,False,False
2026-02-07,Maine,3.0,6.0,3.0,2025-2026,True,ME,1,False,False
2026-02-07,Texas,322.0,530.0,279.0,2025-2026,True,TX,6,False,False
2026-02-07,Arkansas,38.0,64.0,37.0,2025-2026,True,AR,6,True,False
2026-02-07,Florida,83.0,328.0,77.0,2025-2026,True,FL,4,False,False
2026-02-07,West Virginia,13.0,36.0,13.0,2025-2026,True,WV,3,False,False
2026-02-07,Hawaii,12.0,26.0,10.0,2025-2026,True,HI,9,False,False
2026-02-07,Kentucky,19.0,83.0,19.0,2025-2026,True,KY,4,False,False
2026-02-07,Maryland,22.0,108.0,22.0,2025-2026,True,MD,3,False,False
2026-02-07,Nebraska,15.0,34.0,11.0,2025-2026,True,NE,7,False,False
2026-02-07,Washington,15.0,83.0,11.0,2025-2026,True,WA,10,False,False
2026-02-07,Utah,26.0,42.0,23.0,2025-2026,True,UT,8,False,False
2026-02-07,Delaware,24.0,46.0,22.0,2025-2026,True,DE,3,False,False
2026-02-07,Virginia,26.0,131.0,24.0,2025-2026,True,VA,3,False,False
2026-02-07,Wyoming,7.0,8.0,7.0,2025-2026,True,WY,8,False,False
2026-02-07,Iowa,44.0,71.0,41.0,2025-2026,True,IA,7,False,False
2026-02-07,Mississippi,29.0,51.0,26.0,2025-2026,True,MS,4,True,False
2026-02-07,New Jersey,72.0,291.0,60.0,2025-2026,True,NJ,2,False,False
2026-02-14,Kansas,35.0,59.0,32.0,2025-2026,True,KS,7,False,False
2026-02-14,Wisconsin,43.0,112.0,39.0,2025-2026,True,WI,5,False,False
2026-02-14,Vermont,3.0,8.0,2.0,2025-2026,True,VT,1,False,False
2026-02-14,Indiana,48.0,136.0,42.0,2025-2026,True,IN,5,False,False
2026-02-14,North Dakota,9.0,11.0,9.0,2025-2026,True,ND,8,False,False
2026-02-14,Oregon,30.0,97.0,26.0,2025-2026,True,OR,10,False,False
2026-02-14,Pennsylvania,135.0,502.0,118.0,2025-2026,True,PA,3,False,False
2026-02-14,Alaska,6.0,13.0,6.0,2025-2026,True,AK,10,False,False
2026-02-14,Louisiana,59.0,119.0,55.0,2025-2026,True,LA,6,True,False
2026-02-14,Massachusetts,114.0,202.0,90.0,2025-2026,True,MA,1,False,False
2026-02-14,North Carolina,75.0,260.0,67.0,2025-2026,True,NC,4,True,False
2026-02-14,South Dakota,21.0,29.0,20.0,2025-2026,True,SD,8,False,False
2026-02-14,Alabama,27.0,72.0,21.0,2025-2026,True,AL,4,True,False
2026-02-14,Tennessee,55.0,133.0,49.0,2025-2026,True,TN,4,True,False
2026-02-14,South Carolina,21.0,86.0,15.0,2025-2026,True,SC,4,True,False
2026-02-14,Arizona,71.0,110.0,60.0,2025-2026,True,AZ,9,False,False
2026-02-14,Michigan,73.0,172.0,63.0,2025-2026,True,MI,5,False,False
2026-02-14,Colorado,134.0,192.0,115.0,2025-2026,True,CO,8,False,False
2026-02-14,Illinois,120.0,339.0,104.0,2025-2026,True,IL,5,False,False
2026-02-14,New Hampshire,18.0,44.0,18.0,2025-2026,True,NH,1,False,False
2026-02-14,Rhode Island,17.0,42.0,15.0,2025-2026,True,RI,1,False,False
2026-02-14,California,207.0,565.0,167.0,2025-2026,True,CA,9,False,False
2026-02-14,Georgia,90.0,219.0,83.0,2025-2026,True,GA,4,True,False
2026-02-14,Nevada,42.0,66.0,35.0,2025-2026,True,NV,9,False,False
2026-02-14,New York,243.0,760.0,208.0,2025-2026,True,NY,2,False,True
2026-02-14,Ohio,134.0,322.0,119.0,2025-2026,True,OH,5,False,False
2026-02-14,New Mexico,60.0,78.0,55.0,2025-2026,True,NM,6,False,False
2026-02-14,Idaho,27.0,46.0,22.0,2025-2026,True,ID,10,False,False
2026-02-14,Missouri,78.0,189.0,70.0,2025-2026,True,MO,7,False,False
2026-02-14,Oklahoma,39.0,72.0,35.0,2025-2026,True,OK,6,False,False
2026-02-14,District of Columbia,0.0,7.0,0.0,2025-2026,True,DC,3,False,False
2026-02-14,Minnesota,94.0,162.0,89.0,2025-2026,True,MN,5,False,True
2026-02-14,Montana,8.0,22.0,7.0,2025-2026,True,MT,8,False,False
2026-02-14,Connecticut,29.0,107.0,23.0,2025-2026,True,CT,1,False,False
2026-02-14,Maine,5.0,9.0,2.0,2025-2026,True,ME,1,False,False
2026-02-14,Texas,353.0,567.0,306.0,2025-2026,True,TX,6,False,False
2026-02-14,Arkansas,32.0,63.0,27.0,2025-2026,True,AR,6,True,False
2026-02-14,Florida,112.0,391.0,99.0,2025-2026,True,FL,4,False,False
2026-02-14,West Virginia,12.0,40.0,12.0,2025-2026,True,WV,3,False,False
2026-02-14,Hawaii,8.0,18.0,8.0,2025-2026,True,HI,9,False,False
2026-02-14,Kentucky,30.0,99.0,28.0,2025-2026,True,KY,4,False,False
2026-02-14,Maryland,25.0,125.0,22.0,2025-2026,True,MD,3,False,False
2026-02-14,Nebraska,28.0,47.0,25.0,2025-2026,True,NE,7,False,False
2026-02-14,Washington,20.0,95.0,15.0,2025-2026,True,WA,10,False,False
2026-02-14,Utah,30.0,44.0,27.0,2025-2026,True,UT,8,False,False
2026-02-14,Delaware,23.0,51.0,21.0,2025-2026,True,DE,3,False,False
2026-02-14,Virginia,20.0,91.0,19.0,2025-2026,True,VA,3,False,False
2026-02-14,Wyoming,14.0,24.0,13.0,2025-2026,True,WY,8,False,False
2026-02-14,Iowa,51.0,96.0,46.0,2025-2026,True,IA,7,False,False
2026-02-14,Mississippi,31.0,58.0,31.0,2025-2026,True,MS,4,True,False
2026-02-14,New Jersey,87.0,329.0,69.0,2025-2026,True,NJ,2,False,False
2026-02-21,Kansas,40.0,92.0,39.0,2025-2026,True,KS,7,False,False
2026-02-21,Wisconsin,65.0,152.0,60.0,2025-2026,True,WI,5,False,False
2026-02-21,Vermont,7.0,12.0,5.0,2025-2026,True,VT,1,False,False
2026-02-21,Indiana,76.0,171.0,68.0,2025-2026,True,IN,5,False,False
2026-02-21,North Dakota,8.0,15.0,8.0,2025-2026,True,ND,8,False,False
2026-02-21,Oregon,40.0,105.0,35.0,2025-2026,True,OR,10,False,False
2026-02-21,Pennsylvania,156.0,548.0,128.0,2025-2026,True,PA,3,False,False
2026-02-21,Alaska,3.0,8.0,3.0,2025-2026,True,AK,10,False,False
2026-02-21,Louisiana,66.0,139.0,60.0,2025-2026,True,LA,6,True,False
2026-02-21,Massachusetts,128.0,220.0,108.0,2025-2026,True,MA,1,False,False
2026-02-21,North Carolina,92.0,295.0,79.0,2025-2026,True,NC,4,True,False
2026-02-21,South Dakota,25.0,34.0,23.0,2025-2026,True,SD,8,False,False
2026-02-21,Alabama,19.0,79.0,19.0,2025-2026,True,AL,4,True,False
2026-02-21,Tennessee,68.0,149.0,57.0,2025-2026,True,TN,4,True,False
2026-02-21,South Carolina,16.0,70.0,15.0,2025-2026,True,SC,4,True,False
2026-02-21,Arizona,70.0,118.0,60.0,2025-2026,True,AZ,9,False,False
2026-02-21,Michigan,122.0,251.0,108.0,2025-2026,True,MI,5,False,False
2026-02-21,Colorado,153.0,253.0,136.0,2025-2026,True,CO,8,False,False
2026-02-21,Illinois,123.0,366.0,109.0,2025-2026,True,IL,5,False,False
2026-02-21,New Hampshire,8.0,29.0,6.0,2025-2026,True,NH,1,False,False
2026-02-21,Rhode Island,12.0,36.0,12.0,2025-2026,True,RI,1,False,False
2026-02-21,California,250.0,597.0,218.0,2025-2026,True,CA,9,False,False
2026-02-21,Georgia,89.0,222.0,74.0,2025-2026,True,GA,4,True,False
2026-02-21,Nevada,56.0,99.0,49.0,2025-2026,True,NV,9,False,False
2026-02-21,New York,237.0,795.0,205.0,2025-2026,True,NY,2,False,True
2026-02-21,Ohio,178.0,442.0,162.0,2025-2026,True,OH,5,False,False
2026-02-21,New Mexico,69.0,84.0,64.0,2025-2026,True,NM,6,False,False
2026-02-21,Idaho,33.0,48.0,31.0,2025-2026,True,ID,10,False,False
2026-02-21,Missouri,61.0,149.0,57.0,2025-2026,True,MO,7,False,False
2026-02-21,Oklahoma,33.0,91.0,31.0,2025-2026,True,OK,6,False,False
2026-02-21,District of Columbia,2.0,16.0,2.0,2025-2026,True,DC,3,False,False
2026-02-21,Minnesota,91.0,149.0,84.0,2025-2026,True,MN,5,False,True
2026-02-21,Montana,7.0,12.0,5.0,2025-2026,True,MT,8,False,False
2026-02-21,Connecticut,46.0,119.0,41.0,2025-2026,True,CT,1,False,False
2026-02-21,Maine,5.0,7.0,5.0,2025-2026,True,ME,1,False,False
2026-02-21,Texas,390.0,615.0,348.0,2025-2026,True,TX,6,False,False
2026-02-21,Arkansas,41.0,71.0,37.0,2025-2026,True,AR,6,True,False
2026-02-21,Florida,98.0,374.0,88.0,2025-2026,True,FL,4,False,False
2026-02-21,West Virginia,37.0,72.0,29.0,2025-2026,True,WV,3,False,False
2026-02-21,Hawaii,10.0,22.0,7.0,2025-2026,True,HI,9,False,False
2026-02-21,Kentucky,25.0,95.0,24.0,2025-2026,True,KY,4,False,False
2026-02-21,Maryland,19.0,111.0,18.0,2025-2026,True,MD,3,False,False
2026-02-21,Nebraska,33.0,48.0,29.0,2025-2026,True,NE,7,False,False
2026-02-21,Washington,17.0,84.0,15.0,2025-2026,True,WA,10,False,False
2026-02-21,Utah,30.0,54.0,28.0,2025-2026,True,UT,8,False,False
2026-02-21,Delaware,25.0,49.0,22.0,2025-2026,True,DE,3,False,False
2026-02-21,Virginia,25.0,125.0,21.0,2025-2026,True,VA,3,False,False
2026-02-21,Wyoming,21.0,26.0,20.0,2025-2026,True,WY,8,False,False
2026-02-21,Iowa,47.0,84.0,45.0,2025-2026,True,IA,7,False,False
2026-02-21,Mississippi,26.0,46.0,25.0,2025-2026,True,MS,4,True,False
2026-02-21,New Jersey,112.0,373.0,92.0,2025-2026,True,NJ,2,False,False
2026-02-28,Kansas,33.0,87.0,31.0,2025-2026,True,KS,7,False,False
2026-02-28,Wisconsin,65.0,187.0,62.0,2025-2026,True,WI,5,False,False
2026-02-28,Vermont,8.0,26.0,8.0,2025-2026,True,VT,1,False,False
2026-02-28,Indiana,68.0,173.0,63.0,2025-2026,True,IN,5,False,False
2026-02-28,North Dakota,16.0,24.0,14.0,2025-2026,True,ND,8,False,False
2026-02-28,Oregon,30.0,80.0,25.0,2025-2026,True,OR,10,False,False
2026-02-28,Pennsylvania,187.0,612.0,157.0,2025-2026,True,PA,3,False,False
2026-02-28,Alaska,0.0,7.0,0.0,2025-2026,True,AK,10,False,False
2026-02-28,Louisiana,51.0,95.0,48.0,2025-2026,True,LA,6,True,False
2026-02-28,Massachusetts,130.0,213.0,99.0,2025-2026,True,MA,1,False,False
2026-02-28,North Carolina,80.0,263.0,66.0,2025-2026,True,NC,4,True,False
2026-02-28,South Dakota,16.0,27.0,13.0,2025-2026,True,SD,8,False,False
2026-02-28,Alabama,24.0,61.0,21.0,2025-2026,True,AL,4,True,False
2026-02-28,Tennessee,58.0,113.0,47.0,2025-2026,True,TN,4,True,False
2026-02-28,South Carolina,22.0,71.0,19.0,2025-2026,True,SC,4,True,False
2026-02-28,Arizona,68.0,123.0,59.0,2025-2026,True,AZ,9,False,False
2026-02-28,Michigan,112.0,255.0,103.0,2025-2026,True,MI,5,False,False
2026-02-28,Colorado,166.0,266.0,151.0,2025-2026,True,CO,8,False,False
2026-02-28,Illinois,110.0,361.0,99.0,2025-2026,True,IL,5,False,False
2026-02-28,New Hampshire,9.0,40.0,8.0,2025-2026,True,NH,1,False,False
2026-02-28,Rhode Island,6.0,51.0,5.0,2025-2026,True,RI,1,False,False
2026-02-28,California,202.0,559.0,179.0,2025-2026,True,CA,9,False,False
2026-02-28,Georgia,70.0,168.0,61.0,2025-2026,True,GA,4,True,False
2026-02-28,Nevada,49.0,78.0,44.0,2025-2026,True,NV,9,False,False
2026-02-28,New York,206.0,748.0,169.0,2025-2026,True,NY,2,False,True
2026-02-28,Ohio,136.0,383.0,123.0,2025-2026,True,OH,5,False,False
2026-02-28,New Mexico,76.0,98.0,71.0,2025-2026,True,NM,6,False,False
2026-02-28,Idaho,17.0,36.0,15.0,2025-2026,True,ID,10,False,False
2026-02-28,Missouri,62.0,153.0,55.0,2025-2026,True,MO,7,False,False
2026-02-28,Oklahoma,36.0,82.0,33.0,2025-2026,True,OK,6,False,False
2026-02-28,District of Columbia,1.0,9.0,1.0,2025-2026,True,DC,3,False,False
2026-02-28,Minnesota,95.0,168.0,87.0,2025-2026,True,MN,5,False,True
2026-02-28,Montana,14.0,28.0,12.0,2025-2026,True,MT,8,False,False
2026-02-28,Connecticut,31.0,113.0,27.0,2025-2026,True,CT,1,False,False
2026-02-28,Maine,4.0,14.0,4.0,2025-2026,True,ME,1,False,False
2026-02-28,Texas,275.0,496.0,233.0,2025-2026,True,TX,6,False,False
2026-02-28,Arkansas,10.0,47.0,7.0,2025-2026,True,AR,6,True,False
2026-02-28,Florida,78.0,290.0,70.0,2025-2026,True,FL,4,False,False
2026-02-28,West Virginia,52.0,90.0,47.0,2025-2026,True,WV,3,False,False
2026-02-28,Hawaii,9.0,17.0,9.0,2025-2026,True,HI,9,False,False
2026-02-28,Kentucky,12.0,84.0,11.0,2025-2026,True,KY,4,False,False
2026-02-28,Maryland,19.0,86.0,18.0,2025-2026,True,MD,3,False,False
2026-02-28,Nebraska,33.0,66.0,31.0,2025-2026,True,NE,7,False,False
2026-02-28,Washington,22.0,88.0,20.0,2025-2026,True,WA,10,False,False
2026-02-28,Utah,26.0,56.0,25.0,2025-2026,True,UT,8,False,False
2026-02-28,Delaware,27.0,50.0,22.0,2025-2026,True,DE,3,False,False
2026-02-28,Virginia,19.0,92.0,16.0,2025-2026,True,VA,3,False,False
2026-02-28,Wyoming,10.0,17.0,10.0,2025-2026,True,WY,8,False,False
2026-02-28,Iowa,55.0,118.0,49.0,2025-2026,True,IA,7,False,False
2026-02-28,Mississippi,18.0,47.0,18.0,2025-2026,True,MS,4,True,False
2026-02-28,New Jersey,99.0,333.0,93.0,2025-2026,True,NJ,2,False,False
2026-03-07,Kansas,42.0,87.0,36.0,2025-2026,True,KS,7,False,False
2026-03-07,Wisconsin,62.0,198.0,56.0,2025-2026,True,WI,5,False,False
2026-03-07,Vermont,6.0,22.0,5.0,2025-2026,True,VT,1,False,False
2026-03-07,Indiana,64.0,192.0,59.0,2025-2026,True,IN,5,False,False
2026-03-07,North Dakota,8.0,16.0,7.0,2025-2026,True,ND,8,False,False
2026-03-07,Oregon,21.0,77.0,16.0,2025-2026,True,OR,10,False,False
2026-03-07,Pennsylvania,175.0,629.0,154.0,2025-2026,True,PA,3,False,False
2026-03-07,Alaska,6.0,11.0,5.0,2025-2026,True,AK,10,False,False
2026-03-07,Louisiana,36.0,82.0,32.0,2025-2026,True,LA,6,True,False
2026-03-07,Massachusetts,30.0,130.0,26.0,2025-2026,True,MA,1,False,False
2026-03-07,North Carolina,108.0,268.0,97.0,2025-2026,True,NC,4,True,False
2026-03-07,South Dakota,26.0,39.0,22.0,2025-2026,True,SD,8,False,False
2026-03-07,Alabama,23.0,57.0,20.0,2025-2026,True,AL,4,True,False
2026-03-07,Tennessee,71.0,138.0,61.0,2025-2026,True,TN,4,True,False
2026-03-07,South Carolina,10.0,40.0,9.0,2025-2026,True,SC,4,True,False
2026-03-07,Arizona,72.0,132.0,63.0,2025-2026,True,AZ,9,False,False
2026-03-07,Michigan,126.0,273.0,111.0,2025-2026,True,MI,5,False,False
2026-03-07,Colorado,141.0,232.0,132.0,2025-2026,True,CO,8,False,False
2026-03-07,Illinois,108.0,342.0,99.0,2025-2026,True,IL,5,False,False
2026-03-07,New Hampshire,6.0,41.0,6.0,2025-2026,True,NH,1,False,False
2026-03-07,Rhode Island,7.0,33.0,5.0,2025-2026,True,RI,1,False,False
2026-03-07,California,207.0,510.0,181.0,2025-2026,True,CA,9,False,False
2026-03-07,Georgia,72.0,154.0,64.0,2025-2026,True,GA,4,True,False
2026-03-07,Nevada,45.0,87.0,40.0,2025-2026,True,NV,9,False,False
2026-03-07,New York,168.0,662.0,154.0,2025-2026,True,NY,2,False,True
2026-03-07,Ohio,130.0,391.0,115.0,2025-2026,True,OH,5,False,False
2026-03-07,New Mexico,68.0,83.0,63.0,2025-2026,True,NM,6,False,False
2026-03-07,Idaho,30.0,53.0,25.0,2025-2026,True,ID,10,False,False
2026-03-07,Missouri,33.0,128.0,28.0,2025-2026,True,MO,7,False,False
2026-03-07,Oklahoma,32.0,92.0,30.0,2025-2026,True,OK,6,False,False
2026-03-07,District of Columbia,0.0,6.0,0.0,2025-2026,True,DC,3,False,False
2026-03-07,Minnesota,85.0,173.0,79.0,2025-2026,True,MN,5,False,True
2026-03-07,Montana,20.0,35.0,20.0,2025-2026,True,MT,8,False,False
2026-03-07,Connecticut,26.0,115.0,22.0,2025-2026,True,CT,1,False,False
2026-03-07,Maine,4.0,12.0,0.0,2025-2026,True,ME,1,False,False
2026-03-07,Texas,304.0,521.0,266.0,2025-2026,True,TX,6,False,False
2026-03-07,Arkansas,21.0,56.0,18.0,2025-2026,True,AR,6,True,False
2026-03-07,Florida,59.0,257.0,50.0,2025-2026,True,FL,4,False,False
2026-03-07,West Virginia,34.0,79.0,30.0,2025-2026,True,WV,3,False,False
2026-03-07,Hawaii,13.0,23.0,10.0,2025-2026,True,HI,9,False,False
2026-03-07,Kentucky,12.0,86.0,11.0,2025-2026,True,KY,4,False,False
2026-03-07,Maryland,18.0,88.0,15.0,2025-2026,True,MD,3,False,False
2026-03-07,Nebraska,39.0,58.0,34.0,2025-2026,True,NE,7,False,False
2026-03-07,Washington,17.0,62.0,12.0,2025-2026,True,WA,10,False,False
2026-03-07,Utah,18.0,49.0,15.0,2025-2026,True,UT,8,False,False
2026-03-07,Delaware,23.0,41.0,19.0,2025-2026,True,DE,3,False,False
2026-03-07,Virginia,22.0,86.0,18.0,2025-2026,True,VA,3,False,False
2026-03-07,Wyoming,17.0,23.0,17.0,2025-2026,True,WY,8,False,False
2026-03-07,Iowa,54.0,123.0,53.0,2025-2026,True,IA,7,False,False
2026-03-07,Mississippi,30.0,53.0,29.0,2025-2026,True,MS,4,True,False
2026-03-07,New Jersey,57.0,278.0,45.0,2025-2026,True,NJ,2,False,False
2026-03-14,Kansas,45.0,100.0,40.0,2025-2026,True,KS,7,False,False
2026-03-14,Wisconsin,59.0,182.0,54.0,2025-2026,True,WI,5,False,False
2026-03-14,Vermont,2.0,16.0,2.0,2025-2026,True,VT,1,False,False
2026-03-14,Indiana,53.0,175.0,50.0,2025-2026,True,IN,5,False,False
2026-03-14,North Dakota,15.0,24.0,15.0,2025-2026,True,ND,8,False,False
2026-03-14,Oregon,28.0,77.0,26.0,2025-2026,True,OR,10,False,False
2026-03-14,Pennsylvania,154.0,615.0,133.0,2025-2026,True,PA,3,False,False
2026-03-14,Alaska,5.0,10.0,4.0,2025-2026,True,AK,10,False,False
2026-03-14,Louisiana,34.0,81.0,30.0,2025-2026,True,LA,6,True,False
2026-03-14,Massachusetts,75.0,166.0,67.0,2025-2026,True,MA,1,False,False
2026-03-14,North Carolina,76.0,237.0,68.0,2025-2026,True,NC,4,True,False
2026-03-14,South Dakota,24.0,35.0,22.0,2025-2026,True,SD,8,False,False
2026-03-14,Alabama,15.0,42.0,12.0,2025-2026,True,AL,4,True,False
2026-03-14,Tennessee,40.0,106.0,36.0,2025-2026,True,TN,4,True,False
2026-03-14,South Carolina,7.0,34.0,7.0,2025-2026,True,SC,4,True,False
2026-03-14,Arizona,43.0,94.0,38.0,2025-2026,True,AZ,9,False,False
2026-03-14,Michigan,128.0,313.0,111.0,2025-2026,True,MI,5,False,False
2026-03-14,Colorado,140.0,243.0,128.0,2025-2026,True,CO,8,False,False
2026-03-14,Illinois,90.0,350.0,77.0,2025-2026,True,IL,5,False,False
2026-03-14,New Hampshire,7.0,48.0,5.0,2025-2026,True,NH,1,False,False
2026-03-14,Rhode Island,7.0,41.0,6.0,2025-2026,True,RI,1,False,False
2026-03-14,California,168.0,448.0,147.0,2025-2026,True,CA,9,False,False
2026-03-14,Georgia,56.0,123.0,47.0,2025-2026,True,GA,4,True,False
2026-03-14,Nevada,35.0,79.0,30.0,2025-2026,True,NV,9,False,False
2026-03-14,New York,178.0,707.0,154.0,2025-2026,True,NY,2,False,True
2026-03-14,Ohio,128.0,389.0,115.0,2025-2026,True,OH,5,False,False
2026-03-14,New Mexico,50.0,76.0,45.0,2025-2026,True,NM,6,False,False
2026-03-14,Idaho,17.0,43.0,14.0,2025-2026,True,ID,10,False,False
2026-03-14,Missouri,24.0,126.0,22.0,2025-2026,True,MO,7,False,False
2026-03-14,Oklahoma,47.0,102.0,41.0,2025-2026,True,OK,6,False,False
2026-03-14,District of Columbia,0.0,8.0,0.0,2025-2026,True,DC,3,False,False
2026-03-14,Minnesota,69.0,150.0,60.0,2025-2026,True,MN,5,False,True
2026-03-14,Montana,31.0,40.0,26.0,2025-2026,True,MT,8,False,False
2026-03-14,Connecticut,23.0,99.0,22.0,2025-2026,True,CT,1,False,False
2026-03-14,Maine,12.0,28.0,12.0,2025-2026,True,ME,1,False,False
2026-03-14,Texas,223.0,402.0,197.0,2025-2026,True,TX,6,False,False
2026-03-14,Arkansas,32.0,57.0,28.0,2025-2026,True,AR,6,True,False
2026-03-14,Florida,82.0,301.0,73.0,2025-2026,True,FL,4,False,False
2026-03-14,West Virginia,37.0,82.0,30.0,2025-2026,True,WV,3,False,False
2026-03-14,Hawaii,10.0,17.0,10.0,2025-2026,True,HI,9,False,False
2026-03-14,Kentucky,30.0,112.0,26.0,2025-2026,True,KY,4,False,False
2026-03-14,Maryland,26.0,103.0,23.0,2025-2026,True,MD,3,False,False
2026-03-14,Nebraska,38.0,61.0,30.0,2025-2026,True,NE,7,False,False
2026-03-14,Washington,19.0,57.0,18.0,2025-2026,True,WA,10,False,False
2026-03-14,Utah,20.0,59.0,20.0,2025-2026,True,UT,8,False,False
2026-03-14,Delaware,23.0,39.0,20.0,2025-2026,True,DE,3,False,False
2026-03-14,Virginia,22.0,99.0,19.0,2025-2026,True,VA,3,False,False
2026-03-14,Wyoming,24.0,36.0,22.0,2025-2026,True,WY,8,False,False
2026-03-14,Iowa,43.0,94.0,41.0,2025-2026,True,IA,7,False,False
2026-03-14,Mississippi,29.0,52.0,24.0,2025-2026,True,MS,4,True,False
2026-03-14,New Jersey,52.0,293.0,45.0,2025-2026,True,NJ,2,False,False
2026-03-21,Kansas,19.0,54.0,16.0,2025-2026,True,KS,7,False,False
2026-03-21,Wisconsin,55.0,191.0,53.0,2025-2026,True,WI,5,False,False
2026-03-21,Vermont,2.0,14.0,2.0,2025-2026,True,VT,1,False,False
2026-03-21,Indiana,57.0,164.0,54.0,2025-2026,True,IN,5,False,False
2026-03-21,North Dakota,20.0,29.0,19.0,2025-2026,True,ND,8,False,False
2026-03-21,Oregon,23.0,68.0,22.0,2025-2026,True,OR,10,False,False
2026-03-21,Pennsylvania,124.0,547.0,108.0,2025-2026,True,PA,3,False,False
2026-03-21,Alaska,8.0,22.0,8.0,2025-2026,True,AK,10,False,False
2026-03-21,Louisiana,38.0,82.0,37.0,2025-2026,True,LA,6,True,False
2026-03-21,Massachusetts,66.0,170.0,59.0,2025-2026,True,MA,1,False,False
2026-03-21,North Carolina,85.0,218.0,80.0,2025-2026,True,NC,4,True,False
2026-03-21,South Dakota,14.0,32.0,13.0,2025-2026,True,SD,8,False,False
2026-03-21,Alabama,12.0,35.0,12.0,2025-2026,True,AL,4,True,False
2026-03-21,Tennessee,44.0,120.0,42.0,2025-2026,True,TN,4,True,False
2026-03-21,South Carolina,27.0,66.0,21.0,2025-2026,True,SC,4,True,False
2026-03-21,Arizona,52.0,105.0,46.0,2025-2026,True,AZ,9,False,False
2026-03-21,Michigan,113.0,282.0,103.0,2025-2026,True,MI,5,False,False
2026-03-21,Colorado,98.0,180.0,94.0,2025-2026,True,CO,8,False,False
2026-03-21,Illinois,70.0,304.0,57.0,2025-2026,True,IL,5,False,False
2026-03-21,New Hampshire,6.0,42.0,6.0,2025-2026,True,NH,1,False,False
2026-03-21,Rhode Island,3.0,44.0,2.0,2025-2026,True,RI,1,False,False
2026-03-21,California,199.0,453.0,169.0,2025-2026,True,CA,9,False,False
2026-03-21,Georgia,45.0,110.0,38.0,2025-2026,True,GA,4,True,False
2026-03-21,Nevada,34.0,75.0,29.0,2025-2026,True,NV,9,False,False
2026-03-21,New York,138.0,601.0,113.0,2025-2026,True,NY,2,False,True
2026-03-21,Ohio,95.0,320.0,84.0,2025-2026,True,OH,5,False,False
2026-03-21,New Mexico,41.0,77.0,37.0,2025-2026,True,NM,6,False,False
2026-03-21,Idaho,17.0,44.0,16.0,2025-2026,True,ID,10,False,False
2026-03-21,Missouri,38.0,125.0,37.0,2025-2026,True,MO,7,False,False
2026-03-21,Oklahoma,19.0,81.0,19.0,2025-2026,True,OK,6,False,False
2026-03-21,District of Columbia,0.0,4.0,0.0,2025-2026,True,DC,3,False,False
2026-03-21,Minnesota,60.0,143.0,54.0,2025-2026,True,MN,5,False,True
2026-03-21,Montana,18.0,33.0,17.0,2025-2026,True,MT,8,False,False
2026-03-21,Connecticut,19.0,92.0,15.0,2025-2026,True,CT,1,False,False
2026-03-21,Maine,6.0,22.0,6.0,2025-2026,True,ME,1,False,False
2026-03-21,Texas,214.0,397.0,188.0,2025-2026,True,TX,6,False,False
2026-03-21,Arkansas,31.0,44.0,29.0,2025-2026,True,AR,6,True,False
2026-03-21,Florida,77.0,291.0,65.0,2025-2026,True,FL,4,False,False
2026-03-21,West Virginia,29.0,91.0,20.0,2025-2026,True,WV,3,False,False
2026-03-21,Hawaii,12.0,21.0,11.0,2025-2026,True,HI,9,False,False
2026-03-21,Kentucky,28.0,97.0,28.0,2025-2026,True,KY,4,False,False
2026-03-21,Maryland,15.0,58.0,10.0,2025-2026,True,MD,3,False,False
2026-03-21,Nebraska,43.0,66.0,37.0,2025-2026,True,NE,7,False,False
2026-03-21,Washington,13.0,71.0,10.0,2025-2026,True,WA,10,False,False
2026-03-21,Utah,22.0,49.0,19.0,2025-2026,True,UT,8,False,False
2026-03-21,Delaware,13.0,28.0,11.0,2025-2026,True,DE,3,False,False
2026-03-21,Virginia,10.0,56.0,8.0,2025-2026,True,VA,3,False,False
2026-03-21,Wyoming,21.0,23.0,21.0,2025-2026,True,WY,8,False,False
2026-03-21,Iowa,36.0,80.0,34.0,2025-2026,True,IA,7,False,False
2026-03-21,Mississippi,15.0,35.0,12.0,2025-2026,True,MS,4,True,False
2026-03-21,New Jersey,51.0,230.0,45.0,2025-2026,True,NJ,2,False,False
2026-03-28,Kansas,16.0,40.0,15.0,2025-2026,True,KS,7,False,False
2026-03-28,Wisconsin,12.0,126.0,11.0,2025-2026,True,WI,5,False,False
2026-03-28,Vermont,2.0,13.0,2.0,2025-2026,True,VT,1,False,False
2026-03-28,Indiana,23.0,74.0,20.0,2025-2026,True,IN,5,False,False
2026-03-28,North Dakota,16.0,27.0,14.0,2025-2026,True,ND,8,False,False
2026-03-28,Oregon,5.0,33.0,5.0,2025-2026,True,OR,10,False,False
2026-03-28,Pennsylvania,50.0,326.0,42.0,2025-2026,True,PA,3,False,False
2026-03-28,Alaska,4.0,6.0,4.0,2025-2026,True,AK,10,False,False
2026-03-28,Louisiana,9.0,25.0,9.0,2025-2026,True,LA,6,True,False
2026-03-28,Massachusetts,66.0,139.0,47.0,2025-2026,True,MA,1,False,False
2026-03-28,North Carolina,25.0,84.0,25.0,2025-2026,True,NC,4,True,False
2026-03-28,South Dakota,15.0,23.0,15.0,2025-2026,True,SD,8,False,False
2026-03-28,Alabama,17.0,38.0,15.0,2025-2026,True,AL,4,True,False
2026-03-28,Tennessee,18.0,50.0,16.0,2025-2026,True,TN,4,True,False
2026-03-28,South Carolina,5.0,15.0,5.0,2025-2026,True,SC,4,True,False
2026-03-28,Arizona,26.0,69.0,23.0,2025-2026,True,AZ,9,False,False
2026-03-28,Michigan,70.0,221.0,61.0,2025-2026,True,MI,5,False,False
2026-03-28,Colorado,40.0,70.0,39.0,2025-2026,True,CO,8,False,False
2026-03-28,Illinois,51.0,195.0,47.0,2025-2026,True,IL,5,False,False
2026-03-28,New Hampshire,1.0,18.0,1.0,2025-2026,True,NH,1,False,False
2026-03-28,Rhode Island,9.0,33.0,8.0,2025-2026,True,RI,1,False,False
2026-03-28,California,150.0,362.0,130.0,2025-2026,True,CA,9,False,False
2026-03-28,Georgia,15.0,66.0,13.0,2025-2026,True,GA,4,True,False
2026-03-28,Nevada,11.0,17.0,8.0,2025-2026,True,NV,9,False,False
2026-03-28,New York,94.0,401.0,85.0,2025-2026,True,NY,2,False,True
2026-03-28,Ohio,41.0,102.0,30.0,2025-2026,True,OH,5,False,False
2026-03-28,New Mexico,33.0,45.0,30.0,2025-2026,True,NM,6,False,False
2026-03-28,Idaho,26.0,47.0,24.0,2025-2026,True,ID,10,False,False
2026-03-28,Missouri,29.0,104.0,26.0,2025-2026,True,MO,7,False,False
2026-03-28,Oklahoma,2.0,35.0,1.0,2025-2026,True,OK,6,False,False
2026-03-28,District of Columbia,0.0,1.0,0.0,2025-2026,True,DC,3,False,False
2026-03-28,Minnesota,39.0,63.0,36.0,2025-2026,True,MN,5,False,True
2026-03-28,Montana,9.0,11.0,9.0,2025-2026,True,MT,8,False,False
2026-03-28,Connecticut,18.0,77.0,17.0,2025-2026,True,CT,1,False,False
2026-03-28,Maine,2.0,16.0,2.0,2025-2026,True,ME,1,False,False
2026-03-28,Texas,79.0,193.0,67.0,2025-2026,True,TX,6,False,False
2026-03-28,Arkansas,25.0,38.0,23.0,2025-2026,True,AR,6,True,False
2026-03-28,Florida,42.0,194.0,39.0,2025-2026,True,FL,4,False,False
2026-03-28,West Virginia,25.0,59.0,23.0,2025-2026,True,WV,3,False,False
2026-03-28,Hawaii,2.0,5.0,2.0,2025-2026,True,HI,9,False,False
2026-03-28,Kentucky,13.0,61.0,13.0,2025-2026,True,KY,4,False,False
2026-03-28,Maryland,6.0,20.0,6.0,2025-2026,True,MD,3,False,False
2026-03-28,Nebraska,9.0,31.0,9.0,2025-2026,True,NE,7,False,False
2026-03-28,Washington,14.0,53.0,13.0,2025-2026,True,WA,10,False,False
2026-03-28,Utah,8.0,12.0,8.0,2025-2026,True,UT,8,False,False
2026-03-28,Delaware,2.0,15.0,2.0,2025-2026,True,DE,3,False,False
2026-03-28,Virginia,8.0,24.0,8.0,2025-2026,True,VA,3,False,False
2026-03-28,Wyoming,15.0,28.0,13.0,2025-2026,True,WY,8,False,False
2026-03-28,Iowa,24.0,55.0,24.0,2025-2026,True,IA,7,False,False
2026-03-28,Mississippi,7.0,17.0,7.0,2025-2026,True,MS,4,True,False
2026-03-28,New Jersey,18.0,100.0,16.0,2025-2026,True,NJ,2,False,False
2026-04-04,Kansas,16.0,34.0,16.0,2025-2026,False,KS,7,False,False
2026-04-04,Wisconsin,22.0,135.0,21.0,2025-2026,False,WI,5,False,False
2026-04-04,Vermont,3.0,17.0,2.0,2025-2026,False,VT,1,False,False
2026-04-04,Indiana,29.0,87.0,27.0,2025-2026,False,IN,5,False,False
2026-04-04,North Dakota,15.0,29.0,14.0,2025-2026,False,ND,8,False,False
2026-04-04,Oregon,2.0,24.0,2.0,2025-2026,False,OR,10,False,False
2026-04-04,Pennsylvania,58.0,296.0,45.0,2025-2026,False,PA,3,False,False
2026-04-04,Alaska,4.0,6.0,3.0,2025-2026,False,AK,10,False,False
2026-04-04,Louisiana,4.0,18.0,3.0,2025-2026,False,LA,6,True,False
2026-04-04,Massachusetts,42.0,119.0,33.0,2025-2026,False,MA,1,False,False
2026-04-04,North Carolina,27.0,62.0,25.0,2025-2026,False,NC,4,True,False
2026-04-04,South Dakota,4.0,13.0,2.0,2025-2026,False,SD,8,False,False
2026-04-04,Alabama,10.0,28.0,10.0,2025-2026,False,AL,4,True,False
2026-04-04,Tennessee,15.0,41.0,11.0,2025-2026,False,TN,4,True,False
2026-04-04,South Carolina,2.0,6.0,2.0,2025-2026,False,SC,4,True,False
2026-04-04,Arizona,27.0,55.0,24.0,2025-2026,False,AZ,9,False,False
2026-04-04,Michigan,53.0,167.0,49.0,2025-2026,False,MI,5,False,False
2026-04-04,Colorado,48.0,71.0,45.0,2025-2026,False,CO,8,False,False
2026-04-04,Illinois,36.0,125.0,32.0,2025-2026,False,IL,5,False,False
2026-04-04,New Hampshire,1.0,21.0,1.0,2025-2026,False,NH,1,False,False
2026-04-04,Rhode Island,5.0,27.0,5.0,2025-2026,False,RI,1,False,False
2026-04-04,California,110.0,272.0,101.0,2025-2026,False,CA,9,False,False
2026-04-04,Georgia,14.0,58.0,10.0,2025-2026,False,GA,4,True,False
2026-04-04,Nevada,5.0,10.0,5.0,2025-2026,False,NV,9,False,False
2026-04-04,New York,59.0,330.0,53.0,2025-2026,False,NY,2,False,True
2026-04-04,Ohio,33.0,75.0,31.0,2025-2026,False,OH,5,False,False
2026-04-04,New Mexico,24.0,31.0,22.0,2025-2026,False,NM,6,False,False
2026-04-04,Idaho,7.0,31.0,6.0,2025-2026,False,ID,10,False,False
2026-04-04,Missouri,32.0,73.0,32.0,2025-2026,False,MO,7,False,False
2026-04-04,Oklahoma,16.0,35.0,13.0,2025-2026,False,OK,6,False,False
2026-04-04,District of Columbia,0.0,0.0,0.0,2025-2026,False,DC,3,False,False
2026-04-04,Minnesota,35.0,58.0,30.0,2025-2026,False,MN,5,False,True
2026-04-04,Montana,13.0,19.0,13.0,2025-2026,False,MT,8,False,False
2026-04-04,Connecticut,12.0,59.0,11.0,2025-2026,False,CT,1,False,False
2026-04-04,Maine,1.0,12.0,1.0,2025-2026,False,ME,1,False,False
2026-04-04,Texas,51.0,124.0,47.0,2025-2026,False,TX,6,False,False
2026-04-04,Arkansas,12.0,30.0,11.0,2025-2026,False,AR,6,True,False
2026-04-04,Florida,37.0,148.0,35.0,2025-2026,False,FL,4,False,False
2026-04-04,West Virginia,26.0,55.0,26.0,2025-2026,False,WV,3,False,False
2026-04-04,Hawaii,2.0,5.0,2.0,2025-2026,False,HI,9,False,False
2026-04-04,Kentucky,6.0,45.0,6.0,2025-2026,False,KY,4,False,False
2026-04-04,Maryland,4.0,11.0,4.0,2025-2026,False,MD,3,False,False
2026-04-04,Nebraska,10.0,16.0,10.0,2025-2026,False,NE,7,False,False
2026-04-04,Washington,9.0,49.0,8.0,2025-2026,False,WA,10,False,False
2026-04-04,Utah,2.0,3.0,2.0,2025-2026,False,UT,8,False,False
2026-04-04,Delaware,0.0,9.0,0.0,2025-2026,False,DE,3,False,False
2026-04-04,Virginia,15.0,40.0,14.0,2025-2026,False,VA,3,False,False
2026-04-04,Wyoming,11.0,27.0,10.0,2025-2026,False,WY,8,False,False
2026-04-04,Iowa,21.0,53.0,21.0,2025-2026,False,IA,7,False,False
2026-04-04,Mississippi,4.0,14.0,4.0,2025-2026,False,MS,4,True,False
2026-04-04,New Jersey,11.0,76.0,11.0,2025-2026,False,NJ,2,False,False
2026-04-11,Kansas,9.0,29.0,9.0,2025-2026,False,KS,7,False,False
2026-04-11,Wisconsin,18.0,97.0,16.0,2025-2026,False,WI,5,False,False
2026-04-11,Vermont,2.0,10.0,2.0,2025-2026,False,VT,1,False,False
2026-04-11,Indiana,16.0,59.0,16.0,2025-2026,False,IN,5,False,False
2026-04-11,North Dakota,14.0,25.0,11.0,2025-2026,False,ND,8,False,False
2026-04-11,Oregon,3.0,18.0,3.0,2025-2026,False,OR,10,False,False
2026-04-11,Pennsylvania,62.0,290.0,48.0,2025-2026,False,PA,3,False,False
2026-04-11,Alaska,5.0,10.0,4.0,2025-2026,False,AK,10,False,False
2026-04-11,Louisiana,4.0,12.0,4.0,2025-2026,False,LA,6,True,False
2026-04-11,Massachusetts,43.0,121.0,36.0,2025-2026,False,MA,1,False,False
2026-04-11,North Carolina,19.0,60.0,12.0,2025-2026,False,NC,4,True,False
2026-04-11,South Dakota,5.0,14.0,5.0,2025-2026,False,SD,8,False,False
2026-04-11,Alabama,7.0,23.0,5.0,2025-2026,False,AL,4,True,False
2026-04-11,Tennessee,15.0,43.0,12.0,2025-2026,False,TN,4,True,False
2026-04-11,South Carolina,7.0,13.0,7.0,2025-2026,False,SC,4,True,False
2026-04-11,Arizona,23.0,49.0,18.0,2025-2026,False,AZ,9,False,False
2026-04-11,Michigan,62.0,181.0,59.0,2025-2026,False,MI,5,False,False
2026-04-11,Colorado,27.0,43.0,22.0,2025-2026,False,CO,8,False,False
2026-04-11,Illinois,47.0,175.0,45.0,2025-2026,False,IL,5,False,False
2026-04-11,New Hampshire,0.0,28.0,0.0,2025-2026,False,NH,1,False,False
2026-04-11,Rhode Island,5.0,31.0,3.0,2025-2026,False,RI,1,False,False
2026-04-11,California,88.0,226.0,75.0,2025-2026,False,CA,9,False,False
2026-04-11,Georgia,9.0,44.0,8.0,2025-2026,False,GA,4,True,False
2026-04-11,Nevada,7.0,14.0,7.0,2025-2026,False,NV,9,False,False
2026-04-11,New York,58.0,291.0,49.0,2025-2026,False,NY,2,False,True
2026-04-11,Ohio,44.0,87.0,33.0,2025-2026,False,OH,5,False,False
2026-04-11,New Mexico,14.0,21.0,9.0,2025-2026,False,NM,6,False,False
2026-04-11,Idaho,4.0,15.0,4.0,2025-2026,False,ID,10,False,False
2026-04-11,Missouri,11.0,34.0,9.0,2025-2026,False,MO,7,False,False
2026-04-11,Oklahoma,1.0,18.0,1.0,2025-2026,False,OK,6,False,False
2026-04-11,District of Columbia,0.0,1.0,0.0,2025-2026,False,DC,3,False,False
2026-04-11,Minnesota,24.0,51.0,24.0,2025-2026,False,MN,5,False,True
2026-04-11,Montana,15.0,34.0,14.0,2025-2026,False,MT,8,False,False
2026-04-11,Connecticut,5.0,48.0,4.0,2025-2026,False,CT,1,False,False
2026-04-11,Maine,1.0,13.0,1.0,2025-2026,False,ME,1,False,False
2026-04-11,Texas,41.0,100.0,35.0,2025-2026,False,TX,6,False,False
2026-04-11,Arkansas,13.0,26.0,13.0,2025-2026,False,AR,6,True,False
2026-04-11,Florida,45.0,141.0,40.0,2025-2026,False,FL,4,False,False
2026-04-11,West Virginia,20.0,50.0,19.0,2025-2026,False,WV,3,False,False
2026-04-11,Hawaii,1.0,2.0,1.0,2025-2026,False,HI,9,False,False
2026-04-11,Kentucky,7.0,49.0,5.0,2025-2026,False,KY,4,False,False
2026-04-11,Maryland,5.0,11.0,4.0,2025-2026,False,MD,3,False,False
2026-04-11,Nebraska,14.0,31.0,14.0,2025-2026,False,NE,7,False,False
2026-04-11,Washington,10.0,42.0,8.0,2025-2026,False,WA,10,False,False
2026-04-11,Utah,2.0,4.0,2.0,2025-2026,False,UT,8,False,False
2026-04-11,Delaware,0.0,9.0,0.0,2025-2026,False,DE,3,False,False
2026-04-11,Virginia,9.0,18.0,8.0,2025-2026,False,VA,3,False,False
2026-04-11,Wyoming,10.0,24.0,10.0,2025-2026,False,WY,8,False,False
2026-04-11,Iowa,15.0,40.0,14.0,2025-2026,False,IA,7,False,False
2026-04-11,Mississippi,0.0,8.0,0.0,2025-2026,False,MS,4,True,False
2026-04-11,New Jersey,17.0,70.0,15.0,2025-2026,False,NJ,2,False,False
2026-04-18,Kansas,6.0,20.0,6.0,2025-2026,False,KS,7,False,False
2026-04-18,Wisconsin,11.0,90.0,11.0,2025-2026,False,WI,5,False,False
2026-04-18,Vermont,2.0,14.0,2.0,2025-2026,False,VT,1,False,False
2026-04-18,Indiana,17.0,67.0,13.0,2025-2026,False,IN,5,False,False
2026-04-18,North Dakota,11.0,15.0,11.0,2025-2026,False,ND,8,False,False
2026-04-18,Oregon,2.0,33.0,2.0,2025-2026,False,OR,10,False,False
2026-04-18,Pennsylvania,44.0,234.0,41.0,2025-2026,False,PA,3,False,False
2026-04-18,Alaska,3.0,6.0,3.0,2025-2026,False,AK,10,False,False
2026-04-18,Louisiana,8.0,30.0,6.0,2025-2026,False,LA,6,True,False
2026-04-18,Massachusetts,27.0,79.0,25.0,2025-2026,False,MA,1,False,False
2026-04-18,North Carolina,10.0,45.0,8.0,2025-2026,False,NC,4,True,False
2026-04-18,South Dakota,3.0,15.0,3.0,2025-2026,False,SD,8,False,False
2026-04-18,Alabama,13.0,29.0,9.0,2025-2026,False,AL,4,True,False
2026-04-18,Tennessee,7.0,25.0,5.0,2025-2026,False,TN,4,True,False
2026-04-18,South Carolina,3.0,13.0,3.0,2025-2026,False,SC,4,True,False
2026-04-18,Arizona,22.0,38.0,22.0,2025-2026,False,AZ,9,False,False
2026-04-18,Michigan,50.0,153.0,44.0,2025-2026,False,MI,5,False,False
2026-04-18,Colorado,24.0,36.0,22.0,2025-2026,False,CO,8,False,False
2026-04-18,Illinois,27.0,137.0,25.0,2025-2026,False,IL,5,False,False
2026-04-18,New Hampshire,1.0,19.0,1.0,2025-2026,False,NH,1,False,False
2026-04-18,Rhode Island,2.0,17.0,2.0,2025-2026,False,RI,1,False,False
2026-04-18,California,57.0,188.0,50.0,2025-2026,False,CA,9,False,False
2026-04-18,Georgia,20.0,43.0,20.0,2025-2026,False,GA,4,True,False
2026-04-18,Nevada,2.0,6.0,2.0,2025-2026,False,NV,9,False,False
2026-04-18,New York,40.0,253.0,37.0,2025-2026,False,NY,2,False,True
2026-04-18,Ohio,25.0,65.0,21.0,2025-2026,False,OH,5,False,False
2026-04-18,New Mexico,18.0,25.0,17.0,2025-2026,False,NM,6,False,False
2026-04-18,Idaho,5.0,24.0,5.0,2025-2026,False,ID,10,False,False
2026-04-18,Missouri,15.0,48.0,10.0,2025-2026,False,MO,7,False,False
2026-04-18,Oklahoma,0.0,9.0,0.0,2025-2026,False,OK,6,False,False
2026-04-18,District of Columbia,0.0,0.0,0.0,2025-2026,False,DC,3,False,False
2026-04-18,Minnesota,17.0,44.0,16.0,2025-2026,False,MN,5,False,True
2026-04-18,Montana,10.0,19.0,9.0,2025-2026,False,MT,8,False,False
2026-04-18,Connecticut,4.0,30.0,4.0,2025-2026,False,CT,1,False,False
2026-04-18,Maine,1.0,7.0,1.0,2025-2026,False,ME,1,False,False
2026-04-18,Texas,40.0,91.0,37.0,2025-2026,False,TX,6,False,False
2026-04-18,Arkansas,15.0,24.0,14.0,2025-2026,False,AR,6,True,False
2026-04-18,Florida,25.0,126.0,21.0,2025-2026,False,FL,4,False,False
2026-04-18,West Virginia,27.0,74.0,23.0,2025-2026,False,WV,3,False,False
2026-04-18,Hawaii,0.0,2.0,0.0,2025-2026,False,HI,9,False,False
2026-04-18,Kentucky,3.0,34.0,3.0,2025-2026,False,KY,4,False,False
2026-04-18,Maryland,0.0,10.0,0.0,2025-2026,False,MD,3,False,False
2026-04-18,Nebraska,9.0,32.0,9.0,2025-2026,False,NE,7,False,False
2026-04-18,Washington,5.0,40.0,4.0,2025-2026,False,WA,10,False,False
2026-04-18,Utah,3.0,7.0,3.0,2025-2026,False,UT,8,False,False
2026-04-18,Delaware,0.0,5.0,0.0,2025-2026,False,DE,3,False,False
2026-04-18,Virginia,4.0,14.0,2.0,2025-2026,False,VA,3,False,False
2026-04-18,Wyoming,11.0,20.0,11.0,2025-2026,False,WY,8,False,False
2026-04-18,Iowa,8.0,35.0,8.0,2025-2026,False,IA,7,False,False
2026-04-18,Mississippi,3.0,12.0,3.0,2025-2026,False,MS,4,True,False
2026-04-18,New Jersey,9.0,39.0,9.0,2025-2026,False,NJ,2,False,False
2026-04-25,Kansas,6.0,19.0,6.0,2025-2026,False,KS,7,False,False
2026-04-25,Wisconsin,20.0,88.0,18.0,2025-2026,False,WI,5,False,False
2026-04-25,Vermont,5.0,11.0,5.0,2025-2026,False,VT,1,False,False
2026-04-25,Indiana,20.0,66.0,20.0,2025-2026,False,IN,5,False,False
2026-04-25,North Dakota,9.0,21.0,9.0,2025-2026,False,ND,8,False,False
2026-04-25,Oregon,7.0,32.0,6.0,2025-2026,False,OR,10,False,False
2026-04-25,Pennsylvania,29.0,193.0,28.0,2025-2026,False,PA,3,False,False
2026-04-25,Alaska,6.0,7.0,5.0,2025-2026,False,AK,10,False,False
2026-04-25,Louisiana,7.0,16.0,7.0,2025-2026,False,LA,6,True,False
2026-04-25,Massachusetts,18.0,67.0,17.0,2025-2026,False,MA,1,False,False
2026-04-25,North Carolina,34.0,87.0,24.0,2025-2026,False,NC,4,True,False
2026-04-25,South Dakota,7.0,17.0,7.0,2025-2026,False,SD,8,False,False
2026-04-25,Alabama,3.0,8.0,3.0,2025-2026,False,AL,4,True,False
2026-04-25,Tennessee,28.0,54.0,28.0,2025-2026,False,TN,4,True,False
2026-04-25,South Carolina,8.0,26.0,8.0,2025-2026,False,SC,4,True,False
2026-04-25,Arizona,22.0,50.0,20.0,2025-2026,False,AZ,9,False,False
2026-04-25,Michigan,27.0,117.0,26.0,2025-2026,False,MI,5,False,False
2026-04-25,Colorado,32.0,63.0,32.0,2025-2026,False,CO,8,False,False
2026-04-25,Illinois,24.0,106.0,22.0,2025-2026,False,IL,5,False,False
2026-04-25,New Hampshire,4.0,22.0,1.0,2025-2026,False,NH,1,False,False
2026-04-25,Rhode Island,0.0,5.0,0.0,2025-2026,False,RI,1,False,False
2026-04-25,California,57.0,167.0,52.0,2025-2026,False,CA,9,False,False
2026-04-25,Georgia,19.0,40.0,18.0,2025-2026,False,GA,4,True,False
2026-04-25,Nevada,8.0,15.0,8.0,2025-2026,False,NV,9,False,False
2026-04-25,New York,34.0,189.0,31.0,2025-2026,False,NY,2,False,True
2026-04-25,Ohio,23.0,122.0,19.0,2025-2026,False,OH,5,False,False
2026-04-25,New Mexico,12.0,19.0,12.0,2025-2026,False,NM,6,False,False
2026-04-25,Idaho,4.0,16.0,3.0,2025-2026,False,ID,10,False,False
2026-04-25,Missouri,8.0,39.0,8.0,2025-2026,False,MO,7,False,False
2026-04-25,Oklahoma,4.0,14.0,3.0,2025-2026,False,OK,6,False,False
2026-04-25,District of Columbia,0.0,0.0,0.0,2025-2026,False,DC,3,False,False
2026-04-25,Minnesota,30.0,73.0,29.0,2025-2026,False,MN,5,False,True
2026-04-25,Montana,3.0,23.0,3.0,2025-2026,False,MT,8,False,False
2026-04-25,Connecticut,5.0,24.0,5.0,2025-2026,False,CT,1,False,False
2026-04-25,Maine,4.0,17.0,3.0,2025-2026,False,ME,1,False,False
2026-04-25,Texas,59.0,164.0,50.0,2025-2026,False,TX,6,False,False
2026-04-25,Arkansas,8.0,17.0,7.0,2025-2026,False,AR,6,True,False
2026-04-25,Florida,43.0,173.0,39.0,2025-2026,False,FL,4,False,False
2026-04-25,West Virginia,14.0,53.0,13.0,2025-2026,False,WV,3,False,False
2026-04-25,Hawaii,4.0,11.0,4.0,2025-2026,False,HI,9,False,False
2026-04-25,Kentucky,14.0,53.0,13.0,2025-2026,False,KY,4,False,False
2026-04-25,Maryland,2.0,15.0,1.0,2025-2026,False,MD,3,False,False
2026-04-25,Nebraska,12.0,39.0,12.0,2025-2026,False,NE,7,False,False
2026-04-25,Washington,1.0,28.0,1.0,2025-2026,False,WA,10,False,False
2026-04-25,Utah,4.0,14.0,4.0,2025-2026,False,UT,8,False,False
2026-04-25,Delaware,4.0,8.0,2.0,2025-2026,False,DE,3,False,False
2026-04-25,Virginia,14.0,46.0,11.0,2025-2026,False,VA,3,False,False
2026-04-25,Wyoming,8.0,14.0,8.0,2025-2026,False,WY,8,False,False
2026-04-25,Iowa,11.0,40.0,11.0,2025-2026,False,IA,7,False,False
2026-04-25,Mississippi,1.0,17.0,1.0,2025-2026,False,MS,4,True,False
2026-04-25,New Jersey,17.0,57.0,16.0,2025-2026,False,NJ,2,False,False
2026-05-02,Kansas,1.0,14.0,1.0,2025-2026,False,KS,7,False,False
2026-05-02,Wisconsin,10.0,70.0,10.0,2025-2026,False,WI,5,False,False
2026-05-02,Vermont,0.0,7.0,0.0,2025-2026,False,VT,1,False,False
2026-05-02,Indiana,8.0,51.0,8.0,2025-2026,False,IN,5,False,False
2026-05-02,North Dakota,8.0,14.0,7.0,2025-2026,False,ND,8,False,False
2026-05-02,Oregon,4.0,22.0,4.0,2025-2026,False,OR,10,False,False
2026-05-02,Pennsylvania,29.0,182.0,25.0,2025-2026,False,PA,3,False,False
2026-05-02,Alaska,1.0,2.0,1.0,2025-2026,False,AK,10,False,False
2026-05-02,Louisiana,8.0,16.0,8.0,2025-2026,False,LA,6,True,False
2026-05-02,Massachusetts,19.0,59.0,16.0,2025-2026,False,MA,1,False,False
2026-05-02,North Carolina,20.0,75.0,17.0,2025-2026,False,NC,4,True,False
2026-05-02,South Dakota,7.0,17.0,6.0,2025-2026,False,SD,8,False,False
2026-05-02,Alabama,5.0,11.0,4.0,2025-2026,False,AL,4,True,False
2026-05-02,Tennessee,27.0,50.0,20.0,2025-2026,False,TN,4,True,False
2026-05-02,South Carolina,5.0,18.0,4.0,2025-2026,False,SC,4,True,False
2026-05-02,Arizona,14.0,30.0,13.0,2025-2026,False,AZ,9,False,False
2026-05-02,Michigan,32.0,104.0,31.0,2025-2026,False,MI,5,False,False
2026-05-02,Colorado,18.0,42.0,17.0,2025-2026,False,CO,8,False,False
2026-05-02,Illinois,15.0,76.0,14.0,2025-2026,False,IL,5,False,False
2026-05-02,New Hampshire,3.0,16.0,2.0,2025-2026,False,NH,1,False,False
2026-05-02,Rhode Island,2.0,7.0,2.0,2025-2026,False,RI,1,False,False
2026-05-02,California,46.0,113.0,40.0,2025-2026,False,CA,9,False,False
2026-05-02,Georgia,14.0,29.0,12.0,2025-2026,False,GA,4,True,False
2026-05-02,Nevada,5.0,23.0,5.0,2025-2026,False,NV,9,False,False
2026-05-02,New York,23.0,118.0,16.0,2025-2026,False,NY,2,False,True
2026-05-02,Ohio,27.0,109.0,25.0,2025-2026,False,OH,5,False,False
2026-05-02,New Mexico,11.0,16.0,9.0,2025-2026,False,NM,6,False,False
2026-05-02,Idaho,2.0,10.0,1.0,2025-2026,False,ID,10,False,False
2026-05-02,Missouri,11.0,32.0,9.0,2025-2026,False,MO,7,False,False
2026-05-02,Oklahoma,3.0,10.0,3.0,2025-2026,False,OK,6,False,False
2026-05-02,District of Columbia,0.0,1.0,0.0,2025-2026,False,DC,3,False,False
2026-05-02,Minnesota,22.0,57.0,22.0,2025-2026,False,MN,5,False,True
2026-05-02,Montana,5.0,26.0,5.0,2025-2026,False,MT,8,False,False
2026-05-02,Connecticut,1.0,27.0,1.0,2025-2026,False,CT,1,False,False
2026-05-02,Maine,3.0,11.0,3.0,2025-2026,False,ME,1,False,False
2026-05-02,Texas,36.0,101.0,32.0,2025-2026,False,TX,6,False,False
2026-05-02,Arkansas,9.0,16.0,8.0,2025-2026,False,AR,6,True,False
2026-05-02,Florida,59.0,160.0,56.0,2025-2026,False,FL,4,False,False
2026-05-02,West Virginia,8.0,33.0,8.0,2025-2026,False,WV,3,False,False
2026-05-02,Hawaii,4.0,11.0,4.0,2025-2026,False,HI,9,False,False
2026-05-02,Kentucky,14.0,40.0,11.0,2025-2026,False,KY,4,False,False
2026-05-02,Maryland,2.0,9.0,2.0,2025-2026,False,MD,3,False,False
2026-05-02,Nebraska,11.0,23.0,10.0,2025-2026,False,NE,7,False,False
2026-05-02,Washington,2.0,34.0,1.0,2025-2026,False,WA,10,False,False
2026-05-02,Utah,8.0,13.0,8.0,2025-2026,False,UT,8,False,False
2026-05-02,Delaware,4.0,8.0,4.0,2025-2026,False,DE,3,False,False
2026-05-02,Virginia,8.0,33.0,7.0,2025-2026,False,VA,3,False,False
2026-05-02,Wyoming,4.0,5.0,1.0,2025-2026,False,WY,8,False,False
2026-05-02,Iowa,7.0,24.0,6.0,2025-2026,False,IA,7,False,False
2026-05-02,Mississippi,5.0,10.0,5.0,2025-2026,False,MS,4,True,False
2026-05-02,New Jersey,7.0,55.0,7.0,2025-2026,False,NJ,2,False,False
2026-05-09,Kansas,3.0,12.0,3.0,2025-2026,False,KS,7,False,False
2026-05-09,Wisconsin,15.0,52.0,14.0,2025-2026,False,WI,5,False,False
2026-05-09,Vermont,0.0,6.0,0.0,2025-2026,False,VT,1,False,False
2026-05-09,Indiana,7.0,41.0,5.0,2025-2026,False,IN,5,False,False
2026-05-09,North Dakota,6.0,11.0,6.0,2025-2026,False,ND,8,False,False
2026-05-09,Oregon,4.0,15.0,3.0,2025-2026,False,OR,10,False,False
2026-05-09,Pennsylvania,16.0,122.0,13.0,2025-2026,False,PA,3,False,False
2026-05-09,Alaska,1.0,2.0,1.0,2025-2026,False,AK,10,False,False
2026-05-09,Louisiana,5.0,20.0,5.0,2025-2026,False,LA,6,True,False
2026-05-09,Massachusetts,17.0,40.0,13.0,2025-2026,False,MA,1,False,False
2026-05-09,North Carolina,29.0,55.0,25.0,2025-2026,False,NC,4,True,False
2026-05-09,South Dakota,6.0,10.0,5.0,2025-2026,False,SD,8,False,False
2026-05-09,Alabama,6.0,17.0,4.0,2025-2026,False,AL,4,True,False
2026-05-09,Tennessee,22.0,38.0,19.0,2025-2026,False,TN,4,True,False
2026-05-09,South Carolina,8.0,17.0,6.0,2025-2026,False,SC,4,True,False
2026-05-09,Arizona,9.0,27.0,6.0,2025-2026,False,AZ,9,False,False
2026-05-09,Michigan,25.0,86.0,22.0,2025-2026,False,MI,5,False,False
2026-05-09,Colorado,12.0,35.0,11.0,2025-2026,False,CO,8,False,False
2026-05-09,Illinois,9.0,51.0,8.0,2025-2026,False,IL,5,False,False
2026-05-09,New Hampshire,0.0,5.0,0.0,2025-2026,False,NH,1,False,False
2026-05-09,Rhode Island,3.0,7.0,2.0,2025-2026,False,RI,1,False,False
2026-05-09,California,31.0,97.0,28.0,2025-2026,False,CA,9,False,False
2026-05-09,Georgia,10.0,27.0,10.0,2025-2026,False,GA,4,True,False
2026-05-09,Nevada,2.0,15.0,1.0,2025-2026,False,NV,9,False,False
2026-05-09,New York,20.0,100.0,18.0,2025-2026,False,NY,2,False,True
2026-05-09,Ohio,17.0,65.0,17.0,2025-2026,False,OH,5,False,False
2026-05-09,New Mexico,2.0,3.0,2.0,2025-2026,False,NM,6,False,False
2026-05-09,Idaho,4.0,13.0,4.0,2025-2026,False,ID,10,False,False
2026-05-09,Missouri,8.0,27.0,7.0,2025-2026,False,MO,7,False,False
2026-05-09,Oklahoma,2.0,10.0,2.0,2025-2026,False,OK,6,False,False
2026-05-09,District of Columbia,1.0,3.0,1.0,2025-2026,False,DC,3,False,False
2026-05-09,Minnesota,17.0,43.0,17.0,2025-2026,False,MN,5,False,True
2026-05-09,Montana,7.0,18.0,6.0,2025-2026,False,MT,8,False,False
2026-05-09,Connecticut,2.0,16.0,2.0,2025-2026,False,CT,1,False,False
2026-05-09,Maine,1.0,8.0,1.0,2025-2026,False,ME,1,False,False
2026-05-09,Texas,66.0,130.0,59.0,2025-2026,False,TX,6,False,False
2026-05-09,Arkansas,5.0,13.0,4.0,2025-2026,False,AR,6,True,False
2026-05-09,Florida,23.0,87.0,17.0,2025-2026,False,FL,4,False,False
2026-05-09,West Virginia,10.0,40.0,10.0,2025-2026,False,WV,3,False,False
2026-05-09,Hawaii,7.0,9.0,7.0,2025-2026,False,HI,9,False,False
2026-05-09,Kentucky,17.0,39.0,14.0,2025-2026,False,KY,4,False,False
2026-05-09,Maryland,2.0,8.0,2.0,2025-2026,False,MD,3,False,False
2026-05-09,Nebraska,4.0,16.0,4.0,2025-2026,False,NE,7,False,False
2026-05-09,Washington,8.0,30.0,8.0,2025-2026,False,WA,10,False,False
2026-05-09,Utah,3.0,6.0,2.0,2025-2026,False,UT,8,False,False
2026-05-09,Delaware,2.0,7.0,2.0,2025-2026,False,DE,3,False,False
2026-05-09,Virginia,7.0,21.0,6.0,2025-2026,False,VA,3,False,False
2026-05-09,Wyoming,3.0,10.0,3.0,2025-2026,False,WY,8,False,False
2026-05-09,Iowa,11.0,21.0,10.0,2025-2026,False,IA,7,False,False
2026-05-09,Mississippi,2.0,3.0,2.0,2025-2026,False,MS,4,True,False
2026-05-09,New Jersey,7.0,38.0,7.0,2025-2026,False,NJ,2,False,False
2026-05-16,Kansas,5.0,12.0,5.0,2025-2026,False,KS,7,False,False
2026-05-16,Wisconsin,7.0,42.0,7.0,2025-2026,False,WI,5,False,False
2026-05-16,Vermont,2.0,9.0,2.0,2025-2026,False,VT,1,False,False
2026-05-16,Indiana,7.0,26.0,6.0,2025-2026,False,IN,5,False,False
2026-05-16,North Dakota,7.0,14.0,7.0,2025-2026,False,ND,8,False,False
2026-05-16,Oregon,2.0,10.0,2.0,2025-2026,False,OR,10,False,False
2026-05-16,Pennsylvania,18.0,141.0,16.0,2025-2026,False,PA,3,False,False
2026-05-16,Alaska,0.0,0.0,0.0,2025-2026,False,AK,10,False,False
2026-05-16,Louisiana,9.0,18.0,9.0,2025-2026,False,LA,6,True,False
2026-05-16,Massachusetts,8.0,30.0,7.0,2025-2026,False,MA,1,False,False
2026-05-16,North Carolina,17.0,50.0,16.0,2025-2026,False,NC,4,True,False
2026-05-16,South Dakota,2.0,2.0,2.0,2025-2026,False,SD,8,False,False
2026-05-16,Alabama,3.0,6.0,3.0,2025-2026,False,AL,4,True,False
2026-05-16,Tennessee,14.0,24.0,14.0,2025-2026,False,TN,4,True,False
2026-05-16,South Carolina,3.0,9.0,3.0,2025-2026,False,SC,4,True,False
2026-05-16,Arizona,13.0,28.0,11.0,2025-2026,False,AZ,9,False,False
2026-05-16,Michigan,13.0,51.0,12.0,2025-2026,False,MI,5,False,False
2026-05-16,Colorado,6.0,17.0,5.0,2025-2026,False,CO,8,False,False
2026-05-16,Illinois,14.0,41.0,12.0,2025-2026,False,IL,5,False,False
2026-05-16,New Hampshire,0.0,1.0,0.0,2025-2026,False,NH,1,False,False
2026-05-16,Rhode Island,0.0,5.0,0.0,2025-2026,False,RI,1,False,False
2026-05-16,California,27.0,67.0,24.0,2025-2026,False,CA,9,False,False
2026-05-16,Georgia,11.0,28.0,11.0,2025-2026,False,GA,4,True,False
2026-05-16,Nevada,4.0,10.0,4.0,2025-2026,False,NV,9,False,False
2026-05-16,New York,22.0,78.0,21.0,2025-2026,False,NY,2,False,True
2026-05-16,Ohio,9.0,50.0,8.0,2025-2026,False,OH,5,False,False
2026-05-16,New Mexico,1.0,5.0,1.0,2025-2026,False,NM,6,False,False
2026-05-16,Idaho,2.0,8.0,2.0,2025-2026,False,ID,10,False,False
2026-05-16,Missouri,6.0,26.0,6.0,2025-2026,False,MO,7,False,False
2026-05-16,Oklahoma,2.0,9.0,2.0,2025-2026,False,OK,6,False,False
2026-05-16,District of Columbia,0.0,0.0,0.0,2025-2026,False,DC,3,False,False
2026-05-16,Minnesota,10.0,33.0,10.0,2025-2026,False,MN,5,False,True
2026-05-16,Montana,8.0,17.0,8.0,2025-2026,False,MT,8,False,False
2026-05-16,Connecticut,1.0,13.0,0.0,2025-2026,False,CT,1,False,False
2026-05-16,Maine,0.0,3.0,0.0,2025-2026,False,ME,1,False,False
2026-05-16,Texas,34.0,95.0,32.0,2025-2026,False,TX,6,False,False
2026-05-16,Arkansas,3.0,11.0,2.0,2025-2026,False,AR,6,True,False
2026-05-16,Florida,31.0,94.0,24.0,2025-2026,False,FL,4,False,False
2026-05-16,West Virginia,5.0,28.0,4.0,2025-2026,False,WV,3,False,False
2026-05-16,Hawaii,5.0,10.0,4.0,2025-2026,False,HI,9,False,False
2026-05-16,Kentucky,12.0,34.0,11.0,2025-2026,False,KY,4,False,False
2026-05-16,Maryland,4.0,12.0,4.0,2025-2026,False,MD,3,False,False
2026-05-16,Nebraska,9.0,17.0,9.0,2025-2026,False,NE,7,False,False
2026-05-16,Washington,3.0,12.0,3.0,2025-2026,False,WA,10,False,False
2026-05-16,Utah,0.0,8.0,0.0,2025-2026,False,UT,8,False,False
2026-05-16,Delaware,2.0,4.0,2.0,2025-2026,False,DE,3,False,False
2026-05-16,Virginia,7.0,21.0,6.0,2025-2026,False,VA,3,False,False
2026-05-16,Wyoming,1.0,4.0,1.0,2025-2026,False,WY,8,False,False
2026-05-16,Iowa,5.0,20.0,5.0,2025-2026,False,IA,7,False,False
2026-05-16,Mississippi,9.0,16.0,9.0,2025-2026,False,MS,4,True,False
2026-05-16,New Jersey,6.0,26.0,6.0,2025-2026,False,NJ,2,False,False
2026-05-23,Kansas,1.0,7.0,1.0,2025-2026,False,KS,7,False,False
2026-05-23,Wisconsin,13.0,37.0,13.0,2025-2026,False,WI,5,False,False
2026-05-23,Vermont,1.0,2.0,1.0,2025-2026,False,VT,1,False,False
2026-05-23,Indiana,4.0,24.0,4.0,2025-2026,False,IN,5,False,False
2026-05-23,North Dakota,5.0,8.0,5.0,2025-2026,False,ND,8,False,False
2026-05-23,Oregon,1.0,10.0,1.0,2025-2026,False,OR,10,False,False
2026-05-23,Pennsylvania,33.0,154.0,32.0,2025-2026,False,PA,3,False,False
2026-05-23,Alaska,1.0,1.0,1.0,2025-2026,False,AK,10,False,False
2026-05-23,Louisiana,6.0,13.0,5.0,2025-2026,False,LA,6,True,False
2026-05-23,Massachusetts,5.0,9.0,4.0,2025-2026,False,MA,1,False,False
2026-05-23,North Carolina,12.0,35.0,12.0,2025-2026,False,NC,4,True,False
2026-05-23,South Dakota,5.0,10.0,5.0,2025-2026,False,SD,8,False,False
2026-05-23,Alabama,3.0,9.0,2.0,2025-2026,False,AL,4,True,False
2026-05-23,Tennessee,14.0,24.0,13.0,2025-2026,False,TN,4,True,False
2026-05-23,South Carolina,4.0,12.0,4.0,2025-2026,False,SC,4,True,False
2026-05-23,Arizona,10.0,24.0,9.0,2025-2026,False,AZ,9,False,False
2026-05-23,Michigan,21.0,60.0,20.0,2025-2026,False,MI,5,False,False
2026-05-23,Colorado,7.0,15.0,6.0,2025-2026,False,CO,8,False,False
2026-05-23,Illinois,11.0,36.0,11.0,2025-2026,False,IL,5,False,False
2026-05-23,New Hampshire,1.0,6.0,1.0,2025-2026,False,NH,1,False,False
2026-05-23,Rhode Island,1.0,6.0,1.0,2025-2026,False,RI,1,False,False
2026-05-23,California,19.0,45.0,15.0,2025-2026,False,CA,9,False,False
2026-05-23,Georgia,10.0,20.0,8.0,2025-2026,False,GA,4,True,False
2026-05-23,Nevada,5.0,7.0,3.0,2025-2026,False,NV,9,False,False
2026-05-23,New York,18.0,59.0,17.0,2025-2026,False,NY,2,False,True
2026-05-23,Ohio,7.0,44.0,6.0,2025-2026,False,OH,5,False,False
2026-05-23,New Mexico,2.0,5.0,2.0,2025-2026,False,NM,6,False,False
2026-05-23,Idaho,1.0,2.0,1.0,2025-2026,False,ID,10,False,False
2026-05-23,Missouri,1.0,11.0,1.0,2025-2026,False,MO,7,False,False
2026-05-23,Oklahoma,5.0,9.0,4.0,2025-2026,False,OK,6,False,False
2026-05-23,District of Columbia,0.0,0.0,0.0,2025-2026,False,DC,3,False,False
2026-05-23,Minnesota,7.0,19.0,7.0,2025-2026,False,MN,5,False,True
2026-05-23,Montana,6.0,17.0,6.0,2025-2026,False,MT,8,False,False
2026-05-23,Connecticut,1.0,16.0,1.0,2025-2026,False,CT,1,False,False
2026-05-23,Maine,3.0,7.0,3.0,2025-2026,False,ME,1,False,False
2026-05-23,Texas,41.0,74.0,39.0,2025-2026,False,TX,6,False,False
2026-05-23,Arkansas,1.0,6.0,0.0,2025-2026,False,AR,6,True,False
2026-05-23,Florida,40.0,93.0,39.0,2025-2026,False,FL,4,False,False
2026-05-23,West Virginia,6.0,22.0,6.0,2025-2026,False,WV,3,False,False
2026-05-23,Hawaii,3.0,11.0,2.0,2025-2026,False,HI,9,False,False
2026-05-23,Kentucky,8.0,29.0,8.0,2025-2026,False,KY,4,False,False
2026-05-23,Maryland,2.0,6.0,2.0,2025-2026,False,MD,3,False,False
2026-05-23,Nebraska,7.0,13.0,7.0,2025-2026,False,NE,7,False,False
2026-05-23,Washington,2.0,11.0,2.0,2025-2026,False,WA,10,False,False
2026-05-23,Utah,0.0,2.0,0.0,2025-2026,False,UT,8,False,False
2026-05-23,Delaware,2.0,5.0,1.0,2025-2026,False,DE,3,False,False
2026-05-23,Virginia,4.0,10.0,4.0,2025-2026,False,VA,3,False,False
2026-05-23,Wyoming,1.0,3.0,1.0,2025-2026,False,WY,8,False,False
2026-05-23,Iowa,7.0,16.0,6.0,2025-2026,False,IA,7,False,False
2026-05-23,Mississippi,3.0,8.0,3.0,2025-2026,False,MS,4,True,False
2026-05-23,New Jersey,4.0,25.0,4.0,2025-2026,False,NJ,2,False,False
2026-05-30,Kansas,1.0,5.0,1.0,2025-2026,False,KS,7,False,False
2026-05-30,Wisconsin,4.0,23.0,3.0,2025-2026,False,WI,5,False,False
2026-05-30,Vermont,0.0,0.0,0.0,2025-2026,False,VT,1,False,False
2026-05-30,Indiana,10.0,23.0,10.0,2025-2026,False,IN,5,False,False
2026-05-30,North Dakota,1.0,4.0,1.0,2025-2026,False,ND,8,False,False
2026-05-30,Oregon,5.0,11.0,5.0,2025-2026,False,OR,10,False,False
2026-05-30,Pennsylvania,10.0,128.0,8.0,2025-2026,False,PA,3,False,False
2026-05-30,Alaska,0.0,1.0,0.0,2025-2026,False,AK,10,False,False
2026-05-30,Louisiana,3.0,9.0,3.0,2025-2026,False,LA,6,True,False
2026-05-30,Massachusetts,11.0,23.0,10.0,2025-2026,False,MA,1,False,False
2026-05-30,North Carolina,6.0,25.0,6.0,2025-2026,False,NC,4,True,False
2026-05-30,South Dakota,0.0,1.0,0.0,2025-2026,False,SD,8,False,False
2026-05-30,Alabama,4.0,14.0,3.0,2025-2026,False,AL,4,True,False
2026-05-30,Tennessee,7.0,16.0,7.0,2025-2026,False,TN,4,True,False
2026-05-30,South Carolina,6.0,14.0,6.0,2025-2026,False,SC,4,True,False
2026-05-30,Arizona,8.0,21.0,7.0,2025-2026,False,AZ,9,False,False
2026-05-30,Michigan,7.0,19.0,5.0,2025-2026,False,MI,5,False,False
2026-05-30,Colorado,9.0,15.0,8.0,2025-2026,False,CO,8,False,False
2026-05-30,Illinois,4.0,16.0,4.0,2025-2026,False,IL,5,False,False
2026-05-30,New Hampshire,3.0,7.0,3.0,2025-2026,False,NH,1,False,False
2026-05-30,Rhode Island,0.0,1.0,0.0,2025-2026,False,RI,1,False,False
2026-05-30,California,19.0,48.0,15.0,2025-2026,False,CA,9,False,False
2026-05-30,Georgia,5.0,18.0,4.0,2025-2026,False,GA,4,True,False
2026-05-30,Nevada,0.0,5.0,0.0,2025-2026,False,NV,9,False,False
2026-05-30,New York,10.0,50.0,8.0,2025-2026,False,NY,2,False,True
2026-05-30,Ohio,7.0,30.0,7.0,2025-2026,False,OH,5,False,False
2026-05-30,New Mexico,3.0,3.0,3.0,2025-2026,False,NM,6,False,False
2026-05-30,Idaho,0.0,3.0,0.0,2025-2026,False,ID,10,False,False
2026-05-30,Missouri,1.0,13.0,1.0,2025-2026,False,MO,7,False,False
2026-05-30,Oklahoma,1.0,5.0,1.0,2025-2026,False,OK,6,False,False
2026-05-30,District of Columbia,0.0,1.0,0.0,2025-2026,False,DC,3,False,False
2026-05-30,Minnesota,3.0,15.0,3.0,2025-2026,False,MN,5,False,True
2026-05-30,Montana,11.0,21.0,11.0,2025-2026,False,MT,8,False,False
2026-05-30,Connecticut,1.0,9.0,1.0,2025-2026,False,CT,1,False,False
2026-05-30,Maine,1.0,3.0,1.0,2025-2026,False,ME,1,False,False
2026-05-30,Texas,38.0,71.0,35.0,2025-2026,False,TX,6,False,False
2026-05-30,Arkansas,8.0,12.0,8.0,2025-2026,False,AR,6,True,False
2026-05-30,Florida,25.0,82.0,24.0,2025-2026,False,FL,4,False,False
2026-05-30,West Virginia,3.0,15.0,3.0,2025-2026,False,WV,3,False,False
2026-05-30,Hawaii,3.0,6.0,3.0,2025-2026,False,HI,9,False,False
2026-05-30,Kentucky,8.0,23.0,8.0,2025-2026,False,KY,4,False,False
2026-05-30,Maryland,1.0,7.0,1.0,2025-2026,False,MD,3,False,False
2026-05-30,Nebraska,7.0,17.0,6.0,2025-2026,False,NE,7,False,False
2026-05-30,Washington,1.0,10.0,1.0,2025-2026,False,WA,10,False,False
2026-05-30,Utah,2.0,5.0,1.0,2025-2026,False,UT,8,False,False
2026-05-30,Delaware,3.0,8.0,3.0,2025-2026,False,DE,3,False,False
2026-05-30,Virginia,5.0,18.0,5.0,2025-2026,False,VA,3,False,False
2026-05-30,Wyoming,1.0,2.0,1.0,2025-2026,False,WY,8,False,False
2026-05-30,Iowa,0.0,0.0,0.0,2025-2026,False,IA,7,False,False
2026-05-30,Mississippi,5.0,10.0,5.0,2025-2026,False,MS,4,True,False
2026-05-30,New Jersey,5.0,19.0,5.0,2025-2026,False,NJ,2,False,False
2026-06-06,Kansas,4.0,8.0,4.0,2025-2026,False,KS,7,False,False
2026-06-06,Wisconsin,3.0,12.0,3.0,2025-2026,False,WI,5,False,False
2026-06-06,Vermont,0.0,1.0,0.0,2025-2026,False,VT,1,False,False
2026-06-06,Indiana,5.0,20.0,5.0,2025-2026,False,IN,5,False,False
2026-06-06,North Dakota,2.0,3.0,1.0,2025-2026,False,ND,8,False,False
2026-06-06,Oregon,1.0,3.0,1.0,2025-2026,False,OR,10,False,False
2026-06-06,Pennsylvania,7.0,93.0,5.0,2025-2026,False,PA,3,False,False
2026-06-06,Alaska,0.0,1.0,0.0,2025-2026,False,AK,10,False,False
2026-06-06,Louisiana,5.0,7.0,5.0,2025-2026,False,LA,6,True,False
2026-06-06,Massachusetts,7.0,17.0,6.0,2025-2026,False,MA,1,False,False
2026-06-06,North Carolina,12.0,36.0,12.0,2025-2026,False,NC,4,True,False
2026-06-06,South Dakota,1.0,3.0,0.0,2025-2026,False,SD,8,False,False
2026-06-06,Alabama,1.0,6.0,1.0,2025-2026,False,AL,4,True,False
2026-06-06,Tennessee,19.0,31.0,19.0,2025-2026,False,TN,4,True,False
2026-06-06,South Carolina,5.0,10.0,4.0,2025-2026,False,SC,4,True,False
2026-06-06,Arizona,6.0,14.0,6.0,2025-2026,False,AZ,9,False,False
2026-06-06,Michigan,12.0,26.0,12.0,2025-2026,False,MI,5,False,False
2026-06-06,Colorado,1.0,5.0,1.0,2025-2026,False,CO,8,False,False
2026-06-06,Illinois,2.0,19.0,2.0,2025-2026,False,IL,5,False,False
2026-06-06,New Hampshire,0.0,5.0,0.0,2025-2026,False,NH,1,False,False
2026-06-06,Rhode Island,0.0,2.0,0.0,2025-2026,False,RI,1,False,False
2026-06-06,California,17.0,41.0,15.0,2025-2026,False,CA,9,False,False
2026-06-06,Georgia,11.0,21.0,10.0,2025-2026,False,GA,4,True,False
2026-06-06,Nevada,4.0,7.0,2.0,2025-2026,False,NV,9,False,False
2026-06-06,New York,10.0,36.0,9.0,2025-2026,False,NY,2,False,True
2026-06-06,Ohio,8.0,27.0,8.0,2025-2026,False,OH,5,False,False
2026-06-06,New Mexico,1.0,5.0,1.0,2025-2026,False,NM,6,False,False
2026-06-06,Idaho,2.0,2.0,2.0,2025-2026,False,ID,10,False,False
2026-06-06,Missouri,2.0,7.0,1.0,2025-2026,False,MO,7,False,False
2026-06-06,Oklahoma,2.0,6.0,2.0,2025-2026,False,OK,6,False,False
2026-06-06,District of Columbia,0.0,0.0,0.0,2025-2026,False,DC,3,False,False
2026-06-06,Minnesota,13.0,25.0,13.0,2025-2026,False,MN,5,False,True
2026-06-06,Montana,3.0,7.0,3.0,2025-2026,False,MT,8,False,False
2026-06-06,Connecticut,0.0,3.0,0.0,2025-2026,False,CT,1,False,False
2026-06-06,Maine,3.0,3.0,3.0,2025-2026,False,ME,1,False,False
2026-06-06,Texas,33.0,75.0,31.0,2025-2026,False,TX,6,False,False
2026-06-06,Arkansas,6.0,10.0,6.0,2025-2026,False,AR,6,True,False
2026-06-06,Florida,37.0,82.0,34.0,2025-2026,False,FL,4,False,False
2026-06-06,West Virginia,2.0,12.0,2.0,2025-2026,False,WV,3,False,False
2026-06-06,Hawaii,2.0,5.0,2.0,2025-2026,False,HI,9,False,False
2026-06-06,Kentucky,6.0,12.0,6.0,2025-2026,False,KY,4,False,False
2026-06-06,Maryland,1.0,5.0,1.0,2025-2026,False,MD,3,False,False
2026-06-06,Nebraska,3.0,12.0,3.0,2025-2026,False,NE,7,False,False
2026-06-06,Washington,1.0,6.0,1.0,2025-2026,False,WA,10,False,False
2026-06-06,Utah,1.0,5.0,1.0,2025-2026,False,UT,8,False,False
2026-06-06,Delaware,2.0,4.0,2.0,2025-2026,False,DE,3,False,False
2026-06-06,Virginia,4.0,15.0,4.0,2025-2026,False,VA,3,False,False
2026-06-06,Wyoming,1.0,2.0,0.0,2025-2026,False,WY,8,False,False
2026-06-06,Iowa,3.0,9.0,3.0,2025-2026,False,IA,7,False,False
2026-06-06,Mississippi,4.0,6.0,3.0,2025-2026,False,MS,4,True,False
2026-06-06,New Jersey,5.0,18.0,5.0,2025-2026,False,NJ,2,False,False
2026-06-13,Kansas,3.0,6.0,3.0,2025-2026,False,KS,7,False,False
2026-06-13,Wisconsin,1.0,6.0,0.0,2025-2026,False,WI,5,False,False
2026-06-13,Vermont,0.0,0.0,0.0,2025-2026,False,VT,1,False,False
2026-06-13,Indiana,5.0,10.0,5.0,2025-2026,False,IN,5,False,False
2026-06-13,North Dakota,2.0,6.0,1.0,2025-2026,False,ND,8,False,False
2026-06-13,Oregon,0.0,1.0,0.0,2025-2026,False,OR,10,False,False
2026-06-13,Pennsylvania,14.0,86.0,12.0,2025-2026,False,PA,3,False,False
2026-06-13,Alaska,0.0,0.0,0.0,2025-2026,False,AK,10,False,False
2026-06-13,Louisiana,9.0,15.0,9.0,2025-2026,False,LA,6,True,False
2026-06-13,Massachusetts,4.0,4.0,4.0,2025-2026,False,MA,1,False,False
2026-06-13,North Carolina,12.0,33.0,12.0,2025-2026,False,NC,4,True,False
2026-06-13,South Dakota,2.0,4.0,2.0,2025-2026,False,SD,8,False,False
2026-06-13,Alabama,7.0,11.0,6.0,2025-2026,False,AL,4,True,False
2026-06-13,Tennessee,6.0,19.0,6.0,2025-2026,False,TN,4,True,False
2026-06-13,South Carolina,1.0,9.0,1.0,2025-2026,False,SC,4,True,False
2026-06-13,Arizona,2.0,7.0,1.0,2025-2026,False,AZ,9,False,False
2026-06-13,Michigan,7.0,19.0,7.0,2025-2026,False,MI,5,False,False
2026-06-13,Colorado,3.0,4.0,3.0,2025-2026,False,CO,8,False,False
2026-06-13,Illinois,4.0,9.0,4.0,2025-2026,False,IL,5,False,False
2026-06-13,New Hampshire,0.0,3.0,0.0,2025-2026,False,NH,1,False,False
2026-06-13,Rhode Island,0.0,1.0,0.0,2025-2026,False,RI,1,False,False
2026-06-13,California,15.0,30.0,9.0,2025-2026,False,CA,9,False,False
2026-06-13,Georgia,7.0,15.0,7.0,2025-2026,False,GA,4,True,False
2026-06-13,Nevada,0.0,3.0,0.0,2025-2026,False,NV,9,False,False
2026-06-13,New York,9.0,26.0,8.0,2025-2026,False,NY,2,False,True
2026-06-13,Ohio,10.0,26.0,9.0,2025-2026,False,OH,5,False,False
2026-06-13,New Mexico,2.0,3.0,2.0,2025-2026,False,NM,6,False,False
2026-06-13,Idaho,1.0,1.0,1.0,2025-2026,False,ID,10,False,False
2026-06-13,Missouri,3.0,8.0,3.0,2025-2026,False,MO,7,False,False
2026-06-13,Oklahoma,2.0,6.0,2.0,2025-2026,False,OK,6,False,False
2026-06-13,District of Columbia,0.0,1.0,0.0,2025-2026,False,DC,3,False,False
2026-06-13,Minnesota,3.0,5.0,3.0,2025-2026,False,MN,5,False,True
2026-06-13,Montana,1.0,4.0,1.0,2025-2026,False,MT,8,False,False
2026-06-13,Connecticut,1.0,4.0,1.0,2025-2026,False,CT,1,False,False
2026-06-13,Maine,0.0,2.0,0.0,2025-2026,False,ME,1,False,False
2026-06-13,Texas,27.0,41.0,27.0,2025-2026,False,TX,6,False,False
2026-06-13,Arkansas,5.0,10.0,5.0,2025-2026,False,AR,6,True,False
2026-06-13,Florida,44.0,90.0,41.0,2025-2026,False,FL,4,False,False
2026-06-13,West Virginia,2.0,10.0,2.0,2025-2026,False,WV,3,False,False
2026-06-13,Hawaii,6.0,11.0,6.0,2025-2026,False,HI,9,False,False
2026-06-13,Kentucky,5.0,13.0,4.0,2025-2026,False,KY,4,False,False
2026-06-13,Maryland,2.0,6.0,1.0,2025-2026,False,MD,3,False,False
2026-06-13,Nebraska,2.0,3.0,2.0,2025-2026,False,NE,7,False,False
2026-06-13,Washington,2.0,6.0,2.0,2025-2026,False,WA,10,False,False
2026-06-13,Utah,2.0,2.0,2.0,2025-2026,False,UT,8,False,False
2026-06-13,Delaware,2.0,2.0,2.0,2025-2026,False,DE,3,False,False
2026-06-13,Virginia,4.0,15.0,4.0,2025-2026,False,VA,3,False,False
2026-06-13,Wyoming,0.0,1.0,0.0,2025-2026,False,WY,8,False,False
2026-06-13,Iowa,1.0,3.0,1.0,2025-2026,False,IA,7,False,False
2026-06-13,Mississippi,2.0,4.0,2.0,2025-2026,False,MS,4,True,False
2026-06-13,New Jersey,3.0,15.0,2.0,2025-2026,False,NJ,2,False,False
2026-06-20,Kansas,0.0,1.0,0.0,2025-2026,False,KS,7,False,False
2026-06-20,Wisconsin,0.0,3.0,0.0,2025-2026,False,WI,5,False,False
2026-06-20,Vermont,0.0,0.0,0.0,2025-2026,False,VT,1,False,False
2026-06-20,Indiana,3.0,6.0,3.0,2025-2026,False,IN,5,False,False
2026-06-20,North Dakota,1.0,3.0,1.0,2025-2026,False,ND,8,False,False
2026-06-20,Oregon,0.0,2.0,0.0,2025-2026,False,OR,10,False,False
2026-06-20,Pennsylvania,3.0,75.0,3.0,2025-2026,False,PA,3,False,False
2026-06-20,Alaska,0.0,0.0,0.0,2025-2026,False,AK,10,False,False
2026-06-20,Louisiana,1.0,7.0,1.0,2025-2026,False,LA,6,True,False
2026-06-20,Massachusetts,8.0,10.0,7.0,2025-2026,False,MA,1,False,False
2026-06-20,North Carolina,4.0,14.0,4.0,2025-2026,False,NC,4,True,False
2026-06-20,South Dakota,2.0,2.0,2.0,2025-2026,False,SD,8,False,False
2026-06-20,Alabama,2.0,4.0,1.0,2025-2026,False,AL,4,True,False
2026-06-20,Tennessee,6.0,9.0,6.0,2025-2026,False,TN,4,True,False
2026-06-20,South Carolina,4.0,8.0,3.0,2025-2026,False,SC,4,True,False
2026-06-20,Arizona,0.0,6.0,0.0,2025-2026,False,AZ,9,False,False
2026-06-20,Michigan,3.0,4.0,3.0,2025-2026,False,MI,5,False,False
2026-06-20,Colorado,2.0,3.0,2.0,2025-2026,False,CO,8,False,False
2026-06-20,Illinois,2.0,15.0,2.0,2025-2026,False,IL,5,False,False
2026-06-20,New Hampshire,0.0,0.0,0.0,2025-2026,False,NH,1,False,False
2026-06-20,Rhode Island,0.0,1.0,0.0,2025-2026,False,RI,1,False,False
2026-06-20,California,13.0,25.0,12.0,2025-2026,False,CA,9,False,False
2026-06-20,Georgia,5.0,14.0,5.0,2025-2026,False,GA,4,True,False
2026-06-20,Nevada,0.0,0.0,0.0,2025-2026,False,NV,9,False,False
2026-06-20,New York,8.0,18.0,7.0,2025-2026,False,NY,2,False,True
2026-06-20,Ohio,6.0,24.0,6.0,2025-2026,False,OH,5,False,False
2026-06-20,New Mexico,0.0,0.0,0.0,2025-2026,False,NM,6,False,False
2026-06-20,Idaho,1.0,1.0,1.0,2025-2026,False,ID,10,False,False
2026-06-20,Missouri,0.0,2.0,0.0,2025-2026,False,MO,7,False,False
2026-06-20,Oklahoma,1.0,1.0,1.0,2025-2026,False,OK,6,False,False
2026-06-20,District of Columbia,0.0,1.0,0.0,2025-2026,False,DC,3,False,False
2026-06-20,Minnesota,5.0,9.0,5.0,2025-2026,False,MN,5,False,True
2026-06-20,Montana,1.0,3.0,1.0,2025-2026,False,MT,8,False,False
2026-06-20,Connecticut,1.0,3.0,1.0,2025-2026,False,CT,1,False,False
2026-06-20,Maine,1.0,3.0,0.0,2025-2026,False,ME,1,False,False
2026-06-20,Texas,21.0,39.0,21.0,2025-2026,False,TX,6,False,False
2026-06-20,Arkansas,4.0,6.0,4.0,2025-2026,False,AR,6,True,False
2026-06-20,Florida,30.0,74.0,27.0,2025-2026,False,FL,4,False,False
2026-06-20,West Virginia,0.0,2.0,0.0,2025-2026,False,WV,3,False,False
2026-06-20,Hawaii,3.0,8.0,3.0,2025-2026,False,HI,9,False,False
2026-06-20,Kentucky,2.0,6.0,2.0,2025-2026,False,KY,4,False,False
2026-06-20,Maryland,1.0,4.0,1.0,2025-2026,False,MD,3,False,False
2026-06-20,Nebraska,0.0,1.0,0.0,2025-2026,False,NE,7,False,False
2026-06-20,Washington,1.0,5.0,1.0,2025-2026,False,WA,10,False,False
2026-06-20,Utah,0.0,1.0,0.0,2025-2026,False,UT,8,False,False
2026-06-20,Delaware,0.0,0.0,0.0,2025-2026,False,DE,3,False,False
2026-06-20,Virginia,1.0,9.0,1.0,2025-2026,False,VA,3,False,False
2026-06-20,Wyoming,0.0,0.0,0.0,2025-2026,False,WY,8,False,False
2026-06-20,Iowa,2.0,2.0,2.0,2025-2026,False,IA,7,False,False
2026-06-20,Mississippi,4.0,4.0,4.0,2025-2026,False,MS,4,True,False
2026-06-20,New Jersey,2.0,12.0,2.0,2025-2026,False,NJ,2,False,False
