week_end,jurisdiction,rsv_pct,rsv_pct_smoothed,covid_pct,flu_pct,combined_pct,season,in_fixed_window,state_abbrev,hhs_region,is_southeast,is_comparator
2023-07-01,Massachusetts,0.01,0.01,0.48,0.05,0.54,2023-2024,False,MA,1,False,False
2023-07-01,Michigan,0.01,0.0,0.36,0.07,0.43,2023-2024,False,MI,5,False,False
2023-07-01,Mississippi,0.03,0.03,0.48,0.29,0.8,2023-2024,False,MS,4,True,False
2023-07-01,Oregon,0.01,0.0,0.72,0.05,0.77,2023-2024,False,OR,10,False,False
2023-07-01,Oklahoma,0.0,0.01,0.32,0.05,0.36,2023-2024,False,OK,6,False,False
2023-07-01,North Carolina,0.01,0.01,0.53,0.28,0.8,2023-2024,False,NC,4,True,False
2023-07-01,New York,0.01,0.01,0.32,0.09,0.41,2023-2024,False,NY,2,False,True
2023-07-01,Minnesota,0.01,0.01,0.37,0.07,0.44,2023-2024,False,MN,5,False,True
2023-07-01,Maryland,0.01,0.01,0.45,0.07,0.53,2023-2024,False,MD,3,False,False
2023-07-01,Indiana,0.01,0.02,0.23,0.05,0.29,2023-2024,False,IN,5,False,False
2023-07-01,Hawaii,0.04,0.03,1.95,1.01,2.99,2023-2024,False,HI,9,False,False
2023-07-01,Colorado,0.0,0.0,0.42,0.06,0.48,2023-2024,False,CO,8,False,False
2023-07-01,Virginia,0.02,0.02,0.49,0.12,0.63,2023-2024,False,VA,3,False,False
2023-07-01,Vermont,0.0,0.01,0.48,0.02,0.5,2023-2024,False,VT,1,False,False
2023-07-01,Utah,0.01,0.01,0.43,0.12,0.57,2023-2024,False,UT,8,False,False
2023-07-01,Pennsylvania,0.01,0.0,0.32,0.06,0.38,2023-2024,False,PA,3,False,False
2023-07-01,Ohio,0.01,0.01,0.25,0.03,0.29,2023-2024,False,OH,5,False,False
2023-07-01,Nebraska,0.02,0.01,0.24,0.03,0.29,2023-2024,False,NE,7,False,False
2023-07-01,Montana,0.0,0.0,0.4,0.06,0.46,2023-2024,False,MT,8,False,False
2023-07-01,Maine,0.0,0.0,0.34,0.04,0.38,2023-2024,False,ME,1,False,False
2023-07-01,Kansas,0.0,0.0,0.22,0.02,0.24,2023-2024,False,KS,7,False,False
2023-07-01,Florida,0.09,0.09,1.34,0.78,2.19,2023-2024,False,FL,4,False,False
2023-07-01,District of Columbia,0.03,0.02,0.49,0.04,0.56,2023-2024,False,DC,3,False,False
2023-07-01,Delaware,0.0,0.01,0.41,0.05,0.45,2023-2024,False,DE,3,False,False
2023-07-01,Arkansas,0.02,0.02,0.29,0.13,0.44,2023-2024,False,AR,6,True,False
2023-07-01,Nevada,0.01,0.01,0.71,0.2,0.91,2023-2024,False,NV,9,False,False
2023-07-01,New Hampshire,0.0,0.0,0.48,0.05,,2023-2024,False,NH,1,False,False
2023-07-01,New Jersey,0.01,0.01,0.34,0.1,0.45,2023-2024,False,NJ,2,False,False
2023-07-01,Washington,0.0,0.01,0.92,0.16,1.07,2023-2024,False,WA,10,False,False
2023-07-01,New Mexico,0.0,0.01,0.8,0.09,0.89,2023-2024,False,NM,6,False,False
2023-07-01,North Dakota,0.08,0.04,0.21,0.11,0.36,2023-2024,False,ND,8,False,False
2023-07-01,Kentucky,0.03,0.03,0.33,0.1,0.46,2023-2024,False,KY,4,False,False
2023-07-01,Wyoming,0.0,0.0,0.58,0.0,0.58,2023-2024,False,WY,8,False,False
2023-07-01,Wisconsin,0.0,0.0,0.23,0.04,0.28,2023-2024,False,WI,5,False,False
2023-07-01,Texas,0.06,0.05,0.49,0.21,0.75,2023-2024,False,TX,6,False,False
2023-07-01,South Dakota,0.0,0.01,0.31,0.11,,2023-2024,False,SD,8,False,False
2023-07-01,Rhode Island,0.02,0.02,0.36,0.07,0.44,2023-2024,False,RI,1,False,False
2023-07-01,Alabama,0.02,0.03,0.53,0.13,0.67,2023-2024,False,AL,4,True,False
2023-07-01,Tennessee,0.03,0.03,0.37,0.17,0.58,2023-2024,False,TN,4,True,False
2023-07-01,Alaska,0.03,0.03,1.45,0.34,1.82,2023-2024,False,AK,10,False,False
2023-07-01,California,0.01,0.01,0.7,0.1,0.81,2023-2024,False,CA,9,False,False
2023-07-01,Connecticut,0.01,0.01,0.39,0.06,0.46,2023-2024,False,CT,1,False,False
2023-07-01,Georgia,0.03,0.03,0.38,0.14,0.55,2023-2024,False,GA,4,True,False
2023-07-01,Idaho,0.0,0.0,0.45,0.13,0.58,2023-2024,False,ID,10,False,False
2023-07-01,South Carolina,0.04,0.03,0.53,0.15,0.72,2023-2024,False,SC,4,True,False
2023-07-01,West Virginia,0.0,0.02,0.29,0.05,0.33,2023-2024,False,WV,3,False,False
2023-07-01,Louisiana,0.04,0.04,0.87,0.18,1.09,2023-2024,False,LA,6,True,False
2023-07-01,Arizona,0.01,0.01,0.83,0.49,1.32,2023-2024,False,AZ,9,False,False
2023-07-01,Illinois,0.02,0.01,0.4,0.07,0.49,2023-2024,False,IL,5,False,False
2023-07-01,Iowa,0.04,0.05,0.77,0.21,0.97,2023-2024,False,IA,7,False,False
2023-07-08,Indiana,0.0,0.01,0.27,0.05,0.31,2023-2024,False,IN,5,False,False
2023-07-08,Rhode Island,0.0,0.02,0.33,0.06,0.39,2023-2024,False,RI,1,False,False
2023-07-08,Oregon,0.0,0.0,0.79,0.06,0.85,2023-2024,False,OR,10,False,False
2023-07-08,New Hampshire,0.02,0.01,0.63,0.07,,2023-2024,False,NH,1,False,False
2023-07-08,Nevada,0.01,0.01,0.75,0.27,1.02,2023-2024,False,NV,9,False,False
2023-07-08,Nebraska,0.0,0.01,0.14,0.02,0.15,2023-2024,False,NE,7,False,False
2023-07-08,Maine,0.0,0.0,0.45,0.02,0.47,2023-2024,False,ME,1,False,False
2023-07-08,Kentucky,0.04,0.03,0.38,0.08,0.49,2023-2024,False,KY,4,False,False
2023-07-08,Arkansas,0.02,0.02,0.28,0.16,0.46,2023-2024,False,AR,6,True,False
2023-07-08,Wyoming,0.0,0.0,0.55,0.14,0.66,2023-2024,False,WY,8,False,False
2023-07-08,Maryland,0.02,0.01,0.49,0.09,0.58,2023-2024,False,MD,3,False,False
2023-07-08,Colorado,0.01,0.01,0.41,0.07,0.5,2023-2024,False,CO,8,False,False
2023-07-08,Connecticut,0.0,0.01,0.42,0.04,0.46,2023-2024,False,CT,1,False,False
2023-07-08,Idaho,0.0,0.0,0.43,0.08,0.5,2023-2024,False,ID,10,False,False
2023-07-08,Iowa,0.02,0.04,0.74,0.19,0.94,2023-2024,False,IA,7,False,False
2023-07-08,Louisiana,0.02,0.03,1.07,0.14,1.22,2023-2024,False,LA,6,True,False
2023-07-08,Wisconsin,0.01,0.0,0.28,0.04,0.33,2023-2024,False,WI,5,False,False
2023-07-08,Utah,0.01,0.01,0.52,0.18,0.72,2023-2024,False,UT,8,False,False
2023-07-08,Texas,0.05,0.06,0.65,0.2,0.89,2023-2024,False,TX,6,False,False
2023-07-08,Massachusetts,0.01,0.01,0.49,0.08,0.57,2023-2024,False,MA,1,False,False
2023-07-08,Michigan,0.0,0.0,0.34,0.06,0.4,2023-2024,False,MI,5,False,False
2023-07-08,New Mexico,0.02,0.01,0.77,0.07,0.86,2023-2024,False,NM,6,False,False
2023-07-08,Oklahoma,0.03,0.01,0.34,0.03,0.4,2023-2024,False,OK,6,False,False
2023-07-08,West Virginia,0.0,0.01,0.24,0.04,0.28,2023-2024,False,WV,3,False,False
2023-07-08,Virginia,0.01,0.02,0.58,0.1,0.69,2023-2024,False,VA,3,False,False
2023-07-08,Pennsylvania,0.0,0.01,0.3,0.04,0.34,2023-2024,False,PA,3,False,False
2023-07-08,North Dakota,0.02,0.04,0.29,0.11,0.42,2023-2024,False,ND,8,False,False
2023-07-08,North Carolina,0.02,0.01,0.67,0.26,0.92,2023-2024,False,NC,4,True,False
2023-07-08,New York,0.01,0.01,0.36,0.08,0.44,2023-2024,False,NY,2,False,True
2023-07-08,New Jersey,0.0,0.01,0.35,0.07,0.43,2023-2024,False,NJ,2,False,False
2023-07-08,Minnesota,0.01,0.01,0.32,0.03,0.36,2023-2024,False,MN,5,False,True
2023-07-08,Alaska,0.0,0.01,1.98,0.31,2.25,2023-2024,False,AK,10,False,False
2023-07-08,Arizona,0.01,0.01,0.91,0.47,1.38,2023-2024,False,AZ,9,False,False
2023-07-08,California,0.01,0.01,0.78,0.11,0.9,2023-2024,False,CA,9,False,False
2023-07-08,District of Columbia,0.04,0.03,0.57,0.14,0.74,2023-2024,False,DC,3,False,False
2023-07-08,Florida,0.1,0.09,1.54,0.73,2.34,2023-2024,False,FL,4,False,False
2023-07-08,Illinois,0.02,0.01,0.45,0.07,0.54,2023-2024,False,IL,5,False,False
2023-07-08,Mississippi,0.02,0.02,0.59,0.28,0.88,2023-2024,False,MS,4,True,False
2023-07-08,Montana,0.04,0.01,0.54,0.05,0.62,2023-2024,False,MT,8,False,False
2023-07-08,Ohio,0.0,0.01,0.3,0.03,0.34,2023-2024,False,OH,5,False,False
2023-07-08,South Carolina,0.03,0.03,0.75,0.18,0.95,2023-2024,False,SC,4,True,False
2023-07-08,South Dakota,0.0,0.01,0.23,0.04,,2023-2024,False,SD,8,False,False
2023-07-08,Tennessee,0.04,0.03,0.48,0.16,0.67,2023-2024,False,TN,4,True,False
2023-07-08,Vermont,0.0,0.01,0.35,0.05,0.4,2023-2024,False,VT,1,False,False
2023-07-08,Washington,0.01,0.01,1.12,0.14,1.27,2023-2024,False,WA,10,False,False
2023-07-08,Kansas,0.03,0.01,0.25,0.03,0.31,2023-2024,False,KS,7,False,False
2023-07-08,Hawaii,0.01,0.02,2.02,0.88,2.92,2023-2024,False,HI,9,False,False
2023-07-08,Georgia,0.03,0.03,0.44,0.16,0.62,2023-2024,False,GA,4,True,False
2023-07-08,Delaware,0.03,0.02,0.38,0.04,0.45,2023-2024,False,DE,3,False,False
2023-07-08,Alabama,0.02,0.03,0.81,0.21,1.03,2023-2024,False,AL,4,True,False
2023-07-15,Nevada,0.01,0.01,0.83,0.26,1.09,2023-2024,False,NV,9,False,False
2023-07-15,Illinois,0.01,0.01,0.44,0.06,0.51,2023-2024,False,IL,5,False,False
2023-07-15,Wisconsin,0.01,0.01,0.27,0.03,0.3,2023-2024,False,WI,5,False,False
2023-07-15,Washington,0.01,0.01,1.06,0.09,1.15,2023-2024,False,WA,10,False,False
2023-07-15,Oregon,0.01,0.0,0.89,0.06,0.94,2023-2024,False,OR,10,False,False
2023-07-15,New York,0.01,0.01,0.4,0.07,0.48,2023-2024,False,NY,2,False,True
2023-07-15,Massachusetts,0.01,0.01,0.53,0.04,0.58,2023-2024,False,MA,1,False,False
2023-07-15,Kansas,0.02,0.02,0.31,0.03,0.36,2023-2024,False,KS,7,False,False
2023-07-15,Maryland,0.01,0.01,0.68,0.11,0.79,2023-2024,False,MD,3,False,False
2023-07-15,Minnesota,0.02,0.01,0.35,0.06,0.42,2023-2024,False,MN,5,False,True
2023-07-15,Montana,0.01,0.02,0.53,0.05,0.59,2023-2024,False,MT,8,False,False
2023-07-15,New Mexico,0.0,0.01,0.76,0.08,0.82,2023-2024,False,NM,6,False,False
2023-07-15,North Dakota,0.02,0.04,0.28,0.0,0.3,2023-2024,False,ND,8,False,False
2023-07-15,Louisiana,0.02,0.03,1.27,0.14,1.43,2023-2024,False,LA,6,True,False
2023-07-15,Ohio,0.0,0.0,0.34,0.03,0.39,2023-2024,False,OH,5,False,False
2023-07-15,South Carolina,0.01,0.02,0.78,0.16,0.94,2023-2024,False,SC,4,True,False
2023-07-15,Tennessee,0.03,0.03,0.57,0.16,0.75,2023-2024,False,TN,4,True,False
2023-07-15,Vermont,0.0,0.0,0.5,0.0,0.5,2023-2024,False,VT,1,False,False
2023-07-15,Wyoming,0.0,0.0,0.64,0.0,0.64,2023-2024,False,WY,8,False,False
2023-07-15,Colorado,0.0,0.01,0.48,0.06,0.55,2023-2024,False,CO,8,False,False
2023-07-15,Arizona,0.01,0.01,0.89,0.31,1.19,2023-2024,False,AZ,9,False,False
2023-07-15,Connecticut,0.0,0.0,0.46,0.06,0.52,2023-2024,False,CT,1,False,False
2023-07-15,Alabama,0.04,0.03,0.91,0.15,1.1,2023-2024,False,AL,4,True,False
2023-07-15,Alaska,0.01,0.01,1.67,0.22,1.89,2023-2024,False,AK,10,False,False
2023-07-15,Arkansas,0.03,0.02,0.39,0.12,0.54,2023-2024,False,AR,6,True,False
2023-07-15,Delaware,0.02,0.02,0.6,0.05,0.66,2023-2024,False,DE,3,False,False
2023-07-15,District of Columbia,0.03,0.03,0.48,0.08,0.58,2023-2024,False,DC,3,False,False
2023-07-15,Hawaii,0.0,0.02,2.17,0.82,2.96,2023-2024,False,HI,9,False,False
2023-07-15,Idaho,0.02,0.01,0.4,0.06,0.49,2023-2024,False,ID,10,False,False
2023-07-15,Indiana,0.01,0.01,0.33,0.03,0.37,2023-2024,False,IN,5,False,False
2023-07-15,Iowa,0.03,0.03,0.9,0.18,1.09,2023-2024,False,IA,7,False,False
2023-07-15,New Jersey,0.01,0.01,0.43,0.07,0.5,2023-2024,False,NJ,2,False,False
2023-07-15,Oklahoma,0.0,0.01,0.25,0.04,0.29,2023-2024,False,OK,6,False,False
2023-07-15,Pennsylvania,0.01,0.01,0.33,0.05,0.38,2023-2024,False,PA,3,False,False
2023-07-15,Rhode Island,0.02,0.01,0.34,0.09,0.45,2023-2024,False,RI,1,False,False
2023-07-15,South Dakota,0.0,0.0,0.22,0.02,,2023-2024,False,SD,8,False,False
2023-07-15,Texas,0.05,0.05,0.77,0.21,1.02,2023-2024,False,TX,6,False,False
2023-07-15,Virginia,0.02,0.02,0.62,0.11,0.73,2023-2024,False,VA,3,False,False
2023-07-15,California,0.01,0.01,0.81,0.1,0.92,2023-2024,False,CA,9,False,False
2023-07-15,Florida,0.1,0.09,1.75,0.66,2.48,2023-2024,False,FL,4,False,False
2023-07-15,Georgia,0.02,0.03,0.56,0.17,0.74,2023-2024,False,GA,4,True,False
2023-07-15,Kentucky,0.02,0.03,0.43,0.1,0.54,2023-2024,False,KY,4,False,False
2023-07-15,Maine,0.0,0.0,0.59,0.03,0.61,2023-2024,False,ME,1,False,False
2023-07-15,Michigan,0.01,0.01,0.36,0.05,0.41,2023-2024,False,MI,5,False,False
2023-07-15,Mississippi,0.02,0.02,0.71,0.23,0.94,2023-2024,False,MS,4,True,False
2023-07-15,Nebraska,0.01,0.01,0.18,0.01,0.19,2023-2024,False,NE,7,False,False
2023-07-15,New Hampshire,0.0,0.01,0.55,0.03,,2023-2024,False,NH,1,False,False
2023-07-15,North Carolina,0.01,0.01,0.73,0.3,1.02,2023-2024,False,NC,4,True,False
2023-07-15,Utah,0.0,0.01,0.59,0.1,0.69,2023-2024,False,UT,8,False,False
2023-07-15,West Virginia,0.01,0.0,0.36,0.05,0.41,2023-2024,False,WV,3,False,False
2023-07-22,Georgia,0.03,0.02,0.72,0.14,0.89,2023-2024,False,GA,4,True,False
2023-07-22,Alaska,0.0,0.0,1.92,0.42,2.3,2023-2024,False,AK,10,False,False
2023-07-22,Illinois,0.01,0.01,0.58,0.06,0.65,2023-2024,False,IL,5,False,False
2023-07-22,Michigan,0.0,0.0,0.4,0.04,0.44,2023-2024,False,MI,5,False,False
2023-07-22,Minnesota,0.02,0.01,0.54,0.08,0.64,2023-2024,False,MN,5,False,True
2023-07-22,Nebraska,0.01,0.0,0.18,0.03,0.22,2023-2024,False,NE,7,False,False
2023-07-22,New York,0.01,0.01,0.51,0.06,0.58,2023-2024,False,NY,2,False,True
2023-07-22,North Dakota,0.02,0.02,0.5,0.04,0.54,2023-2024,False,ND,8,False,False
2023-07-22,South Carolina,0.02,0.02,0.97,0.15,1.12,2023-2024,False,SC,4,True,False
2023-07-22,Tennessee,0.02,0.03,0.77,0.14,0.92,2023-2024,False,TN,4,True,False
2023-07-22,Utah,0.02,0.01,0.65,0.11,0.77,2023-2024,False,UT,8,False,False
2023-07-22,Wisconsin,0.0,0.01,0.38,0.02,0.41,2023-2024,False,WI,5,False,False
2023-07-22,Delaware,0.0,0.02,0.68,0.05,0.72,2023-2024,False,DE,3,False,False
2023-07-22,Hawaii,0.01,0.01,2.37,1.15,3.51,2023-2024,False,HI,9,False,False
2023-07-22,Iowa,0.05,0.03,0.87,0.19,1.06,2023-2024,False,IA,7,False,False
2023-07-22,Kansas,0.01,0.02,0.36,0.06,0.43,2023-2024,False,KS,7,False,False
2023-07-22,Kentucky,0.02,0.03,0.47,0.1,0.59,2023-2024,False,KY,4,False,False
2023-07-22,Maryland,0.03,0.02,0.65,0.06,0.73,2023-2024,False,MD,3,False,False
2023-07-22,Alabama,0.04,0.04,1.22,0.18,1.42,2023-2024,False,AL,4,True,False
2023-07-22,Arizona,0.01,0.01,0.88,0.2,1.09,2023-2024,False,AZ,9,False,False
2023-07-22,Arkansas,0.03,0.03,0.49,0.14,0.65,2023-2024,False,AR,6,True,False
2023-07-22,California,0.01,0.01,0.96,0.08,1.04,2023-2024,False,CA,9,False,False
2023-07-22,District of Columbia,0.04,0.04,0.49,0.08,0.61,2023-2024,False,DC,3,False,False
2023-07-22,Florida,0.1,0.1,2.09,0.62,2.79,2023-2024,False,FL,4,False,False
2023-07-22,Louisiana,0.02,0.02,1.74,0.14,1.89,2023-2024,False,LA,6,True,False
2023-07-22,Maine,0.01,0.0,0.53,0.03,0.56,2023-2024,False,ME,1,False,False
2023-07-22,North Carolina,0.01,0.01,0.97,0.29,1.25,2023-2024,False,NC,4,True,False
2023-07-22,Oregon,0.0,0.0,0.97,0.06,1.03,2023-2024,False,OR,10,False,False
2023-07-22,West Virginia,0.03,0.01,0.38,0.06,0.46,2023-2024,False,WV,3,False,False
2023-07-22,Massachusetts,0.01,0.01,0.72,0.05,0.78,2023-2024,False,MA,1,False,False
2023-07-22,Mississippi,0.04,0.03,1.13,0.21,1.36,2023-2024,False,MS,4,True,False
2023-07-22,Montana,0.0,0.02,0.51,0.03,0.54,2023-2024,False,MT,8,False,False
2023-07-22,Nevada,0.01,0.01,0.87,0.11,0.99,2023-2024,False,NV,9,False,False
2023-07-22,New Hampshire,0.02,0.01,0.46,0.05,,2023-2024,False,NH,1,False,False
2023-07-22,New Jersey,0.01,0.01,0.54,0.08,0.63,2023-2024,False,NJ,2,False,False
2023-07-22,New Mexico,0.01,0.01,0.9,0.08,0.97,2023-2024,False,NM,6,False,False
2023-07-22,Ohio,0.0,0.0,0.41,0.04,0.46,2023-2024,False,OH,5,False,False
2023-07-22,Pennsylvania,0.01,0.0,0.34,0.04,0.39,2023-2024,False,PA,3,False,False
2023-07-22,South Dakota,0.0,0.0,0.2,0.02,,2023-2024,False,SD,8,False,False
2023-07-22,Texas,0.06,0.06,1.0,0.21,1.25,2023-2024,False,TX,6,False,False
2023-07-22,Vermont,0.0,0.0,0.48,0.06,0.53,2023-2024,False,VT,1,False,False
2023-07-22,Washington,0.01,0.01,1.11,0.09,1.2,2023-2024,False,WA,10,False,False
2023-07-22,Wyoming,0.0,0.0,0.56,0.03,0.58,2023-2024,False,WY,8,False,False
2023-07-22,Colorado,0.0,0.01,0.5,0.06,0.56,2023-2024,False,CO,8,False,False
2023-07-22,Connecticut,0.0,0.0,0.52,0.03,0.55,2023-2024,False,CT,1,False,False
2023-07-22,Idaho,0.01,0.01,0.39,0.07,0.44,2023-2024,False,ID,10,False,False
2023-07-22,Indiana,0.01,0.01,0.41,0.03,0.46,2023-2024,False,IN,5,False,False
2023-07-22,Oklahoma,0.02,0.01,0.39,0.05,0.46,2023-2024,False,OK,6,False,False
2023-07-22,Rhode Island,0.03,0.02,0.48,0.08,0.59,2023-2024,False,RI,1,False,False
2023-07-22,Virginia,0.01,0.01,0.75,0.14,0.89,2023-2024,False,VA,3,False,False
2023-07-29,Florida,0.12,0.1,2.55,0.59,3.22,2023-2024,False,FL,4,False,False
2023-07-29,Hawaii,0.03,0.01,3.22,1.19,4.35,2023-2024,False,HI,9,False,False
2023-07-29,Idaho,0.01,0.01,0.49,0.05,0.54,2023-2024,False,ID,10,False,False
2023-07-29,Illinois,0.02,0.01,0.74,0.07,0.83,2023-2024,False,IL,5,False,False
2023-07-29,Indiana,0.02,0.01,0.65,0.06,0.73,2023-2024,False,IN,5,False,False
2023-07-29,Kansas,0.0,0.01,0.55,0.03,0.57,2023-2024,False,KS,7,False,False
2023-07-29,Kentucky,0.01,0.02,0.67,0.07,0.75,2023-2024,False,KY,4,False,False
2023-07-29,Louisiana,0.04,0.03,2.1,0.16,2.3,2023-2024,False,LA,6,True,False
2023-07-29,Michigan,0.01,0.01,0.5,0.03,0.53,2023-2024,False,MI,5,False,False
2023-07-29,Montana,0.0,0.0,0.68,0.02,0.7,2023-2024,False,MT,8,False,False
2023-07-29,Nebraska,0.02,0.01,0.45,0.01,0.48,2023-2024,False,NE,7,False,False
2023-07-29,New Hampshire,0.02,0.01,0.69,0.1,,2023-2024,False,NH,1,False,False
2023-07-29,North Carolina,0.02,0.01,1.21,0.32,1.52,2023-2024,False,NC,4,True,False
2023-07-29,Pennsylvania,0.01,0.01,0.5,0.06,0.57,2023-2024,False,PA,3,False,False
2023-07-29,Rhode Island,0.0,0.02,0.55,0.02,0.56,2023-2024,False,RI,1,False,False
2023-07-29,Vermont,0.0,0.0,0.69,0.04,0.72,2023-2024,False,VT,1,False,False
2023-07-29,New Mexico,0.01,0.0,1.15,0.07,1.23,2023-2024,False,NM,6,False,False
2023-07-29,New Jersey,0.01,0.01,0.65,0.07,0.72,2023-2024,False,NJ,2,False,False
2023-07-29,Iowa,0.04,0.04,0.98,0.18,1.19,2023-2024,False,IA,7,False,False
2023-07-29,District of Columbia,0.01,0.03,0.71,0.1,0.82,2023-2024,False,DC,3,False,False
2023-07-29,Delaware,0.02,0.01,0.84,0.06,0.92,2023-2024,False,DE,3,False,False
2023-07-29,California,0.01,0.01,1.25,0.08,1.3,2023-2024,False,CA,9,False,False
2023-07-29,Alaska,0.0,0.0,1.97,0.21,2.16,2023-2024,False,AK,10,False,False
2023-07-29,Alabama,0.01,0.03,1.62,0.22,1.84,2023-2024,False,AL,4,True,False
2023-07-29,Connecticut,0.0,0.0,0.75,0.05,0.81,2023-2024,False,CT,1,False,False
2023-07-29,Colorado,0.02,0.01,0.63,0.05,0.7,2023-2024,False,CO,8,False,False
2023-07-29,Oklahoma,0.01,0.01,0.63,0.05,0.7,2023-2024,False,OK,6,False,False
2023-07-29,Ohio,0.01,0.0,0.52,0.04,0.58,2023-2024,False,OH,5,False,False
2023-07-29,Minnesota,0.01,0.01,0.64,0.06,0.7,2023-2024,False,MN,5,False,True
2023-07-29,Massachusetts,0.01,0.01,0.85,0.05,0.9,2023-2024,False,MA,1,False,False
2023-07-29,Maryland,0.02,0.02,0.93,0.07,1.02,2023-2024,False,MD,3,False,False
2023-07-29,Arkansas,0.03,0.03,0.57,0.09,0.67,2023-2024,False,AR,6,True,False
2023-07-29,Georgia,0.04,0.03,0.97,0.16,1.15,2023-2024,False,GA,4,True,False
2023-07-29,Maine,0.0,0.0,0.71,0.04,0.74,2023-2024,False,ME,1,False,False
2023-07-29,Wyoming,0.0,0.0,0.63,0.22,0.86,2023-2024,False,WY,8,False,False
2023-07-29,Tennessee,0.05,0.03,1.03,0.17,1.23,2023-2024,False,TN,4,True,False
2023-07-29,South Dakota,0.0,0.0,0.2,0.0,,2023-2024,False,SD,8,False,False
2023-07-29,Mississippi,0.05,0.04,1.62,0.27,1.91,2023-2024,False,MS,4,True,False
2023-07-29,Nevada,0.0,0.01,0.86,0.1,0.95,2023-2024,False,NV,9,False,False
2023-07-29,South Carolina,0.01,0.01,1.31,0.15,1.46,2023-2024,False,SC,4,True,False
2023-07-29,Washington,0.01,0.01,1.22,0.06,1.29,2023-2024,False,WA,10,False,False
2023-07-29,Wisconsin,0.01,0.01,0.44,0.03,0.47,2023-2024,False,WI,5,False,False
2023-07-29,North Dakota,0.02,0.02,0.53,0.0,0.55,2023-2024,False,ND,8,False,False
2023-07-29,New York,0.01,0.01,0.67,0.05,0.72,2023-2024,False,NY,2,False,True
2023-07-29,West Virginia,0.02,0.02,0.46,0.06,0.53,2023-2024,False,WV,3,False,False
2023-07-29,Virginia,0.02,0.02,0.89,0.12,1.02,2023-2024,False,VA,3,False,False
2023-07-29,Utah,0.0,0.01,0.72,0.06,0.78,2023-2024,False,UT,8,False,False
2023-07-29,Texas,0.08,0.07,1.28,0.21,1.55,2023-2024,False,TX,6,False,False
2023-07-29,Oregon,0.0,0.0,1.12,0.07,1.19,2023-2024,False,OR,10,False,False
2023-07-29,Arizona,0.02,0.01,0.96,0.14,1.11,2023-2024,False,AZ,9,False,False
2023-08-05,Oregon,0.0,0.0,1.26,0.07,1.33,2023-2024,False,OR,10,False,False
2023-08-05,Kansas,0.02,0.01,0.59,0.05,0.65,2023-2024,False,KS,7,False,False
2023-08-05,Washington,0.01,0.01,1.56,0.09,1.66,2023-2024,False,WA,10,False,False
2023-08-05,Texas,0.08,0.07,1.72,0.22,2.0,2023-2024,False,TX,6,False,False
2023-08-05,South Carolina,0.03,0.02,2.02,0.21,2.24,2023-2024,False,SC,4,True,False
2023-08-05,North Dakota,0.02,0.02,0.64,0.08,0.74,2023-2024,False,ND,8,False,False
2023-08-05,Vermont,0.0,0.0,1.25,0.02,1.27,2023-2024,False,VT,1,False,False
2023-08-05,South Dakota,0.0,0.0,0.41,0.0,,2023-2024,False,SD,8,False,False
2023-08-05,Rhode Island,0.0,0.01,0.56,0.03,0.6,2023-2024,False,RI,1,False,False
2023-08-05,Ohio,0.01,0.01,0.66,0.04,0.71,2023-2024,False,OH,5,False,False
2023-08-05,New Jersey,0.03,0.02,0.78,0.1,0.9,2023-2024,False,NJ,2,False,False
2023-08-05,Minnesota,0.01,0.01,0.8,0.09,0.89,2023-2024,False,MN,5,False,True
2023-08-05,Hawaii,0.05,0.03,3.46,1.22,4.69,2023-2024,False,HI,9,False,False
2023-08-05,District of Columbia,0.03,0.03,1.0,0.05,1.08,2023-2024,False,DC,3,False,False
2023-08-05,Delaware,0.03,0.02,1.04,0.05,1.12,2023-2024,False,DE,3,False,False
2023-08-05,Arkansas,0.03,0.03,0.99,0.17,1.17,2023-2024,False,AR,6,True,False
2023-08-05,New York,0.02,0.01,0.81,0.06,0.89,2023-2024,False,NY,2,False,True
2023-08-05,Montana,0.0,0.0,0.73,0.03,0.76,2023-2024,False,MT,8,False,False
2023-08-05,Kentucky,0.04,0.02,1.03,0.09,1.15,2023-2024,False,KY,4,False,False
2023-08-05,Connecticut,0.01,0.0,1.03,0.03,1.08,2023-2024,False,CT,1,False,False
2023-08-05,Idaho,0.0,0.01,0.84,0.01,0.85,2023-2024,False,ID,10,False,False
2023-08-05,Alabama,0.04,0.03,2.17,0.23,2.41,2023-2024,False,AL,4,True,False
2023-08-05,California,0.01,0.01,1.53,0.09,1.6,2023-2024,False,CA,9,False,False
2023-08-05,Florida,0.14,0.12,3.02,0.6,3.71,2023-2024,False,FL,4,False,False
2023-08-05,Georgia,0.04,0.03,1.33,0.19,1.55,2023-2024,False,GA,4,True,False
2023-08-05,Iowa,0.02,0.03,1.12,0.18,1.31,2023-2024,False,IA,7,False,False
2023-08-05,Louisiana,0.06,0.04,2.38,0.15,2.56,2023-2024,False,LA,6,True,False
2023-08-05,Maine,0.01,0.01,0.71,0.04,0.76,2023-2024,False,ME,1,False,False
2023-08-05,Massachusetts,0.02,0.01,0.95,0.06,1.02,2023-2024,False,MA,1,False,False
2023-08-05,Nebraska,0.0,0.01,0.35,0.04,0.4,2023-2024,False,NE,7,False,False
2023-08-05,Nevada,0.0,0.01,1.1,0.1,1.19,2023-2024,False,NV,9,False,False
2023-08-05,New Hampshire,0.0,0.01,0.85,0.02,,2023-2024,False,NH,1,False,False
2023-08-05,New Mexico,0.02,0.01,1.08,0.09,1.18,2023-2024,False,NM,6,False,False
2023-08-05,Oklahoma,0.01,0.01,0.9,0.04,0.95,2023-2024,False,OK,6,False,False
2023-08-05,Michigan,0.01,0.01,0.69,0.04,0.73,2023-2024,False,MI,5,False,False
2023-08-05,Mississippi,0.05,0.05,2.11,0.28,2.41,2023-2024,False,MS,4,True,False
2023-08-05,North Carolina,0.02,0.01,1.46,0.34,1.75,2023-2024,False,NC,4,True,False
2023-08-05,Pennsylvania,0.01,0.01,0.56,0.05,0.62,2023-2024,False,PA,3,False,False
2023-08-05,Utah,0.01,0.01,0.85,0.07,0.93,2023-2024,False,UT,8,False,False
2023-08-05,Virginia,0.03,0.02,1.17,0.09,1.29,2023-2024,False,VA,3,False,False
2023-08-05,West Virginia,0.02,0.02,0.86,0.07,0.95,2023-2024,False,WV,3,False,False
2023-08-05,Wisconsin,0.01,0.01,0.59,0.03,0.62,2023-2024,False,WI,5,False,False
2023-08-05,Wyoming,0.0,0.0,1.1,0.0,1.1,2023-2024,False,WY,8,False,False
2023-08-05,Maryland,0.04,0.03,1.03,0.08,1.14,2023-2024,False,MD,3,False,False
2023-08-05,Indiana,0.02,0.02,0.81,0.04,0.87,2023-2024,False,IN,5,False,False
2023-08-05,Illinois,0.02,0.02,0.98,0.06,1.06,2023-2024,False,IL,5,False,False
2023-08-05,Colorado,0.01,0.01,0.7,0.06,0.77,2023-2024,False,CO,8,False,False
2023-08-05,Arizona,0.03,0.02,1.17,0.11,1.29,2023-2024,False,AZ,9,False,False
2023-08-05,Alaska,0.0,0.0,1.69,0.23,1.91,2023-2024,False,AK,10,False,False
2023-08-05,Tennessee,0.03,0.04,1.27,0.16,1.44,2023-2024,False,TN,4,True,False
2023-08-12,Florida,0.14,0.13,3.34,0.56,3.99,2023-2024,False,FL,4,False,False
2023-08-12,Illinois,0.02,0.02,1.13,0.06,1.21,2023-2024,False,IL,5,False,False
2023-08-12,Indiana,0.02,0.02,1.05,0.07,1.13,2023-2024,False,IN,5,False,False
2023-08-12,Louisiana,0.04,0.04,2.78,0.14,2.95,2023-2024,False,LA,6,True,False
2023-08-12,Massachusetts,0.02,0.02,1.31,0.06,1.38,2023-2024,False,MA,1,False,False
2023-08-12,Michigan,0.01,0.01,0.85,0.04,0.9,2023-2024,False,MI,5,False,False
2023-08-12,Nebraska,0.01,0.01,0.67,0.01,0.69,2023-2024,False,NE,7,False,False
2023-08-12,Oklahoma,0.0,0.01,1.09,0.03,1.11,2023-2024,False,OK,6,False,False
2023-08-12,Alabama,0.05,0.04,2.74,0.28,3.04,2023-2024,False,AL,4,True,False
2023-08-12,Alaska,0.07,0.02,1.71,0.32,2.07,2023-2024,False,AK,10,False,False
2023-08-12,Arkansas,0.02,0.03,1.28,0.12,1.41,2023-2024,False,AR,6,True,False
2023-08-12,Colorado,0.02,0.02,0.95,0.05,1.01,2023-2024,False,CO,8,False,False
2023-08-12,Delaware,0.02,0.02,1.07,0.06,1.13,2023-2024,False,DE,3,False,False
2023-08-12,District of Columbia,0.08,0.04,1.27,0.07,1.4,2023-2024,False,DC,3,False,False
2023-08-12,Maine,0.01,0.01,0.95,0.03,0.98,2023-2024,False,ME,1,False,False
2023-08-12,Mississippi,0.06,0.05,2.9,0.36,3.24,2023-2024,False,MS,4,True,False
2023-08-12,Nevada,0.02,0.01,1.47,0.17,1.64,2023-2024,False,NV,9,False,False
2023-08-12,New Jersey,0.01,0.02,0.91,0.09,1.01,2023-2024,False,NJ,2,False,False
2023-08-12,New Mexico,0.01,0.01,1.61,0.09,1.7,2023-2024,False,NM,6,False,False
2023-08-12,North Carolina,0.03,0.02,1.98,0.31,2.27,2023-2024,False,NC,4,True,False
2023-08-12,North Dakota,0.02,0.02,0.68,0.04,0.74,2023-2024,False,ND,8,False,False
2023-08-12,Oregon,0.01,0.0,1.56,0.1,1.66,2023-2024,False,OR,10,False,False
2023-08-12,West Virginia,0.01,0.02,0.91,0.05,0.97,2023-2024,False,WV,3,False,False
2023-08-12,Vermont,0.0,0.0,1.35,0.02,1.37,2023-2024,False,VT,1,False,False
2023-08-12,Texas,0.07,0.08,2.14,0.24,2.41,2023-2024,False,TX,6,False,False
2023-08-12,Tennessee,0.06,0.05,1.7,0.21,1.95,2023-2024,False,TN,4,True,False
2023-08-12,South Carolina,0.05,0.03,2.61,0.18,2.83,2023-2024,False,SC,4,True,False
2023-08-12,Rhode Island,0.01,0.0,0.74,0.05,0.78,2023-2024,False,RI,1,False,False
2023-08-12,Ohio,0.0,0.01,0.8,0.04,0.86,2023-2024,False,OH,5,False,False
2023-08-12,New York,0.01,0.01,1.08,0.07,1.15,2023-2024,False,NY,2,False,True
2023-08-12,New Hampshire,0.0,0.01,1.01,0.02,,2023-2024,False,NH,1,False,False
2023-08-12,Montana,0.01,0.0,0.98,0.06,1.04,2023-2024,False,MT,8,False,False
2023-08-12,Kentucky,0.05,0.03,1.5,0.14,1.67,2023-2024,False,KY,4,False,False
2023-08-12,Iowa,0.05,0.04,1.44,0.19,1.65,2023-2024,False,IA,7,False,False
2023-08-12,Idaho,0.01,0.01,0.89,0.06,0.95,2023-2024,False,ID,10,False,False
2023-08-12,Hawaii,0.06,0.05,3.8,1.13,4.92,2023-2024,False,HI,9,False,False
2023-08-12,Georgia,0.05,0.04,1.69,0.18,1.9,2023-2024,False,GA,4,True,False
2023-08-12,California,0.01,0.01,1.81,0.09,1.85,2023-2024,False,CA,9,False,False
2023-08-12,Arizona,0.02,0.02,1.28,0.11,1.41,2023-2024,False,AZ,9,False,False
2023-08-12,Wyoming,0.0,0.0,0.96,0.06,1.02,2023-2024,False,WY,8,False,False
2023-08-12,Wisconsin,0.01,0.01,0.72,0.01,0.74,2023-2024,False,WI,5,False,False
2023-08-12,Washington,0.01,0.01,1.83,0.07,1.91,2023-2024,False,WA,10,False,False
2023-08-12,Virginia,0.04,0.03,1.47,0.15,1.65,2023-2024,False,VA,3,False,False
2023-08-12,Utah,0.01,0.01,1.01,0.09,1.11,2023-2024,False,UT,8,False,False
2023-08-12,South Dakota,0.04,0.01,0.55,0.0,,2023-2024,False,SD,8,False,False
2023-08-12,Pennsylvania,0.01,0.01,0.79,0.03,0.83,2023-2024,False,PA,3,False,False
2023-08-12,Minnesota,0.03,0.02,0.94,0.04,1.02,2023-2024,False,MN,5,False,True
2023-08-12,Maryland,0.04,0.03,1.21,0.07,1.31,2023-2024,False,MD,3,False,False
2023-08-12,Kansas,0.03,0.02,0.67,0.04,0.74,2023-2024,False,KS,7,False,False
2023-08-12,Connecticut,0.0,0.0,1.32,0.05,1.36,2023-2024,False,CT,1,False,False
2023-08-19,Nevada,0.01,0.01,1.76,0.18,1.94,2023-2024,False,NV,9,False,False
2023-08-19,Mississippi,0.12,0.08,3.72,0.53,4.32,2023-2024,False,MS,4,True,False
2023-08-19,Louisiana,0.06,0.05,3.44,0.22,3.7,2023-2024,False,LA,6,True,False
2023-08-19,Pennsylvania,0.01,0.01,0.92,0.05,0.98,2023-2024,False,PA,3,False,False
2023-08-19,North Carolina,0.03,0.03,2.48,0.37,2.8,2023-2024,False,NC,4,True,False
2023-08-19,New York,0.01,0.01,1.18,0.06,1.25,2023-2024,False,NY,2,False,True
2023-08-19,New Mexico,0.0,0.01,2.1,0.14,2.23,2023-2024,False,NM,6,False,False
2023-08-19,New Hampshire,0.0,0.0,0.85,0.05,,2023-2024,False,NH,1,False,False
2023-08-19,Maryland,0.03,0.04,1.52,0.09,1.62,2023-2024,False,MD,3,False,False
2023-08-19,Vermont,0.0,0.0,1.32,0.0,1.32,2023-2024,False,VT,1,False,False
2023-08-19,Texas,0.09,0.08,2.74,0.26,3.05,2023-2024,False,TX,6,False,False
2023-08-19,Oregon,0.01,0.01,1.94,0.07,2.02,2023-2024,False,OR,10,False,False
2023-08-19,Oklahoma,0.02,0.01,1.23,0.09,1.34,2023-2024,False,OK,6,False,False
2023-08-19,Ohio,0.01,0.01,1.03,0.05,1.09,2023-2024,False,OH,5,False,False
2023-08-19,New Jersey,0.02,0.02,1.15,0.09,1.27,2023-2024,False,NJ,2,False,False
2023-08-19,Montana,0.01,0.01,1.22,0.02,1.26,2023-2024,False,MT,8,False,False
2023-08-19,Maine,0.0,0.01,1.19,0.04,1.23,2023-2024,False,ME,1,False,False
2023-08-19,Kansas,0.01,0.02,1.13,0.07,1.21,2023-2024,False,KS,7,False,False
2023-08-19,Illinois,0.03,0.02,1.54,0.08,1.64,2023-2024,False,IL,5,False,False
2023-08-19,Connecticut,0.0,0.0,1.53,0.04,1.57,2023-2024,False,CT,1,False,False
2023-08-19,Arkansas,0.03,0.03,1.87,0.12,2.03,2023-2024,False,AR,6,True,False
2023-08-19,West Virginia,0.01,0.02,1.33,0.11,1.44,2023-2024,False,WV,3,False,False
2023-08-19,Wisconsin,0.01,0.01,0.82,0.03,0.86,2023-2024,False,WI,5,False,False
2023-08-19,Washington,0.02,0.02,2.15,0.08,2.25,2023-2024,False,WA,10,False,False
2023-08-19,Virginia,0.05,0.04,1.9,0.14,2.07,2023-2024,False,VA,3,False,False
2023-08-19,Utah,0.01,0.01,1.17,0.1,1.27,2023-2024,False,UT,8,False,False
2023-08-19,Wyoming,0.0,0.0,1.44,0.06,1.5,2023-2024,False,WY,8,False,False
2023-08-19,Tennessee,0.08,0.06,2.4,0.25,2.69,2023-2024,False,TN,4,True,False
2023-08-19,South Carolina,0.06,0.05,3.21,0.21,3.46,2023-2024,False,SC,4,True,False
2023-08-19,North Dakota,0.04,0.02,1.09,0.02,1.12,2023-2024,False,ND,8,False,False
2023-08-19,Nebraska,0.01,0.0,0.84,0.01,0.86,2023-2024,False,NE,7,False,False
2023-08-19,Minnesota,0.03,0.02,1.19,0.08,1.27,2023-2024,False,MN,5,False,True
2023-08-19,Iowa,0.03,0.03,1.82,0.2,2.02,2023-2024,False,IA,7,False,False
2023-08-19,Idaho,0.0,0.0,1.26,0.03,1.3,2023-2024,False,ID,10,False,False
2023-08-19,District of Columbia,0.07,0.06,1.52,0.12,1.71,2023-2024,False,DC,3,False,False
2023-08-19,Arizona,0.02,0.02,1.76,0.11,1.88,2023-2024,False,AZ,9,False,False
2023-08-19,Michigan,0.01,0.01,0.98,0.04,1.03,2023-2024,False,MI,5,False,False
2023-08-19,Massachusetts,0.04,0.03,1.59,0.09,1.71,2023-2024,False,MA,1,False,False
2023-08-19,Kentucky,0.06,0.05,1.76,0.13,1.94,2023-2024,False,KY,4,False,False
2023-08-19,Hawaii,0.07,0.06,4.1,1.35,5.51,2023-2024,False,HI,9,False,False
2023-08-19,Georgia,0.06,0.05,2.34,0.2,2.58,2023-2024,False,GA,4,True,False
2023-08-19,California,0.01,0.01,2.33,0.11,2.38,2023-2024,False,CA,9,False,False
2023-08-19,Indiana,0.02,0.02,1.43,0.08,1.54,2023-2024,False,IN,5,False,False
2023-08-19,Florida,0.17,0.15,3.67,0.6,4.39,2023-2024,False,FL,4,False,False
2023-08-19,Delaware,0.05,0.03,1.39,0.05,1.48,2023-2024,False,DE,3,False,False
2023-08-19,Colorado,0.01,0.01,1.1,0.07,1.18,2023-2024,False,CO,8,False,False
2023-08-19,Alaska,0.01,0.03,1.62,0.25,1.88,2023-2024,False,AK,10,False,False
2023-08-19,Alabama,0.06,0.05,3.74,0.35,4.11,2023-2024,False,AL,4,True,False
2023-08-19,South Dakota,0.0,0.01,0.98,0.06,,2023-2024,False,SD,8,False,False
2023-08-19,Rhode Island,0.0,0.0,0.85,0.09,0.93,2023-2024,False,RI,1,False,False
2023-08-26,Washington,0.01,0.02,2.5,0.11,2.61,2023-2024,False,WA,10,False,False
2023-08-26,Ohio,0.01,0.01,1.38,0.05,1.44,2023-2024,False,OH,5,False,False
2023-08-26,New York,0.01,0.01,1.46,0.08,1.55,2023-2024,False,NY,2,False,True
2023-08-26,New Jersey,0.02,0.02,1.29,0.08,1.39,2023-2024,False,NJ,2,False,False
2023-08-26,New Hampshire,0.0,0.0,1.43,0.03,,2023-2024,False,NH,1,False,False
2023-08-26,Nebraska,0.02,0.01,1.0,0.02,1.05,2023-2024,False,NE,7,False,False
2023-08-26,Montana,0.01,0.01,1.51,0.06,1.59,2023-2024,False,MT,8,False,False
2023-08-26,Minnesota,0.02,0.03,1.53,0.08,1.63,2023-2024,False,MN,5,False,True
2023-08-26,Michigan,0.0,0.01,1.31,0.05,1.37,2023-2024,False,MI,5,False,False
2023-08-26,Idaho,0.0,0.0,1.42,0.07,1.47,2023-2024,False,ID,10,False,False
2023-08-26,Hawaii,0.09,0.07,4.21,0.91,5.21,2023-2024,False,HI,9,False,False
2023-08-26,District of Columbia,0.17,0.1,1.86,0.13,2.16,2023-2024,False,DC,3,False,False
2023-08-26,California,0.02,0.01,2.42,0.11,2.46,2023-2024,False,CA,9,False,False
2023-08-26,Alabama,0.07,0.06,4.97,0.43,5.41,2023-2024,False,AL,4,True,False
2023-08-26,Texas,0.11,0.09,3.58,0.34,3.98,2023-2024,False,TX,6,False,False
2023-08-26,Tennessee,0.05,0.06,3.21,0.28,3.49,2023-2024,False,TN,4,True,False
2023-08-26,Nevada,0.02,0.02,1.9,0.21,2.12,2023-2024,False,NV,9,False,False
2023-08-26,Maine,0.01,0.01,1.65,0.03,1.7,2023-2024,False,ME,1,False,False
2023-08-26,Louisiana,0.07,0.06,4.15,0.29,4.48,2023-2024,False,LA,6,True,False
2023-08-26,Florida,0.21,0.17,4.48,0.77,5.4,2023-2024,False,FL,4,False,False
2023-08-26,Wisconsin,0.01,0.01,1.04,0.03,1.08,2023-2024,False,WI,5,False,False
2023-08-26,Utah,0.02,0.01,1.31,0.07,1.39,2023-2024,False,UT,8,False,False
2023-08-26,North Carolina,0.03,0.03,2.99,0.45,3.39,2023-2024,False,NC,4,True,False
2023-08-26,Arizona,0.03,0.02,1.7,0.11,1.83,2023-2024,False,AZ,9,False,False
2023-08-26,Kentucky,0.06,0.05,2.4,0.17,2.61,2023-2024,False,KY,4,False,False
2023-08-26,Delaware,0.03,0.03,1.16,0.02,1.2,2023-2024,False,DE,3,False,False
2023-08-26,North Dakota,0.02,0.02,0.86,0.05,0.93,2023-2024,False,ND,8,False,False
2023-08-26,Oklahoma,0.02,0.01,1.6,0.03,1.64,2023-2024,False,OK,6,False,False
2023-08-26,Oregon,0.01,0.01,2.35,0.07,2.43,2023-2024,False,OR,10,False,False
2023-08-26,Pennsylvania,0.01,0.01,1.08,0.05,1.14,2023-2024,False,PA,3,False,False
2023-08-26,Rhode Island,0.02,0.01,1.41,0.06,1.48,2023-2024,False,RI,1,False,False
2023-08-26,South Carolina,0.06,0.06,3.94,0.27,4.24,2023-2024,False,SC,4,True,False
2023-08-26,Vermont,0.0,0.0,1.42,0.06,1.48,2023-2024,False,VT,1,False,False
2023-08-26,Virginia,0.05,0.05,2.44,0.16,2.64,2023-2024,False,VA,3,False,False
2023-08-26,West Virginia,0.06,0.03,1.72,0.07,1.83,2023-2024,False,WV,3,False,False
2023-08-26,Wyoming,0.0,0.0,1.62,0.0,1.62,2023-2024,False,WY,8,False,False
2023-08-26,Mississippi,0.1,0.09,3.7,0.59,4.31,2023-2024,False,MS,4,True,False
2023-08-26,New Mexico,0.01,0.01,2.22,0.11,2.34,2023-2024,False,NM,6,False,False
2023-08-26,Massachusetts,0.04,0.03,1.71,0.09,1.82,2023-2024,False,MA,1,False,False
2023-08-26,Maryland,0.02,0.03,1.9,0.06,1.99,2023-2024,False,MD,3,False,False
2023-08-26,Arkansas,0.04,0.03,2.6,0.24,2.85,2023-2024,False,AR,6,True,False
2023-08-26,Colorado,0.0,0.01,1.42,0.08,1.49,2023-2024,False,CO,8,False,False
2023-08-26,Kansas,0.02,0.02,1.63,0.1,1.73,2023-2024,False,KS,7,False,False
2023-08-26,Iowa,0.07,0.05,2.24,0.22,2.5,2023-2024,False,IA,7,False,False
2023-08-26,Indiana,0.02,0.02,1.91,0.11,2.04,2023-2024,False,IN,5,False,False
2023-08-26,Illinois,0.03,0.03,1.89,0.08,2.0,2023-2024,False,IL,5,False,False
2023-08-26,Georgia,0.09,0.07,2.54,0.24,2.85,2023-2024,False,GA,4,True,False
2023-08-26,Connecticut,0.02,0.01,1.73,0.1,1.85,2023-2024,False,CT,1,False,False
2023-08-26,Alaska,0.07,0.05,1.95,0.25,2.26,2023-2024,False,AK,10,False,False
2023-08-26,South Dakota,0.0,0.01,0.99,0.0,,2023-2024,False,SD,8,False,False
2023-09-02,Arkansas,0.04,0.04,3.41,0.15,3.58,2023-2024,False,AR,6,True,False
2023-09-02,North Dakota,0.02,0.02,1.06,0.02,1.1,2023-2024,False,ND,8,False,False
2023-09-02,Vermont,0.02,0.01,1.65,0.0,1.67,2023-2024,False,VT,1,False,False
2023-09-02,New Jersey,0.03,0.03,1.5,0.09,1.62,2023-2024,False,NJ,2,False,False
2023-09-02,North Carolina,0.04,0.03,3.23,0.55,3.67,2023-2024,False,NC,4,True,False
2023-09-02,Texas,0.11,0.1,3.78,0.42,4.27,2023-2024,False,TX,6,False,False
2023-09-02,Virginia,0.06,0.05,2.57,0.21,2.82,2023-2024,False,VA,3,False,False
2023-09-02,District of Columbia,0.2,0.14,2.23,0.04,2.45,2023-2024,False,DC,3,False,False
2023-09-02,Delaware,0.05,0.04,1.39,0.05,1.48,2023-2024,False,DE,3,False,False
2023-09-02,California,0.02,0.01,2.52,0.1,2.56,2023-2024,False,CA,9,False,False
2023-09-02,Arizona,0.02,0.03,1.79,0.12,1.92,2023-2024,False,AZ,9,False,False
2023-09-02,Colorado,0.0,0.0,1.59,0.07,1.66,2023-2024,False,CO,8,False,False
2023-09-02,Indiana,0.04,0.03,1.87,0.06,1.98,2023-2024,False,IN,5,False,False
2023-09-02,Kentucky,0.08,0.06,2.65,0.17,2.88,2023-2024,False,KY,4,False,False
2023-09-02,Mississippi,0.12,0.11,3.17,0.4,3.65,2023-2024,False,MS,4,True,False
2023-09-02,Nebraska,0.01,0.01,0.99,0.06,1.06,2023-2024,False,NE,7,False,False
2023-09-02,South Dakota,0.0,0.0,1.18,0.07,,2023-2024,False,SD,8,False,False
2023-09-02,Pennsylvania,0.01,0.01,1.38,0.06,1.44,2023-2024,False,PA,3,False,False
2023-09-02,Oklahoma,0.03,0.02,1.69,0.07,1.77,2023-2024,False,OK,6,False,False
2023-09-02,Tennessee,0.1,0.08,2.84,0.28,3.19,2023-2024,False,TN,4,True,False
2023-09-02,Washington,0.01,0.02,2.74,0.1,2.83,2023-2024,False,WA,10,False,False
2023-09-02,West Virginia,0.04,0.04,2.45,0.08,2.56,2023-2024,False,WV,3,False,False
2023-09-02,Wisconsin,0.01,0.01,1.22,0.03,1.26,2023-2024,False,WI,5,False,False
2023-09-02,Wyoming,0.03,0.01,1.77,0.09,1.86,2023-2024,False,WY,8,False,False
2023-09-02,Alabama,0.1,0.08,4.33,0.48,4.82,2023-2024,False,AL,4,True,False
2023-09-02,Alaska,0.03,0.04,2.34,0.38,2.68,2023-2024,False,AK,10,False,False
2023-09-02,Connecticut,0.02,0.01,1.97,0.09,2.08,2023-2024,False,CT,1,False,False
2023-09-02,Idaho,0.02,0.01,1.87,0.06,1.92,2023-2024,False,ID,10,False,False
2023-09-02,Iowa,0.04,0.04,2.49,0.26,2.74,2023-2024,False,IA,7,False,False
2023-09-02,Minnesota,0.02,0.02,1.56,0.07,1.65,2023-2024,False,MN,5,False,True
2023-09-02,New Mexico,0.01,0.01,2.16,0.12,2.28,2023-2024,False,NM,6,False,False
2023-09-02,New York,0.01,0.01,1.57,0.06,1.65,2023-2024,False,NY,2,False,True
2023-09-02,New Hampshire,0.02,0.01,1.65,0.08,,2023-2024,False,NH,1,False,False
2023-09-02,Massachusetts,0.07,0.05,1.96,0.1,2.11,2023-2024,False,MA,1,False,False
2023-09-02,Maryland,0.05,0.03,2.24,0.07,2.35,2023-2024,False,MD,3,False,False
2023-09-02,Louisiana,0.04,0.06,3.81,0.25,4.08,2023-2024,False,LA,6,True,False
2023-09-02,Georgia,0.13,0.09,1.99,0.28,2.39,2023-2024,False,GA,4,True,False
2023-09-02,Hawaii,0.02,0.06,3.94,1.1,5.02,2023-2024,False,HI,9,False,False
2023-09-02,Illinois,0.04,0.03,1.96,0.08,2.07,2023-2024,False,IL,5,False,False
2023-09-02,Kansas,0.02,0.02,1.91,0.07,2.0,2023-2024,False,KS,7,False,False
2023-09-02,Maine,0.0,0.0,1.5,0.04,1.55,2023-2024,False,ME,1,False,False
2023-09-02,Michigan,0.01,0.01,1.52,0.07,1.6,2023-2024,False,MI,5,False,False
2023-09-02,Montana,0.03,0.02,1.75,0.01,1.79,2023-2024,False,MT,8,False,False
2023-09-02,Nevada,0.04,0.02,1.79,0.24,2.05,2023-2024,False,NV,9,False,False
2023-09-02,Utah,0.01,0.01,1.73,0.14,1.88,2023-2024,False,UT,8,False,False
2023-09-02,South Carolina,0.11,0.08,4.05,0.34,4.46,2023-2024,False,SC,4,True,False
2023-09-02,Rhode Island,0.0,0.01,1.49,0.07,1.56,2023-2024,False,RI,1,False,False
2023-09-02,Oregon,0.02,0.01,2.48,0.06,2.57,2023-2024,False,OR,10,False,False
2023-09-02,Ohio,0.0,0.01,1.72,0.07,1.81,2023-2024,False,OH,5,False,False
2023-09-02,Florida,0.25,0.21,4.2,0.83,5.23,2023-2024,False,FL,4,False,False
2023-09-09,New Hampshire,0.03,0.02,1.65,0.08,,2023-2024,False,NH,1,False,False
2023-09-09,Alabama,0.1,0.09,3.5,0.42,4.0,2023-2024,False,AL,4,True,False
2023-09-09,Wyoming,0.0,0.01,2.25,0.11,2.34,2023-2024,False,WY,8,False,False
2023-09-09,Wisconsin,0.01,0.01,1.34,0.04,1.38,2023-2024,False,WI,5,False,False
2023-09-09,Virginia,0.07,0.06,2.69,0.21,2.96,2023-2024,False,VA,3,False,False
2023-09-09,South Dakota,0.0,0.0,1.27,0.02,,2023-2024,False,SD,8,False,False
2023-09-09,Oklahoma,0.04,0.03,1.57,0.11,1.72,2023-2024,False,OK,6,False,False
2023-09-09,Ohio,0.03,0.01,2.13,0.09,2.27,2023-2024,False,OH,5,False,False
2023-09-09,Mississippi,0.19,0.14,2.81,0.41,3.36,2023-2024,False,MS,4,True,False
2023-09-09,Minnesota,0.04,0.03,1.71,0.08,1.82,2023-2024,False,MN,5,False,True
2023-09-09,West Virginia,0.04,0.05,2.78,0.08,2.9,2023-2024,False,WV,3,False,False
2023-09-09,Texas,0.12,0.12,3.24,0.39,3.7,2023-2024,False,TX,6,False,False
2023-09-09,South Carolina,0.1,0.09,3.57,0.31,3.94,2023-2024,False,SC,4,True,False
2023-09-09,North Carolina,0.06,0.04,3.57,0.61,4.09,2023-2024,False,NC,4,True,False
2023-09-09,New Jersey,0.03,0.03,1.86,0.13,2.01,2023-2024,False,NJ,2,False,False
2023-09-09,Montana,0.01,0.02,1.97,0.08,2.07,2023-2024,False,MT,8,False,False
2023-09-09,Maryland,0.08,0.05,2.49,0.1,2.66,2023-2024,False,MD,3,False,False
2023-09-09,Connecticut,0.01,0.01,2.36,0.09,2.46,2023-2024,False,CT,1,False,False
2023-09-09,Maine,0.01,0.0,1.77,0.03,1.78,2023-2024,False,ME,1,False,False
2023-09-09,Louisiana,0.12,0.08,3.16,0.28,3.53,2023-2024,False,LA,6,True,False
2023-09-09,Idaho,0.01,0.01,2.13,0.09,2.23,2023-2024,False,ID,10,False,False
2023-09-09,Alaska,0.06,0.05,2.57,0.52,3.07,2023-2024,False,AK,10,False,False
2023-09-09,Washington,0.01,0.01,3.03,0.16,3.19,2023-2024,False,WA,10,False,False
2023-09-09,Vermont,0.0,0.01,2.11,0.02,2.12,2023-2024,False,VT,1,False,False
2023-09-09,Utah,0.03,0.02,2.04,0.21,2.27,2023-2024,False,UT,8,False,False
2023-09-09,Pennsylvania,0.02,0.01,1.71,0.08,1.8,2023-2024,False,PA,3,False,False
2023-09-09,Oregon,0.04,0.02,2.72,0.07,2.82,2023-2024,False,OR,10,False,False
2023-09-09,North Dakota,0.07,0.04,1.43,0.02,1.5,2023-2024,False,ND,8,False,False
2023-09-09,Nebraska,0.03,0.02,1.07,0.06,1.16,2023-2024,False,NE,7,False,False
2023-09-09,Michigan,0.02,0.01,1.96,0.05,2.03,2023-2024,False,MI,5,False,False
2023-09-09,Massachusetts,0.07,0.06,2.16,0.13,2.34,2023-2024,False,MA,1,False,False
2023-09-09,Kentucky,0.09,0.07,2.65,0.14,2.87,2023-2024,False,KY,4,False,False
2023-09-09,Kansas,0.02,0.02,2.44,0.07,2.52,2023-2024,False,KS,7,False,False
2023-09-09,Illinois,0.05,0.04,1.99,0.09,2.12,2023-2024,False,IL,5,False,False
2023-09-09,Florida,0.28,0.25,3.33,0.88,4.43,2023-2024,False,FL,4,False,False
2023-09-09,District of Columbia,0.19,0.18,2.74,0.09,2.99,2023-2024,False,DC,3,False,False
2023-09-09,Colorado,0.02,0.01,1.77,0.1,1.88,2023-2024,False,CO,8,False,False
2023-09-09,California,0.03,0.02,2.58,0.1,2.64,2023-2024,False,CA,9,False,False
2023-09-09,Arizona,0.03,0.03,1.81,0.14,1.98,2023-2024,False,AZ,9,False,False
2023-09-09,Arkansas,0.03,0.04,3.52,0.25,3.74,2023-2024,False,AR,6,True,False
2023-09-09,Delaware,0.07,0.05,1.79,0.13,1.98,2023-2024,False,DE,3,False,False
2023-09-09,Georgia,0.17,0.13,1.51,0.25,1.93,2023-2024,False,GA,4,True,False
2023-09-09,Hawaii,0.1,0.07,3.89,1.32,5.26,2023-2024,False,HI,9,False,False
2023-09-09,Indiana,0.04,0.04,1.82,0.11,1.96,2023-2024,False,IN,5,False,False
2023-09-09,Iowa,0.06,0.06,2.51,0.15,2.71,2023-2024,False,IA,7,False,False
2023-09-09,Nevada,0.01,0.02,1.9,0.18,2.09,2023-2024,False,NV,9,False,False
2023-09-09,New Mexico,0.03,0.02,1.93,0.15,2.1,2023-2024,False,NM,6,False,False
2023-09-09,New York,0.03,0.02,1.87,0.08,1.96,2023-2024,False,NY,2,False,True
2023-09-09,Rhode Island,0.09,0.04,1.75,0.08,1.89,2023-2024,False,RI,1,False,False
2023-09-09,Tennessee,0.1,0.08,2.35,0.26,2.7,2023-2024,False,TN,4,True,False
2023-09-16,Nevada,0.03,0.03,1.7,0.17,1.86,2023-2024,False,NV,9,False,False
2023-09-16,Mississippi,0.18,0.16,1.98,0.42,2.55,2023-2024,False,MS,4,True,False
2023-09-16,Michigan,0.02,0.01,2.01,0.09,2.11,2023-2024,False,MI,5,False,False
2023-09-16,Indiana,0.06,0.05,1.55,0.09,1.69,2023-2024,False,IN,5,False,False
2023-09-16,Connecticut,0.01,0.01,2.27,0.14,2.42,2023-2024,False,CT,1,False,False
2023-09-16,Alaska,0.05,0.04,2.5,0.71,3.24,2023-2024,False,AK,10,False,False
2023-09-16,Oregon,0.02,0.03,3.27,0.13,3.41,2023-2024,False,OR,10,False,False
2023-09-16,Rhode Island,0.03,0.04,1.63,0.1,1.75,2023-2024,False,RI,1,False,False
2023-09-16,South Carolina,0.15,0.12,2.76,0.42,3.28,2023-2024,False,SC,4,True,False
2023-09-16,Iowa,0.08,0.06,2.56,0.19,2.8,2023-2024,False,IA,7,False,False
2023-09-16,Louisiana,0.14,0.1,2.44,0.26,2.82,2023-2024,False,LA,6,True,False
2023-09-16,Maryland,0.09,0.07,2.05,0.09,2.22,2023-2024,False,MD,3,False,False
2023-09-16,Massachusetts,0.06,0.07,2.01,0.09,2.16,2023-2024,False,MA,1,False,False
2023-09-16,New Hampshire,0.05,0.03,2.27,0.05,,2023-2024,False,NH,1,False,False
2023-09-16,Tennessee,0.13,0.11,1.7,0.31,2.12,2023-2024,False,TN,4,True,False
2023-09-16,Washington,0.02,0.02,3.11,0.2,3.31,2023-2024,False,WA,10,False,False
2023-09-16,Wyoming,0.0,0.01,2.11,0.03,2.14,2023-2024,False,WY,8,False,False
2023-09-16,Illinois,0.05,0.05,1.76,0.13,1.94,2023-2024,False,IL,5,False,False
2023-09-16,Alabama,0.13,0.11,2.6,0.38,3.07,2023-2024,False,AL,4,True,False
2023-09-16,Arkansas,0.02,0.03,2.36,0.2,2.56,2023-2024,False,AR,6,True,False
2023-09-16,California,0.03,0.02,2.06,0.11,2.14,2023-2024,False,CA,9,False,False
2023-09-16,Colorado,0.02,0.01,1.65,0.06,1.73,2023-2024,False,CO,8,False,False
2023-09-16,Delaware,0.14,0.08,1.97,0.05,2.15,2023-2024,False,DE,3,False,False
2023-09-16,District of Columbia,0.22,0.2,2.27,0.1,2.59,2023-2024,False,DC,3,False,False
2023-09-16,Florida,0.28,0.27,2.3,0.89,3.44,2023-2024,False,FL,4,False,False
2023-09-16,Georgia,0.21,0.17,1.17,0.27,1.62,2023-2024,False,GA,4,True,False
2023-09-16,Hawaii,0.1,0.08,3.32,1.62,4.97,2023-2024,False,HI,9,False,False
2023-09-16,Idaho,0.0,0.01,2.13,0.09,2.21,2023-2024,False,ID,10,False,False
2023-09-16,Kansas,0.02,0.02,1.77,0.07,1.84,2023-2024,False,KS,7,False,False
2023-09-16,Kentucky,0.1,0.09,2.21,0.16,2.47,2023-2024,False,KY,4,False,False
2023-09-16,Minnesota,0.03,0.03,2.02,0.07,2.11,2023-2024,False,MN,5,False,True
2023-09-16,Nebraska,0.02,0.02,0.99,0.02,1.02,2023-2024,False,NE,7,False,False
2023-09-16,New Jersey,0.05,0.04,1.86,0.12,2.03,2023-2024,False,NJ,2,False,False
2023-09-16,Pennsylvania,0.03,0.02,1.57,0.08,1.68,2023-2024,False,PA,3,False,False
2023-09-16,South Dakota,0.0,0.0,1.54,0.02,,2023-2024,False,SD,8,False,False
2023-09-16,Vermont,0.0,0.01,1.91,0.0,1.91,2023-2024,False,VT,1,False,False
2023-09-16,Virginia,0.09,0.07,2.38,0.24,2.69,2023-2024,False,VA,3,False,False
2023-09-16,New York,0.03,0.02,1.86,0.09,1.97,2023-2024,False,NY,2,False,True
2023-09-16,North Carolina,0.05,0.05,3.41,0.66,4.0,2023-2024,False,NC,4,True,False
2023-09-16,Wisconsin,0.01,0.01,1.41,0.04,1.46,2023-2024,False,WI,5,False,False
2023-09-16,West Virginia,0.04,0.04,2.59,0.08,2.71,2023-2024,False,WV,3,False,False
2023-09-16,Utah,0.04,0.03,1.93,0.08,2.06,2023-2024,False,UT,8,False,False
2023-09-16,Maine,0.0,0.0,1.69,0.04,1.73,2023-2024,False,ME,1,False,False
2023-09-16,Montana,0.02,0.02,2.4,0.09,2.5,2023-2024,False,MT,8,False,False
2023-09-16,New Mexico,0.02,0.02,2.02,0.19,2.2,2023-2024,False,NM,6,False,False
2023-09-16,North Dakota,0.05,0.05,1.66,0.05,1.77,2023-2024,False,ND,8,False,False
2023-09-16,Texas,0.16,0.13,2.35,0.4,2.88,2023-2024,False,TX,6,False,False
2023-09-16,Oklahoma,0.01,0.03,1.82,0.11,1.93,2023-2024,False,OK,6,False,False
2023-09-16,Ohio,0.02,0.02,1.84,0.08,1.96,2023-2024,False,OH,5,False,False
2023-09-16,Arizona,0.03,0.03,1.7,0.16,1.88,2023-2024,False,AZ,9,False,False
2023-09-23,Washington,0.03,0.02,2.99,0.22,3.22,2023-2024,False,WA,10,False,False
2023-09-23,Arkansas,0.08,0.04,2.06,0.19,2.3,2023-2024,False,AR,6,True,False
2023-09-23,Delaware,0.16,0.12,1.93,0.08,2.16,2023-2024,False,DE,3,False,False
2023-09-23,District of Columbia,0.27,0.23,2.04,0.13,2.42,2023-2024,False,DC,3,False,False
2023-09-23,Hawaii,0.21,0.14,2.89,1.83,4.9,2023-2024,False,HI,9,False,False
2023-09-23,Kentucky,0.11,0.1,1.98,0.17,2.25,2023-2024,False,KY,4,False,False
2023-09-23,Louisiana,0.21,0.16,1.67,0.29,2.17,2023-2024,False,LA,6,True,False
2023-09-23,Maine,0.04,0.02,1.69,0.01,1.75,2023-2024,False,ME,1,False,False
2023-09-23,Maryland,0.07,0.08,2.1,0.14,2.3,2023-2024,False,MD,3,False,False
2023-09-23,Massachusetts,0.12,0.09,2.2,0.1,2.41,2023-2024,False,MA,1,False,False
2023-09-23,New Hampshire,0.07,0.05,2.13,0.12,,2023-2024,False,NH,1,False,False
2023-09-23,Rhode Island,0.06,0.06,1.77,0.16,1.96,2023-2024,False,RI,1,False,False
2023-09-23,Utah,0.05,0.04,2.11,0.12,2.27,2023-2024,False,UT,8,False,False
2023-09-23,West Virginia,0.04,0.04,2.58,0.09,2.69,2023-2024,False,WV,3,False,False
2023-09-23,Wyoming,0.16,0.05,2.25,0.16,2.54,2023-2024,False,WY,8,False,False
2023-09-23,Vermont,0.02,0.01,2.29,0.06,2.37,2023-2024,False,VT,1,False,False
2023-09-23,Texas,0.21,0.16,1.81,0.42,2.41,2023-2024,False,TX,6,False,False
2023-09-23,Tennessee,0.27,0.17,1.34,0.25,1.84,2023-2024,False,TN,4,True,False
2023-09-23,South Carolina,0.23,0.16,2.34,0.43,2.97,2023-2024,False,SC,4,True,False
2023-09-23,Pennsylvania,0.02,0.02,1.64,0.09,1.74,2023-2024,False,PA,3,False,False
2023-09-23,Oklahoma,0.04,0.03,1.24,0.09,1.37,2023-2024,False,OK,6,False,False
2023-09-23,Ohio,0.04,0.03,1.73,0.09,1.87,2023-2024,False,OH,5,False,False
2023-09-23,North Dakota,0.07,0.07,1.32,0.05,1.43,2023-2024,False,ND,8,False,False
2023-09-23,North Carolina,0.08,0.07,3.0,0.71,3.7,2023-2024,False,NC,4,True,False
2023-09-23,New York,0.04,0.03,1.94,0.11,2.08,2023-2024,False,NY,2,False,True
2023-09-23,Wisconsin,0.02,0.01,1.94,0.04,1.99,2023-2024,False,WI,5,False,False
2023-09-23,Virginia,0.12,0.09,2.33,0.23,2.66,2023-2024,False,VA,3,False,False
2023-09-23,South Dakota,0.0,0.0,1.5,0.04,,2023-2024,False,SD,8,False,False
2023-09-23,Oregon,0.04,0.03,3.1,0.1,3.23,2023-2024,False,OR,10,False,False
2023-09-23,New Mexico,0.08,0.04,2.39,0.12,2.58,2023-2024,False,NM,6,False,False
2023-09-23,Montana,0.01,0.02,2.82,0.12,2.95,2023-2024,False,MT,8,False,False
2023-09-23,Iowa,0.07,0.07,2.44,0.2,2.66,2023-2024,False,IA,7,False,False
2023-09-23,Idaho,0.01,0.01,2.24,0.1,2.34,2023-2024,False,ID,10,False,False
2023-09-23,Arizona,0.05,0.04,1.91,0.19,2.13,2023-2024,False,AZ,9,False,False
2023-09-23,Alabama,0.2,0.14,1.84,0.35,2.36,2023-2024,False,AL,4,True,False
2023-09-23,New Jersey,0.06,0.05,1.91,0.13,2.1,2023-2024,False,NJ,2,False,False
2023-09-23,Mississippi,0.44,0.27,1.86,0.49,2.76,2023-2024,False,MS,4,True,False
2023-09-23,Minnesota,0.02,0.03,2.43,0.15,2.6,2023-2024,False,MN,5,False,True
2023-09-23,Kansas,0.02,0.02,1.63,0.07,1.71,2023-2024,False,KS,7,False,False
2023-09-23,Indiana,0.06,0.05,1.52,0.09,1.67,2023-2024,False,IN,5,False,False
2023-09-23,Connecticut,0.04,0.02,2.39,0.12,2.55,2023-2024,False,CT,1,False,False
2023-09-23,Georgia,0.3,0.22,0.96,0.32,1.56,2023-2024,False,GA,4,True,False
2023-09-23,Alaska,0.07,0.06,1.98,1.62,3.61,2023-2024,False,AK,10,False,False
2023-09-23,California,0.05,0.03,1.73,0.12,1.9,2023-2024,False,CA,9,False,False
2023-09-23,Colorado,0.02,0.02,1.86,0.1,1.96,2023-2024,False,CO,8,False,False
2023-09-23,Florida,0.41,0.32,1.79,1.11,3.26,2023-2024,False,FL,4,False,False
2023-09-23,Illinois,0.08,0.06,1.69,0.14,1.91,2023-2024,False,IL,5,False,False
2023-09-23,Michigan,0.03,0.02,2.09,0.08,2.19,2023-2024,False,MI,5,False,False
2023-09-23,Nebraska,0.01,0.02,0.95,0.05,1.01,2023-2024,False,NE,7,False,False
2023-09-23,Nevada,0.03,0.02,1.62,0.16,1.79,2023-2024,False,NV,9,False,False
2023-09-30,District of Columbia,0.32,0.27,1.47,0.12,1.89,2023-2024,False,DC,3,False,False
2023-09-30,Arizona,0.04,0.04,2.24,0.18,2.46,2023-2024,False,AZ,9,False,False
2023-09-30,California,0.06,0.05,1.43,0.12,1.6,2023-2024,False,CA,9,False,False
2023-09-30,Georgia,0.4,0.3,0.85,0.39,1.62,2023-2024,False,GA,4,True,False
2023-09-30,Idaho,0.04,0.02,2.34,0.15,2.53,2023-2024,False,ID,10,False,False
2023-09-30,Kentucky,0.15,0.12,1.9,0.26,2.27,2023-2024,False,KY,4,False,False
2023-09-30,Maryland,0.19,0.12,1.89,0.12,2.18,2023-2024,False,MD,3,False,False
2023-09-30,Michigan,0.04,0.03,1.86,0.09,1.98,2023-2024,False,MI,5,False,False
2023-09-30,Minnesota,0.01,0.02,2.22,0.18,2.39,2023-2024,False,MN,5,False,True
2023-09-30,Mississippi,0.52,0.38,1.53,0.55,2.56,2023-2024,False,MS,4,True,False
2023-09-30,Nebraska,0.02,0.02,0.96,0.02,1.0,2023-2024,False,NE,7,False,False
2023-09-30,New York,0.06,0.04,1.91,0.09,2.06,2023-2024,False,NY,2,False,True
2023-09-30,Ohio,0.03,0.03,1.5,0.09,1.62,2023-2024,False,OH,5,False,False
2023-09-30,Oregon,0.02,0.03,3.34,0.09,3.45,2023-2024,False,OR,10,False,False
2023-09-30,Pennsylvania,0.04,0.03,1.55,0.07,1.66,2023-2024,False,PA,3,False,False
2023-09-30,Texas,0.29,0.22,1.44,0.47,2.17,2023-2024,False,TX,6,False,False
2023-09-30,Vermont,0.02,0.01,2.69,0.09,2.8,2023-2024,False,VT,1,False,False
2023-09-30,Washington,0.03,0.03,2.78,0.23,3.02,2023-2024,False,WA,10,False,False
2023-09-30,West Virginia,0.04,0.04,2.36,0.15,2.54,2023-2024,False,WV,3,False,False
2023-09-30,South Dakota,0.0,0.0,1.6,0.07,,2023-2024,False,SD,8,False,False
2023-09-30,Rhode Island,0.05,0.05,1.83,0.1,1.97,2023-2024,False,RI,1,False,False
2023-09-30,New Hampshire,0.03,0.05,1.9,0.17,,2023-2024,False,NH,1,False,False
2023-09-30,Nevada,0.03,0.03,1.67,0.2,1.9,2023-2024,False,NV,9,False,False
2023-09-30,Louisiana,0.31,0.22,1.39,0.35,2.03,2023-2024,False,LA,6,True,False
2023-09-30,Kansas,0.03,0.02,1.43,0.08,1.53,2023-2024,False,KS,7,False,False
2023-09-30,Hawaii,0.11,0.14,2.8,2.12,5.0,2023-2024,False,HI,9,False,False
2023-09-30,Arkansas,0.11,0.07,1.56,0.17,1.83,2023-2024,False,AR,6,True,False
2023-09-30,Alabama,0.35,0.22,1.46,0.42,2.21,2023-2024,False,AL,4,True,False
2023-09-30,Wisconsin,0.02,0.02,1.73,0.06,1.81,2023-2024,False,WI,5,False,False
2023-09-30,Virginia,0.2,0.14,1.93,0.24,2.36,2023-2024,False,VA,3,False,False
2023-09-30,Utah,0.03,0.04,1.92,0.2,2.14,2023-2024,False,UT,8,False,False
2023-09-30,Tennessee,0.34,0.25,1.19,0.34,1.84,2023-2024,False,TN,4,True,False
2023-09-30,South Carolina,0.23,0.2,1.98,0.43,2.63,2023-2024,False,SC,4,True,False
2023-09-30,Oklahoma,0.05,0.03,0.99,0.04,1.08,2023-2024,False,OK,6,False,False
2023-09-30,North Dakota,0.04,0.05,1.55,0.15,1.71,2023-2024,False,ND,8,False,False
2023-09-30,New Mexico,0.08,0.06,2.81,0.12,3.0,2023-2024,False,NM,6,False,False
2023-09-30,Montana,0.0,0.01,3.07,0.1,3.17,2023-2024,False,MT,8,False,False
2023-09-30,Illinois,0.13,0.09,1.46,0.14,1.72,2023-2024,False,IL,5,False,False
2023-09-30,Delaware,0.2,0.17,1.68,0.1,1.97,2023-2024,False,DE,3,False,False
2023-09-30,Connecticut,0.03,0.03,2.23,0.11,2.37,2023-2024,False,CT,1,False,False
2023-09-30,Alaska,0.05,0.06,1.83,2.42,4.24,2023-2024,False,AK,10,False,False
2023-09-30,Wyoming,0.07,0.07,2.65,0.29,3.02,2023-2024,False,WY,8,False,False
2023-09-30,North Carolina,0.12,0.08,2.48,0.64,3.16,2023-2024,False,NC,4,True,False
2023-09-30,New Jersey,0.1,0.07,1.74,0.15,1.98,2023-2024,False,NJ,2,False,False
2023-09-30,Massachusetts,0.16,0.11,2.16,0.13,2.44,2023-2024,False,MA,1,False,False
2023-09-30,Maine,0.01,0.02,1.83,0.04,1.89,2023-2024,False,ME,1,False,False
2023-09-30,Iowa,0.05,0.07,2.24,0.16,2.42,2023-2024,False,IA,7,False,False
2023-09-30,Indiana,0.08,0.07,1.29,0.15,1.52,2023-2024,False,IN,5,False,False
2023-09-30,Florida,0.5,0.4,1.45,1.34,3.25,2023-2024,False,FL,4,False,False
2023-09-30,Colorado,0.03,0.02,1.99,0.13,2.13,2023-2024,False,CO,8,False,False
2023-10-07,Virginia,0.24,0.19,1.59,0.29,2.1,2023-2024,True,VA,3,False,False
2023-10-07,New York,0.08,0.06,1.56,0.13,1.76,2023-2024,True,NY,2,False,True
2023-10-07,Pennsylvania,0.05,0.04,1.43,0.06,1.53,2023-2024,True,PA,3,False,False
2023-10-07,Wisconsin,0.04,0.03,1.45,0.06,1.55,2023-2024,True,WI,5,False,False
2023-10-07,Alaska,0.09,0.07,1.47,2.48,4.01,2023-2024,True,AK,10,False,False
2023-10-07,Maine,0.01,0.02,1.99,0.08,2.07,2023-2024,True,ME,1,False,False
2023-10-07,West Virginia,0.05,0.04,2.17,0.1,2.33,2023-2024,True,WV,3,False,False
2023-10-07,Washington,0.05,0.03,2.57,0.19,2.79,2023-2024,True,WA,10,False,False
2023-10-07,Vermont,0.0,0.01,2.16,0.04,2.2,2023-2024,True,VT,1,False,False
2023-10-07,South Carolina,0.34,0.27,1.78,0.54,2.63,2023-2024,True,SC,4,True,False
2023-10-07,Florida,0.63,0.51,1.22,1.65,3.45,2023-2024,True,FL,4,False,False
2023-10-07,Tennessee,0.5,0.37,1.13,0.36,1.97,2023-2024,True,TN,4,True,False
2023-10-07,Oregon,0.06,0.04,2.8,0.14,2.99,2023-2024,True,OR,10,False,False
2023-10-07,Maryland,0.25,0.17,1.57,0.15,1.96,2023-2024,True,MD,3,False,False
2023-10-07,Minnesota,0.02,0.02,1.63,0.13,1.78,2023-2024,True,MN,5,False,True
2023-10-07,Nebraska,0.03,0.02,0.75,0.05,0.82,2023-2024,True,NE,7,False,False
2023-10-07,New Jersey,0.13,0.1,1.52,0.11,1.76,2023-2024,True,NJ,2,False,False
2023-10-07,North Dakota,0.06,0.05,1.08,0.09,1.21,2023-2024,True,ND,8,False,False
2023-10-07,Ohio,0.04,0.03,1.18,0.11,1.36,2023-2024,True,OH,5,False,False
2023-10-07,Rhode Island,0.07,0.06,1.68,0.14,1.86,2023-2024,True,RI,1,False,False
2023-10-07,Texas,0.4,0.3,1.16,0.56,2.08,2023-2024,True,TX,6,False,False
2023-10-07,Utah,0.05,0.04,1.94,0.2,2.17,2023-2024,True,UT,8,False,False
2023-10-07,Wyoming,0.08,0.11,3.12,0.15,3.35,2023-2024,True,WY,8,False,False
2023-10-07,Oklahoma,0.1,0.06,0.95,0.07,1.11,2023-2024,True,OK,6,False,False
2023-10-07,South Dakota,0.07,0.02,1.4,0.04,,2023-2024,True,SD,8,False,False
2023-10-07,Kentucky,0.18,0.15,1.67,0.2,2.03,2023-2024,True,KY,4,False,False
2023-10-07,Indiana,0.14,0.09,1.09,0.14,1.36,2023-2024,True,IN,5,False,False
2023-10-07,Connecticut,0.09,0.06,1.98,0.12,2.19,2023-2024,True,CT,1,False,False
2023-10-07,Arkansas,0.18,0.12,1.24,0.36,1.77,2023-2024,True,AR,6,True,False
2023-10-07,Nevada,0.06,0.04,1.58,0.2,1.83,2023-2024,True,NV,9,False,False
2023-10-07,Mississippi,0.74,0.56,1.32,0.66,2.66,2023-2024,True,MS,4,True,False
2023-10-07,Louisiana,0.39,0.3,1.11,0.52,1.99,2023-2024,True,LA,6,True,False
2023-10-07,Iowa,0.09,0.07,1.92,0.19,2.16,2023-2024,True,IA,7,False,False
2023-10-07,Illinois,0.17,0.13,1.28,0.15,1.59,2023-2024,True,IL,5,False,False
2023-10-07,District of Columbia,0.72,0.44,1.18,0.15,2.0,2023-2024,True,DC,3,False,False
2023-10-07,Arizona,0.04,0.04,2.26,0.23,2.5,2023-2024,True,AZ,9,False,False
2023-10-07,Alabama,0.45,0.33,1.23,0.52,2.17,2023-2024,True,AL,4,True,False
2023-10-07,North Carolina,0.2,0.13,2.12,0.63,2.9,2023-2024,True,NC,4,True,False
2023-10-07,New Mexico,0.08,0.08,2.83,0.18,3.04,2023-2024,True,NM,6,False,False
2023-10-07,Michigan,0.05,0.04,1.51,0.09,1.64,2023-2024,True,MI,5,False,False
2023-10-07,Kansas,0.02,0.02,1.1,0.1,1.22,2023-2024,True,KS,7,False,False
2023-10-07,Hawaii,0.23,0.18,2.29,2.64,5.1,2023-2024,True,HI,9,False,False
2023-10-07,Georgia,0.54,0.42,0.7,0.44,1.65,2023-2024,True,GA,4,True,False
2023-10-07,Delaware,0.4,0.25,1.47,0.13,1.99,2023-2024,True,DE,3,False,False
2023-10-07,Colorado,0.05,0.03,2.05,0.15,2.24,2023-2024,True,CO,8,False,False
2023-10-07,California,0.07,0.06,1.28,0.15,1.48,2023-2024,True,CA,9,False,False
2023-10-07,Idaho,0.05,0.03,2.37,0.1,2.52,2023-2024,True,ID,10,False,False
2023-10-07,Massachusetts,0.24,0.18,2.07,0.14,2.44,2023-2024,True,MA,1,False,False
2023-10-07,Montana,0.01,0.01,2.98,0.02,3.02,2023-2024,True,MT,8,False,False
2023-10-07,New Hampshire,0.1,0.07,1.99,0.23,,2023-2024,True,NH,1,False,False
2023-10-14,Massachusetts,0.25,0.22,1.72,0.12,2.08,2023-2024,True,MA,1,False,False
2023-10-14,Oklahoma,0.14,0.09,0.9,0.08,1.11,2023-2024,True,OK,6,False,False
2023-10-14,South Carolina,0.46,0.34,1.6,0.46,2.49,2023-2024,True,SC,4,True,False
2023-10-14,Vermont,0.02,0.01,1.77,0.04,1.83,2023-2024,True,VT,1,False,False
2023-10-14,District of Columbia,1.02,0.69,1.1,0.16,2.25,2023-2024,True,DC,3,False,False
2023-10-14,Idaho,0.03,0.04,2.21,0.11,2.34,2023-2024,True,ID,10,False,False
2023-10-14,Kansas,0.06,0.04,1.18,0.11,1.34,2023-2024,True,KS,7,False,False
2023-10-14,Georgia,0.59,0.51,0.65,0.43,1.66,2023-2024,True,GA,4,True,False
2023-10-14,Colorado,0.07,0.05,2.32,0.24,2.62,2023-2024,True,CO,8,False,False
2023-10-14,Alabama,0.65,0.48,1.17,0.72,2.51,2023-2024,True,AL,4,True,False
2023-10-14,Arizona,0.06,0.05,2.37,0.27,2.67,2023-2024,True,AZ,9,False,False
2023-10-14,Delaware,0.51,0.37,1.32,0.06,1.88,2023-2024,True,DE,3,False,False
2023-10-14,Florida,0.71,0.61,1.08,2.03,3.78,2023-2024,True,FL,4,False,False
2023-10-14,Hawaii,0.48,0.27,2.49,2.97,5.88,2023-2024,True,HI,9,False,False
2023-10-14,Kentucky,0.29,0.2,1.67,0.25,2.21,2023-2024,True,KY,4,False,False
2023-10-14,Montana,0.02,0.01,2.73,0.07,2.83,2023-2024,True,MT,8,False,False
2023-10-14,New York,0.12,0.09,1.22,0.12,1.45,2023-2024,True,NY,2,False,True
2023-10-14,Oregon,0.05,0.04,2.35,0.11,2.5,2023-2024,True,OR,10,False,False
2023-10-14,Rhode Island,0.11,0.08,1.45,0.1,1.65,2023-2024,True,RI,1,False,False
2023-10-14,Texas,0.55,0.41,1.08,0.66,2.25,2023-2024,True,TX,6,False,False
2023-10-14,Utah,0.05,0.04,1.79,0.26,2.09,2023-2024,True,UT,8,False,False
2023-10-14,West Virginia,0.12,0.07,2.0,0.09,2.21,2023-2024,True,WV,3,False,False
2023-10-14,Wyoming,0.0,0.05,2.1,0.16,2.26,2023-2024,True,WY,8,False,False
2023-10-14,Washington,0.08,0.05,2.28,0.19,2.54,2023-2024,True,WA,10,False,False
2023-10-14,Virginia,0.39,0.28,1.62,0.31,2.3,2023-2024,True,VA,3,False,False
2023-10-14,Tennessee,0.62,0.49,1.03,0.45,2.06,2023-2024,True,TN,4,True,False
2023-10-14,North Dakota,0.04,0.04,1.42,0.06,1.51,2023-2024,True,ND,8,False,False
2023-10-14,New Mexico,0.12,0.09,3.09,0.16,3.34,2023-2024,True,NM,6,False,False
2023-10-14,New Jersey,0.23,0.15,1.24,0.17,1.64,2023-2024,True,NJ,2,False,False
2023-10-14,New Hampshire,0.07,0.07,1.48,0.1,,2023-2024,True,NH,1,False,False
2023-10-14,Nevada,0.04,0.04,1.69,0.32,2.03,2023-2024,True,NV,9,False,False
2023-10-14,Minnesota,0.07,0.03,1.83,0.15,2.04,2023-2024,True,MN,5,False,True
2023-10-14,Michigan,0.06,0.05,1.35,0.12,1.53,2023-2024,True,MI,5,False,False
2023-10-14,Mississippi,0.87,0.7,1.18,0.84,2.83,2023-2024,True,MS,4,True,False
2023-10-14,North Carolina,0.29,0.2,1.82,0.74,2.78,2023-2024,True,NC,4,True,False
2023-10-14,Ohio,0.06,0.04,1.18,0.1,1.37,2023-2024,True,OH,5,False,False
2023-10-14,Pennsylvania,0.09,0.06,1.15,0.1,1.34,2023-2024,True,PA,3,False,False
2023-10-14,South Dakota,0.04,0.04,1.27,0.04,,2023-2024,True,SD,8,False,False
2023-10-14,Wisconsin,0.08,0.05,1.35,0.09,1.52,2023-2024,True,WI,5,False,False
2023-10-14,Maine,0.03,0.02,1.75,0.06,1.84,2023-2024,True,ME,1,False,False
2023-10-14,Louisiana,0.47,0.39,1.05,0.76,2.25,2023-2024,True,LA,6,True,False
2023-10-14,Iowa,0.15,0.1,2.02,0.21,2.35,2023-2024,True,IA,7,False,False
2023-10-14,Indiana,0.2,0.14,1.18,0.18,1.56,2023-2024,True,IN,5,False,False
2023-10-14,Illinois,0.25,0.18,1.31,0.2,1.75,2023-2024,True,IL,5,False,False
2023-10-14,Connecticut,0.13,0.08,1.6,0.09,1.82,2023-2024,True,CT,1,False,False
2023-10-14,California,0.12,0.08,1.15,0.15,1.43,2023-2024,True,CA,9,False,False
2023-10-14,Arkansas,0.19,0.16,1.1,0.56,1.82,2023-2024,True,AR,6,True,False
2023-10-14,Alaska,0.15,0.1,1.2,4.52,5.82,2023-2024,True,AK,10,False,False
2023-10-14,Maryland,0.38,0.27,1.35,0.12,1.84,2023-2024,True,MD,3,False,False
2023-10-14,Nebraska,0.05,0.03,0.78,0.05,0.88,2023-2024,True,NE,7,False,False
2023-10-21,Arkansas,0.32,0.23,1.02,0.7,2.01,2023-2024,True,AR,6,True,False
2023-10-21,Colorado,0.08,0.07,2.46,0.4,2.93,2023-2024,True,CO,8,False,False
2023-10-21,Connecticut,0.18,0.13,1.51,0.13,1.81,2023-2024,True,CT,1,False,False
2023-10-21,Delaware,0.76,0.56,1.13,0.22,2.1,2023-2024,True,DE,3,False,False
2023-10-21,District of Columbia,1.38,1.04,1.28,0.11,2.76,2023-2024,True,DC,3,False,False
2023-10-21,Georgia,0.7,0.61,0.63,0.5,1.8,2023-2024,True,GA,4,True,False
2023-10-21,Massachusetts,0.39,0.3,1.59,0.11,2.08,2023-2024,True,MA,1,False,False
2023-10-21,Nebraska,0.05,0.04,1.06,0.1,1.21,2023-2024,True,NE,7,False,False
2023-10-21,Pennsylvania,0.16,0.1,1.21,0.1,1.46,2023-2024,True,PA,3,False,False
2023-10-21,Rhode Island,0.13,0.1,1.36,0.11,1.6,2023-2024,True,RI,1,False,False
2023-10-21,Louisiana,0.71,0.52,0.98,1.01,2.68,2023-2024,True,LA,6,True,False
2023-10-21,Maine,0.09,0.04,1.57,0.06,1.73,2023-2024,True,ME,1,False,False
2023-10-21,Montana,0.01,0.02,2.55,0.06,2.62,2023-2024,True,MT,8,False,False
2023-10-21,New Jersey,0.29,0.22,1.06,0.23,1.57,2023-2024,True,NJ,2,False,False
2023-10-21,New York,0.18,0.13,1.09,0.12,1.39,2023-2024,True,NY,2,False,True
2023-10-21,Ohio,0.1,0.07,1.37,0.14,1.65,2023-2024,True,OH,5,False,False
2023-10-21,Oklahoma,0.11,0.12,1.43,0.2,1.73,2023-2024,True,OK,6,False,False
2023-10-21,Oregon,0.08,0.06,2.03,0.11,2.22,2023-2024,True,OR,10,False,False
2023-10-21,South Carolina,0.64,0.48,1.36,0.45,2.43,2023-2024,True,SC,4,True,False
2023-10-21,Texas,0.73,0.56,1.1,0.82,2.59,2023-2024,True,TX,6,False,False
2023-10-21,Vermont,0.1,0.04,1.79,0.08,1.96,2023-2024,True,VT,1,False,False
2023-10-21,Wisconsin,0.09,0.07,1.6,0.08,1.76,2023-2024,True,WI,5,False,False
2023-10-21,Tennessee,0.8,0.64,1.11,0.39,2.27,2023-2024,True,TN,4,True,False
2023-10-21,North Carolina,0.42,0.3,1.56,0.73,2.65,2023-2024,True,NC,4,True,False
2023-10-21,Nevada,0.09,0.06,1.66,0.32,2.05,2023-2024,True,NV,9,False,False
2023-10-21,Michigan,0.12,0.08,1.43,0.13,1.67,2023-2024,True,MI,5,False,False
2023-10-21,Maryland,0.51,0.38,1.48,0.14,2.12,2023-2024,True,MD,3,False,False
2023-10-21,Kansas,0.06,0.04,1.53,0.12,1.7,2023-2024,True,KS,7,False,False
2023-10-21,West Virginia,0.22,0.13,2.33,0.18,2.69,2023-2024,True,WV,3,False,False
2023-10-21,Washington,0.12,0.09,1.75,0.24,2.1,2023-2024,True,WA,10,False,False
2023-10-21,Utah,0.04,0.04,1.94,0.4,2.35,2023-2024,True,UT,8,False,False
2023-10-21,South Dakota,0.05,0.06,1.37,0.05,,2023-2024,True,SD,8,False,False
2023-10-21,North Dakota,0.05,0.05,1.65,0.07,1.78,2023-2024,True,ND,8,False,False
2023-10-21,New Mexico,0.21,0.14,3.6,0.27,4.03,2023-2024,True,NM,6,False,False
2023-10-21,New Hampshire,0.05,0.07,1.46,0.03,,2023-2024,True,NH,1,False,False
2023-10-21,Virginia,0.5,0.38,1.59,0.39,2.43,2023-2024,True,VA,3,False,False
2023-10-21,Wyoming,0.0,0.03,2.28,0.22,2.43,2023-2024,True,WY,8,False,False
2023-10-21,Kentucky,0.37,0.28,1.73,0.28,2.35,2023-2024,True,KY,4,False,False
2023-10-21,Iowa,0.19,0.14,2.12,0.17,2.45,2023-2024,True,IA,7,False,False
2023-10-21,Hawaii,0.63,0.45,2.01,2.82,5.46,2023-2024,True,HI,9,False,False
2023-10-21,California,0.14,0.11,1.18,0.19,1.51,2023-2024,True,CA,9,False,False
2023-10-21,Illinois,0.34,0.25,1.57,0.25,2.13,2023-2024,True,IL,5,False,False
2023-10-21,Idaho,0.06,0.05,1.92,0.13,2.11,2023-2024,True,ID,10,False,False
2023-10-21,Florida,0.77,0.7,1.0,2.47,4.18,2023-2024,True,FL,4,False,False
2023-10-21,Mississippi,0.85,0.82,1.12,0.87,2.82,2023-2024,True,MS,4,True,False
2023-10-21,Minnesota,0.14,0.08,1.93,0.19,2.26,2023-2024,True,MN,5,False,True
2023-10-21,Alabama,0.78,0.63,1.18,1.06,2.98,2023-2024,True,AL,4,True,False
2023-10-21,Indiana,0.25,0.2,1.51,0.22,1.97,2023-2024,True,IN,5,False,False
2023-10-21,Alaska,0.18,0.14,1.24,4.44,5.83,2023-2024,True,AK,10,False,False
2023-10-21,Arizona,0.09,0.06,2.59,0.32,2.98,2023-2024,True,AZ,9,False,False
2023-10-28,North Dakota,0.1,0.06,1.27,0.02,1.39,2023-2024,True,ND,8,False,False
2023-10-28,Arkansas,0.55,0.36,0.94,0.62,2.08,2023-2024,True,AR,6,True,False
2023-10-28,Colorado,0.07,0.07,2.36,0.4,2.81,2023-2024,True,CO,8,False,False
2023-10-28,Delaware,1.23,0.84,1.31,0.13,2.66,2023-2024,True,DE,3,False,False
2023-10-28,Hawaii,0.59,0.57,2.03,3.38,5.96,2023-2024,True,HI,9,False,False
2023-10-28,Indiana,0.29,0.25,1.37,0.21,1.85,2023-2024,True,IN,5,False,False
2023-10-28,Iowa,0.21,0.18,2.0,0.2,2.37,2023-2024,True,IA,7,False,False
2023-10-28,Maryland,0.78,0.55,1.43,0.2,2.41,2023-2024,True,MD,3,False,False
2023-10-28,Mississippi,0.97,0.9,1.42,1.2,3.53,2023-2024,True,MS,4,True,False
2023-10-28,New Mexico,0.23,0.19,4.23,0.27,4.67,2023-2024,True,NM,6,False,False
2023-10-28,North Carolina,0.6,0.44,1.6,0.91,3.05,2023-2024,True,NC,4,True,False
2023-10-28,Ohio,0.14,0.1,1.49,0.13,1.76,2023-2024,True,OH,5,False,False
2023-10-28,Pennsylvania,0.23,0.16,1.25,0.13,1.6,2023-2024,True,PA,3,False,False
2023-10-28,Alabama,0.87,0.77,1.13,1.38,3.33,2023-2024,True,AL,4,True,False
2023-10-28,Alaska,0.39,0.24,1.29,5.45,7.02,2023-2024,True,AK,10,False,False
2023-10-28,Arizona,0.11,0.09,2.52,0.39,3.01,2023-2024,True,AZ,9,False,False
2023-10-28,District of Columbia,1.52,1.31,1.16,0.07,2.71,2023-2024,True,DC,3,False,False
2023-10-28,Florida,0.83,0.77,0.94,2.84,4.55,2023-2024,True,FL,4,False,False
2023-10-28,Georgia,0.68,0.66,0.67,0.56,1.89,2023-2024,True,GA,4,True,False
2023-10-28,Idaho,0.07,0.06,1.68,0.19,1.93,2023-2024,True,ID,10,False,False
2023-10-28,Michigan,0.15,0.11,1.56,0.13,1.83,2023-2024,True,MI,5,False,False
2023-10-28,Montana,0.07,0.03,2.11,0.04,2.2,2023-2024,True,MT,8,False,False
2023-10-28,Nebraska,0.16,0.09,1.42,0.03,1.59,2023-2024,True,NE,7,False,False
2023-10-28,Nevada,0.13,0.08,1.72,0.3,2.14,2023-2024,True,NV,9,False,False
2023-10-28,New Jersey,0.41,0.31,0.98,0.24,1.62,2023-2024,True,NJ,2,False,False
2023-10-28,Oklahoma,0.19,0.15,1.6,0.17,1.96,2023-2024,True,OK,6,False,False
2023-10-28,Rhode Island,0.39,0.21,1.03,0.12,1.52,2023-2024,True,RI,1,False,False
2023-10-28,South Carolina,0.77,0.62,1.23,0.74,2.73,2023-2024,True,SC,4,True,False
2023-10-28,Tennessee,0.84,0.76,1.25,0.44,2.49,2023-2024,True,TN,4,True,False
2023-10-28,Texas,0.97,0.76,1.18,1.08,3.16,2023-2024,True,TX,6,False,False
2023-10-28,Utah,0.06,0.05,1.93,0.39,2.35,2023-2024,True,UT,8,False,False
2023-10-28,West Virginia,0.25,0.2,2.52,0.13,2.87,2023-2024,True,WV,3,False,False
2023-10-28,Wisconsin,0.13,0.1,1.8,0.07,2.0,2023-2024,True,WI,5,False,False
2023-10-28,Wyoming,0.0,0.0,2.1,0.04,2.14,2023-2024,True,WY,8,False,False
2023-10-28,Virginia,0.63,0.51,1.77,0.47,2.83,2023-2024,True,VA,3,False,False
2023-10-28,Oregon,0.12,0.08,1.83,0.11,2.06,2023-2024,True,OR,10,False,False
2023-10-28,Minnesota,0.23,0.15,1.9,0.11,2.24,2023-2024,True,MN,5,False,True
2023-10-28,Maine,0.07,0.06,1.68,0.1,1.84,2023-2024,True,ME,1,False,False
2023-10-28,Kansas,0.05,0.05,1.39,0.23,1.65,2023-2024,True,KS,7,False,False
2023-10-28,Illinois,0.53,0.37,1.61,0.31,2.43,2023-2024,True,IL,5,False,False
2023-10-28,California,0.2,0.15,1.08,0.21,1.46,2023-2024,True,CA,9,False,False
2023-10-28,Connecticut,0.25,0.19,1.56,0.17,1.96,2023-2024,True,CT,1,False,False
2023-10-28,Kentucky,0.43,0.36,1.88,0.33,2.61,2023-2024,True,KY,4,False,False
2023-10-28,Louisiana,0.82,0.67,1.01,1.32,3.11,2023-2024,True,LA,6,True,False
2023-10-28,Massachusetts,0.66,0.44,1.37,0.18,2.19,2023-2024,True,MA,1,False,False
2023-10-28,New Hampshire,0.23,0.12,1.37,0.07,,2023-2024,True,NH,1,False,False
2023-10-28,New York,0.29,0.2,1.08,0.15,1.51,2023-2024,True,NY,2,False,True
2023-10-28,South Dakota,0.06,0.05,1.84,0.06,,2023-2024,True,SD,8,False,False
2023-10-28,Vermont,0.06,0.06,1.79,0.02,1.85,2023-2024,True,VT,1,False,False
2023-10-28,Washington,0.14,0.12,1.55,0.21,1.89,2023-2024,True,WA,10,False,False
2023-11-04,District of Columbia,1.44,1.45,0.92,0.2,2.51,2023-2024,True,DC,3,False,False
2023-11-04,Arizona,0.14,0.11,2.35,0.58,3.03,2023-2024,True,AZ,9,False,False
2023-11-04,Wyoming,0.12,0.04,2.79,0.24,3.15,2023-2024,True,WY,8,False,False
2023-11-04,Virginia,0.77,0.63,1.6,0.54,2.89,2023-2024,True,VA,3,False,False
2023-11-04,Tennessee,1.0,0.88,1.32,0.54,2.8,2023-2024,True,TN,4,True,False
2023-11-04,South Carolina,0.9,0.77,1.38,1.22,3.45,2023-2024,True,SC,4,True,False
2023-11-04,Rhode Island,0.36,0.29,0.89,0.21,1.46,2023-2024,True,RI,1,False,False
2023-11-04,North Carolina,0.78,0.6,1.49,1.22,3.41,2023-2024,True,NC,4,True,False
2023-11-04,New York,0.39,0.29,0.96,0.18,1.52,2023-2024,True,NY,2,False,True
2023-11-04,New Mexico,0.38,0.27,4.9,0.29,5.54,2023-2024,True,NM,6,False,False
2023-11-04,New Jersey,0.5,0.4,0.88,0.32,1.68,2023-2024,True,NJ,2,False,False
2023-11-04,Nevada,0.16,0.12,1.58,0.51,2.23,2023-2024,True,NV,9,False,False
2023-11-04,Montana,0.05,0.04,2.27,0.11,2.43,2023-2024,True,MT,8,False,False
2023-11-04,Maryland,0.95,0.74,1.46,0.28,2.67,2023-2024,True,MD,3,False,False
2023-11-04,Kansas,0.13,0.08,1.64,0.22,1.98,2023-2024,True,KS,7,False,False
2023-11-04,Indiana,0.41,0.32,1.41,0.24,2.06,2023-2024,True,IN,5,False,False
2023-11-04,Hawaii,0.53,0.58,1.67,2.72,4.88,2023-2024,True,HI,9,False,False
2023-11-04,Georgia,0.73,0.7,0.66,0.75,2.12,2023-2024,True,GA,4,True,False
2023-11-04,Arkansas,0.69,0.52,0.9,0.68,2.22,2023-2024,True,AR,6,True,False
2023-11-04,Alaska,0.6,0.39,1.39,6.94,8.86,2023-2024,True,AK,10,False,False
2023-11-04,South Dakota,0.06,0.06,2.35,0.08,,2023-2024,True,SD,8,False,False
2023-11-04,New Hampshire,0.3,0.19,1.27,0.14,,2023-2024,True,NH,1,False,False
2023-11-04,Mississippi,1.16,1.0,1.16,1.64,3.88,2023-2024,True,MS,4,True,False
2023-11-04,Michigan,0.25,0.18,1.59,0.18,2.01,2023-2024,True,MI,5,False,False
2023-11-04,Maine,0.11,0.09,1.59,0.1,1.79,2023-2024,True,ME,1,False,False
2023-11-04,Idaho,0.1,0.08,1.59,0.28,1.96,2023-2024,True,ID,10,False,False
2023-11-04,Connecticut,0.33,0.25,1.49,0.22,2.02,2023-2024,True,CT,1,False,False
2023-11-04,Alabama,1.09,0.91,1.09,1.95,4.09,2023-2024,True,AL,4,True,False
2023-11-04,Colorado,0.1,0.08,2.44,0.62,3.12,2023-2024,True,CO,8,False,False
2023-11-04,Delaware,1.41,1.14,1.15,0.12,2.66,2023-2024,True,DE,3,False,False
2023-11-04,Illinois,0.61,0.49,1.76,0.36,2.72,2023-2024,True,IL,5,False,False
2023-11-04,North Dakota,0.06,0.07,1.76,0.02,1.83,2023-2024,True,ND,8,False,False
2023-11-04,Ohio,0.19,0.14,1.59,0.15,1.93,2023-2024,True,OH,5,False,False
2023-11-04,Oklahoma,0.36,0.22,1.49,0.22,2.06,2023-2024,True,OK,6,False,False
2023-11-04,Texas,1.17,0.96,1.07,1.43,3.59,2023-2024,True,TX,6,False,False
2023-11-04,Vermont,0.16,0.11,1.84,0.21,2.24,2023-2024,True,VT,1,False,False
2023-11-04,Washington,0.19,0.15,1.58,0.36,2.12,2023-2024,True,WA,10,False,False
2023-11-04,West Virginia,0.43,0.3,2.42,0.28,3.08,2023-2024,True,WV,3,False,False
2023-11-04,Wisconsin,0.14,0.12,1.68,0.14,1.95,2023-2024,True,WI,5,False,False
2023-11-04,Utah,0.07,0.06,2.11,0.58,2.74,2023-2024,True,UT,8,False,False
2023-11-04,Pennsylvania,0.32,0.24,1.19,0.17,1.67,2023-2024,True,PA,3,False,False
2023-11-04,Oregon,0.18,0.13,1.94,0.13,2.24,2023-2024,True,OR,10,False,False
2023-11-04,Nebraska,0.21,0.14,1.32,0.12,1.65,2023-2024,True,NE,7,False,False
2023-11-04,Minnesota,0.3,0.22,2.0,0.3,2.6,2023-2024,True,MN,5,False,True
2023-11-04,Massachusetts,0.79,0.61,1.16,0.22,2.16,2023-2024,True,MA,1,False,False
2023-11-04,Louisiana,0.95,0.83,0.8,1.8,3.52,2023-2024,True,LA,6,True,False
2023-11-04,Kentucky,0.78,0.52,2.08,0.35,3.18,2023-2024,True,KY,4,False,False
2023-11-04,Iowa,0.21,0.2,1.73,0.28,2.22,2023-2024,True,IA,7,False,False
2023-11-04,Florida,0.83,0.81,0.82,3.41,5.0,2023-2024,True,FL,4,False,False
2023-11-04,California,0.26,0.2,1.06,0.32,1.64,2023-2024,True,CA,9,False,False
2023-11-11,South Dakota,0.13,0.08,2.56,0.13,,2023-2024,True,SD,8,False,False
2023-11-11,Virginia,0.85,0.75,1.83,0.79,3.43,2023-2024,True,VA,3,False,False
2023-11-11,West Virginia,0.57,0.42,2.83,0.36,3.72,2023-2024,True,WV,3,False,False
2023-11-11,Iowa,0.24,0.22,2.04,0.5,2.76,2023-2024,True,IA,7,False,False
2023-11-11,Illinois,0.82,0.65,2.06,0.52,3.38,2023-2024,True,IL,5,False,False
2023-11-11,Alabama,1.42,1.13,1.27,3.41,6.01,2023-2024,True,AL,4,True,False
2023-11-11,Louisiana,1.22,1.0,1.05,3.26,5.47,2023-2024,True,LA,6,True,False
2023-11-11,Maine,0.11,0.1,1.92,0.17,2.18,2023-2024,True,ME,1,False,False
2023-11-11,Michigan,0.34,0.25,1.83,0.22,2.38,2023-2024,True,MI,5,False,False
2023-11-11,New Mexico,0.44,0.35,5.19,0.5,6.07,2023-2024,True,NM,6,False,False
2023-11-11,Ohio,0.3,0.21,1.8,0.23,2.33,2023-2024,True,OH,5,False,False
2023-11-11,Oklahoma,0.55,0.38,2.07,0.3,2.91,2023-2024,True,OK,6,False,False
2023-11-11,Tennessee,1.32,1.06,1.42,0.84,3.53,2023-2024,True,TN,4,True,False
2023-11-11,Massachusetts,0.96,0.8,1.28,0.32,2.54,2023-2024,True,MA,1,False,False
2023-11-11,Hawaii,0.54,0.55,1.9,3.0,5.38,2023-2024,True,HI,9,False,False
2023-11-11,Florida,0.81,0.83,0.82,3.9,5.46,2023-2024,True,FL,4,False,False
2023-11-11,Colorado,0.22,0.13,2.55,1.06,3.79,2023-2024,True,CO,8,False,False
2023-11-11,Arkansas,0.94,0.72,1.29,0.9,3.09,2023-2024,True,AR,6,True,False
2023-11-11,Alaska,0.84,0.62,1.03,5.93,7.74,2023-2024,True,AK,10,False,False
2023-11-11,Georgia,0.77,0.73,0.82,1.37,2.92,2023-2024,True,GA,4,True,False
2023-11-11,District of Columbia,1.64,1.53,1.06,0.35,3.01,2023-2024,True,DC,3,False,False
2023-11-11,Delaware,2.08,1.57,1.12,0.33,3.47,2023-2024,True,DE,3,False,False
2023-11-11,Arizona,0.17,0.14,2.87,1.11,4.08,2023-2024,True,AZ,9,False,False
2023-11-11,Washington,0.46,0.27,1.42,0.43,2.29,2023-2024,True,WA,10,False,False
2023-11-11,Wyoming,0.17,0.1,2.63,0.42,3.21,2023-2024,True,WY,8,False,False
2023-11-11,Wisconsin,0.2,0.16,2.1,0.33,2.61,2023-2024,True,WI,5,False,False
2023-11-11,South Carolina,1.08,0.92,1.57,2.27,4.86,2023-2024,True,SC,4,True,False
2023-11-11,Rhode Island,0.64,0.46,1.03,0.19,1.83,2023-2024,True,RI,1,False,False
2023-11-11,North Dakota,0.13,0.1,2.12,0.15,2.38,2023-2024,True,ND,8,False,False
2023-11-11,Maryland,1.29,1.01,1.63,0.44,3.34,2023-2024,True,MD,3,False,False
2023-11-11,Idaho,0.08,0.08,1.82,0.21,2.09,2023-2024,True,ID,10,False,False
2023-11-11,Connecticut,0.48,0.35,1.63,0.27,2.37,2023-2024,True,CT,1,False,False
2023-11-11,California,0.36,0.27,1.25,0.56,2.11,2023-2024,True,CA,9,False,False
2023-11-11,Utah,0.15,0.09,2.09,0.73,2.96,2023-2024,True,UT,8,False,False
2023-11-11,Vermont,0.14,0.12,2.13,0.35,2.55,2023-2024,True,VT,1,False,False
2023-11-11,Minnesota,0.47,0.33,2.5,0.39,3.33,2023-2024,True,MN,5,False,True
2023-11-11,Nevada,0.27,0.19,1.66,0.84,2.74,2023-2024,True,NV,9,False,False
2023-11-11,Texas,1.35,1.17,1.29,2.0,4.56,2023-2024,True,TX,6,False,False
2023-11-11,Pennsylvania,0.52,0.36,1.38,0.25,2.13,2023-2024,True,PA,3,False,False
2023-11-11,North Carolina,1.03,0.81,1.53,1.93,4.39,2023-2024,True,NC,4,True,False
2023-11-11,New York,0.52,0.4,1.02,0.31,1.84,2023-2024,True,NY,2,False,True
2023-11-11,New Hampshire,0.38,0.3,1.48,0.26,,2023-2024,True,NH,1,False,False
2023-11-11,Nebraska,0.31,0.23,1.71,0.23,2.22,2023-2024,True,NE,7,False,False
2023-11-11,Montana,0.08,0.07,2.91,0.38,3.37,2023-2024,True,MT,8,False,False
2023-11-11,Mississippi,1.18,1.11,1.44,2.66,5.23,2023-2024,True,MS,4,True,False
2023-11-11,Kentucky,1.11,0.78,2.41,0.5,3.98,2023-2024,True,KY,4,False,False
2023-11-11,Kansas,0.17,0.12,2.11,0.3,2.57,2023-2024,True,KS,7,False,False
2023-11-11,Indiana,0.56,0.42,1.96,0.33,2.84,2023-2024,True,IN,5,False,False
2023-11-11,New Jersey,0.77,0.56,1.06,0.46,2.27,2023-2024,True,NJ,2,False,False
2023-11-11,Oregon,0.24,0.18,1.65,0.24,2.13,2023-2024,True,OR,10,False,False
2023-11-18,Tennessee,1.5,1.28,1.54,1.04,4.02,2023-2024,True,TN,4,True,False
2023-11-18,Maryland,1.49,1.24,1.76,0.59,3.77,2023-2024,True,MD,3,False,False
2023-11-18,District of Columbia,1.46,1.51,1.05,0.36,2.81,2023-2024,True,DC,3,False,False
2023-11-18,Arkansas,1.53,1.06,1.16,0.85,3.47,2023-2024,True,AR,6,True,False
2023-11-18,Arizona,0.27,0.19,2.95,1.54,4.7,2023-2024,True,AZ,9,False,False
2023-11-18,North Carolina,1.22,1.02,1.61,2.45,5.16,2023-2024,True,NC,4,True,False
2023-11-18,North Dakota,0.11,0.1,2.47,0.25,2.81,2023-2024,True,ND,8,False,False
2023-11-18,Alaska,1.09,0.84,0.92,3.38,5.3,2023-2024,True,AK,10,False,False
2023-11-18,Idaho,0.15,0.11,2.3,0.42,2.85,2023-2024,True,ID,10,False,False
2023-11-18,Indiana,0.64,0.54,2.32,0.56,3.5,2023-2024,True,IN,5,False,False
2023-11-18,Kentucky,1.44,1.12,2.47,0.63,4.46,2023-2024,True,KY,4,False,False
2023-11-18,Louisiana,1.46,1.22,1.03,3.99,6.41,2023-2024,True,LA,6,True,False
2023-11-18,Massachusetts,1.21,0.99,1.53,0.4,3.11,2023-2024,True,MA,1,False,False
2023-11-18,Nebraska,0.38,0.3,1.99,0.09,2.46,2023-2024,True,NE,7,False,False
2023-11-18,Nevada,0.37,0.27,1.79,1.32,3.42,2023-2024,True,NV,9,False,False
2023-11-18,New Mexico,0.65,0.49,4.58,0.63,5.79,2023-2024,True,NM,6,False,False
2023-11-18,New York,0.7,0.54,1.15,0.47,2.3,2023-2024,True,NY,2,False,True
2023-11-18,Ohio,0.39,0.29,2.03,0.31,2.74,2023-2024,True,OH,5,False,False
2023-11-18,Rhode Island,0.84,0.62,1.3,0.44,2.58,2023-2024,True,RI,1,False,False
2023-11-18,Oklahoma,0.85,0.59,2.27,0.51,3.62,2023-2024,True,OK,6,False,False
2023-11-18,South Carolina,1.03,1.0,1.43,2.82,5.25,2023-2024,True,SC,4,True,False
2023-11-18,South Dakota,0.13,0.11,2.66,0.13,,2023-2024,True,SD,8,False,False
2023-11-18,Virginia,0.97,0.86,1.75,0.93,3.61,2023-2024,True,VA,3,False,False
2023-11-18,Illinois,1.09,0.84,2.4,0.72,4.16,2023-2024,True,IL,5,False,False
2023-11-18,Iowa,0.37,0.28,2.64,0.54,3.52,2023-2024,True,IA,7,False,False
2023-11-18,Kansas,0.23,0.18,2.25,0.34,2.8,2023-2024,True,KS,7,False,False
2023-11-18,Maine,0.24,0.15,1.92,0.25,2.4,2023-2024,True,ME,1,False,False
2023-11-18,Pennsylvania,0.73,0.53,1.63,0.35,2.69,2023-2024,True,PA,3,False,False
2023-11-18,Utah,0.22,0.15,2.46,0.91,3.58,2023-2024,True,UT,8,False,False
2023-11-18,Vermont,0.26,0.19,2.24,0.49,2.98,2023-2024,True,VT,1,False,False
2023-11-18,West Virginia,0.83,0.62,3.37,0.39,4.54,2023-2024,True,WV,3,False,False
2023-11-18,Wisconsin,0.31,0.22,2.7,0.4,3.39,2023-2024,True,WI,5,False,False
2023-11-18,Alabama,1.62,1.39,1.24,3.93,6.68,2023-2024,True,AL,4,True,False
2023-11-18,California,0.48,0.37,1.38,0.89,2.62,2023-2024,True,CA,9,False,False
2023-11-18,Delaware,2.28,1.93,1.31,0.44,3.97,2023-2024,True,DE,3,False,False
2023-11-18,Hawaii,0.67,0.58,1.51,3.23,5.27,2023-2024,True,HI,9,False,False
2023-11-18,Michigan,0.45,0.35,2.32,0.35,3.1,2023-2024,True,MI,5,False,False
2023-11-18,Colorado,0.26,0.2,2.59,1.58,4.4,2023-2024,True,CO,8,False,False
2023-11-18,Connecticut,0.7,0.51,1.69,0.43,2.81,2023-2024,True,CT,1,False,False
2023-11-18,Florida,0.72,0.79,0.81,4.08,5.55,2023-2024,True,FL,4,False,False
2023-11-18,Georgia,0.67,0.72,0.73,1.82,3.18,2023-2024,True,GA,4,True,False
2023-11-18,New Hampshire,0.47,0.39,1.5,0.17,,2023-2024,True,NH,1,False,False
2023-11-18,Montana,0.08,0.07,2.9,0.58,3.51,2023-2024,True,MT,8,False,False
2023-11-18,Mississippi,1.24,1.2,1.37,3.17,5.72,2023-2024,True,MS,4,True,False
2023-11-18,Minnesota,0.6,0.46,2.83,0.49,3.9,2023-2024,True,MN,5,False,True
2023-11-18,New Jersey,0.81,0.69,1.06,0.54,2.39,2023-2024,True,NJ,2,False,False
2023-11-18,Oregon,0.33,0.25,1.64,0.27,2.23,2023-2024,True,OR,10,False,False
2023-11-18,Texas,1.49,1.34,1.2,2.39,5.0,2023-2024,True,TX,6,False,False
2023-11-18,Washington,0.58,0.41,1.4,0.7,2.64,2023-2024,True,WA,10,False,False
2023-11-18,Wyoming,0.2,0.16,2.94,0.63,3.73,2023-2024,True,WY,8,False,False
2023-11-25,New Mexico,1.19,0.75,4.49,1.09,6.67,2023-2024,True,NM,6,False,False
2023-11-25,New Hampshire,0.94,0.6,1.88,0.36,,2023-2024,True,NH,1,False,False
2023-11-25,Alabama,1.79,1.61,1.34,4.34,7.36,2023-2024,True,AL,4,True,False
2023-11-25,South Dakota,0.15,0.14,2.9,0.43,,2023-2024,True,SD,8,False,False
2023-11-25,Texas,1.7,1.51,1.29,2.65,5.54,2023-2024,True,TX,6,False,False
2023-11-25,Virginia,1.11,0.98,2.26,1.37,4.68,2023-2024,True,VA,3,False,False
2023-11-25,Arizona,0.41,0.28,2.69,1.84,4.88,2023-2024,True,AZ,9,False,False
2023-11-25,California,0.65,0.49,1.61,1.23,3.31,2023-2024,True,CA,9,False,False
2023-11-25,Vermont,0.56,0.31,3.13,0.79,4.46,2023-2024,True,VT,1,False,False
2023-11-25,Utah,0.28,0.22,2.78,1.51,4.49,2023-2024,True,UT,8,False,False
2023-11-25,Tennessee,1.69,1.5,1.89,1.37,4.85,2023-2024,True,TN,4,True,False
2023-11-25,North Carolina,1.5,1.25,1.86,3.38,6.56,2023-2024,True,NC,4,True,False
2023-11-25,Nevada,0.51,0.38,1.47,1.5,3.42,2023-2024,True,NV,9,False,False
2023-11-25,Nebraska,0.54,0.41,2.09,0.25,2.85,2023-2024,True,NE,7,False,False
2023-11-25,Michigan,0.68,0.49,2.83,0.48,3.94,2023-2024,True,MI,5,False,False
2023-11-25,Kansas,0.44,0.28,2.52,0.61,3.52,2023-2024,True,KS,7,False,False
2023-11-25,District of Columbia,1.62,1.57,1.1,0.67,3.28,2023-2024,True,DC,3,False,False
2023-11-25,Delaware,2.3,2.22,1.71,0.67,4.63,2023-2024,True,DE,3,False,False
2023-11-25,Connecticut,0.93,0.7,2.18,0.71,3.79,2023-2024,True,CT,1,False,False
2023-11-25,Montana,0.17,0.11,2.79,0.93,3.84,2023-2024,True,MT,8,False,False
2023-11-25,Wisconsin,0.51,0.34,3.28,0.58,4.36,2023-2024,True,WI,5,False,False
2023-11-25,Hawaii,0.61,0.61,1.49,2.77,4.8,2023-2024,True,HI,9,False,False
2023-11-25,Iowa,0.54,0.38,3.67,0.94,5.1,2023-2024,True,IA,7,False,False
2023-11-25,Florida,0.71,0.75,0.93,4.21,5.79,2023-2024,True,FL,4,False,False
2023-11-25,Arkansas,2.08,1.5,1.7,1.18,4.85,2023-2024,True,AR,6,True,False
2023-11-25,Alaska,1.04,0.99,1.14,3.24,5.41,2023-2024,True,AK,10,False,False
2023-11-25,Indiana,0.94,0.71,2.91,0.95,4.78,2023-2024,True,IN,5,False,False
2023-11-25,Kentucky,1.85,1.46,3.14,0.97,5.88,2023-2024,True,KY,4,False,False
2023-11-25,Louisiana,1.64,1.43,1.15,4.67,7.33,2023-2024,True,LA,6,True,False
2023-11-25,Maryland,1.59,1.45,2.05,0.91,4.49,2023-2024,True,MD,3,False,False
2023-11-25,Massachusetts,1.4,1.19,1.9,0.65,3.91,2023-2024,True,MA,1,False,False
2023-11-25,Minnesota,0.8,0.62,2.79,0.56,4.14,2023-2024,True,MN,5,False,True
2023-11-25,Oklahoma,1.22,0.87,2.39,0.59,4.2,2023-2024,True,OK,6,False,False
2023-11-25,Pennsylvania,0.97,0.73,1.92,0.72,3.58,2023-2024,True,PA,3,False,False
2023-11-25,Rhode Island,1.12,0.86,1.59,0.65,3.32,2023-2024,True,RI,1,False,False
2023-11-25,West Virginia,1.28,0.89,4.09,0.6,5.91,2023-2024,True,WV,3,False,False
2023-11-25,Colorado,0.55,0.34,2.75,2.13,5.36,2023-2024,True,CO,8,False,False
2023-11-25,Georgia,0.68,0.71,0.75,2.11,3.51,2023-2024,True,GA,4,True,False
2023-11-25,Idaho,0.25,0.16,2.74,0.56,3.53,2023-2024,True,ID,10,False,False
2023-11-25,Illinois,1.29,1.06,3.2,1.14,5.55,2023-2024,True,IL,5,False,False
2023-11-25,Maine,0.45,0.26,2.62,0.42,3.46,2023-2024,True,ME,1,False,False
2023-11-25,Mississippi,1.17,1.2,1.57,3.6,6.24,2023-2024,True,MS,4,True,False
2023-11-25,New Jersey,0.87,0.81,1.34,0.83,3.02,2023-2024,True,NJ,2,False,False
2023-11-25,New York,0.8,0.67,1.5,0.8,3.06,2023-2024,True,NY,2,False,True
2023-11-25,Ohio,0.56,0.41,2.44,0.55,3.56,2023-2024,True,OH,5,False,False
2023-11-25,Oregon,0.43,0.34,1.64,0.42,2.48,2023-2024,True,OR,10,False,False
2023-11-25,Wyoming,0.46,0.27,3.11,1.56,5.01,2023-2024,True,WY,8,False,False
2023-11-25,Washington,0.9,0.65,1.58,1.04,3.48,2023-2024,True,WA,10,False,False
2023-11-25,South Carolina,1.27,1.12,1.54,3.64,6.36,2023-2024,True,SC,4,True,False
2023-11-25,North Dakota,0.14,0.13,2.93,0.5,3.55,2023-2024,True,ND,8,False,False
2023-12-02,Kansas,0.58,0.42,2.63,0.73,3.92,2023-2024,True,KS,7,False,False
2023-12-02,Mississippi,1.03,1.15,1.67,3.44,6.07,2023-2024,True,MS,4,True,False
2023-12-02,Ohio,0.67,0.54,2.97,0.73,4.38,2023-2024,True,OH,5,False,False
2023-12-02,Rhode Island,0.92,0.96,1.74,0.65,3.29,2023-2024,True,RI,1,False,False
2023-12-02,South Carolina,1.03,1.11,1.62,4.1,6.68,2023-2024,True,SC,4,True,False
2023-12-02,Texas,1.38,1.52,1.42,2.64,5.33,2023-2024,True,TX,6,False,False
2023-12-02,Utah,0.32,0.28,2.98,1.55,4.76,2023-2024,True,UT,8,False,False
2023-12-02,Wyoming,0.42,0.36,3.18,1.96,5.41,2023-2024,True,WY,8,False,False
2023-12-02,Washington,1.01,0.83,1.8,1.33,4.08,2023-2024,True,WA,10,False,False
2023-12-02,Oregon,0.56,0.44,2.02,0.59,3.14,2023-2024,True,OR,10,False,False
2023-12-02,New York,0.89,0.8,1.75,1.18,3.79,2023-2024,True,NY,2,False,True
2023-12-02,Nevada,0.7,0.52,1.66,1.72,4.01,2023-2024,True,NV,9,False,False
2023-12-02,Montana,0.14,0.13,2.85,1.09,4.04,2023-2024,True,MT,8,False,False
2023-12-02,Maryland,1.52,1.53,2.13,1.16,4.72,2023-2024,True,MD,3,False,False
2023-12-02,Kentucky,1.94,1.74,3.04,1.09,5.95,2023-2024,True,KY,4,False,False
2023-12-02,Idaho,0.29,0.23,2.92,0.84,4.0,2023-2024,True,ID,10,False,False
2023-12-02,Hawaii,0.59,0.63,1.14,2.93,4.62,2023-2024,True,HI,9,False,False
2023-12-02,District of Columbia,1.26,1.44,1.26,0.9,3.39,2023-2024,True,DC,3,False,False
2023-12-02,Connecticut,0.86,0.83,2.45,1.12,4.38,2023-2024,True,CT,1,False,False
2023-12-02,Colorado,0.57,0.46,2.6,2.28,5.37,2023-2024,True,CO,8,False,False
2023-12-02,Arkansas,2.31,1.97,1.68,1.01,4.93,2023-2024,True,AR,6,True,False
2023-12-02,Arizona,0.4,0.36,2.47,2.02,4.8,2023-2024,True,AZ,9,False,False
2023-12-02,Wisconsin,0.55,0.46,3.51,0.91,4.92,2023-2024,True,WI,5,False,False
2023-12-02,Pennsylvania,1.04,0.91,2.23,0.98,4.19,2023-2024,True,PA,3,False,False
2023-12-02,North Carolina,1.49,1.41,1.98,4.35,7.64,2023-2024,True,NC,4,True,False
2023-12-02,New Jersey,0.91,0.86,1.64,1.15,3.66,2023-2024,True,NJ,2,False,False
2023-12-02,New Hampshire,0.85,0.75,2.05,0.64,,2023-2024,True,NH,1,False,False
2023-12-02,Maine,0.46,0.38,2.85,0.54,3.83,2023-2024,True,ME,1,False,False
2023-12-02,Indiana,1.01,0.86,3.51,1.33,5.77,2023-2024,True,IN,5,False,False
2023-12-02,Illinois,1.32,1.23,3.44,1.38,6.06,2023-2024,True,IL,5,False,False
2023-12-02,Georgia,0.55,0.63,0.81,1.99,3.31,2023-2024,True,GA,4,True,False
2023-12-02,Delaware,2.02,2.19,2.22,0.77,4.95,2023-2024,True,DE,3,False,False
2023-12-02,California,0.65,0.59,1.64,1.53,3.52,2023-2024,True,CA,9,False,False
2023-12-02,Alabama,1.4,1.6,1.46,3.94,6.71,2023-2024,True,AL,4,True,False
2023-12-02,West Virginia,1.67,1.26,4.16,0.78,6.51,2023-2024,True,WV,3,False,False
2023-12-02,Virginia,1.0,1.03,2.51,1.59,5.03,2023-2024,True,VA,3,False,False
2023-12-02,Vermont,0.52,0.44,2.95,0.78,4.32,2023-2024,True,VT,1,False,False
2023-12-02,Tennessee,1.43,1.54,1.84,1.79,4.95,2023-2024,True,TN,4,True,False
2023-12-02,South Dakota,0.29,0.19,2.88,0.7,,2023-2024,True,SD,8,False,False
2023-12-02,Oklahoma,1.16,1.07,2.41,0.53,4.05,2023-2024,True,OK,6,False,False
2023-12-02,North Dakota,0.29,0.18,3.42,0.86,4.55,2023-2024,True,ND,8,False,False
2023-12-02,New Mexico,1.06,0.96,3.64,1.71,6.25,2023-2024,True,NM,6,False,False
2023-12-02,Nebraska,0.64,0.52,2.44,0.35,3.41,2023-2024,True,NE,7,False,False
2023-12-02,Minnesota,1.05,0.82,3.53,0.8,5.32,2023-2024,True,MN,5,False,True
2023-12-02,Michigan,0.77,0.63,3.3,0.6,4.61,2023-2024,True,MI,5,False,False
2023-12-02,Louisiana,1.3,1.46,1.26,4.3,6.79,2023-2024,True,LA,6,True,False
2023-12-02,Iowa,0.65,0.52,4.06,1.28,5.89,2023-2024,True,IA,7,False,False
2023-12-02,Florida,0.59,0.68,1.04,3.75,5.31,2023-2024,True,FL,4,False,False
2023-12-02,Alaska,1.32,1.15,1.29,1.7,4.2,2023-2024,True,AK,10,False,False
2023-12-02,Massachusetts,1.36,1.32,2.34,0.91,4.55,2023-2024,True,MA,1,False,False
2023-12-09,Maine,0.8,0.57,3.11,0.64,4.51,2023-2024,True,ME,1,False,False
2023-12-09,Maryland,1.22,1.44,2.21,1.91,5.25,2023-2024,True,MD,3,False,False
2023-12-09,Massachusetts,1.46,1.4,2.48,1.44,5.27,2023-2024,True,MA,1,False,False
2023-12-09,Michigan,0.95,0.8,3.19,0.86,4.94,2023-2024,True,MI,5,False,False
2023-12-09,Montana,0.24,0.18,2.71,1.64,4.54,2023-2024,True,MT,8,False,False
2023-12-09,New Hampshire,1.28,1.02,2.89,0.98,,2023-2024,True,NH,1,False,False
2023-12-09,New Jersey,0.79,0.86,1.81,1.81,4.36,2023-2024,True,NJ,2,False,False
2023-12-09,Washington,1.13,1.01,1.79,1.76,4.59,2023-2024,True,WA,10,False,False
2023-12-09,Arizona,0.45,0.42,2.17,2.79,5.31,2023-2024,True,AZ,9,False,False
2023-12-09,Connecticut,0.78,0.85,2.33,1.17,4.24,2023-2024,True,CT,1,False,False
2023-12-09,Florida,0.52,0.61,1.2,4.17,5.82,2023-2024,True,FL,4,False,False
2023-12-09,Hawaii,0.58,0.59,1.46,3.66,5.63,2023-2024,True,HI,9,False,False
2023-12-09,Minnesota,1.32,1.06,3.85,1.48,6.59,2023-2024,True,MN,5,False,True
2023-12-09,Oklahoma,1.21,1.2,2.72,0.65,4.53,2023-2024,True,OK,6,False,False
2023-12-09,Oregon,0.7,0.57,1.8,0.79,3.26,2023-2024,True,OR,10,False,False
2023-12-09,South Carolina,0.81,1.03,1.66,6.16,8.53,2023-2024,True,SC,4,True,False
2023-12-09,South Dakota,0.39,0.28,2.92,0.87,,2023-2024,True,SD,8,False,False
2023-12-09,Rhode Island,1.31,1.12,1.87,1.1,4.24,2023-2024,True,RI,1,False,False
2023-12-09,Texas,1.07,1.37,1.54,3.6,6.11,2023-2024,True,TX,6,False,False
2023-12-09,Virginia,0.92,1.01,2.64,2.57,6.06,2023-2024,True,VA,3,False,False
2023-12-09,Wisconsin,0.8,0.63,3.34,1.52,5.61,2023-2024,True,WI,5,False,False
2023-12-09,Alabama,1.14,1.44,1.68,5.46,8.17,2023-2024,True,AL,4,True,False
2023-12-09,Arkansas,2.14,2.18,1.86,1.39,5.34,2023-2024,True,AR,6,True,False
2023-12-09,Kentucky,2.04,1.94,2.96,1.44,6.33,2023-2024,True,KY,4,False,False
2023-12-09,Wyoming,0.89,0.6,3.11,2.52,6.37,2023-2024,True,WY,8,False,False
2023-12-09,Alaska,1.38,1.25,1.25,1.3,3.85,2023-2024,True,AK,10,False,False
2023-12-09,Georgia,0.45,0.56,0.91,3.0,4.3,2023-2024,True,GA,4,True,False
2023-12-09,Mississippi,0.75,0.97,1.69,4.33,6.67,2023-2024,True,MS,4,True,False
2023-12-09,Nebraska,0.63,0.6,2.85,0.45,3.93,2023-2024,True,NE,7,False,False
2023-12-09,New Mexico,1.67,1.31,3.05,3.16,7.69,2023-2024,True,NM,6,False,False
2023-12-09,West Virginia,1.66,1.54,4.06,1.23,6.85,2023-2024,True,WV,3,False,False
2023-12-09,Vermont,1.01,0.7,3.15,0.81,4.97,2023-2024,True,VT,1,False,False
2023-12-09,Ohio,0.74,0.66,3.04,1.01,4.76,2023-2024,True,OH,5,False,False
2023-12-09,North Dakota,0.28,0.24,3.1,0.92,4.3,2023-2024,True,ND,8,False,False
2023-12-09,Idaho,0.55,0.36,2.66,1.23,4.36,2023-2024,True,ID,10,False,False
2023-12-09,Illinois,1.22,1.27,3.42,2.02,6.59,2023-2024,True,IL,5,False,False
2023-12-09,Indiana,1.09,1.01,3.35,1.65,5.98,2023-2024,True,IN,5,False,False
2023-12-09,Iowa,0.95,0.72,4.75,1.62,7.21,2023-2024,True,IA,7,False,False
2023-12-09,Kansas,0.96,0.67,2.72,0.91,4.58,2023-2024,True,KS,7,False,False
2023-12-09,Louisiana,1.05,1.32,1.34,5.81,8.1,2023-2024,True,LA,6,True,False
2023-12-09,Nevada,0.6,0.6,1.54,2.4,4.45,2023-2024,True,NV,9,False,False
2023-12-09,New York,0.87,0.86,1.82,1.61,4.25,2023-2024,True,NY,2,False,True
2023-12-09,North Carolina,1.46,1.48,2.13,6.27,9.6,2023-2024,True,NC,4,True,False
2023-12-09,Pennsylvania,1.06,1.02,2.19,1.53,4.72,2023-2024,True,PA,3,False,False
2023-12-09,Tennessee,1.31,1.47,1.92,2.79,5.9,2023-2024,True,TN,4,True,False
2023-12-09,Utah,0.52,0.38,2.88,2.55,5.83,2023-2024,True,UT,8,False,False
2023-12-09,California,0.7,0.67,1.81,2.09,4.19,2023-2024,True,CA,9,False,False
2023-12-09,Colorado,0.63,0.59,2.3,2.94,5.77,2023-2024,True,CO,8,False,False
2023-12-09,Delaware,1.78,2.03,2.23,1.54,5.48,2023-2024,True,DE,3,False,False
2023-12-09,District of Columbia,0.89,1.24,1.51,1.44,3.76,2023-2024,True,DC,3,False,False
2023-12-16,South Dakota,0.47,0.38,3.17,1.19,,2023-2024,True,SD,8,False,False
2023-12-16,Alaska,1.8,1.49,1.52,0.76,4.06,2023-2024,True,AK,10,False,False
2023-12-16,Delaware,1.15,1.65,2.44,2.53,6.04,2023-2024,True,DE,3,False,False
2023-12-16,Idaho,0.64,0.49,2.6,1.8,4.96,2023-2024,True,ID,10,False,False
2023-12-16,Indiana,1.08,1.06,3.56,2.53,7.09,2023-2024,True,IN,5,False,False
2023-12-16,Louisiana,0.93,1.09,1.56,7.91,10.27,2023-2024,True,LA,6,True,False
2023-12-16,Massachusetts,1.36,1.39,2.96,2.18,6.37,2023-2024,True,MA,1,False,False
2023-12-16,New Hampshire,1.63,1.25,2.96,1.72,,2023-2024,True,NH,1,False,False
2023-12-16,New Mexico,2.24,1.66,3.07,5.47,10.52,2023-2024,True,NM,6,False,False
2023-12-16,Oregon,0.9,0.72,1.61,1.06,3.55,2023-2024,True,OR,10,False,False
2023-12-16,Texas,0.98,1.14,1.72,5.03,7.62,2023-2024,True,TX,6,False,False
2023-12-16,Utah,0.77,0.54,2.95,3.54,7.15,2023-2024,True,UT,8,False,False
2023-12-16,Virginia,0.79,0.9,2.94,4.09,7.71,2023-2024,True,VA,3,False,False
2023-12-16,Wyoming,0.39,0.57,2.61,3.46,6.3,2023-2024,True,WY,8,False,False
2023-12-16,Arkansas,2.15,2.2,2.3,2.54,6.89,2023-2024,True,AR,6,True,False
2023-12-16,Arizona,0.61,0.49,2.36,4.67,7.52,2023-2024,True,AZ,9,False,False
2023-12-16,Alabama,1.05,1.19,2.13,8.29,11.31,2023-2024,True,AL,4,True,False
2023-12-16,Colorado,1.04,0.75,2.02,3.8,6.73,2023-2024,True,CO,8,False,False
2023-12-16,Connecticut,0.8,0.81,3.05,1.72,5.51,2023-2024,True,CT,1,False,False
2023-12-16,Hawaii,0.48,0.55,1.23,4.07,5.67,2023-2024,True,HI,9,False,False
2023-12-16,Iowa,1.34,0.98,4.98,2.26,8.42,2023-2024,True,IA,7,False,False
2023-12-16,Kansas,0.92,0.82,2.86,1.41,5.14,2023-2024,True,KS,7,False,False
2023-12-16,Minnesota,1.63,1.33,4.27,2.21,7.96,2023-2024,True,MN,5,False,True
2023-12-16,New York,0.9,0.89,2.22,2.59,5.63,2023-2024,True,NY,2,False,True
2023-12-16,Rhode Island,0.99,1.07,2.81,1.83,5.5,2023-2024,True,RI,1,False,False
2023-12-16,Washington,1.22,1.12,1.9,2.21,5.23,2023-2024,True,WA,10,False,False
2023-12-16,Wisconsin,1.06,0.81,3.53,2.15,6.66,2023-2024,True,WI,5,False,False
2023-12-16,West Virginia,2.35,1.89,4.07,1.75,7.96,2023-2024,True,WV,3,False,False
2023-12-16,Vermont,0.91,0.81,2.87,1.09,4.87,2023-2024,True,VT,1,False,False
2023-12-16,Tennessee,1.09,1.28,2.0,4.11,7.06,2023-2024,True,TN,4,True,False
2023-12-16,Oklahoma,1.44,1.27,2.96,1.0,5.34,2023-2024,True,OK,6,False,False
2023-12-16,Ohio,0.82,0.74,3.3,1.61,5.67,2023-2024,True,OH,5,False,False
2023-12-16,New Jersey,0.83,0.84,2.46,3.11,6.31,2023-2024,True,NJ,2,False,False
2023-12-16,Nevada,0.76,0.69,1.58,3.5,5.74,2023-2024,True,NV,9,False,False
2023-12-16,Nebraska,0.79,0.69,2.91,0.81,4.47,2023-2024,True,NE,7,False,False
2023-12-16,Montana,0.51,0.3,2.87,3.12,6.35,2023-2024,True,MT,8,False,False
2023-12-16,Mississippi,0.58,0.79,2.1,6.81,9.38,2023-2024,True,MS,4,True,False
2023-12-16,Maryland,1.15,1.29,2.11,3.07,6.23,2023-2024,True,MD,3,False,False
2023-12-16,Illinois,1.3,1.28,3.49,2.61,7.28,2023-2024,True,IL,5,False,False
2023-12-16,Florida,0.45,0.52,1.55,4.94,6.86,2023-2024,True,FL,4,False,False
2023-12-16,California,0.8,0.72,2.04,2.81,5.33,2023-2024,True,CA,9,False,False
2023-12-16,District of Columbia,0.95,1.03,1.8,2.53,5.23,2023-2024,True,DC,3,False,False
2023-12-16,Georgia,0.36,0.45,1.11,4.95,6.34,2023-2024,True,GA,4,True,False
2023-12-16,Kentucky,2.0,1.99,2.99,2.08,6.92,2023-2024,True,KY,4,False,False
2023-12-16,Maine,0.89,0.71,3.39,1.15,5.39,2023-2024,True,ME,1,False,False
2023-12-16,Michigan,1.17,0.97,3.71,1.55,6.34,2023-2024,True,MI,5,False,False
2023-12-16,North Carolina,1.39,1.44,2.35,9.35,12.77,2023-2024,True,NC,4,True,False
2023-12-16,North Dakota,0.7,0.43,2.82,1.92,5.32,2023-2024,True,ND,8,False,False
2023-12-16,Pennsylvania,1.06,1.05,2.53,2.51,6.01,2023-2024,True,PA,3,False,False
2023-12-16,South Carolina,0.74,0.86,1.92,9.41,11.94,2023-2024,True,SC,4,True,False
2023-12-23,Illinois,1.28,1.27,3.98,4.02,9.1,2023-2024,True,IL,5,False,False
2023-12-23,Iowa,1.6,1.29,5.44,3.28,10.08,2023-2024,True,IA,7,False,False
2023-12-23,Connecticut,0.74,0.77,3.8,2.53,6.97,2023-2024,True,CT,1,False,False
2023-12-23,Massachusetts,1.24,1.35,3.69,3.26,8.03,2023-2024,True,MA,1,False,False
2023-12-23,Arkansas,2.16,2.15,2.38,3.88,8.25,2023-2024,True,AR,6,True,False
2023-12-23,Louisiana,0.7,0.89,2.18,10.14,12.83,2023-2024,True,LA,6,True,False
2023-12-23,South Dakota,0.79,0.55,3.62,2.37,,2023-2024,True,SD,8,False,False
2023-12-23,South Carolina,0.6,0.72,2.69,12.11,15.2,2023-2024,True,SC,4,True,False
2023-12-23,Pennsylvania,1.14,1.09,3.01,3.83,7.82,2023-2024,True,PA,3,False,False
2023-12-23,North Dakota,0.63,0.54,3.04,3.35,6.89,2023-2024,True,ND,8,False,False
2023-12-23,North Carolina,1.37,1.4,2.92,13.05,16.89,2023-2024,True,NC,4,True,False
2023-12-23,Nebraska,1.13,0.85,3.2,1.23,5.5,2023-2024,True,NE,7,False,False
2023-12-23,Michigan,1.19,1.1,4.03,2.3,7.4,2023-2024,True,MI,5,False,False
2023-12-23,Rhode Island,1.11,1.14,3.21,2.69,6.89,2023-2024,True,RI,1,False,False
2023-12-23,Tennessee,1.06,1.16,2.51,7.12,10.45,2023-2024,True,TN,4,True,False
2023-12-23,Vermont,1.48,1.14,3.35,2.2,6.96,2023-2024,True,VT,1,False,False
2023-12-23,Washington,1.44,1.26,2.24,2.93,6.49,2023-2024,True,WA,10,False,False
2023-12-23,Utah,1.07,0.79,3.14,5.53,9.51,2023-2024,True,UT,8,False,False
2023-12-23,Minnesota,1.83,1.58,4.5,2.98,9.09,2023-2024,True,MN,5,False,True
2023-12-23,Mississippi,0.48,0.6,2.51,9.75,12.55,2023-2024,True,MS,4,True,False
2023-12-23,New Jersey,0.73,0.79,3.16,4.6,8.35,2023-2024,True,NJ,2,False,False
2023-12-23,Ohio,0.97,0.84,3.74,2.77,7.41,2023-2024,True,OH,5,False,False
2023-12-23,Oklahoma,1.4,1.35,2.91,1.75,5.98,2023-2024,True,OK,6,False,False
2023-12-23,West Virginia,2.8,2.27,5.27,3.24,11.06,2023-2024,True,WV,3,False,False
2023-12-23,Alaska,1.91,1.7,2.43,0.71,4.93,2023-2024,True,AK,10,False,False
2023-12-23,Colorado,1.04,0.91,1.98,4.59,7.47,2023-2024,True,CO,8,False,False
2023-12-23,Florida,0.41,0.46,1.83,5.49,7.64,2023-2024,True,FL,4,False,False
2023-12-23,Hawaii,0.63,0.56,1.69,4.18,6.4,2023-2024,True,HI,9,False,False
2023-12-23,Alabama,0.87,1.02,2.72,10.96,14.36,2023-2024,True,AL,4,True,False
2023-12-23,California,0.87,0.79,2.52,4.12,7.09,2023-2024,True,CA,9,False,False
2023-12-23,District of Columbia,0.72,0.85,2.25,4.44,7.29,2023-2024,True,DC,3,False,False
2023-12-23,Idaho,0.91,0.7,2.77,3.36,6.95,2023-2024,True,ID,10,False,False
2023-12-23,Maine,1.04,0.91,3.68,1.88,6.53,2023-2024,True,ME,1,False,False
2023-12-23,Nevada,0.95,0.78,1.96,4.51,7.3,2023-2024,True,NV,9,False,False
2023-12-23,Texas,0.86,0.97,2.25,6.75,9.7,2023-2024,True,TX,6,False,False
2023-12-23,Virginia,0.76,0.82,3.84,6.42,10.83,2023-2024,True,VA,3,False,False
2023-12-23,Wisconsin,1.24,1.04,3.64,3.19,7.94,2023-2024,True,WI,5,False,False
2023-12-23,Wyoming,0.75,0.68,3.24,4.73,8.64,2023-2024,True,WY,8,False,False
2023-12-23,Oregon,1.01,0.87,2.12,1.93,4.96,2023-2024,True,OR,10,False,False
2023-12-23,New York,0.84,0.87,2.75,3.6,7.05,2023-2024,True,NY,2,False,True
2023-12-23,New Mexico,2.62,2.19,2.71,8.0,13.01,2023-2024,True,NM,6,False,False
2023-12-23,New Hampshire,1.05,1.32,3.32,2.86,,2023-2024,True,NH,1,False,False
2023-12-23,Montana,0.59,0.45,2.74,5.81,8.96,2023-2024,True,MT,8,False,False
2023-12-23,Maryland,1.0,1.12,2.97,5.09,8.87,2023-2024,True,MD,3,False,False
2023-12-23,Kentucky,1.79,1.95,3.36,3.77,8.73,2023-2024,True,KY,4,False,False
2023-12-23,Kansas,1.34,1.07,3.08,2.2,6.49,2023-2024,True,KS,7,False,False
2023-12-23,Indiana,1.11,1.09,3.92,4.34,9.22,2023-2024,True,IN,5,False,False
2023-12-23,Georgia,0.3,0.37,1.66,7.58,9.4,2023-2024,True,GA,4,True,False
2023-12-23,Delaware,0.95,1.29,3.17,3.44,7.44,2023-2024,True,DE,3,False,False
2023-12-23,Arizona,0.88,0.65,2.71,7.34,10.7,2023-2024,True,AZ,9,False,False
2023-12-30,New Jersey,0.66,0.74,4.19,5.93,10.58,2023-2024,True,NJ,2,False,False
2023-12-30,Utah,1.46,1.12,3.58,7.47,12.18,2023-2024,True,UT,8,False,False
2023-12-30,Vermont,1.86,1.43,4.15,2.5,8.37,2023-2024,True,VT,1,False,False
2023-12-30,Washington,1.57,1.41,2.77,3.02,7.21,2023-2024,True,WA,10,False,False
2023-12-30,Idaho,0.99,0.85,3.51,4.9,9.22,2023-2024,True,ID,10,False,False
2023-12-30,Kansas,1.43,1.23,3.61,2.19,7.06,2023-2024,True,KS,7,False,False
2023-12-30,Maine,1.11,1.01,4.97,2.78,8.76,2023-2024,True,ME,1,False,False
2023-12-30,Michigan,1.36,1.24,4.79,3.53,9.51,2023-2024,True,MI,5,False,False
2023-12-30,Arizona,1.02,0.84,3.02,6.89,10.69,2023-2024,True,AZ,9,False,False
2023-12-30,California,0.94,0.87,2.85,3.96,7.39,2023-2024,True,CA,9,False,False
2023-12-30,Connecticut,0.71,0.75,4.89,3.51,8.93,2023-2024,True,CT,1,False,False
2023-12-30,Florida,0.4,0.42,2.51,5.83,8.62,2023-2024,True,FL,4,False,False
2023-12-30,Georgia,0.29,0.32,2.21,7.67,9.99,2023-2024,True,GA,4,True,False
2023-12-30,Delaware,0.85,0.98,4.29,5.78,10.73,2023-2024,True,DE,3,False,False
2023-12-30,District of Columbia,0.7,0.79,2.78,4.88,8.23,2023-2024,True,DC,3,False,False
2023-12-30,Indiana,1.2,1.13,4.17,5.37,10.53,2023-2024,True,IN,5,False,False
2023-12-30,Louisiana,0.65,0.76,2.65,9.55,12.64,2023-2024,True,LA,6,True,False
2023-12-30,Nebraska,1.09,1.0,3.23,1.92,6.16,2023-2024,True,NE,7,False,False
2023-12-30,New Hampshire,1.32,1.33,4.25,3.53,,2023-2024,True,NH,1,False,False
2023-12-30,Ohio,0.92,0.9,4.36,4.04,9.26,2023-2024,True,OH,5,False,False
2023-12-30,Oregon,1.12,1.01,3.02,2.44,6.49,2023-2024,True,OR,10,False,False
2023-12-30,Tennessee,0.93,1.02,3.05,8.95,12.65,2023-2024,True,TN,4,True,False
2023-12-30,Texas,0.82,0.89,2.57,6.3,9.5,2023-2024,True,TX,6,False,False
2023-12-30,West Virginia,3.09,2.76,6.01,5.45,14.15,2023-2024,True,WV,3,False,False
2023-12-30,Wisconsin,1.51,1.27,4.16,4.02,9.47,2023-2024,True,WI,5,False,False
2023-12-30,Wyoming,0.81,0.66,4.74,6.04,11.06,2023-2024,True,WY,8,False,False
2023-12-30,Mississippi,0.38,0.48,3.01,10.15,13.32,2023-2024,True,MS,4,True,False
2023-12-30,Nevada,1.22,0.98,2.15,4.32,7.55,2023-2024,True,NV,9,False,False
2023-12-30,New York,0.86,0.86,3.71,4.55,8.93,2023-2024,True,NY,2,False,True
2023-12-30,North Dakota,0.72,0.68,2.8,4.02,7.37,2023-2024,True,ND,8,False,False
2023-12-30,Pennsylvania,1.03,1.08,3.71,5.14,9.68,2023-2024,True,PA,3,False,False
2023-12-30,Rhode Island,0.9,1.0,3.99,3.9,8.65,2023-2024,True,RI,1,False,False
2023-12-30,South Dakota,0.93,0.73,3.61,3.01,,2023-2024,True,SD,8,False,False
2023-12-30,Virginia,0.68,0.74,4.77,7.46,12.67,2023-2024,True,VA,3,False,False
2023-12-30,South Carolina,0.56,0.63,3.22,11.52,15.09,2023-2024,True,SC,4,True,False
2023-12-30,Oklahoma,1.82,1.55,3.43,2.38,7.54,2023-2024,True,OK,6,False,False
2023-12-30,North Carolina,1.28,1.34,3.78,14.02,18.51,2023-2024,True,NC,4,True,False
2023-12-30,New Mexico,2.81,2.56,2.66,8.28,13.47,2023-2024,True,NM,6,False,False
2023-12-30,Montana,0.85,0.66,3.01,9.96,13.49,2023-2024,True,MT,8,False,False
2023-12-30,Minnesota,1.81,1.75,4.55,3.92,10.06,2023-2024,True,MN,5,False,True
2023-12-30,Maryland,0.85,1.0,3.78,6.31,10.68,2023-2024,True,MD,3,False,False
2023-12-30,Kentucky,1.53,1.77,4.0,5.69,10.94,2023-2024,True,KY,4,False,False
2023-12-30,Colorado,1.19,1.09,2.38,5.02,8.43,2023-2024,True,CO,8,False,False
2023-12-30,Arkansas,1.94,2.08,3.07,5.43,10.17,2023-2024,True,AR,6,True,False
2023-12-30,Alaska,2.18,1.97,3.39,0.63,6.17,2023-2024,True,AK,10,False,False
2023-12-30,Alabama,0.73,0.88,3.61,10.57,14.64,2023-2024,True,AL,4,True,False
2023-12-30,Hawaii,0.54,0.55,2.07,4.59,7.01,2023-2024,True,HI,9,False,False
2023-12-30,Illinois,1.28,1.29,4.35,4.99,10.37,2023-2024,True,IL,5,False,False
2023-12-30,Iowa,2.06,1.67,5.68,3.66,11.06,2023-2024,True,IA,7,False,False
2023-12-30,Massachusetts,1.08,1.23,4.41,4.41,9.71,2023-2024,True,MA,1,False,False
2024-01-06,Indiana,1.05,1.12,3.51,4.26,8.65,2023-2024,True,IN,5,False,False
2024-01-06,Louisiana,0.45,0.6,2.88,6.89,10.05,2023-2024,True,LA,6,True,False
2024-01-06,Maryland,0.77,0.88,3.33,3.8,7.75,2023-2024,True,MD,3,False,False
2024-01-06,Minnesota,1.64,1.76,3.51,3.23,8.21,2023-2024,True,MN,5,False,True
2024-01-06,Mississippi,0.32,0.39,2.79,7.23,10.2,2023-2024,True,MS,4,True,False
2024-01-06,Montana,0.83,0.76,3.09,8.36,11.97,2023-2024,True,MT,8,False,False
2024-01-06,Nebraska,0.88,1.03,2.66,1.59,5.06,2023-2024,True,NE,7,False,False
2024-01-06,North Carolina,0.99,1.22,3.48,8.8,12.84,2023-2024,True,NC,4,True,False
2024-01-06,Ohio,0.88,0.92,3.41,3.01,7.21,2023-2024,True,OH,5,False,False
2024-01-06,Oklahoma,1.33,1.52,2.61,2.52,6.37,2023-2024,True,OK,6,False,False
2024-01-06,Pennsylvania,0.93,1.03,3.28,3.48,7.57,2023-2024,True,PA,3,False,False
2024-01-06,Tennessee,0.84,0.94,2.81,6.61,10.02,2023-2024,True,TN,4,True,False
2024-01-06,Utah,1.7,1.42,3.15,6.01,10.53,2023-2024,True,UT,8,False,False
2024-01-06,West Virginia,3.28,3.06,4.72,3.76,11.38,2023-2024,True,WV,3,False,False
2024-01-06,North Dakota,0.67,0.67,2.36,3.16,6.13,2023-2024,True,ND,8,False,False
2024-01-06,Kentucky,1.36,1.56,3.38,4.55,9.09,2023-2024,True,KY,4,False,False
2024-01-06,Kansas,1.44,1.4,2.84,2.41,6.56,2023-2024,True,KS,7,False,False
2024-01-06,Iowa,1.84,1.84,4.37,3.08,9.05,2023-2024,True,IA,7,False,False
2024-01-06,Illinois,1.27,1.28,3.66,3.53,8.29,2023-2024,True,IL,5,False,False
2024-01-06,Idaho,1.41,1.1,3.25,3.46,8.01,2023-2024,True,ID,10,False,False
2024-01-06,Hawaii,0.58,0.58,2.65,4.2,7.31,2023-2024,True,HI,9,False,False
2024-01-06,Florida,0.33,0.38,2.84,4.83,7.87,2023-2024,True,FL,4,False,False
2024-01-06,Colorado,1.08,1.1,2.16,4.2,7.27,2023-2024,True,CO,8,False,False
2024-01-06,Arkansas,1.49,1.86,2.78,4.85,8.91,2023-2024,True,AR,6,True,False
2024-01-06,Wyoming,0.32,0.62,3.2,5.32,8.7,2023-2024,True,WY,8,False,False
2024-01-06,Virginia,0.57,0.67,4.18,4.67,9.25,2023-2024,True,VA,3,False,False
2024-01-06,South Carolina,0.47,0.55,3.23,6.79,10.34,2023-2024,True,SC,4,True,False
2024-01-06,Rhode Island,0.76,0.92,3.63,2.92,7.15,2023-2024,True,RI,1,False,False
2024-01-06,Oregon,1.12,1.09,2.88,2.04,5.95,2023-2024,True,OR,10,False,False
2024-01-06,New Jersey,0.5,0.63,3.74,4.06,8.14,2023-2024,True,NJ,2,False,False
2024-01-06,Nevada,0.98,1.05,2.06,3.52,6.38,2023-2024,True,NV,9,False,False
2024-01-06,Michigan,1.24,1.26,4.01,2.54,7.65,2023-2024,True,MI,5,False,False
2024-01-06,Maine,1.06,1.07,4.08,2.28,7.33,2023-2024,True,ME,1,False,False
2024-01-06,Connecticut,0.57,0.67,4.59,2.45,7.5,2023-2024,True,CT,1,False,False
2024-01-06,Texas,0.66,0.78,2.67,5.47,8.64,2023-2024,True,TX,6,False,False
2024-01-06,Wisconsin,1.42,1.39,3.57,3.18,7.98,2023-2024,True,WI,5,False,False
2024-01-06,Washington,1.42,1.48,2.83,2.52,6.63,2023-2024,True,WA,10,False,False
2024-01-06,Vermont,1.98,1.78,4.12,2.11,8.15,2023-2024,True,VT,1,False,False
2024-01-06,South Dakota,0.85,0.86,3.14,2.37,,2023-2024,True,SD,8,False,False
2024-01-06,New York,0.71,0.8,3.46,3.19,7.21,2023-2024,True,NY,2,False,True
2024-01-06,New Mexico,2.42,2.62,2.54,6.47,11.17,2023-2024,True,NM,6,False,False
2024-01-06,New Hampshire,0.84,1.07,3.45,2.4,,2023-2024,True,NH,1,False,False
2024-01-06,Massachusetts,0.86,1.06,4.17,3.35,8.19,2023-2024,True,MA,1,False,False
2024-01-06,Georgia,0.26,0.29,1.9,4.7,6.75,2023-2024,True,GA,4,True,False
2024-01-06,California,0.87,0.9,2.65,2.86,6.1,2023-2024,True,CA,9,False,False
2024-01-06,Alaska,1.72,1.94,4.25,0.89,6.69,2023-2024,True,AK,10,False,False
2024-01-06,Alabama,0.46,0.69,3.11,7.14,10.53,2023-2024,True,AL,4,True,False
2024-01-06,Arizona,1.01,0.97,2.78,4.84,8.38,2023-2024,True,AZ,9,False,False
2024-01-06,Delaware,0.87,0.89,3.97,4.15,8.7,2023-2024,True,DE,3,False,False
2024-01-06,District of Columbia,0.55,0.66,2.78,3.43,6.63,2023-2024,True,DC,3,False,False
2024-01-13,Virginia,0.32,0.53,3.26,3.79,7.24,2023-2024,True,VA,3,False,False
2024-01-13,South Dakota,1.0,0.92,2.82,2.22,,2023-2024,True,SD,8,False,False
2024-01-13,New Hampshire,0.65,0.94,3.61,2.6,,2023-2024,True,NH,1,False,False
2024-01-13,Nevada,0.79,1.01,1.63,2.97,5.25,2023-2024,True,NV,9,False,False
2024-01-13,Massachusetts,0.53,0.83,3.39,3.0,6.77,2023-2024,True,MA,1,False,False
2024-01-13,Maine,0.9,1.03,3.17,2.36,6.35,2023-2024,True,ME,1,False,False
2024-01-13,Kentucky,0.92,1.28,2.72,4.32,7.77,2023-2024,True,KY,4,False,False
2024-01-13,Iowa,2.02,1.97,3.28,3.4,8.46,2023-2024,True,IA,7,False,False
2024-01-13,Indiana,0.68,0.99,2.54,3.63,6.75,2023-2024,True,IN,5,False,False
2024-01-13,Idaho,0.86,1.09,2.46,2.49,5.69,2023-2024,True,ID,10,False,False
2024-01-13,Wisconsin,1.28,1.41,3.03,3.16,7.32,2023-2024,True,WI,5,False,False
2024-01-13,Tennessee,0.54,0.78,2.24,5.77,8.37,2023-2024,True,TN,4,True,False
2024-01-13,Rhode Island,0.4,0.69,3.02,2.67,6.01,2023-2024,True,RI,1,False,False
2024-01-13,Ohio,0.5,0.77,2.57,3.04,6.1,2023-2024,True,OH,5,False,False
2024-01-13,Arizona,0.72,0.92,2.29,3.69,6.56,2023-2024,True,AZ,9,False,False
2024-01-13,Connecticut,0.3,0.53,3.55,2.26,6.03,2023-2024,True,CT,1,False,False
2024-01-13,Delaware,0.44,0.73,3.49,3.4,7.2,2023-2024,True,DE,3,False,False
2024-01-13,Hawaii,0.51,0.55,2.57,2.6,5.59,2023-2024,True,HI,9,False,False
2024-01-13,Illinois,0.9,1.16,3.0,2.83,6.57,2023-2024,True,IL,5,False,False
2024-01-13,Kansas,1.1,1.33,2.31,2.19,5.5,2023-2024,True,KS,7,False,False
2024-01-13,Maryland,0.48,0.71,2.96,3.06,6.35,2023-2024,True,MD,3,False,False
2024-01-13,Michigan,0.89,1.17,3.08,2.27,6.12,2023-2024,True,MI,5,False,False
2024-01-13,Minnesota,1.37,1.61,3.19,3.37,7.72,2023-2024,True,MN,5,False,True
2024-01-13,Nebraska,0.61,0.88,2.11,1.55,4.21,2023-2024,True,NE,7,False,False
2024-01-13,Oklahoma,1.11,1.42,1.76,2.97,5.74,2023-2024,True,OK,6,False,False
2024-01-13,Texas,0.41,0.63,2.4,4.46,7.14,2023-2024,True,TX,6,False,False
2024-01-13,Vermont,1.68,1.84,2.93,2.76,7.07,2023-2024,True,VT,1,False,False
2024-01-13,North Carolina,0.73,1.02,3.18,6.07,9.65,2023-2024,True,NC,4,True,False
2024-01-13,New York,0.45,0.68,2.91,2.81,6.05,2023-2024,True,NY,2,False,True
2024-01-13,New Mexico,1.49,2.26,1.84,4.74,7.87,2023-2024,True,NM,6,False,False
2024-01-13,Montana,0.74,0.81,2.27,7.06,9.91,2023-2024,True,MT,8,False,False
2024-01-13,Georgia,0.18,0.25,1.84,3.87,5.78,2023-2024,True,GA,4,True,False
2024-01-13,Florida,0.27,0.33,2.71,3.69,6.57,2023-2024,True,FL,4,False,False
2024-01-13,Alaska,1.09,1.67,3.86,1.14,5.94,2023-2024,True,AK,10,False,False
2024-01-13,California,0.59,0.8,2.15,2.05,4.53,2023-2024,True,CA,9,False,False
2024-01-13,West Virginia,1.85,2.76,3.35,4.19,9.13,2023-2024,True,WV,3,False,False
2024-01-13,Washington,0.99,1.34,2.72,1.86,5.47,2023-2024,True,WA,10,False,False
2024-01-13,Wyoming,0.65,0.59,2.46,4.54,7.43,2023-2024,True,WY,8,False,False
2024-01-13,Utah,1.34,1.5,2.5,4.52,8.12,2023-2024,True,UT,8,False,False
2024-01-13,South Carolina,0.37,0.48,2.98,4.47,7.73,2023-2024,True,SC,4,True,False
2024-01-13,Pennsylvania,0.6,0.86,2.58,2.71,5.78,2023-2024,True,PA,3,False,False
2024-01-13,Oregon,0.96,1.07,2.53,1.78,5.19,2023-2024,True,OR,10,False,False
2024-01-13,North Dakota,0.67,0.69,1.94,2.7,5.29,2023-2024,True,ND,8,False,False
2024-01-13,New Jersey,0.35,0.51,3.24,3.54,7.0,2023-2024,True,NJ,2,False,False
2024-01-13,Mississippi,0.22,0.31,2.74,5.78,8.62,2023-2024,True,MS,4,True,False
2024-01-13,Louisiana,0.24,0.45,2.78,4.87,7.76,2023-2024,True,LA,6,True,False
2024-01-13,District of Columbia,0.51,0.59,2.79,2.87,6.1,2023-2024,True,DC,3,False,False
2024-01-13,Colorado,0.89,1.06,1.76,3.32,5.87,2023-2024,True,CO,8,False,False
2024-01-13,Arkansas,0.89,1.46,2.3,5.07,8.08,2023-2024,True,AR,6,True,False
2024-01-13,Alabama,0.32,0.51,2.73,5.48,8.41,2023-2024,True,AL,4,True,False
2024-01-20,Arizona,0.69,0.81,2.18,3.48,6.18,2023-2024,True,AZ,9,False,False
2024-01-20,California,0.51,0.66,1.99,2.05,4.26,2023-2024,True,CA,9,False,False
2024-01-20,Florida,0.21,0.27,2.59,3.41,6.12,2023-2024,True,FL,4,False,False
2024-01-20,Massachusetts,0.39,0.6,2.88,2.43,5.61,2023-2024,True,MA,1,False,False
2024-01-20,Minnesota,1.49,1.5,2.57,3.5,7.41,2023-2024,True,MN,5,False,True
2024-01-20,Nebraska,0.53,0.69,1.61,1.34,3.43,2023-2024,True,NE,7,False,False
2024-01-20,North Carolina,0.49,0.75,2.86,4.79,7.85,2023-2024,True,NC,4,True,False
2024-01-20,Oregon,0.6,0.89,1.89,1.4,3.83,2023-2024,True,OR,10,False,False
2024-01-20,Texas,0.33,0.47,2.44,5.22,7.85,2023-2024,True,TX,6,False,False
2024-01-20,Vermont,1.22,1.64,2.54,2.44,5.98,2023-2024,True,VT,1,False,False
2024-01-20,West Virginia,1.59,2.3,2.71,4.64,8.62,2023-2024,True,WV,3,False,False
2024-01-20,Wyoming,0.78,0.57,2.06,4.49,7.13,2023-2024,True,WY,8,False,False
2024-01-20,Wisconsin,0.98,1.24,2.14,2.54,5.55,2023-2024,True,WI,5,False,False
2024-01-20,Virginia,0.25,0.39,2.62,3.23,6.01,2023-2024,True,VA,3,False,False
2024-01-20,South Dakota,0.85,0.9,1.84,1.77,,2023-2024,True,SD,8,False,False
2024-01-20,South Carolina,0.26,0.37,2.79,3.76,6.73,2023-2024,True,SC,4,True,False
2024-01-20,Ohio,0.48,0.63,2.0,3.38,5.84,2023-2024,True,OH,5,False,False
2024-01-20,North Dakota,0.94,0.75,1.77,3.0,5.66,2023-2024,True,ND,8,False,False
2024-01-20,New York,0.37,0.52,2.27,2.59,5.14,2023-2024,True,NY,2,False,True
2024-01-20,Nevada,0.59,0.79,1.36,2.41,4.31,2023-2024,True,NV,9,False,False
2024-01-20,Mississippi,0.21,0.25,2.62,5.14,7.82,2023-2024,True,MS,4,True,False
2024-01-20,Louisiana,0.21,0.31,2.81,3.86,6.78,2023-2024,True,LA,6,True,False
2024-01-20,Kansas,0.73,1.11,1.88,2.04,4.55,2023-2024,True,KS,7,False,False
2024-01-20,Idaho,1.0,1.1,1.88,2.18,4.96,2023-2024,True,ID,10,False,False
2024-01-20,Hawaii,0.29,0.46,2.44,2.69,5.34,2023-2024,True,HI,9,False,False
2024-01-20,District of Columbia,0.22,0.43,2.64,2.44,5.18,2023-2024,True,DC,3,False,False
2024-01-20,Delaware,0.46,0.6,2.55,3.03,5.88,2023-2024,True,DE,3,False,False
2024-01-20,Colorado,0.67,0.89,1.61,3.09,5.28,2023-2024,True,CO,8,False,False
2024-01-20,Utah,1.26,1.44,1.9,3.85,6.8,2023-2024,True,UT,8,False,False
2024-01-20,New Jersey,0.27,0.38,2.78,2.99,5.93,2023-2024,True,NJ,2,False,False
2024-01-20,Montana,0.74,0.78,1.82,5.14,7.57,2023-2024,True,MT,8,False,False
2024-01-20,Iowa,1.42,1.76,2.23,2.87,6.35,2023-2024,True,IA,7,False,False
2024-01-20,Indiana,0.5,0.76,2.04,3.93,6.36,2023-2024,True,IN,5,False,False
2024-01-20,Illinois,0.68,0.96,2.28,2.45,5.3,2023-2024,True,IL,5,False,False
2024-01-20,Connecticut,0.2,0.37,2.87,2.13,5.11,2023-2024,True,CT,1,False,False
2024-01-20,Arkansas,0.8,1.08,1.95,6.25,8.8,2023-2024,True,AR,6,True,False
2024-01-20,Washington,0.7,1.05,2.34,1.81,4.76,2023-2024,True,WA,10,False,False
2024-01-20,Tennessee,0.48,0.63,1.99,5.09,7.39,2023-2024,True,TN,4,True,False
2024-01-20,Rhode Island,0.21,0.46,2.46,2.39,5.0,2023-2024,True,RI,1,False,False
2024-01-20,Pennsylvania,0.46,0.68,2.05,2.49,4.91,2023-2024,True,PA,3,False,False
2024-01-20,Oklahoma,0.7,1.06,1.94,4.09,6.61,2023-2024,True,OK,6,False,False
2024-01-20,New Mexico,1.28,1.75,1.68,4.26,7.11,2023-2024,True,NM,6,False,False
2024-01-20,New Hampshire,0.56,0.69,2.15,2.41,,2023-2024,True,NH,1,False,False
2024-01-20,Michigan,0.63,0.94,2.3,2.24,5.08,2023-2024,True,MI,5,False,False
2024-01-20,Maryland,0.31,0.53,2.5,2.71,5.41,2023-2024,True,MD,3,False,False
2024-01-20,Maine,0.57,0.85,2.32,2.33,5.15,2023-2024,True,ME,1,False,False
2024-01-20,Kentucky,0.74,1.03,2.33,4.89,7.81,2023-2024,True,KY,4,False,False
2024-01-20,Georgia,0.14,0.2,2.02,3.64,5.7,2023-2024,True,GA,4,True,False
2024-01-20,Alaska,1.03,1.29,3.8,1.53,6.21,2023-2024,True,AK,10,False,False
2024-01-20,Alabama,0.28,0.36,2.66,5.1,7.93,2023-2024,True,AL,4,True,False
2024-01-27,Ohio,0.31,0.43,1.68,3.89,5.9,2023-2024,True,OH,5,False,False
2024-01-27,West Virginia,1.27,1.56,1.78,4.14,7.05,2023-2024,True,WV,3,False,False
2024-01-27,Vermont,1.15,1.35,2.12,2.18,5.32,2023-2024,True,VT,1,False,False
2024-01-27,Texas,0.26,0.33,2.72,6.58,9.38,2023-2024,True,TX,6,False,False
2024-01-27,New York,0.27,0.36,1.93,2.63,4.75,2023-2024,True,NY,2,False,True
2024-01-27,New Mexico,1.18,1.32,1.89,4.52,7.44,2023-2024,True,NM,6,False,False
2024-01-27,New Jersey,0.21,0.28,2.21,2.8,5.14,2023-2024,True,NJ,2,False,False
2024-01-27,Montana,0.67,0.72,1.53,4.85,6.85,2023-2024,True,MT,8,False,False
2024-01-27,Minnesota,1.16,1.34,2.23,3.73,6.98,2023-2024,True,MN,5,False,True
2024-01-27,Michigan,0.47,0.67,1.92,2.6,4.92,2023-2024,True,MI,5,False,False
2024-01-27,Massachusetts,0.31,0.41,2.4,2.73,5.33,2023-2024,True,MA,1,False,False
2024-01-27,Maryland,0.22,0.34,1.91,2.16,4.21,2023-2024,True,MD,3,False,False
2024-01-27,Kansas,0.67,0.83,1.54,2.36,4.51,2023-2024,True,KS,7,False,False
2024-01-27,Idaho,1.01,0.95,1.53,1.97,4.45,2023-2024,True,ID,10,False,False
2024-01-27,Hawaii,0.26,0.35,2.61,1.89,4.73,2023-2024,True,HI,9,False,False
2024-01-27,Wyoming,0.73,0.72,1.73,4.47,6.7,2023-2024,True,WY,8,False,False
2024-01-27,Washington,0.58,0.75,2.54,1.9,4.94,2023-2024,True,WA,10,False,False
2024-01-27,Wisconsin,0.83,1.03,2.05,2.8,5.57,2023-2024,True,WI,5,False,False
2024-01-27,Utah,1.34,1.31,1.67,3.21,6.09,2023-2024,True,UT,8,False,False
2024-01-27,South Carolina,0.22,0.28,3.11,3.86,7.12,2023-2024,True,SC,4,True,False
2024-01-27,Oregon,0.54,0.69,1.58,1.34,3.38,2023-2024,True,OR,10,False,False
2024-01-27,Nevada,0.54,0.64,1.21,2.21,3.89,2023-2024,True,NV,9,False,False
2024-01-27,Kentucky,0.49,0.71,2.05,4.83,7.24,2023-2024,True,KY,4,False,False
2024-01-27,Delaware,0.32,0.41,1.98,2.61,4.86,2023-2024,True,DE,3,False,False
2024-01-27,Colorado,0.64,0.73,1.32,2.97,4.82,2023-2024,True,CO,8,False,False
2024-01-27,Arkansas,0.46,0.71,1.85,6.89,8.95,2023-2024,True,AR,6,True,False
2024-01-27,Arizona,0.67,0.69,2.0,3.21,5.71,2023-2024,True,AZ,9,False,False
2024-01-27,Alabama,0.25,0.28,2.65,4.08,6.89,2023-2024,True,AL,4,True,False
2024-01-27,Alaska,0.7,0.94,3.98,2.01,6.54,2023-2024,True,AK,10,False,False
2024-01-27,Connecticut,0.13,0.21,2.57,2.29,4.93,2023-2024,True,CT,1,False,False
2024-01-27,Florida,0.19,0.22,2.57,3.33,5.99,2023-2024,True,FL,4,False,False
2024-01-27,Iowa,1.19,1.53,1.73,3.25,6.03,2023-2024,True,IA,7,False,False
2024-01-27,Maine,0.51,0.66,2.14,2.27,4.85,2023-2024,True,ME,1,False,False
2024-01-27,Mississippi,0.13,0.19,2.44,3.52,6.0,2023-2024,True,MS,4,True,False
2024-01-27,New Hampshire,0.67,0.63,1.9,2.37,,2023-2024,True,NH,1,False,False
2024-01-27,North Carolina,0.41,0.54,3.07,4.81,7.98,2023-2024,True,NC,4,True,False
2024-01-27,Oklahoma,0.56,0.79,1.74,4.66,6.91,2023-2024,True,OK,6,False,False
2024-01-27,Pennsylvania,0.31,0.46,1.75,2.41,4.41,2023-2024,True,PA,3,False,False
2024-01-27,Rhode Island,0.24,0.28,2.23,2.43,4.84,2023-2024,True,RI,1,False,False
2024-01-27,South Dakota,0.97,0.94,1.88,2.65,,2023-2024,True,SD,8,False,False
2024-01-27,Tennessee,0.28,0.43,1.48,3.24,4.91,2023-2024,True,TN,4,True,False
2024-01-27,Virginia,0.2,0.26,2.43,3.24,5.77,2023-2024,True,VA,3,False,False
2024-01-27,California,0.46,0.52,1.63,1.54,3.47,2023-2024,True,CA,9,False,False
2024-01-27,District of Columbia,0.17,0.3,1.91,1.64,3.66,2023-2024,True,DC,3,False,False
2024-01-27,Georgia,0.13,0.15,2.11,3.7,5.83,2023-2024,True,GA,4,True,False
2024-01-27,Illinois,0.45,0.67,1.77,2.38,4.52,2023-2024,True,IL,5,False,False
2024-01-27,Indiana,0.37,0.52,1.54,4.41,6.26,2023-2024,True,IN,5,False,False
2024-01-27,Louisiana,0.13,0.19,2.59,3.37,5.99,2023-2024,True,LA,6,True,False
2024-01-27,Nebraska,0.52,0.55,1.15,1.63,3.22,2023-2024,True,NE,7,False,False
2024-01-27,North Dakota,0.93,0.85,1.38,2.69,4.83,2023-2024,True,ND,8,False,False
2024-02-03,Kentucky,0.36,0.51,2.06,4.62,6.93,2023-2024,True,KY,4,False,False
2024-02-03,Illinois,0.45,0.52,1.72,2.58,4.69,2023-2024,True,IL,5,False,False
2024-02-03,Alaska,1.01,0.91,3.94,1.66,6.35,2023-2024,True,AK,10,False,False
2024-02-03,Iowa,1.18,1.26,1.4,3.76,6.2,2023-2024,True,IA,7,False,False
2024-02-03,Kansas,0.6,0.66,1.57,3.08,5.17,2023-2024,True,KS,7,False,False
2024-02-03,Nevada,0.53,0.56,0.99,1.74,3.21,2023-2024,True,NV,9,False,False
2024-02-03,New Jersey,0.17,0.22,2.01,2.67,4.75,2023-2024,True,NJ,2,False,False
2024-02-03,Oklahoma,0.49,0.58,1.8,5.57,7.73,2023-2024,True,OK,6,False,False
2024-02-03,Pennsylvania,0.27,0.35,1.58,2.38,4.18,2023-2024,True,PA,3,False,False
2024-02-03,Tennessee,0.17,0.3,1.38,2.55,4.02,2023-2024,True,TN,4,True,False
2024-02-03,Wyoming,0.99,0.84,1.32,5.72,7.95,2023-2024,True,WY,8,False,False
2024-02-03,New York,0.25,0.3,1.59,2.45,4.23,2023-2024,True,NY,2,False,True
2024-02-03,Alabama,0.16,0.23,2.52,3.32,5.9,2023-2024,True,AL,4,True,False
2024-02-03,Minnesota,1.17,1.27,2.01,4.13,7.16,2023-2024,True,MN,5,False,True
2024-02-03,Michigan,0.42,0.5,1.87,3.08,5.31,2023-2024,True,MI,5,False,False
2024-02-03,Louisiana,0.11,0.15,2.83,3.09,5.91,2023-2024,True,LA,6,True,False
2024-02-03,Idaho,0.75,0.92,1.51,2.37,4.52,2023-2024,True,ID,10,False,False
2024-02-03,District of Columbia,0.21,0.2,1.7,1.48,3.35,2023-2024,True,DC,3,False,False
2024-02-03,Delaware,0.2,0.32,2.09,2.73,4.95,2023-2024,True,DE,3,False,False
2024-02-03,Hawaii,0.29,0.28,2.47,1.97,4.63,2023-2024,True,HI,9,False,False
2024-02-03,Arkansas,0.39,0.54,1.74,6.82,8.7,2023-2024,True,AR,6,True,False
2024-02-03,North Carolina,0.36,0.42,3.0,4.14,7.21,2023-2024,True,NC,4,True,False
2024-02-03,North Dakota,1.0,0.96,1.42,3.36,5.67,2023-2024,True,ND,8,False,False
2024-02-03,Ohio,0.26,0.34,1.58,4.47,6.33,2023-2024,True,OH,5,False,False
2024-02-03,Virginia,0.16,0.2,2.19,2.84,5.11,2023-2024,True,VA,3,False,False
2024-02-03,Utah,1.29,1.29,1.55,2.62,5.36,2023-2024,True,UT,8,False,False
2024-02-03,Washington,0.59,0.62,2.25,1.62,4.38,2023-2024,True,WA,10,False,False
2024-02-03,West Virginia,0.95,1.24,1.61,3.98,6.41,2023-2024,True,WV,3,False,False
2024-02-03,Wisconsin,0.83,0.88,1.74,3.03,5.51,2023-2024,True,WI,5,False,False
2024-02-03,Montana,0.75,0.72,1.28,4.39,6.23,2023-2024,True,MT,8,False,False
2024-02-03,Nebraska,0.55,0.53,1.24,2.39,4.11,2023-2024,True,NE,7,False,False
2024-02-03,New Mexico,1.1,1.19,1.83,4.72,7.49,2023-2024,True,NM,6,False,False
2024-02-03,Rhode Island,0.21,0.22,1.71,2.33,4.17,2023-2024,True,RI,1,False,False
2024-02-03,Vermont,1.52,1.3,2.45,2.0,5.9,2023-2024,True,VT,1,False,False
2024-02-03,South Dakota,1.28,1.04,1.75,2.73,,2023-2024,True,SD,8,False,False
2024-02-03,South Carolina,0.19,0.23,3.1,3.17,6.37,2023-2024,True,SC,4,True,False
2024-02-03,Oregon,0.52,0.55,1.64,1.14,3.26,2023-2024,True,OR,10,False,False
2024-02-03,Maine,0.48,0.52,1.77,2.6,4.81,2023-2024,True,ME,1,False,False
2024-02-03,New Hampshire,0.43,0.55,2.02,2.59,,2023-2024,True,NH,1,False,False
2024-02-03,Mississippi,0.08,0.14,2.46,2.63,5.11,2023-2024,True,MS,4,True,False
2024-02-03,Massachusetts,0.31,0.34,1.95,2.78,4.96,2023-2024,True,MA,1,False,False
2024-02-03,Maryland,0.16,0.23,1.63,2.04,3.78,2023-2024,True,MD,3,False,False
2024-02-03,Texas,0.24,0.28,2.72,6.69,9.47,2023-2024,True,TX,6,False,False
2024-02-03,Arizona,0.66,0.67,1.82,2.32,4.69,2023-2024,True,AZ,9,False,False
2024-02-03,California,0.37,0.44,1.51,1.31,3.08,2023-2024,True,CA,9,False,False
2024-02-03,Colorado,0.6,0.63,1.42,2.77,4.7,2023-2024,True,CO,8,False,False
2024-02-03,Connecticut,0.15,0.16,2.21,2.16,4.47,2023-2024,True,CT,1,False,False
2024-02-03,Florida,0.17,0.19,2.35,3.08,5.51,2023-2024,True,FL,4,False,False
2024-02-03,Georgia,0.12,0.13,2.11,3.22,5.35,2023-2024,True,GA,4,True,False
2024-02-03,Indiana,0.28,0.38,1.52,4.6,6.33,2023-2024,True,IN,5,False,False
2024-02-10,Nebraska,0.55,0.54,1.4,3.05,4.9,2023-2024,True,NE,7,False,False
2024-02-10,Alabama,0.16,0.19,2.73,3.29,6.08,2023-2024,True,AL,4,True,False
2024-02-10,Arizona,0.58,0.64,1.52,1.81,3.84,2023-2024,True,AZ,9,False,False
2024-02-10,Idaho,1.0,0.92,1.27,2.06,4.27,2023-2024,True,ID,10,False,False
2024-02-10,Minnesota,1.09,1.14,1.87,4.33,7.16,2023-2024,True,MN,5,False,True
2024-02-10,New Jersey,0.15,0.18,1.7,2.77,4.55,2023-2024,True,NJ,2,False,False
2024-02-10,North Dakota,0.86,0.93,1.51,2.55,4.76,2023-2024,True,ND,8,False,False
2024-02-10,Ohio,0.23,0.27,1.53,5.42,7.2,2023-2024,True,OH,5,False,False
2024-02-10,Colorado,0.53,0.59,1.15,2.53,4.16,2023-2024,True,CO,8,False,False
2024-02-10,Delaware,0.29,0.27,1.91,3.43,5.57,2023-2024,True,DE,3,False,False
2024-02-10,District of Columbia,0.1,0.16,1.45,1.59,3.09,2023-2024,True,DC,3,False,False
2024-02-10,Rhode Island,0.1,0.18,1.44,2.63,4.14,2023-2024,True,RI,1,False,False
2024-02-10,South Carolina,0.17,0.2,3.23,2.69,6.02,2023-2024,True,SC,4,True,False
2024-02-10,Washington,0.56,0.57,2.21,1.41,4.08,2023-2024,True,WA,10,False,False
2024-02-10,Oklahoma,0.5,0.52,1.85,5.07,7.31,2023-2024,True,OK,6,False,False
2024-02-10,North Carolina,0.26,0.35,3.11,3.86,6.9,2023-2024,True,NC,4,True,False
2024-02-10,New York,0.2,0.24,1.5,2.46,4.09,2023-2024,True,NY,2,False,True
2024-02-10,Michigan,0.34,0.41,2.0,3.87,6.12,2023-2024,True,MI,5,False,False
2024-02-10,Maine,0.46,0.48,1.67,3.19,5.26,2023-2024,True,ME,1,False,False
2024-02-10,Kansas,0.54,0.6,1.6,3.39,5.45,2023-2024,True,KS,7,False,False
2024-02-10,Iowa,1.17,1.18,1.46,4.17,6.68,2023-2024,True,IA,7,False,False
2024-02-10,Indiana,0.29,0.31,1.64,4.84,6.69,2023-2024,True,IN,5,False,False
2024-02-10,Illinois,0.43,0.45,1.91,2.78,5.05,2023-2024,True,IL,5,False,False
2024-02-10,Tennessee,0.2,0.22,1.95,2.89,4.96,2023-2024,True,TN,4,True,False
2024-02-10,Texas,0.2,0.23,2.56,5.3,7.91,2023-2024,True,TX,6,False,False
2024-02-10,Virginia,0.11,0.16,2.21,3.16,5.42,2023-2024,True,VA,3,False,False
2024-02-10,West Virginia,0.61,0.94,1.5,4.92,6.91,2023-2024,True,WV,3,False,False
2024-02-10,Wyoming,1.42,1.06,1.32,5.45,8.09,2023-2024,True,WY,8,False,False
2024-02-10,Florida,0.13,0.16,2.3,3.04,5.39,2023-2024,True,FL,4,False,False
2024-02-10,Georgia,0.1,0.12,2.01,2.85,4.87,2023-2024,True,GA,4,True,False
2024-02-10,Kentucky,0.26,0.37,2.28,5.32,7.74,2023-2024,True,KY,4,False,False
2024-02-10,Mississippi,0.08,0.1,2.77,2.45,5.23,2023-2024,True,MS,4,True,False
2024-02-10,Montana,0.99,0.8,1.26,3.75,5.9,2023-2024,True,MT,8,False,False
2024-02-10,Wisconsin,0.77,0.81,1.95,3.22,5.84,2023-2024,True,WI,5,False,False
2024-02-10,Pennsylvania,0.23,0.27,1.51,2.89,4.57,2023-2024,True,PA,3,False,False
2024-02-10,New Mexico,0.86,1.05,1.95,4.43,7.12,2023-2024,True,NM,6,False,False
2024-02-10,New Hampshire,0.3,0.46,1.27,1.98,,2023-2024,True,NH,1,False,False
2024-02-10,Nevada,0.45,0.51,0.81,1.63,2.86,2023-2024,True,NV,9,False,False
2024-02-10,Massachusetts,0.21,0.27,1.85,3.07,5.03,2023-2024,True,MA,1,False,False
2024-02-10,Maryland,0.17,0.18,1.96,2.4,4.46,2023-2024,True,MD,3,False,False
2024-02-10,Louisiana,0.11,0.12,2.95,2.69,5.66,2023-2024,True,LA,6,True,False
2024-02-10,Hawaii,0.21,0.25,2.03,2.06,4.26,2023-2024,True,HI,9,False,False
2024-02-10,Connecticut,0.11,0.13,1.97,2.34,4.37,2023-2024,True,CT,1,False,False
2024-02-10,California,0.32,0.38,1.23,1.06,2.49,2023-2024,True,CA,9,False,False
2024-02-10,Arkansas,0.3,0.39,1.87,7.12,9.04,2023-2024,True,AR,6,True,False
2024-02-10,Alaska,0.55,0.75,3.37,1.47,5.29,2023-2024,True,AK,10,False,False
2024-02-10,Oregon,0.53,0.53,1.61,1.18,3.28,2023-2024,True,OR,10,False,False
2024-02-10,South Dakota,0.9,1.05,1.76,3.3,,2023-2024,True,SD,8,False,False
2024-02-10,Utah,1.2,1.27,1.24,2.16,4.51,2023-2024,True,UT,8,False,False
2024-02-10,Vermont,1.18,1.29,1.71,2.19,5.04,2023-2024,True,VT,1,False,False
2024-02-17,North Carolina,0.24,0.29,2.84,3.61,6.41,2023-2024,True,NC,4,True,False
2024-02-17,Alabama,0.15,0.15,2.71,2.82,5.61,2023-2024,True,AL,4,True,False
2024-02-17,Arizona,0.45,0.56,1.29,1.61,3.28,2023-2024,True,AZ,9,False,False
2024-02-17,Arkansas,0.2,0.3,2.04,6.87,8.98,2023-2024,True,AR,6,True,False
2024-02-17,Colorado,0.51,0.55,1.02,2.22,3.7,2023-2024,True,CO,8,False,False
2024-02-17,District of Columbia,0.14,0.15,1.73,2.11,3.86,2023-2024,True,DC,3,False,False
2024-02-17,Georgia,0.11,0.11,1.97,2.39,4.4,2023-2024,True,GA,4,True,False
2024-02-17,Idaho,0.88,0.88,1.07,2.32,4.21,2023-2024,True,ID,10,False,False
2024-02-17,Illinois,0.34,0.41,1.82,2.91,4.98,2023-2024,True,IL,5,False,False
2024-02-17,Iowa,1.06,1.14,1.48,4.86,7.28,2023-2024,True,IA,7,False,False
2024-02-17,Louisiana,0.1,0.11,2.83,2.26,5.08,2023-2024,True,LA,6,True,False
2024-02-17,Ohio,0.2,0.23,1.5,5.9,7.59,2023-2024,True,OH,5,False,False
2024-02-17,Oklahoma,0.33,0.44,1.51,4.49,6.24,2023-2024,True,OK,6,False,False
2024-02-17,Pennsylvania,0.19,0.23,1.41,2.99,4.55,2023-2024,True,PA,3,False,False
2024-02-17,West Virginia,0.76,0.77,1.47,6.09,8.21,2023-2024,True,WV,3,False,False
2024-02-17,Wisconsin,0.65,0.75,1.77,3.35,5.7,2023-2024,True,WI,5,False,False
2024-02-17,South Carolina,0.14,0.17,2.95,2.53,5.58,2023-2024,True,SC,4,True,False
2024-02-17,New Mexico,0.65,0.87,2.03,4.23,6.78,2023-2024,True,NM,6,False,False
2024-02-17,New Hampshire,0.23,0.32,1.31,2.25,,2023-2024,True,NH,1,False,False
2024-02-17,Nevada,0.43,0.47,0.73,1.67,2.79,2023-2024,True,NV,9,False,False
2024-02-17,Michigan,0.34,0.37,1.94,4.44,6.63,2023-2024,True,MI,5,False,False
2024-02-17,Kansas,0.49,0.55,1.55,3.41,5.34,2023-2024,True,KS,7,False,False
2024-02-17,Connecticut,0.14,0.13,1.76,2.32,4.18,2023-2024,True,CT,1,False,False
2024-02-17,California,0.24,0.31,1.14,0.99,2.31,2023-2024,True,CA,9,False,False
2024-02-17,Virginia,0.11,0.13,2.17,3.51,5.71,2023-2024,True,VA,3,False,False
2024-02-17,Vermont,1.11,1.27,1.74,3.04,5.85,2023-2024,True,VT,1,False,False
2024-02-17,Utah,1.0,1.16,1.22,2.21,4.32,2023-2024,True,UT,8,False,False
2024-02-17,Texas,0.18,0.21,2.06,3.84,6.0,2023-2024,True,TX,6,False,False
2024-02-17,Tennessee,0.17,0.18,2.3,2.96,5.35,2023-2024,True,TN,4,True,False
2024-02-17,South Dakota,1.28,1.15,1.57,4.09,,2023-2024,True,SD,8,False,False
2024-02-17,Montana,1.19,0.97,1.3,3.16,5.55,2023-2024,True,MT,8,False,False
2024-02-17,Minnesota,0.91,1.06,1.4,4.4,6.64,2023-2024,True,MN,5,False,True
2024-02-17,Maryland,0.17,0.17,1.95,2.75,4.77,2023-2024,True,MD,3,False,False
2024-02-17,Hawaii,0.17,0.23,1.6,1.87,3.64,2023-2024,True,HI,9,False,False
2024-02-17,Florida,0.11,0.14,1.98,2.54,4.56,2023-2024,True,FL,4,False,False
2024-02-17,Delaware,0.16,0.22,2.14,4.07,6.31,2023-2024,True,DE,3,False,False
2024-02-17,Alaska,0.46,0.67,2.7,1.6,4.65,2023-2024,True,AK,10,False,False
2024-02-17,Wyoming,1.13,1.18,1.58,5.57,8.13,2023-2024,True,WY,8,False,False
2024-02-17,Washington,0.47,0.54,1.91,1.26,3.58,2023-2024,True,WA,10,False,False
2024-02-17,Rhode Island,0.12,0.14,1.0,2.45,3.49,2023-2024,True,RI,1,False,False
2024-02-17,Oregon,0.38,0.48,1.63,1.3,3.27,2023-2024,True,OR,10,False,False
2024-02-17,North Dakota,0.86,0.91,1.05,1.89,3.72,2023-2024,True,ND,8,False,False
2024-02-17,New York,0.16,0.2,1.26,2.65,4.01,2023-2024,True,NY,2,False,True
2024-02-17,New Jersey,0.12,0.14,1.48,2.96,4.48,2023-2024,True,NJ,2,False,False
2024-02-17,Nebraska,0.49,0.53,1.07,2.86,4.32,2023-2024,True,NE,7,False,False
2024-02-17,Mississippi,0.09,0.08,2.7,2.12,4.81,2023-2024,True,MS,4,True,False
2024-02-17,Massachusetts,0.2,0.24,1.51,3.04,4.68,2023-2024,True,MA,1,False,False
2024-02-17,Maine,0.46,0.47,1.58,3.28,5.21,2023-2024,True,ME,1,False,False
2024-02-17,Kentucky,0.2,0.27,2.24,5.27,7.62,2023-2024,True,KY,4,False,False
2024-02-17,Indiana,0.24,0.27,1.48,4.83,6.46,2023-2024,True,IN,5,False,False
2024-02-24,New Hampshire,0.14,0.22,0.95,1.85,,2023-2024,True,NH,1,False,False
2024-02-24,Nevada,0.36,0.41,0.77,1.62,2.72,2023-2024,True,NV,9,False,False
2024-02-24,Nebraska,0.37,0.47,1.16,3.89,5.31,2023-2024,True,NE,7,False,False
2024-02-24,Kentucky,0.24,0.24,2.13,5.15,7.42,2023-2024,True,KY,4,False,False
2024-02-24,Iowa,1.1,1.11,1.41,5.05,7.38,2023-2024,True,IA,7,False,False
2024-02-24,Hawaii,0.14,0.18,1.95,2.05,4.12,2023-2024,True,HI,9,False,False
2024-02-24,Georgia,0.09,0.1,1.72,1.78,3.53,2023-2024,True,GA,4,True,False
2024-02-24,District of Columbia,0.12,0.12,1.5,2.49,4.03,2023-2024,True,DC,3,False,False
2024-02-24,Delaware,0.13,0.19,1.68,4.54,6.26,2023-2024,True,DE,3,False,False
2024-02-24,Arkansas,0.29,0.26,1.99,6.28,8.41,2023-2024,True,AR,6,True,False
2024-02-24,Alaska,0.53,0.51,1.99,1.74,4.16,2023-2024,True,AK,10,False,False
2024-02-24,New Mexico,0.6,0.7,1.96,3.64,6.1,2023-2024,True,NM,6,False,False
2024-02-24,New Jersey,0.09,0.12,1.23,3.18,4.46,2023-2024,True,NJ,2,False,False
2024-02-24,Montana,1.16,1.11,1.32,2.74,5.11,2023-2024,True,MT,8,False,False
2024-02-24,Minnesota,0.8,0.93,1.2,4.59,6.5,2023-2024,True,MN,5,False,True
2024-02-24,Kansas,0.37,0.47,1.53,4.0,5.82,2023-2024,True,KS,7,False,False
2024-02-24,Idaho,0.76,0.88,1.22,2.71,4.6,2023-2024,True,ID,10,False,False
2024-02-24,Florida,0.11,0.12,1.65,2.25,3.96,2023-2024,True,FL,4,False,False
2024-02-24,Wyoming,0.88,1.15,1.14,3.17,5.04,2023-2024,True,WY,8,False,False
2024-02-24,West Virginia,0.47,0.61,1.61,5.83,7.79,2023-2024,True,WV,3,False,False
2024-02-24,Oregon,0.3,0.4,1.63,1.32,3.2,2023-2024,True,OR,10,False,False
2024-02-24,Alabama,0.12,0.14,2.71,2.33,5.1,2023-2024,True,AL,4,True,False
2024-02-24,Colorado,0.37,0.47,0.99,2.12,3.42,2023-2024,True,CO,8,False,False
2024-02-24,Virginia,0.1,0.11,1.88,3.43,5.34,2023-2024,True,VA,3,False,False
2024-02-24,Tennessee,0.16,0.18,2.34,2.99,5.42,2023-2024,True,TN,4,True,False
2024-02-24,North Dakota,0.74,0.82,1.38,2.01,4.02,2023-2024,True,ND,8,False,False
2024-02-24,North Carolina,0.19,0.23,2.62,3.37,5.91,2023-2024,True,NC,4,True,False
2024-02-24,Michigan,0.3,0.33,1.81,5.21,7.21,2023-2024,True,MI,5,False,False
2024-02-24,Massachusetts,0.17,0.19,1.27,3.22,4.59,2023-2024,True,MA,1,False,False
2024-02-24,Louisiana,0.07,0.09,2.52,2.1,4.62,2023-2024,True,LA,6,True,False
2024-02-24,Illinois,0.33,0.37,1.72,3.49,5.47,2023-2024,True,IL,5,False,False
2024-02-24,Connecticut,0.05,0.1,1.47,2.45,3.94,2023-2024,True,CT,1,False,False
2024-02-24,California,0.21,0.26,0.91,0.9,1.97,2023-2024,True,CA,9,False,False
2024-02-24,Arizona,0.41,0.48,1.22,1.66,3.25,2023-2024,True,AZ,9,False,False
2024-02-24,Wisconsin,0.59,0.67,1.45,3.55,5.53,2023-2024,True,WI,5,False,False
2024-02-24,Washington,0.48,0.5,1.86,1.33,3.62,2023-2024,True,WA,10,False,False
2024-02-24,Texas,0.16,0.18,1.68,3.23,4.99,2023-2024,True,TX,6,False,False
2024-02-24,Indiana,0.21,0.25,1.52,4.81,6.46,2023-2024,True,IN,5,False,False
2024-02-24,Maine,0.34,0.42,1.47,3.21,4.97,2023-2024,True,ME,1,False,False
2024-02-24,Maryland,0.12,0.15,1.49,3.07,4.63,2023-2024,True,MD,3,False,False
2024-02-24,Mississippi,0.07,0.08,2.7,1.98,4.68,2023-2024,True,MS,4,True,False
2024-02-24,New York,0.15,0.17,1.07,2.77,3.93,2023-2024,True,NY,2,False,True
2024-02-24,Ohio,0.17,0.2,1.33,6.2,7.75,2023-2024,True,OH,5,False,False
2024-02-24,Oklahoma,0.35,0.4,1.39,4.01,5.69,2023-2024,True,OK,6,False,False
2024-02-24,Rhode Island,0.08,0.1,0.98,2.63,3.63,2023-2024,True,RI,1,False,False
2024-02-24,South Dakota,1.45,1.21,1.13,4.6,,2023-2024,True,SD,8,False,False
2024-02-24,Utah,0.89,1.03,1.3,1.8,3.87,2023-2024,True,UT,8,False,False
2024-02-24,Vermont,0.83,1.04,1.38,2.84,5.01,2023-2024,True,VT,1,False,False
2024-02-24,South Carolina,0.11,0.14,2.63,1.95,4.67,2023-2024,True,SC,4,True,False
2024-02-24,Pennsylvania,0.15,0.19,1.19,3.36,4.63,2023-2024,True,PA,3,False,False
2024-03-02,California,0.17,0.21,0.73,0.76,1.64,2023-2024,True,CA,9,False,False
2024-03-02,Delaware,0.12,0.14,1.34,4.82,6.22,2023-2024,True,DE,3,False,False
2024-03-02,Illinois,0.29,0.32,1.56,3.47,5.25,2023-2024,True,IL,5,False,False
2024-03-02,Indiana,0.18,0.21,1.27,4.43,5.81,2023-2024,True,IN,5,False,False
2024-03-02,Louisiana,0.08,0.08,1.94,1.56,3.52,2023-2024,True,LA,6,True,False
2024-03-02,Massachusetts,0.14,0.17,1.06,2.85,4.0,2023-2024,True,MA,1,False,False
2024-03-02,Nebraska,0.34,0.4,0.83,4.17,5.24,2023-2024,True,NE,7,False,False
2024-03-02,Ohio,0.14,0.17,1.11,6.0,7.26,2023-2024,True,OH,5,False,False
2024-03-02,Oregon,0.32,0.33,1.35,1.11,2.75,2023-2024,True,OR,10,False,False
2024-03-02,Pennsylvania,0.15,0.16,1.02,3.41,4.53,2023-2024,True,PA,3,False,False
2024-03-02,Wisconsin,0.52,0.59,1.23,3.69,5.35,2023-2024,True,WI,5,False,False
2024-03-02,West Virginia,0.46,0.56,1.57,5.89,7.83,2023-2024,True,WV,3,False,False
2024-03-02,South Dakota,1.24,1.32,0.84,4.2,,2023-2024,True,SD,8,False,False
2024-03-02,North Dakota,0.74,0.78,0.82,1.92,3.39,2023-2024,True,ND,8,False,False
2024-03-02,New Mexico,0.66,0.64,1.46,3.72,5.75,2023-2024,True,NM,6,False,False
2024-03-02,Nevada,0.31,0.37,0.68,1.31,2.27,2023-2024,True,NV,9,False,False
2024-03-02,Michigan,0.25,0.3,1.52,5.13,6.82,2023-2024,True,MI,5,False,False
2024-03-02,Kansas,0.32,0.39,1.23,3.89,5.37,2023-2024,True,KS,7,False,False
2024-03-02,Kentucky,0.22,0.22,1.93,4.78,6.81,2023-2024,True,KY,4,False,False
2024-03-02,Iowa,0.83,1.0,1.11,5.13,6.95,2023-2024,True,IA,7,False,False
2024-03-02,Florida,0.09,0.1,1.35,2.26,3.65,2023-2024,True,FL,4,False,False
2024-03-02,District of Columbia,0.16,0.14,1.1,2.39,3.59,2023-2024,True,DC,3,False,False
2024-03-02,Arkansas,0.17,0.22,1.53,5.54,7.13,2023-2024,True,AR,6,True,False
2024-03-02,Alabama,0.12,0.13,2.24,2.09,4.41,2023-2024,True,AL,4,True,False
2024-03-02,Idaho,0.64,0.76,1.05,1.86,3.48,2023-2024,True,ID,10,False,False
2024-03-02,Hawaii,0.11,0.14,1.56,1.81,3.45,2023-2024,True,HI,9,False,False
2024-03-02,Alaska,0.45,0.48,1.3,1.86,3.51,2023-2024,True,AK,10,False,False
2024-03-02,Maine,0.32,0.37,1.32,2.31,3.88,2023-2024,True,ME,1,False,False
2024-03-02,Montana,0.83,1.06,1.16,1.76,3.69,2023-2024,True,MT,8,False,False
2024-03-02,New Jersey,0.09,0.1,1.08,3.08,4.21,2023-2024,True,NJ,2,False,False
2024-03-02,New York,0.12,0.14,0.81,2.49,3.39,2023-2024,True,NY,2,False,True
2024-03-02,North Carolina,0.19,0.21,2.19,3.08,5.24,2023-2024,True,NC,4,True,False
2024-03-02,Oklahoma,0.27,0.32,1.14,3.61,4.95,2023-2024,True,OK,6,False,False
2024-03-02,Rhode Island,0.1,0.1,0.69,2.78,3.52,2023-2024,True,RI,1,False,False
2024-03-02,Utah,0.68,0.86,0.94,1.18,2.75,2023-2024,True,UT,8,False,False
2024-03-02,Vermont,0.67,0.87,0.94,3.99,5.6,2023-2024,True,VT,1,False,False
2024-03-02,Wyoming,0.77,0.93,0.96,2.45,4.02,2023-2024,True,WY,8,False,False
2024-03-02,Washington,0.37,0.44,1.6,1.08,3.01,2023-2024,True,WA,10,False,False
2024-03-02,Virginia,0.07,0.09,1.6,3.7,5.32,2023-2024,True,VA,3,False,False
2024-03-02,Texas,0.14,0.16,1.28,2.39,3.76,2023-2024,True,TX,6,False,False
2024-03-02,Tennessee,0.12,0.15,2.14,2.74,4.91,2023-2024,True,TN,4,True,False
2024-03-02,South Carolina,0.09,0.12,2.09,1.89,4.02,2023-2024,True,SC,4,True,False
2024-03-02,New Hampshire,0.34,0.24,0.83,2.08,,2023-2024,True,NH,1,False,False
2024-03-02,Mississippi,0.11,0.09,2.14,1.63,3.82,2023-2024,True,MS,4,True,False
2024-03-02,Minnesota,0.6,0.77,1.12,4.39,6.06,2023-2024,True,MN,5,False,True
2024-03-02,Maryland,0.11,0.14,1.28,3.5,4.83,2023-2024,True,MD,3,False,False
2024-03-02,Georgia,0.08,0.09,1.31,1.5,2.86,2023-2024,True,GA,4,True,False
2024-03-02,Connecticut,0.06,0.08,1.16,2.89,4.06,2023-2024,True,CT,1,False,False
2024-03-02,Arizona,0.33,0.39,0.96,1.29,2.54,2023-2024,True,AZ,9,False,False
2024-03-02,Colorado,0.39,0.42,0.86,1.73,2.95,2023-2024,True,CO,8,False,False
2024-03-09,Maryland,0.1,0.11,1.08,2.92,4.05,2023-2024,True,MD,3,False,False
2024-03-09,Alabama,0.1,0.11,1.59,1.58,3.25,2023-2024,True,AL,4,True,False
2024-03-09,Alaska,0.21,0.4,1.26,2.26,3.7,2023-2024,True,AK,10,False,False
2024-03-09,Arizona,0.21,0.32,0.77,1.15,2.1,2023-2024,True,AZ,9,False,False
2024-03-09,Colorado,0.36,0.37,0.7,1.59,2.6,2023-2024,True,CO,8,False,False
2024-03-09,Georgia,0.08,0.08,1.02,1.16,2.23,2023-2024,True,GA,4,True,False
2024-03-09,Idaho,0.5,0.64,0.68,1.73,2.88,2023-2024,True,ID,10,False,False
2024-03-09,Illinois,0.23,0.28,1.17,3.45,4.81,2023-2024,True,IL,5,False,False
2024-03-09,Montana,0.77,0.92,1.3,1.87,3.89,2023-2024,True,MT,8,False,False
2024-03-09,New Hampshire,0.22,0.23,0.84,2.12,,2023-2024,True,NH,1,False,False
2024-03-09,New Mexico,0.45,0.57,1.32,3.5,5.22,2023-2024,True,NM,6,False,False
2024-03-09,New York,0.09,0.12,0.63,2.15,2.85,2023-2024,True,NY,2,False,True
2024-03-09,Utah,0.48,0.69,0.91,1.02,2.36,2023-2024,True,UT,8,False,False
2024-03-09,Wyoming,0.79,0.81,0.67,2.01,3.43,2023-2024,True,WY,8,False,False
2024-03-09,Wisconsin,0.43,0.51,1.03,3.27,4.67,2023-2024,True,WI,5,False,False
2024-03-09,Texas,0.11,0.13,0.98,1.97,3.03,2023-2024,True,TX,6,False,False
2024-03-09,Tennessee,0.15,0.14,1.58,2.16,3.83,2023-2024,True,TN,4,True,False
2024-03-09,Rhode Island,0.02,0.07,0.6,2.69,3.29,2023-2024,True,RI,1,False,False
2024-03-09,Oregon,0.29,0.3,1.12,1.07,2.45,2023-2024,True,OR,10,False,False
2024-03-09,New Jersey,0.09,0.09,0.77,2.75,3.58,2023-2024,True,NJ,2,False,False
2024-03-09,Nevada,0.24,0.31,0.47,1.05,1.73,2023-2024,True,NV,9,False,False
2024-03-09,Mississippi,0.08,0.08,1.5,1.33,2.85,2023-2024,True,MS,4,True,False
2024-03-09,Minnesota,0.45,0.61,0.96,4.6,5.95,2023-2024,True,MN,5,False,True
2024-03-09,Michigan,0.21,0.26,1.24,4.71,6.09,2023-2024,True,MI,5,False,False
2024-03-09,Kentucky,0.16,0.21,1.59,3.71,5.37,2023-2024,True,KY,4,False,False
2024-03-09,Kansas,0.28,0.32,1.01,4.11,5.34,2023-2024,True,KS,7,False,False
2024-03-09,Hawaii,0.15,0.14,1.14,1.27,2.55,2023-2024,True,HI,9,False,False
2024-03-09,District of Columbia,0.11,0.13,0.86,2.21,3.15,2023-2024,True,DC,3,False,False
2024-03-09,Arkansas,0.15,0.2,1.31,4.65,6.02,2023-2024,True,AR,6,True,False
2024-03-09,Florida,0.08,0.09,1.05,2.06,3.15,2023-2024,True,FL,4,False,False
2024-03-09,Louisiana,0.06,0.07,1.58,1.36,2.97,2023-2024,True,LA,6,True,False
2024-03-09,North Carolina,0.17,0.18,1.58,2.46,4.1,2023-2024,True,NC,4,True,False
2024-03-09,North Dakota,0.56,0.68,0.88,2.03,3.41,2023-2024,True,ND,8,False,False
2024-03-09,Ohio,0.12,0.14,0.89,4.86,5.85,2023-2024,True,OH,5,False,False
2024-03-09,Pennsylvania,0.12,0.14,0.79,3.05,3.92,2023-2024,True,PA,3,False,False
2024-03-09,South Dakota,1.01,1.24,0.74,5.04,,2023-2024,True,SD,8,False,False
2024-03-09,Washington,0.26,0.37,1.31,1.09,2.64,2023-2024,True,WA,10,False,False
2024-03-09,West Virginia,0.43,0.45,1.29,4.26,5.85,2023-2024,True,WV,3,False,False
2024-03-09,Virginia,0.08,0.08,1.22,3.15,4.4,2023-2024,True,VA,3,False,False
2024-03-09,Vermont,0.56,0.69,1.03,2.82,4.41,2023-2024,True,VT,1,False,False
2024-03-09,South Carolina,0.08,0.1,1.6,1.3,2.96,2023-2024,True,SC,4,True,False
2024-03-09,Oklahoma,0.23,0.28,0.97,3.03,4.23,2023-2024,True,OK,6,False,False
2024-03-09,Nebraska,0.32,0.34,0.83,3.78,4.9,2023-2024,True,NE,7,False,False
2024-03-09,Massachusetts,0.09,0.14,0.84,2.51,3.41,2023-2024,True,MA,1,False,False
2024-03-09,Maine,0.23,0.29,1.07,2.02,3.29,2023-2024,True,ME,1,False,False
2024-03-09,Iowa,0.67,0.87,0.93,4.65,6.16,2023-2024,True,IA,7,False,False
2024-03-09,Indiana,0.16,0.18,1.04,4.24,5.38,2023-2024,True,IN,5,False,False
2024-03-09,Delaware,0.21,0.16,1.07,4.57,5.76,2023-2024,True,DE,3,False,False
2024-03-09,Connecticut,0.05,0.05,0.94,2.32,3.28,2023-2024,True,CT,1,False,False
2024-03-09,California,0.14,0.17,0.55,0.65,1.35,2023-2024,True,CA,9,False,False
2024-03-16,Virginia,0.07,0.08,0.94,2.12,3.09,2023-2024,True,VA,3,False,False
2024-03-16,Rhode Island,0.04,0.05,0.46,1.9,2.33,2023-2024,True,RI,1,False,False
2024-03-16,South Dakota,0.94,1.07,0.6,4.35,,2023-2024,True,SD,8,False,False
2024-03-16,Utah,0.49,0.55,0.7,0.99,2.17,2023-2024,True,UT,8,False,False
2024-03-16,Wyoming,0.81,0.79,0.69,1.46,2.97,2023-2024,True,WY,8,False,False
2024-03-16,Wisconsin,0.33,0.42,0.77,3.05,4.09,2023-2024,True,WI,5,False,False
2024-03-16,Washington,0.2,0.28,1.12,1.21,2.51,2023-2024,True,WA,10,False,False
2024-03-16,Vermont,0.27,0.5,0.54,1.58,2.35,2023-2024,True,VT,1,False,False
2024-03-16,Texas,0.1,0.12,0.76,1.44,2.27,2023-2024,True,TX,6,False,False
2024-03-16,Oregon,0.25,0.29,1.03,1.41,2.67,2023-2024,True,OR,10,False,False
2024-03-16,Oklahoma,0.13,0.21,0.83,2.4,3.33,2023-2024,True,OK,6,False,False
2024-03-16,North Dakota,0.61,0.64,0.94,1.99,3.55,2023-2024,True,ND,8,False,False
2024-03-16,Louisiana,0.06,0.07,1.18,1.06,2.27,2023-2024,True,LA,6,True,False
2024-03-16,Indiana,0.13,0.16,0.8,3.03,3.93,2023-2024,True,IN,5,False,False
2024-03-16,Florida,0.08,0.08,0.81,1.79,2.65,2023-2024,True,FL,4,False,False
2024-03-16,Delaware,0.07,0.14,0.78,3.28,4.1,2023-2024,True,DE,3,False,False
2024-03-16,Colorado,0.28,0.34,0.65,1.47,2.37,2023-2024,True,CO,8,False,False
2024-03-16,California,0.1,0.14,0.5,0.65,1.23,2023-2024,True,CA,9,False,False
2024-03-16,Arkansas,0.13,0.15,1.09,3.4,4.52,2023-2024,True,AR,6,True,False
2024-03-16,Connecticut,0.03,0.04,0.7,1.69,2.41,2023-2024,True,CT,1,False,False
2024-03-16,Georgia,0.09,0.08,0.76,0.8,1.63,2023-2024,True,GA,4,True,False
2024-03-16,Hawaii,0.06,0.11,0.69,1.62,2.35,2023-2024,True,HI,9,False,False
2024-03-16,Idaho,0.36,0.5,0.74,1.76,2.85,2023-2024,True,ID,10,False,False
2024-03-16,Iowa,0.72,0.74,0.64,3.96,5.24,2023-2024,True,IA,7,False,False
2024-03-16,Illinois,0.22,0.25,0.94,2.81,3.94,2023-2024,True,IL,5,False,False
2024-03-16,Maine,0.28,0.27,0.87,1.58,2.74,2023-2024,True,ME,1,False,False
2024-03-16,Massachusetts,0.1,0.11,0.64,1.94,2.65,2023-2024,True,MA,1,False,False
2024-03-16,Minnesota,0.36,0.47,0.67,3.87,4.87,2023-2024,True,MN,5,False,True
2024-03-16,Mississippi,0.04,0.07,1.05,0.94,2.03,2023-2024,True,MS,4,True,False
2024-03-16,Montana,1.07,0.89,0.79,1.49,3.29,2023-2024,True,MT,8,False,False
2024-03-16,Nebraska,0.37,0.34,0.63,3.45,4.39,2023-2024,True,NE,7,False,False
2024-03-16,New Hampshire,0.18,0.25,0.58,1.58,,2023-2024,True,NH,1,False,False
2024-03-16,North Carolina,0.14,0.17,1.17,1.85,3.07,2023-2024,True,NC,4,True,False
2024-03-16,Kentucky,0.12,0.16,1.12,2.34,3.53,2023-2024,True,KY,4,False,False
2024-03-16,Maryland,0.1,0.1,0.76,2.04,2.86,2023-2024,True,MD,3,False,False
2024-03-16,Michigan,0.15,0.21,0.88,3.68,4.66,2023-2024,True,MI,5,False,False
2024-03-16,Nevada,0.16,0.24,0.42,0.9,1.48,2023-2024,True,NV,9,False,False
2024-03-16,New Jersey,0.06,0.08,0.67,1.97,2.68,2023-2024,True,NJ,2,False,False
2024-03-16,District of Columbia,0.17,0.15,0.69,1.76,2.59,2023-2024,True,DC,3,False,False
2024-03-16,New York,0.07,0.09,0.52,1.66,2.23,2023-2024,True,NY,2,False,True
2024-03-16,Ohio,0.12,0.13,0.68,2.95,3.74,2023-2024,True,OH,5,False,False
2024-03-16,Alaska,0.12,0.26,0.8,2.81,3.67,2023-2024,True,AK,10,False,False
2024-03-16,Alabama,0.07,0.1,1.24,1.28,2.57,2023-2024,True,AL,4,True,False
2024-03-16,West Virginia,0.31,0.4,0.84,3.13,4.23,2023-2024,True,WV,3,False,False
2024-03-16,Arizona,0.18,0.24,0.76,0.98,1.88,2023-2024,True,AZ,9,False,False
2024-03-16,Kansas,0.24,0.28,0.82,3.25,4.27,2023-2024,True,KS,7,False,False
2024-03-16,New Mexico,0.35,0.49,1.18,3.48,4.95,2023-2024,True,NM,6,False,False
2024-03-16,Pennsylvania,0.09,0.12,0.59,2.2,2.86,2023-2024,True,PA,3,False,False
2024-03-16,South Carolina,0.08,0.08,1.17,1.01,2.24,2023-2024,True,SC,4,True,False
2024-03-16,Tennessee,0.12,0.13,1.23,1.49,2.78,2023-2024,True,TN,4,True,False
2024-03-23,Indiana,0.11,0.13,0.63,2.21,2.95,2023-2024,True,IN,5,False,False
2024-03-23,Hawaii,0.09,0.1,0.77,1.67,2.5,2023-2024,True,HI,9,False,False
2024-03-23,District of Columbia,0.04,0.11,0.61,1.49,2.14,2023-2024,True,DC,3,False,False
2024-03-23,Alabama,0.08,0.08,0.91,1.15,2.11,2023-2024,True,AL,4,True,False
2024-03-23,Arkansas,0.12,0.14,0.9,2.06,3.06,2023-2024,True,AR,6,True,False
2024-03-23,California,0.09,0.11,0.43,0.63,1.15,2023-2024,True,CA,9,False,False
2024-03-23,Connecticut,0.01,0.03,0.6,1.51,2.11,2023-2024,True,CT,1,False,False
2024-03-23,Delaware,0.1,0.13,0.72,2.56,3.37,2023-2024,True,DE,3,False,False
2024-03-23,Florida,0.09,0.08,0.71,1.5,2.28,2023-2024,True,FL,4,False,False
2024-03-23,Massachusetts,0.08,0.09,0.56,1.69,2.29,2023-2024,True,MA,1,False,False
2024-03-23,Montana,0.77,0.87,0.77,1.47,2.98,2023-2024,True,MT,8,False,False
2024-03-23,New York,0.06,0.07,0.5,1.48,2.03,2023-2024,True,NY,2,False,True
2024-03-23,Wyoming,0.52,0.71,0.88,1.4,2.76,2023-2024,True,WY,8,False,False
2024-03-23,Georgia,0.06,0.08,0.55,0.62,1.23,2023-2024,True,GA,4,True,False
2024-03-23,Kansas,0.19,0.23,0.55,2.09,2.77,2023-2024,True,KS,7,False,False
2024-03-23,Louisiana,0.05,0.06,0.89,0.91,1.82,2023-2024,True,LA,6,True,False
2024-03-23,Michigan,0.15,0.17,0.73,3.07,3.92,2023-2024,True,MI,5,False,False
2024-03-23,Nevada,0.15,0.18,0.38,0.92,1.42,2023-2024,True,NV,9,False,False
2024-03-23,Alaska,0.18,0.17,0.53,2.68,3.34,2023-2024,True,AK,10,False,False
2024-03-23,Arizona,0.15,0.18,0.62,0.78,1.53,2023-2024,True,AZ,9,False,False
2024-03-23,Texas,0.08,0.1,0.65,0.98,1.68,2023-2024,True,TX,6,False,False
2024-03-23,Pennsylvania,0.06,0.09,0.53,1.76,2.34,2023-2024,True,PA,3,False,False
2024-03-23,North Dakota,0.4,0.53,0.44,1.9,2.72,2023-2024,True,ND,8,False,False
2024-03-23,New Hampshire,0.12,0.18,0.5,1.25,,2023-2024,True,NH,1,False,False
2024-03-23,Mississippi,0.05,0.05,0.77,0.72,1.52,2023-2024,True,MS,4,True,False
2024-03-23,Kentucky,0.11,0.13,1.0,2.0,3.08,2023-2024,True,KY,4,False,False
2024-03-23,Iowa,0.49,0.63,0.6,3.16,4.2,2023-2024,True,IA,7,False,False
2024-03-23,Illinois,0.15,0.2,0.67,2.49,3.3,2023-2024,True,IL,5,False,False
2024-03-23,New Jersey,0.06,0.07,0.5,1.79,2.33,2023-2024,True,NJ,2,False,False
2024-03-23,Ohio,0.08,0.11,0.55,2.13,2.79,2023-2024,True,OH,5,False,False
2024-03-23,Oklahoma,0.18,0.18,0.68,1.51,2.35,2023-2024,True,OK,6,False,False
2024-03-23,South Dakota,0.87,0.94,0.46,3.5,,2023-2024,True,SD,8,False,False
2024-03-23,Vermont,0.28,0.37,0.51,1.45,2.26,2023-2024,True,VT,1,False,False
2024-03-23,Colorado,0.24,0.29,0.52,1.05,1.8,2023-2024,True,CO,8,False,False
2024-03-23,North Carolina,0.11,0.14,0.93,1.5,2.48,2023-2024,True,NC,4,True,False
2024-03-23,Oregon,0.25,0.26,0.8,1.42,2.45,2023-2024,True,OR,10,False,False
2024-03-23,South Carolina,0.04,0.07,0.81,0.78,1.63,2023-2024,True,SC,4,True,False
2024-03-23,Tennessee,0.1,0.12,0.87,1.15,2.09,2023-2024,True,TN,4,True,False
2024-03-23,Washington,0.17,0.21,0.91,1.04,2.09,2023-2024,True,WA,10,False,False
2024-03-23,Utah,0.33,0.43,0.77,0.95,2.03,2023-2024,True,UT,8,False,False
2024-03-23,Wisconsin,0.26,0.34,0.65,2.54,3.41,2023-2024,True,WI,5,False,False
2024-03-23,West Virginia,0.26,0.34,0.88,2.35,3.46,2023-2024,True,WV,3,False,False
2024-03-23,Virginia,0.05,0.07,0.7,1.69,2.4,2023-2024,True,VA,3,False,False
2024-03-23,Rhode Island,0.05,0.04,0.38,1.1,1.49,2023-2024,True,RI,1,False,False
2024-03-23,New Mexico,0.29,0.36,1.15,2.77,4.16,2023-2024,True,NM,6,False,False
2024-03-23,Nebraska,0.19,0.3,0.45,2.34,2.96,2023-2024,True,NE,7,False,False
2024-03-23,Minnesota,0.37,0.39,0.64,3.27,4.22,2023-2024,True,MN,5,False,True
2024-03-23,Maryland,0.07,0.09,0.65,1.74,2.44,2023-2024,True,MD,3,False,False
2024-03-23,Maine,0.11,0.21,0.73,1.4,2.23,2023-2024,True,ME,1,False,False
2024-03-23,Idaho,0.37,0.41,0.65,1.35,2.34,2023-2024,True,ID,10,False,False
2024-03-30,New Hampshire,0.1,0.13,0.52,1.64,,2023-2024,True,NH,1,False,False
2024-03-30,New Jersey,0.05,0.06,0.52,1.81,2.36,2023-2024,True,NJ,2,False,False
2024-03-30,North Dakota,0.37,0.46,0.53,1.82,2.67,2023-2024,True,ND,8,False,False
2024-03-30,Texas,0.07,0.08,0.53,0.84,1.42,2023-2024,True,TX,6,False,False
2024-03-30,Vermont,0.14,0.22,0.22,1.34,1.71,2023-2024,True,VT,1,False,False
2024-03-30,Virginia,0.04,0.05,0.66,1.7,2.37,2023-2024,True,VA,3,False,False
2024-03-30,Alabama,0.09,0.08,0.73,0.94,1.74,2023-2024,True,AL,4,True,False
2024-03-30,Arkansas,0.08,0.11,0.58,1.45,2.08,2023-2024,True,AR,6,True,False
2024-03-30,Colorado,0.19,0.24,0.47,0.84,1.49,2023-2024,True,CO,8,False,False
2024-03-30,Connecticut,0.02,0.02,0.56,1.59,2.16,2023-2024,True,CT,1,False,False
2024-03-30,District of Columbia,0.05,0.09,0.67,1.55,2.27,2023-2024,True,DC,3,False,False
2024-03-30,Georgia,0.05,0.07,0.65,0.59,1.28,2023-2024,True,GA,4,True,False
2024-03-30,Indiana,0.1,0.11,0.62,2.3,3.01,2023-2024,True,IN,5,False,False
2024-03-30,Kansas,0.19,0.2,0.49,1.78,2.44,2023-2024,True,KS,7,False,False
2024-03-30,Nevada,0.09,0.13,0.32,0.9,1.3,2023-2024,True,NV,9,False,False
2024-03-30,Alaska,0.4,0.23,0.45,2.12,2.89,2023-2024,True,AK,10,False,False
2024-03-30,Arizona,0.12,0.15,0.56,0.69,1.35,2023-2024,True,AZ,9,False,False
2024-03-30,Idaho,0.28,0.34,0.47,0.9,1.63,2023-2024,True,ID,10,False,False
2024-03-30,Maryland,0.05,0.07,0.59,1.57,2.19,2023-2024,True,MD,3,False,False
2024-03-30,Michigan,0.12,0.14,0.67,3.06,3.82,2023-2024,True,MI,5,False,False
2024-03-30,Rhode Island,0.04,0.04,0.44,1.39,1.83,2023-2024,True,RI,1,False,False
2024-03-30,South Dakota,0.7,0.84,0.43,2.75,,2023-2024,True,SD,8,False,False
2024-03-30,Tennessee,0.1,0.11,0.79,1.22,2.07,2023-2024,True,TN,4,True,False
2024-03-30,Utah,0.25,0.36,0.63,0.83,1.71,2023-2024,True,UT,8,False,False
2024-03-30,Wyoming,0.39,0.58,0.39,1.26,2.0,2023-2024,True,WY,8,False,False
2024-03-30,Delaware,0.08,0.08,0.55,2.07,2.68,2023-2024,True,DE,3,False,False
2024-03-30,Florida,0.07,0.08,0.64,1.3,2.0,2023-2024,True,FL,4,False,False
2024-03-30,Hawaii,0.05,0.06,0.61,1.6,2.23,2023-2024,True,HI,9,False,False
2024-03-30,Iowa,0.46,0.56,0.45,2.73,3.58,2023-2024,True,IA,7,False,False
2024-03-30,Kentucky,0.09,0.1,0.84,2.1,2.99,2023-2024,True,KY,4,False,False
2024-03-30,Louisiana,0.08,0.06,0.71,0.83,1.6,2023-2024,True,LA,6,True,False
2024-03-30,Mississippi,0.04,0.04,0.68,0.91,1.63,2023-2024,True,MS,4,True,False
2024-03-30,Nebraska,0.25,0.27,0.35,2.08,2.64,2023-2024,True,NE,7,False,False
2024-03-30,North Carolina,0.09,0.12,0.79,1.5,2.29,2023-2024,True,NC,4,True,False
2024-03-30,Washington,0.12,0.16,0.78,0.78,1.66,2023-2024,True,WA,10,False,False
2024-03-30,Wisconsin,0.19,0.26,0.56,2.41,3.14,2023-2024,True,WI,5,False,False
2024-03-30,West Virginia,0.17,0.25,0.64,1.91,2.68,2023-2024,True,WV,3,False,False
2024-03-30,South Carolina,0.08,0.06,0.81,0.71,1.59,2023-2024,True,SC,4,True,False
2024-03-30,Pennsylvania,0.05,0.07,0.45,1.6,2.08,2023-2024,True,PA,3,False,False
2024-03-30,Oregon,0.12,0.21,0.67,1.26,2.05,2023-2024,True,OR,10,False,False
2024-03-30,Oklahoma,0.09,0.13,0.52,1.04,1.64,2023-2024,True,OK,6,False,False
2024-03-30,Ohio,0.08,0.1,0.6,2.02,2.72,2023-2024,True,OH,5,False,False
2024-03-30,New York,0.04,0.06,0.44,1.57,2.04,2023-2024,True,NY,2,False,True
2024-03-30,New Mexico,0.14,0.26,1.01,2.22,3.35,2023-2024,True,NM,6,False,False
2024-03-30,Montana,0.55,0.8,0.52,1.07,2.12,2023-2024,True,MT,8,False,False
2024-03-30,Minnesota,0.32,0.35,0.54,2.89,3.73,2023-2024,True,MN,5,False,True
2024-03-30,Massachusetts,0.09,0.09,0.59,1.82,2.46,2023-2024,True,MA,1,False,False
2024-03-30,Maine,0.11,0.17,0.52,1.24,1.86,2023-2024,True,ME,1,False,False
2024-03-30,Illinois,0.17,0.18,0.76,2.54,3.44,2023-2024,True,IL,5,False,False
2024-03-30,California,0.07,0.09,0.4,0.54,1.03,2023-2024,True,CA,9,False,False
2024-04-06,Maryland,0.06,0.06,0.5,1.39,1.92,2023-2024,False,MD,3,False,False
2024-04-06,Maine,0.11,0.11,0.56,1.29,1.95,2023-2024,False,ME,1,False,False
2024-04-06,Kansas,0.16,0.18,0.53,1.45,2.11,2023-2024,False,KS,7,False,False
2024-04-06,Illinois,0.13,0.15,0.64,1.94,2.68,2023-2024,False,IL,5,False,False
2024-04-06,Idaho,0.19,0.28,0.44,0.77,1.38,2023-2024,False,ID,10,False,False
2024-04-06,Hawaii,0.06,0.07,0.47,1.3,1.79,2023-2024,False,HI,9,False,False
2024-04-06,District of Columbia,0.05,0.05,0.42,1.23,1.7,2023-2024,False,DC,3,False,False
2024-04-06,Delaware,0.11,0.1,0.44,1.92,2.45,2023-2024,False,DE,3,False,False
2024-04-06,Connecticut,0.01,0.02,0.48,1.32,1.81,2023-2024,False,CT,1,False,False
2024-04-06,Arizona,0.09,0.12,0.52,0.71,1.3,2023-2024,False,AZ,9,False,False
2024-04-06,Oklahoma,0.11,0.13,0.41,0.82,1.3,2023-2024,False,OK,6,False,False
2024-04-06,Pennsylvania,0.04,0.05,0.45,1.3,1.78,2023-2024,False,PA,3,False,False
2024-04-06,South Carolina,0.05,0.06,0.61,0.63,1.29,2023-2024,False,SC,4,True,False
2024-04-06,Rhode Island,0.02,0.04,0.43,1.2,1.64,2023-2024,False,RI,1,False,False
2024-04-06,South Dakota,0.6,0.72,0.37,2.58,,2023-2024,False,SD,8,False,False
2024-04-06,Virginia,0.06,0.05,0.57,1.23,1.84,2023-2024,False,VA,3,False,False
2024-04-06,Oregon,0.12,0.16,0.65,0.96,1.72,2023-2024,False,OR,10,False,False
2024-04-06,Ohio,0.06,0.08,0.53,1.46,2.07,2023-2024,False,OH,5,False,False
2024-04-06,North Carolina,0.08,0.09,0.85,1.35,2.21,2023-2024,False,NC,4,True,False
2024-04-06,New Hampshire,0.07,0.1,0.5,0.91,,2023-2024,False,NH,1,False,False
2024-04-06,Nebraska,0.17,0.2,0.24,1.77,2.15,2023-2024,False,NE,7,False,False
2024-04-06,Massachusetts,0.06,0.08,0.51,1.69,2.24,2023-2024,False,MA,1,False,False
2024-04-06,Kentucky,0.09,0.09,0.78,1.65,2.49,2023-2024,False,KY,4,False,False
2024-04-06,Iowa,0.43,0.46,0.47,2.1,2.98,2023-2024,False,IA,7,False,False
2024-04-06,Florida,0.07,0.08,0.56,1.08,1.69,2023-2024,False,FL,4,False,False
2024-04-06,Tennessee,0.09,0.1,0.63,1.05,1.74,2023-2024,False,TN,4,True,False
2024-04-06,Utah,0.24,0.27,0.54,0.52,1.29,2023-2024,False,UT,8,False,False
2024-04-06,Vermont,0.13,0.18,0.48,1.59,2.24,2023-2024,False,VT,1,False,False
2024-04-06,Washington,0.1,0.13,0.62,0.61,1.32,2023-2024,False,WA,10,False,False
2024-04-06,Wisconsin,0.18,0.21,0.54,1.86,2.56,2023-2024,False,WI,5,False,False
2024-04-06,Wyoming,0.49,0.47,0.33,0.77,1.55,2023-2024,False,WY,8,False,False
2024-04-06,California,0.06,0.07,0.37,0.46,0.88,2023-2024,False,CA,9,False,False
2024-04-06,Georgia,0.05,0.05,0.56,0.55,1.15,2023-2024,False,GA,4,True,False
2024-04-06,Louisiana,0.05,0.06,0.49,0.61,1.14,2023-2024,False,LA,6,True,False
2024-04-06,Montana,0.55,0.62,0.49,0.69,1.72,2023-2024,False,MT,8,False,False
2024-04-06,Nevada,0.06,0.1,0.36,0.7,1.12,2023-2024,False,NV,9,False,False
2024-04-06,New Jersey,0.05,0.05,0.48,1.52,2.02,2023-2024,False,NJ,2,False,False
2024-04-06,New Mexico,0.16,0.2,0.99,1.47,2.6,2023-2024,False,NM,6,False,False
2024-04-06,West Virginia,0.15,0.19,0.62,1.49,2.24,2023-2024,False,WV,3,False,False
2024-04-06,Mississippi,0.04,0.04,0.59,0.76,1.36,2023-2024,False,MS,4,True,False
2024-04-06,Indiana,0.12,0.11,0.54,1.79,2.44,2023-2024,False,IN,5,False,False
2024-04-06,Colorado,0.13,0.19,0.43,0.66,1.21,2023-2024,False,CO,8,False,False
2024-04-06,Arkansas,0.04,0.08,0.54,1.1,1.65,2023-2024,False,AR,6,True,False
2024-04-06,Alabama,0.08,0.08,0.56,0.78,1.41,2023-2024,False,AL,4,True,False
2024-04-06,North Dakota,0.41,0.39,0.45,1.5,2.32,2023-2024,False,ND,8,False,False
2024-04-06,Texas,0.07,0.07,0.48,0.66,1.19,2023-2024,False,TX,6,False,False
2024-04-06,New York,0.05,0.05,0.44,1.46,1.93,2023-2024,False,NY,2,False,True
2024-04-06,Minnesota,0.28,0.33,0.57,2.14,2.99,2023-2024,False,MN,5,False,True
2024-04-06,Michigan,0.1,0.13,0.59,2.53,3.19,2023-2024,False,MI,5,False,False
2024-04-06,Alaska,0.13,0.24,0.32,2.39,2.83,2023-2024,False,AK,10,False,False
2024-04-13,Massachusetts,0.06,0.07,0.46,1.34,1.86,2023-2024,False,MA,1,False,False
2024-04-13,Georgia,0.04,0.05,0.4,0.42,0.85,2023-2024,False,GA,4,True,False
2024-04-13,Hawaii,0.04,0.05,0.63,1.32,1.95,2023-2024,False,HI,9,False,False
2024-04-13,Indiana,0.07,0.1,0.4,1.12,1.59,2023-2024,False,IN,5,False,False
2024-04-13,Iowa,0.33,0.41,0.41,1.65,2.4,2023-2024,False,IA,7,False,False
2024-04-13,Maine,0.04,0.09,0.43,1.08,1.54,2023-2024,False,ME,1,False,False
2024-04-13,Maryland,0.03,0.05,0.53,0.89,1.43,2023-2024,False,MD,3,False,False
2024-04-13,Montana,0.27,0.46,0.53,0.44,1.23,2023-2024,False,MT,8,False,False
2024-04-13,Nebraska,0.15,0.19,0.26,1.29,1.69,2023-2024,False,NE,7,False,False
2024-04-13,North Dakota,0.14,0.31,0.38,0.83,1.33,2023-2024,False,ND,8,False,False
2024-04-13,Texas,0.06,0.07,0.41,0.56,1.01,2023-2024,False,TX,6,False,False
2024-04-13,Wisconsin,0.15,0.17,0.52,1.32,1.99,2023-2024,False,WI,5,False,False
2024-04-13,West Virginia,0.14,0.15,0.55,0.68,1.36,2023-2024,False,WV,3,False,False
2024-04-13,Virginia,0.03,0.04,0.52,0.89,1.43,2023-2024,False,VA,3,False,False
2024-04-13,Vermont,0.21,0.16,0.28,1.17,1.68,2023-2024,False,VT,1,False,False
2024-04-13,Utah,0.1,0.2,0.46,0.44,0.99,2023-2024,False,UT,8,False,False
2024-04-13,South Dakota,0.47,0.59,0.28,1.61,,2023-2024,False,SD,8,False,False
2024-04-13,South Carolina,0.03,0.05,0.51,0.46,1.0,2023-2024,False,SC,4,True,False
2024-04-13,Oregon,0.1,0.11,0.51,0.72,1.32,2023-2024,False,OR,10,False,False
2024-04-13,North Carolina,0.05,0.07,0.63,0.96,1.6,2023-2024,False,NC,4,True,False
2024-04-13,New Jersey,0.04,0.04,0.4,1.05,1.47,2023-2024,False,NJ,2,False,False
2024-04-13,New Hampshire,0.08,0.08,0.39,1.02,,2023-2024,False,NH,1,False,False
2024-04-13,Kentucky,0.07,0.08,0.59,0.91,1.56,2023-2024,False,KY,4,False,False
2024-04-13,Idaho,0.24,0.24,0.44,0.47,1.15,2023-2024,False,ID,10,False,False
2024-04-13,Florida,0.04,0.06,0.46,0.96,1.45,2023-2024,False,FL,4,False,False
2024-04-13,Colorado,0.11,0.14,0.34,0.59,1.03,2023-2024,False,CO,8,False,False
2024-04-13,Arizona,0.08,0.1,0.55,0.57,1.19,2023-2024,False,AZ,9,False,False
2024-04-13,Kansas,0.09,0.15,0.34,1.04,1.45,2023-2024,False,KS,7,False,False
2024-04-13,Illinois,0.12,0.14,0.53,1.45,2.09,2023-2024,False,IL,5,False,False
2024-04-13,Delaware,0.1,0.09,0.47,1.06,1.62,2023-2024,False,DE,3,False,False
2024-04-13,California,0.05,0.06,0.32,0.47,0.84,2023-2024,False,CA,9,False,False
2024-04-13,Arkansas,0.05,0.06,0.43,0.96,1.41,2023-2024,False,AR,6,True,False
2024-04-13,Washington,0.09,0.11,0.58,0.53,1.18,2023-2024,False,WA,10,False,False
2024-04-13,Pennsylvania,0.04,0.04,0.31,0.83,1.17,2023-2024,False,PA,3,False,False
2024-04-13,Oklahoma,0.09,0.1,0.35,0.68,1.11,2023-2024,False,OK,6,False,False
2024-04-13,Ohio,0.07,0.07,0.41,0.79,1.27,2023-2024,False,OH,5,False,False
2024-04-13,New Mexico,0.13,0.14,0.66,1.23,2.0,2023-2024,False,NM,6,False,False
2024-04-13,Nevada,0.08,0.08,0.27,0.66,1.0,2023-2024,False,NV,9,False,False
2024-04-13,Mississippi,0.04,0.04,0.58,0.7,1.3,2023-2024,False,MS,4,True,False
2024-04-13,Minnesota,0.18,0.26,0.53,1.61,2.32,2023-2024,False,MN,5,False,True
2024-04-13,Louisiana,0.02,0.05,0.43,0.44,0.87,2023-2024,False,LA,6,True,False
2024-04-13,District of Columbia,0.09,0.06,0.44,0.79,1.29,2023-2024,False,DC,3,False,False
2024-04-13,Connecticut,0.02,0.02,0.44,1.08,1.53,2023-2024,False,CT,1,False,False
2024-04-13,Alaska,0.12,0.22,0.26,2.02,2.4,2023-2024,False,AK,10,False,False
2024-04-13,Alabama,0.05,0.07,0.55,0.56,1.14,2023-2024,False,AL,4,True,False
2024-04-13,Wyoming,0.08,0.32,0.13,0.38,0.58,2023-2024,False,WY,8,False,False
2024-04-13,Tennessee,0.07,0.09,0.51,0.79,1.35,2023-2024,False,TN,4,True,False
2024-04-13,Rhode Island,0.02,0.03,0.29,0.97,1.25,2023-2024,False,RI,1,False,False
2024-04-13,New York,0.04,0.04,0.39,1.07,1.49,2023-2024,False,NY,2,False,True
2024-04-13,Michigan,0.07,0.1,0.47,1.73,2.26,2023-2024,False,MI,5,False,False
2024-04-20,Alabama,0.06,0.06,0.36,0.49,0.91,2023-2024,False,AL,4,True,False
2024-04-20,Arkansas,0.03,0.04,0.4,0.7,1.11,2023-2024,False,AR,6,True,False
2024-04-20,California,0.03,0.04,0.32,0.44,0.81,2023-2024,False,CA,9,False,False
2024-04-20,Colorado,0.08,0.11,0.38,0.43,0.88,2023-2024,False,CO,8,False,False
2024-04-20,Michigan,0.07,0.08,0.43,1.13,1.63,2023-2024,False,MI,5,False,False
2024-04-20,Minnesota,0.14,0.2,0.46,1.18,1.76,2023-2024,False,MN,5,False,True
2024-04-20,Nebraska,0.11,0.15,0.24,0.98,1.31,2023-2024,False,NE,7,False,False
2024-04-20,New Mexico,0.1,0.13,0.62,1.06,1.77,2023-2024,False,NM,6,False,False
2024-04-20,North Carolina,0.06,0.06,0.5,0.74,1.26,2023-2024,False,NC,4,True,False
2024-04-20,North Dakota,0.12,0.22,0.47,0.84,1.41,2023-2024,False,ND,8,False,False
2024-04-20,South Dakota,0.34,0.47,0.21,0.75,,2023-2024,False,SD,8,False,False
2024-04-20,Arizona,0.05,0.08,0.46,0.69,1.19,2023-2024,False,AZ,9,False,False
2024-04-20,Connecticut,0.01,0.01,0.37,0.8,1.18,2023-2024,False,CT,1,False,False
2024-04-20,Indiana,0.06,0.08,0.34,0.71,1.11,2023-2024,False,IN,5,False,False
2024-04-20,Iowa,0.19,0.32,0.3,1.09,1.58,2023-2024,False,IA,7,False,False
2024-04-20,Kentucky,0.03,0.06,0.4,0.51,0.93,2023-2024,False,KY,4,False,False
2024-04-20,Maryland,0.03,0.04,0.5,0.65,1.17,2023-2024,False,MD,3,False,False
2024-04-20,Nevada,0.05,0.06,0.29,0.62,0.95,2023-2024,False,NV,9,False,False
2024-04-20,New York,0.03,0.04,0.33,0.67,1.02,2023-2024,False,NY,2,False,True
2024-04-20,Ohio,0.04,0.06,0.32,0.46,0.82,2023-2024,False,OH,5,False,False
2024-04-20,Texas,0.05,0.06,0.36,0.45,0.84,2023-2024,False,TX,6,False,False
2024-04-20,Vermont,0.09,0.14,0.22,0.98,1.24,2023-2024,False,VT,1,False,False
2024-04-20,Wyoming,0.24,0.27,0.12,0.41,0.77,2023-2024,False,WY,8,False,False
2024-04-20,West Virginia,0.08,0.12,0.44,0.33,0.82,2023-2024,False,WV,3,False,False
2024-04-20,Washington,0.06,0.08,0.52,0.5,1.07,2023-2024,False,WA,10,False,False
2024-04-20,Virginia,0.03,0.04,0.43,0.6,1.06,2023-2024,False,VA,3,False,False
2024-04-20,South Carolina,0.05,0.04,0.41,0.33,0.78,2023-2024,False,SC,4,True,False
2024-04-20,Rhode Island,0.03,0.02,0.2,0.69,0.92,2023-2024,False,RI,1,False,False
2024-04-20,Pennsylvania,0.03,0.03,0.28,0.52,0.83,2023-2024,False,PA,3,False,False
2024-04-20,Montana,0.25,0.36,0.46,0.23,0.9,2023-2024,False,MT,8,False,False
2024-04-20,Mississippi,0.04,0.04,0.42,0.55,0.99,2023-2024,False,MS,4,True,False
2024-04-20,Massachusetts,0.05,0.06,0.46,1.01,1.49,2023-2024,False,MA,1,False,False
2024-04-20,Maine,0.05,0.07,0.41,0.79,1.23,2023-2024,False,ME,1,False,False
2024-04-20,Illinois,0.09,0.12,0.45,1.14,1.68,2023-2024,False,IL,5,False,False
2024-04-20,Idaho,0.03,0.16,0.32,0.34,0.69,2023-2024,False,ID,10,False,False
2024-04-20,Hawaii,0.0,0.03,0.65,1.06,1.69,2023-2024,False,HI,9,False,False
2024-04-20,Florida,0.05,0.05,0.42,0.87,1.32,2023-2024,False,FL,4,False,False
2024-04-20,District of Columbia,0.03,0.06,0.25,0.53,0.81,2023-2024,False,DC,3,False,False
2024-04-20,Alaska,0.12,0.12,0.21,1.92,2.22,2023-2024,False,AK,10,False,False
2024-04-20,Wisconsin,0.08,0.14,0.37,0.97,1.42,2023-2024,False,WI,5,False,False
2024-04-20,Utah,0.06,0.13,0.46,0.4,0.9,2023-2024,False,UT,8,False,False
2024-04-20,Tennessee,0.07,0.08,0.39,0.57,1.01,2023-2024,False,TN,4,True,False
2024-04-20,Oregon,0.08,0.1,0.43,0.75,1.25,2023-2024,False,OR,10,False,False
2024-04-20,Oklahoma,0.05,0.08,0.31,0.69,1.03,2023-2024,False,OK,6,False,False
2024-04-20,New Jersey,0.03,0.04,0.33,0.66,1.0,2023-2024,False,NJ,2,False,False
2024-04-20,New Hampshire,0.13,0.09,0.37,0.81,,2023-2024,False,NH,1,False,False
2024-04-20,Louisiana,0.03,0.03,0.32,0.32,0.67,2023-2024,False,LA,6,True,False
2024-04-20,Kansas,0.07,0.11,0.29,0.76,1.11,2023-2024,False,KS,7,False,False
2024-04-20,Georgia,0.03,0.04,0.34,0.32,0.69,2023-2024,False,GA,4,True,False
2024-04-20,Delaware,0.04,0.08,0.32,0.58,0.92,2023-2024,False,DE,3,False,False
2024-04-27,Arizona,0.03,0.06,0.49,0.72,1.23,2023-2024,False,AZ,9,False,False
2024-04-27,Alabama,0.04,0.05,0.33,0.37,0.73,2023-2024,False,AL,4,True,False
2024-04-27,North Dakota,0.05,0.11,0.33,0.46,0.82,2023-2024,False,ND,8,False,False
2024-04-27,Oregon,0.05,0.08,0.37,0.69,1.1,2023-2024,False,OR,10,False,False
2024-04-27,Rhode Island,0.02,0.02,0.22,0.26,0.5,2023-2024,False,RI,1,False,False
2024-04-27,South Dakota,0.21,0.34,0.09,0.45,,2023-2024,False,SD,8,False,False
2024-04-27,Maryland,0.04,0.03,0.36,0.42,0.81,2023-2024,False,MD,3,False,False
2024-04-27,Kentucky,0.04,0.04,0.43,0.44,0.91,2023-2024,False,KY,4,False,False
2024-04-27,Utah,0.07,0.08,0.37,0.33,0.77,2023-2024,False,UT,8,False,False
2024-04-27,Tennessee,0.06,0.07,0.28,0.51,0.83,2023-2024,False,TN,4,True,False
2024-04-27,Kansas,0.1,0.09,0.26,0.53,0.88,2023-2024,False,KS,7,False,False
2024-04-27,Indiana,0.04,0.06,0.25,0.45,0.75,2023-2024,False,IN,5,False,False
2024-04-27,Illinois,0.07,0.09,0.42,0.8,1.28,2023-2024,False,IL,5,False,False
2024-04-27,Hawaii,0.01,0.02,0.93,1.22,2.16,2023-2024,False,HI,9,False,False
2024-04-27,Vermont,0.09,0.13,0.37,0.59,1.04,2023-2024,False,VT,1,False,False
2024-04-27,Texas,0.05,0.05,0.32,0.42,0.77,2023-2024,False,TX,6,False,False
2024-04-27,Ohio,0.03,0.05,0.3,0.29,0.63,2023-2024,False,OH,5,False,False
2024-04-27,New Hampshire,0.02,0.08,0.44,0.87,,2023-2024,False,NH,1,False,False
2024-04-27,Alaska,0.15,0.13,0.21,2.03,2.35,2023-2024,False,AK,10,False,False
2024-04-27,Arkansas,0.05,0.04,0.27,0.52,0.83,2023-2024,False,AR,6,True,False
2024-04-27,California,0.03,0.03,0.34,0.39,0.77,2023-2024,False,CA,9,False,False
2024-04-27,Colorado,0.08,0.09,0.37,0.35,0.79,2023-2024,False,CO,8,False,False
2024-04-27,Georgia,0.05,0.04,0.22,0.27,0.53,2023-2024,False,GA,4,True,False
2024-04-27,Idaho,0.1,0.13,0.45,0.42,0.97,2023-2024,False,ID,10,False,False
2024-04-27,Michigan,0.06,0.07,0.36,0.82,1.24,2023-2024,False,MI,5,False,False
2024-04-27,Minnesota,0.08,0.13,0.4,0.86,1.34,2023-2024,False,MN,5,False,True
2024-04-27,Mississippi,0.03,0.04,0.39,0.48,0.88,2023-2024,False,MS,4,True,False
2024-04-27,New Jersey,0.02,0.03,0.35,0.55,0.91,2023-2024,False,NJ,2,False,False
2024-04-27,North Carolina,0.04,0.05,0.39,0.69,1.1,2023-2024,False,NC,4,True,False
2024-04-27,Connecticut,0.02,0.01,0.37,0.64,1.03,2023-2024,False,CT,1,False,False
2024-04-27,Maine,0.04,0.04,0.37,0.54,0.95,2023-2024,False,ME,1,False,False
2024-04-27,Nebraska,0.11,0.13,0.19,0.68,0.97,2023-2024,False,NE,7,False,False
2024-04-27,New Mexico,0.07,0.1,0.7,0.8,1.56,2023-2024,False,NM,6,False,False
2024-04-27,Oklahoma,0.04,0.06,0.26,0.35,0.64,2023-2024,False,OK,6,False,False
2024-04-27,Pennsylvania,0.03,0.03,0.26,0.32,0.6,2023-2024,False,PA,3,False,False
2024-04-27,Virginia,0.02,0.03,0.39,0.44,0.84,2023-2024,False,VA,3,False,False
2024-04-27,Washington,0.04,0.06,0.49,0.53,1.04,2023-2024,False,WA,10,False,False
2024-04-27,Wyoming,0.16,0.16,0.36,0.24,0.68,2023-2024,False,WY,8,False,False
2024-04-27,Wisconsin,0.08,0.11,0.39,0.67,1.14,2023-2024,False,WI,5,False,False
2024-04-27,West Virginia,0.06,0.09,0.38,0.22,0.65,2023-2024,False,WV,3,False,False
2024-04-27,South Carolina,0.03,0.04,0.35,0.19,0.57,2023-2024,False,SC,4,True,False
2024-04-27,New York,0.03,0.03,0.32,0.57,0.91,2023-2024,False,NY,2,False,True
2024-04-27,Montana,0.08,0.2,0.26,0.28,0.6,2023-2024,False,MT,8,False,False
2024-04-27,Nevada,0.04,0.05,0.3,0.57,0.9,2023-2024,False,NV,9,False,False
2024-04-27,Massachusetts,0.05,0.05,0.39,0.58,1.0,2023-2024,False,MA,1,False,False
2024-04-27,Louisiana,0.03,0.03,0.32,0.29,0.64,2023-2024,False,LA,6,True,False
2024-04-27,Iowa,0.11,0.21,0.26,0.71,1.07,2023-2024,False,IA,7,False,False
2024-04-27,Florida,0.05,0.05,0.43,0.8,1.27,2023-2024,False,FL,4,False,False
2024-04-27,District of Columbia,0.01,0.04,0.33,0.48,0.82,2023-2024,False,DC,3,False,False
2024-04-27,Delaware,0.03,0.05,0.26,0.56,0.84,2023-2024,False,DE,3,False,False
2024-05-04,Indiana,0.03,0.04,0.24,0.36,0.63,2023-2024,False,IN,5,False,False
2024-05-04,Nebraska,0.05,0.09,0.12,0.35,0.53,2023-2024,False,NE,7,False,False
2024-05-04,North Dakota,0.07,0.08,0.3,0.23,0.61,2023-2024,False,ND,8,False,False
2024-05-04,New Jersey,0.02,0.02,0.34,0.53,0.88,2023-2024,False,NJ,2,False,False
2024-05-04,New Hampshire,0.02,0.06,0.27,0.53,,2023-2024,False,NH,1,False,False
2024-05-04,South Carolina,0.02,0.03,0.25,0.23,0.49,2023-2024,False,SC,4,True,False
2024-05-04,New York,0.02,0.02,0.36,0.45,0.83,2023-2024,False,NY,2,False,True
2024-05-04,New Mexico,0.04,0.07,0.58,0.6,1.21,2023-2024,False,NM,6,False,False
2024-05-04,Michigan,0.04,0.06,0.37,0.61,1.02,2023-2024,False,MI,5,False,False
2024-05-04,Kentucky,0.06,0.04,0.34,0.32,0.71,2023-2024,False,KY,4,False,False
2024-05-04,Illinois,0.07,0.07,0.36,0.61,1.03,2023-2024,False,IL,5,False,False
2024-05-04,Massachusetts,0.03,0.04,0.4,0.61,1.03,2023-2024,False,MA,1,False,False
2024-05-04,Maryland,0.02,0.03,0.36,0.33,0.7,2023-2024,False,MD,3,False,False
2024-05-04,Louisiana,0.02,0.03,0.24,0.27,0.52,2023-2024,False,LA,6,True,False
2024-05-04,Iowa,0.13,0.14,0.35,0.63,1.09,2023-2024,False,IA,7,False,False
2024-05-04,Florida,0.04,0.04,0.41,0.74,1.17,2023-2024,False,FL,4,False,False
2024-05-04,Delaware,0.04,0.04,0.46,0.3,0.81,2023-2024,False,DE,3,False,False
2024-05-04,Connecticut,0.01,0.01,0.41,0.55,0.97,2023-2024,False,CT,1,False,False
2024-05-04,Alaska,0.15,0.14,0.3,1.8,2.24,2023-2024,False,AK,10,False,False
2024-05-04,Idaho,0.09,0.07,0.33,0.22,0.64,2023-2024,False,ID,10,False,False
2024-05-04,Hawaii,0.01,0.01,1.08,1.24,2.33,2023-2024,False,HI,9,False,False
2024-05-04,Arizona,0.03,0.04,0.58,0.71,1.29,2023-2024,False,AZ,9,False,False
2024-05-04,Arkansas,0.02,0.03,0.28,0.51,0.79,2023-2024,False,AR,6,True,False
2024-05-04,Colorado,0.06,0.08,0.41,0.31,0.77,2023-2024,False,CO,8,False,False
2024-05-04,Georgia,0.03,0.03,0.18,0.16,0.37,2023-2024,False,GA,4,True,False
2024-05-04,Ohio,0.03,0.03,0.25,0.2,0.49,2023-2024,False,OH,5,False,False
2024-05-04,Rhode Island,0.01,0.02,0.22,0.3,0.52,2023-2024,False,RI,1,False,False
2024-05-04,South Dakota,0.16,0.24,0.37,0.33,,2023-2024,False,SD,8,False,False
2024-05-04,Tennessee,0.06,0.06,0.27,0.37,0.68,2023-2024,False,TN,4,True,False
2024-05-04,Vermont,0.04,0.07,0.41,0.46,0.85,2023-2024,False,VT,1,False,False
2024-05-04,Wisconsin,0.05,0.07,0.4,0.42,0.86,2023-2024,False,WI,5,False,False
2024-05-04,Texas,0.04,0.05,0.29,0.35,0.66,2023-2024,False,TX,6,False,False
2024-05-04,Pennsylvania,0.02,0.02,0.23,0.31,0.56,2023-2024,False,PA,3,False,False
2024-05-04,Oklahoma,0.01,0.03,0.27,0.38,0.66,2023-2024,False,OK,6,False,False
2024-05-04,North Carolina,0.04,0.05,0.37,0.64,1.03,2023-2024,False,NC,4,True,False
2024-05-04,Nevada,0.05,0.05,0.36,0.39,0.8,2023-2024,False,NV,9,False,False
2024-05-04,Montana,0.16,0.16,0.42,0.2,0.75,2023-2024,False,MT,8,False,False
2024-05-04,Mississippi,0.02,0.03,0.26,0.43,0.71,2023-2024,False,MS,4,True,False
2024-05-04,Wyoming,0.16,0.19,0.24,0.16,0.55,2023-2024,False,WY,8,False,False
2024-05-04,West Virginia,0.07,0.07,0.37,0.14,0.58,2023-2024,False,WV,3,False,False
2024-05-04,Virginia,0.01,0.02,0.34,0.36,0.71,2023-2024,False,VA,3,False,False
2024-05-04,Utah,0.04,0.06,0.31,0.3,0.63,2023-2024,False,UT,8,False,False
2024-05-04,Washington,0.04,0.05,0.54,0.49,1.06,2023-2024,False,WA,10,False,False
2024-05-04,Oregon,0.04,0.06,0.46,0.67,1.17,2023-2024,False,OR,10,False,False
2024-05-04,Minnesota,0.05,0.09,0.37,0.61,1.03,2023-2024,False,MN,5,False,True
2024-05-04,Maine,0.01,0.03,0.52,0.75,1.27,2023-2024,False,ME,1,False,False
2024-05-04,Kansas,0.05,0.07,0.21,0.33,0.58,2023-2024,False,KS,7,False,False
2024-05-04,District of Columbia,0.0,0.01,0.36,0.38,0.75,2023-2024,False,DC,3,False,False
2024-05-04,California,0.01,0.02,0.36,0.32,0.68,2023-2024,False,CA,9,False,False
2024-05-04,Alabama,0.06,0.05,0.35,0.4,0.8,2023-2024,False,AL,4,True,False
2024-05-11,New Jersey,0.01,0.01,0.34,0.34,0.69,2023-2024,False,NJ,2,False,False
2024-05-11,New York,0.02,0.02,0.36,0.29,0.67,2023-2024,False,NY,2,False,True
2024-05-11,North Dakota,0.07,0.07,0.34,0.19,0.58,2023-2024,False,ND,8,False,False
2024-05-11,Rhode Island,0.02,0.02,0.23,0.32,0.56,2023-2024,False,RI,1,False,False
2024-05-11,Tennessee,0.04,0.05,0.23,0.31,0.58,2023-2024,False,TN,4,True,False
2024-05-11,Virginia,0.02,0.02,0.33,0.28,0.62,2023-2024,False,VA,3,False,False
2024-05-11,Washington,0.02,0.04,0.55,0.48,1.03,2023-2024,False,WA,10,False,False
2024-05-11,California,0.01,0.02,0.4,0.31,0.73,2023-2024,False,CA,9,False,False
2024-05-11,District of Columbia,0.03,0.01,0.28,0.33,0.64,2023-2024,False,DC,3,False,False
2024-05-11,Florida,0.04,0.04,0.41,0.65,1.1,2023-2024,False,FL,4,False,False
2024-05-11,Hawaii,0.03,0.02,1.36,0.99,2.35,2023-2024,False,HI,9,False,False
2024-05-11,Indiana,0.03,0.03,0.18,0.22,0.43,2023-2024,False,IN,5,False,False
2024-05-11,Iowa,0.09,0.11,0.26,0.33,0.68,2023-2024,False,IA,7,False,False
2024-05-11,Maine,0.02,0.02,0.46,0.53,1.0,2023-2024,False,ME,1,False,False
2024-05-11,Massachusetts,0.03,0.03,0.44,0.36,0.82,2023-2024,False,MA,1,False,False
2024-05-11,Michigan,0.03,0.04,0.33,0.31,0.67,2023-2024,False,MI,5,False,False
2024-05-11,New Hampshire,0.0,0.01,0.43,0.39,,2023-2024,False,NH,1,False,False
2024-05-11,South Carolina,0.03,0.03,0.26,0.19,0.47,2023-2024,False,SC,4,True,False
2024-05-11,Utah,0.06,0.06,0.43,0.25,0.73,2023-2024,False,UT,8,False,False
2024-05-11,Nebraska,0.07,0.08,0.18,0.22,0.47,2023-2024,False,NE,7,False,False
2024-05-11,Minnesota,0.05,0.06,0.49,0.47,1.01,2023-2024,False,MN,5,False,True
2024-05-11,Louisiana,0.04,0.03,0.19,0.3,0.52,2023-2024,False,LA,6,True,False
2024-05-11,Idaho,0.05,0.08,0.36,0.26,0.66,2023-2024,False,ID,10,False,False
2024-05-11,Georgia,0.03,0.03,0.16,0.16,0.34,2023-2024,False,GA,4,True,False
2024-05-11,Connecticut,0.0,0.01,0.38,0.41,0.79,2023-2024,False,CT,1,False,False
2024-05-11,Alaska,0.12,0.14,0.29,1.45,1.85,2023-2024,False,AK,10,False,False
2024-05-11,Arkansas,0.03,0.03,0.23,0.4,0.64,2023-2024,False,AR,6,True,False
2024-05-11,Kansas,0.06,0.07,0.18,0.22,0.44,2023-2024,False,KS,7,False,False
2024-05-11,Maryland,0.01,0.03,0.37,0.25,0.62,2023-2024,False,MD,3,False,False
2024-05-11,Montana,0.11,0.12,0.45,0.27,0.84,2023-2024,False,MT,8,False,False
2024-05-11,Nevada,0.03,0.04,0.38,0.37,0.77,2023-2024,False,NV,9,False,False
2024-05-11,New Mexico,0.04,0.05,0.66,0.54,1.23,2023-2024,False,NM,6,False,False
2024-05-11,North Carolina,0.03,0.04,0.31,0.51,0.84,2023-2024,False,NC,4,True,False
2024-05-11,Ohio,0.02,0.03,0.19,0.14,0.36,2023-2024,False,OH,5,False,False
2024-05-11,Oklahoma,0.02,0.02,0.19,0.26,0.47,2023-2024,False,OK,6,False,False
2024-05-11,Oregon,0.04,0.04,0.51,0.54,1.08,2023-2024,False,OR,10,False,False
2024-05-11,Pennsylvania,0.01,0.02,0.23,0.16,0.4,2023-2024,False,PA,3,False,False
2024-05-11,South Dakota,0.18,0.18,0.13,0.23,,2023-2024,False,SD,8,False,False
2024-05-11,Texas,0.04,0.04,0.28,0.31,0.62,2023-2024,False,TX,6,False,False
2024-05-11,West Virginia,0.07,0.07,0.35,0.14,0.55,2023-2024,False,WV,3,False,False
2024-05-11,Alabama,0.04,0.05,0.26,0.29,0.58,2023-2024,False,AL,4,True,False
2024-05-11,Arizona,0.03,0.03,0.56,0.65,1.24,2023-2024,False,AZ,9,False,False
2024-05-11,Colorado,0.03,0.06,0.47,0.28,0.77,2023-2024,False,CO,8,False,False
2024-05-11,Delaware,0.01,0.03,0.29,0.25,0.55,2023-2024,False,DE,3,False,False
2024-05-11,Illinois,0.05,0.06,0.4,0.32,0.77,2023-2024,False,IL,5,False,False
2024-05-11,Kentucky,0.03,0.04,0.37,0.22,0.62,2023-2024,False,KY,4,False,False
2024-05-11,Mississippi,0.04,0.03,0.19,0.38,0.6,2023-2024,False,MS,4,True,False
2024-05-11,Vermont,0.03,0.05,0.4,0.29,0.7,2023-2024,False,VT,1,False,False
2024-05-11,Wisconsin,0.06,0.07,0.33,0.28,0.66,2023-2024,False,WI,5,False,False
2024-05-11,Wyoming,0.33,0.21,0.37,0.37,1.06,2023-2024,False,WY,8,False,False
2024-05-18,Virginia,0.02,0.02,0.39,0.21,0.61,2023-2024,False,VA,3,False,False
2024-05-18,Ohio,0.01,0.02,0.2,0.1,0.32,2023-2024,False,OH,5,False,False
2024-05-18,North Dakota,0.05,0.06,0.28,0.08,0.41,2023-2024,False,ND,8,False,False
2024-05-18,South Dakota,0.13,0.16,0.23,0.13,,2023-2024,False,SD,8,False,False
2024-05-18,Texas,0.04,0.04,0.34,0.32,0.67,2023-2024,False,TX,6,False,False
2024-05-18,Vermont,0.0,0.02,0.38,0.17,0.56,2023-2024,False,VT,1,False,False
2024-05-18,New Mexico,0.02,0.03,0.66,0.57,1.24,2023-2024,False,NM,6,False,False
2024-05-18,Maryland,0.03,0.02,0.39,0.15,0.57,2023-2024,False,MD,3,False,False
2024-05-18,Oregon,0.02,0.03,0.52,0.58,1.11,2023-2024,False,OR,10,False,False
2024-05-18,Oklahoma,0.04,0.02,0.24,0.18,0.44,2023-2024,False,OK,6,False,False
2024-05-18,New Hampshire,0.03,0.02,0.29,0.18,,2023-2024,False,NH,1,False,False
2024-05-18,Nebraska,0.02,0.05,0.13,0.15,0.29,2023-2024,False,NE,7,False,False
2024-05-18,Montana,0.07,0.11,0.6,0.12,0.77,2023-2024,False,MT,8,False,False
2024-05-18,Minnesota,0.05,0.05,0.49,0.31,0.84,2023-2024,False,MN,5,False,True
2024-05-18,Michigan,0.03,0.03,0.3,0.21,0.53,2023-2024,False,MI,5,False,False
2024-05-18,Massachusetts,0.03,0.03,0.5,0.24,0.75,2023-2024,False,MA,1,False,False
2024-05-18,Louisiana,0.01,0.02,0.25,0.28,0.55,2023-2024,False,LA,6,True,False
2024-05-18,California,0.01,0.01,0.48,0.34,0.84,2023-2024,False,CA,9,False,False
2024-05-18,Arkansas,0.04,0.03,0.24,0.32,0.59,2023-2024,False,AR,6,True,False
2024-05-18,Alaska,0.03,0.1,0.26,1.12,1.41,2023-2024,False,AK,10,False,False
2024-05-18,North Carolina,0.03,0.03,0.37,0.61,0.99,2023-2024,False,NC,4,True,False
2024-05-18,New Jersey,0.01,0.01,0.44,0.26,0.72,2023-2024,False,NJ,2,False,False
2024-05-18,Nevada,0.02,0.03,0.52,0.39,0.91,2023-2024,False,NV,9,False,False
2024-05-18,Mississippi,0.03,0.03,0.24,0.34,0.6,2023-2024,False,MS,4,True,False
2024-05-18,Kansas,0.05,0.05,0.23,0.15,0.41,2023-2024,False,KS,7,False,False
2024-05-18,Idaho,0.1,0.08,0.35,0.22,0.66,2023-2024,False,ID,10,False,False
2024-05-18,Florida,0.03,0.04,0.52,0.72,1.26,2023-2024,False,FL,4,False,False
2024-05-18,District of Columbia,0.04,0.02,0.35,0.18,0.57,2023-2024,False,DC,3,False,False
2024-05-18,Delaware,0.05,0.03,0.39,0.2,0.62,2023-2024,False,DE,3,False,False
2024-05-18,Arizona,0.02,0.03,0.71,0.57,1.29,2023-2024,False,AZ,9,False,False
2024-05-18,Hawaii,0.02,0.02,1.69,0.87,2.57,2023-2024,False,HI,9,False,False
2024-05-18,South Carolina,0.02,0.02,0.28,0.17,0.47,2023-2024,False,SC,4,True,False
2024-05-18,Wyoming,0.12,0.2,0.39,0.31,0.81,2023-2024,False,WY,8,False,False
2024-05-18,Utah,0.02,0.04,0.5,0.22,0.75,2023-2024,False,UT,8,False,False
2024-05-18,Tennessee,0.04,0.05,0.22,0.25,0.5,2023-2024,False,TN,4,True,False
2024-05-18,New York,0.01,0.02,0.42,0.21,0.64,2023-2024,False,NY,2,False,True
2024-05-18,Wisconsin,0.04,0.05,0.32,0.18,0.53,2023-2024,False,WI,5,False,False
2024-05-18,Kentucky,0.03,0.04,0.32,0.22,0.57,2023-2024,False,KY,4,False,False
2024-05-18,Indiana,0.02,0.03,0.15,0.16,0.34,2023-2024,False,IN,5,False,False
2024-05-18,Illinois,0.03,0.05,0.34,0.22,0.59,2023-2024,False,IL,5,False,False
2024-05-18,Connecticut,0.0,0.01,0.47,0.28,0.74,2023-2024,False,CT,1,False,False
2024-05-18,Colorado,0.05,0.05,0.45,0.3,0.79,2023-2024,False,CO,8,False,False
2024-05-18,Alabama,0.02,0.04,0.18,0.29,0.48,2023-2024,False,AL,4,True,False
2024-05-18,Georgia,0.02,0.02,0.17,0.11,0.29,2023-2024,False,GA,4,True,False
2024-05-18,Iowa,0.05,0.09,0.22,0.16,0.43,2023-2024,False,IA,7,False,False
2024-05-18,Maine,0.01,0.01,0.58,0.36,0.94,2023-2024,False,ME,1,False,False
2024-05-18,Pennsylvania,0.02,0.02,0.23,0.13,0.38,2023-2024,False,PA,3,False,False
2024-05-18,Rhode Island,0.01,0.01,0.19,0.17,0.35,2023-2024,False,RI,1,False,False
2024-05-18,West Virginia,0.06,0.07,0.43,0.1,0.55,2023-2024,False,WV,3,False,False
2024-05-18,Washington,0.04,0.03,0.61,0.46,1.09,2023-2024,False,WA,10,False,False
2024-05-25,Colorado,0.03,0.04,0.47,0.25,0.75,2023-2024,False,CO,8,False,False
2024-05-25,New Jersey,0.01,0.01,0.43,0.21,0.65,2023-2024,False,NJ,2,False,False
2024-05-25,Mississippi,0.01,0.03,0.21,0.23,0.45,2023-2024,False,MS,4,True,False
2024-05-25,Michigan,0.01,0.02,0.23,0.16,0.4,2023-2024,False,MI,5,False,False
2024-05-25,Maine,0.02,0.02,0.38,0.34,0.75,2023-2024,False,ME,1,False,False
2024-05-25,Alaska,0.01,0.05,0.46,0.99,1.44,2023-2024,False,AK,10,False,False
2024-05-25,Vermont,0.03,0.02,0.34,0.08,0.47,2023-2024,False,VT,1,False,False
2024-05-25,Pennsylvania,0.01,0.01,0.18,0.08,0.27,2023-2024,False,PA,3,False,False
2024-05-25,Oklahoma,0.01,0.02,0.2,0.13,0.35,2023-2024,False,OK,6,False,False
2024-05-25,Minnesota,0.04,0.05,0.4,0.22,0.66,2023-2024,False,MN,5,False,True
2024-05-25,Massachusetts,0.02,0.03,0.55,0.2,0.76,2023-2024,False,MA,1,False,False
2024-05-25,Maryland,0.02,0.02,0.39,0.11,0.5,2023-2024,False,MD,3,False,False
2024-05-25,Louisiana,0.03,0.03,0.32,0.23,0.58,2023-2024,False,LA,6,True,False
2024-05-25,Iowa,0.04,0.06,0.19,0.07,0.31,2023-2024,False,IA,7,False,False
2024-05-25,Georgia,0.02,0.02,0.2,0.12,0.34,2023-2024,False,GA,4,True,False
2024-05-25,South Carolina,0.01,0.02,0.36,0.18,0.53,2023-2024,False,SC,4,True,False
2024-05-25,Rhode Island,0.0,0.01,0.32,0.11,0.43,2023-2024,False,RI,1,False,False
2024-05-25,New York,0.02,0.02,0.49,0.17,0.67,2023-2024,False,NY,2,False,True
2024-05-25,Indiana,0.02,0.02,0.22,0.09,0.32,2023-2024,False,IN,5,False,False
2024-05-25,Kansas,0.05,0.05,0.18,0.14,0.36,2023-2024,False,KS,7,False,False
2024-05-25,Kentucky,0.02,0.02,0.33,0.14,0.49,2023-2024,False,KY,4,False,False
2024-05-25,Montana,0.05,0.07,0.52,0.07,0.64,2023-2024,False,MT,8,False,False
2024-05-25,Nevada,0.02,0.02,0.58,0.35,0.93,2023-2024,False,NV,9,False,False
2024-05-25,New Hampshire,0.0,0.01,0.37,0.11,,2023-2024,False,NH,1,False,False
2024-05-25,North Carolina,0.02,0.03,0.33,0.51,0.85,2023-2024,False,NC,4,True,False
2024-05-25,North Dakota,0.02,0.04,0.1,0.07,0.18,2023-2024,False,ND,8,False,False
2024-05-25,Oregon,0.02,0.03,0.61,0.46,1.08,2023-2024,False,OR,10,False,False
2024-05-25,South Dakota,0.05,0.12,0.2,0.09,,2023-2024,False,SD,8,False,False
2024-05-25,Tennessee,0.04,0.04,0.24,0.22,0.48,2023-2024,False,TN,4,True,False
2024-05-25,Texas,0.04,0.04,0.38,0.3,0.71,2023-2024,False,TX,6,False,False
2024-05-25,Virginia,0.02,0.02,0.39,0.17,0.58,2023-2024,False,VA,3,False,False
2024-05-25,Washington,0.02,0.03,0.67,0.33,1.02,2023-2024,False,WA,10,False,False
2024-05-25,West Virginia,0.05,0.06,0.32,0.09,0.45,2023-2024,False,WV,3,False,False
2024-05-25,Wyoming,0.12,0.18,0.47,0.31,0.94,2023-2024,False,WY,8,False,False
2024-05-25,Wisconsin,0.02,0.04,0.27,0.1,0.38,2023-2024,False,WI,5,False,False
2024-05-25,Utah,0.02,0.04,0.47,0.14,0.63,2023-2024,False,UT,8,False,False
2024-05-25,Ohio,0.01,0.02,0.22,0.08,0.32,2023-2024,False,OH,5,False,False
2024-05-25,New Mexico,0.0,0.02,0.94,0.54,1.46,2023-2024,False,NM,6,False,False
2024-05-25,Nebraska,0.05,0.05,0.21,0.07,0.33,2023-2024,False,NE,7,False,False
2024-05-25,Illinois,0.03,0.04,0.37,0.14,0.54,2023-2024,False,IL,5,False,False
2024-05-25,Idaho,0.02,0.06,0.31,0.23,0.56,2023-2024,False,ID,10,False,False
2024-05-25,Hawaii,0.03,0.02,2.56,1.46,4.03,2023-2024,False,HI,9,False,False
2024-05-25,Florida,0.04,0.04,0.65,0.73,1.4,2023-2024,False,FL,4,False,False
2024-05-25,District of Columbia,0.01,0.03,0.39,0.15,0.55,2023-2024,False,DC,3,False,False
2024-05-25,Delaware,0.02,0.02,0.3,0.09,0.41,2023-2024,False,DE,3,False,False
2024-05-25,Connecticut,0.0,0.0,0.49,0.17,0.66,2023-2024,False,CT,1,False,False
2024-05-25,California,0.01,0.01,0.51,0.31,0.85,2023-2024,False,CA,9,False,False
2024-05-25,Arkansas,0.04,0.04,0.2,0.38,0.61,2023-2024,False,AR,6,True,False
2024-05-25,Arizona,0.02,0.02,0.86,0.67,1.53,2023-2024,False,AZ,9,False,False
2024-05-25,Alabama,0.03,0.03,0.27,0.27,0.57,2023-2024,False,AL,4,True,False
2024-06-01,Wyoming,0.11,0.11,0.72,0.14,0.97,2023-2024,False,WY,8,False,False
2024-06-01,Washington,0.01,0.03,0.92,0.37,1.29,2023-2024,False,WA,10,False,False
2024-06-01,Rhode Island,0.0,0.0,0.25,0.09,0.34,2023-2024,False,RI,1,False,False
2024-06-01,Pennsylvania,0.01,0.01,0.24,0.09,0.34,2023-2024,False,PA,3,False,False
2024-06-01,North Carolina,0.01,0.02,0.37,0.48,0.84,2023-2024,False,NC,4,True,False
2024-06-01,New Mexico,0.03,0.02,1.04,0.48,1.55,2023-2024,False,NM,6,False,False
2024-06-01,Hawaii,0.01,0.02,3.84,1.82,5.58,2023-2024,False,HI,9,False,False
2024-06-01,Iowa,0.03,0.04,0.22,0.06,0.31,2023-2024,False,IA,7,False,False
2024-06-01,Maine,0.01,0.01,0.44,0.14,0.58,2023-2024,False,ME,1,False,False
2024-06-01,Alaska,0.01,0.02,1.1,1.0,2.05,2023-2024,False,AK,10,False,False
2024-06-01,Arizona,0.01,0.02,0.99,0.67,1.66,2023-2024,False,AZ,9,False,False
2024-06-01,Arkansas,0.03,0.04,0.31,0.28,0.6,2023-2024,False,AR,6,True,False
2024-06-01,Idaho,0.02,0.05,0.61,0.25,0.89,2023-2024,False,ID,10,False,False
2024-06-01,Illinois,0.02,0.03,0.37,0.13,0.52,2023-2024,False,IL,5,False,False
2024-06-01,New Jersey,0.01,0.01,0.45,0.16,0.62,2023-2024,False,NJ,2,False,False
2024-06-01,California,0.01,0.01,0.68,0.34,1.06,2023-2024,False,CA,9,False,False
2024-06-01,Connecticut,0.0,0.0,0.65,0.12,0.77,2023-2024,False,CT,1,False,False
2024-06-01,Delaware,0.02,0.03,0.34,0.09,0.45,2023-2024,False,DE,3,False,False
2024-06-01,Colorado,0.01,0.03,0.61,0.19,0.81,2023-2024,False,CO,8,False,False
2024-06-01,Ohio,0.01,0.01,0.23,0.07,0.32,2023-2024,False,OH,5,False,False
2024-06-01,South Carolina,0.01,0.01,0.36,0.1,0.48,2023-2024,False,SC,4,True,False
2024-06-01,Utah,0.01,0.02,0.66,0.27,0.94,2023-2024,False,UT,8,False,False
2024-06-01,Georgia,0.03,0.02,0.24,0.1,0.37,2023-2024,False,GA,4,True,False
2024-06-01,Louisiana,0.03,0.02,0.43,0.28,0.72,2023-2024,False,LA,6,True,False
2024-06-01,Nebraska,0.03,0.03,0.15,0.06,0.23,2023-2024,False,NE,7,False,False
2024-06-01,Nevada,0.02,0.02,0.71,0.39,1.11,2023-2024,False,NV,9,False,False
2024-06-01,New Hampshire,0.0,0.01,0.41,0.18,,2023-2024,False,NH,1,False,False
2024-06-01,North Dakota,0.0,0.02,0.27,0.02,0.28,2023-2024,False,ND,8,False,False
2024-06-01,Oregon,0.02,0.02,0.8,0.47,1.27,2023-2024,False,OR,10,False,False
2024-06-01,Tennessee,0.03,0.04,0.27,0.18,0.47,2023-2024,False,TN,4,True,False
2024-06-01,Vermont,0.07,0.03,0.3,0.08,0.45,2023-2024,False,VT,1,False,False
2024-06-01,Virginia,0.02,0.02,0.43,0.13,0.57,2023-2024,False,VA,3,False,False
2024-06-01,Wisconsin,0.01,0.02,0.29,0.08,0.39,2023-2024,False,WI,5,False,False
2024-06-01,Florida,0.03,0.04,0.87,0.73,1.62,2023-2024,False,FL,4,False,False
2024-06-01,Indiana,0.02,0.02,0.2,0.11,0.32,2023-2024,False,IN,5,False,False
2024-06-01,Maryland,0.01,0.02,0.46,0.11,0.58,2023-2024,False,MD,3,False,False
2024-06-01,Massachusetts,0.02,0.02,0.49,0.15,0.64,2023-2024,False,MA,1,False,False
2024-06-01,Michigan,0.01,0.02,0.29,0.09,0.39,2023-2024,False,MI,5,False,False
2024-06-01,Texas,0.04,0.04,0.49,0.27,0.79,2023-2024,False,TX,6,False,False
2024-06-01,South Dakota,0.04,0.07,0.34,0.02,,2023-2024,False,SD,8,False,False
2024-06-01,Oklahoma,0.01,0.02,0.16,0.11,0.28,2023-2024,False,OK,6,False,False
2024-06-01,New York,0.01,0.01,0.53,0.11,0.65,2023-2024,False,NY,2,False,True
2024-06-01,Montana,0.02,0.05,0.5,0.1,0.62,2023-2024,False,MT,8,False,False
2024-06-01,Kansas,0.02,0.04,0.24,0.11,0.36,2023-2024,False,KS,7,False,False
2024-06-01,West Virginia,0.01,0.04,0.22,0.1,0.33,2023-2024,False,WV,3,False,False
2024-06-01,Mississippi,0.05,0.03,0.22,0.29,0.55,2023-2024,False,MS,4,True,False
2024-06-01,Minnesota,0.03,0.04,0.4,0.2,0.62,2023-2024,False,MN,5,False,True
2024-06-01,District of Columbia,0.01,0.02,0.53,0.09,0.63,2023-2024,False,DC,3,False,False
2024-06-01,Alabama,0.01,0.02,0.28,0.29,0.59,2023-2024,False,AL,4,True,False
2024-06-01,Kentucky,0.02,0.02,0.35,0.15,0.52,2023-2024,False,KY,4,False,False
2024-06-08,Oregon,0.02,0.02,0.87,0.41,1.29,2023-2024,False,OR,10,False,False
2024-06-08,New Hampshire,0.0,0.0,0.34,0.18,,2023-2024,False,NH,1,False,False
2024-06-08,Nebraska,0.01,0.03,0.27,0.04,0.33,2023-2024,False,NE,7,False,False
2024-06-08,Minnesota,0.02,0.03,0.54,0.14,0.69,2023-2024,False,MN,5,False,True
2024-06-08,Maryland,0.02,0.02,0.54,0.08,0.64,2023-2024,False,MD,3,False,False
2024-06-08,Maine,0.01,0.01,0.46,0.1,0.57,2023-2024,False,ME,1,False,False
2024-06-08,Illinois,0.02,0.02,0.48,0.1,0.6,2023-2024,False,IL,5,False,False
2024-06-08,Idaho,0.04,0.03,0.6,0.21,0.83,2023-2024,False,ID,10,False,False
2024-06-08,Alaska,0.01,0.01,1.25,0.73,1.99,2023-2024,False,AK,10,False,False
2024-06-08,Wisconsin,0.02,0.02,0.32,0.07,0.41,2023-2024,False,WI,5,False,False
2024-06-08,Washington,0.02,0.02,1.09,0.35,1.44,2023-2024,False,WA,10,False,False
2024-06-08,Vermont,0.0,0.03,0.52,0.03,0.55,2023-2024,False,VT,1,False,False
2024-06-08,Utah,0.01,0.01,0.74,0.23,0.98,2023-2024,False,UT,8,False,False
2024-06-08,Tennessee,0.04,0.04,0.31,0.18,0.52,2023-2024,False,TN,4,True,False
2024-06-08,Pennsylvania,0.01,0.01,0.28,0.06,0.35,2023-2024,False,PA,3,False,False
2024-06-08,Arizona,0.01,0.02,1.15,0.6,1.74,2023-2024,False,AZ,9,False,False
2024-06-08,Colorado,0.01,0.02,0.71,0.12,0.83,2023-2024,False,CO,8,False,False
2024-06-08,District of Columbia,0.03,0.02,0.5,0.15,0.67,2023-2024,False,DC,3,False,False
2024-06-08,Hawaii,0.03,0.02,4.44,1.83,6.18,2023-2024,False,HI,9,False,False
2024-06-08,Louisiana,0.03,0.03,0.5,0.18,0.69,2023-2024,False,LA,6,True,False
2024-06-08,Montana,0.02,0.03,0.68,0.15,0.85,2023-2024,False,MT,8,False,False
2024-06-08,New Jersey,0.01,0.01,0.58,0.15,0.75,2023-2024,False,NJ,2,False,False
2024-06-08,North Carolina,0.03,0.02,0.45,0.43,0.88,2023-2024,False,NC,4,True,False
2024-06-08,North Dakota,0.0,0.01,0.23,0.05,0.28,2023-2024,False,ND,8,False,False
2024-06-08,Ohio,0.01,0.01,0.28,0.06,0.35,2023-2024,False,OH,5,False,False
2024-06-08,Oklahoma,0.01,0.01,0.2,0.04,0.25,2023-2024,False,OK,6,False,False
2024-06-08,Rhode Island,0.0,0.0,0.47,0.16,0.59,2023-2024,False,RI,1,False,False
2024-06-08,Texas,0.03,0.04,0.58,0.25,0.85,2023-2024,False,TX,6,False,False
2024-06-08,Virginia,0.01,0.02,0.56,0.13,0.69,2023-2024,False,VA,3,False,False
2024-06-08,West Virginia,0.03,0.03,0.39,0.07,0.49,2023-2024,False,WV,3,False,False
2024-06-08,Wyoming,0.07,0.1,0.82,0.18,1.08,2023-2024,False,WY,8,False,False
2024-06-08,Mississippi,0.05,0.04,0.26,0.25,0.54,2023-2024,False,MS,4,True,False
2024-06-08,Massachusetts,0.01,0.02,0.6,0.12,0.73,2023-2024,False,MA,1,False,False
2024-06-08,Kentucky,0.02,0.02,0.41,0.13,0.56,2023-2024,False,KY,4,False,False
2024-06-08,Iowa,0.03,0.03,0.31,0.05,0.38,2023-2024,False,IA,7,False,False
2024-06-08,Connecticut,0.0,0.0,0.56,0.07,0.62,2023-2024,False,CT,1,False,False
2024-06-08,California,0.01,0.01,0.78,0.32,1.12,2023-2024,False,CA,9,False,False
2024-06-08,Alabama,0.03,0.02,0.35,0.22,0.59,2023-2024,False,AL,4,True,False
2024-06-08,Arkansas,0.02,0.03,0.32,0.37,0.66,2023-2024,False,AR,6,True,False
2024-06-08,Delaware,0.02,0.02,0.41,0.12,0.54,2023-2024,False,DE,3,False,False
2024-06-08,Florida,0.02,0.03,1.06,0.65,1.72,2023-2024,False,FL,4,False,False
2024-06-08,Georgia,0.01,0.02,0.28,0.12,0.4,2023-2024,False,GA,4,True,False
2024-06-08,Indiana,0.01,0.02,0.26,0.06,0.33,2023-2024,False,IN,5,False,False
2024-06-08,Kansas,0.03,0.03,0.22,0.1,0.35,2023-2024,False,KS,7,False,False
2024-06-08,Michigan,0.01,0.01,0.3,0.07,0.38,2023-2024,False,MI,5,False,False
2024-06-08,Nevada,0.01,0.02,0.76,0.34,1.1,2023-2024,False,NV,9,False,False
2024-06-08,New Mexico,0.01,0.02,1.21,0.35,1.57,2023-2024,False,NM,6,False,False
2024-06-08,South Dakota,0.0,0.03,0.35,0.05,,2023-2024,False,SD,8,False,False
2024-06-08,South Carolina,0.02,0.01,0.42,0.11,0.55,2023-2024,False,SC,4,True,False
2024-06-08,New York,0.01,0.01,0.58,0.1,0.69,2023-2024,False,NY,2,False,True
2024-06-15,Oregon,0.01,0.01,1.24,0.37,1.61,2023-2024,False,OR,10,False,False
2024-06-15,Washington,0.01,0.02,1.38,0.34,1.72,2023-2024,False,WA,10,False,False
2024-06-15,Pennsylvania,0.01,0.01,0.33,0.06,0.39,2023-2024,False,PA,3,False,False
2024-06-15,Ohio,0.0,0.01,0.34,0.07,0.42,2023-2024,False,OH,5,False,False
2024-06-15,North Carolina,0.01,0.02,0.54,0.42,0.94,2023-2024,False,NC,4,True,False
2024-06-15,New Jersey,0.01,0.01,0.64,0.14,0.78,2023-2024,False,NJ,2,False,False
2024-06-15,Connecticut,0.0,0.0,0.71,0.09,0.8,2023-2024,False,CT,1,False,False
2024-06-15,Delaware,0.0,0.01,0.47,0.07,0.54,2023-2024,False,DE,3,False,False
2024-06-15,District of Columbia,0.01,0.02,0.68,0.03,0.72,2023-2024,False,DC,3,False,False
2024-06-15,Iowa,0.02,0.03,0.29,0.04,0.35,2023-2024,False,IA,7,False,False
2024-06-15,Montana,0.05,0.03,0.77,0.1,0.92,2023-2024,False,MT,8,False,False
2024-06-15,Nebraska,0.01,0.02,0.18,0.04,0.23,2023-2024,False,NE,7,False,False
2024-06-15,Texas,0.03,0.03,0.74,0.23,0.99,2023-2024,False,TX,6,False,False
2024-06-15,West Virginia,0.0,0.02,0.39,0.03,0.43,2023-2024,False,WV,3,False,False
2024-06-15,Vermont,0.02,0.03,0.55,0.05,0.64,2023-2024,False,VT,1,False,False
2024-06-15,Utah,0.02,0.01,0.81,0.17,0.99,2023-2024,False,UT,8,False,False
2024-06-15,Tennessee,0.02,0.03,0.38,0.15,0.54,2023-2024,False,TN,4,True,False
2024-06-15,South Dakota,0.05,0.03,0.55,0.07,,2023-2024,False,SD,8,False,False
2024-06-15,New Mexico,0.01,0.02,1.4,0.18,1.59,2023-2024,False,NM,6,False,False
2024-06-15,Michigan,0.01,0.01,0.35,0.06,0.42,2023-2024,False,MI,5,False,False
2024-06-15,Maine,0.01,0.01,0.66,0.11,0.76,2023-2024,False,ME,1,False,False
2024-06-15,Kentucky,0.02,0.02,0.47,0.11,0.59,2023-2024,False,KY,4,False,False
2024-06-15,Illinois,0.02,0.02,0.52,0.11,0.64,2023-2024,False,IL,5,False,False
2024-06-15,Colorado,0.01,0.01,0.71,0.13,0.85,2023-2024,False,CO,8,False,False
2024-06-15,California,0.01,0.01,0.94,0.27,1.23,2023-2024,False,CA,9,False,False
2024-06-15,Arizona,0.01,0.01,1.39,0.48,1.86,2023-2024,False,AZ,9,False,False
2024-06-15,Alaska,0.03,0.02,1.34,0.96,2.26,2023-2024,False,AK,10,False,False
2024-06-15,Alabama,0.04,0.03,0.5,0.28,0.8,2023-2024,False,AL,4,True,False
2024-06-15,Wyoming,0.0,0.06,0.66,0.37,1.09,2023-2024,False,WY,8,False,False
2024-06-15,Virginia,0.02,0.01,0.57,0.14,0.72,2023-2024,False,VA,3,False,False
2024-06-15,Wisconsin,0.01,0.01,0.44,0.05,0.5,2023-2024,False,WI,5,False,False
2024-06-15,Rhode Island,0.01,0.0,0.44,0.12,0.57,2023-2024,False,RI,1,False,False
2024-06-15,North Dakota,0.03,0.01,0.37,0.0,0.4,2023-2024,False,ND,8,False,False
2024-06-15,New York,0.01,0.01,0.68,0.09,0.78,2023-2024,False,NY,2,False,True
2024-06-15,Massachusetts,0.02,0.02,0.68,0.12,0.8,2023-2024,False,MA,1,False,False
2024-06-15,Maryland,0.01,0.01,0.61,0.12,0.73,2023-2024,False,MD,3,False,False
2024-06-15,Louisiana,0.0,0.02,0.61,0.17,0.78,2023-2024,False,LA,6,True,False
2024-06-15,Indiana,0.0,0.01,0.33,0.05,0.38,2023-2024,False,IN,5,False,False
2024-06-15,Idaho,0.01,0.02,0.54,0.11,0.63,2023-2024,False,ID,10,False,False
2024-06-15,Arkansas,0.04,0.03,0.38,0.27,0.66,2023-2024,False,AR,6,True,False
2024-06-15,Florida,0.04,0.03,1.39,0.52,1.93,2023-2024,False,FL,4,False,False
2024-06-15,Georgia,0.02,0.02,0.26,0.11,0.37,2023-2024,False,GA,4,True,False
2024-06-15,Hawaii,0.02,0.02,4.69,1.37,5.99,2023-2024,False,HI,9,False,False
2024-06-15,Kansas,0.01,0.02,0.29,0.1,0.39,2023-2024,False,KS,7,False,False
2024-06-15,Minnesota,0.03,0.02,0.66,0.12,0.8,2023-2024,False,MN,5,False,True
2024-06-15,Mississippi,0.03,0.04,0.44,0.26,0.73,2023-2024,False,MS,4,True,False
2024-06-15,Nevada,0.02,0.02,0.79,0.27,1.06,2023-2024,False,NV,9,False,False
2024-06-15,New Hampshire,0.0,0.0,0.45,0.2,,2023-2024,False,NH,1,False,False
2024-06-15,Oklahoma,0.01,0.01,0.33,0.07,0.4,2023-2024,False,OK,6,False,False
2024-06-15,South Carolina,0.01,0.01,0.54,0.09,0.63,2023-2024,False,SC,4,True,False
2024-06-22,Massachusetts,0.01,0.01,0.86,0.08,0.94,2023-2024,False,MA,1,False,False
2024-06-22,Delaware,0.02,0.01,0.62,0.03,0.67,2023-2024,False,DE,3,False,False
2024-06-22,Connecticut,0.01,0.0,0.86,0.06,0.93,2023-2024,False,CT,1,False,False
2024-06-22,California,0.01,0.01,1.17,0.24,1.46,2023-2024,False,CA,9,False,False
2024-06-22,Alaska,0.03,0.02,1.62,0.54,2.11,2023-2024,False,AK,10,False,False
2024-06-22,Alabama,0.03,0.03,0.65,0.21,0.88,2023-2024,False,AL,4,True,False
2024-06-22,Illinois,0.02,0.02,0.61,0.1,0.72,2023-2024,False,IL,5,False,False
2024-06-22,District of Columbia,0.0,0.01,0.67,0.08,0.76,2023-2024,False,DC,3,False,False
2024-06-22,New York,0.01,0.01,0.89,0.1,0.99,2023-2024,False,NY,2,False,True
2024-06-22,New Mexico,0.0,0.01,1.8,0.13,1.93,2023-2024,False,NM,6,False,False
2024-06-22,Indiana,0.01,0.01,0.43,0.06,0.5,2023-2024,False,IN,5,False,False
2024-06-22,Hawaii,0.02,0.02,5.08,1.03,6.1,2023-2024,False,HI,9,False,False
2024-06-22,Georgia,0.01,0.01,0.4,0.11,0.52,2023-2024,False,GA,4,True,False
2024-06-22,Florida,0.04,0.03,1.93,0.55,2.49,2023-2024,False,FL,4,False,False
2024-06-22,Nevada,0.02,0.02,1.01,0.34,1.36,2023-2024,False,NV,9,False,False
2024-06-22,Montana,0.0,0.02,0.82,0.08,0.9,2023-2024,False,MT,8,False,False
2024-06-22,Maine,0.02,0.01,0.62,0.07,0.71,2023-2024,False,ME,1,False,False
2024-06-22,Utah,0.01,0.01,0.93,0.14,1.07,2023-2024,False,UT,8,False,False
2024-06-22,Texas,0.03,0.03,0.98,0.21,1.2,2023-2024,False,TX,6,False,False
2024-06-22,Wisconsin,0.02,0.02,0.62,0.04,0.68,2023-2024,False,WI,5,False,False
2024-06-22,Virginia,0.01,0.01,0.79,0.16,0.95,2023-2024,False,VA,3,False,False
2024-06-22,Wyoming,0.0,0.02,0.73,0.24,0.96,2023-2024,False,WY,8,False,False
2024-06-22,Vermont,0.02,0.01,0.53,0.05,0.6,2023-2024,False,VT,1,False,False
2024-06-22,Pennsylvania,0.0,0.01,0.43,0.06,0.5,2023-2024,False,PA,3,False,False
2024-06-22,New Jersey,0.02,0.01,0.75,0.13,0.89,2023-2024,False,NJ,2,False,False
2024-06-22,Maryland,0.02,0.01,0.79,0.12,0.93,2023-2024,False,MD,3,False,False
2024-06-22,Minnesota,0.01,0.02,0.76,0.07,0.84,2023-2024,False,MN,5,False,True
2024-06-22,Mississippi,0.03,0.04,0.51,0.19,0.72,2023-2024,False,MS,4,True,False
2024-06-22,Nebraska,0.01,0.01,0.35,0.05,0.4,2023-2024,False,NE,7,False,False
2024-06-22,New Hampshire,0.0,0.0,0.55,0.04,,2023-2024,False,NH,1,False,False
2024-06-22,North Carolina,0.01,0.02,0.67,0.37,1.03,2023-2024,False,NC,4,True,False
2024-06-22,Louisiana,0.01,0.01,0.91,0.2,1.12,2023-2024,False,LA,6,True,False
2024-06-22,Kansas,0.01,0.02,0.34,0.03,0.37,2023-2024,False,KS,7,False,False
2024-06-22,North Dakota,0.03,0.02,0.2,0.07,0.31,2023-2024,False,ND,8,False,False
2024-06-22,Oklahoma,0.01,0.01,0.45,0.11,0.57,2023-2024,False,OK,6,False,False
2024-06-22,Oregon,0.02,0.01,1.5,0.36,1.86,2023-2024,False,OR,10,False,False
2024-06-22,Rhode Island,0.01,0.01,0.63,0.05,0.71,2023-2024,False,RI,1,False,False
2024-06-22,West Virginia,0.01,0.02,0.55,0.04,0.6,2023-2024,False,WV,3,False,False
2024-06-22,Washington,0.01,0.01,1.65,0.35,2.0,2023-2024,False,WA,10,False,False
2024-06-22,South Dakota,0.0,0.02,0.6,0.11,,2023-2024,False,SD,8,False,False
2024-06-22,South Carolina,0.0,0.01,0.65,0.13,0.78,2023-2024,False,SC,4,True,False
2024-06-22,Ohio,0.01,0.01,0.43,0.05,0.5,2023-2024,False,OH,5,False,False
2024-06-22,Michigan,0.0,0.01,0.44,0.06,0.51,2023-2024,False,MI,5,False,False
2024-06-22,Kentucky,0.01,0.02,0.6,0.17,0.77,2023-2024,False,KY,4,False,False
2024-06-22,Iowa,0.01,0.02,0.39,0.09,0.49,2023-2024,False,IA,7,False,False
2024-06-22,Idaho,0.02,0.02,0.88,0.14,1.02,2023-2024,False,ID,10,False,False
2024-06-22,Colorado,0.01,0.01,0.88,0.1,0.99,2023-2024,False,CO,8,False,False
2024-06-22,Arkansas,0.04,0.03,0.48,0.19,0.71,2023-2024,False,AR,6,True,False
2024-06-22,Arizona,0.0,0.01,1.76,0.41,2.14,2023-2024,False,AZ,9,False,False
2024-06-22,Tennessee,0.02,0.03,0.47,0.17,0.65,2023-2024,False,TN,4,True,False
2024-06-29,Mississippi,0.02,0.03,0.67,0.17,0.86,2023-2024,False,MS,4,True,False
2024-06-29,South Carolina,0.02,0.01,0.86,0.12,0.98,2023-2024,False,SC,4,True,False
2024-06-29,West Virginia,0.02,0.01,0.58,0.05,0.64,2023-2024,False,WV,3,False,False
2024-06-29,Oklahoma,0.0,0.0,0.49,0.09,0.57,2023-2024,False,OK,6,False,False
2024-06-29,North Carolina,0.0,0.01,0.91,0.45,1.31,2023-2024,False,NC,4,True,False
2024-06-29,New Hampshire,0.0,0.0,0.81,0.11,,2023-2024,False,NH,1,False,False
2024-06-29,Nevada,0.01,0.02,1.15,0.31,1.46,2023-2024,False,NV,9,False,False
2024-06-29,Minnesota,0.01,0.02,0.97,0.07,1.03,2023-2024,False,MN,5,False,True
2024-06-29,Maryland,0.02,0.01,0.87,0.12,1.0,2023-2024,False,MD,3,False,False
2024-06-29,Maine,0.01,0.01,0.63,0.08,0.72,2023-2024,False,ME,1,False,False
2024-06-29,Hawaii,0.03,0.02,4.36,1.01,5.36,2023-2024,False,HI,9,False,False
2024-06-29,Delaware,0.02,0.01,0.84,0.04,0.89,2023-2024,False,DE,3,False,False
2024-06-29,South Dakota,0.03,0.03,0.75,0.03,,2023-2024,False,SD,8,False,False
2024-06-29,Virginia,0.01,0.01,0.96,0.11,1.07,2023-2024,False,VA,3,False,False
2024-06-29,Washington,0.01,0.01,1.82,0.28,2.09,2023-2024,False,WA,10,False,False
2024-06-29,Wisconsin,0.01,0.01,0.69,0.06,0.75,2023-2024,False,WI,5,False,False
2024-06-29,Wyoming,0.0,0.0,1.34,0.16,1.18,2023-2024,False,WY,8,False,False
2024-06-29,Arizona,0.01,0.01,1.81,0.22,2.01,2023-2024,False,AZ,9,False,False
2024-06-29,Arkansas,0.02,0.03,0.58,0.16,0.76,2023-2024,False,AR,6,True,False
2024-06-29,California,0.01,0.01,1.45,0.25,1.71,2023-2024,False,CA,9,False,False
2024-06-29,District of Columbia,0.04,0.02,1.06,0.06,1.15,2023-2024,False,DC,3,False,False
2024-06-29,Georgia,0.02,0.02,0.57,0.1,0.69,2023-2024,False,GA,4,True,False
2024-06-29,Illinois,0.01,0.02,0.81,0.1,0.91,2023-2024,False,IL,5,False,False
2024-06-29,Iowa,0.0,0.01,0.45,0.04,0.49,2023-2024,False,IA,7,False,False
2024-06-29,Kentucky,0.0,0.01,0.82,0.12,0.93,2023-2024,False,KY,4,False,False
2024-06-29,Michigan,0.01,0.01,0.53,0.05,0.58,2023-2024,False,MI,5,False,False
2024-06-29,Montana,0.0,0.02,0.92,0.07,0.98,2023-2024,False,MT,8,False,False
2024-06-29,Nebraska,0.01,0.01,0.53,0.05,0.59,2023-2024,False,NE,7,False,False
2024-06-29,Pennsylvania,0.0,0.01,0.49,0.04,0.53,2023-2024,False,PA,3,False,False
2024-06-29,Tennessee,0.03,0.02,0.66,0.14,0.82,2023-2024,False,TN,4,True,False
2024-06-29,Texas,0.02,0.03,1.35,0.19,1.54,2023-2024,False,TX,6,False,False
2024-06-29,Utah,0.0,0.01,0.93,0.14,1.07,2023-2024,False,UT,8,False,False
2024-06-29,Vermont,0.03,0.02,0.85,0.03,0.93,2023-2024,False,VT,1,False,False
2024-06-29,Ohio,0.01,0.01,0.52,0.05,0.59,2023-2024,False,OH,5,False,False
2024-06-29,New Mexico,0.0,0.01,1.62,0.06,1.68,2023-2024,False,NM,6,False,False
2024-06-29,New Jersey,0.01,0.02,0.83,0.11,0.95,2023-2024,False,NJ,2,False,False
2024-06-29,Massachusetts,0.01,0.01,0.99,0.09,1.07,2023-2024,False,MA,1,False,False
2024-06-29,Louisiana,0.02,0.01,1.19,0.15,1.36,2023-2024,False,LA,6,True,False
2024-06-29,Alabama,0.0,0.02,0.87,0.18,1.04,2023-2024,False,AL,4,True,False
2024-06-29,Colorado,0.0,0.01,0.95,0.09,1.03,2023-2024,False,CO,8,False,False
2024-06-29,Florida,0.04,0.04,2.45,0.53,2.99,2023-2024,False,FL,4,False,False
2024-06-29,Indiana,0.01,0.01,0.56,0.05,0.62,2023-2024,False,IN,5,False,False
2024-06-29,Kansas,0.0,0.01,0.47,0.07,0.53,2023-2024,False,KS,7,False,False
2024-06-29,Rhode Island,0.01,0.01,0.53,0.06,0.56,2023-2024,False,RI,1,False,False
2024-06-29,Oregon,0.01,0.01,1.69,0.2,1.9,2023-2024,False,OR,10,False,False
2024-06-29,North Dakota,0.0,0.02,0.55,0.06,0.6,2023-2024,False,ND,8,False,False
2024-06-29,New York,0.01,0.01,0.93,0.09,1.02,2023-2024,False,NY,2,False,True
2024-06-29,Idaho,0.05,0.03,0.94,0.14,1.08,2023-2024,False,ID,10,False,False
2024-06-29,Connecticut,0.0,0.0,0.92,0.05,0.97,2023-2024,False,CT,1,False,False
2024-06-29,Alaska,0.0,0.02,1.51,0.45,1.94,2023-2024,False,AK,10,False,False
2024-07-06,Michigan,0.0,0.01,0.76,0.05,0.81,2024-2025,False,MI,5,False,False
2024-07-06,West Virginia,0.01,0.01,0.72,0.07,0.79,2024-2025,False,WV,3,False,False
2024-07-06,Iowa,0.02,0.01,0.7,0.05,0.76,2024-2025,False,IA,7,False,False
2024-07-06,Pennsylvania,0.0,0.0,0.6,0.05,0.65,2024-2025,False,PA,3,False,False
2024-07-06,South Dakota,0.03,0.02,1.01,0.02,,2024-2025,False,SD,8,False,False
2024-07-06,Alabama,0.01,0.02,1.15,0.21,1.35,2024-2025,False,AL,4,True,False
2024-07-06,North Dakota,0.0,0.01,0.6,0.05,0.65,2024-2025,False,ND,8,False,False
2024-07-06,Arizona,0.01,0.01,1.79,0.17,1.93,2024-2025,False,AZ,9,False,False
2024-07-06,Arkansas,0.01,0.02,0.8,0.28,1.07,2024-2025,False,AR,6,True,False
2024-07-06,District of Columbia,0.03,0.02,1.49,0.07,1.59,2024-2025,False,DC,3,False,False
2024-07-06,Hawaii,0.0,0.01,4.03,1.05,5.05,2024-2025,False,HI,9,False,False
2024-07-06,Illinois,0.02,0.02,1.1,0.07,1.19,2024-2025,False,IL,5,False,False
2024-07-06,Georgia,0.0,0.01,0.78,0.11,0.89,2024-2025,False,GA,4,True,False
2024-07-06,Florida,0.04,0.04,3.23,0.51,3.75,2024-2025,False,FL,4,False,False
2024-07-06,Delaware,0.01,0.02,0.86,0.07,0.94,2024-2025,False,DE,3,False,False
2024-07-06,Colorado,0.0,0.01,1.17,0.09,1.26,2024-2025,False,CO,8,False,False
2024-07-06,Texas,0.03,0.03,1.89,0.21,2.11,2024-2025,False,TX,6,False,False
2024-07-06,Virginia,0.01,0.01,1.32,0.13,1.45,2024-2025,False,VA,3,False,False
2024-07-06,California,0.0,0.01,1.73,0.22,1.97,2024-2025,False,CA,9,False,False
2024-07-06,Kansas,0.0,0.0,0.6,0.06,0.66,2024-2025,False,KS,7,False,False
2024-07-06,Kentucky,0.02,0.01,1.12,0.14,1.28,2024-2025,False,KY,4,False,False
2024-07-06,Louisiana,0.01,0.02,1.77,0.18,1.95,2024-2025,False,LA,6,True,False
2024-07-06,Maine,0.0,0.01,0.9,0.03,0.92,2024-2025,False,ME,1,False,False
2024-07-06,New Jersey,0.0,0.01,0.97,0.12,1.08,2024-2025,False,NJ,2,False,False
2024-07-06,New Mexico,0.01,0.01,1.68,0.1,1.79,2024-2025,False,NM,6,False,False
2024-07-06,North Carolina,0.02,0.01,1.14,0.38,1.47,2024-2025,False,NC,4,True,False
2024-07-06,Utah,0.02,0.01,1.21,0.09,1.32,2024-2025,False,UT,8,False,False
2024-07-06,Montana,0.02,0.01,1.45,0.09,1.56,2024-2025,False,MT,8,False,False
2024-07-06,Minnesota,0.01,0.01,1.18,0.09,1.28,2024-2025,False,MN,5,False,True
2024-07-06,Maryland,0.02,0.02,1.17,0.1,1.28,2024-2025,False,MD,3,False,False
2024-07-06,Indiana,0.0,0.01,0.78,0.05,0.83,2024-2025,False,IN,5,False,False
2024-07-06,Oregon,0.01,0.01,1.76,0.16,1.93,2024-2025,False,OR,10,False,False
2024-07-06,Rhode Island,0.0,0.01,0.91,0.1,0.98,2024-2025,False,RI,1,False,False
2024-07-06,Vermont,0.0,0.02,0.96,0.1,1.08,2024-2025,False,VT,1,False,False
2024-07-06,Washington,0.0,0.01,1.91,0.21,2.11,2024-2025,False,WA,10,False,False
2024-07-06,Alaska,0.0,0.01,1.81,0.35,2.14,2024-2025,False,AK,10,False,False
2024-07-06,Mississippi,0.04,0.03,1.32,0.24,1.56,2024-2025,False,MS,4,True,False
2024-07-06,Nebraska,0.01,0.01,0.49,0.04,0.54,2024-2025,False,NE,7,False,False
2024-07-06,Connecticut,0.0,0.0,1.25,0.05,1.3,2024-2025,False,CT,1,False,False
2024-07-06,Idaho,0.02,0.03,1.37,0.07,1.43,2024-2025,False,ID,10,False,False
2024-07-06,Massachusetts,0.01,0.01,1.36,0.1,1.45,2024-2025,False,MA,1,False,False
2024-07-06,Nevada,0.01,0.01,1.3,0.16,1.46,2024-2025,False,NV,9,False,False
2024-07-06,New York,0.02,0.01,1.12,0.07,1.2,2024-2025,False,NY,2,False,True
2024-07-06,Wyoming,0.0,0.0,1.5,0.13,0.0,2024-2025,False,WY,8,False,False
2024-07-06,Wisconsin,0.01,0.01,0.94,0.06,0.97,2024-2025,False,WI,5,False,False
2024-07-06,Tennessee,0.02,0.02,0.84,0.15,1.0,2024-2025,False,TN,4,True,False
2024-07-06,South Carolina,0.02,0.01,1.23,0.1,1.34,2024-2025,False,SC,4,True,False
2024-07-06,Oklahoma,0.03,0.01,0.7,0.07,0.79,2024-2025,False,OK,6,False,False
2024-07-06,Ohio,0.01,0.01,0.69,0.05,0.76,2024-2025,False,OH,5,False,False
2024-07-06,New Hampshire,0.0,0.0,1.04,0.11,,2024-2025,False,NH,1,False,False
2024-07-13,Maryland,0.01,0.02,1.44,0.09,1.53,2024-2025,False,MD,3,False,False
2024-07-13,Wisconsin,0.01,0.01,1.03,0.03,1.05,2024-2025,False,WI,5,False,False
2024-07-13,Vermont,0.0,0.01,0.97,0.05,1.05,2024-2025,False,VT,1,False,False
2024-07-13,Virginia,0.01,0.01,1.5,0.11,1.6,2024-2025,False,VA,3,False,False
2024-07-13,Ohio,0.0,0.01,0.9,0.04,0.96,2024-2025,False,OH,5,False,False
2024-07-13,Washington,0.01,0.01,1.94,0.17,2.09,2024-2025,False,WA,10,False,False
2024-07-13,West Virginia,0.0,0.01,0.89,0.02,0.9,2024-2025,False,WV,3,False,False
2024-07-13,Wyoming,0.0,0.0,1.77,0.08,0.0,2024-2025,False,WY,8,False,False
2024-07-13,Alabama,0.03,0.01,1.59,0.19,1.79,2024-2025,False,AL,4,True,False
2024-07-13,Arkansas,0.02,0.01,1.21,0.12,1.34,2024-2025,False,AR,6,True,False
2024-07-13,Connecticut,0.0,0.0,1.35,0.04,1.4,2024-2025,False,CT,1,False,False
2024-07-13,Kentucky,0.02,0.01,1.38,0.1,1.49,2024-2025,False,KY,4,False,False
2024-07-13,New Hampshire,0.0,0.0,1.14,0.11,,2024-2025,False,NH,1,False,False
2024-07-13,New Jersey,0.01,0.01,1.25,0.13,1.38,2024-2025,False,NJ,2,False,False
2024-07-13,South Dakota,0.0,0.02,0.91,0.02,,2024-2025,False,SD,8,False,False
2024-07-13,Texas,0.02,0.03,2.39,0.18,2.57,2024-2025,False,TX,6,False,False
2024-07-13,Alaska,0.01,0.0,2.15,0.32,2.49,2024-2025,False,AK,10,False,False
2024-07-13,Delaware,0.01,0.01,1.04,0.04,1.09,2024-2025,False,DE,3,False,False
2024-07-13,Idaho,0.01,0.02,1.54,0.08,1.63,2024-2025,False,ID,10,False,False
2024-07-13,Illinois,0.01,0.01,1.2,0.09,1.3,2024-2025,False,IL,5,False,False
2024-07-13,Indiana,0.0,0.0,0.95,0.04,1.0,2024-2025,False,IN,5,False,False
2024-07-13,Kansas,0.01,0.0,0.72,0.1,0.82,2024-2025,False,KS,7,False,False
2024-07-13,Maine,0.0,0.0,1.1,0.06,1.15,2024-2025,False,ME,1,False,False
2024-07-13,Nevada,0.0,0.01,1.62,0.18,1.79,2024-2025,False,NV,9,False,False
2024-07-13,North Carolina,0.01,0.01,1.52,0.44,1.86,2024-2025,False,NC,4,True,False
2024-07-13,North Dakota,0.0,0.0,0.65,0.03,0.68,2024-2025,False,ND,8,False,False
2024-07-13,Oklahoma,0.0,0.01,0.99,0.05,1.05,2024-2025,False,OK,6,False,False
2024-07-13,Pennsylvania,0.0,0.0,0.78,0.04,0.82,2024-2025,False,PA,3,False,False
2024-07-13,Rhode Island,0.01,0.01,0.98,0.04,0.98,2024-2025,False,RI,1,False,False
2024-07-13,South Carolina,0.01,0.01,1.56,0.1,1.65,2024-2025,False,SC,4,True,False
2024-07-13,Nebraska,0.0,0.01,0.74,0.02,0.76,2024-2025,False,NE,7,False,False
2024-07-13,Montana,0.0,0.01,1.77,0.11,1.87,2024-2025,False,MT,8,False,False
2024-07-13,Minnesota,0.01,0.01,1.43,0.11,1.56,2024-2025,False,MN,5,False,True
2024-07-13,Michigan,0.01,0.01,0.83,0.05,0.88,2024-2025,False,MI,5,False,False
2024-07-13,Massachusetts,0.0,0.01,1.58,0.08,1.65,2024-2025,False,MA,1,False,False
2024-07-13,Hawaii,0.0,0.01,3.44,1.35,4.7,2024-2025,False,HI,9,False,False
2024-07-13,Georgia,0.0,0.01,1.1,0.1,1.19,2024-2025,False,GA,4,True,False
2024-07-13,District of Columbia,0.0,0.02,1.57,0.15,1.7,2024-2025,False,DC,3,False,False
2024-07-13,Arizona,0.01,0.01,1.91,0.14,2.04,2024-2025,False,AZ,9,False,False
2024-07-13,Utah,0.0,0.01,1.47,0.07,1.54,2024-2025,False,UT,8,False,False
2024-07-13,Tennessee,0.01,0.02,1.12,0.13,1.24,2024-2025,False,TN,4,True,False
2024-07-13,Oregon,0.01,0.01,1.91,0.1,2.02,2024-2025,False,OR,10,False,False
2024-07-13,New York,0.01,0.01,1.18,0.06,1.25,2024-2025,False,NY,2,False,True
2024-07-13,New Mexico,0.02,0.01,1.92,0.11,2.05,2024-2025,False,NM,6,False,False
2024-07-13,Mississippi,0.02,0.03,1.74,0.19,1.94,2024-2025,False,MS,4,True,False
2024-07-13,Louisiana,0.02,0.02,2.32,0.18,2.49,2024-2025,False,LA,6,True,False
2024-07-13,Iowa,0.02,0.01,0.81,0.04,0.87,2024-2025,False,IA,7,False,False
2024-07-13,Florida,0.04,0.04,3.89,0.46,4.35,2024-2025,False,FL,4,False,False
2024-07-13,Colorado,0.0,0.0,1.46,0.09,1.54,2024-2025,False,CO,8,False,False
2024-07-13,California,0.0,0.0,2.03,0.17,2.2,2024-2025,False,CA,9,False,False
2024-07-20,New Mexico,0.0,0.01,2.31,0.11,2.4,2024-2025,False,NM,6,False,False
2024-07-20,Wyoming,0.0,0.0,1.5,0.03,0.0,2024-2025,False,WY,8,False,False
2024-07-20,Wisconsin,0.0,0.01,1.46,0.02,1.48,2024-2025,False,WI,5,False,False
2024-07-20,West Virginia,0.0,0.0,1.04,0.04,1.07,2024-2025,False,WV,3,False,False
2024-07-20,Washington,0.0,0.0,2.04,0.13,2.15,2024-2025,False,WA,10,False,False
2024-07-20,Utah,0.01,0.01,1.62,0.09,1.71,2024-2025,False,UT,8,False,False
2024-07-20,Pennsylvania,0.01,0.0,0.97,0.04,1.01,2024-2025,False,PA,3,False,False
2024-07-20,Ohio,0.0,0.01,1.1,0.03,1.17,2024-2025,False,OH,5,False,False
2024-07-20,North Carolina,0.01,0.01,1.92,0.46,2.25,2024-2025,False,NC,4,True,False
2024-07-20,New Jersey,0.01,0.01,1.41,0.11,1.52,2024-2025,False,NJ,2,False,False
2024-07-20,New Hampshire,0.0,0.0,1.31,0.06,,2024-2025,False,NH,1,False,False
2024-07-20,Montana,0.02,0.01,1.56,0.07,1.65,2024-2025,False,MT,8,False,False
2024-07-20,Mississippi,0.03,0.03,2.17,0.22,2.39,2024-2025,False,MS,4,True,False
2024-07-20,Massachusetts,0.01,0.01,1.57,0.08,1.65,2024-2025,False,MA,1,False,False
2024-07-20,Maine,0.0,0.0,1.43,0.04,1.47,2024-2025,False,ME,1,False,False
2024-07-20,Hawaii,0.01,0.0,3.65,1.32,4.92,2024-2025,False,HI,9,False,False
2024-07-20,Georgia,0.01,0.01,1.45,0.11,1.56,2024-2025,False,GA,4,True,False
2024-07-20,District of Columbia,0.03,0.02,2.01,0.07,2.11,2024-2025,False,DC,3,False,False
2024-07-20,Colorado,0.0,0.0,1.61,0.05,1.67,2024-2025,False,CO,8,False,False
2024-07-20,Alabama,0.04,0.02,2.1,0.28,2.38,2024-2025,False,AL,4,True,False
2024-07-20,Illinois,0.01,0.01,1.51,0.07,1.59,2024-2025,False,IL,5,False,False
2024-07-20,Iowa,0.0,0.01,1.17,0.05,1.22,2024-2025,False,IA,7,False,False
2024-07-20,Kentucky,0.01,0.02,1.78,0.08,1.87,2024-2025,False,KY,4,False,False
2024-07-20,Michigan,0.0,0.01,1.06,0.04,1.09,2024-2025,False,MI,5,False,False
2024-07-20,Nebraska,0.0,0.0,0.9,0.0,0.9,2024-2025,False,NE,7,False,False
2024-07-20,North Dakota,0.0,0.0,0.77,0.02,0.79,2024-2025,False,ND,8,False,False
2024-07-20,Oklahoma,0.0,0.01,1.32,0.06,1.4,2024-2025,False,OK,6,False,False
2024-07-20,Oregon,0.0,0.01,2.04,0.11,2.15,2024-2025,False,OR,10,False,False
2024-07-20,Tennessee,0.02,0.02,1.42,0.13,1.55,2024-2025,False,TN,4,True,False
2024-07-20,Virginia,0.01,0.01,1.89,0.1,1.98,2024-2025,False,VA,3,False,False
2024-07-20,Arkansas,0.01,0.01,1.45,0.21,1.65,2024-2025,False,AR,6,True,False
2024-07-20,California,0.01,0.0,2.26,0.16,2.41,2024-2025,False,CA,9,False,False
2024-07-20,Delaware,0.03,0.02,1.56,0.01,1.6,2024-2025,False,DE,3,False,False
2024-07-20,Idaho,0.02,0.01,1.51,0.05,1.54,2024-2025,False,ID,10,False,False
2024-07-20,Kansas,0.02,0.01,1.11,0.07,1.19,2024-2025,False,KS,7,False,False
2024-07-20,South Dakota,0.0,0.01,1.04,0.08,,2024-2025,False,SD,8,False,False
2024-07-20,Texas,0.02,0.02,3.25,0.19,3.42,2024-2025,False,TX,6,False,False
2024-07-20,Alaska,0.01,0.01,2.57,0.34,2.89,2024-2025,False,AK,10,False,False
2024-07-20,Arizona,0.0,0.01,2.09,0.14,2.21,2024-2025,False,AZ,9,False,False
2024-07-20,Connecticut,0.01,0.01,1.66,0.04,1.7,2024-2025,False,CT,1,False,False
2024-07-20,Florida,0.04,0.04,4.31,0.43,4.75,2024-2025,False,FL,4,False,False
2024-07-20,Indiana,0.01,0.0,1.19,0.04,1.24,2024-2025,False,IN,5,False,False
2024-07-20,Louisiana,0.01,0.02,2.92,0.17,3.08,2024-2025,False,LA,6,True,False
2024-07-20,Maryland,0.0,0.01,1.66,0.08,1.73,2024-2025,False,MD,3,False,False
2024-07-20,Minnesota,0.0,0.01,1.63,0.05,1.68,2024-2025,False,MN,5,False,True
2024-07-20,Nevada,0.01,0.01,1.63,0.2,1.83,2024-2025,False,NV,9,False,False
2024-07-20,New York,0.01,0.01,1.26,0.08,1.34,2024-2025,False,NY,2,False,True
2024-07-20,Rhode Island,0.0,0.0,1.18,0.06,1.14,2024-2025,False,RI,1,False,False
2024-07-20,South Carolina,0.01,0.01,2.06,0.1,2.16,2024-2025,False,SC,4,True,False
2024-07-20,Vermont,0.05,0.02,1.07,0.02,1.17,2024-2025,False,VT,1,False,False
2024-07-27,New York,0.01,0.01,1.38,0.07,1.46,2024-2025,False,NY,2,False,True
2024-07-27,North Carolina,0.01,0.01,2.65,0.5,3.0,2024-2025,False,NC,4,True,False
2024-07-27,Ohio,0.0,0.0,1.43,0.05,1.53,2024-2025,False,OH,5,False,False
2024-07-27,Oklahoma,0.01,0.0,1.75,0.11,1.88,2024-2025,False,OK,6,False,False
2024-07-27,Pennsylvania,0.0,0.0,1.23,0.04,1.27,2024-2025,False,PA,3,False,False
2024-07-27,South Dakota,0.0,0.0,1.21,0.02,,2024-2025,False,SD,8,False,False
2024-07-27,Texas,0.03,0.02,3.69,0.22,3.9,2024-2025,False,TX,6,False,False
2024-07-27,Wyoming,0.0,0.0,2.12,0.05,,2024-2025,False,WY,8,False,False
2024-07-27,Washington,0.01,0.01,2.22,0.09,2.29,2024-2025,False,WA,10,False,False
2024-07-27,Tennessee,0.02,0.02,1.92,0.15,2.07,2024-2025,False,TN,4,True,False
2024-07-27,South Carolina,0.01,0.01,2.7,0.14,2.82,2024-2025,False,SC,4,True,False
2024-07-27,New Hampshire,0.0,0.0,1.56,0.14,,2024-2025,False,NH,1,False,False
2024-07-27,Montana,0.0,0.01,1.83,0.07,1.89,2024-2025,False,MT,8,False,False
2024-07-27,Maryland,0.02,0.01,2.09,0.09,2.18,2024-2025,False,MD,3,False,False
2024-07-27,Louisiana,0.01,0.02,3.88,0.12,3.98,2024-2025,False,LA,6,True,False
2024-07-27,Kentucky,0.02,0.02,2.17,0.11,2.29,2024-2025,False,KY,4,False,False
2024-07-27,Indiana,0.0,0.0,1.7,0.06,1.75,2024-2025,False,IN,5,False,False
2024-07-27,Illinois,0.01,0.01,1.85,0.07,1.92,2024-2025,False,IL,5,False,False
2024-07-27,Connecticut,0.0,0.01,2.11,0.04,2.15,2024-2025,False,CT,1,False,False
2024-07-27,Colorado,0.01,0.01,1.91,0.07,1.98,2024-2025,False,CO,8,False,False
2024-07-27,Alaska,0.01,0.01,2.87,0.29,3.15,2024-2025,False,AK,10,False,False
2024-07-27,Virginia,0.01,0.01,2.39,0.11,2.5,2024-2025,False,VA,3,False,False
2024-07-27,Vermont,0.0,0.02,1.45,0.05,1.54,2024-2025,False,VT,1,False,False
2024-07-27,Utah,0.01,0.01,1.66,0.07,1.72,2024-2025,False,UT,8,False,False
2024-07-27,Rhode Island,0.0,0.0,1.2,0.07,1.15,2024-2025,False,RI,1,False,False
2024-07-27,Oregon,0.0,0.0,2.47,0.07,2.54,2024-2025,False,OR,10,False,False
2024-07-27,North Dakota,0.0,0.0,0.91,0.0,0.91,2024-2025,False,ND,8,False,False
2024-07-27,Nevada,0.01,0.01,1.65,0.12,1.78,2024-2025,False,NV,9,False,False
2024-07-27,Nebraska,0.01,0.0,1.16,0.01,1.16,2024-2025,False,NE,7,False,False
2024-07-27,Mississippi,0.03,0.02,3.05,0.28,3.32,2024-2025,False,MS,4,True,False
2024-07-27,Massachusetts,0.01,0.01,1.82,0.07,1.89,2024-2025,False,MA,1,False,False
2024-07-27,Iowa,0.02,0.01,1.73,0.06,1.79,2024-2025,False,IA,7,False,False
2024-07-27,Hawaii,0.03,0.01,3.38,1.03,4.39,2024-2025,False,HI,9,False,False
2024-07-27,Arizona,0.0,0.0,2.04,0.13,2.13,2024-2025,False,AZ,9,False,False
2024-07-27,Alabama,0.02,0.03,2.82,0.22,3.02,2024-2025,False,AL,4,True,False
2024-07-27,Florida,0.04,0.04,4.25,0.36,4.61,2024-2025,False,FL,4,False,False
2024-07-27,Georgia,0.02,0.01,1.86,0.09,1.96,2024-2025,False,GA,4,True,False
2024-07-27,Idaho,0.01,0.01,1.73,0.03,1.74,2024-2025,False,ID,10,False,False
2024-07-27,Minnesota,0.0,0.0,1.72,0.06,1.79,2024-2025,False,MN,5,False,True
2024-07-27,New Jersey,0.01,0.01,1.79,0.13,1.92,2024-2025,False,NJ,2,False,False
2024-07-27,New Mexico,0.01,0.01,2.53,0.05,2.59,2024-2025,False,NM,6,False,False
2024-07-27,West Virginia,0.01,0.0,1.42,0.08,1.5,2024-2025,False,WV,3,False,False
2024-07-27,Wisconsin,0.0,0.0,1.8,0.04,1.84,2024-2025,False,WI,5,False,False
2024-07-27,Arkansas,0.02,0.02,2.08,0.23,2.28,2024-2025,False,AR,6,True,False
2024-07-27,California,0.0,0.0,2.4,0.13,2.49,2024-2025,False,CA,9,False,False
2024-07-27,Delaware,0.0,0.01,1.95,0.03,1.98,2024-2025,False,DE,3,False,False
2024-07-27,District of Columbia,0.0,0.01,2.41,0.08,2.5,2024-2025,False,DC,3,False,False
2024-07-27,Kansas,0.0,0.01,1.38,0.05,1.43,2024-2025,False,KS,7,False,False
2024-07-27,Maine,0.01,0.0,1.52,0.07,1.59,2024-2025,False,ME,1,False,False
2024-07-27,Michigan,0.01,0.01,1.33,0.04,1.38,2024-2025,False,MI,5,False,False
2024-08-03,Arizona,0.0,0.0,1.93,0.12,2.03,2024-2025,False,AZ,9,False,False
2024-08-03,Florida,0.05,0.04,3.93,0.36,4.3,2024-2025,False,FL,4,False,False
2024-08-03,Hawaii,0.01,0.02,2.58,0.95,3.49,2024-2025,False,HI,9,False,False
2024-08-03,West Virginia,0.02,0.01,2.0,0.08,2.07,2024-2025,False,WV,3,False,False
2024-08-03,Oregon,0.01,0.0,2.56,0.05,2.62,2024-2025,False,OR,10,False,False
2024-08-03,North Carolina,0.01,0.01,3.46,0.57,3.84,2024-2025,False,NC,4,True,False
2024-08-03,Nebraska,0.01,0.01,1.28,0.04,1.32,2024-2025,False,NE,7,False,False
2024-08-03,Colorado,0.01,0.01,2.01,0.06,2.06,2024-2025,False,CO,8,False,False
2024-08-03,Delaware,0.01,0.01,2.31,0.07,2.38,2024-2025,False,DE,3,False,False
2024-08-03,Georgia,0.02,0.02,2.21,0.1,2.32,2024-2025,False,GA,4,True,False
2024-08-03,Indiana,0.01,0.01,2.0,0.07,2.08,2024-2025,False,IN,5,False,False
2024-08-03,Louisiana,0.01,0.01,4.1,0.16,4.24,2024-2025,False,LA,6,True,False
2024-08-03,Nevada,0.0,0.0,1.53,0.13,1.64,2024-2025,False,NV,9,False,False
2024-08-03,New Mexico,0.0,0.01,2.8,0.13,2.9,2024-2025,False,NM,6,False,False
2024-08-03,North Dakota,0.0,0.0,1.02,0.01,1.04,2024-2025,False,ND,8,False,False
2024-08-03,Ohio,0.01,0.01,1.73,0.04,1.83,2024-2025,False,OH,5,False,False
2024-08-03,Wyoming,0.0,0.0,2.11,0.11,,2024-2025,False,WY,8,False,False
2024-08-03,Washington,0.01,0.01,2.51,0.08,2.58,2024-2025,False,WA,10,False,False
2024-08-03,Virginia,0.01,0.01,2.85,0.13,2.96,2024-2025,False,VA,3,False,False
2024-08-03,Vermont,0.02,0.02,1.72,0.07,1.84,2024-2025,False,VT,1,False,False
2024-08-03,Texas,0.02,0.02,3.86,0.21,4.04,2024-2025,False,TX,6,False,False
2024-08-03,South Carolina,0.01,0.01,3.42,0.15,3.56,2024-2025,False,SC,4,True,False
2024-08-03,Rhode Island,0.0,0.0,1.54,0.06,1.39,2024-2025,False,RI,1,False,False
2024-08-03,New York,0.01,0.01,1.58,0.05,1.64,2024-2025,False,NY,2,False,True
2024-08-03,New Hampshire,0.0,0.0,1.71,0.07,,2024-2025,False,NH,1,False,False
2024-08-03,Massachusetts,0.02,0.01,2.04,0.08,2.11,2024-2025,False,MA,1,False,False
2024-08-03,Kentucky,0.02,0.02,2.85,0.08,2.94,2024-2025,False,KY,4,False,False
2024-08-03,Kansas,0.02,0.01,1.71,0.04,1.76,2024-2025,False,KS,7,False,False
2024-08-03,Oklahoma,0.0,0.0,2.02,0.08,2.08,2024-2025,False,OK,6,False,False
2024-08-03,Pennsylvania,0.0,0.0,1.46,0.04,1.51,2024-2025,False,PA,3,False,False
2024-08-03,Tennessee,0.02,0.02,2.3,0.15,2.44,2024-2025,False,TN,4,True,False
2024-08-03,Utah,0.01,0.01,1.83,0.07,1.89,2024-2025,False,UT,8,False,False
2024-08-03,District of Columbia,0.0,0.01,2.43,0.04,2.47,2024-2025,False,DC,3,False,False
2024-08-03,Idaho,0.01,0.01,2.08,0.03,2.09,2024-2025,False,ID,10,False,False
2024-08-03,Iowa,0.01,0.01,2.05,0.03,2.08,2024-2025,False,IA,7,False,False
2024-08-03,Maine,0.0,0.0,1.81,0.03,1.83,2024-2025,False,ME,1,False,False
2024-08-03,Maryland,0.01,0.01,2.43,0.06,2.5,2024-2025,False,MD,3,False,False
2024-08-03,Wisconsin,0.01,0.0,2.0,0.05,2.04,2024-2025,False,WI,5,False,False
2024-08-03,Michigan,0.01,0.01,1.53,0.03,1.56,2024-2025,False,MI,5,False,False
2024-08-03,Minnesota,0.0,0.0,1.9,0.1,2.0,2024-2025,False,MN,5,False,True
2024-08-03,New Jersey,0.01,0.01,1.84,0.08,1.93,2024-2025,False,NJ,2,False,False
2024-08-03,South Dakota,0.0,0.0,1.07,0.02,,2024-2025,False,SD,8,False,False
2024-08-03,California,0.01,0.01,2.66,0.13,2.78,2024-2025,False,CA,9,False,False
2024-08-03,Arkansas,0.03,0.02,2.56,0.18,2.73,2024-2025,False,AR,6,True,False
2024-08-03,Alaska,0.07,0.03,2.44,0.22,2.72,2024-2025,False,AK,10,False,False
2024-08-03,Montana,0.0,0.01,1.79,0.05,1.84,2024-2025,False,MT,8,False,False
2024-08-03,Mississippi,0.02,0.03,3.99,0.31,4.28,2024-2025,False,MS,4,True,False
2024-08-03,Illinois,0.01,0.01,2.06,0.06,2.12,2024-2025,False,IL,5,False,False
2024-08-03,Connecticut,0.01,0.01,2.11,0.05,2.16,2024-2025,False,CT,1,False,False
2024-08-03,Alabama,0.03,0.03,3.47,0.15,3.62,2024-2025,False,AL,4,True,False
2024-08-10,Georgia,0.02,0.02,2.54,0.1,2.64,2024-2025,False,GA,4,True,False
2024-08-10,Kentucky,0.02,0.02,3.13,0.14,3.26,2024-2025,False,KY,4,False,False
2024-08-10,Louisiana,0.02,0.02,4.22,0.12,4.34,2024-2025,False,LA,6,True,False
2024-08-10,Montana,0.0,0.0,1.95,0.07,2.0,2024-2025,False,MT,8,False,False
2024-08-10,New Jersey,0.02,0.01,1.77,0.08,1.87,2024-2025,False,NJ,2,False,False
2024-08-10,Maryland,0.04,0.02,2.38,0.09,2.49,2024-2025,False,MD,3,False,False
2024-08-10,Michigan,0.01,0.01,1.62,0.05,1.66,2024-2025,False,MI,5,False,False
2024-08-10,Mississippi,0.03,0.03,4.47,0.29,4.73,2024-2025,False,MS,4,True,False
2024-08-10,Nevada,0.01,0.01,1.54,0.1,1.65,2024-2025,False,NV,9,False,False
2024-08-10,New Mexico,0.02,0.01,2.67,0.1,2.73,2024-2025,False,NM,6,False,False
2024-08-10,North Carolina,0.01,0.01,3.95,0.63,4.36,2024-2025,False,NC,4,True,False
2024-08-10,Oregon,0.0,0.0,2.69,0.06,2.74,2024-2025,False,OR,10,False,False
2024-08-10,Texas,0.03,0.03,3.78,0.21,3.98,2024-2025,False,TX,6,False,False
2024-08-10,Wisconsin,0.0,0.0,2.14,0.04,2.17,2024-2025,False,WI,5,False,False
2024-08-10,Rhode Island,0.02,0.01,1.58,0.06,1.53,2024-2025,False,RI,1,False,False
2024-08-10,Vermont,0.02,0.01,2.14,0.0,2.17,2024-2025,False,VT,1,False,False
2024-08-10,South Carolina,0.01,0.01,3.87,0.12,3.99,2024-2025,False,SC,4,True,False
2024-08-10,Pennsylvania,0.01,0.0,1.6,0.04,1.64,2024-2025,False,PA,3,False,False
2024-08-10,Ohio,0.01,0.01,1.84,0.03,1.91,2024-2025,False,OH,5,False,False
2024-08-10,Minnesota,0.01,0.01,1.94,0.1,2.06,2024-2025,False,MN,5,False,True
2024-08-10,Massachusetts,0.01,0.01,1.94,0.09,2.02,2024-2025,False,MA,1,False,False
2024-08-10,Maine,0.0,0.0,1.97,0.06,2.0,2024-2025,False,ME,1,False,False
2024-08-10,Iowa,0.0,0.01,2.26,0.04,2.28,2024-2025,False,IA,7,False,False
2024-08-10,Florida,0.05,0.04,3.32,0.35,3.67,2024-2025,False,FL,4,False,False
2024-08-10,District of Columbia,0.01,0.0,2.22,0.07,2.29,2024-2025,False,DC,3,False,False
2024-08-10,Delaware,0.01,0.01,2.38,0.05,2.42,2024-2025,False,DE,3,False,False
2024-08-10,Arizona,0.0,0.0,2.08,0.1,2.16,2024-2025,False,AZ,9,False,False
2024-08-10,Alabama,0.02,0.02,4.22,0.23,4.42,2024-2025,False,AL,4,True,False
2024-08-10,South Dakota,0.0,0.0,1.63,0.0,,2024-2025,False,SD,8,False,False
2024-08-10,Tennessee,0.03,0.02,2.56,0.17,2.74,2024-2025,False,TN,4,True,False
2024-08-10,Utah,0.01,0.01,2.06,0.06,2.12,2024-2025,False,UT,8,False,False
2024-08-10,Virginia,0.01,0.01,3.26,0.13,3.38,2024-2025,False,VA,3,False,False
2024-08-10,Washington,0.02,0.01,2.35,0.14,2.49,2024-2025,False,WA,10,False,False
2024-08-10,West Virginia,0.01,0.01,2.26,0.02,2.27,2024-2025,False,WV,3,False,False
2024-08-10,Wyoming,0.0,0.0,2.96,0.19,,2024-2025,False,WY,8,False,False
2024-08-10,Oklahoma,0.01,0.0,2.12,0.05,2.18,2024-2025,False,OK,6,False,False
2024-08-10,North Dakota,0.0,0.0,1.61,0.05,1.66,2024-2025,False,ND,8,False,False
2024-08-10,New York,0.01,0.01,1.45,0.05,1.5,2024-2025,False,NY,2,False,True
2024-08-10,Kansas,0.0,0.01,2.0,0.07,2.07,2024-2025,False,KS,7,False,False
2024-08-10,Indiana,0.01,0.01,2.34,0.05,2.39,2024-2025,False,IN,5,False,False
2024-08-10,Hawaii,0.01,0.02,2.57,0.78,3.32,2024-2025,False,HI,9,False,False
2024-08-10,Connecticut,0.01,0.01,2.21,0.05,2.26,2024-2025,False,CT,1,False,False
2024-08-10,New Hampshire,0.0,0.0,1.81,0.08,,2024-2025,False,NH,1,False,False
2024-08-10,Nebraska,0.0,0.01,1.53,0.05,1.57,2024-2025,False,NE,7,False,False
2024-08-10,Idaho,0.05,0.02,1.94,0.06,2.02,2024-2025,False,ID,10,False,False
2024-08-10,Colorado,0.0,0.01,2.04,0.04,2.08,2024-2025,False,CO,8,False,False
2024-08-10,Alaska,0.03,0.04,2.37,0.2,2.55,2024-2025,False,AK,10,False,False
2024-08-10,Arkansas,0.01,0.02,2.81,0.2,2.97,2024-2025,False,AR,6,True,False
2024-08-10,California,0.01,0.01,2.73,0.12,2.81,2024-2025,False,CA,9,False,False
2024-08-10,Illinois,0.01,0.01,2.16,0.07,2.22,2024-2025,False,IL,5,False,False
2024-08-17,Pennsylvania,0.0,0.0,1.71,0.04,1.75,2024-2025,False,PA,3,False,False
2024-08-17,Virginia,0.01,0.01,3.32,0.09,3.4,2024-2025,False,VA,3,False,False
2024-08-17,Rhode Island,0.0,0.01,2.04,0.06,1.82,2024-2025,False,RI,1,False,False
2024-08-17,Oregon,0.01,0.01,2.58,0.04,2.63,2024-2025,False,OR,10,False,False
2024-08-17,North Dakota,0.0,0.0,1.4,0.03,1.41,2024-2025,False,ND,8,False,False
2024-08-17,Michigan,0.0,0.01,1.84,0.04,1.84,2024-2025,False,MI,5,False,False
2024-08-17,Nebraska,0.01,0.01,1.73,0.04,1.79,2024-2025,False,NE,7,False,False
2024-08-17,New Hampshire,0.0,0.0,1.95,0.17,,2024-2025,False,NH,1,False,False
2024-08-17,Ohio,0.01,0.01,2.11,0.03,2.18,2024-2025,False,OH,5,False,False
2024-08-17,Oklahoma,0.01,0.0,2.28,0.1,2.39,2024-2025,False,OK,6,False,False
2024-08-17,Utah,0.01,0.01,1.84,0.08,1.92,2024-2025,False,UT,8,False,False
2024-08-17,New York,0.01,0.01,1.49,0.05,1.55,2024-2025,False,NY,2,False,True
2024-08-17,New Jersey,0.02,0.02,1.81,0.12,1.94,2024-2025,False,NJ,2,False,False
2024-08-17,Mississippi,0.05,0.03,4.37,0.3,4.64,2024-2025,False,MS,4,True,False
2024-08-17,Minnesota,0.01,0.01,2.19,0.07,2.26,2024-2025,False,MN,5,False,True
2024-08-17,Washington,0.01,0.01,2.32,0.09,2.4,2024-2025,False,WA,10,False,False
2024-08-17,West Virginia,0.0,0.01,2.92,0.04,2.95,2024-2025,False,WV,3,False,False
2024-08-17,Wisconsin,0.0,0.0,2.55,0.03,2.58,2024-2025,False,WI,5,False,False
2024-08-17,Wyoming,0.0,0.0,2.63,0.08,,2024-2025,False,WY,8,False,False
2024-08-17,District of Columbia,0.01,0.01,2.27,0.07,2.33,2024-2025,False,DC,3,False,False
2024-08-17,Louisiana,0.02,0.02,3.99,0.13,4.1,2024-2025,False,LA,6,True,False
2024-08-17,Maryland,0.02,0.02,2.39,0.05,2.46,2024-2025,False,MD,3,False,False
2024-08-17,Massachusetts,0.01,0.01,2.23,0.06,2.28,2024-2025,False,MA,1,False,False
2024-08-17,Nevada,0.0,0.0,1.41,0.1,1.51,2024-2025,False,NV,9,False,False
2024-08-17,Georgia,0.02,0.02,2.72,0.11,2.84,2024-2025,False,GA,4,True,False
2024-08-17,Delaware,0.01,0.01,2.52,0.02,2.54,2024-2025,False,DE,3,False,False
2024-08-17,Colorado,0.0,0.0,2.0,0.04,2.04,2024-2025,False,CO,8,False,False
2024-08-17,Arkansas,0.02,0.02,2.78,0.2,2.94,2024-2025,False,AR,6,True,False
2024-08-17,Alabama,0.04,0.03,4.5,0.19,4.7,2024-2025,False,AL,4,True,False
2024-08-17,Connecticut,0.01,0.01,2.34,0.02,2.36,2024-2025,False,CT,1,False,False
2024-08-17,Hawaii,0.0,0.01,2.33,0.58,2.87,2024-2025,False,HI,9,False,False
2024-08-17,Illinois,0.02,0.01,2.62,0.07,2.71,2024-2025,False,IL,5,False,False
2024-08-17,Arizona,0.01,0.0,1.99,0.14,2.11,2024-2025,False,AZ,9,False,False
2024-08-17,North Carolina,0.01,0.01,3.97,0.67,4.42,2024-2025,False,NC,4,True,False
2024-08-17,South Carolina,0.01,0.01,4.14,0.12,4.25,2024-2025,False,SC,4,True,False
2024-08-17,Texas,0.04,0.03,3.34,0.19,3.51,2024-2025,False,TX,6,False,False
2024-08-17,Vermont,0.02,0.02,2.42,0.0,2.47,2024-2025,False,VT,1,False,False
2024-08-17,Tennessee,0.03,0.03,3.03,0.19,3.2,2024-2025,False,TN,4,True,False
2024-08-17,South Dakota,0.0,0.0,1.89,0.09,,2024-2025,False,SD,8,False,False
2024-08-17,Alaska,0.0,0.03,2.27,0.22,2.45,2024-2025,False,AK,10,False,False
2024-08-17,California,0.01,0.01,2.65,0.12,2.74,2024-2025,False,CA,9,False,False
2024-08-17,Florida,0.05,0.05,2.82,0.32,3.16,2024-2025,False,FL,4,False,False
2024-08-17,Idaho,0.0,0.02,2.29,0.05,2.27,2024-2025,False,ID,10,False,False
2024-08-17,Indiana,0.0,0.01,2.75,0.07,2.83,2024-2025,False,IN,5,False,False
2024-08-17,Iowa,0.01,0.01,2.61,0.05,2.65,2024-2025,False,IA,7,False,False
2024-08-17,Kentucky,0.02,0.02,3.78,0.12,3.91,2024-2025,False,KY,4,False,False
2024-08-17,Kansas,0.03,0.02,2.09,0.06,2.17,2024-2025,False,KS,7,False,False
2024-08-17,Maine,0.0,0.0,2.32,0.01,2.32,2024-2025,False,ME,1,False,False
2024-08-17,Montana,0.0,0.0,1.87,0.0,1.88,2024-2025,False,MT,8,False,False
2024-08-17,New Mexico,0.0,0.01,3.19,0.11,3.27,2024-2025,False,NM,6,False,False
2024-08-24,Washington,0.01,0.01,2.14,0.08,2.19,2024-2025,False,WA,10,False,False
2024-08-24,Virginia,0.01,0.01,3.31,0.13,3.42,2024-2025,False,VA,3,False,False
2024-08-24,Texas,0.04,0.03,3.36,0.23,3.58,2024-2025,False,TX,6,False,False
2024-08-24,South Carolina,0.02,0.01,4.36,0.11,4.46,2024-2025,False,SC,4,True,False
2024-08-24,Pennsylvania,0.01,0.01,1.91,0.04,1.94,2024-2025,False,PA,3,False,False
2024-08-24,Nevada,0.01,0.01,1.72,0.16,1.86,2024-2025,False,NV,9,False,False
2024-08-24,Nebraska,0.01,0.01,1.61,0.03,1.65,2024-2025,False,NE,7,False,False
2024-08-24,Michigan,0.01,0.01,1.96,0.05,1.99,2024-2025,False,MI,5,False,False
2024-08-24,Maine,0.0,0.0,2.52,0.03,2.54,2024-2025,False,ME,1,False,False
2024-08-24,Connecticut,0.0,0.01,2.4,0.03,2.43,2024-2025,False,CT,1,False,False
2024-08-24,Alaska,0.01,0.01,1.89,0.34,2.22,2024-2025,False,AK,10,False,False
2024-08-24,Wyoming,0.0,0.0,2.99,0.11,,2024-2025,False,WY,8,False,False
2024-08-24,Vermont,0.0,0.01,2.77,0.02,2.78,2024-2025,False,VT,1,False,False
2024-08-24,Oklahoma,0.0,0.0,2.61,0.16,2.77,2024-2025,False,OK,6,False,False
2024-08-24,Ohio,0.01,0.01,2.26,0.03,2.35,2024-2025,False,OH,5,False,False
2024-08-24,New Hampshire,0.0,0.0,2.47,0.1,,2024-2025,False,NH,1,False,False
2024-08-24,Iowa,0.03,0.01,2.73,0.07,2.82,2024-2025,False,IA,7,False,False
2024-08-24,Florida,0.06,0.05,2.66,0.38,3.07,2024-2025,False,FL,4,False,False
2024-08-24,Delaware,0.03,0.02,2.45,0.02,2.5,2024-2025,False,DE,3,False,False
2024-08-24,Colorado,0.01,0.01,1.91,0.05,1.98,2024-2025,False,CO,8,False,False
2024-08-24,Arizona,0.01,0.01,1.97,0.11,2.06,2024-2025,False,AZ,9,False,False
2024-08-24,Idaho,0.03,0.03,2.15,0.03,2.16,2024-2025,False,ID,10,False,False
2024-08-24,Illinois,0.01,0.01,2.65,0.07,2.73,2024-2025,False,IL,5,False,False
2024-08-24,Indiana,0.01,0.01,2.99,0.05,3.06,2024-2025,False,IN,5,False,False
2024-08-24,Wisconsin,0.01,0.0,2.47,0.03,2.5,2024-2025,False,WI,5,False,False
2024-08-24,Utah,0.01,0.01,2.12,0.08,2.19,2024-2025,False,UT,8,False,False
2024-08-24,Tennessee,0.03,0.03,3.02,0.22,3.22,2024-2025,False,TN,4,True,False
2024-08-24,South Dakota,0.02,0.01,2.01,0.03,,2024-2025,False,SD,8,False,False
2024-08-24,Oregon,0.0,0.0,2.56,0.05,2.62,2024-2025,False,OR,10,False,False
2024-08-24,New Jersey,0.02,0.02,1.71,0.06,1.78,2024-2025,False,NJ,2,False,False
2024-08-24,Montana,0.0,0.0,2.09,0.05,2.08,2024-2025,False,MT,8,False,False
2024-08-24,Mississippi,0.03,0.04,3.5,0.31,3.74,2024-2025,False,MS,4,True,False
2024-08-24,Massachusetts,0.01,0.01,2.18,0.07,2.23,2024-2025,False,MA,1,False,False
2024-08-24,Kansas,0.02,0.02,2.12,0.04,2.17,2024-2025,False,KS,7,False,False
2024-08-24,West Virginia,0.0,0.0,3.31,0.04,3.35,2024-2025,False,WV,3,False,False
2024-08-24,Rhode Island,0.0,0.01,1.65,0.08,1.53,2024-2025,False,RI,1,False,False
2024-08-24,North Dakota,0.0,0.0,1.55,0.06,1.6,2024-2025,False,ND,8,False,False
2024-08-24,North Carolina,0.01,0.01,3.76,0.73,4.28,2024-2025,False,NC,4,True,False
2024-08-24,New York,0.01,0.01,1.5,0.05,1.56,2024-2025,False,NY,2,False,True
2024-08-24,New Mexico,0.0,0.01,2.93,0.07,2.99,2024-2025,False,NM,6,False,False
2024-08-24,Minnesota,0.01,0.01,2.1,0.08,2.19,2024-2025,False,MN,5,False,True
2024-08-24,Maryland,0.02,0.03,2.22,0.08,2.29,2024-2025,False,MD,3,False,False
2024-08-24,Louisiana,0.02,0.02,3.88,0.11,3.98,2024-2025,False,LA,6,True,False
2024-08-24,Kentucky,0.02,0.02,4.37,0.12,4.5,2024-2025,False,KY,4,False,False
2024-08-24,Hawaii,0.07,0.03,2.69,0.49,3.23,2024-2025,False,HI,9,False,False
2024-08-24,Georgia,0.02,0.02,3.25,0.2,3.45,2024-2025,False,GA,4,True,False
2024-08-24,District of Columbia,0.01,0.01,2.31,0.04,2.39,2024-2025,False,DC,3,False,False
2024-08-24,California,0.01,0.01,2.43,0.13,2.47,2024-2025,False,CA,9,False,False
2024-08-24,Arkansas,0.02,0.02,2.72,0.24,2.92,2024-2025,False,AR,6,True,False
2024-08-24,Alabama,0.03,0.03,4.42,0.29,4.68,2024-2025,False,AL,4,True,False
2024-08-31,Delaware,0.03,0.02,2.39,0.05,2.47,2024-2025,False,DE,3,False,False
2024-08-31,Vermont,0.02,0.01,2.65,0.02,2.68,2024-2025,False,VT,1,False,False
2024-08-31,Utah,0.0,0.0,2.17,0.11,2.26,2024-2025,False,UT,8,False,False
2024-08-31,Texas,0.04,0.04,2.86,0.28,3.13,2024-2025,False,TX,6,False,False
2024-08-31,South Dakota,0.02,0.01,1.78,0.05,,2024-2025,False,SD,8,False,False
2024-08-31,South Carolina,0.02,0.02,3.73,0.1,3.84,2024-2025,False,SC,4,True,False
2024-08-31,Michigan,0.0,0.01,2.18,0.04,2.23,2024-2025,False,MI,5,False,False
2024-08-31,Kentucky,0.04,0.03,4.24,0.18,4.45,2024-2025,False,KY,4,False,False
2024-08-31,Hawaii,0.03,0.03,2.0,0.62,2.61,2024-2025,False,HI,9,False,False
2024-08-31,Georgia,0.03,0.02,2.28,0.14,2.43,2024-2025,False,GA,4,True,False
2024-08-31,Florida,0.09,0.07,2.46,0.46,2.98,2024-2025,False,FL,4,False,False
2024-08-31,District of Columbia,0.04,0.02,2.23,0.15,2.42,2024-2025,False,DC,3,False,False
2024-08-31,Connecticut,0.02,0.01,2.18,0.06,2.25,2024-2025,False,CT,1,False,False
2024-08-31,Colorado,0.01,0.01,1.79,0.05,1.84,2024-2025,False,CO,8,False,False
2024-08-31,Alabama,0.04,0.03,3.54,0.18,3.74,2024-2025,False,AL,4,True,False
2024-08-31,Idaho,0.01,0.01,2.46,0.09,2.53,2024-2025,False,ID,10,False,False
2024-08-31,Illinois,0.01,0.01,2.67,0.07,2.74,2024-2025,False,IL,5,False,False
2024-08-31,Maine,0.0,0.0,2.18,0.04,2.18,2024-2025,False,ME,1,False,False
2024-08-31,Minnesota,0.01,0.01,1.99,0.08,2.06,2024-2025,False,MN,5,False,True
2024-08-31,Mississippi,0.03,0.04,2.59,0.33,2.94,2024-2025,False,MS,4,True,False
2024-08-31,Montana,0.0,0.0,1.92,0.01,1.86,2024-2025,False,MT,8,False,False
2024-08-31,Nebraska,0.01,0.01,1.56,0.05,1.61,2024-2025,False,NE,7,False,False
2024-08-31,Nevada,0.01,0.01,1.76,0.17,1.91,2024-2025,False,NV,9,False,False
2024-08-31,New Hampshire,0.02,0.01,2.26,0.03,,2024-2025,False,NH,1,False,False
2024-08-31,Arkansas,0.04,0.03,2.78,0.31,3.07,2024-2025,False,AR,6,True,False
2024-08-31,Arizona,0.01,0.01,1.76,0.14,1.9,2024-2025,False,AZ,9,False,False
2024-08-31,New York,0.01,0.01,1.45,0.03,1.48,2024-2025,False,NY,2,False,True
2024-08-31,Ohio,0.01,0.01,2.62,0.04,2.72,2024-2025,False,OH,5,False,False
2024-08-31,Oklahoma,0.01,0.0,2.46,0.12,2.59,2024-2025,False,OK,6,False,False
2024-08-31,Rhode Island,0.0,0.0,1.58,0.04,1.51,2024-2025,False,RI,1,False,False
2024-08-31,Washington,0.0,0.01,2.39,0.07,2.43,2024-2025,False,WA,10,False,False
2024-08-31,Wisconsin,0.0,0.0,2.51,0.07,2.55,2024-2025,False,WI,5,False,False
2024-08-31,West Virginia,0.02,0.01,4.26,0.06,4.29,2024-2025,False,WV,3,False,False
2024-08-31,Pennsylvania,0.01,0.01,1.95,0.04,1.99,2024-2025,False,PA,3,False,False
2024-08-31,North Dakota,0.0,0.0,1.48,0.08,1.54,2024-2025,False,ND,8,False,False
2024-08-31,New Mexico,0.0,0.0,2.58,0.11,2.67,2024-2025,False,NM,6,False,False
2024-08-31,Wyoming,0.06,0.02,1.97,0.08,,2024-2025,False,WY,8,False,False
2024-08-31,Virginia,0.01,0.01,3.44,0.16,3.57,2024-2025,False,VA,3,False,False
2024-08-31,Tennessee,0.05,0.04,2.69,0.21,2.9,2024-2025,False,TN,4,True,False
2024-08-31,Oregon,0.01,0.01,2.4,0.05,2.44,2024-2025,False,OR,10,False,False
2024-08-31,North Carolina,0.01,0.01,3.62,0.78,4.17,2024-2025,False,NC,4,True,False
2024-08-31,New Jersey,0.02,0.02,1.56,0.08,1.65,2024-2025,False,NJ,2,False,False
2024-08-31,Massachusetts,0.01,0.01,2.04,0.08,2.12,2024-2025,False,MA,1,False,False
2024-08-31,Maryland,0.03,0.02,2.52,0.07,2.6,2024-2025,False,MD,3,False,False
2024-08-31,Louisiana,0.02,0.02,2.77,0.11,2.87,2024-2025,False,LA,6,True,False
2024-08-31,Indiana,0.01,0.01,2.83,0.06,2.91,2024-2025,False,IN,5,False,False
2024-08-31,California,0.01,0.01,2.24,0.11,2.3,2024-2025,False,CA,9,False,False
2024-08-31,Alaska,0.03,0.01,2.04,0.31,2.34,2024-2025,False,AK,10,False,False
2024-08-31,Kansas,0.02,0.02,1.94,0.06,2.02,2024-2025,False,KS,7,False,False
2024-08-31,Iowa,0.01,0.02,2.47,0.06,2.53,2024-2025,False,IA,7,False,False
2024-09-07,Ohio,0.01,0.01,2.55,0.05,2.65,2024-2025,False,OH,5,False,False
2024-09-07,Tennessee,0.04,0.04,2.04,0.19,2.23,2024-2025,False,TN,4,True,False
2024-09-07,Wyoming,0.0,0.02,2.84,0.06,,2024-2025,False,WY,8,False,False
2024-09-07,Alaska,0.07,0.04,2.23,0.59,2.82,2024-2025,False,AK,10,False,False
2024-09-07,Georgia,0.04,0.03,1.3,0.08,1.41,2024-2025,False,GA,4,True,False
2024-09-07,Illinois,0.02,0.02,2.27,0.08,2.35,2024-2025,False,IL,5,False,False
2024-09-07,Minnesota,0.0,0.01,2.04,0.09,2.12,2024-2025,False,MN,5,False,True
2024-09-07,Nebraska,0.01,0.01,1.62,0.03,1.66,2024-2025,False,NE,7,False,False
2024-09-07,New Hampshire,0.01,0.01,2.22,0.18,,2024-2025,False,NH,1,False,False
2024-09-07,Virginia,0.03,0.02,2.89,0.14,3.03,2024-2025,False,VA,3,False,False
2024-09-07,Wisconsin,0.0,0.0,2.14,0.05,2.17,2024-2025,False,WI,5,False,False
2024-09-07,West Virginia,0.01,0.01,4.92,0.09,4.93,2024-2025,False,WV,3,False,False
2024-09-07,Washington,0.01,0.01,2.4,0.09,2.46,2024-2025,False,WA,10,False,False
2024-09-07,Utah,0.0,0.0,2.23,0.08,2.29,2024-2025,False,UT,8,False,False
2024-09-07,Rhode Island,0.0,0.0,1.37,0.06,1.36,2024-2025,False,RI,1,False,False
2024-09-07,Pennsylvania,0.01,0.01,1.95,0.05,2.0,2024-2025,False,PA,3,False,False
2024-09-07,Nevada,0.01,0.01,1.73,0.16,1.88,2024-2025,False,NV,9,False,False
2024-09-07,Montana,0.01,0.0,2.15,0.02,2.16,2024-2025,False,MT,8,False,False
2024-09-07,Kentucky,0.02,0.03,3.66,0.15,3.81,2024-2025,False,KY,4,False,False
2024-09-07,Kansas,0.01,0.01,2.04,0.11,2.13,2024-2025,False,KS,7,False,False
2024-09-07,Iowa,0.01,0.02,2.69,0.07,2.74,2024-2025,False,IA,7,False,False
2024-09-07,Indiana,0.01,0.01,2.07,0.06,2.14,2024-2025,False,IN,5,False,False
2024-09-07,Idaho,0.03,0.02,2.49,0.07,2.53,2024-2025,False,ID,10,False,False
2024-09-07,Vermont,0.02,0.01,2.6,0.0,2.62,2024-2025,False,VT,1,False,False
2024-09-07,Texas,0.05,0.04,2.21,0.27,2.49,2024-2025,False,TX,6,False,False
2024-09-07,South Dakota,0.02,0.02,2.21,0.05,,2024-2025,False,SD,8,False,False
2024-09-07,South Carolina,0.02,0.02,2.89,0.12,3.02,2024-2025,False,SC,4,True,False
2024-09-07,Oregon,0.0,0.0,2.67,0.08,2.71,2024-2025,False,OR,10,False,False
2024-09-07,North Carolina,0.01,0.01,3.3,0.81,3.9,2024-2025,False,NC,4,True,False
2024-09-07,New York,0.01,0.01,1.43,0.06,1.49,2024-2025,False,NY,2,False,True
2024-09-07,New Mexico,0.0,0.0,2.12,0.12,2.2,2024-2025,False,NM,6,False,False
2024-09-07,New Jersey,0.02,0.02,1.4,0.09,1.5,2024-2025,False,NJ,2,False,False
2024-09-07,Michigan,0.0,0.01,2.11,0.05,2.18,2024-2025,False,MI,5,False,False
2024-09-07,Massachusetts,0.01,0.01,1.89,0.06,1.94,2024-2025,False,MA,1,False,False
2024-09-07,Maine,0.0,0.0,2.38,0.05,2.38,2024-2025,False,ME,1,False,False
2024-09-07,Hawaii,0.04,0.05,1.92,0.66,2.57,2024-2025,False,HI,9,False,False
2024-09-07,Florida,0.11,0.09,2.02,0.53,2.63,2024-2025,False,FL,4,False,False
2024-09-07,Delaware,0.05,0.03,2.19,0.03,2.27,2024-2025,False,DE,3,False,False
2024-09-07,Connecticut,0.0,0.01,2.11,0.04,2.15,2024-2025,False,CT,1,False,False
2024-09-07,Colorado,0.01,0.01,1.83,0.04,1.86,2024-2025,False,CO,8,False,False
2024-09-07,California,0.01,0.01,1.9,0.12,1.96,2024-2025,False,CA,9,False,False
2024-09-07,Arkansas,0.03,0.03,2.44,0.22,2.61,2024-2025,False,AR,6,True,False
2024-09-07,Alabama,0.05,0.04,2.47,0.18,2.64,2024-2025,False,AL,4,True,False
2024-09-07,Arizona,0.01,0.01,1.65,0.13,1.77,2024-2025,False,AZ,9,False,False
2024-09-07,District of Columbia,0.05,0.04,1.7,0.08,1.8,2024-2025,False,DC,3,False,False
2024-09-07,Louisiana,0.02,0.02,2.11,0.12,2.21,2024-2025,False,LA,6,True,False
2024-09-07,Maryland,0.04,0.03,2.14,0.08,2.25,2024-2025,False,MD,3,False,False
2024-09-07,Mississippi,0.07,0.05,1.91,0.27,2.2,2024-2025,False,MS,4,True,False
2024-09-07,North Dakota,0.0,0.0,1.67,0.01,1.69,2024-2025,False,ND,8,False,False
2024-09-07,Oklahoma,0.02,0.01,1.98,0.18,2.18,2024-2025,False,OK,6,False,False
2024-09-14,Idaho,0.04,0.03,2.41,0.14,2.52,2024-2025,False,ID,10,False,False
2024-09-14,North Carolina,0.01,0.01,2.8,0.9,3.47,2024-2025,False,NC,4,True,False
2024-09-14,Minnesota,0.01,0.01,1.95,0.09,2.03,2024-2025,False,MN,5,False,True
2024-09-14,Louisiana,0.04,0.03,1.28,0.14,1.42,2024-2025,False,LA,6,True,False
2024-09-14,District of Columbia,0.04,0.04,1.48,0.07,1.5,2024-2025,False,DC,3,False,False
2024-09-14,Utah,0.01,0.0,1.87,0.1,1.96,2024-2025,False,UT,8,False,False
2024-09-14,South Carolina,0.03,0.02,2.07,0.19,2.27,2024-2025,False,SC,4,True,False
2024-09-14,Ohio,0.01,0.01,2.38,0.06,2.46,2024-2025,False,OH,5,False,False
2024-09-14,New Jersey,0.03,0.02,1.24,0.09,1.36,2024-2025,False,NJ,2,False,False
2024-09-14,Nevada,0.01,0.01,1.56,0.14,1.67,2024-2025,False,NV,9,False,False
2024-09-14,Nebraska,0.0,0.0,1.24,0.03,1.25,2024-2025,False,NE,7,False,False
2024-09-14,Mississippi,0.05,0.05,1.49,0.27,1.75,2024-2025,False,MS,4,True,False
2024-09-14,Iowa,0.02,0.01,2.53,0.05,2.57,2024-2025,False,IA,7,False,False
2024-09-14,Indiana,0.01,0.01,1.61,0.05,1.67,2024-2025,False,IN,5,False,False
2024-09-14,Florida,0.11,0.1,1.48,0.55,2.12,2024-2025,False,FL,4,False,False
2024-09-14,Connecticut,0.0,0.01,2.23,0.05,2.28,2024-2025,False,CT,1,False,False
2024-09-14,Colorado,0.01,0.01,1.62,0.03,1.65,2024-2025,False,CO,8,False,False
2024-09-14,California,0.01,0.01,1.45,0.11,1.53,2024-2025,False,CA,9,False,False
2024-09-14,Alabama,0.08,0.05,1.79,0.2,2.0,2024-2025,False,AL,4,True,False
2024-09-14,Alaska,0.08,0.06,1.59,0.48,2.15,2024-2025,False,AK,10,False,False
2024-09-14,Arizona,0.01,0.01,1.35,0.13,1.47,2024-2025,False,AZ,9,False,False
2024-09-14,Arkansas,0.05,0.04,1.97,0.28,2.22,2024-2025,False,AR,6,True,False
2024-09-14,Oklahoma,0.01,0.01,1.88,0.23,2.12,2024-2025,False,OK,6,False,False
2024-09-14,Illinois,0.02,0.02,1.95,0.08,2.02,2024-2025,False,IL,5,False,False
2024-09-14,Maine,0.0,0.0,2.25,0.01,2.2,2024-2025,False,ME,1,False,False
2024-09-14,Michigan,0.01,0.01,2.22,0.07,2.26,2024-2025,False,MI,5,False,False
2024-09-14,Montana,0.01,0.01,2.38,0.06,2.37,2024-2025,False,MT,8,False,False
2024-09-14,New Mexico,0.0,0.0,1.78,0.11,1.85,2024-2025,False,NM,6,False,False
2024-09-14,New York,0.02,0.02,1.47,0.06,1.53,2024-2025,False,NY,2,False,True
2024-09-14,North Dakota,0.0,0.0,1.34,0.06,1.4,2024-2025,False,ND,8,False,False
2024-09-14,Pennsylvania,0.0,0.01,1.98,0.05,1.99,2024-2025,False,PA,3,False,False
2024-09-14,Tennessee,0.04,0.04,1.34,0.19,1.56,2024-2025,False,TN,4,True,False
2024-09-14,Virginia,0.02,0.02,2.25,0.17,2.41,2024-2025,False,VA,3,False,False
2024-09-14,Wyoming,0.03,0.03,2.25,0.06,,2024-2025,False,WY,8,False,False
2024-09-14,Vermont,0.05,0.03,3.1,0.02,3.1,2024-2025,False,VT,1,False,False
2024-09-14,Wisconsin,0.01,0.0,2.25,0.05,2.27,2024-2025,False,WI,5,False,False
2024-09-14,West Virginia,0.01,0.02,4.31,0.1,4.34,2024-2025,False,WV,3,False,False
2024-09-14,Washington,0.02,0.01,2.15,0.12,2.24,2024-2025,False,WA,10,False,False
2024-09-14,South Dakota,0.0,0.01,2.17,0.1,,2024-2025,False,SD,8,False,False
2024-09-14,Rhode Island,0.02,0.01,1.24,0.05,1.21,2024-2025,False,RI,1,False,False
2024-09-14,Oregon,0.01,0.01,2.37,0.06,2.39,2024-2025,False,OR,10,False,False
2024-09-14,New Hampshire,0.01,0.01,2.14,0.12,,2024-2025,False,NH,1,False,False
2024-09-14,Massachusetts,0.01,0.01,1.87,0.06,1.92,2024-2025,False,MA,1,False,False
2024-09-14,Maryland,0.02,0.03,1.82,0.1,1.93,2024-2025,False,MD,3,False,False
2024-09-14,Kentucky,0.0,0.02,2.82,0.14,2.95,2024-2025,False,KY,4,False,False
2024-09-14,Kansas,0.02,0.02,1.61,0.09,1.68,2024-2025,False,KS,7,False,False
2024-09-14,Hawaii,0.07,0.05,1.57,0.77,2.39,2024-2025,False,HI,9,False,False
2024-09-14,Georgia,0.05,0.04,0.87,0.1,1.02,2024-2025,False,GA,4,True,False
2024-09-14,Delaware,0.05,0.04,1.87,0.05,1.95,2024-2025,False,DE,3,False,False
2024-09-14,Texas,0.05,0.05,1.46,0.3,1.77,2024-2025,False,TX,6,False,False
2024-09-21,Wyoming,0.03,0.02,2.01,0.08,,2024-2025,False,WY,8,False,False
2024-09-21,Wisconsin,0.0,0.01,2.01,0.08,2.06,2024-2025,False,WI,5,False,False
2024-09-21,Utah,0.01,0.0,1.73,0.1,1.84,2024-2025,False,UT,8,False,False
2024-09-21,Rhode Island,0.0,0.01,1.23,0.04,1.19,2024-2025,False,RI,1,False,False
2024-09-21,Pennsylvania,0.01,0.01,1.7,0.06,1.71,2024-2025,False,PA,3,False,False
2024-09-21,North Carolina,0.02,0.02,1.99,0.81,2.61,2024-2025,False,NC,4,True,False
2024-09-21,Washington,0.02,0.02,2.3,0.12,2.34,2024-2025,False,WA,10,False,False
2024-09-21,Oklahoma,0.02,0.02,1.47,0.11,1.57,2024-2025,False,OK,6,False,False
2024-09-21,Ohio,0.01,0.01,1.8,0.07,1.86,2024-2025,False,OH,5,False,False
2024-09-21,North Dakota,0.0,0.0,1.12,0.12,1.25,2024-2025,False,ND,8,False,False
2024-09-21,Nebraska,0.0,0.0,1.1,0.11,1.2,2024-2025,False,NE,7,False,False
2024-09-21,Mississippi,0.05,0.06,1.01,0.26,1.25,2024-2025,False,MS,4,True,False
2024-09-21,Nevada,0.0,0.01,1.29,0.17,1.42,2024-2025,False,NV,9,False,False
2024-09-21,Minnesota,0.01,0.01,1.87,0.12,1.95,2024-2025,False,MN,5,False,True
2024-09-21,Louisiana,0.02,0.03,0.95,0.18,1.11,2024-2025,False,LA,6,True,False
2024-09-21,Kentucky,0.01,0.01,2.15,0.14,2.29,2024-2025,False,KY,4,False,False
2024-09-21,Kansas,0.03,0.02,1.42,0.1,1.47,2024-2025,False,KS,7,False,False
2024-09-21,Iowa,0.02,0.02,2.06,0.05,2.07,2024-2025,False,IA,7,False,False
2024-09-21,Hawaii,0.09,0.07,1.59,0.5,2.18,2024-2025,False,HI,9,False,False
2024-09-21,Delaware,0.1,0.07,1.85,0.09,2.03,2024-2025,False,DE,3,False,False
2024-09-21,Michigan,0.02,0.01,1.97,0.06,2.02,2024-2025,False,MI,5,False,False
2024-09-21,Maine,0.01,0.0,2.65,0.07,2.56,2024-2025,False,ME,1,False,False
2024-09-21,Idaho,0.08,0.05,2.13,0.08,2.23,2024-2025,False,ID,10,False,False
2024-09-21,Arkansas,0.05,0.04,1.18,0.15,1.35,2024-2025,False,AR,6,True,False
2024-09-21,California,0.01,0.01,1.03,0.12,1.14,2024-2025,False,CA,9,False,False
2024-09-21,Alaska,0.13,0.09,1.46,0.58,1.99,2024-2025,False,AK,10,False,False
2024-09-21,Arizona,0.01,0.01,1.22,0.14,1.34,2024-2025,False,AZ,9,False,False
2024-09-21,West Virginia,0.01,0.01,3.23,0.09,3.2,2024-2025,False,WV,3,False,False
2024-09-21,Virginia,0.02,0.02,1.74,0.16,1.89,2024-2025,False,VA,3,False,False
2024-09-21,Texas,0.07,0.06,0.96,0.28,1.28,2024-2025,False,TX,6,False,False
2024-09-21,South Dakota,0.0,0.01,1.63,0.15,,2024-2025,False,SD,8,False,False
2024-09-21,Oregon,0.01,0.01,2.35,0.06,2.39,2024-2025,False,OR,10,False,False
2024-09-21,Illinois,0.02,0.02,1.45,0.08,1.52,2024-2025,False,IL,5,False,False
2024-09-21,Georgia,0.07,0.06,0.57,0.11,0.74,2024-2025,False,GA,4,True,False
2024-09-21,District of Columbia,0.05,0.05,1.08,0.1,1.13,2024-2025,False,DC,3,False,False
2024-09-21,Colorado,0.01,0.01,1.33,0.07,1.4,2024-2025,False,CO,8,False,False
2024-09-21,Alabama,0.09,0.07,1.28,0.16,1.45,2024-2025,False,AL,4,True,False
2024-09-21,Connecticut,0.01,0.01,2.29,0.06,2.35,2024-2025,False,CT,1,False,False
2024-09-21,Florida,0.15,0.12,1.16,0.64,1.92,2024-2025,False,FL,4,False,False
2024-09-21,Indiana,0.01,0.01,1.16,0.08,1.25,2024-2025,False,IN,5,False,False
2024-09-21,Maryland,0.02,0.03,1.61,0.07,1.69,2024-2025,False,MD,3,False,False
2024-09-21,Massachusetts,0.02,0.01,1.77,0.07,1.82,2024-2025,False,MA,1,False,False
2024-09-21,Montana,0.01,0.01,2.18,0.01,2.12,2024-2025,False,MT,8,False,False
2024-09-21,New Jersey,0.04,0.03,1.34,0.15,1.49,2024-2025,False,NJ,2,False,False
2024-09-21,New Mexico,0.0,0.0,1.42,0.11,1.5,2024-2025,False,NM,6,False,False
2024-09-21,New York,0.02,0.02,1.33,0.06,1.38,2024-2025,False,NY,2,False,True
2024-09-21,South Carolina,0.04,0.03,1.45,0.13,1.6,2024-2025,False,SC,4,True,False
2024-09-21,Tennessee,0.04,0.04,1.08,0.18,1.26,2024-2025,False,TN,4,True,False
2024-09-21,Vermont,0.11,0.06,2.74,0.03,2.73,2024-2025,False,VT,1,False,False
2024-09-21,New Hampshire,0.0,0.01,1.94,0.11,,2024-2025,False,NH,1,False,False
2024-09-28,South Carolina,0.07,0.04,1.03,0.12,1.2,2024-2025,False,SC,4,True,False
2024-09-28,Hawaii,0.13,0.1,1.03,0.54,1.69,2024-2025,False,HI,9,False,False
2024-09-28,Idaho,0.03,0.05,1.39,0.09,1.34,2024-2025,False,ID,10,False,False
2024-09-28,Indiana,0.01,0.01,0.83,0.09,0.92,2024-2025,False,IN,5,False,False
2024-09-28,Iowa,0.03,0.03,1.7,0.09,1.68,2024-2025,False,IA,7,False,False
2024-09-28,Louisiana,0.08,0.05,0.71,0.16,0.86,2024-2025,False,LA,6,True,False
2024-09-28,Maine,0.01,0.0,2.16,0.09,1.81,2024-2025,False,ME,1,False,False
2024-09-28,New York,0.03,0.02,1.17,0.05,1.11,2024-2025,False,NY,2,False,True
2024-09-28,Oklahoma,0.01,0.01,1.06,0.11,1.17,2024-2025,False,OK,6,False,False
2024-09-28,Delaware,0.07,0.07,1.3,0.03,1.39,2024-2025,False,DE,3,False,False
2024-09-28,Colorado,0.01,0.01,1.17,0.07,1.23,2024-2025,False,CO,8,False,False
2024-09-28,California,0.02,0.01,0.79,0.13,0.85,2024-2025,False,CA,9,False,False
2024-09-28,District of Columbia,0.01,0.03,0.7,0.04,0.65,2024-2025,False,DC,3,False,False
2024-09-28,New Mexico,0.01,0.01,1.17,0.12,1.18,2024-2025,False,NM,6,False,False
2024-09-28,North Carolina,0.02,0.02,1.52,0.74,1.99,2024-2025,False,NC,4,True,False
2024-09-28,Pennsylvania,0.02,0.01,1.31,0.06,1.31,2024-2025,False,PA,3,False,False
2024-09-28,Rhode Island,0.01,0.01,1.01,0.06,0.71,2024-2025,False,RI,1,False,False
2024-09-28,Utah,0.0,0.01,1.4,0.12,1.5,2024-2025,False,UT,8,False,False
2024-09-28,Washington,0.02,0.02,2.01,0.13,2.0,2024-2025,False,WA,10,False,False
2024-09-28,West Virginia,0.01,0.01,2.52,0.11,2.34,2024-2025,False,WV,3,False,False
2024-09-28,Alaska,0.12,0.11,1.17,0.4,1.45,2024-2025,False,AK,10,False,False
2024-09-28,Connecticut,0.03,0.02,1.73,0.04,1.77,2024-2025,False,CT,1,False,False
2024-09-28,Kansas,0.05,0.03,0.93,0.1,1.02,2024-2025,False,KS,7,False,False
2024-09-28,Kentucky,0.02,0.01,1.46,0.12,1.52,2024-2025,False,KY,4,False,False
2024-09-28,Maryland,0.05,0.03,1.09,0.08,1.19,2024-2025,False,MD,3,False,False
2024-09-28,Massachusetts,0.03,0.02,1.31,0.06,1.21,2024-2025,False,MA,1,False,False
2024-09-28,Nevada,0.02,0.01,0.99,0.19,1.1,2024-2025,False,NV,9,False,False
2024-09-28,New Hampshire,0.01,0.01,1.84,0.13,,2024-2025,False,NH,1,False,False
2024-09-28,New Jersey,0.04,0.03,0.99,0.14,1.14,2024-2025,False,NJ,2,False,False
2024-09-28,Ohio,0.02,0.01,1.35,0.06,1.41,2024-2025,False,OH,5,False,False
2024-09-28,South Dakota,0.02,0.01,1.27,0.09,,2024-2025,False,SD,8,False,False
2024-09-28,Texas,0.1,0.07,0.69,0.28,1.02,2024-2025,False,TX,6,False,False
2024-09-28,Wisconsin,0.0,0.0,1.6,0.07,1.61,2024-2025,False,WI,5,False,False
2024-09-28,Wyoming,0.0,0.02,2.15,0.06,,2024-2025,False,WY,8,False,False
2024-09-28,Florida,0.21,0.16,0.94,0.75,1.81,2024-2025,False,FL,4,False,False
2024-09-28,Virginia,0.03,0.02,1.23,0.18,1.38,2024-2025,False,VA,3,False,False
2024-09-28,Vermont,0.0,0.05,2.47,0.0,2.13,2024-2025,False,VT,1,False,False
2024-09-28,Tennessee,0.06,0.05,0.88,0.21,1.04,2024-2025,False,TN,4,True,False
2024-09-28,Oregon,0.0,0.01,2.23,0.08,2.14,2024-2025,False,OR,10,False,False
2024-09-28,North Dakota,0.02,0.01,0.82,0.09,0.85,2024-2025,False,ND,8,False,False
2024-09-28,Nebraska,0.01,0.0,0.73,0.06,0.81,2024-2025,False,NE,7,False,False
2024-09-28,Montana,0.02,0.02,2.02,0.07,1.83,2024-2025,False,MT,8,False,False
2024-09-28,Mississippi,0.08,0.06,0.82,0.3,1.11,2024-2025,False,MS,4,True,False
2024-09-28,Minnesota,0.01,0.01,1.57,0.1,1.64,2024-2025,False,MN,5,False,True
2024-09-28,Michigan,0.02,0.02,1.48,0.06,1.49,2024-2025,False,MI,5,False,False
2024-09-28,Illinois,0.02,0.02,1.03,0.06,1.06,2024-2025,False,IL,5,False,False
2024-09-28,Georgia,0.07,0.07,0.48,0.1,0.65,2024-2025,False,GA,4,True,False
2024-09-28,Arkansas,0.02,0.04,0.99,0.22,1.15,2024-2025,False,AR,6,True,False
2024-09-28,Arizona,0.01,0.01,1.16,0.12,1.22,2024-2025,False,AZ,9,False,False
2024-09-28,Alabama,0.1,0.09,0.8,0.23,0.91,2024-2025,False,AL,4,True,False
2024-10-05,Utah,0.01,0.01,1.22,0.17,,2024-2025,True,UT,8,False,False
2024-10-05,Vermont,0.02,0.04,1.8,0.03,,2024-2025,True,VT,1,False,False
2024-10-05,Virginia,0.04,0.03,0.92,0.18,,2024-2025,True,VA,3,False,False
2024-10-05,Wisconsin,0.0,0.0,1.22,0.07,,2024-2025,True,WI,5,False,False
2024-10-05,Alabama,0.11,0.1,0.58,0.25,,2024-2025,True,AL,4,True,False
2024-10-05,Connecticut,0.03,0.02,1.33,0.09,,2024-2025,True,CT,1,False,False
2024-10-05,Louisiana,0.08,0.06,0.57,0.18,,2024-2025,True,LA,6,True,False
2024-10-05,Colorado,0.01,0.01,1.06,0.07,,2024-2025,True,CO,8,False,False
2024-10-05,Delaware,0.05,0.07,1.14,0.05,,2024-2025,True,DE,3,False,False
2024-10-05,Hawaii,0.13,0.12,1.04,0.5,,2024-2025,True,HI,9,False,False
2024-10-05,Kansas,0.04,0.04,0.9,0.06,,2024-2025,True,KS,7,False,False
2024-10-05,Kentucky,0.05,0.03,1.12,0.11,,2024-2025,True,KY,4,False,False
2024-10-05,New Jersey,0.06,0.04,0.75,0.16,,2024-2025,True,NJ,2,False,False
2024-10-05,New Mexico,0.0,0.01,1.29,0.11,,2024-2025,True,NM,6,False,False
2024-10-05,New York,0.04,0.03,0.89,0.05,,2024-2025,True,NY,2,False,True
2024-10-05,Oregon,0.02,0.01,1.71,0.05,,2024-2025,True,OR,10,False,False
2024-10-05,Rhode Island,0.02,0.01,0.88,0.12,,2024-2025,True,RI,1,False,False
2024-10-05,Michigan,0.04,0.03,1.12,0.06,,2024-2025,True,MI,5,False,False
2024-10-05,Maryland,0.03,0.03,0.82,0.12,,2024-2025,True,MD,3,False,False
2024-10-05,Indiana,0.01,0.01,0.71,0.1,,2024-2025,True,IN,5,False,False
2024-10-05,North Dakota,0.0,0.01,0.66,0.02,,2024-2025,True,ND,8,False,False
2024-10-05,Illinois,0.03,0.03,0.83,0.08,,2024-2025,True,IL,5,False,False
2024-10-05,Maine,0.01,0.01,1.64,0.08,,2024-2025,True,ME,1,False,False
2024-10-05,West Virginia,0.0,0.01,1.67,0.11,,2024-2025,True,WV,3,False,False
2024-10-05,Washington,0.03,0.02,1.67,0.18,,2024-2025,True,WA,10,False,False
2024-10-05,North Carolina,0.03,0.03,0.98,0.65,,2024-2025,True,NC,4,True,False
2024-10-05,Nevada,0.02,0.02,0.77,0.21,,2024-2025,True,NV,9,False,False
2024-10-05,Montana,0.0,0.01,2.06,0.05,,2024-2025,True,MT,8,False,False
2024-10-05,Minnesota,0.02,0.01,1.29,0.13,,2024-2025,True,MN,5,False,True
2024-10-05,Iowa,0.02,0.02,1.07,0.06,,2024-2025,True,IA,7,False,False
2024-10-05,Idaho,0.02,0.04,1.22,0.07,,2024-2025,True,ID,10,False,False
2024-10-05,Georgia,0.12,0.09,0.32,0.08,,2024-2025,True,GA,4,True,False
2024-10-05,Florida,0.26,0.21,0.64,0.7,,2024-2025,True,FL,4,False,False
2024-10-05,District of Columbia,0.04,0.03,0.55,0.07,,2024-2025,True,DC,3,False,False
2024-10-05,California,0.02,0.02,0.69,0.14,,2024-2025,True,CA,9,False,False
2024-10-05,Arkansas,0.05,0.04,0.61,0.2,,2024-2025,True,AR,6,True,False
2024-10-05,Arizona,0.01,0.01,1.16,0.2,,2024-2025,True,AZ,9,False,False
2024-10-05,Texas,0.14,0.1,0.54,0.3,,2024-2025,True,TX,6,False,False
2024-10-05,Tennessee,0.13,0.08,0.66,0.23,,2024-2025,True,TN,4,True,False
2024-10-05,Mississippi,0.15,0.1,0.69,0.35,,2024-2025,True,MS,4,True,False
2024-10-05,New Hampshire,0.03,0.01,1.42,0.17,,2024-2025,True,NH,1,False,False
2024-10-05,Pennsylvania,0.02,0.02,0.89,0.05,,2024-2025,True,PA,3,False,False
2024-10-05,South Carolina,0.06,0.06,0.71,0.13,,2024-2025,True,SC,4,True,False
2024-10-05,South Dakota,0.04,0.02,1.07,0.09,,2024-2025,True,SD,8,False,False
2024-10-05,Alaska,0.05,0.1,0.65,0.32,,2024-2025,True,AK,10,False,False
2024-10-05,Wyoming,0.03,0.02,1.57,0.06,,2024-2025,True,WY,8,False,False
2024-10-05,Oklahoma,0.01,0.01,0.81,0.12,,2024-2025,True,OK,6,False,False
2024-10-05,Massachusetts,0.04,0.03,1.13,0.06,,2024-2025,True,MA,1,False,False
2024-10-05,Nebraska,0.0,0.0,0.8,0.04,,2024-2025,True,NE,7,False,False
2024-10-05,Ohio,0.01,0.02,0.85,0.05,,2024-2025,True,OH,5,False,False
2024-10-12,Kansas,0.04,0.04,0.68,0.07,,2024-2025,True,KS,7,False,False
2024-10-12,Wyoming,0.0,0.01,1.47,0.18,,2024-2025,True,WY,8,False,False
2024-10-12,Alaska,0.04,0.07,0.51,0.41,,2024-2025,True,AK,10,False,False
2024-10-12,Arkansas,0.08,0.05,0.54,0.22,,2024-2025,True,AR,6,True,False
2024-10-12,California,0.02,0.02,0.54,0.14,,2024-2025,True,CA,9,False,False
2024-10-12,Arizona,0.01,0.01,1.1,0.23,,2024-2025,True,AZ,9,False,False
2024-10-12,Tennessee,0.14,0.11,0.54,0.24,,2024-2025,True,TN,4,True,False
2024-10-12,South Dakota,0.05,0.04,0.85,0.11,,2024-2025,True,SD,8,False,False
2024-10-12,South Carolina,0.1,0.08,0.58,0.15,,2024-2025,True,SC,4,True,False
2024-10-12,New York,0.05,0.04,0.65,0.06,,2024-2025,True,NY,2,False,True
2024-10-12,New Mexico,0.01,0.01,1.36,0.14,,2024-2025,True,NM,6,False,False
2024-10-12,Nevada,0.02,0.02,0.7,0.22,,2024-2025,True,NV,9,False,False
2024-10-12,Mississippi,0.2,0.14,0.57,0.4,,2024-2025,True,MS,4,True,False
2024-10-12,Minnesota,0.01,0.01,1.18,0.14,,2024-2025,True,MN,5,False,True
2024-10-12,Kentucky,0.09,0.05,0.97,0.16,,2024-2025,True,KY,4,False,False
2024-10-12,Iowa,0.02,0.02,0.86,0.06,,2024-2025,True,IA,7,False,False
2024-10-12,Indiana,0.02,0.01,0.58,0.14,,2024-2025,True,IN,5,False,False
2024-10-12,Idaho,0.11,0.05,0.92,0.13,,2024-2025,True,ID,10,False,False
2024-10-12,Colorado,0.02,0.01,1.0,0.13,,2024-2025,True,CO,8,False,False
2024-10-12,Massachusetts,0.05,0.04,0.84,0.09,,2024-2025,True,MA,1,False,False
2024-10-12,New Jersey,0.08,0.06,0.56,0.15,,2024-2025,True,NJ,2,False,False
2024-10-12,Oregon,0.01,0.01,1.37,0.09,,2024-2025,True,OR,10,False,False
2024-10-12,Texas,0.2,0.14,0.43,0.34,,2024-2025,True,TX,6,False,False
2024-10-12,West Virginia,0.0,0.01,1.25,0.12,,2024-2025,True,WV,3,False,False
2024-10-12,Vermont,0.03,0.02,1.44,0.03,,2024-2025,True,VT,1,False,False
2024-10-12,Utah,0.02,0.01,0.94,0.15,,2024-2025,True,UT,8,False,False
2024-10-12,Pennsylvania,0.03,0.03,0.74,0.07,,2024-2025,True,PA,3,False,False
2024-10-12,North Carolina,0.03,0.03,0.8,0.69,,2024-2025,True,NC,4,True,False
2024-10-12,New Hampshire,0.0,0.01,1.34,0.23,,2024-2025,True,NH,1,False,False
2024-10-12,Nebraska,0.0,0.0,0.52,0.02,,2024-2025,True,NE,7,False,False
2024-10-12,Montana,0.01,0.01,1.61,0.11,,2024-2025,True,MT,8,False,False
2024-10-12,Michigan,0.05,0.04,0.96,0.06,,2024-2025,True,MI,5,False,False
2024-10-12,Maryland,0.09,0.05,0.59,0.07,,2024-2025,True,MD,3,False,False
2024-10-12,Louisiana,0.12,0.09,0.48,0.17,,2024-2025,True,LA,6,True,False
2024-10-12,Florida,0.34,0.27,0.54,0.84,,2024-2025,True,FL,4,False,False
2024-10-12,District of Columbia,0.02,0.03,0.43,0.06,,2024-2025,True,DC,3,False,False
2024-10-12,Georgia,0.17,0.12,0.29,0.1,,2024-2025,True,GA,4,True,False
2024-10-12,Hawaii,0.27,0.17,0.64,0.3,,2024-2025,True,HI,9,False,False
2024-10-12,North Dakota,0.02,0.01,0.76,0.06,,2024-2025,True,ND,8,False,False
2024-10-12,Ohio,0.03,0.02,0.73,0.06,,2024-2025,True,OH,5,False,False
2024-10-12,Oklahoma,0.01,0.01,0.76,0.12,,2024-2025,True,OK,6,False,False
2024-10-12,Rhode Island,0.04,0.02,0.7,0.07,,2024-2025,True,RI,1,False,False
2024-10-12,Wisconsin,0.01,0.01,1.14,0.07,,2024-2025,True,WI,5,False,False
2024-10-12,Delaware,0.1,0.07,0.67,0.06,,2024-2025,True,DE,3,False,False
2024-10-12,Virginia,0.08,0.05,0.71,0.22,,2024-2025,True,VA,3,False,False
2024-10-12,Washington,0.03,0.02,1.33,0.18,,2024-2025,True,WA,10,False,False
2024-10-12,Alabama,0.15,0.12,0.69,0.28,,2024-2025,True,AL,4,True,False
2024-10-12,Connecticut,0.06,0.04,1.03,0.08,,2024-2025,True,CT,1,False,False
2024-10-12,Illinois,0.04,0.03,0.64,0.09,,2024-2025,True,IL,5,False,False
2024-10-12,Maine,0.01,0.01,1.44,0.06,,2024-2025,True,ME,1,False,False
2024-10-19,California,0.03,0.02,0.42,0.16,,2024-2025,True,CA,9,False,False
2024-10-19,Oregon,0.02,0.02,1.11,0.14,,2024-2025,True,OR,10,False,False
2024-10-19,West Virginia,0.01,0.01,1.12,0.15,,2024-2025,True,WV,3,False,False
2024-10-19,Washington,0.04,0.03,0.98,0.16,,2024-2025,True,WA,10,False,False
2024-10-19,Utah,0.02,0.02,0.86,0.14,,2024-2025,True,UT,8,False,False
2024-10-19,South Dakota,0.02,0.04,0.99,0.07,,2024-2025,True,SD,8,False,False
2024-10-19,South Carolina,0.11,0.09,0.49,0.14,,2024-2025,True,SC,4,True,False
2024-10-19,Pennsylvania,0.03,0.03,0.67,0.08,,2024-2025,True,PA,3,False,False
2024-10-19,New York,0.06,0.05,0.58,0.05,,2024-2025,True,NY,2,False,True
2024-10-19,New Hampshire,0.02,0.02,1.13,0.12,,2024-2025,True,NH,1,False,False
2024-10-19,Massachusetts,0.08,0.06,0.81,0.12,,2024-2025,True,MA,1,False,False
2024-10-19,Maryland,0.16,0.09,0.61,0.1,,2024-2025,True,MD,3,False,False
2024-10-19,Louisiana,0.14,0.11,0.42,0.23,,2024-2025,True,LA,6,True,False
2024-10-19,Indiana,0.02,0.02,0.55,0.1,,2024-2025,True,IN,5,False,False
2024-10-19,Hawaii,0.2,0.2,0.63,0.48,,2024-2025,True,HI,9,False,False
2024-10-19,Delaware,0.14,0.09,0.52,0.06,,2024-2025,True,DE,3,False,False
2024-10-19,Florida,0.35,0.32,0.45,0.68,,2024-2025,True,FL,4,False,False
2024-10-19,Maine,0.0,0.01,1.18,0.03,,2024-2025,True,ME,1,False,False
2024-10-19,Montana,0.01,0.01,1.37,0.04,,2024-2025,True,MT,8,False,False
2024-10-19,Nebraska,0.0,0.0,0.54,0.04,,2024-2025,True,NE,7,False,False
2024-10-19,New Jersey,0.1,0.08,0.46,0.12,,2024-2025,True,NJ,2,False,False
2024-10-19,North Dakota,0.0,0.01,0.66,0.13,,2024-2025,True,ND,8,False,False
2024-10-19,Oklahoma,0.05,0.02,0.66,0.19,,2024-2025,True,OK,6,False,False
2024-10-19,Rhode Island,0.04,0.03,0.71,0.21,,2024-2025,True,RI,1,False,False
2024-10-19,Tennessee,0.22,0.16,0.54,0.32,,2024-2025,True,TN,4,True,False
2024-10-19,Texas,0.26,0.2,0.35,0.38,,2024-2025,True,TX,6,False,False
2024-10-19,Virginia,0.09,0.07,0.65,0.21,,2024-2025,True,VA,3,False,False
2024-10-19,Wyoming,0.0,0.01,1.48,0.09,,2024-2025,True,WY,8,False,False
2024-10-19,Colorado,0.03,0.02,0.8,0.2,,2024-2025,True,CO,8,False,False
2024-10-19,Wisconsin,0.01,0.01,0.95,0.08,,2024-2025,True,WI,5,False,False
2024-10-19,Vermont,0.0,0.02,1.29,0.08,,2024-2025,True,VT,1,False,False
2024-10-19,Ohio,0.04,0.03,0.64,0.09,,2024-2025,True,OH,5,False,False
2024-10-19,New Mexico,0.01,0.01,1.29,0.19,,2024-2025,True,NM,6,False,False
2024-10-19,Nevada,0.02,0.02,0.46,0.25,,2024-2025,True,NV,9,False,False
2024-10-19,Mississippi,0.22,0.19,0.49,0.41,,2024-2025,True,MS,4,True,False
2024-10-19,Minnesota,0.01,0.01,1.09,0.11,,2024-2025,True,MN,5,False,True
2024-10-19,Michigan,0.05,0.05,0.85,0.09,,2024-2025,True,MI,5,False,False
2024-10-19,Iowa,0.01,0.01,0.77,0.04,,2024-2025,True,IA,7,False,False
2024-10-19,North Carolina,0.06,0.04,0.69,0.77,,2024-2025,True,NC,4,True,False
2024-10-19,Arizona,0.02,0.01,0.95,0.36,,2024-2025,True,AZ,9,False,False
2024-10-19,Alaska,0.09,0.06,0.51,0.4,,2024-2025,True,AK,10,False,False
2024-10-19,Alabama,0.32,0.19,0.5,0.26,,2024-2025,True,AL,4,True,False
2024-10-19,Arkansas,0.1,0.08,0.58,0.2,,2024-2025,True,AR,6,True,False
2024-10-19,Connecticut,0.07,0.05,1.04,0.1,,2024-2025,True,CT,1,False,False
2024-10-19,District of Columbia,0.1,0.05,0.26,0.13,,2024-2025,True,DC,3,False,False
2024-10-19,Georgia,0.17,0.15,0.3,0.13,,2024-2025,True,GA,4,True,False
2024-10-19,Idaho,0.06,0.06,0.72,0.17,,2024-2025,True,ID,10,False,False
2024-10-19,Illinois,0.07,0.05,0.59,0.1,,2024-2025,True,IL,5,False,False
2024-10-19,Kansas,0.01,0.03,0.63,0.08,,2024-2025,True,KS,7,False,False
2024-10-19,Kentucky,0.08,0.07,1.02,0.18,,2024-2025,True,KY,4,False,False
2024-10-26,South Dakota,0.04,0.04,0.98,0.09,,2024-2025,True,SD,8,False,False
2024-10-26,Utah,0.04,0.02,0.74,0.14,,2024-2025,True,UT,8,False,False
2024-10-26,Virginia,0.14,0.11,0.6,0.26,,2024-2025,True,VA,3,False,False
2024-10-26,Delaware,0.17,0.14,0.63,0.04,,2024-2025,True,DE,3,False,False
2024-10-26,California,0.04,0.03,0.39,0.2,,2024-2025,True,CA,9,False,False
2024-10-26,Wyoming,0.0,0.0,1.03,0.06,,2024-2025,True,WY,8,False,False
2024-10-26,Hawaii,0.26,0.24,0.57,0.62,,2024-2025,True,HI,9,False,False
2024-10-26,Connecticut,0.07,0.07,0.83,0.12,,2024-2025,True,CT,1,False,False
2024-10-26,Arkansas,0.11,0.1,0.75,0.22,,2024-2025,True,AR,6,True,False
2024-10-26,Colorado,0.01,0.02,0.81,0.24,,2024-2025,True,CO,8,False,False
2024-10-26,Idaho,0.1,0.09,0.62,0.09,,2024-2025,True,ID,10,False,False
2024-10-26,Indiana,0.04,0.03,0.57,0.11,,2024-2025,True,IN,5,False,False
2024-10-26,Michigan,0.09,0.06,0.89,0.1,,2024-2025,True,MI,5,False,False
2024-10-26,West Virginia,0.03,0.02,0.95,0.21,,2024-2025,True,WV,3,False,False
2024-10-26,North Dakota,0.0,0.01,0.57,0.08,,2024-2025,True,ND,8,False,False
2024-10-26,New Jersey,0.14,0.11,0.48,0.16,,2024-2025,True,NJ,2,False,False
2024-10-26,Maryland,0.24,0.16,0.58,0.14,,2024-2025,True,MD,3,False,False
2024-10-26,Louisiana,0.16,0.14,0.43,0.45,,2024-2025,True,LA,6,True,False
2024-10-26,Florida,0.39,0.36,0.4,0.79,,2024-2025,True,FL,4,False,False
2024-10-26,District of Columbia,0.16,0.1,0.32,0.14,,2024-2025,True,DC,3,False,False
2024-10-26,Mississippi,0.3,0.24,0.54,0.41,,2024-2025,True,MS,4,True,False
2024-10-26,Montana,0.04,0.02,1.26,0.08,,2024-2025,True,MT,8,False,False
2024-10-26,Nevada,0.03,0.02,0.49,0.3,,2024-2025,True,NV,9,False,False
2024-10-26,New York,0.09,0.07,0.52,0.09,,2024-2025,True,NY,2,False,True
2024-10-26,Oklahoma,0.05,0.03,0.51,0.21,,2024-2025,True,OK,6,False,False
2024-10-26,Pennsylvania,0.06,0.04,0.65,0.13,,2024-2025,True,PA,3,False,False
2024-10-26,Texas,0.32,0.26,0.35,0.45,,2024-2025,True,TX,6,False,False
2024-10-26,Wisconsin,0.01,0.01,0.85,0.09,,2024-2025,True,WI,5,False,False
2024-10-26,Washington,0.07,0.04,0.83,0.21,,2024-2025,True,WA,10,False,False
2024-10-26,Vermont,0.03,0.02,0.95,0.02,,2024-2025,True,VT,1,False,False
2024-10-26,Tennessee,0.23,0.2,0.54,0.33,,2024-2025,True,TN,4,True,False
2024-10-26,Ohio,0.05,0.04,0.68,0.11,,2024-2025,True,OH,5,False,False
2024-10-26,New Mexico,0.01,0.01,1.21,0.19,,2024-2025,True,NM,6,False,False
2024-10-26,New Hampshire,0.06,0.03,0.95,0.18,,2024-2025,True,NH,1,False,False
2024-10-26,Nebraska,0.01,0.0,0.5,0.07,,2024-2025,True,NE,7,False,False
2024-10-26,Minnesota,0.03,0.01,0.94,0.1,,2024-2025,True,MN,5,False,True
2024-10-26,Maine,0.03,0.01,1.22,0.06,,2024-2025,True,ME,1,False,False
2024-10-26,Kentucky,0.1,0.09,1.03,0.19,,2024-2025,True,KY,4,False,False
2024-10-26,Illinois,0.08,0.06,0.62,0.15,,2024-2025,True,IL,5,False,False
2024-10-26,Alabama,0.37,0.28,0.51,0.37,,2024-2025,True,AL,4,True,False
2024-10-26,Alaska,0.08,0.07,0.78,0.77,,2024-2025,True,AK,10,False,False
2024-10-26,Arizona,0.01,0.01,1.13,0.58,,2024-2025,True,AZ,9,False,False
2024-10-26,Georgia,0.32,0.22,0.33,0.16,,2024-2025,True,GA,4,True,False
2024-10-26,Iowa,0.04,0.02,0.59,0.04,,2024-2025,True,IA,7,False,False
2024-10-26,Kansas,0.02,0.03,0.67,0.08,,2024-2025,True,KS,7,False,False
2024-10-26,Massachusetts,0.1,0.08,0.76,0.13,,2024-2025,True,MA,1,False,False
2024-10-26,North Carolina,0.07,0.05,0.64,0.86,,2024-2025,True,NC,4,True,False
2024-10-26,Oregon,0.02,0.01,0.89,0.11,,2024-2025,True,OR,10,False,False
2024-10-26,Rhode Island,0.06,0.04,0.73,0.05,,2024-2025,True,RI,1,False,False
2024-10-26,South Carolina,0.12,0.11,0.55,0.18,,2024-2025,True,SC,4,True,False
2024-11-02,New York,0.12,0.09,0.43,0.09,,2024-2025,True,NY,2,False,True
2024-11-02,Alaska,0.11,0.09,0.48,0.86,,2024-2025,True,AK,10,False,False
2024-11-02,Arkansas,0.17,0.13,0.59,0.26,,2024-2025,True,AR,6,True,False
2024-11-02,Connecticut,0.1,0.08,0.79,0.12,,2024-2025,True,CT,1,False,False
2024-11-02,Illinois,0.12,0.09,0.64,0.18,,2024-2025,True,IL,5,False,False
2024-11-02,Louisiana,0.24,0.18,0.46,0.7,,2024-2025,True,LA,6,True,False
2024-11-02,Massachusetts,0.15,0.11,0.73,0.15,,2024-2025,True,MA,1,False,False
2024-11-02,Minnesota,0.02,0.02,0.83,0.17,,2024-2025,True,MN,5,False,True
2024-11-02,Nevada,0.03,0.03,0.47,0.38,,2024-2025,True,NV,9,False,False
2024-11-02,South Carolina,0.19,0.14,0.5,0.21,,2024-2025,True,SC,4,True,False
2024-11-02,Tennessee,0.39,0.28,0.54,0.38,,2024-2025,True,TN,4,True,False
2024-11-02,Virginia,0.21,0.15,0.6,0.23,,2024-2025,True,VA,3,False,False
2024-11-02,West Virginia,0.03,0.03,1.03,0.13,,2024-2025,True,WV,3,False,False
2024-11-02,Wisconsin,0.01,0.01,0.88,0.13,,2024-2025,True,WI,5,False,False
2024-11-02,South Dakota,0.02,0.02,0.86,0.07,,2024-2025,True,SD,8,False,False
2024-11-02,Oklahoma,0.03,0.04,0.48,0.17,,2024-2025,True,OK,6,False,False
2024-11-02,North Dakota,0.02,0.01,0.53,0.06,,2024-2025,True,ND,8,False,False
2024-11-02,North Carolina,0.1,0.07,0.66,0.89,,2024-2025,True,NC,4,True,False
2024-11-02,New Mexico,0.01,0.01,1.27,0.21,,2024-2025,True,NM,6,False,False
2024-11-02,New Jersey,0.19,0.14,0.44,0.19,,2024-2025,True,NJ,2,False,False
2024-11-02,Nebraska,0.01,0.01,0.57,0.1,,2024-2025,True,NE,7,False,False
2024-11-02,Montana,0.0,0.02,1.02,0.04,,2024-2025,True,MT,8,False,False
2024-11-02,Maryland,0.28,0.23,0.42,0.14,,2024-2025,True,MD,3,False,False
2024-11-02,Georgia,0.38,0.29,0.31,0.18,,2024-2025,True,GA,4,True,False
2024-11-02,Wyoming,0.03,0.01,1.7,0.06,,2024-2025,True,WY,8,False,False
2024-11-02,Washington,0.06,0.05,0.67,0.22,,2024-2025,True,WA,10,False,False
2024-11-02,Texas,0.46,0.35,0.3,0.51,,2024-2025,True,TX,6,False,False
2024-11-02,Rhode Island,0.08,0.06,0.59,0.12,,2024-2025,True,RI,1,False,False
2024-11-02,New Hampshire,0.02,0.04,0.79,0.18,,2024-2025,True,NH,1,False,False
2024-11-02,Mississippi,0.49,0.34,0.52,0.54,,2024-2025,True,MS,4,True,False
2024-11-02,Indiana,0.07,0.04,0.58,0.15,,2024-2025,True,IN,5,False,False
2024-11-02,Florida,0.47,0.4,0.35,1.01,,2024-2025,True,FL,4,False,False
2024-11-02,Delaware,0.27,0.19,0.52,0.03,,2024-2025,True,DE,3,False,False
2024-11-02,Colorado,0.01,0.02,0.84,0.29,,2024-2025,True,CO,8,False,False
2024-11-02,Alabama,0.47,0.39,0.45,0.58,,2024-2025,True,AL,4,True,False
2024-11-02,Vermont,0.09,0.04,0.99,0.07,,2024-2025,True,VT,1,False,False
2024-11-02,Utah,0.05,0.03,0.79,0.17,,2024-2025,True,UT,8,False,False
2024-11-02,Pennsylvania,0.06,0.05,0.57,0.15,,2024-2025,True,PA,3,False,False
2024-11-02,Oregon,0.03,0.02,0.67,0.16,,2024-2025,True,OR,10,False,False
2024-11-02,Ohio,0.05,0.05,0.62,0.13,,2024-2025,True,OH,5,False,False
2024-11-02,Michigan,0.12,0.09,0.88,0.15,,2024-2025,True,MI,5,False,False
2024-11-02,Maine,0.01,0.01,1.06,0.04,,2024-2025,True,ME,1,False,False
2024-11-02,Kentucky,0.14,0.11,1.0,0.24,,2024-2025,True,KY,4,False,False
2024-11-02,Kansas,0.03,0.02,0.52,0.16,,2024-2025,True,KS,7,False,False
2024-11-02,Iowa,0.04,0.03,0.59,0.07,,2024-2025,True,IA,7,False,False
2024-11-02,Idaho,0.06,0.07,0.64,0.24,,2024-2025,True,ID,10,False,False
2024-11-02,Hawaii,0.39,0.28,0.55,1.1,,2024-2025,True,HI,9,False,False
2024-11-02,District of Columbia,0.14,0.14,0.28,0.22,,2024-2025,True,DC,3,False,False
2024-11-02,California,0.05,0.04,0.37,0.24,,2024-2025,True,CA,9,False,False
2024-11-02,Arizona,0.01,0.01,1.16,0.66,,2024-2025,True,AZ,9,False,False
2024-11-09,North Dakota,0.0,0.01,0.76,0.11,,2024-2025,True,ND,8,False,False
2024-11-09,Tennessee,0.53,0.39,0.46,0.35,,2024-2025,True,TN,4,True,False
2024-11-09,Alabama,0.66,0.5,0.44,0.73,,2024-2025,True,AL,4,True,False
2024-11-09,California,0.08,0.05,0.37,0.3,,2024-2025,True,CA,9,False,False
2024-11-09,Hawaii,0.41,0.35,0.51,0.7,,2024-2025,True,HI,9,False,False
2024-11-09,Kansas,0.05,0.03,0.4,0.13,,2024-2025,True,KS,7,False,False
2024-11-09,Louisiana,0.49,0.3,0.35,1.05,,2024-2025,True,LA,6,True,False
2024-11-09,Massachusetts,0.24,0.16,0.58,0.15,,2024-2025,True,MA,1,False,False
2024-11-09,Minnesota,0.04,0.03,1.03,0.3,,2024-2025,True,MN,5,False,True
2024-11-09,Mississippi,0.61,0.47,0.53,0.71,,2024-2025,True,MS,4,True,False
2024-11-09,New Hampshire,0.05,0.04,0.69,0.28,,2024-2025,True,NH,1,False,False
2024-11-09,Oregon,0.04,0.03,0.5,0.28,,2024-2025,True,OR,10,False,False
2024-11-09,South Carolina,0.3,0.2,0.42,0.24,,2024-2025,True,SC,4,True,False
2024-11-09,South Dakota,0.04,0.03,0.85,0.04,,2024-2025,True,SD,8,False,False
2024-11-09,Texas,0.62,0.47,0.29,0.61,,2024-2025,True,TX,6,False,False
2024-11-09,Wisconsin,0.02,0.02,0.77,0.09,,2024-2025,True,WI,5,False,False
2024-11-09,West Virginia,0.09,0.05,0.89,0.18,,2024-2025,True,WV,3,False,False
2024-11-09,Vermont,0.07,0.06,0.85,0.0,,2024-2025,True,VT,1,False,False
2024-11-09,Rhode Island,0.08,0.07,0.55,0.15,,2024-2025,True,RI,1,False,False
2024-11-09,New Mexico,0.04,0.02,1.59,0.38,,2024-2025,True,NM,6,False,False
2024-11-09,Iowa,0.06,0.05,0.48,0.07,,2024-2025,True,IA,7,False,False
2024-11-09,Indiana,0.08,0.06,0.62,0.17,,2024-2025,True,IN,5,False,False
2024-11-09,Illinois,0.18,0.12,0.55,0.23,,2024-2025,True,IL,5,False,False
2024-11-09,Connecticut,0.14,0.11,0.92,0.12,,2024-2025,True,CT,1,False,False
2024-11-09,Colorado,0.05,0.03,0.84,0.33,,2024-2025,True,CO,8,False,False
2024-11-09,Arkansas,0.21,0.16,0.49,0.18,,2024-2025,True,AR,6,True,False
2024-11-09,Idaho,0.08,0.08,0.67,0.3,,2024-2025,True,ID,10,False,False
2024-11-09,Georgia,0.52,0.41,0.3,0.22,,2024-2025,True,GA,4,True,False
2024-11-09,Florida,0.5,0.46,0.36,1.29,,2024-2025,True,FL,4,False,False
2024-11-09,District of Columbia,0.32,0.21,0.31,0.15,,2024-2025,True,DC,3,False,False
2024-11-09,Alaska,0.3,0.16,0.62,0.71,,2024-2025,True,AK,10,False,False
2024-11-09,Arizona,0.05,0.02,1.28,1.12,,2024-2025,True,AZ,9,False,False
2024-11-09,Delaware,0.42,0.29,0.52,0.13,,2024-2025,True,DE,3,False,False
2024-11-09,Maine,0.03,0.02,0.79,0.07,,2024-2025,True,ME,1,False,False
2024-11-09,Michigan,0.18,0.13,0.79,0.16,,2024-2025,True,MI,5,False,False
2024-11-09,Montana,0.01,0.02,1.12,0.09,,2024-2025,True,MT,8,False,False
2024-11-09,New York,0.2,0.14,0.4,0.11,,2024-2025,True,NY,2,False,True
2024-11-09,North Carolina,0.16,0.11,0.52,0.9,,2024-2025,True,NC,4,True,False
2024-11-09,Utah,0.05,0.04,0.71,0.21,,2024-2025,True,UT,8,False,False
2024-11-09,Virginia,0.29,0.22,0.48,0.23,,2024-2025,True,VA,3,False,False
2024-11-09,Washington,0.13,0.09,0.48,0.28,,2024-2025,True,WA,10,False,False
2024-11-09,Wyoming,0.0,0.01,1.42,0.38,,2024-2025,True,WY,8,False,False
2024-11-09,New Jersey,0.31,0.21,0.43,0.2,,2024-2025,True,NJ,2,False,False
2024-11-09,Ohio,0.1,0.06,0.57,0.15,,2024-2025,True,OH,5,False,False
2024-11-09,Oklahoma,0.05,0.04,0.52,0.15,,2024-2025,True,OK,6,False,False
2024-11-09,Pennsylvania,0.11,0.07,0.56,0.19,,2024-2025,True,PA,3,False,False
2024-11-09,Kentucky,0.22,0.15,0.87,0.25,,2024-2025,True,KY,4,False,False
2024-11-09,Maryland,0.49,0.33,0.45,0.17,,2024-2025,True,MD,3,False,False
2024-11-09,Nebraska,0.01,0.01,0.48,0.1,,2024-2025,True,NE,7,False,False
2024-11-09,Nevada,0.06,0.04,0.54,0.63,,2024-2025,True,NV,9,False,False
2024-11-16,Virginia,0.36,0.29,0.41,0.21,,2024-2025,True,VA,3,False,False
2024-11-16,Delaware,0.49,0.39,0.51,0.17,,2024-2025,True,DE,3,False,False
2024-11-16,Arizona,0.04,0.03,1.41,1.66,,2024-2025,True,AZ,9,False,False
2024-11-16,District of Columbia,0.54,0.33,0.28,0.2,,2024-2025,True,DC,3,False,False
2024-11-16,Georgia,0.65,0.52,0.2,0.26,,2024-2025,True,GA,4,True,False
2024-11-16,Kentucky,0.3,0.22,0.86,0.27,,2024-2025,True,KY,4,False,False
2024-11-16,Pennsylvania,0.19,0.12,0.47,0.18,,2024-2025,True,PA,3,False,False
2024-11-16,Utah,0.04,0.04,0.78,0.32,,2024-2025,True,UT,8,False,False
2024-11-16,Tennessee,0.73,0.55,0.44,0.44,,2024-2025,True,TN,4,True,False
2024-11-16,Wisconsin,0.02,0.02,0.72,0.15,,2024-2025,True,WI,5,False,False
2024-11-16,Wyoming,0.09,0.04,0.96,0.21,,2024-2025,True,WY,8,False,False
2024-11-16,Vermont,0.02,0.06,0.61,0.12,,2024-2025,True,VT,1,False,False
2024-11-16,Ohio,0.14,0.09,0.52,0.17,,2024-2025,True,OH,5,False,False
2024-11-16,North Dakota,0.0,0.01,0.49,0.1,,2024-2025,True,ND,8,False,False
2024-11-16,North Carolina,0.23,0.16,0.47,0.95,,2024-2025,True,NC,4,True,False
2024-11-16,Nebraska,0.04,0.02,0.44,0.1,,2024-2025,True,NE,7,False,False
2024-11-16,Michigan,0.22,0.17,0.77,0.17,,2024-2025,True,MI,5,False,False
2024-11-16,Louisiana,0.58,0.44,0.34,1.18,,2024-2025,True,LA,6,True,False
2024-11-16,Kansas,0.1,0.06,0.55,0.21,,2024-2025,True,KS,7,False,False
2024-11-16,Iowa,0.1,0.07,0.47,0.12,,2024-2025,True,IA,7,False,False
2024-11-16,Illinois,0.3,0.2,0.56,0.22,,2024-2025,True,IL,5,False,False
2024-11-16,Idaho,0.09,0.08,0.58,0.36,,2024-2025,True,ID,10,False,False
2024-11-16,Nevada,0.12,0.07,0.51,0.87,,2024-2025,True,NV,9,False,False
2024-11-16,New Hampshire,0.21,0.09,0.76,0.3,,2024-2025,True,NH,1,False,False
2024-11-16,New York,0.28,0.2,0.34,0.13,,2024-2025,True,NY,2,False,True
2024-11-16,Arkansas,0.46,0.28,0.4,0.27,,2024-2025,True,AR,6,True,False
2024-11-16,Colorado,0.05,0.04,0.9,0.4,,2024-2025,True,CO,8,False,False
2024-11-16,Maryland,0.56,0.44,0.34,0.18,,2024-2025,True,MD,3,False,False
2024-11-16,Indiana,0.13,0.09,0.55,0.27,,2024-2025,True,IN,5,False,False
2024-11-16,Hawaii,0.64,0.48,0.51,0.91,,2024-2025,True,HI,9,False,False
2024-11-16,Florida,0.62,0.53,0.28,1.46,,2024-2025,True,FL,4,False,False
2024-11-16,Connecticut,0.17,0.14,0.73,0.12,,2024-2025,True,CT,1,False,False
2024-11-16,California,0.11,0.08,0.37,0.5,,2024-2025,True,CA,9,False,False
2024-11-16,Alaska,0.35,0.25,0.66,0.81,,2024-2025,True,AK,10,False,False
2024-11-16,Alabama,0.86,0.66,0.37,0.89,,2024-2025,True,AL,4,True,False
2024-11-16,Rhode Island,0.18,0.11,0.42,0.14,,2024-2025,True,RI,1,False,False
2024-11-16,South Carolina,0.52,0.33,0.42,0.25,,2024-2025,True,SC,4,True,False
2024-11-16,Texas,0.89,0.66,0.32,0.74,,2024-2025,True,TX,6,False,False
2024-11-16,Maine,0.04,0.02,1.02,0.03,,2024-2025,True,ME,1,False,False
2024-11-16,Mississippi,0.89,0.67,0.48,0.75,,2024-2025,True,MS,4,True,False
2024-11-16,New Jersey,0.41,0.3,0.35,0.24,,2024-2025,True,NJ,2,False,False
2024-11-16,New Mexico,0.04,0.03,1.75,0.56,,2024-2025,True,NM,6,False,False
2024-11-16,South Dakota,0.0,0.02,0.97,0.11,,2024-2025,True,SD,8,False,False
2024-11-16,Washington,0.2,0.13,0.43,0.35,,2024-2025,True,WA,10,False,False
2024-11-16,Oregon,0.08,0.05,0.54,0.49,,2024-2025,True,OR,10,False,False
2024-11-16,Massachusetts,0.38,0.26,0.65,0.17,,2024-2025,True,MA,1,False,False
2024-11-16,Oklahoma,0.08,0.05,0.4,0.19,,2024-2025,True,OK,6,False,False
2024-11-16,Montana,0.0,0.0,0.99,0.06,,2024-2025,True,MT,8,False,False
2024-11-16,Minnesota,0.09,0.05,1.0,0.33,,2024-2025,True,MN,5,False,True
2024-11-16,West Virginia,0.13,0.08,0.79,0.14,,2024-2025,True,WV,3,False,False
2024-11-23,Arizona,0.06,0.05,1.66,2.2,,2024-2025,True,AZ,9,False,False
2024-11-23,West Virginia,0.21,0.14,0.84,0.07,,2024-2025,True,WV,3,False,False
2024-11-23,Tennessee,0.94,0.73,0.48,0.52,,2024-2025,True,TN,4,True,False
2024-11-23,South Carolina,0.66,0.49,0.33,0.25,,2024-2025,True,SC,4,True,False
2024-11-23,Rhode Island,0.2,0.15,0.45,0.14,,2024-2025,True,RI,1,False,False
2024-11-23,Pennsylvania,0.26,0.18,0.54,0.26,,2024-2025,True,PA,3,False,False
2024-11-23,New Hampshire,0.16,0.14,0.68,0.59,,2024-2025,True,NH,1,False,False
2024-11-23,Montana,0.04,0.02,0.99,0.17,,2024-2025,True,MT,8,False,False
2024-11-23,Michigan,0.3,0.23,0.72,0.21,,2024-2025,True,MI,5,False,False
2024-11-23,Iowa,0.15,0.1,0.49,0.18,,2024-2025,True,IA,7,False,False
2024-11-23,Colorado,0.08,0.06,0.9,0.42,,2024-2025,True,CO,8,False,False
2024-11-23,Arkansas,0.4,0.36,0.41,0.29,,2024-2025,True,AR,6,True,False
2024-11-23,Alaska,0.58,0.41,0.46,1.34,,2024-2025,True,AK,10,False,False
2024-11-23,Connecticut,0.26,0.19,0.79,0.16,,2024-2025,True,CT,1,False,False
2024-11-23,Georgia,0.88,0.69,0.23,0.34,,2024-2025,True,GA,4,True,False
2024-11-23,Hawaii,0.51,0.52,0.39,1.03,,2024-2025,True,HI,9,False,False
2024-11-23,Illinois,0.45,0.31,0.62,0.31,,2024-2025,True,IL,5,False,False
2024-11-23,Indiana,0.21,0.14,0.69,0.29,,2024-2025,True,IN,5,False,False
2024-11-23,Maine,0.02,0.03,0.88,0.06,,2024-2025,True,ME,1,False,False
2024-11-23,Nebraska,0.04,0.03,0.44,0.1,,2024-2025,True,NE,7,False,False
2024-11-23,New York,0.34,0.27,0.36,0.21,,2024-2025,True,NY,2,False,True
2024-11-23,Oregon,0.1,0.07,0.48,0.71,,2024-2025,True,OR,10,False,False
2024-11-23,South Dakota,0.05,0.03,1.13,0.2,,2024-2025,True,SD,8,False,False
2024-11-23,Utah,0.06,0.05,0.83,0.52,,2024-2025,True,UT,8,False,False
2024-11-23,Vermont,0.03,0.04,0.62,0.03,,2024-2025,True,VT,1,False,False
2024-11-23,Washington,0.27,0.2,0.42,0.53,,2024-2025,True,WA,10,False,False
2024-11-23,Wyoming,0.12,0.07,1.24,0.54,,2024-2025,True,WY,8,False,False
2024-11-23,Virginia,0.54,0.4,0.44,0.29,,2024-2025,True,VA,3,False,False
2024-11-23,Texas,1.02,0.85,0.34,0.92,,2024-2025,True,TX,6,False,False
2024-11-23,North Dakota,0.05,0.02,1.02,0.16,,2024-2025,True,ND,8,False,False
2024-11-23,New Mexico,0.06,0.05,1.9,0.64,,2024-2025,True,NM,6,False,False
2024-11-23,New Jersey,0.54,0.42,0.43,0.31,,2024-2025,True,NJ,2,False,False
2024-11-23,Nevada,0.22,0.13,0.47,1.14,,2024-2025,True,NV,9,False,False
2024-11-23,Maryland,0.82,0.62,0.43,0.23,,2024-2025,True,MD,3,False,False
2024-11-23,Louisiana,0.9,0.66,0.28,1.5,,2024-2025,True,LA,6,True,False
2024-11-23,Kentucky,0.44,0.32,0.76,0.32,,2024-2025,True,KY,4,False,False
2024-11-23,Kansas,0.11,0.09,0.56,0.32,,2024-2025,True,KS,7,False,False
2024-11-23,Florida,0.67,0.6,0.29,1.54,,2024-2025,True,FL,4,False,False
2024-11-23,Delaware,0.88,0.6,0.47,0.24,,2024-2025,True,DE,3,False,False
2024-11-23,Wisconsin,0.05,0.03,0.65,0.19,,2024-2025,True,WI,5,False,False
2024-11-23,Oklahoma,0.17,0.1,0.48,0.25,,2024-2025,True,OK,6,False,False
2024-11-23,Ohio,0.23,0.15,0.56,0.17,,2024-2025,True,OH,5,False,False
2024-11-23,North Carolina,0.37,0.26,0.42,1.08,,2024-2025,True,NC,4,True,False
2024-11-23,Mississippi,1.13,0.87,0.44,0.69,,2024-2025,True,MS,4,True,False
2024-11-23,Minnesota,0.08,0.07,0.97,0.32,,2024-2025,True,MN,5,False,True
2024-11-23,Massachusetts,0.52,0.38,0.66,0.33,,2024-2025,True,MA,1,False,False
2024-11-23,Idaho,0.12,0.09,0.72,1.06,,2024-2025,True,ID,10,False,False
2024-11-23,District of Columbia,0.74,0.53,0.13,0.2,,2024-2025,True,DC,3,False,False
2024-11-23,California,0.17,0.12,0.38,0.82,,2024-2025,True,CA,9,False,False
2024-11-23,Alabama,1.01,0.84,0.4,0.91,,2024-2025,True,AL,4,True,False
2024-11-30,Texas,1.29,1.06,0.38,1.32,,2024-2025,True,TX,6,False,False
2024-11-30,Washington,0.39,0.29,0.43,0.84,,2024-2025,True,WA,10,False,False
2024-11-30,Pennsylvania,0.42,0.28,0.59,0.36,,2024-2025,True,PA,3,False,False
2024-11-30,Oregon,0.13,0.1,0.44,1.03,,2024-2025,True,OR,10,False,False
2024-11-30,Ohio,0.31,0.22,0.65,0.23,,2024-2025,True,OH,5,False,False
2024-11-30,North Carolina,0.61,0.4,0.42,1.23,,2024-2025,True,NC,4,True,False
2024-11-30,New Hampshire,0.32,0.23,0.75,0.58,,2024-2025,True,NH,1,False,False
2024-11-30,Wyoming,0.09,0.1,1.23,0.8,,2024-2025,True,WY,8,False,False
2024-11-30,Wisconsin,0.1,0.06,0.81,0.2,,2024-2025,True,WI,5,False,False
2024-11-30,Vermont,0.15,0.06,0.99,0.07,,2024-2025,True,VT,1,False,False
2024-11-30,South Carolina,0.97,0.71,0.43,0.38,,2024-2025,True,SC,4,True,False
2024-11-30,New York,0.52,0.38,0.38,0.34,,2024-2025,True,NY,2,False,True
2024-11-30,Massachusetts,0.84,0.58,0.81,0.39,,2024-2025,True,MA,1,False,False
2024-11-30,California,0.26,0.18,0.41,1.38,,2024-2025,True,CA,9,False,False
2024-11-30,Hawaii,0.51,0.55,0.35,1.33,,2024-2025,True,HI,9,False,False
2024-11-30,Illinois,0.66,0.47,0.76,0.42,,2024-2025,True,IL,5,False,False
2024-11-30,Kansas,0.19,0.13,0.74,0.6,,2024-2025,True,KS,7,False,False
2024-11-30,Michigan,0.43,0.32,0.9,0.28,,2024-2025,True,MI,5,False,False
2024-11-30,Mississippi,1.35,1.12,0.44,0.87,,2024-2025,True,MS,4,True,False
2024-11-30,West Virginia,0.4,0.24,0.96,0.22,,2024-2025,True,WV,3,False,False
2024-11-30,Virginia,0.71,0.53,0.53,0.44,,2024-2025,True,VA,3,False,False
2024-11-30,Utah,0.06,0.05,0.87,1.0,,2024-2025,True,UT,8,False,False
2024-11-30,Rhode Island,0.51,0.29,0.56,0.19,,2024-2025,True,RI,1,False,False
2024-11-30,New Jersey,0.71,0.55,0.44,0.44,,2024-2025,True,NJ,2,False,False
2024-11-30,Montana,0.05,0.03,0.97,0.3,,2024-2025,True,MT,8,False,False
2024-11-30,Nevada,0.31,0.22,0.45,1.42,,2024-2025,True,NV,9,False,False
2024-11-30,Minnesota,0.14,0.1,1.16,0.56,,2024-2025,True,MN,5,False,True
2024-11-30,District of Columbia,1.12,0.79,0.24,0.2,,2024-2025,True,DC,3,False,False
2024-11-30,Delaware,1.27,0.87,0.6,0.36,,2024-2025,True,DE,3,False,False
2024-11-30,Maine,0.06,0.04,0.86,0.08,,2024-2025,True,ME,1,False,False
2024-11-30,Louisiana,1.21,0.89,0.4,2.38,,2024-2025,True,LA,6,True,False
2024-11-30,Iowa,0.18,0.14,0.74,0.28,,2024-2025,True,IA,7,False,False
2024-11-30,Idaho,0.16,0.12,0.79,1.38,,2024-2025,True,ID,10,False,False
2024-11-30,Georgia,0.98,0.83,0.26,0.4,,2024-2025,True,GA,4,True,False
2024-11-30,Connecticut,0.4,0.27,0.79,0.21,,2024-2025,True,CT,1,False,False
2024-11-30,Arkansas,0.53,0.46,0.54,0.41,,2024-2025,True,AR,6,True,False
2024-11-30,Arizona,0.08,0.06,1.84,3.47,,2024-2025,True,AZ,9,False,False
2024-11-30,Alabama,1.26,1.04,0.48,1.41,,2024-2025,True,AL,4,True,False
2024-11-30,Alaska,0.68,0.54,0.45,1.89,,2024-2025,True,AK,10,False,False
2024-11-30,Colorado,0.12,0.08,1.13,0.69,,2024-2025,True,CO,8,False,False
2024-11-30,Florida,0.76,0.68,0.34,2.05,,2024-2025,True,FL,4,False,False
2024-11-30,Indiana,0.34,0.23,0.87,0.39,,2024-2025,True,IN,5,False,False
2024-11-30,Kentucky,0.56,0.43,0.91,0.39,,2024-2025,True,KY,4,False,False
2024-11-30,Maryland,1.05,0.81,0.44,0.3,,2024-2025,True,MD,3,False,False
2024-11-30,Nebraska,0.08,0.05,0.69,0.16,,2024-2025,True,NE,7,False,False
2024-11-30,New Mexico,0.08,0.06,2.23,1.17,,2024-2025,True,NM,6,False,False
2024-11-30,North Dakota,0.02,0.02,0.86,0.19,,2024-2025,True,ND,8,False,False
2024-11-30,Oklahoma,0.2,0.15,0.65,0.3,,2024-2025,True,OK,6,False,False
2024-11-30,South Dakota,0.08,0.04,1.25,0.47,,2024-2025,True,SD,8,False,False
2024-11-30,Tennessee,1.1,0.92,0.59,0.78,,2024-2025,True,TN,4,True,False
2024-12-07,Oregon,0.21,0.15,0.5,1.86,,2024-2025,True,OR,10,False,False
2024-12-07,North Carolina,0.71,0.56,0.6,1.45,,2024-2025,True,NC,4,True,False
2024-12-07,Michigan,0.48,0.4,1.07,0.43,,2024-2025,True,MI,5,False,False
2024-12-07,Iowa,0.29,0.2,0.91,0.41,,2024-2025,True,IA,7,False,False
2024-12-07,Arkansas,0.84,0.58,0.72,0.54,,2024-2025,True,AR,6,True,False
2024-12-07,Alaska,0.84,0.7,0.46,2.13,,2024-2025,True,AK,10,False,False
2024-12-07,Arizona,0.11,0.08,1.63,3.44,,2024-2025,True,AZ,9,False,False
2024-12-07,California,0.26,0.23,0.44,1.67,,2024-2025,True,CA,9,False,False
2024-12-07,Delaware,1.34,1.16,0.91,0.69,,2024-2025,True,DE,3,False,False
2024-12-07,Georgia,0.92,0.93,0.29,0.54,,2024-2025,True,GA,4,True,False
2024-12-07,Idaho,0.13,0.13,0.77,1.93,,2024-2025,True,ID,10,False,False
2024-12-07,Indiana,0.4,0.32,0.99,0.67,,2024-2025,True,IN,5,False,False
2024-12-07,Kentucky,0.8,0.6,1.18,0.68,,2024-2025,True,KY,4,False,False
2024-12-07,Mississippi,1.01,1.16,0.54,1.08,,2024-2025,True,MS,4,True,False
2024-12-07,Montana,0.03,0.04,1.15,0.33,,2024-2025,True,MT,8,False,False
2024-12-07,New Mexico,0.09,0.08,2.01,1.22,,2024-2025,True,NM,6,False,False
2024-12-07,Oklahoma,0.39,0.26,0.93,0.64,,2024-2025,True,OK,6,False,False
2024-12-07,Pennsylvania,0.51,0.39,0.75,0.57,,2024-2025,True,PA,3,False,False
2024-12-07,South Dakota,0.13,0.09,1.45,0.37,,2024-2025,True,SD,8,False,False
2024-12-07,Tennessee,1.05,1.03,0.59,1.09,,2024-2025,True,TN,4,True,False
2024-12-07,Wyoming,0.18,0.13,1.5,0.93,,2024-2025,True,WY,8,False,False
2024-12-07,West Virginia,0.48,0.36,0.95,0.26,,2024-2025,True,WV,3,False,False
2024-12-07,Washington,0.54,0.4,0.4,1.08,,2024-2025,True,WA,10,False,False
2024-12-07,Virginia,0.7,0.65,0.62,0.71,,2024-2025,True,VA,3,False,False
2024-12-07,North Dakota,0.05,0.04,0.9,0.15,,2024-2025,True,ND,8,False,False
2024-12-07,New York,0.63,0.49,0.47,0.52,,2024-2025,True,NY,2,False,True
2024-12-07,Minnesota,0.2,0.14,1.5,0.77,,2024-2025,True,MN,5,False,True
2024-12-07,Massachusetts,1.15,0.84,0.87,0.6,,2024-2025,True,MA,1,False,False
2024-12-07,Kansas,0.19,0.17,0.88,0.73,,2024-2025,True,KS,7,False,False
2024-12-07,Florida,0.67,0.7,0.39,1.91,,2024-2025,True,FL,4,False,False
2024-12-07,Connecticut,0.53,0.4,0.87,0.3,,2024-2025,True,CT,1,False,False
2024-12-07,Colorado,0.14,0.12,1.04,0.87,,2024-2025,True,CO,8,False,False
2024-12-07,Wisconsin,0.13,0.1,1.0,0.42,,2024-2025,True,WI,5,False,False
2024-12-07,Utah,0.15,0.09,1.05,1.61,,2024-2025,True,UT,8,False,False
2024-12-07,Texas,1.16,1.16,0.43,1.4,,2024-2025,True,TX,6,False,False
2024-12-07,Rhode Island,0.61,0.44,0.67,0.37,,2024-2025,True,RI,1,False,False
2024-12-07,New Jersey,0.94,0.73,0.56,0.78,,2024-2025,True,NJ,2,False,False
2024-12-07,New Hampshire,0.7,0.39,1.05,0.57,,2024-2025,True,NH,1,False,False
2024-12-07,Nevada,0.48,0.34,0.46,1.81,,2024-2025,True,NV,9,False,False
2024-12-07,Nebraska,0.08,0.07,0.68,0.47,,2024-2025,True,NE,7,False,False
2024-12-07,Maryland,1.03,0.97,0.57,0.44,,2024-2025,True,MD,3,False,False
2024-12-07,Maine,0.1,0.06,1.14,0.13,,2024-2025,True,ME,1,False,False
2024-12-07,Louisiana,1.24,1.12,0.44,2.4,,2024-2025,True,LA,6,True,False
2024-12-07,Illinois,0.85,0.65,0.89,0.65,,2024-2025,True,IL,5,False,False
2024-12-07,Hawaii,0.6,0.54,0.42,2.05,,2024-2025,True,HI,9,False,False
2024-12-07,District of Columbia,1.0,0.95,0.42,0.37,,2024-2025,True,DC,3,False,False
2024-12-07,Alabama,1.23,1.16,0.6,1.64,,2024-2025,True,AL,4,True,False
2024-12-07,Vermont,0.2,0.13,0.97,0.13,,2024-2025,True,VT,1,False,False
2024-12-07,South Carolina,0.96,0.86,0.5,0.58,,2024-2025,True,SC,4,True,False
2024-12-07,Ohio,0.39,0.31,0.85,0.34,,2024-2025,True,OH,5,False,False
2024-12-14,Montana,0.08,0.05,1.15,0.75,,2024-2025,True,MT,8,False,False
2024-12-14,Alabama,1.18,1.22,0.76,4.16,,2024-2025,True,AL,4,True,False
2024-12-14,Arizona,0.13,0.11,1.31,4.36,,2024-2025,True,AZ,9,False,False
2024-12-14,District of Columbia,1.48,1.21,0.43,0.77,,2024-2025,True,DC,3,False,False
2024-12-14,Georgia,0.77,0.89,0.37,1.45,,2024-2025,True,GA,4,True,False
2024-12-14,Indiana,0.56,0.44,1.33,1.39,,2024-2025,True,IN,5,False,False
2024-12-14,Mississippi,0.96,1.1,0.74,2.25,,2024-2025,True,MS,4,True,False
2024-12-14,New Jersey,1.15,0.94,0.72,1.4,,2024-2025,True,NJ,2,False,False
2024-12-14,North Dakota,0.05,0.04,1.11,0.44,,2024-2025,True,ND,8,False,False
2024-12-14,Pennsylvania,0.61,0.52,0.82,0.87,,2024-2025,True,PA,3,False,False
2024-12-14,Virginia,0.8,0.74,0.8,1.35,,2024-2025,True,VA,3,False,False
2024-12-14,Wisconsin,0.2,0.15,1.14,0.62,,2024-2025,True,WI,5,False,False
2024-12-14,Wyoming,0.09,0.12,1.44,1.32,,2024-2025,True,WY,8,False,False
2024-12-14,Alaska,1.23,0.92,0.56,2.26,,2024-2025,True,AK,10,False,False
2024-12-14,Arkansas,1.25,0.86,0.71,1.3,,2024-2025,True,AR,6,True,False
2024-12-14,Colorado,0.22,0.16,1.07,1.28,,2024-2025,True,CO,8,False,False
2024-12-14,Connecticut,0.83,0.59,0.94,0.63,,2024-2025,True,CT,1,False,False
2024-12-14,Kansas,0.31,0.23,1.17,1.57,,2024-2025,True,KS,7,False,False
2024-12-14,Maine,0.13,0.09,1.46,0.15,,2024-2025,True,ME,1,False,False
2024-12-14,Minnesota,0.31,0.22,1.58,1.34,,2024-2025,True,MN,5,False,True
2024-12-14,New Mexico,0.2,0.13,2.23,1.86,,2024-2025,True,NM,6,False,False
2024-12-14,New York,0.68,0.61,0.51,1.05,,2024-2025,True,NY,2,False,True
2024-12-14,Oregon,0.34,0.23,0.55,3.92,,2024-2025,True,OR,10,False,False
2024-12-14,Rhode Island,0.6,0.58,0.92,0.83,,2024-2025,True,RI,1,False,False
2024-12-14,Tennessee,1.16,1.1,0.72,2.62,,2024-2025,True,TN,4,True,False
2024-12-14,Utah,0.14,0.12,0.99,2.64,,2024-2025,True,UT,8,False,False
2024-12-14,Washington,0.66,0.53,0.41,1.83,,2024-2025,True,WA,10,False,False
2024-12-14,Illinois,1.11,0.88,1.13,1.45,,2024-2025,True,IL,5,False,False
2024-12-14,Iowa,0.38,0.28,0.95,0.62,,2024-2025,True,IA,7,False,False
2024-12-14,Louisiana,1.19,1.21,0.52,4.36,,2024-2025,True,LA,6,True,False
2024-12-14,Massachusetts,1.29,1.1,1.08,0.89,,2024-2025,True,MA,1,False,False
2024-12-14,Nevada,0.55,0.45,0.48,2.45,,2024-2025,True,NV,9,False,False
2024-12-14,New Hampshire,0.98,0.67,1.24,1.07,,2024-2025,True,NH,1,False,False
2024-12-14,North Carolina,1.14,0.83,0.67,2.19,,2024-2025,True,NC,4,True,False
2024-12-14,Ohio,0.59,0.43,1.03,0.64,,2024-2025,True,OH,5,False,False
2024-12-14,Oklahoma,0.48,0.36,0.86,0.99,,2024-2025,True,OK,6,False,False
2024-12-14,South Carolina,1.07,1.0,0.59,1.28,,2024-2025,True,SC,4,True,False
2024-12-14,Vermont,0.33,0.23,1.21,0.28,,2024-2025,True,VT,1,False,False
2024-12-14,West Virginia,0.6,0.49,1.2,0.51,,2024-2025,True,WV,3,False,False
2024-12-14,California,0.3,0.28,0.46,2.51,,2024-2025,True,CA,9,False,False
2024-12-14,Delaware,1.76,1.46,1.0,1.47,,2024-2025,True,DE,3,False,False
2024-12-14,Florida,0.65,0.69,0.41,2.82,,2024-2025,True,FL,4,False,False
2024-12-14,Hawaii,0.6,0.57,0.4,2.5,,2024-2025,True,HI,9,False,False
2024-12-14,Idaho,0.15,0.15,0.94,2.7,,2024-2025,True,ID,10,False,False
2024-12-14,Kentucky,1.01,0.8,1.52,1.31,,2024-2025,True,KY,4,False,False
2024-12-14,Maryland,1.18,1.09,0.63,0.73,,2024-2025,True,MD,3,False,False
2024-12-14,Michigan,0.65,0.52,1.09,0.76,,2024-2025,True,MI,5,False,False
2024-12-14,Nebraska,0.1,0.09,0.76,0.92,,2024-2025,True,NE,7,False,False
2024-12-14,South Dakota,0.16,0.12,1.39,0.98,,2024-2025,True,SD,8,False,False
2024-12-14,Texas,1.12,1.19,0.43,2.41,,2024-2025,True,TX,6,False,False
2024-12-21,Hawaii,0.51,0.57,0.35,4.14,,2024-2025,True,HI,9,False,False
2024-12-21,Kentucky,1.39,1.07,1.99,2.97,,2024-2025,True,KY,4,False,False
2024-12-21,Maine,0.26,0.16,1.87,0.51,,2024-2025,True,ME,1,False,False
2024-12-21,Minnesota,0.48,0.33,1.74,3.04,,2024-2025,True,MN,5,False,True
2024-12-21,Mississippi,1.16,1.04,0.87,4.47,,2024-2025,True,MS,4,True,False
2024-12-21,Montana,0.16,0.09,1.14,1.47,,2024-2025,True,MT,8,False,False
2024-12-21,New Jersey,1.15,1.08,0.85,2.58,,2024-2025,True,NJ,2,False,False
2024-12-21,New York,0.85,0.72,0.63,1.84,,2024-2025,True,NY,2,False,True
2024-12-21,North Dakota,0.08,0.06,1.24,1.06,,2024-2025,True,ND,8,False,False
2024-12-21,Oregon,0.42,0.33,0.59,6.75,,2024-2025,True,OR,10,False,False
2024-12-21,Pennsylvania,0.89,0.68,1.05,1.81,,2024-2025,True,PA,3,False,False
2024-12-21,Michigan,0.88,0.67,1.57,1.34,,2024-2025,True,MI,5,False,False
2024-12-21,Nebraska,0.18,0.12,0.92,1.92,,2024-2025,True,NE,7,False,False
2024-12-21,New Mexico,0.33,0.21,2.42,4.3,,2024-2025,True,NM,6,False,False
2024-12-21,Washington,0.89,0.7,0.52,3.47,,2024-2025,True,WA,10,False,False
2024-12-21,Wyoming,0.38,0.22,1.34,2.18,,2024-2025,True,WY,8,False,False
2024-12-21,Wisconsin,0.37,0.24,1.55,1.37,,2024-2025,True,WI,5,False,False
2024-12-21,Virginia,1.03,0.84,0.96,2.25,,2024-2025,True,VA,3,False,False
2024-12-21,Utah,0.26,0.19,1.2,4.9,,2024-2025,True,UT,8,False,False
2024-12-21,New Hampshire,1.49,1.07,2.11,2.88,,2024-2025,True,NH,1,False,False
2024-12-21,Nevada,0.67,0.57,0.61,3.89,,2024-2025,True,NV,9,False,False
2024-12-21,Maryland,1.27,1.16,0.87,1.55,,2024-2025,True,MD,3,False,False
2024-12-21,Louisiana,1.34,1.25,0.67,7.21,,2024-2025,True,LA,6,True,False
2024-12-21,Kansas,0.42,0.31,1.53,3.28,,2024-2025,True,KS,7,False,False
2024-12-21,Indiana,0.86,0.61,1.76,2.69,,2024-2025,True,IN,5,False,False
2024-12-21,Illinois,1.41,1.13,1.53,3.03,,2024-2025,True,IL,5,False,False
2024-12-21,Colorado,0.36,0.25,1.27,2.46,,2024-2025,True,CO,8,False,False
2024-12-21,California,0.45,0.34,0.5,4.42,,2024-2025,True,CA,9,False,False
2024-12-21,West Virginia,1.14,0.74,1.58,1.11,,2024-2025,True,WV,3,False,False
2024-12-21,Vermont,0.57,0.37,1.47,0.64,,2024-2025,True,VT,1,False,False
2024-12-21,Texas,1.3,1.2,0.56,4.19,,2024-2025,True,TX,6,False,False
2024-12-21,Tennessee,1.31,1.17,0.95,5.2,,2024-2025,True,TN,4,True,False
2024-12-21,South Dakota,0.11,0.13,1.6,1.89,,2024-2025,True,SD,8,False,False
2024-12-21,South Carolina,1.11,1.05,0.71,2.39,,2024-2025,True,SC,4,True,False
2024-12-21,Rhode Island,0.74,0.65,1.2,1.05,,2024-2025,True,RI,1,False,False
2024-12-21,Oklahoma,0.82,0.57,1.26,1.85,,2024-2025,True,OK,6,False,False
2024-12-21,Ohio,0.81,0.6,1.37,1.41,,2024-2025,True,OH,5,False,False
2024-12-21,North Carolina,1.6,1.16,0.92,3.34,,2024-2025,True,NC,4,True,False
2024-12-21,Idaho,0.26,0.18,1.14,4.87,,2024-2025,True,ID,10,False,False
2024-12-21,Georgia,0.85,0.85,0.48,3.07,,2024-2025,True,GA,4,True,False
2024-12-21,District of Columbia,1.64,1.38,0.52,1.16,,2024-2025,True,DC,3,False,False
2024-12-21,Delaware,2.52,1.89,1.16,1.9,,2024-2025,True,DE,3,False,False
2024-12-21,Arizona,0.22,0.16,1.31,6.91,,2024-2025,True,AZ,9,False,False
2024-12-21,Arkansas,1.84,1.31,0.97,1.78,,2024-2025,True,AR,6,True,False
2024-12-21,Connecticut,0.92,0.76,1.23,1.17,,2024-2025,True,CT,1,False,False
2024-12-21,Florida,0.65,0.65,0.48,4.59,,2024-2025,True,FL,4,False,False
2024-12-21,Iowa,0.5,0.39,1.07,1.38,,2024-2025,True,IA,7,False,False
2024-12-21,Massachusetts,1.53,1.32,1.41,1.44,,2024-2025,True,MA,1,False,False
2024-12-21,Alabama,1.31,1.24,0.98,7.62,,2024-2025,True,AL,4,True,False
2024-12-21,Alaska,1.59,1.22,0.52,2.85,,2024-2025,True,AK,10,False,False
2024-12-28,Louisiana,1.48,1.34,0.9,9.35,,2024-2025,True,LA,6,True,False
2024-12-28,Wyoming,0.57,0.35,1.25,5.55,,2024-2025,True,WY,8,False,False
2024-12-28,West Virginia,1.78,1.18,2.6,2.85,,2024-2025,True,WV,3,False,False
2024-12-28,Virginia,1.05,0.96,1.41,4.23,,2024-2025,True,VA,3,False,False
2024-12-28,Texas,1.45,1.29,0.76,6.62,,2024-2025,True,TX,6,False,False
2024-12-28,Tennessee,1.47,1.31,1.32,8.03,,2024-2025,True,TN,4,True,False
2024-12-28,South Carolina,1.34,1.17,1.08,4.32,,2024-2025,True,SC,4,True,False
2024-12-28,Wisconsin,0.65,0.41,2.0,2.77,,2024-2025,True,WI,5,False,False
2024-12-28,Washington,1.08,0.88,0.68,5.23,,2024-2025,True,WA,10,False,False
2024-12-28,South Dakota,0.39,0.23,2.21,3.44,,2024-2025,True,SD,8,False,False
2024-12-28,North Carolina,2.08,1.61,1.21,5.52,,2024-2025,True,NC,4,True,False
2024-12-28,New York,0.9,0.81,0.91,3.92,,2024-2025,True,NY,2,False,True
2024-12-28,New Jersey,1.22,1.17,1.29,5.1,,2024-2025,True,NJ,2,False,False
2024-12-28,Kentucky,1.61,1.35,2.65,6.79,,2024-2025,True,KY,4,False,False
2024-12-28,Alaska,2.14,1.65,0.52,4.18,,2024-2025,True,AK,10,False,False
2024-12-28,Georgia,0.76,0.8,0.72,5.63,,2024-2025,True,GA,4,True,False
2024-12-28,Maryland,1.51,1.32,1.23,3.33,,2024-2025,True,MD,3,False,False
2024-12-28,Massachusetts,1.68,1.5,1.79,3.02,,2024-2025,True,MA,1,False,False
2024-12-28,Minnesota,0.79,0.54,2.11,6.48,,2024-2025,True,MN,5,False,True
2024-12-28,North Dakota,0.18,0.11,1.47,2.67,,2024-2025,True,ND,8,False,False
2024-12-28,Colorado,0.54,0.38,1.65,4.55,,2024-2025,True,CO,8,False,False
2024-12-28,Delaware,2.56,2.28,1.61,4.62,,2024-2025,True,DE,3,False,False
2024-12-28,Florida,0.72,0.67,0.61,6.35,,2024-2025,True,FL,4,False,False
2024-12-28,Idaho,0.44,0.29,1.27,7.18,,2024-2025,True,ID,10,False,False
2024-12-28,Vermont,1.09,0.67,1.95,1.8,,2024-2025,True,VT,1,False,False
2024-12-28,Pennsylvania,1.08,0.86,1.47,3.93,,2024-2025,True,PA,3,False,False
2024-12-28,California,0.61,0.46,0.65,6.63,,2024-2025,True,CA,9,False,False
2024-12-28,Connecticut,1.02,0.92,1.63,2.74,,2024-2025,True,CT,1,False,False
2024-12-28,Hawaii,0.8,0.64,0.53,6.36,,2024-2025,True,HI,9,False,False
2024-12-28,Indiana,1.2,0.88,2.36,5.69,,2024-2025,True,IN,5,False,False
2024-12-28,Kansas,0.69,0.48,2.3,6.0,,2024-2025,True,KS,7,False,False
2024-12-28,Michigan,1.21,0.92,2.31,3.28,,2024-2025,True,MI,5,False,False
2024-12-28,Nebraska,0.34,0.21,1.17,3.87,,2024-2025,True,NE,7,False,False
2024-12-28,Ohio,1.06,0.82,2.03,3.26,,2024-2025,True,OH,5,False,False
2024-12-28,Rhode Island,0.93,0.76,1.27,1.91,,2024-2025,True,RI,1,False,False
2024-12-28,Oklahoma,1.28,0.87,1.74,4.27,,2024-2025,True,OK,6,False,False
2024-12-28,Oregon,0.71,0.49,0.68,8.57,,2024-2025,True,OR,10,False,False
2024-12-28,Utah,0.45,0.29,1.48,8.59,,2024-2025,True,UT,8,False,False
2024-12-28,New Mexico,0.65,0.4,3.01,7.52,,2024-2025,True,NM,6,False,False
2024-12-28,New Hampshire,1.88,1.47,2.78,4.31,,2024-2025,True,NH,1,False,False
2024-12-28,Nevada,0.95,0.73,0.75,5.48,,2024-2025,True,NV,9,False,False
2024-12-28,Montana,0.17,0.14,1.49,3.47,,2024-2025,True,MT,8,False,False
2024-12-28,Mississippi,1.03,1.05,1.24,7.18,,2024-2025,True,MS,4,True,False
2024-12-28,Maine,0.33,0.24,2.85,1.5,,2024-2025,True,ME,1,False,False
2024-12-28,Iowa,0.99,0.63,1.62,3.24,,2024-2025,True,IA,7,False,False
2024-12-28,Illinois,1.72,1.42,2.13,6.33,,2024-2025,True,IL,5,False,False
2024-12-28,District of Columbia,1.6,1.57,0.86,2.64,,2024-2025,True,DC,3,False,False
2024-12-28,Arkansas,2.25,1.79,1.05,3.3,,2024-2025,True,AR,6,True,False
2024-12-28,Arizona,0.38,0.25,1.56,9.5,,2024-2025,True,AZ,9,False,False
2024-12-28,Alabama,1.26,1.25,1.27,10.45,,2024-2025,True,AL,4,True,False
2025-01-04,Delaware,2.22,2.43,1.51,4.58,,2024-2025,True,DE,3,False,False
2025-01-04,Maryland,1.19,1.32,1.42,3.68,,2024-2025,True,MD,3,False,False
2025-01-04,Georgia,0.7,0.77,0.75,4.8,,2024-2025,True,GA,4,True,False
2025-01-04,Arizona,0.46,0.35,1.5,8.38,,2024-2025,True,AZ,9,False,False
2025-01-04,Iowa,1.06,0.85,2.07,3.49,,2024-2025,True,IA,7,False,False
2025-01-04,Louisiana,1.3,1.37,0.92,6.5,,2024-2025,True,LA,6,True,False
2025-01-04,Maine,0.45,0.35,3.26,2.09,,2024-2025,True,ME,1,False,False
2025-01-04,Michigan,1.31,1.14,2.56,3.3,,2024-2025,True,MI,5,False,False
2025-01-04,Montana,0.26,0.2,1.65,3.13,,2024-2025,True,MT,8,False,False
2025-01-04,New Hampshire,1.34,1.57,2.94,4.44,,2024-2025,True,NH,1,False,False
2025-01-04,New Jersey,1.04,1.14,1.38,5.8,,2024-2025,True,NJ,2,False,False
2025-01-04,New Mexico,0.69,0.56,2.5,7.5,,2024-2025,True,NM,6,False,False
2025-01-04,North Dakota,0.31,0.19,1.29,2.72,,2024-2025,True,ND,8,False,False
2025-01-04,South Carolina,1.14,1.19,1.21,4.45,,2024-2025,True,SC,4,True,False
2025-01-04,Tennessee,1.35,1.38,1.2,6.01,,2024-2025,True,TN,4,True,False
2025-01-04,Texas,1.33,1.36,0.8,5.53,,2024-2025,True,TX,6,False,False
2025-01-04,Washington,1.07,1.02,0.71,4.74,,2024-2025,True,WA,10,False,False
2025-01-04,West Virginia,2.22,1.73,2.53,3.42,,2024-2025,True,WV,3,False,False
2025-01-04,Wyoming,0.32,0.42,1.6,6.56,,2024-2025,True,WY,8,False,False
2025-01-04,Oregon,0.85,0.66,0.63,6.1,,2024-2025,True,OR,10,False,False
2025-01-04,South Dakota,0.41,0.3,2.7,3.72,,2024-2025,True,SD,8,False,False
2025-01-04,Utah,0.6,0.44,1.3,7.51,,2024-2025,True,UT,8,False,False
2025-01-04,Vermont,1.18,0.96,2.58,2.72,,2024-2025,True,VT,1,False,False
2025-01-04,Virginia,1.01,1.03,1.61,4.45,,2024-2025,True,VA,3,False,False
2025-01-04,Wisconsin,0.76,0.6,2.09,3.1,,2024-2025,True,WI,5,False,False
2025-01-04,Pennsylvania,1.07,1.02,1.73,4.11,,2024-2025,True,PA,3,False,False
2025-01-04,North Carolina,2.02,1.9,1.38,6.08,,2024-2025,True,NC,4,True,False
2025-01-04,Nevada,0.87,0.83,0.57,4.5,,2024-2025,True,NV,9,False,False
2025-01-04,Minnesota,1.02,0.77,2.43,7.34,,2024-2025,True,MN,5,False,True
2025-01-04,Kentucky,1.68,1.56,2.55,5.81,,2024-2025,True,KY,4,False,False
2025-01-04,Kansas,0.98,0.7,2.05,5.12,,2024-2025,True,KS,7,False,False
2025-01-04,Connecticut,0.92,0.95,1.76,3.63,,2024-2025,True,CT,1,False,False
2025-01-04,Arkansas,1.99,2.03,1.14,2.75,,2024-2025,True,AR,6,True,False
2025-01-04,Alaska,1.68,1.8,0.35,4.21,,2024-2025,True,AK,10,False,False
2025-01-04,Alabama,1.11,1.23,1.1,7.76,,2024-2025,True,AL,4,True,False
2025-01-04,Colorado,0.6,0.5,1.44,4.78,,2024-2025,True,CO,8,False,False
2025-01-04,Hawaii,0.74,0.69,0.52,7.83,,2024-2025,True,HI,9,False,False
2025-01-04,Mississippi,0.81,1.0,1.21,5.19,,2024-2025,True,MS,4,True,False
2025-01-04,Rhode Island,0.77,0.81,1.53,2.73,,2024-2025,True,RI,1,False,False
2025-01-04,Oklahoma,1.6,1.26,1.7,3.87,,2024-2025,True,OK,6,False,False
2025-01-04,Ohio,1.11,0.99,2.06,3.32,,2024-2025,True,OH,5,False,False
2025-01-04,Nebraska,0.27,0.27,1.21,3.06,,2024-2025,True,NE,7,False,False
2025-01-04,Massachusetts,1.51,1.57,1.98,3.74,,2024-2025,True,MA,1,False,False
2025-01-04,Indiana,1.24,1.1,2.4,4.82,,2024-2025,True,IN,5,False,False
2025-01-04,Idaho,0.45,0.39,1.1,5.31,,2024-2025,True,ID,10,False,False
2025-01-04,Illinois,1.74,1.62,2.24,5.81,,2024-2025,True,IL,5,False,False
2025-01-04,New York,0.8,0.85,1.12,4.65,,2024-2025,True,NY,2,False,True
2025-01-04,California,0.71,0.59,0.63,5.68,,2024-2025,True,CA,9,False,False
2025-01-04,Florida,0.72,0.69,0.69,5.48,,2024-2025,True,FL,4,False,False
2025-01-04,District of Columbia,1.53,1.59,0.83,3.59,,2024-2025,True,DC,3,False,False
2025-01-11,Arizona,0.49,0.44,1.22,6.15,,2024-2025,True,AZ,9,False,False
2025-01-11,Idaho,0.63,0.5,0.89,3.44,,2024-2025,True,ID,10,False,False
2025-01-11,Illinois,1.09,1.52,1.88,5.12,,2024-2025,True,IL,5,False,False
2025-01-11,Iowa,1.01,1.02,1.83,3.63,,2024-2025,True,IA,7,False,False
2025-01-11,Kansas,0.8,0.82,1.24,3.4,,2024-2025,True,KS,7,False,False
2025-01-11,Maine,0.46,0.41,2.66,2.25,,2024-2025,True,ME,1,False,False
2025-01-11,Michigan,0.99,1.17,2.27,3.18,,2024-2025,True,MI,5,False,False
2025-01-11,Minnesota,1.02,0.94,2.03,8.26,,2024-2025,True,MN,5,False,True
2025-01-11,Montana,0.29,0.24,1.0,2.59,,2024-2025,True,MT,8,False,False
2025-01-11,Nebraska,0.36,0.32,1.18,3.09,,2024-2025,True,NE,7,False,False
2025-01-11,Pennsylvania,0.79,0.98,1.4,3.4,,2024-2025,True,PA,3,False,False
2025-01-11,Rhode Island,0.8,0.83,1.22,2.87,,2024-2025,True,RI,1,False,False
2025-01-11,South Carolina,0.68,1.06,0.94,4.65,,2024-2025,True,SC,4,True,False
2025-01-11,South Dakota,0.45,0.41,2.07,3.61,,2024-2025,True,SD,8,False,False
2025-01-11,Tennessee,0.9,1.26,1.03,4.58,,2024-2025,True,TN,4,True,False
2025-01-11,Texas,0.93,1.25,0.69,4.96,,2024-2025,True,TX,6,False,False
2025-01-11,Vermont,1.09,1.12,1.62,2.73,,2024-2025,True,VT,1,False,False
2025-01-11,Wisconsin,0.74,0.72,1.98,3.95,,2024-2025,True,WI,5,False,False
2025-01-11,West Virginia,1.44,1.84,1.84,3.12,,2024-2025,True,WV,3,False,False
2025-01-11,Oklahoma,1.85,1.59,1.4,3.99,,2024-2025,True,OK,6,False,False
2025-01-11,New York,0.59,0.76,0.93,4.34,,2024-2025,True,NY,2,False,True
2025-01-11,New Jersey,0.76,1.01,1.25,6.11,,2024-2025,True,NJ,2,False,False
2025-01-11,New Hampshire,1.24,1.49,2.22,4.27,,2024-2025,True,NH,1,False,False
2025-01-11,Nevada,0.71,0.84,0.64,3.96,,2024-2025,True,NV,9,False,False
2025-01-11,Massachusetts,1.11,1.43,1.62,3.72,,2024-2025,True,MA,1,False,False
2025-01-11,Louisiana,0.83,1.22,0.69,4.1,,2024-2025,True,LA,6,True,False
2025-01-11,Indiana,0.94,1.13,1.83,3.8,,2024-2025,True,IN,5,False,False
2025-01-11,District of Columbia,0.84,1.34,0.78,3.36,,2024-2025,True,DC,3,False,False
2025-01-11,Delaware,1.59,2.14,1.58,4.5,,2024-2025,True,DE,3,False,False
2025-01-11,Alabama,0.77,1.06,0.93,5.79,,2024-2025,True,AL,4,True,False
2025-01-11,Arkansas,1.43,1.93,0.83,2.66,,2024-2025,True,AR,6,True,False
2025-01-11,California,0.55,0.62,0.55,4.74,,2024-2025,True,CA,9,False,False
2025-01-11,Colorado,0.65,0.59,1.21,4.15,,2024-2025,True,CO,8,False,False
2025-01-11,Connecticut,0.73,0.89,1.57,3.74,,2024-2025,True,CT,1,False,False
2025-01-11,Florida,0.53,0.66,0.64,4.83,,2024-2025,True,FL,4,False,False
2025-01-11,Georgia,0.51,0.66,0.66,4.05,,2024-2025,True,GA,4,True,False
2025-01-11,Kentucky,1.3,1.55,1.79,4.77,,2024-2025,True,KY,4,False,False
2025-01-11,Maryland,0.85,1.19,1.13,3.76,,2024-2025,True,MD,3,False,False
2025-01-11,Mississippi,0.49,0.79,1.0,4.43,,2024-2025,True,MS,4,True,False
2025-01-11,New Mexico,0.61,0.65,1.76,5.79,,2024-2025,True,NM,6,False,False
2025-01-11,North Dakota,0.19,0.23,1.2,3.01,,2024-2025,True,ND,8,False,False
2025-01-11,Ohio,0.77,0.98,1.65,2.85,,2024-2025,True,OH,5,False,False
2025-01-11,Utah,0.59,0.54,0.89,5.03,,2024-2025,True,UT,8,False,False
2025-01-11,Alaska,1.2,1.67,0.36,3.29,,2024-2025,True,AK,10,False,False
2025-01-11,Wyoming,0.33,0.41,1.11,4.39,,2024-2025,True,WY,8,False,False
2025-01-11,Washington,0.8,0.99,0.56,3.98,,2024-2025,True,WA,10,False,False
2025-01-11,Virginia,0.69,0.93,1.24,3.73,,2024-2025,True,VA,3,False,False
2025-01-11,Oregon,0.76,0.77,0.58,4.09,,2024-2025,True,OR,10,False,False
2025-01-11,North Carolina,1.46,1.88,1.23,5.84,,2024-2025,True,NC,4,True,False
2025-01-11,Hawaii,0.54,0.69,0.73,7.2,,2024-2025,True,HI,9,False,False
2025-01-18,Arkansas,1.06,1.59,0.71,4.11,,2024-2025,True,AR,6,True,False
2025-01-18,Arizona,0.46,0.47,0.93,4.96,,2024-2025,True,AZ,9,False,False
2025-01-18,Alabama,0.47,0.8,0.98,6.66,,2024-2025,True,AL,4,True,False
2025-01-18,Vermont,1.18,1.15,1.7,4.21,,2024-2025,True,VT,1,False,False
2025-01-18,District of Columbia,0.76,1.05,0.77,4.09,,2024-2025,True,DC,3,False,False
2025-01-18,Florida,0.43,0.56,0.62,6.3,,2024-2025,True,FL,4,False,False
2025-01-18,Iowa,1.36,1.14,1.5,5.35,,2024-2025,True,IA,7,False,False
2025-01-18,Kentucky,0.68,1.24,1.3,3.84,,2024-2025,True,KY,4,False,False
2025-01-18,Michigan,0.89,1.07,1.89,4.85,,2024-2025,True,MI,5,False,False
2025-01-18,Nebraska,0.44,0.35,0.71,3.92,,2024-2025,True,NE,7,False,False
2025-01-18,North Dakota,0.33,0.28,1.09,4.53,,2024-2025,True,ND,8,False,False
2025-01-18,Oklahoma,1.5,1.64,1.21,6.08,,2024-2025,True,OK,6,False,False
2025-01-18,Pennsylvania,0.67,0.85,1.09,4.49,,2024-2025,True,PA,3,False,False
2025-01-18,Utah,0.65,0.61,0.68,4.49,,2024-2025,True,UT,8,False,False
2025-01-18,West Virginia,1.1,1.62,1.2,2.38,,2024-2025,True,WV,3,False,False
2025-01-18,Wisconsin,0.94,0.82,1.7,6.35,,2024-2025,True,WI,5,False,False
2025-01-18,Wyoming,0.86,0.5,0.95,5.32,,2024-2025,True,WY,8,False,False
2025-01-18,Virginia,0.45,0.72,1.02,4.25,,2024-2025,True,VA,3,False,False
2025-01-18,Texas,0.64,0.97,0.66,6.66,,2024-2025,True,TX,6,False,False
2025-01-18,Tennessee,0.57,0.95,0.89,4.47,,2024-2025,True,TN,4,True,False
2025-01-18,Rhode Island,0.46,0.68,1.02,3.84,,2024-2025,True,RI,1,False,False
2025-01-18,North Carolina,1.09,1.55,1.05,8.07,,2024-2025,True,NC,4,True,False
2025-01-18,Massachusetts,0.88,1.17,1.37,5.62,,2024-2025,True,MA,1,False,False
2025-01-18,Maine,0.63,0.51,1.93,2.83,,2024-2025,True,ME,1,False,False
2025-01-18,Louisiana,0.58,0.91,0.74,5.35,,2024-2025,True,LA,6,True,False
2025-01-18,Indiana,0.7,0.97,1.48,4.46,,2024-2025,True,IN,5,False,False
2025-01-18,Colorado,0.63,0.62,0.81,4.01,,2024-2025,True,CO,8,False,False
2025-01-18,Alaska,1.23,1.37,0.27,3.11,,2024-2025,True,AK,10,False,False
2025-01-18,Washington,0.74,0.88,0.48,4.16,,2024-2025,True,WA,10,False,False
2025-01-18,South Dakota,0.63,0.49,1.94,5.91,,2024-2025,True,SD,8,False,False
2025-01-18,Oregon,0.66,0.76,0.51,3.54,,2024-2025,True,OR,10,False,False
2025-01-18,New York,0.47,0.62,0.85,5.48,,2024-2025,True,NY,2,False,True
2025-01-18,New Jersey,0.52,0.77,1.24,8.22,,2024-2025,True,NJ,2,False,False
2025-01-18,New Hampshire,1.15,1.25,1.99,5.4,,2024-2025,True,NH,1,False,False
2025-01-18,Mississippi,0.34,0.55,1.03,6.28,,2024-2025,True,MS,4,True,False
2025-01-18,Kansas,0.77,0.86,1.18,3.47,,2024-2025,True,KS,7,False,False
2025-01-18,California,0.48,0.58,0.52,5.19,,2024-2025,True,CA,9,False,False
2025-01-18,Connecticut,0.48,0.72,1.74,5.88,,2024-2025,True,CT,1,False,False
2025-01-18,Idaho,0.65,0.57,1.0,3.43,,2024-2025,True,ID,10,False,False
2025-01-18,Maryland,0.53,0.87,1.07,4.55,,2024-2025,True,MD,3,False,False
2025-01-18,Minnesota,1.15,1.06,1.57,9.7,,2024-2025,True,MN,5,False,True
2025-01-18,Montana,0.4,0.32,0.83,3.47,,2024-2025,True,MT,8,False,False
2025-01-18,Nevada,0.63,0.74,0.5,3.49,,2024-2025,True,NV,9,False,False
2025-01-18,New Mexico,0.81,0.7,1.28,5.25,,2024-2025,True,NM,6,False,False
2025-01-18,Ohio,0.57,0.82,1.26,3.88,,2024-2025,True,OH,5,False,False
2025-01-18,South Carolina,0.52,0.78,1.06,8.34,,2024-2025,True,SC,4,True,False
2025-01-18,Illinois,0.88,1.25,1.57,6.21,,2024-2025,True,IL,5,False,False
2025-01-18,Hawaii,0.47,0.59,0.55,7.13,,2024-2025,True,HI,9,False,False
2025-01-18,Georgia,0.32,0.51,0.6,5.46,,2024-2025,True,GA,4,True,False
2025-01-18,Delaware,1.0,1.62,1.23,5.1,,2024-2025,True,DE,3,False,False
2025-01-25,Massachusetts,0.66,0.88,1.32,7.79,,2024-2025,True,MA,1,False,False
2025-01-25,Kentucky,0.65,0.86,1.39,6.59,,2024-2025,True,KY,4,False,False
2025-01-25,Kansas,0.75,0.77,1.02,5.46,,2024-2025,True,KS,7,False,False
2025-01-25,West Virginia,1.25,1.26,1.27,4.04,,2024-2025,True,WV,3,False,False
2025-01-25,Florida,0.39,0.45,0.68,7.6,,2024-2025,True,FL,4,False,False
2025-01-25,Arkansas,1.05,1.21,0.88,7.57,,2024-2025,True,AR,6,True,False
2025-01-25,Colorado,0.85,0.71,0.79,4.32,,2024-2025,True,CO,8,False,False
2025-01-25,District of Columbia,0.44,0.67,0.65,6.58,,2024-2025,True,DC,3,False,False
2025-01-25,Georgia,0.25,0.36,0.72,7.3,,2024-2025,True,GA,4,True,False
2025-01-25,Alaska,0.94,1.12,0.28,3.04,,2024-2025,True,AK,10,False,False
2025-01-25,Rhode Island,0.48,0.58,1.04,5.16,,2024-2025,True,RI,1,False,False
2025-01-25,Ohio,0.52,0.62,1.28,6.33,,2024-2025,True,OH,5,False,False
2025-01-25,New Mexico,1.21,0.87,0.98,5.65,,2024-2025,True,NM,6,False,False
2025-01-25,New Hampshire,0.93,1.11,1.66,7.23,,2024-2025,True,NH,1,False,False
2025-01-25,Nebraska,0.54,0.44,0.75,4.55,,2024-2025,True,NE,7,False,False
2025-01-25,North Carolina,0.9,1.16,1.14,11.53,,2024-2025,True,NC,4,True,False
2025-01-25,Nevada,0.68,0.67,0.42,3.26,,2024-2025,True,NV,9,False,False
2025-01-25,Wisconsin,1.01,0.9,1.69,8.9,,2024-2025,True,WI,5,False,False
2025-01-25,Michigan,0.94,0.94,1.75,7.32,,2024-2025,True,MI,5,False,False
2025-01-25,Washington,0.73,0.76,0.54,5.5,,2024-2025,True,WA,10,False,False
2025-01-25,Tennessee,0.51,0.65,0.98,6.14,,2024-2025,True,TN,4,True,False
2025-01-25,Vermont,1.01,1.09,1.37,7.46,,2024-2025,True,VT,1,False,False
2025-01-25,Alabama,0.37,0.53,1.04,9.2,,2024-2025,True,AL,4,True,False
2025-01-25,Connecticut,0.42,0.55,1.41,7.52,,2024-2025,True,CT,1,False,False
2025-01-25,Hawaii,0.33,0.45,0.44,6.14,,2024-2025,True,HI,9,False,False
2025-01-25,Idaho,0.76,0.68,0.73,3.24,,2024-2025,True,ID,10,False,False
2025-01-25,Iowa,1.2,1.19,1.83,7.67,,2024-2025,True,IA,7,False,False
2025-01-25,Louisiana,0.55,0.65,0.89,6.79,,2024-2025,True,LA,6,True,False
2025-01-25,Mississippi,0.35,0.39,1.2,8.87,,2024-2025,True,MS,4,True,False
2025-01-25,New Jersey,0.49,0.59,1.2,9.33,,2024-2025,True,NJ,2,False,False
2025-01-25,New York,0.43,0.5,0.95,6.31,,2024-2025,True,NY,2,False,True
2025-01-25,Wyoming,0.82,0.67,0.88,6.1,,2024-2025,True,WY,8,False,False
2025-01-25,Maine,0.67,0.58,1.62,4.37,,2024-2025,True,ME,1,False,False
2025-01-25,Indiana,0.74,0.79,1.44,7.42,,2024-2025,True,IN,5,False,False
2025-01-25,Montana,0.58,0.42,0.74,4.03,,2024-2025,True,MT,8,False,False
2025-01-25,Maryland,0.41,0.6,1.15,7.06,,2024-2025,True,MD,3,False,False
2025-01-25,Illinois,0.77,0.92,1.61,7.97,,2024-2025,True,IL,5,False,False
2025-01-25,Delaware,0.83,1.13,1.07,7.9,,2024-2025,True,DE,3,False,False
2025-01-25,California,0.48,0.5,0.64,6.09,,2024-2025,True,CA,9,False,False
2025-01-25,Arizona,0.57,0.5,0.87,4.62,,2024-2025,True,AZ,9,False,False
2025-01-25,Virginia,0.41,0.51,1.13,7.2,,2024-2025,True,VA,3,False,False
2025-01-25,Utah,0.84,0.69,0.63,4.98,,2024-2025,True,UT,8,False,False
2025-01-25,Texas,0.57,0.71,0.78,10.29,,2024-2025,True,TX,6,False,False
2025-01-25,South Dakota,0.53,0.54,1.41,7.69,,2024-2025,True,SD,8,False,False
2025-01-25,South Carolina,0.41,0.54,1.09,13.07,,2024-2025,True,SC,4,True,False
2025-01-25,Pennsylvania,0.67,0.71,1.08,5.76,,2024-2025,True,PA,3,False,False
2025-01-25,Oregon,0.77,0.73,0.46,3.98,,2024-2025,True,OR,10,False,False
2025-01-25,Oklahoma,1.48,1.6,1.05,10.5,,2024-2025,True,OK,6,False,False
2025-01-25,North Dakota,0.35,0.29,0.76,6.01,,2024-2025,True,ND,8,False,False
2025-01-25,Minnesota,1.21,1.13,1.52,10.06,,2024-2025,True,MN,5,False,True
2025-02-01,Vermont,1.11,1.1,1.62,8.78,,2024-2025,True,VT,1,False,False
2025-02-01,West Virginia,1.02,1.12,1.25,6.37,,2024-2025,True,WV,3,False,False
2025-02-01,Utah,1.18,0.89,0.63,4.68,,2024-2025,True,UT,8,False,False
2025-02-01,Pennsylvania,0.58,0.64,1.07,7.05,,2024-2025,True,PA,3,False,False
2025-02-01,Ohio,0.42,0.5,1.23,8.63,,2024-2025,True,OH,5,False,False
2025-02-01,North Dakota,0.53,0.41,0.75,5.81,,2024-2025,True,ND,8,False,False
2025-02-01,New Mexico,1.33,1.12,0.94,6.3,,2024-2025,True,NM,6,False,False
2025-02-01,New Hampshire,1.01,1.03,1.24,9.12,,2024-2025,True,NH,1,False,False
2025-02-01,Montana,0.91,0.64,0.82,5.45,,2024-2025,True,MT,8,False,False
2025-02-01,Mississippi,0.2,0.29,1.15,9.85,,2024-2025,True,MS,4,True,False
2025-02-01,Iowa,1.14,1.23,1.43,8.76,,2024-2025,True,IA,7,False,False
2025-02-01,Georgia,0.17,0.25,0.74,6.8,,2024-2025,True,GA,4,True,False
2025-02-01,Connecticut,0.31,0.4,1.4,8.76,,2024-2025,True,CT,1,False,False
2025-02-01,Colorado,0.8,0.76,0.74,4.67,,2024-2025,True,CO,8,False,False
2025-02-01,Illinois,0.68,0.77,1.53,9.07,,2024-2025,True,IL,5,False,False
2025-02-01,Indiana,0.56,0.66,1.36,10.27,,2024-2025,True,IN,5,False,False
2025-02-01,Maine,0.68,0.66,1.43,5.28,,2024-2025,True,ME,1,False,False
2025-02-01,Massachusetts,0.61,0.72,1.17,9.21,,2024-2025,True,MA,1,False,False
2025-02-01,Michigan,0.89,0.91,1.63,7.59,,2024-2025,True,MI,5,False,False
2025-02-01,Nebraska,0.54,0.51,0.74,5.56,,2024-2025,True,NE,7,False,False
2025-02-01,Nevada,0.69,0.67,0.45,3.06,,2024-2025,True,NV,9,False,False
2025-02-01,South Dakota,0.96,0.71,1.36,8.72,,2024-2025,True,SD,8,False,False
2025-02-01,Tennessee,0.48,0.52,1.19,8.44,,2024-2025,True,TN,4,True,False
2025-02-01,Wisconsin,0.99,0.98,1.39,9.6,,2024-2025,True,WI,5,False,False
2025-02-01,Alabama,0.33,0.39,1.2,8.61,,2024-2025,True,AL,4,True,False
2025-02-01,California,0.52,0.5,0.62,6.85,,2024-2025,True,CA,9,False,False
2025-02-01,District of Columbia,0.45,0.55,0.88,8.23,,2024-2025,True,DC,3,False,False
2025-02-01,Florida,0.32,0.38,0.68,8.11,,2024-2025,True,FL,4,False,False
2025-02-01,Idaho,0.83,0.75,0.75,4.45,,2024-2025,True,ID,10,False,False
2025-02-01,Kansas,0.91,0.81,0.97,8.08,,2024-2025,True,KS,7,False,False
2025-02-01,Louisiana,0.38,0.5,0.91,5.56,,2024-2025,True,LA,6,True,False
2025-02-01,Maryland,0.35,0.43,1.18,9.33,,2024-2025,True,MD,3,False,False
2025-02-01,Minnesota,1.11,1.16,1.24,8.58,,2024-2025,True,MN,5,False,True
2025-02-01,Oklahoma,1.53,1.5,1.15,14.05,,2024-2025,True,OK,6,False,False
2025-02-01,Rhode Island,0.38,0.44,1.02,6.08,,2024-2025,True,RI,1,False,False
2025-02-01,South Carolina,0.28,0.4,1.11,12.74,,2024-2025,True,SC,4,True,False
2025-02-01,Texas,0.44,0.54,0.94,11.95,,2024-2025,True,TX,6,False,False
2025-02-01,Wyoming,0.54,0.74,0.37,5.61,,2024-2025,True,WY,8,False,False
2025-02-01,Washington,0.74,0.74,0.64,7.33,,2024-2025,True,WA,10,False,False
2025-02-01,Virginia,0.33,0.39,1.31,9.57,,2024-2025,True,VA,3,False,False
2025-02-01,Oregon,1.04,0.82,0.6,5.56,,2024-2025,True,OR,10,False,False
2025-02-01,North Carolina,0.97,1.0,0.98,12.16,,2024-2025,True,NC,4,True,False
2025-02-01,New York,0.36,0.42,0.92,6.19,,2024-2025,True,NY,2,False,True
2025-02-01,New Jersey,0.38,0.46,1.27,9.7,,2024-2025,True,NJ,2,False,False
2025-02-01,Kentucky,0.52,0.61,1.56,10.98,,2024-2025,True,KY,4,False,False
2025-02-01,Hawaii,0.41,0.41,0.48,5.17,,2024-2025,True,HI,9,False,False
2025-02-01,Delaware,0.6,0.8,1.18,10.16,,2024-2025,True,DE,3,False,False
2025-02-01,Arkansas,0.74,0.92,0.94,10.16,,2024-2025,True,AR,6,True,False
2025-02-01,Arizona,0.65,0.56,0.77,4.19,,2024-2025,True,AZ,9,False,False
2025-02-01,Alaska,1.27,1.14,0.21,3.28,,2024-2025,True,AK,10,False,False
2025-02-08,District of Columbia,0.3,0.4,0.95,8.39,,2024-2025,True,DC,3,False,False
2025-02-08,Alabama,0.33,0.34,1.25,7.68,,2024-2025,True,AL,4,True,False
2025-02-08,Arizona,0.8,0.67,0.77,3.8,,2024-2025,True,AZ,9,False,False
2025-02-08,California,0.5,0.5,0.56,6.0,,2024-2025,True,CA,9,False,False
2025-02-08,Arkansas,0.57,0.75,1.0,9.21,,2024-2025,True,AR,6,True,False
2025-02-08,Connecticut,0.26,0.33,1.39,9.05,,2024-2025,True,CT,1,False,False
2025-02-08,Delaware,0.5,0.64,1.5,11.13,,2024-2025,True,DE,3,False,False
2025-02-08,Iowa,1.23,1.19,1.4,9.91,,2024-2025,True,IA,7,False,False
2025-02-08,Kentucky,0.53,0.56,1.79,14.0,,2024-2025,True,KY,4,False,False
2025-02-08,Michigan,0.78,0.87,1.41,8.73,,2024-2025,True,MI,5,False,False
2025-02-08,Montana,1.3,0.93,0.95,7.55,,2024-2025,True,MT,8,False,False
2025-02-08,Nevada,0.75,0.71,0.43,2.76,,2024-2025,True,NV,9,False,False
2025-02-08,New Jersey,0.3,0.39,1.35,9.0,,2024-2025,True,NJ,2,False,False
2025-02-08,New York,0.31,0.37,0.9,5.6,,2024-2025,True,NY,2,False,True
2025-02-08,North Dakota,0.66,0.51,0.91,5.11,,2024-2025,True,ND,8,False,False
2025-02-08,Pennsylvania,0.5,0.58,1.02,8.13,,2024-2025,True,PA,3,False,False
2025-02-08,Texas,0.38,0.46,0.98,9.29,,2024-2025,True,TX,6,False,False
2025-02-08,Hawaii,0.48,0.41,0.43,5.44,,2024-2025,True,HI,9,False,False
2025-02-08,Vermont,1.06,1.06,1.38,11.27,,2024-2025,True,VT,1,False,False
2025-02-08,Wisconsin,1.11,1.04,1.35,9.79,,2024-2025,True,WI,5,False,False
2025-02-08,Washington,0.88,0.79,0.66,8.12,,2024-2025,True,WA,10,False,False
2025-02-08,New Mexico,1.76,1.44,0.83,6.11,,2024-2025,True,NM,6,False,False
2025-02-08,Mississippi,0.16,0.23,1.16,8.01,,2024-2025,True,MS,4,True,False
2025-02-08,Minnesota,1.2,1.17,1.28,7.02,,2024-2025,True,MN,5,False,True
2025-02-08,Massachusetts,0.51,0.59,0.94,10.23,,2024-2025,True,MA,1,False,False
2025-02-08,Wyoming,1.26,0.87,0.5,5.61,,2024-2025,True,WY,8,False,False
2025-02-08,Maine,0.84,0.73,1.14,7.24,,2024-2025,True,ME,1,False,False
2025-02-08,Louisiana,0.27,0.39,0.97,4.78,,2024-2025,True,LA,6,True,False
2025-02-08,Indiana,0.63,0.64,1.4,12.31,,2024-2025,True,IN,5,False,False
2025-02-08,Illinois,0.61,0.68,1.58,9.32,,2024-2025,True,IL,5,False,False
2025-02-08,Idaho,1.12,0.91,0.96,3.9,,2024-2025,True,ID,10,False,False
2025-02-08,Alaska,0.7,0.96,0.25,4.09,,2024-2025,True,AK,10,False,False
2025-02-08,Colorado,0.97,0.87,0.63,5.01,,2024-2025,True,CO,8,False,False
2025-02-08,Florida,0.27,0.33,0.61,6.49,,2024-2025,True,FL,4,False,False
2025-02-08,Georgia,0.17,0.2,0.9,6.13,,2024-2025,True,GA,4,True,False
2025-02-08,Rhode Island,0.34,0.4,0.83,6.29,,2024-2025,True,RI,1,False,False
2025-02-08,Tennessee,0.44,0.48,1.34,7.78,,2024-2025,True,TN,4,True,False
2025-02-08,Oklahoma,1.49,1.5,1.19,11.8,,2024-2025,True,OK,6,False,False
2025-02-08,New Hampshire,0.8,0.91,0.97,10.02,,2024-2025,True,NH,1,False,False
2025-02-08,Utah,1.32,1.12,0.66,4.55,,2024-2025,True,UT,8,False,False
2025-02-08,Nebraska,0.69,0.59,0.66,5.94,,2024-2025,True,NE,7,False,False
2025-02-08,Maryland,0.31,0.36,1.29,11.12,,2024-2025,True,MD,3,False,False
2025-02-08,West Virginia,1.26,1.18,1.35,10.68,,2024-2025,True,WV,3,False,False
2025-02-08,Virginia,0.28,0.34,1.41,11.07,,2024-2025,True,VA,3,False,False
2025-02-08,South Dakota,0.98,0.83,1.14,9.46,,2024-2025,True,SD,8,False,False
2025-02-08,South Carolina,0.26,0.32,1.15,10.8,,2024-2025,True,SC,4,True,False
2025-02-08,Oregon,1.26,1.03,0.54,6.0,,2024-2025,True,OR,10,False,False
2025-02-08,North Carolina,0.94,0.93,1.19,12.86,,2024-2025,True,NC,4,True,False
2025-02-08,Kansas,0.94,0.87,1.22,9.53,,2024-2025,True,KS,7,False,False
2025-02-08,Ohio,0.36,0.43,1.22,11.25,,2024-2025,True,OH,5,False,False
2025-02-15,Hawaii,0.36,0.42,0.53,5.74,,2024-2025,True,HI,9,False,False
2025-02-15,Alaska,0.85,0.94,0.3,4.36,,2024-2025,True,AK,10,False,False
2025-02-15,California,0.49,0.5,0.49,4.51,,2024-2025,True,CA,9,False,False
2025-02-15,Florida,0.27,0.29,0.55,5.07,,2024-2025,True,FL,4,False,False
2025-02-15,Georgia,0.16,0.17,0.83,3.61,,2024-2025,True,GA,4,True,False
2025-02-15,Idaho,1.32,1.09,0.91,3.82,,2024-2025,True,ID,10,False,False
2025-02-15,Iowa,1.15,1.17,1.16,8.85,,2024-2025,True,IA,7,False,False
2025-02-15,Kentucky,0.58,0.54,1.49,9.86,,2024-2025,True,KY,4,False,False
2025-02-15,Maryland,0.24,0.3,1.19,9.28,,2024-2025,True,MD,3,False,False
2025-02-15,Massachusetts,0.41,0.51,0.95,8.87,,2024-2025,True,MA,1,False,False
2025-02-15,Minnesota,1.27,1.19,0.99,4.81,,2024-2025,True,MN,5,False,True
2025-02-15,Mississippi,0.19,0.18,1.17,4.9,,2024-2025,True,MS,4,True,False
2025-02-15,Montana,1.05,1.08,0.75,7.54,,2024-2025,True,MT,8,False,False
2025-02-15,Oregon,1.25,1.18,0.54,5.55,,2024-2025,True,OR,10,False,False
2025-02-15,South Dakota,0.82,0.92,1.0,8.17,,2024-2025,True,SD,8,False,False
2025-02-15,Tennessee,0.39,0.44,1.29,4.78,,2024-2025,True,TN,4,True,False
2025-02-15,Wyoming,1.13,0.97,0.86,5.31,,2024-2025,True,WY,8,False,False
2025-02-15,Vermont,0.71,0.96,1.07,9.83,,2024-2025,True,VT,1,False,False
2025-02-15,Utah,1.38,1.3,0.67,3.73,,2024-2025,True,UT,8,False,False
2025-02-15,Pennsylvania,0.45,0.51,0.99,7.48,,2024-2025,True,PA,3,False,False
2025-02-15,West Virginia,1.49,1.26,1.42,12.28,,2024-2025,True,WV,3,False,False
2025-02-15,North Dakota,0.62,0.6,0.96,3.95,,2024-2025,True,ND,8,False,False
2025-02-15,North Carolina,0.81,0.91,1.09,9.38,,2024-2025,True,NC,4,True,False
2025-02-15,Illinois,0.56,0.62,1.57,8.32,,2024-2025,True,IL,5,False,False
2025-02-15,District of Columbia,0.26,0.34,1.07,7.93,,2024-2025,True,DC,3,False,False
2025-02-15,Wisconsin,1.06,1.05,1.18,8.74,,2024-2025,True,WI,5,False,False
2025-02-15,New Jersey,0.26,0.32,1.11,7.1,,2024-2025,True,NJ,2,False,False
2025-02-15,Maine,0.58,0.7,0.68,8.55,,2024-2025,True,ME,1,False,False
2025-02-15,Texas,0.38,0.4,0.88,5.54,,2024-2025,True,TX,6,False,False
2025-02-15,South Carolina,0.21,0.25,1.04,6.16,,2024-2025,True,SC,4,True,False
2025-02-15,Rhode Island,0.22,0.32,0.59,5.35,,2024-2025,True,RI,1,False,False
2025-02-15,Oklahoma,1.23,1.43,1.2,7.8,,2024-2025,True,OK,6,False,False
2025-02-15,New York,0.26,0.31,0.86,5.14,,2024-2025,True,NY,2,False,True
2025-02-15,New Mexico,1.86,1.65,0.72,5.58,,2024-2025,True,NM,6,False,False
2025-02-15,New Hampshire,0.62,0.81,0.79,9.82,,2024-2025,True,NH,1,False,False
2025-02-15,Nebraska,0.63,0.62,0.49,5.45,,2024-2025,True,NE,7,False,False
2025-02-15,Michigan,0.8,0.82,1.39,9.73,,2024-2025,True,MI,5,False,False
2025-02-15,Delaware,0.37,0.49,1.29,10.58,,2024-2025,True,DE,3,False,False
2025-02-15,Connecticut,0.21,0.26,1.06,7.53,,2024-2025,True,CT,1,False,False
2025-02-15,Colorado,0.93,0.9,0.74,4.32,,2024-2025,True,CO,8,False,False
2025-02-15,Washington,0.72,0.78,0.74,7.84,,2024-2025,True,WA,10,False,False
2025-02-15,Virginia,0.27,0.29,1.4,9.91,,2024-2025,True,VA,3,False,False
2025-02-15,Ohio,0.32,0.36,1.18,11.02,,2024-2025,True,OH,5,False,False
2025-02-15,Nevada,0.76,0.73,0.4,2.45,,2024-2025,True,NV,9,False,False
2025-02-15,Louisiana,0.29,0.32,0.87,3.79,,2024-2025,True,LA,6,True,False
2025-02-15,Kansas,0.96,0.94,1.26,8.95,,2024-2025,True,KS,7,False,False
2025-02-15,Indiana,0.53,0.57,1.35,11.36,,2024-2025,True,IN,5,False,False
2025-02-15,Alabama,0.33,0.33,1.31,4.84,,2024-2025,True,AL,4,True,False
2025-02-15,Arkansas,0.63,0.65,0.82,6.54,,2024-2025,True,AR,6,True,False
2025-02-15,Arizona,0.79,0.74,0.76,3.11,,2024-2025,True,AZ,9,False,False
2025-02-22,North Carolina,0.7,0.82,1.1,6.9,,2024-2025,True,NC,4,True,False
2025-02-22,Mississippi,0.13,0.16,1.02,3.91,,2024-2025,True,MS,4,True,False
2025-02-22,Utah,1.23,1.31,0.65,3.44,,2024-2025,True,UT,8,False,False
2025-02-22,Pennsylvania,0.4,0.45,0.84,5.78,,2024-2025,True,PA,3,False,False
2025-02-22,Ohio,0.3,0.32,1.05,8.88,,2024-2025,True,OH,5,False,False
2025-02-22,New York,0.24,0.27,0.8,4.17,,2024-2025,True,NY,2,False,True
2025-02-22,New Mexico,1.77,1.8,0.79,4.53,,2024-2025,True,NM,6,False,False
2025-02-22,New Hampshire,0.47,0.63,0.57,9.06,,2024-2025,True,NH,1,False,False
2025-02-22,Nebraska,0.5,0.61,0.44,3.99,,2024-2025,True,NE,7,False,False
2025-02-22,Montana,1.3,1.22,0.52,7.31,,2024-2025,True,MT,8,False,False
2025-02-22,Michigan,0.69,0.75,1.3,8.04,,2024-2025,True,MI,5,False,False
2025-02-22,Louisiana,0.25,0.27,1.0,3.27,,2024-2025,True,LA,6,True,False
2025-02-22,Indiana,0.5,0.56,1.27,9.3,,2024-2025,True,IN,5,False,False
2025-02-22,California,0.44,0.47,0.44,3.44,,2024-2025,True,CA,9,False,False
2025-02-22,Alaska,0.72,0.75,0.4,5.62,,2024-2025,True,AK,10,False,False
2025-02-22,Kentucky,0.43,0.52,1.39,7.35,,2024-2025,True,KY,4,False,False
2025-02-22,Iowa,1.22,1.2,1.03,6.75,,2024-2025,True,IA,7,False,False
2025-02-22,Oklahoma,1.17,1.31,0.97,4.43,,2024-2025,True,OK,6,False,False
2025-02-22,Rhode Island,0.21,0.26,0.61,4.5,,2024-2025,True,RI,1,False,False
2025-02-22,Vermont,0.69,0.82,0.97,8.29,,2024-2025,True,VT,1,False,False
2025-02-22,Virginia,0.18,0.25,1.22,6.82,,2024-2025,True,VA,3,False,False
2025-02-22,Washington,0.84,0.81,0.72,7.48,,2024-2025,True,WA,10,False,False
2025-02-22,Wisconsin,0.92,1.03,0.98,6.68,,2024-2025,True,WI,5,False,False
2025-02-22,Wyoming,1.1,1.16,0.52,5.04,,2024-2025,True,WY,8,False,False
2025-02-22,South Carolina,0.17,0.22,0.91,4.17,,2024-2025,True,SC,4,True,False
2025-02-22,Oregon,1.12,1.21,0.54,5.19,,2024-2025,True,OR,10,False,False
2025-02-22,North Dakota,1.15,0.81,0.51,2.75,,2024-2025,True,ND,8,False,False
2025-02-22,New Jersey,0.22,0.26,1.01,5.3,,2024-2025,True,NJ,2,False,False
2025-02-22,Nevada,0.71,0.74,0.45,2.22,,2024-2025,True,NV,9,False,False
2025-02-22,Minnesota,1.17,1.21,0.82,4.08,,2024-2025,True,MN,5,False,True
2025-02-22,District of Columbia,0.18,0.25,0.72,4.74,,2024-2025,True,DC,3,False,False
2025-02-22,Connecticut,0.17,0.21,0.95,6.0,,2024-2025,True,CT,1,False,False
2025-02-22,Colorado,0.92,0.94,0.65,3.61,,2024-2025,True,CO,8,False,False
2025-02-22,Arkansas,0.53,0.57,0.97,5.45,,2024-2025,True,AR,6,True,False
2025-02-22,Arizona,0.7,0.76,0.65,2.77,,2024-2025,True,AZ,9,False,False
2025-02-22,Alabama,0.34,0.33,1.16,3.71,,2024-2025,True,AL,4,True,False
2025-02-22,Delaware,0.25,0.38,1.23,6.73,,2024-2025,True,DE,3,False,False
2025-02-22,Florida,0.24,0.26,0.5,3.81,,2024-2025,True,FL,4,False,False
2025-02-22,Georgia,0.15,0.16,1.03,2.85,,2024-2025,True,GA,4,True,False
2025-02-22,Idaho,1.47,1.3,0.84,3.92,,2024-2025,True,ID,10,False,False
2025-02-22,Hawaii,0.28,0.37,0.43,5.67,,2024-2025,True,HI,9,False,False
2025-02-22,Illinois,0.45,0.54,1.36,6.36,,2024-2025,True,IL,5,False,False
2025-02-22,Kansas,0.8,0.9,1.04,6.76,,2024-2025,True,KS,7,False,False
2025-02-22,Maine,0.55,0.66,0.54,8.08,,2024-2025,True,ME,1,False,False
2025-02-22,Maryland,0.19,0.25,1.13,6.31,,2024-2025,True,MD,3,False,False
2025-02-22,Massachusetts,0.34,0.42,0.71,6.57,,2024-2025,True,MA,1,False,False
2025-02-22,South Dakota,1.23,1.01,0.94,5.88,,2024-2025,True,SD,8,False,False
2025-02-22,Tennessee,0.38,0.4,1.22,3.78,,2024-2025,True,TN,4,True,False
2025-02-22,Texas,0.33,0.37,0.84,4.28,,2024-2025,True,TX,6,False,False
2025-02-22,West Virginia,1.21,1.32,1.33,10.46,,2024-2025,True,WV,3,False,False
2025-03-01,South Dakota,1.47,1.18,0.77,3.17,,2024-2025,True,SD,8,False,False
2025-03-01,Alabama,0.23,0.3,1.35,3.89,,2024-2025,True,AL,4,True,False
2025-03-01,Arizona,0.55,0.68,0.62,2.61,,2024-2025,True,AZ,9,False,False
2025-03-01,Arkansas,0.44,0.51,0.76,3.75,,2024-2025,True,AR,6,True,False
2025-03-01,California,0.37,0.43,0.39,2.47,,2024-2025,True,CA,9,False,False
2025-03-01,Rhode Island,0.24,0.22,0.33,2.88,,2024-2025,True,RI,1,False,False
2025-03-01,Oregon,0.9,1.09,0.47,3.52,,2024-2025,True,OR,10,False,False
2025-03-01,New Jersey,0.21,0.23,0.99,4.1,,2024-2025,True,NJ,2,False,False
2025-03-01,New Hampshire,0.47,0.52,0.48,6.6,,2024-2025,True,NH,1,False,False
2025-03-01,Nevada,0.5,0.66,0.33,1.83,,2024-2025,True,NV,9,False,False
2025-03-01,Nebraska,0.39,0.51,0.38,2.88,,2024-2025,True,NE,7,False,False
2025-03-01,Mississippi,0.13,0.15,1.04,3.55,,2024-2025,True,MS,4,True,False
2025-03-01,Michigan,0.57,0.68,1.11,5.98,,2024-2025,True,MI,5,False,False
2025-03-01,Georgia,0.11,0.14,1.03,2.22,,2024-2025,True,GA,4,True,False
2025-03-01,Idaho,1.32,1.37,0.68,3.0,,2024-2025,True,ID,10,False,False
2025-03-01,Illinois,0.38,0.46,1.18,4.55,,2024-2025,True,IL,5,False,False
2025-03-01,Kansas,0.62,0.79,0.79,4.15,,2024-2025,True,KS,7,False,False
2025-03-01,Hawaii,0.34,0.32,0.41,4.72,,2024-2025,True,HI,9,False,False
2025-03-01,Indiana,0.42,0.49,1.08,6.79,,2024-2025,True,IN,5,False,False
2025-03-01,Kentucky,0.34,0.45,1.18,5.44,,2024-2025,True,KY,4,False,False
2025-03-01,Maine,0.61,0.58,0.44,6.75,,2024-2025,True,ME,1,False,False
2025-03-01,Massachusetts,0.27,0.34,0.59,4.77,,2024-2025,True,MA,1,False,False
2025-03-01,Minnesota,1.1,1.18,0.78,2.75,,2024-2025,True,MN,5,False,True
2025-03-01,Oklahoma,0.91,1.1,0.71,2.42,,2024-2025,True,OK,6,False,False
2025-03-01,Vermont,0.71,0.7,0.49,5.1,,2024-2025,True,VT,1,False,False
2025-03-01,Delaware,0.16,0.26,1.14,5.0,,2024-2025,True,DE,3,False,False
2025-03-01,Colorado,0.91,0.92,0.53,2.99,,2024-2025,True,CO,8,False,False
2025-03-01,Florida,0.23,0.25,0.49,3.09,,2024-2025,True,FL,4,False,False
2025-03-01,Iowa,1.09,1.15,0.97,4.87,,2024-2025,True,IA,7,False,False
2025-03-01,Louisiana,0.19,0.25,1.05,3.51,,2024-2025,True,LA,6,True,False
2025-03-01,Maryland,0.13,0.19,0.94,4.91,,2024-2025,True,MD,3,False,False
2025-03-01,Montana,1.46,1.28,0.55,6.1,,2024-2025,True,MT,8,False,False
2025-03-01,North Carolina,0.6,0.7,0.95,5.09,,2024-2025,True,NC,4,True,False
2025-03-01,Ohio,0.23,0.28,0.85,6.5,,2024-2025,True,OH,5,False,False
2025-03-01,Washington,0.73,0.76,0.54,4.83,,2024-2025,True,WA,10,False,False
2025-03-01,West Virginia,0.99,1.23,1.13,7.99,,2024-2025,True,WV,3,False,False
2025-03-01,Wyoming,0.95,1.06,0.43,4.4,,2024-2025,True,WY,8,False,False
2025-03-01,District of Columbia,0.1,0.18,0.76,3.6,,2024-2025,True,DC,3,False,False
2025-03-01,New Mexico,1.51,1.72,0.52,3.95,,2024-2025,True,NM,6,False,False
2025-03-01,New York,0.19,0.23,0.78,2.99,,2024-2025,True,NY,2,False,True
2025-03-01,North Dakota,0.9,0.89,0.46,1.65,,2024-2025,True,ND,8,False,False
2025-03-01,Pennsylvania,0.32,0.39,0.7,4.36,,2024-2025,True,PA,3,False,False
2025-03-01,South Carolina,0.18,0.19,1.1,3.66,,2024-2025,True,SC,4,True,False
2025-03-01,Tennessee,0.23,0.33,1.19,3.17,,2024-2025,True,TN,4,True,False
2025-03-01,Utah,1.29,1.3,0.56,2.67,,2024-2025,True,UT,8,False,False
2025-03-01,Virginia,0.16,0.2,1.09,4.98,,2024-2025,True,VA,3,False,False
2025-03-01,Wisconsin,0.93,0.97,0.88,5.06,,2024-2025,True,WI,5,False,False
2025-03-01,Alaska,0.8,0.79,0.56,5.8,,2024-2025,True,AK,10,False,False
2025-03-01,Connecticut,0.13,0.17,0.75,4.52,,2024-2025,True,CT,1,False,False
2025-03-01,Texas,0.27,0.33,0.87,3.67,,2024-2025,True,TX,6,False,False
2025-03-08,Florida,0.23,0.23,0.47,2.5,,2024-2025,True,FL,4,False,False
2025-03-08,Maine,0.53,0.56,0.51,6.01,,2024-2025,True,ME,1,False,False
2025-03-08,Maryland,0.12,0.15,0.92,3.82,,2024-2025,True,MD,3,False,False
2025-03-08,Minnesota,0.94,1.07,0.65,2.33,,2024-2025,True,MN,5,False,True
2025-03-08,Mississippi,0.11,0.12,1.16,3.21,,2024-2025,True,MS,4,True,False
2025-03-08,New Mexico,1.44,1.58,0.5,3.53,,2024-2025,True,NM,6,False,False
2025-03-08,North Dakota,0.99,1.01,0.43,1.54,,2024-2025,True,ND,8,False,False
2025-03-08,Nevada,0.39,0.54,0.32,1.7,,2024-2025,True,NV,9,False,False
2025-03-08,Ohio,0.25,0.26,0.84,4.65,,2024-2025,True,OH,5,False,False
2025-03-08,Oklahoma,0.76,0.94,0.74,1.49,,2024-2025,True,OK,6,False,False
2025-03-08,South Carolina,0.12,0.15,1.18,2.93,,2024-2025,True,SC,4,True,False
2025-03-08,Utah,1.17,1.23,0.62,2.4,,2024-2025,True,UT,8,False,False
2025-03-08,Virginia,0.14,0.16,1.11,4.29,,2024-2025,True,VA,3,False,False
2025-03-08,Washington,0.59,0.72,0.48,3.54,,2024-2025,True,WA,10,False,False
2025-03-08,West Virginia,1.21,1.13,1.02,7.18,,2024-2025,True,WV,3,False,False
2025-03-08,Wyoming,1.07,1.04,0.69,3.28,,2024-2025,True,WY,8,False,False
2025-03-08,Arizona,0.46,0.57,0.53,2.32,,2024-2025,True,AZ,9,False,False
2025-03-08,District of Columbia,0.16,0.15,0.68,3.47,,2024-2025,True,DC,3,False,False
2025-03-08,Georgia,0.13,0.13,1.1,2.32,,2024-2025,True,GA,4,True,False
2025-03-08,Idaho,1.24,1.35,0.64,2.53,,2024-2025,True,ID,10,False,False
2025-03-08,Indiana,0.39,0.44,0.99,4.82,,2024-2025,True,IN,5,False,False
2025-03-08,Kansas,0.62,0.68,0.71,3.18,,2024-2025,True,KS,7,False,False
2025-03-08,New Hampshire,0.47,0.47,0.37,5.4,,2024-2025,True,NH,1,False,False
2025-03-08,New York,0.16,0.2,0.72,2.59,,2024-2025,True,NY,2,False,True
2025-03-08,Oregon,0.81,0.94,0.42,2.55,,2024-2025,True,OR,10,False,False
2025-03-08,Pennsylvania,0.32,0.35,0.65,3.18,,2024-2025,True,PA,3,False,False
2025-03-08,Rhode Island,0.26,0.24,0.52,2.3,,2024-2025,True,RI,1,False,False
2025-03-08,Tennessee,0.25,0.28,1.13,3.01,,2024-2025,True,TN,4,True,False
2025-03-08,Vermont,0.64,0.68,0.57,3.87,,2024-2025,True,VT,1,False,False
2025-03-08,Wisconsin,0.77,0.87,0.75,3.49,,2024-2025,True,WI,5,False,False
2025-03-08,Massachusetts,0.26,0.29,0.54,3.49,,2024-2025,True,MA,1,False,False
2025-03-08,Colorado,0.78,0.87,0.51,2.38,,2024-2025,True,CO,8,False,False
2025-03-08,Arkansas,0.39,0.45,0.87,3.39,,2024-2025,True,AR,6,True,False
2025-03-08,Alabama,0.21,0.26,1.49,3.36,,2024-2025,True,AL,4,True,False
2025-03-08,Texas,0.23,0.27,0.87,2.65,,2024-2025,True,TX,6,False,False
2025-03-08,South Dakota,1.66,1.45,0.58,1.71,,2024-2025,True,SD,8,False,False
2025-03-08,North Carolina,0.38,0.51,1.21,4.36,,2024-2025,True,NC,4,True,False
2025-03-08,New Jersey,0.16,0.2,1.03,3.31,,2024-2025,True,NJ,2,False,False
2025-03-08,Nebraska,0.68,0.52,0.37,1.82,,2024-2025,True,NE,7,False,False
2025-03-08,Montana,1.61,1.45,0.52,4.47,,2024-2025,True,MT,8,False,False
2025-03-08,Michigan,0.55,0.6,0.94,4.85,,2024-2025,True,MI,5,False,False
2025-03-08,Louisiana,0.15,0.2,1.26,3.46,,2024-2025,True,LA,6,True,False
2025-03-08,Kentucky,0.28,0.35,1.09,4.68,,2024-2025,True,KY,4,False,False
2025-03-08,Illinois,0.34,0.39,1.16,3.6,,2024-2025,True,IL,5,False,False
2025-03-08,Hawaii,0.31,0.31,0.38,4.61,,2024-2025,True,HI,9,False,False
2025-03-08,California,0.32,0.38,0.39,1.83,,2024-2025,True,CA,9,False,False
2025-03-08,Alaska,0.51,0.68,0.69,5.37,,2024-2025,True,AK,10,False,False
2025-03-08,Connecticut,0.12,0.14,0.74,3.8,,2024-2025,True,CT,1,False,False
2025-03-08,Delaware,0.27,0.23,0.97,3.41,,2024-2025,True,DE,3,False,False
2025-03-08,Iowa,1.07,1.12,0.83,3.79,,2024-2025,True,IA,7,False,False
2025-03-15,California,0.23,0.31,0.39,1.62,,2024-2025,True,CA,9,False,False
2025-03-15,Vermont,0.36,0.57,0.54,3.02,,2024-2025,True,VT,1,False,False
2025-03-15,Utah,0.84,1.1,0.58,1.91,,2024-2025,True,UT,8,False,False
2025-03-15,Rhode Island,0.11,0.21,0.58,1.95,,2024-2025,True,RI,1,False,False
2025-03-15,Oklahoma,0.51,0.73,0.98,1.05,,2024-2025,True,OK,6,False,False
2025-03-15,North Carolina,0.36,0.4,1.18,3.68,,2024-2025,True,NC,4,True,False
2025-03-15,Minnesota,0.89,0.98,0.61,1.79,,2024-2025,True,MN,5,False,True
2025-03-15,Maine,0.37,0.51,0.33,4.72,,2024-2025,True,ME,1,False,False
2025-03-15,Iowa,0.87,1.01,0.49,2.21,,2024-2025,True,IA,7,False,False
2025-03-15,Georgia,0.12,0.12,1.01,1.85,,2024-2025,True,GA,4,True,False
2025-03-15,Arizona,0.34,0.45,0.5,1.99,,2024-2025,True,AZ,9,False,False
2025-03-15,Alaska,0.4,0.57,0.8,4.59,,2024-2025,True,AK,10,False,False
2025-03-15,Alabama,0.19,0.21,1.29,2.95,,2024-2025,True,AL,4,True,False
2025-03-15,Colorado,0.61,0.77,0.49,1.8,,2024-2025,True,CO,8,False,False
2025-03-15,Connecticut,0.08,0.11,0.8,3.39,,2024-2025,True,CT,1,False,False
2025-03-15,Wisconsin,0.69,0.8,0.59,2.25,,2024-2025,True,WI,5,False,False
2025-03-15,South Carolina,0.14,0.15,1.2,2.21,,2024-2025,True,SC,4,True,False
2025-03-15,Pennsylvania,0.26,0.3,0.58,2.41,,2024-2025,True,PA,3,False,False
2025-03-15,New Mexico,1.04,1.33,0.53,2.67,,2024-2025,True,NM,6,False,False
2025-03-15,Massachusetts,0.22,0.25,0.53,2.48,,2024-2025,True,MA,1,False,False
2025-03-15,Maryland,0.14,0.13,0.83,3.25,,2024-2025,True,MD,3,False,False
2025-03-15,Indiana,0.4,0.4,0.84,3.26,,2024-2025,True,IN,5,False,False
2025-03-15,Illinois,0.31,0.34,1.04,2.9,,2024-2025,True,IL,5,False,False
2025-03-15,Idaho,0.94,1.17,0.77,2.19,,2024-2025,True,ID,10,False,False
2025-03-15,District of Columbia,0.12,0.13,0.5,2.43,,2024-2025,True,DC,3,False,False
2025-03-15,Florida,0.17,0.21,0.47,2.05,,2024-2025,True,FL,4,False,False
2025-03-15,Hawaii,0.24,0.3,0.39,3.6,,2024-2025,True,HI,9,False,False
2025-03-15,Kentucky,0.27,0.29,1.04,4.04,,2024-2025,True,KY,4,False,False
2025-03-15,Michigan,0.48,0.53,0.81,3.83,,2024-2025,True,MI,5,False,False
2025-03-15,Mississippi,0.14,0.13,1.18,2.52,,2024-2025,True,MS,4,True,False
2025-03-15,New York,0.14,0.16,0.81,2.25,,2024-2025,True,NY,2,False,True
2025-03-15,North Dakota,0.78,0.89,0.43,1.34,,2024-2025,True,ND,8,False,False
2025-03-15,Arkansas,0.34,0.39,0.76,2.82,,2024-2025,True,AR,6,True,False
2025-03-15,Delaware,0.24,0.22,0.82,2.87,,2024-2025,True,DE,3,False,False
2025-03-15,Kansas,0.49,0.58,0.64,2.38,,2024-2025,True,KS,7,False,False
2025-03-15,Louisiana,0.18,0.17,1.22,2.7,,2024-2025,True,LA,6,True,False
2025-03-15,Montana,1.61,1.56,0.59,2.99,,2024-2025,True,MT,8,False,False
2025-03-15,Nebraska,0.49,0.51,0.42,0.8,,2024-2025,True,NE,7,False,False
2025-03-15,Nevada,0.34,0.41,0.36,1.55,,2024-2025,True,NV,9,False,False
2025-03-15,New Hampshire,0.49,0.48,0.34,3.9,,2024-2025,True,NH,1,False,False
2025-03-15,New Jersey,0.12,0.16,0.93,2.72,,2024-2025,True,NJ,2,False,False
2025-03-15,Ohio,0.18,0.22,0.7,3.13,,2024-2025,True,OH,5,False,False
2025-03-15,Oregon,0.63,0.78,0.43,2.18,,2024-2025,True,OR,10,False,False
2025-03-15,South Dakota,1.39,1.5,0.4,1.13,,2024-2025,True,SD,8,False,False
2025-03-15,Tennessee,0.19,0.22,1.09,2.88,,2024-2025,True,TN,4,True,False
2025-03-15,Texas,0.22,0.24,0.87,1.97,,2024-2025,True,TX,6,False,False
2025-03-15,Virginia,0.14,0.15,1.0,3.99,,2024-2025,True,VA,3,False,False
2025-03-15,Washington,0.55,0.63,0.47,2.64,,2024-2025,True,WA,10,False,False
2025-03-15,West Virginia,1.16,1.12,0.96,5.83,,2024-2025,True,WV,3,False,False
2025-03-15,Wyoming,0.75,0.92,0.53,2.14,,2024-2025,True,WY,8,False,False
2025-03-22,Arkansas,0.27,0.33,0.84,2.05,,2024-2025,True,AR,6,True,False
2025-03-22,North Dakota,0.74,0.84,0.18,0.8,,2024-2025,True,ND,8,False,False
2025-03-22,New Jersey,0.15,0.14,0.94,2.15,,2024-2025,True,NJ,2,False,False
2025-03-22,New Hampshire,0.28,0.41,0.54,3.08,,2024-2025,True,NH,1,False,False
2025-03-22,Nebraska,0.5,0.55,0.3,0.69,,2024-2025,True,NE,7,False,False
2025-03-22,Montana,1.06,1.43,0.45,1.83,,2024-2025,True,MT,8,False,False
2025-03-22,Michigan,0.38,0.47,0.76,2.72,,2024-2025,True,MI,5,False,False
2025-03-22,Iowa,0.76,0.9,0.64,1.3,,2024-2025,True,IA,7,False,False
2025-03-22,Georgia,0.06,0.1,0.75,1.03,,2024-2025,True,GA,4,True,False
2025-03-22,California,0.21,0.25,0.41,1.45,,2024-2025,True,CA,9,False,False
2025-03-22,South Carolina,0.09,0.12,0.96,1.3,,2024-2025,True,SC,4,True,False
2025-03-22,Tennessee,0.19,0.21,1.0,1.72,,2024-2025,True,TN,4,True,False
2025-03-22,Texas,0.16,0.2,0.74,1.26,,2024-2025,True,TX,6,False,False
2025-03-22,Washington,0.42,0.52,0.49,2.05,,2024-2025,True,WA,10,False,False
2025-03-22,Virginia,0.12,0.14,0.9,2.96,,2024-2025,True,VA,3,False,False
2025-03-22,Vermont,0.44,0.48,0.54,2.8,,2024-2025,True,VT,1,False,False
2025-03-22,Oklahoma,0.42,0.56,0.91,0.7,,2024-2025,True,OK,6,False,False
2025-03-22,New York,0.12,0.14,0.84,1.91,,2024-2025,True,NY,2,False,True
2025-03-22,Nevada,0.22,0.32,0.33,1.19,,2024-2025,True,NV,9,False,False
2025-03-22,Mississippi,0.09,0.11,0.94,1.33,,2024-2025,True,MS,4,True,False
2025-03-22,Minnesota,0.72,0.85,0.5,1.42,,2024-2025,True,MN,5,False,True
2025-03-22,Maryland,0.09,0.12,0.85,2.52,,2024-2025,True,MD,3,False,False
2025-03-22,Kentucky,0.29,0.28,0.93,2.61,,2024-2025,True,KY,4,False,False
2025-03-22,Illinois,0.26,0.3,0.81,2.34,,2024-2025,True,IL,5,False,False
2025-03-22,Hawaii,0.16,0.24,0.35,3.01,,2024-2025,True,HI,9,False,False
2025-03-22,District of Columbia,0.19,0.15,0.6,2.24,,2024-2025,True,DC,3,False,False
2025-03-22,Alaska,0.35,0.42,0.39,3.53,,2024-2025,True,AK,10,False,False
2025-03-22,Alabama,0.17,0.19,1.18,1.88,,2024-2025,True,AL,4,True,False
2025-03-22,Wyoming,0.95,0.92,0.32,1.18,,2024-2025,True,WY,8,False,False
2025-03-22,Wisconsin,0.49,0.65,0.59,1.49,,2024-2025,True,WI,5,False,False
2025-03-22,Utah,0.84,0.95,0.54,1.6,,2024-2025,True,UT,8,False,False
2025-03-22,Rhode Island,0.12,0.16,0.58,1.23,,2024-2025,True,RI,1,False,False
2025-03-22,Pennsylvania,0.21,0.27,0.53,1.72,,2024-2025,True,PA,3,False,False
2025-03-22,Ohio,0.15,0.19,0.59,1.7,,2024-2025,True,OH,5,False,False
2025-03-22,Massachusetts,0.2,0.23,0.56,1.79,,2024-2025,True,MA,1,False,False
2025-03-22,Maine,0.42,0.44,0.33,3.61,,2024-2025,True,ME,1,False,False
2025-03-22,Louisiana,0.11,0.15,1.07,1.98,,2024-2025,True,LA,6,True,False
2025-03-22,Idaho,0.76,0.98,0.68,2.0,,2024-2025,True,ID,10,False,False
2025-03-22,Delaware,0.25,0.26,0.71,2.03,,2024-2025,True,DE,3,False,False
2025-03-22,Colorado,0.5,0.63,0.43,1.28,,2024-2025,True,CO,8,False,False
2025-03-22,Oregon,0.55,0.66,0.42,1.75,,2024-2025,True,OR,10,False,False
2025-03-22,West Virginia,0.94,1.1,0.89,3.7,,2024-2025,True,WV,3,False,False
2025-03-22,South Dakota,1.37,1.47,0.53,0.72,,2024-2025,True,SD,8,False,False
2025-03-22,North Carolina,0.33,0.36,1.19,2.64,,2024-2025,True,NC,4,True,False
2025-03-22,New Mexico,0.81,1.09,0.45,1.76,,2024-2025,True,NM,6,False,False
2025-03-22,Kansas,0.48,0.53,0.56,1.35,,2024-2025,True,KS,7,False,False
2025-03-22,Indiana,0.32,0.37,0.76,1.98,,2024-2025,True,IN,5,False,False
2025-03-22,Florida,0.19,0.2,0.46,1.61,,2024-2025,True,FL,4,False,False
2025-03-22,Connecticut,0.1,0.1,0.71,2.83,,2024-2025,True,CT,1,False,False
2025-03-22,Arizona,0.24,0.34,0.48,1.65,,2024-2025,True,AZ,9,False,False
2025-03-29,Texas,0.12,0.17,0.72,1.03,,2024-2025,True,TX,6,False,False
2025-03-29,South Carolina,0.07,0.1,0.89,1.01,,2024-2025,True,SC,4,True,False
2025-03-29,Rhode Island,0.13,0.12,0.41,0.83,,2024-2025,True,RI,1,False,False
2025-03-29,Oregon,0.43,0.54,0.36,1.5,,2024-2025,True,OR,10,False,False
2025-03-29,North Dakota,0.6,0.71,0.19,0.9,,2024-2025,True,ND,8,False,False
2025-03-29,New Hampshire,0.12,0.3,0.38,2.24,,2024-2025,True,NH,1,False,False
2025-03-29,Nevada,0.18,0.24,0.42,0.95,,2024-2025,True,NV,9,False,False
2025-03-29,Montana,1.36,1.35,0.44,1.54,,2024-2025,True,MT,8,False,False
2025-03-29,Michigan,0.34,0.4,0.67,1.98,,2024-2025,True,MI,5,False,False
2025-03-29,Maryland,0.11,0.11,0.76,2.28,,2024-2025,True,MD,3,False,False
2025-03-29,Kansas,0.35,0.44,0.35,0.89,,2024-2025,True,KS,7,False,False
2025-03-29,Illinois,0.22,0.26,0.81,1.98,,2024-2025,True,IL,5,False,False
2025-03-29,Idaho,0.51,0.74,0.64,1.31,,2024-2025,True,ID,10,False,False
2025-03-29,Alabama,0.12,0.16,0.92,1.5,,2024-2025,True,AL,4,True,False
2025-03-29,Arizona,0.17,0.25,0.47,1.26,,2024-2025,True,AZ,9,False,False
2025-03-29,Georgia,0.06,0.08,0.84,1.02,,2024-2025,True,GA,4,True,False
2025-03-29,Hawaii,0.13,0.18,0.41,2.36,,2024-2025,True,HI,9,False,False
2025-03-29,Louisiana,0.1,0.13,0.91,1.7,,2024-2025,True,LA,6,True,False
2025-03-29,Massachusetts,0.16,0.19,0.56,1.47,,2024-2025,True,MA,1,False,False
2025-03-29,New Mexico,0.48,0.78,0.47,1.58,,2024-2025,True,NM,6,False,False
2025-03-29,North Carolina,0.26,0.33,1.07,1.98,,2024-2025,True,NC,4,True,False
2025-03-29,Ohio,0.12,0.15,0.59,1.06,,2024-2025,True,OH,5,False,False
2025-03-29,Oklahoma,0.27,0.4,0.87,0.53,,2024-2025,True,OK,6,False,False
2025-03-29,Vermont,0.41,0.4,0.35,1.7,,2024-2025,True,VT,1,False,False
2025-03-29,Nebraska,0.32,0.44,0.27,0.42,,2024-2025,True,NE,7,False,False
2025-03-29,Mississippi,0.07,0.1,0.7,1.07,,2024-2025,True,MS,4,True,False
2025-03-29,Minnesota,0.54,0.72,0.57,1.17,,2024-2025,True,MN,5,False,True
2025-03-29,Kentucky,0.29,0.28,0.81,1.85,,2024-2025,True,KY,4,False,False
2025-03-29,Iowa,0.5,0.71,0.53,0.91,,2024-2025,True,IA,7,False,False
2025-03-29,California,0.17,0.2,0.38,1.26,,2024-2025,True,CA,9,False,False
2025-03-29,Arkansas,0.25,0.29,0.73,1.33,,2024-2025,True,AR,6,True,False
2025-03-29,Alaska,0.15,0.3,0.57,3.13,,2024-2025,True,AK,10,False,False
2025-03-29,Utah,0.48,0.72,0.48,1.38,,2024-2025,True,UT,8,False,False
2025-03-29,Tennessee,0.11,0.16,0.8,1.2,,2024-2025,True,TN,4,True,False
2025-03-29,South Dakota,0.95,1.24,0.37,0.33,,2024-2025,True,SD,8,False,False
2025-03-29,Pennsylvania,0.18,0.22,0.44,1.34,,2024-2025,True,PA,3,False,False
2025-03-29,New York,0.11,0.12,0.87,1.51,,2024-2025,True,NY,2,False,True
2025-03-29,New Jersey,0.11,0.13,0.9,1.66,,2024-2025,True,NJ,2,False,False
2025-03-29,Maine,0.41,0.4,0.28,2.84,,2024-2025,True,ME,1,False,False
2025-03-29,Indiana,0.22,0.31,0.61,1.46,,2024-2025,True,IN,5,False,False
2025-03-29,Florida,0.14,0.17,0.47,1.36,,2024-2025,True,FL,4,False,False
2025-03-29,District of Columbia,0.08,0.13,0.66,1.42,,2024-2025,True,DC,3,False,False
2025-03-29,Delaware,0.15,0.22,0.62,1.33,,2024-2025,True,DE,3,False,False
2025-03-29,Connecticut,0.06,0.08,0.69,2.31,,2024-2025,True,CT,1,False,False
2025-03-29,Colorado,0.43,0.52,0.4,0.9,,2024-2025,True,CO,8,False,False
2025-03-29,Washington,0.37,0.45,0.49,1.58,,2024-2025,True,WA,10,False,False
2025-03-29,Virginia,0.13,0.13,0.9,2.54,,2024-2025,True,VA,3,False,False
2025-03-29,Wyoming,0.99,0.9,0.39,0.93,,2024-2025,True,WY,8,False,False
2025-03-29,Wisconsin,0.41,0.54,0.56,1.27,,2024-2025,True,WI,5,False,False
2025-03-29,West Virginia,0.89,1.0,0.61,2.34,,2024-2025,True,WV,3,False,False
2025-04-05,Texas,0.11,0.13,0.64,0.83,,2024-2025,False,TX,6,False,False
2025-04-05,Alabama,0.1,0.13,0.75,0.9,,2024-2025,False,AL,4,True,False
2025-04-05,Arizona,0.13,0.18,0.43,1.17,,2024-2025,False,AZ,9,False,False
2025-04-05,District of Columbia,0.01,0.09,0.42,1.31,,2024-2025,False,DC,3,False,False
2025-04-05,Georgia,0.07,0.06,0.71,0.8,,2024-2025,False,GA,4,True,False
2025-04-05,Illinois,0.2,0.23,0.64,1.45,,2024-2025,False,IL,5,False,False
2025-04-05,Kentucky,0.23,0.27,0.66,1.29,,2024-2025,False,KY,4,False,False
2025-04-05,Maryland,0.08,0.09,0.67,2.42,,2024-2025,False,MD,3,False,False
2025-04-05,Michigan,0.3,0.34,0.56,1.27,,2024-2025,False,MI,5,False,False
2025-04-05,New Hampshire,0.23,0.21,0.57,1.64,,2024-2025,False,NH,1,False,False
2025-04-05,New Jersey,0.09,0.11,0.81,1.36,,2024-2025,False,NJ,2,False,False
2025-04-05,North Carolina,0.2,0.27,0.97,1.5,,2024-2025,False,NC,4,True,False
2025-04-05,Oklahoma,0.23,0.31,0.72,0.34,,2024-2025,False,OK,6,False,False
2025-04-05,Utah,0.35,0.56,0.39,0.92,,2024-2025,False,UT,8,False,False
2025-04-05,Vermont,0.41,0.42,0.47,1.81,,2024-2025,False,VT,1,False,False
2025-04-05,West Virginia,0.69,0.85,0.63,1.51,,2024-2025,False,WV,3,False,False
2025-04-05,Arkansas,0.14,0.22,0.52,0.89,,2024-2025,False,AR,6,True,False
2025-04-05,Colorado,0.28,0.41,0.39,0.73,,2024-2025,False,CO,8,False,False
2025-04-05,Connecticut,0.07,0.08,0.7,2.13,,2024-2025,False,CT,1,False,False
2025-04-05,Idaho,0.43,0.57,0.63,0.78,,2024-2025,False,ID,10,False,False
2025-04-05,Louisiana,0.08,0.1,0.76,1.08,,2024-2025,False,LA,6,True,False
2025-04-05,Massachusetts,0.13,0.16,0.53,1.33,,2024-2025,False,MA,1,False,False
2025-04-05,Minnesota,0.37,0.54,0.58,0.87,,2024-2025,False,MN,5,False,True
2025-04-05,Montana,0.81,1.08,0.45,0.78,,2024-2025,False,MT,8,False,False
2025-04-05,North Dakota,0.53,0.63,0.29,0.4,,2024-2025,False,ND,8,False,False
2025-04-05,Ohio,0.15,0.14,0.44,0.67,,2024-2025,False,OH,5,False,False
2025-04-05,Tennessee,0.11,0.14,0.72,0.76,,2024-2025,False,TN,4,True,False
2025-04-05,Virginia,0.11,0.12,0.8,2.18,,2024-2025,False,VA,3,False,False
2025-04-05,Alaska,0.22,0.24,0.48,2.14,,2024-2025,False,AK,10,False,False
2025-04-05,Florida,0.12,0.15,0.42,1.01,,2024-2025,False,FL,4,False,False
2025-04-05,Hawaii,0.12,0.14,0.5,2.2,,2024-2025,False,HI,9,False,False
2025-04-05,Kansas,0.26,0.37,0.41,0.58,,2024-2025,False,KS,7,False,False
2025-04-05,Nebraska,0.3,0.38,0.33,0.35,,2024-2025,False,NE,7,False,False
2025-04-05,New Mexico,0.34,0.54,0.52,1.07,,2024-2025,False,NM,6,False,False
2025-04-05,Pennsylvania,0.15,0.18,0.46,1.17,,2024-2025,False,PA,3,False,False
2025-04-05,Washington,0.26,0.35,0.4,1.01,,2024-2025,False,WA,10,False,False
2025-04-05,Wyoming,0.67,0.87,0.46,0.55,,2024-2025,False,WY,8,False,False
2025-04-05,Wisconsin,0.35,0.42,0.44,0.97,,2024-2025,False,WI,5,False,False
2025-04-05,South Dakota,0.71,1.02,0.22,0.35,,2024-2025,False,SD,8,False,False
2025-04-05,South Carolina,0.12,0.09,0.86,0.71,,2024-2025,False,SC,4,True,False
2025-04-05,Rhode Island,0.12,0.12,0.23,0.98,,2024-2025,False,RI,1,False,False
2025-04-05,Oregon,0.3,0.43,0.35,0.96,,2024-2025,False,OR,10,False,False
2025-04-05,New York,0.09,0.11,0.81,1.32,,2024-2025,False,NY,2,False,True
2025-04-05,Nevada,0.14,0.18,0.32,0.8,,2024-2025,False,NV,9,False,False
2025-04-05,Mississippi,0.12,0.09,0.61,0.84,,2024-2025,False,MS,4,True,False
2025-04-05,Maine,0.24,0.36,0.29,2.4,,2024-2025,False,ME,1,False,False
2025-04-05,Iowa,0.37,0.55,0.47,0.56,,2024-2025,False,IA,7,False,False
2025-04-05,Indiana,0.21,0.25,0.57,0.98,,2024-2025,False,IN,5,False,False
2025-04-05,Delaware,0.14,0.18,0.44,1.19,,2024-2025,False,DE,3,False,False
2025-04-05,California,0.13,0.17,0.36,0.92,,2024-2025,False,CA,9,False,False
2025-04-12,Arkansas,0.13,0.17,0.4,0.47,,2024-2025,False,AR,6,True,False
2025-04-12,Rhode Island,0.04,0.09,0.32,0.69,,2024-2025,False,RI,1,False,False
2025-04-12,Wyoming,0.47,0.7,0.42,0.42,,2024-2025,False,WY,8,False,False
2025-04-12,Wisconsin,0.28,0.34,0.4,0.78,,2024-2025,False,WI,5,False,False
2025-04-12,Pennsylvania,0.13,0.15,0.37,0.8,,2024-2025,False,PA,3,False,False
2025-04-12,New Mexico,0.27,0.36,0.46,0.93,,2024-2025,False,NM,6,False,False
2025-04-12,New Jersey,0.08,0.09,0.76,0.98,,2024-2025,False,NJ,2,False,False
2025-04-12,New Hampshire,0.23,0.19,0.52,1.33,,2024-2025,False,NH,1,False,False
2025-04-12,Maine,0.2,0.28,0.26,1.81,,2024-2025,False,ME,1,False,False
2025-04-12,Maryland,0.06,0.08,0.52,1.84,,2024-2025,False,MD,3,False,False
2025-04-12,Minnesota,0.24,0.39,0.62,0.68,,2024-2025,False,MN,5,False,True
2025-04-12,Texas,0.1,0.11,0.63,0.75,,2024-2025,False,TX,6,False,False
2025-04-12,Vermont,0.23,0.35,0.53,1.3,,2024-2025,False,VT,1,False,False
2025-04-12,Washington,0.19,0.27,0.47,0.82,,2024-2025,False,WA,10,False,False
2025-04-12,Georgia,0.07,0.06,0.49,0.4,,2024-2025,False,GA,4,True,False
2025-04-12,Florida,0.11,0.12,0.4,0.81,,2024-2025,False,FL,4,False,False
2025-04-12,District of Columbia,0.09,0.06,0.36,0.89,,2024-2025,False,DC,3,False,False
2025-04-12,California,0.1,0.13,0.38,0.79,,2024-2025,False,CA,9,False,False
2025-04-12,Ohio,0.1,0.12,0.4,0.4,,2024-2025,False,OH,5,False,False
2025-04-12,Nevada,0.08,0.13,0.38,0.87,,2024-2025,False,NV,9,False,False
2025-04-12,Nebraska,0.19,0.27,0.3,0.24,,2024-2025,False,NE,7,False,False
2025-04-12,Michigan,0.2,0.28,0.43,0.86,,2024-2025,False,MI,5,False,False
2025-04-12,Illinois,0.15,0.19,0.54,0.95,,2024-2025,False,IL,5,False,False
2025-04-12,Delaware,0.07,0.12,0.4,0.75,,2024-2025,False,DE,3,False,False
2025-04-12,Colorado,0.26,0.33,0.36,0.52,,2024-2025,False,CO,8,False,False
2025-04-12,Arizona,0.13,0.14,0.44,1.14,,2024-2025,False,AZ,9,False,False
2025-04-12,West Virginia,0.69,0.76,0.43,0.84,,2024-2025,False,WV,3,False,False
2025-04-12,Utah,0.19,0.34,0.46,0.88,,2024-2025,False,UT,8,False,False
2025-04-12,South Dakota,0.57,0.74,0.27,0.34,,2024-2025,False,SD,8,False,False
2025-04-12,South Carolina,0.09,0.09,0.6,0.44,,2024-2025,False,SC,4,True,False
2025-04-12,Alaska,0.16,0.17,0.67,1.88,,2024-2025,False,AK,10,False,False
2025-04-12,Kentucky,0.21,0.24,0.42,0.56,,2024-2025,False,KY,4,False,False
2025-04-12,Massachusetts,0.09,0.13,0.47,1.22,,2024-2025,False,MA,1,False,False
2025-04-12,New York,0.09,0.1,0.79,1.07,,2024-2025,False,NY,2,False,True
2025-04-12,Oregon,0.24,0.33,0.31,0.7,,2024-2025,False,OR,10,False,False
2025-04-12,Montana,0.38,0.86,0.41,0.83,,2024-2025,False,MT,8,False,False
2025-04-12,Louisiana,0.09,0.09,0.67,0.84,,2024-2025,False,LA,6,True,False
2025-04-12,Kansas,0.24,0.28,0.31,0.47,,2024-2025,False,KS,7,False,False
2025-04-12,Idaho,0.26,0.4,0.64,0.66,,2024-2025,False,ID,10,False,False
2025-04-12,Connecticut,0.05,0.06,0.59,1.64,,2024-2025,False,CT,1,False,False
2025-04-12,Alabama,0.11,0.11,0.61,0.63,,2024-2025,False,AL,4,True,False
2025-04-12,Indiana,0.17,0.2,0.36,0.61,,2024-2025,False,IN,5,False,False
2025-04-12,Iowa,0.37,0.42,0.42,0.42,,2024-2025,False,IA,7,False,False
2025-04-12,Virginia,0.1,0.11,0.52,1.29,,2024-2025,False,VA,3,False,False
2025-04-12,Oklahoma,0.11,0.2,0.51,0.26,,2024-2025,False,OK,6,False,False
2025-04-12,North Dakota,0.38,0.5,0.17,0.55,,2024-2025,False,ND,8,False,False
2025-04-12,North Carolina,0.18,0.21,0.67,1.05,,2024-2025,False,NC,4,True,False
2025-04-12,Tennessee,0.1,0.11,0.48,0.56,,2024-2025,False,TN,4,True,False
2025-04-12,Mississippi,0.07,0.09,0.62,0.69,,2024-2025,False,MS,4,True,False
2025-04-12,Hawaii,0.15,0.13,0.42,2.38,,2024-2025,False,HI,9,False,False
2025-04-19,Washington,0.14,0.2,0.47,0.62,,2024-2025,False,WA,10,False,False
2025-04-19,New Jersey,0.05,0.08,0.72,0.82,,2024-2025,False,NJ,2,False,False
2025-04-19,New Mexico,0.19,0.27,0.5,0.74,,2024-2025,False,NM,6,False,False
2025-04-19,North Carolina,0.14,0.17,0.67,0.89,,2024-2025,False,NC,4,True,False
2025-04-19,North Dakota,0.12,0.34,0.21,0.37,,2024-2025,False,ND,8,False,False
2025-04-19,New Hampshire,0.19,0.21,0.47,1.26,,2024-2025,False,NH,1,False,False
2025-04-19,Oregon,0.11,0.22,0.41,0.52,,2024-2025,False,OR,10,False,False
2025-04-19,Tennessee,0.1,0.1,0.46,0.5,,2024-2025,False,TN,4,True,False
2025-04-19,Virginia,0.1,0.1,0.49,1.02,,2024-2025,False,VA,3,False,False
2025-04-19,Wisconsin,0.2,0.27,0.38,0.64,,2024-2025,False,WI,5,False,False
2025-04-19,Wyoming,0.37,0.5,0.25,0.31,,2024-2025,False,WY,8,False,False
2025-04-19,Montana,0.34,0.51,0.35,0.7,,2024-2025,False,MT,8,False,False
2025-04-19,Maryland,0.07,0.07,0.52,1.6,,2024-2025,False,MD,3,False,False
2025-04-19,Kansas,0.1,0.2,0.28,0.42,,2024-2025,False,KS,7,False,False
2025-04-19,Utah,0.14,0.23,0.32,0.56,,2024-2025,False,UT,8,False,False
2025-04-19,Texas,0.07,0.09,0.61,0.69,,2024-2025,False,TX,6,False,False
2025-04-19,Georgia,0.04,0.06,0.44,0.29,,2024-2025,False,GA,4,True,False
2025-04-19,Arizona,0.06,0.11,0.47,0.99,,2024-2025,False,AZ,9,False,False
2025-04-19,Alabama,0.1,0.1,0.59,0.64,,2024-2025,False,AL,4,True,False
2025-04-19,Colorado,0.2,0.25,0.31,0.46,,2024-2025,False,CO,8,False,False
2025-04-19,Florida,0.09,0.11,0.43,0.77,,2024-2025,False,FL,4,False,False
2025-04-19,Hawaii,0.12,0.13,0.55,1.85,,2024-2025,False,HI,9,False,False
2025-04-19,Iowa,0.25,0.33,0.43,0.31,,2024-2025,False,IA,7,False,False
2025-04-19,Kentucky,0.2,0.21,0.41,0.35,,2024-2025,False,KY,4,False,False
2025-04-19,Minnesota,0.19,0.27,0.55,0.59,,2024-2025,False,MN,5,False,True
2025-04-19,Mississippi,0.07,0.09,0.58,0.55,,2024-2025,False,MS,4,True,False
2025-04-19,Nebraska,0.13,0.21,0.3,0.26,,2024-2025,False,NE,7,False,False
2025-04-19,Ohio,0.07,0.11,0.38,0.37,,2024-2025,False,OH,5,False,False
2025-04-19,Oklahoma,0.1,0.14,0.59,0.27,,2024-2025,False,OK,6,False,False
2025-04-19,Rhode Island,0.05,0.07,0.48,0.65,,2024-2025,False,RI,1,False,False
2025-04-19,South Carolina,0.08,0.1,0.59,0.33,,2024-2025,False,SC,4,True,False
2025-04-19,Alaska,0.19,0.19,0.6,1.84,,2024-2025,False,AK,10,False,False
2025-04-19,West Virginia,0.58,0.65,0.41,0.55,,2024-2025,False,WV,3,False,False
2025-04-19,Michigan,0.21,0.24,0.41,0.8,,2024-2025,False,MI,5,False,False
2025-04-19,South Dakota,0.39,0.55,0.32,0.34,,2024-2025,False,SD,8,False,False
2025-04-19,Pennsylvania,0.08,0.12,0.34,0.75,,2024-2025,False,PA,3,False,False
2025-04-19,New York,0.05,0.08,0.71,0.86,,2024-2025,False,NY,2,False,True
2025-04-19,Nevada,0.08,0.1,0.35,0.67,,2024-2025,False,NV,9,False,False
2025-04-19,Massachusetts,0.11,0.11,0.48,0.98,,2024-2025,False,MA,1,False,False
2025-04-19,Maine,0.17,0.2,0.29,1.28,,2024-2025,False,ME,1,False,False
2025-04-19,Louisiana,0.06,0.08,0.67,0.67,,2024-2025,False,LA,6,True,False
2025-04-19,Indiana,0.08,0.15,0.41,0.55,,2024-2025,False,IN,5,False,False
2025-04-19,Idaho,0.16,0.28,0.5,0.46,,2024-2025,False,ID,10,False,False
2025-04-19,District of Columbia,0.01,0.04,0.29,0.83,,2024-2025,False,DC,3,False,False
2025-04-19,Delaware,0.17,0.13,0.25,0.75,,2024-2025,False,DE,3,False,False
2025-04-19,California,0.06,0.09,0.35,0.59,,2024-2025,False,CA,9,False,False
2025-04-19,Arkansas,0.06,0.11,0.37,0.53,,2024-2025,False,AR,6,True,False
2025-04-19,Vermont,0.15,0.26,0.55,1.2,,2024-2025,False,VT,1,False,False
2025-04-19,Connecticut,0.05,0.06,0.68,1.08,,2024-2025,False,CT,1,False,False
2025-04-19,Illinois,0.13,0.16,0.45,1.0,,2024-2025,False,IL,5,False,False
2025-04-26,Indiana,0.05,0.1,0.41,0.38,,2024-2025,False,IN,5,False,False
2025-04-26,Utah,0.09,0.14,0.45,0.46,,2024-2025,False,UT,8,False,False
2025-04-26,Vermont,0.23,0.2,0.37,0.82,,2024-2025,False,VT,1,False,False
2025-04-26,Nebraska,0.11,0.15,0.26,0.18,,2024-2025,False,NE,7,False,False
2025-04-26,Mississippi,0.03,0.06,0.57,0.46,,2024-2025,False,MS,4,True,False
2025-04-26,Michigan,0.15,0.18,0.41,0.77,,2024-2025,False,MI,5,False,False
2025-04-26,Kansas,0.12,0.15,0.22,0.43,,2024-2025,False,KS,7,False,False
2025-04-26,Idaho,0.12,0.18,0.6,0.36,,2024-2025,False,ID,10,False,False
2025-04-26,Hawaii,0.14,0.14,0.73,1.72,,2024-2025,False,HI,9,False,False
2025-04-26,District of Columbia,0.04,0.05,0.22,0.75,,2024-2025,False,DC,3,False,False
2025-04-26,Connecticut,0.03,0.04,0.56,0.75,,2024-2025,False,CT,1,False,False
2025-04-26,Alaska,0.08,0.14,0.41,1.73,,2024-2025,False,AK,10,False,False
2025-04-26,Delaware,0.11,0.12,0.31,0.49,,2024-2025,False,DE,3,False,False
2025-04-26,California,0.06,0.07,0.4,0.52,,2024-2025,False,CA,9,False,False
2025-04-26,Arizona,0.05,0.08,0.5,0.88,,2024-2025,False,AZ,9,False,False
2025-04-26,Alabama,0.11,0.11,0.61,0.44,,2024-2025,False,AL,4,True,False
2025-04-26,South Carolina,0.08,0.08,0.52,0.28,,2024-2025,False,SC,4,True,False
2025-04-26,Oregon,0.11,0.16,0.42,0.49,,2024-2025,False,OR,10,False,False
2025-04-26,Oklahoma,0.09,0.1,0.43,0.23,,2024-2025,False,OK,6,False,False
2025-04-26,Ohio,0.06,0.08,0.29,0.24,,2024-2025,False,OH,5,False,False
2025-04-26,North Carolina,0.11,0.15,0.56,0.73,,2024-2025,False,NC,4,True,False
2025-04-26,New Mexico,0.14,0.2,0.43,0.61,,2024-2025,False,NM,6,False,False
2025-04-26,Louisiana,0.05,0.07,0.54,0.53,,2024-2025,False,LA,6,True,False
2025-04-26,Kentucky,0.12,0.18,0.33,0.24,,2024-2025,False,KY,4,False,False
2025-04-26,Illinois,0.09,0.12,0.42,0.76,,2024-2025,False,IL,5,False,False
2025-04-26,Georgia,0.04,0.05,0.37,0.29,,2024-2025,False,GA,4,True,False
2025-04-26,Florida,0.1,0.1,0.46,0.7,,2024-2025,False,FL,4,False,False
2025-04-26,Colorado,0.1,0.19,0.33,0.49,,2024-2025,False,CO,8,False,False
2025-04-26,Arkansas,0.06,0.08,0.37,0.54,,2024-2025,False,AR,6,True,False
2025-04-26,West Virginia,0.43,0.56,0.4,0.31,,2024-2025,False,WV,3,False,False
2025-04-26,Virginia,0.08,0.09,0.42,0.75,,2024-2025,False,VA,3,False,False
2025-04-26,Nevada,0.07,0.08,0.38,0.69,,2024-2025,False,NV,9,False,False
2025-04-26,New Hampshire,0.1,0.17,0.31,1.08,,2024-2025,False,NH,1,False,False
2025-04-26,New York,0.04,0.06,0.65,0.59,,2024-2025,False,NY,2,False,True
2025-04-26,Pennsylvania,0.06,0.09,0.32,0.59,,2024-2025,False,PA,3,False,False
2025-04-26,Iowa,0.19,0.27,0.48,0.21,,2024-2025,False,IA,7,False,False
2025-04-26,Maine,0.16,0.18,0.18,1.12,,2024-2025,False,ME,1,False,False
2025-04-26,Maryland,0.06,0.06,0.48,1.04,,2024-2025,False,MD,3,False,False
2025-04-26,Massachusetts,0.09,0.1,0.5,0.74,,2024-2025,False,MA,1,False,False
2025-04-26,Minnesota,0.16,0.2,0.5,0.53,,2024-2025,False,MN,5,False,True
2025-04-26,Montana,0.41,0.38,0.37,0.5,,2024-2025,False,MT,8,False,False
2025-04-26,New Jersey,0.05,0.06,0.58,0.58,,2024-2025,False,NJ,2,False,False
2025-04-26,South Dakota,0.46,0.47,0.23,0.18,,2024-2025,False,SD,8,False,False
2025-04-26,Washington,0.1,0.14,0.45,0.62,,2024-2025,False,WA,10,False,False
2025-04-26,Wisconsin,0.14,0.21,0.44,0.62,,2024-2025,False,WI,5,False,False
2025-04-26,Wyoming,0.18,0.35,0.31,0.28,,2024-2025,False,WY,8,False,False
2025-04-26,North Dakota,0.13,0.21,0.2,0.2,,2024-2025,False,ND,8,False,False
2025-04-26,Rhode Island,0.03,0.04,0.4,0.37,,2024-2025,False,RI,1,False,False
2025-04-26,Tennessee,0.07,0.09,0.45,0.49,,2024-2025,False,TN,4,True,False
2025-04-26,Texas,0.06,0.08,0.53,0.57,,2024-2025,False,TX,6,False,False
2025-05-03,Virginia,0.06,0.08,0.33,0.52,,2024-2025,False,VA,3,False,False
2025-05-03,Vermont,0.05,0.15,0.39,0.35,,2024-2025,False,VT,1,False,False
2025-05-03,Oregon,0.08,0.1,0.47,0.5,,2024-2025,False,OR,10,False,False
2025-05-03,New Mexico,0.1,0.14,0.26,0.5,,2024-2025,False,NM,6,False,False
2025-05-03,New Jersey,0.03,0.04,0.52,0.41,,2024-2025,False,NJ,2,False,False
2025-05-03,Minnesota,0.1,0.15,0.49,0.5,,2024-2025,False,MN,5,False,True
2025-05-03,Massachusetts,0.05,0.08,0.42,0.47,,2024-2025,False,MA,1,False,False
2025-05-03,Louisiana,0.05,0.06,0.42,0.45,,2024-2025,False,LA,6,True,False
2025-05-03,Georgia,0.05,0.04,0.33,0.21,,2024-2025,False,GA,4,True,False
2025-05-03,Florida,0.08,0.09,0.44,0.57,,2024-2025,False,FL,4,False,False
2025-05-03,Colorado,0.11,0.14,0.34,0.44,,2024-2025,False,CO,8,False,False
2025-05-03,Arkansas,0.09,0.07,0.3,0.23,,2024-2025,False,AR,6,True,False
2025-05-03,Alabama,0.09,0.1,0.48,0.43,,2024-2025,False,AL,4,True,False
2025-05-03,Alaska,0.1,0.12,0.52,1.08,,2024-2025,False,AK,10,False,False
2025-05-03,California,0.05,0.05,0.38,0.42,,2024-2025,False,CA,9,False,False
2025-05-03,Illinois,0.07,0.09,0.34,0.45,,2024-2025,False,IL,5,False,False
2025-05-03,Kentucky,0.14,0.15,0.34,0.15,,2024-2025,False,KY,4,False,False
2025-05-03,Nevada,0.06,0.07,0.36,0.68,,2024-2025,False,NV,9,False,False
2025-05-03,Pennsylvania,0.05,0.06,0.24,0.4,,2024-2025,False,PA,3,False,False
2025-05-03,Rhode Island,0.03,0.04,0.38,0.35,,2024-2025,False,RI,1,False,False
2025-05-03,West Virginia,0.32,0.44,0.15,0.18,,2024-2025,False,WV,3,False,False
2025-05-03,Arizona,0.05,0.05,0.47,0.86,,2024-2025,False,AZ,9,False,False
2025-05-03,District of Columbia,0.03,0.03,0.33,0.58,,2024-2025,False,DC,3,False,False
2025-05-03,Hawaii,0.12,0.13,0.83,1.78,,2024-2025,False,HI,9,False,False
2025-05-03,Indiana,0.09,0.07,0.32,0.27,,2024-2025,False,IN,5,False,False
2025-05-03,Iowa,0.14,0.19,0.37,0.15,,2024-2025,False,IA,7,False,False
2025-05-03,Maine,0.09,0.14,0.19,0.53,,2024-2025,False,ME,1,False,False
2025-05-03,Michigan,0.09,0.15,0.32,0.55,,2024-2025,False,MI,5,False,False
2025-05-03,Mississippi,0.03,0.04,0.5,0.41,,2024-2025,False,MS,4,True,False
2025-05-03,Nebraska,0.08,0.11,0.22,0.11,,2024-2025,False,NE,7,False,False
2025-05-03,New Hampshire,0.08,0.13,0.26,0.63,,2024-2025,False,NH,1,False,False
2025-05-03,New York,0.03,0.04,0.48,0.34,,2024-2025,False,NY,2,False,True
2025-05-03,North Carolina,0.1,0.12,0.39,0.63,,2024-2025,False,NC,4,True,False
2025-05-03,North Dakota,0.1,0.12,0.07,0.13,,2024-2025,False,ND,8,False,False
2025-05-03,South Dakota,0.18,0.34,0.21,0.16,,2024-2025,False,SD,8,False,False
2025-05-03,Tennessee,0.06,0.07,0.32,0.34,,2024-2025,False,TN,4,True,False
2025-05-03,Texas,0.05,0.06,0.46,0.48,,2024-2025,False,TX,6,False,False
2025-05-03,Utah,0.11,0.11,0.43,0.38,,2024-2025,False,UT,8,False,False
2025-05-03,Washington,0.11,0.12,0.51,0.45,,2024-2025,False,WA,10,False,False
2025-05-03,Wyoming,0.2,0.25,0.2,0.11,,2024-2025,False,WY,8,False,False
2025-05-03,Connecticut,0.05,0.04,0.46,0.53,,2024-2025,False,CT,1,False,False
2025-05-03,Delaware,0.05,0.11,0.23,0.38,,2024-2025,False,DE,3,False,False
2025-05-03,Idaho,0.09,0.12,0.58,0.36,,2024-2025,False,ID,10,False,False
2025-05-03,Kansas,0.07,0.1,0.24,0.24,,2024-2025,False,KS,7,False,False
2025-05-03,Maryland,0.03,0.05,0.36,0.6,,2024-2025,False,MD,3,False,False
2025-05-03,Montana,0.23,0.33,0.27,0.17,,2024-2025,False,MT,8,False,False
2025-05-03,Ohio,0.04,0.06,0.24,0.17,,2024-2025,False,OH,5,False,False
2025-05-03,Oklahoma,0.07,0.09,0.36,0.19,,2024-2025,False,OK,6,False,False
2025-05-03,South Carolina,0.05,0.07,0.36,0.24,,2024-2025,False,SC,4,True,False
2025-05-03,Wisconsin,0.11,0.15,0.36,0.41,,2024-2025,False,WI,5,False,False
2025-05-10,California,0.03,0.04,0.43,0.4,,2024-2025,False,CA,9,False,False
2025-05-10,Kansas,0.05,0.08,0.19,0.2,,2024-2025,False,KS,7,False,False
2025-05-10,Maine,0.08,0.11,0.21,0.31,,2024-2025,False,ME,1,False,False
2025-05-10,Minnesota,0.08,0.11,0.5,0.29,,2024-2025,False,MN,5,False,True
2025-05-10,Nevada,0.03,0.06,0.5,0.52,,2024-2025,False,NV,9,False,False
2025-05-10,North Dakota,0.05,0.09,0.2,0.14,,2024-2025,False,ND,8,False,False
2025-05-10,Pennsylvania,0.03,0.05,0.17,0.29,,2024-2025,False,PA,3,False,False
2025-05-10,Connecticut,0.02,0.03,0.39,0.34,,2024-2025,False,CT,1,False,False
2025-05-10,Wisconsin,0.07,0.11,0.28,0.29,,2024-2025,False,WI,5,False,False
2025-05-10,Virginia,0.06,0.07,0.3,0.45,,2024-2025,False,VA,3,False,False
2025-05-10,Tennessee,0.04,0.06,0.24,0.35,,2024-2025,False,TN,4,True,False
2025-05-10,North Carolina,0.05,0.09,0.37,0.6,,2024-2025,False,NC,4,True,False
2025-05-10,New York,0.02,0.03,0.38,0.24,,2024-2025,False,NY,2,False,True
2025-05-10,New Mexico,0.04,0.09,0.39,0.35,,2024-2025,False,NM,6,False,False
2025-05-10,Nebraska,0.03,0.08,0.18,0.07,,2024-2025,False,NE,7,False,False
2025-05-10,Michigan,0.06,0.1,0.23,0.39,,2024-2025,False,MI,5,False,False
2025-05-10,Maryland,0.04,0.04,0.27,0.43,,2024-2025,False,MD,3,False,False
2025-05-10,District of Columbia,0.01,0.03,0.25,0.36,,2024-2025,False,DC,3,False,False
2025-05-10,Rhode Island,0.02,0.03,0.26,0.3,,2024-2025,False,RI,1,False,False
2025-05-10,South Carolina,0.07,0.07,0.33,0.22,,2024-2025,False,SC,4,True,False
2025-05-10,South Dakota,0.07,0.23,0.14,0.05,,2024-2025,False,SD,8,False,False
2025-05-10,West Virginia,0.2,0.32,0.19,0.16,,2024-2025,False,WV,3,False,False
2025-05-10,Vermont,0.03,0.11,0.4,0.24,,2024-2025,False,VT,1,False,False
2025-05-10,Oregon,0.05,0.08,0.42,0.39,,2024-2025,False,OR,10,False,False
2025-05-10,Ohio,0.03,0.04,0.2,0.11,,2024-2025,False,OH,5,False,False
2025-05-10,New Hampshire,0.15,0.11,0.21,0.53,,2024-2025,False,NH,1,False,False
2025-05-10,Montana,0.15,0.26,0.18,0.17,,2024-2025,False,MT,8,False,False
2025-05-10,Mississippi,0.03,0.03,0.48,0.32,,2024-2025,False,MS,4,True,False
2025-05-10,Louisiana,0.05,0.05,0.43,0.35,,2024-2025,False,LA,6,True,False
2025-05-10,Kentucky,0.13,0.13,0.31,0.13,,2024-2025,False,KY,4,False,False
2025-05-10,Idaho,0.07,0.1,0.58,0.23,,2024-2025,False,ID,10,False,False
2025-05-10,Georgia,0.02,0.04,0.27,0.18,,2024-2025,False,GA,4,True,False
2025-05-10,Florida,0.06,0.08,0.42,0.55,,2024-2025,False,FL,4,False,False
2025-05-10,Colorado,0.07,0.09,0.29,0.49,,2024-2025,False,CO,8,False,False
2025-05-10,Wyoming,0.06,0.15,0.24,0.36,,2024-2025,False,WY,8,False,False
2025-05-10,Washington,0.07,0.09,0.47,0.43,,2024-2025,False,WA,10,False,False
2025-05-10,Delaware,0.03,0.06,0.19,0.3,,2024-2025,False,DE,3,False,False
2025-05-10,Arizona,0.03,0.04,0.46,0.75,,2024-2025,False,AZ,9,False,False
2025-05-10,Utah,0.05,0.08,0.35,0.32,,2024-2025,False,UT,8,False,False
2025-05-10,Texas,0.04,0.05,0.46,0.46,,2024-2025,False,TX,6,False,False
2025-05-10,Oklahoma,0.04,0.07,0.25,0.12,,2024-2025,False,OK,6,False,False
2025-05-10,New Jersey,0.03,0.04,0.4,0.27,,2024-2025,False,NJ,2,False,False
2025-05-10,Massachusetts,0.03,0.06,0.33,0.3,,2024-2025,False,MA,1,False,False
2025-05-10,Iowa,0.11,0.15,0.26,0.12,,2024-2025,False,IA,7,False,False
2025-05-10,Indiana,0.05,0.06,0.22,0.22,,2024-2025,False,IN,5,False,False
2025-05-10,Illinois,0.04,0.07,0.32,0.33,,2024-2025,False,IL,5,False,False
2025-05-10,Hawaii,0.16,0.14,0.96,1.94,,2024-2025,False,HI,9,False,False
2025-05-10,Alaska,0.07,0.08,0.42,0.39,,2024-2025,False,AK,10,False,False
2025-05-10,Alabama,0.08,0.09,0.4,0.39,,2024-2025,False,AL,4,True,False
2025-05-10,Arkansas,0.06,0.07,0.26,0.3,,2024-2025,False,AR,6,True,False
2025-05-17,New York,0.02,0.02,0.37,0.19,,2024-2025,False,NY,2,False,True
2025-05-17,Colorado,0.06,0.08,0.32,0.39,,2024-2025,False,CO,8,False,False
2025-05-17,District of Columbia,0.01,0.02,0.12,0.29,,2024-2025,False,DC,3,False,False
2025-05-17,Florida,0.08,0.07,0.46,0.55,,2024-2025,False,FL,4,False,False
2025-05-17,Illinois,0.03,0.05,0.26,0.26,,2024-2025,False,IL,5,False,False
2025-05-17,Kansas,0.04,0.05,0.15,0.21,,2024-2025,False,KS,7,False,False
2025-05-17,Ohio,0.02,0.03,0.18,0.1,,2024-2025,False,OH,5,False,False
2025-05-17,Utah,0.06,0.07,0.36,0.25,,2024-2025,False,UT,8,False,False
2025-05-17,Alabama,0.1,0.09,0.41,0.4,,2024-2025,False,AL,4,True,False
2025-05-17,Arkansas,0.05,0.07,0.21,0.15,,2024-2025,False,AR,6,True,False
2025-05-17,Connecticut,0.01,0.03,0.42,0.3,,2024-2025,False,CT,1,False,False
2025-05-17,Hawaii,0.09,0.12,1.04,1.77,,2024-2025,False,HI,9,False,False
2025-05-17,Iowa,0.04,0.1,0.27,0.11,,2024-2025,False,IA,7,False,False
2025-05-17,Kentucky,0.1,0.12,0.31,0.14,,2024-2025,False,KY,4,False,False
2025-05-17,Maine,0.08,0.08,0.18,0.19,,2024-2025,False,ME,1,False,False
2025-05-17,Maryland,0.03,0.03,0.35,0.27,,2024-2025,False,MD,3,False,False
2025-05-17,Mississippi,0.07,0.04,0.43,0.39,,2024-2025,False,MS,4,True,False
2025-05-17,Nevada,0.03,0.04,0.37,0.4,,2024-2025,False,NV,9,False,False
2025-05-17,North Carolina,0.06,0.07,0.33,0.57,,2024-2025,False,NC,4,True,False
2025-05-17,Rhode Island,0.02,0.02,0.33,0.22,,2024-2025,False,RI,1,False,False
2025-05-17,Vermont,0.05,0.05,0.28,0.1,,2024-2025,False,VT,1,False,False
2025-05-17,West Virginia,0.13,0.22,0.16,0.14,,2024-2025,False,WV,3,False,False
2025-05-17,Wisconsin,0.05,0.08,0.23,0.2,,2024-2025,False,WI,5,False,False
2025-05-17,Alaska,0.01,0.06,0.54,0.5,,2024-2025,False,AK,10,False,False
2025-05-17,California,0.03,0.03,0.45,0.34,,2024-2025,False,CA,9,False,False
2025-05-17,Delaware,0.06,0.05,0.23,0.26,,2024-2025,False,DE,3,False,False
2025-05-17,Georgia,0.02,0.03,0.22,0.16,,2024-2025,False,GA,4,True,False
2025-05-17,Idaho,0.05,0.07,0.55,0.23,,2024-2025,False,ID,10,False,False
2025-05-17,Louisiana,0.05,0.05,0.54,0.41,,2024-2025,False,LA,6,True,False
2025-05-17,Massachusetts,0.03,0.04,0.33,0.22,,2024-2025,False,MA,1,False,False
2025-05-17,Minnesota,0.03,0.07,0.34,0.23,,2024-2025,False,MN,5,False,True
2025-05-17,Montana,0.05,0.14,0.37,0.02,,2024-2025,False,MT,8,False,False
2025-05-17,Nebraska,0.02,0.04,0.14,0.04,,2024-2025,False,NE,7,False,False
2025-05-17,New Hampshire,0.04,0.09,0.26,0.27,,2024-2025,False,NH,1,False,False
2025-05-17,Wyoming,0.08,0.11,0.44,0.08,,2024-2025,False,WY,8,False,False
2025-05-17,Virginia,0.06,0.06,0.32,0.35,,2024-2025,False,VA,3,False,False
2025-05-17,Texas,0.04,0.05,0.46,0.46,,2024-2025,False,TX,6,False,False
2025-05-17,Tennessee,0.04,0.05,0.23,0.3,,2024-2025,False,TN,4,True,False
2025-05-17,New Mexico,0.03,0.06,0.33,0.4,,2024-2025,False,NM,6,False,False
2025-05-17,New Jersey,0.03,0.03,0.35,0.2,,2024-2025,False,NJ,2,False,False
2025-05-17,Michigan,0.06,0.07,0.23,0.31,,2024-2025,False,MI,5,False,False
2025-05-17,Indiana,0.03,0.06,0.23,0.2,,2024-2025,False,IN,5,False,False
2025-05-17,Arizona,0.02,0.03,0.5,0.65,,2024-2025,False,AZ,9,False,False
2025-05-17,North Dakota,0.05,0.07,0.21,0.03,,2024-2025,False,ND,8,False,False
2025-05-17,Oklahoma,0.02,0.04,0.19,0.11,,2024-2025,False,OK,6,False,False
2025-05-17,Oregon,0.03,0.05,0.46,0.38,,2024-2025,False,OR,10,False,False
2025-05-17,Pennsylvania,0.02,0.03,0.17,0.2,,2024-2025,False,PA,3,False,False
2025-05-17,South Carolina,0.04,0.05,0.31,0.23,,2024-2025,False,SC,4,True,False
2025-05-17,South Dakota,0.1,0.11,0.17,0.14,,2024-2025,False,SD,8,False,False
2025-05-17,Washington,0.04,0.07,0.52,0.49,,2024-2025,False,WA,10,False,False
2025-05-24,Oregon,0.05,0.05,0.38,0.41,,2024-2025,False,OR,10,False,False
2025-05-24,Vermont,0.04,0.04,0.42,0.05,,2024-2025,False,VT,1,False,False
2025-05-24,Alaska,0.04,0.04,0.59,0.82,,2024-2025,False,AK,10,False,False
2025-05-24,Arkansas,0.08,0.06,0.19,0.1,,2024-2025,False,AR,6,True,False
2025-05-24,Delaware,0.04,0.04,0.21,0.2,,2024-2025,False,DE,3,False,False
2025-05-24,Florida,0.06,0.07,0.49,0.52,,2024-2025,False,FL,4,False,False
2025-05-24,Indiana,0.02,0.03,0.16,0.11,,2024-2025,False,IN,5,False,False
2025-05-24,Iowa,0.04,0.07,0.3,0.12,,2024-2025,False,IA,7,False,False
2025-05-24,Kentucky,0.09,0.11,0.22,0.09,,2024-2025,False,KY,4,False,False
2025-05-24,Massachusetts,0.04,0.03,0.33,0.16,,2024-2025,False,MA,1,False,False
2025-05-24,Mississippi,0.04,0.04,0.36,0.3,,2024-2025,False,MS,4,True,False
2025-05-24,North Carolina,0.05,0.06,0.3,0.59,,2024-2025,False,NC,4,True,False
2025-05-24,Oklahoma,0.01,0.03,0.19,0.08,,2024-2025,False,OK,6,False,False
2025-05-24,South Dakota,0.11,0.09,0.09,0.0,,2024-2025,False,SD,8,False,False
2025-05-24,Wyoming,0.03,0.06,0.11,0.17,,2024-2025,False,WY,8,False,False
2025-05-24,Wisconsin,0.02,0.05,0.19,0.12,,2024-2025,False,WI,5,False,False
2025-05-24,Virginia,0.02,0.04,0.27,0.28,,2024-2025,False,VA,3,False,False
2025-05-24,South Carolina,0.03,0.05,0.36,0.17,,2024-2025,False,SC,4,True,False
2025-05-24,New Jersey,0.02,0.02,0.36,0.18,,2024-2025,False,NJ,2,False,False
2025-05-24,Nebraska,0.03,0.03,0.1,0.05,,2024-2025,False,NE,7,False,False
2025-05-24,Montana,0.07,0.09,0.24,0.11,,2024-2025,False,MT,8,False,False
2025-05-24,Minnesota,0.03,0.05,0.28,0.15,,2024-2025,False,MN,5,False,True
2025-05-24,Maryland,0.04,0.03,0.26,0.23,,2024-2025,False,MD,3,False,False
2025-05-24,Louisiana,0.03,0.04,0.65,0.32,,2024-2025,False,LA,6,True,False
2025-05-24,Illinois,0.02,0.03,0.25,0.19,,2024-2025,False,IL,5,False,False
2025-05-24,Georgia,0.02,0.02,0.25,0.15,,2024-2025,False,GA,4,True,False
2025-05-24,Arizona,0.02,0.03,0.49,0.55,,2024-2025,False,AZ,9,False,False
2025-05-24,Colorado,0.05,0.06,0.28,0.36,,2024-2025,False,CO,8,False,False
2025-05-24,Texas,0.03,0.04,0.45,0.42,,2024-2025,False,TX,6,False,False
2025-05-24,Tennessee,0.04,0.04,0.21,0.29,,2024-2025,False,TN,4,True,False
2025-05-24,North Dakota,0.02,0.04,0.1,0.06,,2024-2025,False,ND,8,False,False
2025-05-24,West Virginia,0.1,0.14,0.22,0.09,,2024-2025,False,WV,3,False,False
2025-05-24,Pennsylvania,0.02,0.02,0.16,0.14,,2024-2025,False,PA,3,False,False
2025-05-24,Ohio,0.01,0.02,0.15,0.07,,2024-2025,False,OH,5,False,False
2025-05-24,Nevada,0.03,0.03,0.37,0.38,,2024-2025,False,NV,9,False,False
2025-05-24,Michigan,0.04,0.05,0.2,0.2,,2024-2025,False,MI,5,False,False
2025-05-24,Maine,0.07,0.08,0.15,0.15,,2024-2025,False,ME,1,False,False
2025-05-24,Washington,0.04,0.05,0.55,0.45,,2024-2025,False,WA,10,False,False
2025-05-24,New York,0.02,0.02,0.33,0.13,,2024-2025,False,NY,2,False,True
2025-05-24,New Hampshire,0.0,0.06,0.26,0.3,,2024-2025,False,NH,1,False,False
2025-05-24,Kansas,0.05,0.05,0.12,0.16,,2024-2025,False,KS,7,False,False
2025-05-24,California,0.02,0.03,0.47,0.32,,2024-2025,False,CA,9,False,False
2025-05-24,Alabama,0.06,0.08,0.42,0.28,,2024-2025,False,AL,4,True,False
2025-05-24,Connecticut,0.02,0.02,0.3,0.18,,2024-2025,False,CT,1,False,False
2025-05-24,District of Columbia,0.01,0.01,0.22,0.27,,2024-2025,False,DC,3,False,False
2025-05-24,Rhode Island,0.0,0.01,0.21,0.12,,2024-2025,False,RI,1,False,False
2025-05-24,Hawaii,0.1,0.12,1.09,1.8,,2024-2025,False,HI,9,False,False
2025-05-24,Idaho,0.02,0.04,0.43,0.25,,2024-2025,False,ID,10,False,False
2025-05-24,Utah,0.02,0.05,0.36,0.22,,2024-2025,False,UT,8,False,False
2025-05-24,New Mexico,0.04,0.04,0.37,0.37,,2024-2025,False,NM,6,False,False
2025-05-31,Delaware,0.02,0.04,0.25,0.12,,2024-2025,False,DE,3,False,False
2025-05-31,Montana,0.04,0.05,0.29,0.09,,2024-2025,False,MT,8,False,False
2025-05-31,Minnesota,0.03,0.03,0.29,0.14,,2024-2025,False,MN,5,False,True
2025-05-31,Iowa,0.02,0.04,0.18,0.07,,2024-2025,False,IA,7,False,False
2025-05-31,Indiana,0.01,0.02,0.19,0.11,,2024-2025,False,IN,5,False,False
2025-05-31,Hawaii,0.07,0.09,0.95,1.72,,2024-2025,False,HI,9,False,False
2025-05-31,District of Columbia,0.04,0.02,0.38,0.17,,2024-2025,False,DC,3,False,False
2025-05-31,Arizona,0.01,0.02,0.54,0.57,,2024-2025,False,AZ,9,False,False
2025-05-31,Virginia,0.02,0.03,0.27,0.26,,2024-2025,False,VA,3,False,False
2025-05-31,Vermont,0.02,0.03,0.25,0.1,,2024-2025,False,VT,1,False,False
2025-05-31,Utah,0.02,0.04,0.38,0.3,,2024-2025,False,UT,8,False,False
2025-05-31,Tennessee,0.03,0.04,0.22,0.23,,2024-2025,False,TN,4,True,False
2025-05-31,South Dakota,0.08,0.1,0.26,0.02,,2024-2025,False,SD,8,False,False
2025-05-31,Ohio,0.01,0.01,0.16,0.06,,2024-2025,False,OH,5,False,False
2025-05-31,California,0.02,0.02,0.53,0.36,,2024-2025,False,CA,9,False,False
2025-05-31,Florida,0.08,0.07,0.62,0.56,,2024-2025,False,FL,4,False,False
2025-05-31,Kentucky,0.09,0.09,0.2,0.14,,2024-2025,False,KY,4,False,False
2025-05-31,Louisiana,0.03,0.04,0.52,0.3,,2024-2025,False,LA,6,True,False
2025-05-31,Michigan,0.03,0.04,0.22,0.16,,2024-2025,False,MI,5,False,False
2025-05-31,Nevada,0.02,0.03,0.34,0.4,,2024-2025,False,NV,9,False,False
2025-05-31,New Jersey,0.03,0.03,0.4,0.18,,2024-2025,False,NJ,2,False,False
2025-05-31,North Carolina,0.04,0.05,0.37,0.55,,2024-2025,False,NC,4,True,False
2025-05-31,Oklahoma,0.02,0.02,0.18,0.06,,2024-2025,False,OK,6,False,False
2025-05-31,Oregon,0.02,0.03,0.44,0.33,,2024-2025,False,OR,10,False,False
2025-05-31,Rhode Island,0.02,0.01,0.16,0.14,,2024-2025,False,RI,1,False,False
2025-05-31,Texas,0.04,0.04,0.51,0.45,,2024-2025,False,TX,6,False,False
2025-05-31,Wisconsin,0.02,0.03,0.19,0.11,,2024-2025,False,WI,5,False,False
2025-05-31,Pennsylvania,0.01,0.02,0.17,0.15,,2024-2025,False,PA,3,False,False
2025-05-31,North Dakota,0.02,0.03,0.14,0.03,,2024-2025,False,ND,8,False,False
2025-05-31,New Hampshire,0.01,0.02,0.25,0.19,,2024-2025,False,NH,1,False,False
2025-05-31,Nebraska,0.04,0.03,0.1,0.05,,2024-2025,False,NE,7,False,False
2025-05-31,Maine,0.03,0.06,0.14,0.12,,2024-2025,False,ME,1,False,False
2025-05-31,Kansas,0.02,0.04,0.14,0.14,,2024-2025,False,KS,7,False,False
2025-05-31,Connecticut,0.03,0.02,0.4,0.14,,2024-2025,False,CT,1,False,False
2025-05-31,Colorado,0.03,0.04,0.31,0.35,,2024-2025,False,CO,8,False,False
2025-05-31,Arkansas,0.05,0.06,0.19,0.19,,2024-2025,False,AR,6,True,False
2025-05-31,Alaska,0.01,0.02,0.65,0.79,,2024-2025,False,AK,10,False,False
2025-05-31,New Mexico,0.04,0.03,0.46,0.34,,2024-2025,False,NM,6,False,False
2025-05-31,Alabama,0.07,0.08,0.39,0.24,,2024-2025,False,AL,4,True,False
2025-05-31,Wyoming,0.03,0.05,0.34,0.06,,2024-2025,False,WY,8,False,False
2025-05-31,Washington,0.03,0.04,0.55,0.4,,2024-2025,False,WA,10,False,False
2025-05-31,South Carolina,0.02,0.03,0.31,0.16,,2024-2025,False,SC,4,True,False
2025-05-31,New York,0.02,0.02,0.39,0.11,,2024-2025,False,NY,2,False,True
2025-05-31,Mississippi,0.03,0.04,0.36,0.34,,2024-2025,False,MS,4,True,False
2025-05-31,Massachusetts,0.01,0.03,0.36,0.16,,2024-2025,False,MA,1,False,False
2025-05-31,Maryland,0.02,0.03,0.34,0.15,,2024-2025,False,MD,3,False,False
2025-05-31,Illinois,0.03,0.03,0.24,0.16,,2024-2025,False,IL,5,False,False
2025-05-31,Idaho,0.03,0.03,0.41,0.13,,2024-2025,False,ID,10,False,False
2025-05-31,West Virginia,0.08,0.1,0.13,0.17,,2024-2025,False,WV,3,False,False
2025-05-31,Georgia,0.04,0.03,0.24,0.14,,2024-2025,False,GA,4,True,False
2025-06-07,Kentucky,0.05,0.08,0.2,0.09,,2024-2025,False,KY,4,False,False
2025-06-07,Wyoming,0.09,0.05,0.17,0.11,,2024-2025,False,WY,8,False,False
2025-06-07,Washington,0.02,0.03,0.6,0.36,,2024-2025,False,WA,10,False,False
2025-06-07,Texas,0.03,0.04,0.51,0.34,,2024-2025,False,TX,6,False,False
2025-06-07,Tennessee,0.03,0.03,0.19,0.19,,2024-2025,False,TN,4,True,False
2025-06-07,South Dakota,0.03,0.07,0.1,0.03,,2024-2025,False,SD,8,False,False
2025-06-07,Oklahoma,0.0,0.01,0.15,0.08,,2024-2025,False,OK,6,False,False
2025-06-07,Ohio,0.01,0.01,0.16,0.05,,2024-2025,False,OH,5,False,False
2025-06-07,North Dakota,0.0,0.01,0.16,0.03,,2024-2025,False,ND,8,False,False
2025-06-07,Nevada,0.01,0.02,0.36,0.33,,2024-2025,False,NV,9,False,False
2025-06-07,Minnesota,0.03,0.03,0.3,0.08,,2024-2025,False,MN,5,False,True
2025-06-07,Maryland,0.02,0.03,0.33,0.12,,2024-2025,False,MD,3,False,False
2025-06-07,Louisiana,0.02,0.03,0.48,0.23,,2024-2025,False,LA,6,True,False
2025-06-07,Hawaii,0.07,0.08,1.15,1.59,,2024-2025,False,HI,9,False,False
2025-06-07,California,0.02,0.02,0.56,0.27,,2024-2025,False,CA,9,False,False
2025-06-07,Arizona,0.01,0.01,0.48,0.35,,2024-2025,False,AZ,9,False,False
2025-06-07,Alaska,0.01,0.02,0.49,0.85,,2024-2025,False,AK,10,False,False
2025-06-07,Alabama,0.06,0.06,0.34,0.18,,2024-2025,False,AL,4,True,False
2025-06-07,Wisconsin,0.01,0.02,0.18,0.11,,2024-2025,False,WI,5,False,False
2025-06-07,Vermont,0.02,0.02,0.15,0.05,,2024-2025,False,VT,1,False,False
2025-06-07,South Carolina,0.01,0.02,0.3,0.13,,2024-2025,False,SC,4,True,False
2025-06-07,North Carolina,0.03,0.04,0.31,0.53,,2024-2025,False,NC,4,True,False
2025-06-07,New Mexico,0.02,0.03,0.43,0.26,,2024-2025,False,NM,6,False,False
2025-06-07,Montana,0.02,0.05,0.21,0.1,,2024-2025,False,MT,8,False,False
2025-06-07,Michigan,0.03,0.03,0.19,0.12,,2024-2025,False,MI,5,False,False
2025-06-07,Kansas,0.02,0.03,0.15,0.05,,2024-2025,False,KS,7,False,False
2025-06-07,Indiana,0.01,0.01,0.16,0.08,,2024-2025,False,IN,5,False,False
2025-06-07,Illinois,0.02,0.02,0.24,0.09,,2024-2025,False,IL,5,False,False
2025-06-07,Florida,0.08,0.07,0.76,0.53,,2024-2025,False,FL,4,False,False
2025-06-07,Arkansas,0.07,0.07,0.15,0.12,,2024-2025,False,AR,6,True,False
2025-06-07,Colorado,0.02,0.03,0.25,0.18,,2024-2025,False,CO,8,False,False
2025-06-07,Delaware,0.04,0.03,0.23,0.12,,2024-2025,False,DE,3,False,False
2025-06-07,District of Columbia,0.03,0.03,0.32,0.16,,2024-2025,False,DC,3,False,False
2025-06-07,Mississippi,0.03,0.03,0.34,0.29,,2024-2025,False,MS,4,True,False
2025-06-07,New York,0.02,0.02,0.35,0.08,,2024-2025,False,NY,2,False,True
2025-06-07,Pennsylvania,0.01,0.01,0.17,0.09,,2024-2025,False,PA,3,False,False
2025-06-07,Virginia,0.02,0.02,0.29,0.18,,2024-2025,False,VA,3,False,False
2025-06-07,Connecticut,0.01,0.02,0.34,0.1,,2024-2025,False,CT,1,False,False
2025-06-07,Georgia,0.02,0.02,0.23,0.17,,2024-2025,False,GA,4,True,False
2025-06-07,Idaho,0.02,0.02,0.35,0.23,,2024-2025,False,ID,10,False,False
2025-06-07,Iowa,0.01,0.02,0.2,0.1,,2024-2025,False,IA,7,False,False
2025-06-07,Maine,0.01,0.04,0.18,0.05,,2024-2025,False,ME,1,False,False
2025-06-07,Massachusetts,0.01,0.02,0.36,0.12,,2024-2025,False,MA,1,False,False
2025-06-07,Nebraska,0.0,0.02,0.13,0.03,,2024-2025,False,NE,7,False,False
2025-06-07,New Hampshire,0.0,0.0,0.2,0.1,,2024-2025,False,NH,1,False,False
2025-06-07,New Jersey,0.02,0.02,0.38,0.14,,2024-2025,False,NJ,2,False,False
2025-06-07,Oregon,0.03,0.03,0.44,0.2,,2024-2025,False,OR,10,False,False
2025-06-07,Rhode Island,0.03,0.02,0.31,0.09,,2024-2025,False,RI,1,False,False
2025-06-07,Utah,0.02,0.02,0.31,0.19,,2024-2025,False,UT,8,False,False
2025-06-07,West Virginia,0.09,0.09,0.17,0.13,,2024-2025,False,WV,3,False,False
2025-06-14,Wisconsin,0.01,0.01,0.13,0.06,,2024-2025,False,WI,5,False,False
2025-06-14,Indiana,0.01,0.01,0.18,0.06,,2024-2025,False,IN,5,False,False
2025-06-14,Iowa,0.0,0.01,0.13,0.06,,2024-2025,False,IA,7,False,False
2025-06-14,Kentucky,0.04,0.06,0.18,0.06,,2024-2025,False,KY,4,False,False
2025-06-14,Nebraska,0.03,0.02,0.12,0.01,,2024-2025,False,NE,7,False,False
2025-06-14,Nevada,0.01,0.01,0.27,0.2,,2024-2025,False,NV,9,False,False
2025-06-14,New Mexico,0.01,0.02,0.38,0.16,,2024-2025,False,NM,6,False,False
2025-06-14,New York,0.01,0.02,0.32,0.06,,2024-2025,False,NY,2,False,True
2025-06-14,North Carolina,0.04,0.04,0.28,0.47,,2024-2025,False,NC,4,True,False
2025-06-14,Ohio,0.01,0.01,0.15,0.06,,2024-2025,False,OH,5,False,False
2025-06-14,Arizona,0.01,0.01,0.46,0.24,,2024-2025,False,AZ,9,False,False
2025-06-14,Connecticut,0.01,0.01,0.35,0.06,,2024-2025,False,CT,1,False,False
2025-06-14,Louisiana,0.02,0.02,0.47,0.17,,2024-2025,False,LA,6,True,False
2025-06-14,Maine,0.0,0.01,0.16,0.03,,2024-2025,False,ME,1,False,False
2025-06-14,Minnesota,0.01,0.02,0.2,0.11,,2024-2025,False,MN,5,False,True
2025-06-14,Mississippi,0.03,0.03,0.38,0.25,,2024-2025,False,MS,4,True,False
2025-06-14,South Carolina,0.03,0.02,0.27,0.1,,2024-2025,False,SC,4,True,False
2025-06-14,Virginia,0.01,0.02,0.3,0.14,,2024-2025,False,VA,3,False,False
2025-06-14,West Virginia,0.05,0.08,0.2,0.07,,2024-2025,False,WV,3,False,False
2025-06-14,Texas,0.02,0.03,0.5,0.25,,2024-2025,False,TX,6,False,False
2025-06-14,Rhode Island,0.02,0.02,0.24,0.1,,2024-2025,False,RI,1,False,False
2025-06-14,Pennsylvania,0.01,0.01,0.14,0.09,,2024-2025,False,PA,3,False,False
2025-06-14,Alabama,0.03,0.05,0.35,0.24,,2024-2025,False,AL,4,True,False
2025-06-14,Delaware,0.04,0.04,0.21,0.11,,2024-2025,False,DE,3,False,False
2025-06-14,Wyoming,0.03,0.05,0.22,0.05,,2024-2025,False,WY,8,False,False
2025-06-14,Washington,0.01,0.02,0.49,0.29,,2024-2025,False,WA,10,False,False
2025-06-14,South Dakota,0.03,0.05,0.15,0.05,,2024-2025,False,SD,8,False,False
2025-06-14,Oregon,0.01,0.02,0.41,0.22,,2024-2025,False,OR,10,False,False
2025-06-14,New Jersey,0.01,0.02,0.33,0.13,,2024-2025,False,NJ,2,False,False
2025-06-14,New Hampshire,0.01,0.01,0.11,0.14,,2024-2025,False,NH,1,False,False
2025-06-14,Massachusetts,0.02,0.02,0.3,0.07,,2024-2025,False,MA,1,False,False
2025-06-14,Kansas,0.0,0.01,0.12,0.04,,2024-2025,False,KS,7,False,False
2025-06-14,Illinois,0.01,0.02,0.22,0.08,,2024-2025,False,IL,5,False,False
2025-06-14,Florida,0.08,0.08,0.85,0.5,,2024-2025,False,FL,4,False,False
2025-06-14,District of Columbia,0.01,0.03,0.18,0.14,,2024-2025,False,DC,3,False,False
2025-06-14,Alaska,0.04,0.02,0.49,0.75,,2024-2025,False,AK,10,False,False
2025-06-14,Arkansas,0.01,0.04,0.09,0.08,,2024-2025,False,AR,6,True,False
2025-06-14,California,0.02,0.02,0.57,0.24,,2024-2025,False,CA,9,False,False
2025-06-14,Colorado,0.01,0.02,0.28,0.12,,2024-2025,False,CO,8,False,False
2025-06-14,Georgia,0.02,0.03,0.24,0.11,,2024-2025,False,GA,4,True,False
2025-06-14,Hawaii,0.02,0.06,1.09,1.14,,2024-2025,False,HI,9,False,False
2025-06-14,Idaho,0.03,0.03,0.42,0.2,,2024-2025,False,ID,10,False,False
2025-06-14,Maryland,0.01,0.02,0.29,0.13,,2024-2025,False,MD,3,False,False
2025-06-14,Michigan,0.02,0.03,0.17,0.09,,2024-2025,False,MI,5,False,False
2025-06-14,Montana,0.0,0.02,0.21,0.08,,2024-2025,False,MT,8,False,False
2025-06-14,North Dakota,0.03,0.02,0.13,0.03,,2024-2025,False,ND,8,False,False
2025-06-14,Oklahoma,0.01,0.01,0.14,0.12,,2024-2025,False,OK,6,False,False
2025-06-14,Tennessee,0.03,0.03,0.18,0.18,,2024-2025,False,TN,4,True,False
2025-06-14,Utah,0.02,0.02,0.28,0.17,,2024-2025,False,UT,8,False,False
2025-06-14,Vermont,0.0,0.01,0.2,0.03,,2024-2025,False,VT,1,False,False
2025-06-21,Louisiana,0.01,0.02,0.58,0.18,,2024-2025,False,LA,6,True,False
2025-06-21,Colorado,0.01,0.01,0.29,0.1,,2024-2025,False,CO,8,False,False
2025-06-21,Hawaii,0.04,0.05,1.12,0.82,,2024-2025,False,HI,9,False,False
2025-06-21,Illinois,0.01,0.01,0.21,0.06,,2024-2025,False,IL,5,False,False
2025-06-21,Kansas,0.0,0.01,0.17,0.04,,2024-2025,False,KS,7,False,False
2025-06-21,Nevada,0.0,0.01,0.29,0.12,,2024-2025,False,NV,9,False,False
2025-06-21,New Jersey,0.02,0.02,0.33,0.12,,2024-2025,False,NJ,2,False,False
2025-06-21,New York,0.01,0.01,0.32,0.07,,2024-2025,False,NY,2,False,True
2025-06-21,North Carolina,0.03,0.04,0.3,0.4,,2024-2025,False,NC,4,True,False
2025-06-21,Texas,0.03,0.03,0.55,0.22,,2024-2025,False,TX,6,False,False
2025-06-21,Virginia,0.01,0.01,0.28,0.11,,2024-2025,False,VA,3,False,False
2025-06-21,Maryland,0.02,0.01,0.36,0.09,,2024-2025,False,MD,3,False,False
2025-06-21,Iowa,0.01,0.01,0.17,0.03,,2024-2025,False,IA,7,False,False
2025-06-21,Arizona,0.0,0.01,0.51,0.15,,2024-2025,False,AZ,9,False,False
2025-06-21,Alabama,0.07,0.05,0.33,0.23,,2024-2025,False,AL,4,True,False
2025-06-21,Wyoming,0.0,0.04,0.21,0.05,,2024-2025,False,WY,8,False,False
2025-06-21,West Virginia,0.07,0.07,0.17,0.08,,2024-2025,False,WV,3,False,False
2025-06-21,Washington,0.01,0.01,0.61,0.29,,2024-2025,False,WA,10,False,False
2025-06-21,Utah,0.0,0.01,0.28,0.09,,2024-2025,False,UT,8,False,False
2025-06-21,Rhode Island,0.01,0.02,0.2,0.05,,2024-2025,False,RI,1,False,False
2025-06-21,Oregon,0.01,0.01,0.54,0.19,,2024-2025,False,OR,10,False,False
2025-06-21,Michigan,0.02,0.02,0.19,0.07,,2024-2025,False,MI,5,False,False
2025-06-21,Ohio,0.01,0.01,0.13,0.04,,2024-2025,False,OH,5,False,False
2025-06-21,Oklahoma,0.01,0.01,0.13,0.08,,2024-2025,False,OK,6,False,False
2025-06-21,South Carolina,0.01,0.02,0.31,0.11,,2024-2025,False,SC,4,True,False
2025-06-21,South Dakota,0.03,0.03,0.27,0.06,,2024-2025,False,SD,8,False,False
2025-06-21,Tennessee,0.01,0.02,0.19,0.13,,2024-2025,False,TN,4,True,False
2025-06-21,Vermont,0.05,0.02,0.17,0.07,,2024-2025,False,VT,1,False,False
2025-06-21,North Dakota,0.02,0.02,0.08,0.02,,2024-2025,False,ND,8,False,False
2025-06-21,New Mexico,0.01,0.01,0.4,0.14,,2024-2025,False,NM,6,False,False
2025-06-21,Nebraska,0.01,0.01,0.13,0.02,,2024-2025,False,NE,7,False,False
2025-06-21,Minnesota,0.01,0.02,0.21,0.06,,2024-2025,False,MN,5,False,True
2025-06-21,Mississippi,0.01,0.03,0.33,0.22,,2024-2025,False,MS,4,True,False
2025-06-21,Wisconsin,0.01,0.01,0.15,0.04,,2024-2025,False,WI,5,False,False
2025-06-21,Pennsylvania,0.01,0.01,0.13,0.06,,2024-2025,False,PA,3,False,False
2025-06-21,New Hampshire,0.0,0.0,0.15,0.07,,2024-2025,False,NH,1,False,False
2025-06-21,Montana,0.01,0.01,0.38,0.1,,2024-2025,False,MT,8,False,False
2025-06-21,Alaska,0.03,0.03,0.62,0.47,,2024-2025,False,AK,10,False,False
2025-06-21,Arkansas,0.03,0.04,0.17,0.05,,2024-2025,False,AR,6,True,False
2025-06-21,California,0.01,0.02,0.58,0.18,,2024-2025,False,CA,9,False,False
2025-06-21,District of Columbia,0.03,0.02,0.35,0.1,,2024-2025,False,DC,3,False,False
2025-06-21,Florida,0.06,0.07,1.01,0.46,,2024-2025,False,FL,4,False,False
2025-06-21,Georgia,0.01,0.02,0.25,0.09,,2024-2025,False,GA,4,True,False
2025-06-21,Maine,0.02,0.01,0.15,0.05,,2024-2025,False,ME,1,False,False
2025-06-21,Kentucky,0.04,0.04,0.19,0.07,,2024-2025,False,KY,4,False,False
2025-06-21,Indiana,0.01,0.01,0.13,0.06,,2024-2025,False,IN,5,False,False
2025-06-21,Idaho,0.01,0.02,0.39,0.16,,2024-2025,False,ID,10,False,False
2025-06-21,Delaware,0.03,0.04,0.17,0.1,,2024-2025,False,DE,3,False,False
2025-06-21,Connecticut,0.01,0.01,0.32,0.07,,2024-2025,False,CT,1,False,False
2025-06-21,Massachusetts,0.01,0.02,0.32,0.08,,2024-2025,False,MA,1,False,False
2025-06-28,Wisconsin,0.01,0.01,0.12,0.04,,2024-2025,False,WI,5,False,False
2025-06-28,West Virginia,0.03,0.05,0.25,0.02,,2024-2025,False,WV,3,False,False
2025-06-28,Washington,0.01,0.01,0.71,0.26,,2024-2025,False,WA,10,False,False
2025-06-28,Utah,0.0,0.01,0.38,0.13,,2024-2025,False,UT,8,False,False
2025-06-28,Ohio,0.01,0.01,0.11,0.04,,2024-2025,False,OH,5,False,False
2025-06-28,North Dakota,0.0,0.02,0.06,0.0,,2024-2025,False,ND,8,False,False
2025-06-28,New Jersey,0.02,0.02,0.35,0.1,,2024-2025,False,NJ,2,False,False
2025-06-28,Montana,0.01,0.01,0.32,0.06,,2024-2025,False,MT,8,False,False
2025-06-28,Georgia,0.01,0.01,0.26,0.06,,2024-2025,False,GA,4,True,False
2025-06-28,Arizona,0.01,0.01,0.53,0.12,,2024-2025,False,AZ,9,False,False
2025-06-28,Alaska,0.0,0.02,0.62,0.46,,2024-2025,False,AK,10,False,False
2025-06-28,Alabama,0.05,0.05,0.4,0.19,,2024-2025,False,AL,4,True,False
2025-06-28,Vermont,0.02,0.02,0.16,0.02,,2024-2025,False,VT,1,False,False
2025-06-28,Texas,0.02,0.02,0.63,0.2,,2024-2025,False,TX,6,False,False
2025-06-28,Tennessee,0.02,0.02,0.25,0.09,,2024-2025,False,TN,4,True,False
2025-06-28,South Carolina,0.01,0.02,0.34,0.11,,2024-2025,False,SC,4,True,False
2025-06-28,Pennsylvania,0.01,0.01,0.15,0.06,,2024-2025,False,PA,3,False,False
2025-06-28,Oklahoma,0.01,0.01,0.18,0.08,,2024-2025,False,OK,6,False,False
2025-06-28,North Carolina,0.04,0.04,0.34,0.35,,2024-2025,False,NC,4,True,False
2025-06-28,New York,0.01,0.01,0.31,0.04,,2024-2025,False,NY,2,False,True
2025-06-28,Maryland,0.02,0.01,0.39,0.07,,2024-2025,False,MD,3,False,False
2025-06-28,Kansas,0.01,0.01,0.15,0.06,,2024-2025,False,KS,7,False,False
2025-06-28,Indiana,0.01,0.01,0.17,0.05,,2024-2025,False,IN,5,False,False
2025-06-28,District of Columbia,0.01,0.02,0.28,0.12,,2024-2025,False,DC,3,False,False
2025-06-28,Colorado,0.01,0.01,0.29,0.06,,2024-2025,False,CO,8,False,False
2025-06-28,California,0.01,0.01,0.58,0.17,,2024-2025,False,CA,9,False,False
2025-06-28,Connecticut,0.01,0.01,0.27,0.03,,2024-2025,False,CT,1,False,False
2025-06-28,Delaware,0.03,0.03,0.26,0.04,,2024-2025,False,DE,3,False,False
2025-06-28,Florida,0.06,0.07,1.22,0.44,,2024-2025,False,FL,4,False,False
2025-06-28,Hawaii,0.06,0.04,1.18,0.92,,2024-2025,False,HI,9,False,False
2025-06-28,Idaho,0.02,0.02,0.45,0.15,,2024-2025,False,ID,10,False,False
2025-06-28,Iowa,0.02,0.01,0.16,0.04,,2024-2025,False,IA,7,False,False
2025-06-28,Kentucky,0.04,0.04,0.16,0.04,,2024-2025,False,KY,4,False,False
2025-06-28,Oregon,0.01,0.01,0.65,0.2,,2024-2025,False,OR,10,False,False
2025-06-28,South Dakota,0.02,0.03,0.13,0.0,,2024-2025,False,SD,8,False,False
2025-06-28,Virginia,0.02,0.01,0.27,0.11,,2024-2025,False,VA,3,False,False
2025-06-28,Wyoming,0.03,0.02,0.19,0.05,,2024-2025,False,WY,8,False,False
2025-06-28,Rhode Island,0.0,0.01,0.24,0.01,,2024-2025,False,RI,1,False,False
2025-06-28,New Mexico,0.02,0.01,0.23,0.12,,2024-2025,False,NM,6,False,False
2025-06-28,New Hampshire,0.0,0.0,0.19,0.08,,2024-2025,False,NH,1,False,False
2025-06-28,Nevada,0.01,0.01,0.44,0.14,,2024-2025,False,NV,9,False,False
2025-06-28,Nebraska,0.0,0.01,0.14,0.0,,2024-2025,False,NE,7,False,False
2025-06-28,Mississippi,0.02,0.02,0.46,0.18,,2024-2025,False,MS,4,True,False
2025-06-28,Minnesota,0.01,0.01,0.26,0.07,,2024-2025,False,MN,5,False,True
2025-06-28,Michigan,0.01,0.01,0.15,0.04,,2024-2025,False,MI,5,False,False
2025-06-28,Massachusetts,0.01,0.01,0.33,0.07,,2024-2025,False,MA,1,False,False
2025-06-28,Maine,0.0,0.01,0.15,0.06,,2024-2025,False,ME,1,False,False
2025-06-28,Louisiana,0.02,0.02,0.58,0.11,,2024-2025,False,LA,6,True,False
2025-06-28,Illinois,0.01,0.01,0.18,0.05,,2024-2025,False,IL,5,False,False
2025-06-28,Arkansas,0.03,0.02,0.21,0.13,,2024-2025,False,AR,6,True,False
2025-07-05,Georgia,0.02,0.01,0.33,0.06,,2025-2026,False,GA,4,True,False
2025-07-05,Connecticut,0.0,0.0,0.37,0.04,,2025-2026,False,CT,1,False,False
2025-07-05,New Mexico,0.01,0.01,0.33,0.11,,2025-2026,False,NM,6,False,False
2025-07-05,Tennessee,0.02,0.02,0.25,0.11,,2025-2026,False,TN,4,True,False
2025-07-05,Texas,0.02,0.02,0.71,0.19,,2025-2026,False,TX,6,False,False
2025-07-05,Virginia,0.02,0.02,0.36,0.08,,2025-2026,False,VA,3,False,False
2025-07-05,Vermont,0.02,0.03,0.21,0.02,,2025-2026,False,VT,1,False,False
2025-07-05,Utah,0.01,0.01,0.38,0.12,,2025-2026,False,UT,8,False,False
2025-07-05,South Carolina,0.01,0.01,0.36,0.07,,2025-2026,False,SC,4,True,False
2025-07-05,Rhode Island,0.02,0.01,0.18,0.05,,2025-2026,False,RI,1,False,False
2025-07-05,Pennsylvania,0.01,0.01,0.17,0.04,,2025-2026,False,PA,3,False,False
2025-07-05,Oklahoma,0.02,0.01,0.24,0.03,,2025-2026,False,OK,6,False,False
2025-07-05,North Carolina,0.02,0.03,0.36,0.36,,2025-2026,False,NC,4,True,False
2025-07-05,Nebraska,0.01,0.01,0.11,0.01,,2025-2026,False,NE,7,False,False
2025-07-05,Indiana,0.0,0.01,0.19,0.04,,2025-2026,False,IN,5,False,False
2025-07-05,Idaho,0.0,0.01,0.46,0.18,,2025-2026,False,ID,10,False,False
2025-07-05,Florida,0.06,0.06,1.36,0.42,,2025-2026,False,FL,4,False,False
2025-07-05,California,0.01,0.01,0.64,0.13,,2025-2026,False,CA,9,False,False
2025-07-05,Alaska,0.03,0.02,0.77,0.34,,2025-2026,False,AK,10,False,False
2025-07-05,Alabama,0.05,0.06,0.5,0.16,,2025-2026,False,AL,4,True,False
2025-07-05,Arkansas,0.03,0.03,0.16,0.08,,2025-2026,False,AR,6,True,False
2025-07-05,Arizona,0.0,0.01,0.61,0.1,,2025-2026,False,AZ,9,False,False
2025-07-05,Washington,0.01,0.01,0.7,0.2,,2025-2026,False,WA,10,False,False
2025-07-05,New Jersey,0.01,0.02,0.38,0.1,,2025-2026,False,NJ,2,False,False
2025-07-05,Mississippi,0.02,0.02,0.57,0.19,,2025-2026,False,MS,4,True,False
2025-07-05,Minnesota,0.01,0.01,0.28,0.05,,2025-2026,False,MN,5,False,True
2025-07-05,Louisiana,0.01,0.01,0.69,0.08,,2025-2026,False,LA,6,True,False
2025-07-05,Delaware,0.0,0.02,0.29,0.03,,2025-2026,False,DE,3,False,False
2025-07-05,Oregon,0.01,0.01,0.58,0.13,,2025-2026,False,OR,10,False,False
2025-07-05,Ohio,0.0,0.01,0.14,0.04,,2025-2026,False,OH,5,False,False
2025-07-05,North Dakota,0.0,0.01,0.09,0.02,,2025-2026,False,ND,8,False,False
2025-07-05,New York,0.01,0.01,0.28,0.05,,2025-2026,False,NY,2,False,True
2025-07-05,Nevada,0.01,0.0,0.38,0.11,,2025-2026,False,NV,9,False,False
2025-07-05,Montana,0.01,0.01,0.44,0.09,,2025-2026,False,MT,8,False,False
2025-07-05,Michigan,0.01,0.01,0.17,0.04,,2025-2026,False,MI,5,False,False
2025-07-05,Colorado,0.01,0.01,0.32,0.08,,2025-2026,False,CO,8,False,False
2025-07-05,District of Columbia,0.04,0.03,0.42,0.1,,2025-2026,False,DC,3,False,False
2025-07-05,Kansas,0.01,0.01,0.18,0.04,,2025-2026,False,KS,7,False,False
2025-07-05,Kentucky,0.02,0.04,0.26,0.04,,2025-2026,False,KY,4,False,False
2025-07-05,Maine,0.01,0.01,0.23,0.03,,2025-2026,False,ME,1,False,False
2025-07-05,Maryland,0.01,0.02,0.38,0.04,,2025-2026,False,MD,3,False,False
2025-07-05,New Hampshire,0.0,0.0,0.34,0.1,,2025-2026,False,NH,1,False,False
2025-07-05,South Dakota,0.0,0.02,0.13,0.05,,2025-2026,False,SD,8,False,False
2025-07-05,West Virginia,0.01,0.03,0.25,0.03,,2025-2026,False,WV,3,False,False
2025-07-05,Wisconsin,0.01,0.01,0.16,0.04,,2025-2026,False,WI,5,False,False
2025-07-05,Wyoming,0.0,0.01,0.16,0.11,,2025-2026,False,WY,8,False,False
2025-07-05,Massachusetts,0.01,0.01,0.34,0.07,,2025-2026,False,MA,1,False,False
2025-07-05,Iowa,0.0,0.01,0.16,0.07,,2025-2026,False,IA,7,False,False
2025-07-05,Illinois,0.0,0.01,0.25,0.04,,2025-2026,False,IL,5,False,False
2025-07-05,Hawaii,0.07,0.06,1.28,0.86,,2025-2026,False,HI,9,False,False
2025-07-12,Ohio,0.01,0.01,0.15,0.02,,2025-2026,False,OH,5,False,False
2025-07-12,South Carolina,0.01,0.01,0.4,0.09,,2025-2026,False,SC,4,True,False
2025-07-12,South Dakota,0.02,0.01,0.19,0.03,,2025-2026,False,SD,8,False,False
2025-07-12,Arkansas,0.06,0.04,0.25,0.05,,2025-2026,False,AR,6,True,False
2025-07-12,Delaware,0.01,0.01,0.19,0.01,,2025-2026,False,DE,3,False,False
2025-07-12,Kansas,0.0,0.01,0.15,0.02,,2025-2026,False,KS,7,False,False
2025-07-12,Maryland,0.02,0.02,0.52,0.04,,2025-2026,False,MD,3,False,False
2025-07-12,Michigan,0.01,0.01,0.15,0.03,,2025-2026,False,MI,5,False,False
2025-07-12,Montana,0.02,0.01,0.24,0.02,,2025-2026,False,MT,8,False,False
2025-07-12,Alabama,0.03,0.04,0.63,0.14,,2025-2026,False,AL,4,True,False
2025-07-12,Alaska,0.0,0.01,0.61,0.26,,2025-2026,False,AK,10,False,False
2025-07-12,California,0.01,0.01,0.78,0.11,,2025-2026,False,CA,9,False,False
2025-07-12,Hawaii,0.05,0.06,2.06,0.39,,2025-2026,False,HI,9,False,False
2025-07-12,Idaho,0.0,0.0,0.39,0.12,,2025-2026,False,ID,10,False,False
2025-07-12,Louisiana,0.01,0.01,0.85,0.07,,2025-2026,False,LA,6,True,False
2025-07-12,Oregon,0.01,0.01,0.62,0.05,,2025-2026,False,OR,10,False,False
2025-07-12,Utah,0.01,0.01,0.45,0.1,,2025-2026,False,UT,8,False,False
2025-07-12,Virginia,0.02,0.02,0.47,0.07,,2025-2026,False,VA,3,False,False
2025-07-12,West Virginia,0.01,0.02,0.23,0.03,,2025-2026,False,WV,3,False,False
2025-07-12,Wisconsin,0.0,0.01,0.16,0.02,,2025-2026,False,WI,5,False,False
2025-07-12,Texas,0.02,0.02,0.89,0.16,,2025-2026,False,TX,6,False,False
2025-07-12,Tennessee,0.01,0.01,0.31,0.09,,2025-2026,False,TN,4,True,False
2025-07-12,Rhode Island,0.01,0.01,0.25,0.01,,2025-2026,False,RI,1,False,False
2025-07-12,Oklahoma,0.01,0.01,0.19,0.06,,2025-2026,False,OK,6,False,False
2025-07-12,North Carolina,0.02,0.03,0.44,0.34,,2025-2026,False,NC,4,True,False
2025-07-12,New Mexico,0.01,0.01,0.37,0.06,,2025-2026,False,NM,6,False,False
2025-07-12,New Hampshire,0.0,0.0,0.26,0.07,,2025-2026,False,NH,1,False,False
2025-07-12,Wyoming,0.0,0.01,0.2,0.05,,2025-2026,False,WY,8,False,False
2025-07-12,Washington,0.0,0.01,0.75,0.12,,2025-2026,False,WA,10,False,False
2025-07-12,Vermont,0.0,0.01,0.23,0.0,,2025-2026,False,VT,1,False,False
2025-07-12,Pennsylvania,0.01,0.01,0.19,0.04,,2025-2026,False,PA,3,False,False
2025-07-12,New York,0.01,0.01,0.33,0.05,,2025-2026,False,NY,2,False,True
2025-07-12,Minnesota,0.01,0.01,0.26,0.05,,2025-2026,False,MN,5,False,True
2025-07-12,Kentucky,0.01,0.02,0.29,0.03,,2025-2026,False,KY,4,False,False
2025-07-12,Indiana,0.01,0.01,0.18,0.04,,2025-2026,False,IN,5,False,False
2025-07-12,Illinois,0.01,0.01,0.22,0.03,,2025-2026,False,IL,5,False,False
2025-07-12,District of Columbia,0.0,0.02,0.44,0.04,,2025-2026,False,DC,3,False,False
2025-07-12,Connecticut,0.01,0.01,0.39,0.04,,2025-2026,False,CT,1,False,False
2025-07-12,Colorado,0.01,0.01,0.36,0.06,,2025-2026,False,CO,8,False,False
2025-07-12,Arizona,0.0,0.01,0.55,0.11,,2025-2026,False,AZ,9,False,False
2025-07-12,Florida,0.06,0.06,1.6,0.32,,2025-2026,False,FL,4,False,False
2025-07-12,Georgia,0.02,0.02,0.36,0.05,,2025-2026,False,GA,4,True,False
2025-07-12,Iowa,0.0,0.01,0.23,0.03,,2025-2026,False,IA,7,False,False
2025-07-12,Maine,0.01,0.0,0.16,0.04,,2025-2026,False,ME,1,False,False
2025-07-12,Massachusetts,0.01,0.01,0.34,0.06,,2025-2026,False,MA,1,False,False
2025-07-12,Mississippi,0.01,0.02,0.67,0.13,,2025-2026,False,MS,4,True,False
2025-07-12,Nebraska,0.0,0.0,0.09,0.02,,2025-2026,False,NE,7,False,False
2025-07-12,Nevada,0.01,0.01,0.51,0.08,,2025-2026,False,NV,9,False,False
2025-07-12,New Jersey,0.01,0.01,0.4,0.1,,2025-2026,False,NJ,2,False,False
2025-07-12,North Dakota,0.01,0.01,0.18,0.01,,2025-2026,False,ND,8,False,False
2025-07-19,Tennessee,0.02,0.01,0.35,0.11,,2025-2026,False,TN,4,True,False
2025-07-19,Oregon,0.0,0.0,0.56,0.08,,2025-2026,False,OR,10,False,False
2025-07-19,Montana,0.0,0.01,0.29,0.01,,2025-2026,False,MT,8,False,False
2025-07-19,Massachusetts,0.01,0.01,0.4,0.06,,2025-2026,False,MA,1,False,False
2025-07-19,Maine,0.01,0.01,0.27,0.04,,2025-2026,False,ME,1,False,False
2025-07-19,Illinois,0.0,0.01,0.29,0.04,,2025-2026,False,IL,5,False,False
2025-07-19,District of Columbia,0.01,0.02,0.66,0.08,,2025-2026,False,DC,3,False,False
2025-07-19,Arkansas,0.01,0.03,0.34,0.02,,2025-2026,False,AR,6,True,False
2025-07-19,South Carolina,0.01,0.01,0.54,0.05,,2025-2026,False,SC,4,True,False
2025-07-19,Rhode Island,0.0,0.01,0.27,0.05,,2025-2026,False,RI,1,False,False
2025-07-19,New Jersey,0.01,0.01,0.43,0.07,,2025-2026,False,NJ,2,False,False
2025-07-19,Nebraska,0.01,0.01,0.15,0.05,,2025-2026,False,NE,7,False,False
2025-07-19,Pennsylvania,0.0,0.01,0.24,0.02,,2025-2026,False,PA,3,False,False
2025-07-19,Oklahoma,0.0,0.01,0.33,0.04,,2025-2026,False,OK,6,False,False
2025-07-19,Mississippi,0.01,0.02,0.78,0.19,,2025-2026,False,MS,4,True,False
2025-07-19,Michigan,0.0,0.01,0.19,0.03,,2025-2026,False,MI,5,False,False
2025-07-19,Louisiana,0.01,0.01,1.06,0.11,,2025-2026,False,LA,6,True,False
2025-07-19,Indiana,0.0,0.0,0.28,0.03,,2025-2026,False,IN,5,False,False
2025-07-19,Georgia,0.02,0.02,0.5,0.06,,2025-2026,False,GA,4,True,False
2025-07-19,Connecticut,0.01,0.01,0.41,0.03,,2025-2026,False,CT,1,False,False
2025-07-19,Maryland,0.02,0.01,0.54,0.05,,2025-2026,False,MD,3,False,False
2025-07-19,Kansas,0.01,0.01,0.2,0.04,,2025-2026,False,KS,7,False,False
2025-07-19,Hawaii,0.02,0.04,2.18,0.42,,2025-2026,False,HI,9,False,False
2025-07-19,Delaware,0.01,0.01,0.43,0.04,,2025-2026,False,DE,3,False,False
2025-07-19,California,0.01,0.01,0.84,0.1,,2025-2026,False,CA,9,False,False
2025-07-19,Washington,0.01,0.01,0.72,0.07,,2025-2026,False,WA,10,False,False
2025-07-19,Alabama,0.03,0.04,0.76,0.14,,2025-2026,False,AL,4,True,False
2025-07-19,Colorado,0.0,0.01,0.38,0.03,,2025-2026,False,CO,8,False,False
2025-07-19,Arizona,0.01,0.0,0.65,0.07,,2025-2026,False,AZ,9,False,False
2025-07-19,Alaska,0.0,0.01,0.88,0.19,,2025-2026,False,AK,10,False,False
2025-07-19,Ohio,0.01,0.01,0.2,0.02,,2025-2026,False,OH,5,False,False
2025-07-19,New Hampshire,0.01,0.0,0.26,0.05,,2025-2026,False,NH,1,False,False
2025-07-19,Wyoming,0.0,0.0,0.27,0.05,,2025-2026,False,WY,8,False,False
2025-07-19,West Virginia,0.03,0.02,0.23,0.01,,2025-2026,False,WV,3,False,False
2025-07-19,Wisconsin,0.0,0.01,0.18,0.03,,2025-2026,False,WI,5,False,False
2025-07-19,Virginia,0.01,0.01,0.53,0.08,,2025-2026,False,VA,3,False,False
2025-07-19,Vermont,0.02,0.01,0.26,0.02,,2025-2026,False,VT,1,False,False
2025-07-19,Utah,0.02,0.02,0.56,0.08,,2025-2026,False,UT,8,False,False
2025-07-19,Texas,0.02,0.02,1.02,0.15,,2025-2026,False,TX,6,False,False
2025-07-19,North Dakota,0.02,0.01,0.14,0.02,,2025-2026,False,ND,8,False,False
2025-07-19,North Carolina,0.02,0.02,0.52,0.34,,2025-2026,False,NC,4,True,False
2025-07-19,New York,0.01,0.01,0.36,0.05,,2025-2026,False,NY,2,False,True
2025-07-19,New Mexico,0.01,0.01,0.43,0.07,,2025-2026,False,NM,6,False,False
2025-07-19,Nevada,0.0,0.01,0.49,0.13,,2025-2026,False,NV,9,False,False
2025-07-19,Minnesota,0.01,0.01,0.29,0.06,,2025-2026,False,MN,5,False,True
2025-07-19,Kentucky,0.02,0.02,0.39,0.05,,2025-2026,False,KY,4,False,False
2025-07-19,Iowa,0.01,0.0,0.32,0.03,,2025-2026,False,IA,7,False,False
2025-07-19,Idaho,0.02,0.01,0.43,0.13,,2025-2026,False,ID,10,False,False
2025-07-19,Florida,0.07,0.06,1.77,0.29,,2025-2026,False,FL,4,False,False
2025-07-19,South Dakota,0.0,0.01,0.31,0.03,,2025-2026,False,SD,8,False,False
2025-07-26,Nebraska,0.01,0.01,0.18,0.01,,2025-2026,False,NE,7,False,False
2025-07-26,Virginia,0.01,0.01,0.72,0.07,,2025-2026,False,VA,3,False,False
2025-07-26,New Mexico,0.0,0.0,0.52,0.03,,2025-2026,False,NM,6,False,False
2025-07-26,Nevada,0.01,0.01,0.56,0.12,,2025-2026,False,NV,9,False,False
2025-07-26,Maryland,0.02,0.02,0.68,0.07,,2025-2026,False,MD,3,False,False
2025-07-26,Louisiana,0.01,0.01,1.31,0.11,,2025-2026,False,LA,6,True,False
2025-07-26,Florida,0.07,0.07,1.99,0.27,,2025-2026,False,FL,4,False,False
2025-07-26,California,0.01,0.01,0.95,0.1,,2025-2026,False,CA,9,False,False
2025-07-26,Delaware,0.0,0.01,0.41,0.01,,2025-2026,False,DE,3,False,False
2025-07-26,Georgia,0.01,0.02,0.58,0.06,,2025-2026,False,GA,4,True,False
2025-07-26,Indiana,0.0,0.0,0.32,0.02,,2025-2026,False,IN,5,False,False
2025-07-26,Kentucky,0.01,0.01,0.51,0.05,,2025-2026,False,KY,4,False,False
2025-07-26,Maine,0.0,0.0,0.25,0.04,,2025-2026,False,ME,1,False,False
2025-07-26,New Jersey,0.01,0.01,0.46,0.07,,2025-2026,False,NJ,2,False,False
2025-07-26,North Carolina,0.02,0.02,0.65,0.34,,2025-2026,False,NC,4,True,False
2025-07-26,Oklahoma,0.03,0.02,0.4,0.06,,2025-2026,False,OK,6,False,False
2025-07-26,Pennsylvania,0.01,0.01,0.29,0.03,,2025-2026,False,PA,3,False,False
2025-07-26,Rhode Island,0.01,0.01,0.23,0.05,,2025-2026,False,RI,1,False,False
2025-07-26,Tennessee,0.01,0.01,0.38,0.08,,2025-2026,False,TN,4,True,False
2025-07-26,Utah,0.01,0.01,0.85,0.07,,2025-2026,False,UT,8,False,False
2025-07-26,Wisconsin,0.0,0.0,0.29,0.03,,2025-2026,False,WI,5,False,False
2025-07-26,Alabama,0.04,0.03,0.82,0.14,,2025-2026,False,AL,4,True,False
2025-07-26,Arizona,0.0,0.0,0.66,0.06,,2025-2026,False,AZ,9,False,False
2025-07-26,Arkansas,0.03,0.03,0.33,0.03,,2025-2026,False,AR,6,True,False
2025-07-26,Colorado,0.01,0.01,0.46,0.02,,2025-2026,False,CO,8,False,False
2025-07-26,Idaho,0.02,0.01,0.55,0.07,,2025-2026,False,ID,10,False,False
2025-07-26,Iowa,0.0,0.01,0.45,0.01,,2025-2026,False,IA,7,False,False
2025-07-26,Massachusetts,0.0,0.01,0.43,0.04,,2025-2026,False,MA,1,False,False
2025-07-26,Michigan,0.0,0.01,0.2,0.02,,2025-2026,False,MI,5,False,False
2025-07-26,Minnesota,0.01,0.01,0.39,0.05,,2025-2026,False,MN,5,False,True
2025-07-26,Montana,0.01,0.01,0.36,0.09,,2025-2026,False,MT,8,False,False
2025-07-26,New York,0.02,0.01,0.4,0.04,,2025-2026,False,NY,2,False,True
2025-07-26,North Dakota,0.02,0.02,0.18,0.09,,2025-2026,False,ND,8,False,False
2025-07-26,Ohio,0.0,0.01,0.25,0.03,,2025-2026,False,OH,5,False,False
2025-07-26,Oregon,0.0,0.0,0.8,0.08,,2025-2026,False,OR,10,False,False
2025-07-26,Vermont,0.0,0.01,0.16,0.05,,2025-2026,False,VT,1,False,False
2025-07-26,Washington,0.01,0.01,0.85,0.08,,2025-2026,False,WA,10,False,False
2025-07-26,West Virginia,0.02,0.02,0.33,0.02,,2025-2026,False,WV,3,False,False
2025-07-26,Alaska,0.01,0.0,0.89,0.2,,2025-2026,False,AK,10,False,False
2025-07-26,Connecticut,0.0,0.01,0.47,0.05,,2025-2026,False,CT,1,False,False
2025-07-26,District of Columbia,0.0,0.0,0.69,0.06,,2025-2026,False,DC,3,False,False
2025-07-26,Hawaii,0.05,0.04,2.9,0.5,,2025-2026,False,HI,9,False,False
2025-07-26,Illinois,0.0,0.0,0.4,0.03,,2025-2026,False,IL,5,False,False
2025-07-26,Kansas,0.0,0.01,0.23,0.04,,2025-2026,False,KS,7,False,False
2025-07-26,Mississippi,0.02,0.01,0.77,0.21,,2025-2026,False,MS,4,True,False
2025-07-26,New Hampshire,0.0,0.0,0.32,0.05,,2025-2026,False,NH,1,False,False
2025-07-26,South Carolina,0.02,0.01,0.7,0.07,,2025-2026,False,SC,4,True,False
2025-07-26,South Dakota,0.0,0.01,0.42,0.03,,2025-2026,False,SD,8,False,False
2025-07-26,Texas,0.02,0.02,1.32,0.15,,2025-2026,False,TX,6,False,False
2025-07-26,Wyoming,0.0,0.0,0.47,0.03,,2025-2026,False,WY,8,False,False
2025-08-02,Kentucky,0.02,0.02,0.77,0.06,,2025-2026,False,KY,4,False,False
2025-08-02,Idaho,0.01,0.02,0.53,0.08,,2025-2026,False,ID,10,False,False
2025-08-02,Georgia,0.02,0.02,0.83,0.05,,2025-2026,False,GA,4,True,False
2025-08-02,Florida,0.07,0.07,2.33,0.26,,2025-2026,False,FL,4,False,False
2025-08-02,Connecticut,0.0,0.0,0.58,0.04,,2025-2026,False,CT,1,False,False
2025-08-02,Arkansas,0.0,0.01,0.37,0.02,,2025-2026,False,AR,6,True,False
2025-08-02,Alabama,0.03,0.03,1.03,0.21,,2025-2026,False,AL,4,True,False
2025-08-02,Louisiana,0.02,0.01,1.53,0.09,,2025-2026,False,LA,6,True,False
2025-08-02,Colorado,0.0,0.01,0.57,0.03,,2025-2026,False,CO,8,False,False
2025-08-02,Hawaii,0.04,0.04,2.97,0.45,,2025-2026,False,HI,9,False,False
2025-08-02,Kansas,0.02,0.01,0.33,0.04,,2025-2026,False,KS,7,False,False
2025-08-02,New Jersey,0.02,0.01,0.65,0.05,,2025-2026,False,NJ,2,False,False
2025-08-02,Oregon,0.01,0.01,0.94,0.04,,2025-2026,False,OR,10,False,False
2025-08-02,Pennsylvania,0.0,0.0,0.34,0.03,,2025-2026,False,PA,3,False,False
2025-08-02,Rhode Island,0.0,0.0,0.41,0.01,,2025-2026,False,RI,1,False,False
2025-08-02,Texas,0.02,0.02,1.6,0.15,,2025-2026,False,TX,6,False,False
2025-08-02,Virginia,0.01,0.01,0.87,0.05,,2025-2026,False,VA,3,False,False
2025-08-02,Arizona,0.01,0.0,0.84,0.08,,2025-2026,False,AZ,9,False,False
2025-08-02,Delaware,0.03,0.01,0.73,0.02,,2025-2026,False,DE,3,False,False
2025-08-02,Illinois,0.01,0.0,0.49,0.05,,2025-2026,False,IL,5,False,False
2025-08-02,Indiana,0.01,0.01,0.44,0.03,,2025-2026,False,IN,5,False,False
2025-08-02,Ohio,0.0,0.01,0.35,0.02,,2025-2026,False,OH,5,False,False
2025-08-02,Iowa,0.01,0.01,0.41,0.03,,2025-2026,False,IA,7,False,False
2025-08-02,North Carolina,0.02,0.02,0.93,0.34,,2025-2026,False,NC,4,True,False
2025-08-02,Mississippi,0.02,0.01,1.13,0.15,,2025-2026,False,MS,4,True,False
2025-08-02,Maine,0.01,0.0,0.25,0.07,,2025-2026,False,ME,1,False,False
2025-08-02,Maryland,0.01,0.01,0.92,0.05,,2025-2026,False,MD,3,False,False
2025-08-02,Massachusetts,0.01,0.01,0.61,0.05,,2025-2026,False,MA,1,False,False
2025-08-02,Montana,0.02,0.01,0.48,0.07,,2025-2026,False,MT,8,False,False
2025-08-02,Nebraska,0.0,0.01,0.29,0.01,,2025-2026,False,NE,7,False,False
2025-08-02,New Mexico,0.01,0.01,0.58,0.07,,2025-2026,False,NM,6,False,False
2025-08-02,North Dakota,0.02,0.02,0.22,0.02,,2025-2026,False,ND,8,False,False
2025-08-02,Oklahoma,0.01,0.01,0.41,0.05,,2025-2026,False,OK,6,False,False
2025-08-02,South Carolina,0.01,0.01,0.94,0.07,,2025-2026,False,SC,4,True,False
2025-08-02,Minnesota,0.03,0.02,0.41,0.04,,2025-2026,False,MN,5,False,True
2025-08-02,Michigan,0.01,0.01,0.27,0.02,,2025-2026,False,MI,5,False,False
2025-08-02,District of Columbia,0.0,0.0,1.09,0.1,,2025-2026,False,DC,3,False,False
2025-08-02,California,0.01,0.01,1.14,0.11,,2025-2026,False,CA,9,False,False
2025-08-02,Alaska,0.0,0.0,0.83,0.14,,2025-2026,False,AK,10,False,False
2025-08-02,Wisconsin,0.0,0.0,0.34,0.03,,2025-2026,False,WI,5,False,False
2025-08-02,Washington,0.01,0.01,1.09,0.07,,2025-2026,False,WA,10,False,False
2025-08-02,Wyoming,0.0,0.0,0.56,0.05,,2025-2026,False,WY,8,False,False
2025-08-02,West Virginia,0.03,0.03,0.36,0.03,,2025-2026,False,WV,3,False,False
2025-08-02,Vermont,0.0,0.01,0.37,0.02,,2025-2026,False,VT,1,False,False
2025-08-02,Tennessee,0.01,0.01,0.54,0.09,,2025-2026,False,TN,4,True,False
2025-08-02,Utah,0.0,0.01,1.03,0.05,,2025-2026,False,UT,8,False,False
2025-08-02,South Dakota,0.0,0.0,0.37,0.02,,2025-2026,False,SD,8,False,False
2025-08-02,New York,0.01,0.01,0.47,0.03,,2025-2026,False,NY,2,False,True
2025-08-02,New Hampshire,0.01,0.01,0.37,0.09,,2025-2026,False,NH,1,False,False
2025-08-02,Nevada,0.01,0.01,0.7,0.1,,2025-2026,False,NV,9,False,False
2025-08-09,Virginia,0.02,0.01,1.15,0.07,,2025-2026,False,VA,3,False,False
2025-08-09,Wisconsin,0.01,0.0,0.46,0.05,,2025-2026,False,WI,5,False,False
2025-08-09,Wyoming,0.0,0.0,0.74,0.05,,2025-2026,False,WY,8,False,False
2025-08-09,Tennessee,0.0,0.01,0.73,0.13,,2025-2026,False,TN,4,True,False
2025-08-09,New Mexico,0.0,0.0,0.79,0.05,,2025-2026,False,NM,6,False,False
2025-08-09,Nevada,0.0,0.01,0.96,0.11,,2025-2026,False,NV,9,False,False
2025-08-09,Minnesota,0.02,0.02,0.49,0.07,,2025-2026,False,MN,5,False,True
2025-08-09,Iowa,0.0,0.01,0.54,0.03,,2025-2026,False,IA,7,False,False
2025-08-09,Connecticut,0.0,0.0,0.72,0.04,,2025-2026,False,CT,1,False,False
2025-08-09,California,0.01,0.01,1.42,0.12,,2025-2026,False,CA,9,False,False
2025-08-09,Alaska,0.0,0.0,1.07,0.1,,2025-2026,False,AK,10,False,False
2025-08-09,Arizona,0.0,0.0,1.07,0.06,,2025-2026,False,AZ,9,False,False
2025-08-09,Arkansas,0.02,0.02,0.55,0.05,,2025-2026,False,AR,6,True,False
2025-08-09,Colorado,0.0,0.01,0.69,0.04,,2025-2026,False,CO,8,False,False
2025-08-09,Illinois,0.01,0.01,0.6,0.04,,2025-2026,False,IL,5,False,False
2025-08-09,Kentucky,0.01,0.01,0.85,0.04,,2025-2026,False,KY,4,False,False
2025-08-09,Louisiana,0.01,0.01,1.93,0.07,,2025-2026,False,LA,6,True,False
2025-08-09,Michigan,0.01,0.01,0.38,0.02,,2025-2026,False,MI,5,False,False
2025-08-09,Mississippi,0.03,0.02,1.57,0.22,,2025-2026,False,MS,4,True,False
2025-08-09,Montana,0.0,0.01,0.41,0.01,,2025-2026,False,MT,8,False,False
2025-08-09,New York,0.01,0.01,0.55,0.04,,2025-2026,False,NY,2,False,True
2025-08-09,North Carolina,0.02,0.02,1.22,0.46,,2025-2026,False,NC,4,True,False
2025-08-09,Ohio,0.01,0.01,0.45,0.02,,2025-2026,False,OH,5,False,False
2025-08-09,Oregon,0.0,0.01,1.05,0.03,,2025-2026,False,OR,10,False,False
2025-08-09,Pennsylvania,0.0,0.0,0.46,0.04,,2025-2026,False,PA,3,False,False
2025-08-09,Rhode Island,0.0,0.0,0.53,0.01,,2025-2026,False,RI,1,False,False
2025-08-09,Alabama,0.05,0.04,1.1,0.17,,2025-2026,False,AL,4,True,False
2025-08-09,Delaware,0.0,0.01,0.72,0.01,,2025-2026,False,DE,3,False,False
2025-08-09,Massachusetts,0.01,0.01,0.73,0.04,,2025-2026,False,MA,1,False,False
2025-08-09,Nebraska,0.03,0.01,0.3,0.01,,2025-2026,False,NE,7,False,False
2025-08-09,New Jersey,0.01,0.01,0.74,0.07,,2025-2026,False,NJ,2,False,False
2025-08-09,South Carolina,0.01,0.01,1.2,0.08,,2025-2026,False,SC,4,True,False
2025-08-09,Texas,0.02,0.02,1.94,0.15,,2025-2026,False,TX,6,False,False
2025-08-09,Vermont,0.03,0.01,0.43,0.05,,2025-2026,False,VT,1,False,False
2025-08-09,District of Columbia,0.04,0.01,0.82,0.04,,2025-2026,False,DC,3,False,False
2025-08-09,Florida,0.06,0.07,2.37,0.25,,2025-2026,False,FL,4,False,False
2025-08-09,Georgia,0.03,0.02,1.07,0.07,,2025-2026,False,GA,4,True,False
2025-08-09,Hawaii,0.07,0.06,3.49,0.41,,2025-2026,False,HI,9,False,False
2025-08-09,Idaho,0.0,0.01,0.62,0.09,,2025-2026,False,ID,10,False,False
2025-08-09,Indiana,0.01,0.01,0.64,0.04,,2025-2026,False,IN,5,False,False
2025-08-09,Kansas,0.0,0.01,0.47,0.04,,2025-2026,False,KS,7,False,False
2025-08-09,Maine,0.01,0.0,0.3,0.06,,2025-2026,False,ME,1,False,False
2025-08-09,Maryland,0.03,0.02,0.99,0.06,,2025-2026,False,MD,3,False,False
2025-08-09,New Hampshire,0.0,0.0,0.4,0.03,,2025-2026,False,NH,1,False,False
2025-08-09,North Dakota,0.05,0.03,0.2,0.02,,2025-2026,False,ND,8,False,False
2025-08-09,Oklahoma,0.01,0.02,0.46,0.02,,2025-2026,False,OK,6,False,False
2025-08-09,South Dakota,0.0,0.0,0.58,0.02,,2025-2026,False,SD,8,False,False
2025-08-09,Utah,0.0,0.01,1.22,0.1,,2025-2026,False,UT,8,False,False
2025-08-09,Washington,0.0,0.01,1.15,0.09,,2025-2026,False,WA,10,False,False
2025-08-09,West Virginia,0.0,0.02,0.55,0.03,,2025-2026,False,WV,3,False,False
2025-08-16,Mississippi,0.03,0.03,2.25,0.27,,2025-2026,False,MS,4,True,False
2025-08-16,New Jersey,0.01,0.01,0.82,0.08,,2025-2026,False,NJ,2,False,False
2025-08-16,Wisconsin,0.01,0.0,0.45,0.02,,2025-2026,False,WI,5,False,False
2025-08-16,Virginia,0.01,0.01,1.42,0.06,,2025-2026,False,VA,3,False,False
2025-08-16,South Carolina,0.01,0.01,1.93,0.07,,2025-2026,False,SC,4,True,False
2025-08-16,Vermont,0.0,0.01,0.39,0.0,,2025-2026,False,VT,1,False,False
2025-08-16,Utah,0.0,0.0,1.49,0.06,,2025-2026,False,UT,8,False,False
2025-08-16,Texas,0.02,0.02,2.22,0.18,,2025-2026,False,TX,6,False,False
2025-08-16,Pennsylvania,0.01,0.0,0.53,0.03,,2025-2026,False,PA,3,False,False
2025-08-16,Massachusetts,0.0,0.01,0.85,0.04,,2025-2026,False,MA,1,False,False
2025-08-16,Maryland,0.01,0.02,1.18,0.07,,2025-2026,False,MD,3,False,False
2025-08-16,Indiana,0.01,0.01,0.77,0.03,,2025-2026,False,IN,5,False,False
2025-08-16,Georgia,0.02,0.02,1.44,0.08,,2025-2026,False,GA,4,True,False
2025-08-16,Florida,0.06,0.06,2.57,0.23,,2025-2026,False,FL,4,False,False
2025-08-16,District of Columbia,0.06,0.03,1.09,0.07,,2025-2026,False,DC,3,False,False
2025-08-16,California,0.01,0.01,1.73,0.09,,2025-2026,False,CA,9,False,False
2025-08-16,Wyoming,0.0,0.0,0.71,0.03,,2025-2026,False,WY,8,False,False
2025-08-16,Oklahoma,0.01,0.01,0.57,0.06,,2025-2026,False,OK,6,False,False
2025-08-16,South Dakota,0.0,0.0,0.5,0.03,,2025-2026,False,SD,8,False,False
2025-08-16,Washington,0.01,0.01,1.46,0.1,,2025-2026,False,WA,10,False,False
2025-08-16,West Virginia,0.01,0.02,0.7,0.01,,2025-2026,False,WV,3,False,False
2025-08-16,North Carolina,0.02,0.02,1.51,0.5,,2025-2026,False,NC,4,True,False
2025-08-16,New York,0.01,0.01,0.62,0.03,,2025-2026,False,NY,2,False,True
2025-08-16,New Mexico,0.01,0.01,1.27,0.1,,2025-2026,False,NM,6,False,False
2025-08-16,Nebraska,0.01,0.01,0.8,0.02,,2025-2026,False,NE,7,False,False
2025-08-16,Michigan,0.01,0.01,0.44,0.03,,2025-2026,False,MI,5,False,False
2025-08-16,Maine,0.01,0.01,0.4,0.05,,2025-2026,False,ME,1,False,False
2025-08-16,Hawaii,0.06,0.06,3.86,0.45,,2025-2026,False,HI,9,False,False
2025-08-16,Connecticut,0.0,0.0,0.81,0.04,,2025-2026,False,CT,1,False,False
2025-08-16,Arkansas,0.01,0.01,0.88,0.07,,2025-2026,False,AR,6,True,False
2025-08-16,Tennessee,0.01,0.01,1.02,0.14,,2025-2026,False,TN,4,True,False
2025-08-16,Rhode Island,0.04,0.01,0.55,0.03,,2025-2026,False,RI,1,False,False
2025-08-16,Alabama,0.05,0.04,1.49,0.14,,2025-2026,False,AL,4,True,False
2025-08-16,Alaska,0.0,0.0,0.84,0.18,,2025-2026,False,AK,10,False,False
2025-08-16,Arizona,0.0,0.0,1.31,0.08,,2025-2026,False,AZ,9,False,False
2025-08-16,Colorado,0.01,0.0,0.9,0.04,,2025-2026,False,CO,8,False,False
2025-08-16,Kansas,0.0,0.01,0.62,0.06,,2025-2026,False,KS,7,False,False
2025-08-16,North Dakota,0.03,0.03,0.33,0.04,,2025-2026,False,ND,8,False,False
2025-08-16,Kentucky,0.02,0.02,1.07,0.04,,2025-2026,False,KY,4,False,False
2025-08-16,Ohio,0.0,0.01,0.51,0.03,,2025-2026,False,OH,5,False,False
2025-08-16,New Hampshire,0.0,0.0,0.47,0.09,,2025-2026,False,NH,1,False,False
2025-08-16,Nevada,0.0,0.0,1.16,0.14,,2025-2026,False,NV,9,False,False
2025-08-16,Montana,0.01,0.01,0.61,0.05,,2025-2026,False,MT,8,False,False
2025-08-16,Iowa,0.01,0.01,0.75,0.05,,2025-2026,False,IA,7,False,False
2025-08-16,Oregon,0.0,0.01,1.24,0.03,,2025-2026,False,OR,10,False,False
2025-08-16,Illinois,0.01,0.01,0.64,0.04,,2025-2026,False,IL,5,False,False
2025-08-16,Idaho,0.01,0.01,0.77,0.11,,2025-2026,False,ID,10,False,False
2025-08-16,Delaware,0.0,0.01,0.9,0.03,,2025-2026,False,DE,3,False,False
2025-08-16,Louisiana,0.01,0.01,2.26,0.15,,2025-2026,False,LA,6,True,False
2025-08-16,Minnesota,0.03,0.03,0.44,0.06,,2025-2026,False,MN,5,False,True
2025-08-23,South Carolina,0.0,0.01,2.28,0.09,,2025-2026,False,SC,4,True,False
2025-08-23,Wyoming,0.0,0.0,0.69,0.05,,2025-2026,False,WY,8,False,False
2025-08-23,Virginia,0.02,0.01,1.62,0.08,,2025-2026,False,VA,3,False,False
2025-08-23,Utah,0.0,0.0,1.61,0.06,,2025-2026,False,UT,8,False,False
2025-08-23,Tennessee,0.02,0.01,1.32,0.12,,2025-2026,False,TN,4,True,False
2025-08-23,South Dakota,0.0,0.0,0.74,0.05,,2025-2026,False,SD,8,False,False
2025-08-23,Oregon,0.0,0.0,1.45,0.05,,2025-2026,False,OR,10,False,False
2025-08-23,Maryland,0.03,0.02,1.3,0.07,,2025-2026,False,MD,3,False,False
2025-08-23,Maine,0.01,0.01,0.44,0.02,,2025-2026,False,ME,1,False,False
2025-08-23,Indiana,0.01,0.01,0.86,0.03,,2025-2026,False,IN,5,False,False
2025-08-23,Georgia,0.03,0.03,1.84,0.13,,2025-2026,False,GA,4,True,False
2025-08-23,District of Columbia,0.01,0.04,1.34,0.06,,2025-2026,False,DC,3,False,False
2025-08-23,Alabama,0.06,0.05,1.99,0.23,,2025-2026,False,AL,4,True,False
2025-08-23,Kansas,0.0,0.0,0.77,0.03,,2025-2026,False,KS,7,False,False
2025-08-23,Ohio,0.0,0.0,0.57,0.03,,2025-2026,False,OH,5,False,False
2025-08-23,California,0.01,0.01,2.0,0.11,,2025-2026,False,CA,9,False,False
2025-08-23,Vermont,0.0,0.01,0.45,0.02,,2025-2026,False,VT,1,False,False
2025-08-23,Oklahoma,0.02,0.01,0.59,0.09,,2025-2026,False,OK,6,False,False
2025-08-23,Arizona,0.0,0.0,1.48,0.09,,2025-2026,False,AZ,9,False,False
2025-08-23,Colorado,0.01,0.01,1.08,0.04,,2025-2026,False,CO,8,False,False
2025-08-23,Hawaii,0.04,0.06,3.48,0.42,,2025-2026,False,HI,9,False,False
2025-08-23,Idaho,0.03,0.01,1.14,0.1,,2025-2026,False,ID,10,False,False
2025-08-23,Illinois,0.01,0.01,0.74,0.04,,2025-2026,False,IL,5,False,False
2025-08-23,Massachusetts,0.01,0.01,0.9,0.05,,2025-2026,False,MA,1,False,False
2025-08-23,Michigan,0.0,0.01,0.48,0.02,,2025-2026,False,MI,5,False,False
2025-08-23,Minnesota,0.02,0.02,0.66,0.09,,2025-2026,False,MN,5,False,True
2025-08-23,Mississippi,0.02,0.03,2.38,0.28,,2025-2026,False,MS,4,True,False
2025-08-23,Montana,0.01,0.01,0.44,0.04,,2025-2026,False,MT,8,False,False
2025-08-23,Nebraska,0.02,0.02,0.54,0.05,,2025-2026,False,NE,7,False,False
2025-08-23,Nevada,0.01,0.01,1.54,0.14,,2025-2026,False,NV,9,False,False
2025-08-23,New Mexico,0.01,0.01,1.44,0.08,,2025-2026,False,NM,6,False,False
2025-08-23,North Carolina,0.02,0.02,2.11,0.66,,2025-2026,False,NC,4,True,False
2025-08-23,Texas,0.03,0.02,2.97,0.2,,2025-2026,False,TX,6,False,False
2025-08-23,West Virginia,0.02,0.01,0.93,0.03,,2025-2026,False,WV,3,False,False
2025-08-23,Kentucky,0.04,0.02,1.35,0.06,,2025-2026,False,KY,4,False,False
2025-08-23,Louisiana,0.01,0.01,2.93,0.15,,2025-2026,False,LA,6,True,False
2025-08-23,New Jersey,0.01,0.01,0.89,0.08,,2025-2026,False,NJ,2,False,False
2025-08-23,New York,0.01,0.01,0.64,0.04,,2025-2026,False,NY,2,False,True
2025-08-23,Pennsylvania,0.01,0.01,0.53,0.03,,2025-2026,False,PA,3,False,False
2025-08-23,Rhode Island,0.0,0.01,0.81,0.05,,2025-2026,False,RI,1,False,False
2025-08-23,Washington,0.01,0.01,1.54,0.09,,2025-2026,False,WA,10,False,False
2025-08-23,Wisconsin,0.0,0.0,0.63,0.03,,2025-2026,False,WI,5,False,False
2025-08-23,Arkansas,0.01,0.01,0.93,0.01,,2025-2026,False,AR,6,True,False
2025-08-23,Connecticut,0.0,0.0,0.89,0.03,,2025-2026,False,CT,1,False,False
2025-08-23,Delaware,0.01,0.0,0.95,0.05,,2025-2026,False,DE,3,False,False
2025-08-23,Iowa,0.03,0.01,0.79,0.03,,2025-2026,False,IA,7,False,False
2025-08-23,New Hampshire,0.0,0.0,0.62,0.06,,2025-2026,False,NH,1,False,False
2025-08-23,North Dakota,0.0,0.03,0.34,0.06,,2025-2026,False,ND,8,False,False
2025-08-23,Alaska,0.0,0.0,0.94,0.29,,2025-2026,False,AK,10,False,False
2025-08-23,Florida,0.08,0.06,2.93,0.28,,2025-2026,False,FL,4,False,False
2025-08-30,Oregon,0.0,0.0,1.41,0.05,,2025-2026,False,OR,10,False,False
2025-08-30,Arizona,0.0,0.0,1.29,0.06,,2025-2026,False,AZ,9,False,False
2025-08-30,Connecticut,0.01,0.01,1.05,0.04,,2025-2026,False,CT,1,False,False
2025-08-30,Idaho,0.01,0.01,1.47,0.11,,2025-2026,False,ID,10,False,False
2025-08-30,Illinois,0.01,0.01,0.86,0.05,,2025-2026,False,IL,5,False,False
2025-08-30,Kentucky,0.02,0.02,1.6,0.07,,2025-2026,False,KY,4,False,False
2025-08-30,Michigan,0.01,0.01,0.59,0.04,,2025-2026,False,MI,5,False,False
2025-08-30,Maine,0.0,0.0,0.47,0.03,,2025-2026,False,ME,1,False,False
2025-08-30,Alabama,0.06,0.06,2.15,0.29,,2025-2026,False,AL,4,True,False
2025-08-30,Arkansas,0.02,0.02,1.13,0.04,,2025-2026,False,AR,6,True,False
2025-08-30,Wyoming,0.03,0.01,1.05,0.05,,2025-2026,False,WY,8,False,False
2025-08-30,Utah,0.0,0.0,1.68,0.08,,2025-2026,False,UT,8,False,False
2025-08-30,West Virginia,0.0,0.01,1.05,0.03,,2025-2026,False,WV,3,False,False
2025-08-30,Wisconsin,0.01,0.01,0.69,0.05,,2025-2026,False,WI,5,False,False
2025-08-30,Colorado,0.0,0.01,1.04,0.06,,2025-2026,False,CO,8,False,False
2025-08-30,Texas,0.03,0.02,3.2,0.24,,2025-2026,False,TX,6,False,False
2025-08-30,Pennsylvania,0.01,0.01,0.65,0.04,,2025-2026,False,PA,3,False,False
2025-08-30,Oklahoma,0.01,0.01,0.95,0.12,,2025-2026,False,OK,6,False,False
2025-08-30,California,0.01,0.01,2.15,0.12,,2025-2026,False,CA,9,False,False
2025-08-30,District of Columbia,0.07,0.05,1.32,0.2,,2025-2026,False,DC,3,False,False
2025-08-30,Iowa,0.02,0.02,0.95,0.05,,2025-2026,False,IA,7,False,False
2025-08-30,Maryland,0.02,0.02,1.44,0.09,,2025-2026,False,MD,3,False,False
2025-08-30,Massachusetts,0.01,0.01,0.96,0.05,,2025-2026,False,MA,1,False,False
2025-08-30,Minnesota,0.02,0.02,0.71,0.06,,2025-2026,False,MN,5,False,True
2025-08-30,Montana,0.0,0.01,0.79,0.08,,2025-2026,False,MT,8,False,False
2025-08-30,Nevada,0.0,0.01,1.44,0.11,,2025-2026,False,NV,9,False,False
2025-08-30,Rhode Island,0.0,0.01,0.67,0.06,,2025-2026,False,RI,1,False,False
2025-08-30,South Dakota,0.0,0.0,0.65,0.02,,2025-2026,False,SD,8,False,False
2025-08-30,Washington,0.01,0.01,1.7,0.08,,2025-2026,False,WA,10,False,False
2025-08-30,North Carolina,0.02,0.02,2.49,0.79,,2025-2026,False,NC,4,True,False
2025-08-30,New Jersey,0.02,0.02,1.01,0.09,,2025-2026,False,NJ,2,False,False
2025-08-30,New Hampshire,0.02,0.01,0.74,0.08,,2025-2026,False,NH,1,False,False
2025-08-30,Virginia,0.02,0.02,1.74,0.1,,2025-2026,False,VA,3,False,False
2025-08-30,Vermont,0.03,0.01,0.67,0.09,,2025-2026,False,VT,1,False,False
2025-08-30,Tennessee,0.02,0.02,1.24,0.19,,2025-2026,False,TN,4,True,False
2025-08-30,South Carolina,0.01,0.01,2.77,0.13,,2025-2026,False,SC,4,True,False
2025-08-30,Ohio,0.0,0.0,0.73,0.03,,2025-2026,False,OH,5,False,False
2025-08-30,North Dakota,0.0,0.01,0.35,0.02,,2025-2026,False,ND,8,False,False
2025-08-30,New York,0.01,0.01,0.67,0.05,,2025-2026,False,NY,2,False,True
2025-08-30,Nebraska,0.02,0.01,0.71,0.03,,2025-2026,False,NE,7,False,False
2025-08-30,Kansas,0.01,0.01,0.87,0.04,,2025-2026,False,KS,7,False,False
2025-08-30,Indiana,0.02,0.01,0.87,0.05,,2025-2026,False,IN,5,False,False
2025-08-30,Hawaii,0.07,0.06,2.99,0.25,,2025-2026,False,HI,9,False,False
2025-08-30,Louisiana,0.02,0.01,3.08,0.18,,2025-2026,False,LA,6,True,False
2025-08-30,Georgia,0.04,0.03,1.87,0.18,,2025-2026,False,GA,4,True,False
2025-08-30,Florida,0.11,0.08,3.1,0.32,,2025-2026,False,FL,4,False,False
2025-08-30,Alaska,0.0,0.0,1.24,0.22,,2025-2026,False,AK,10,False,False
2025-08-30,Delaware,0.03,0.01,0.86,0.05,,2025-2026,False,DE,3,False,False
2025-08-30,Mississippi,0.02,0.02,1.89,0.27,,2025-2026,False,MS,4,True,False
2025-08-30,New Mexico,0.02,0.01,1.28,0.05,,2025-2026,False,NM,6,False,False
2025-09-06,Nebraska,0.01,0.01,0.65,0.06,,2025-2026,False,NE,7,False,False
2025-09-06,Virginia,0.02,0.02,1.74,0.13,,2025-2026,False,VA,3,False,False
2025-09-06,Vermont,0.0,0.01,0.7,0.02,,2025-2026,False,VT,1,False,False
2025-09-06,Tennessee,0.03,0.02,1.14,0.16,,2025-2026,False,TN,4,True,False
2025-09-06,South Carolina,0.0,0.01,2.41,0.11,,2025-2026,False,SC,4,True,False
2025-09-06,Rhode Island,0.0,0.0,0.94,0.03,,2025-2026,False,RI,1,False,False
2025-09-06,Pennsylvania,0.02,0.01,0.85,0.06,,2025-2026,False,PA,3,False,False
2025-09-06,Ohio,0.01,0.0,0.9,0.04,,2025-2026,False,OH,5,False,False
2025-09-06,New York,0.01,0.01,0.79,0.05,,2025-2026,False,NY,2,False,True
2025-09-06,New Hampshire,0.01,0.01,0.95,0.11,,2025-2026,False,NH,1,False,False
2025-09-06,Nevada,0.01,0.01,1.37,0.09,,2025-2026,False,NV,9,False,False
2025-09-06,Michigan,0.01,0.01,0.79,0.06,,2025-2026,False,MI,5,False,False
2025-09-06,Maryland,0.03,0.02,1.58,0.09,,2025-2026,False,MD,3,False,False
2025-09-06,Florida,0.1,0.1,2.49,0.33,,2025-2026,False,FL,4,False,False
2025-09-06,Alaska,0.03,0.01,1.17,0.4,,2025-2026,False,AK,10,False,False
2025-09-06,Arkansas,0.01,0.02,1.58,0.05,,2025-2026,False,AR,6,True,False
2025-09-06,Georgia,0.03,0.03,1.36,0.13,,2025-2026,False,GA,4,True,False
2025-09-06,Illinois,0.02,0.02,1.0,0.06,,2025-2026,False,IL,5,False,False
2025-09-06,Indiana,0.01,0.01,0.85,0.06,,2025-2026,False,IN,5,False,False
2025-09-06,Massachusetts,0.02,0.01,1.11,0.06,,2025-2026,False,MA,1,False,False
2025-09-06,North Carolina,0.03,0.02,2.7,1.05,,2025-2026,False,NC,4,True,False
2025-09-06,South Dakota,0.02,0.01,0.77,0.02,,2025-2026,False,SD,8,False,False
2025-09-06,Washington,0.01,0.01,1.76,0.1,,2025-2026,False,WA,10,False,False
2025-09-06,West Virginia,0.0,0.01,1.43,0.04,,2025-2026,False,WV,3,False,False
2025-09-06,Wisconsin,0.01,0.01,0.9,0.04,,2025-2026,False,WI,5,False,False
2025-09-06,Wyoming,0.03,0.02,1.26,0.08,,2025-2026,False,WY,8,False,False
2025-09-06,Utah,0.02,0.01,1.5,0.08,,2025-2026,False,UT,8,False,False
2025-09-06,Texas,0.03,0.03,2.54,0.25,,2025-2026,False,TX,6,False,False
2025-09-06,Oregon,0.0,0.0,1.71,0.08,,2025-2026,False,OR,10,False,False
2025-09-06,North Dakota,0.0,0.0,0.49,0.06,,2025-2026,False,ND,8,False,False
2025-09-06,Montana,0.01,0.01,0.91,0.03,,2025-2026,False,MT,8,False,False
2025-09-06,Mississippi,0.01,0.02,1.78,0.29,,2025-2026,False,MS,4,True,False
2025-09-06,Minnesota,0.03,0.02,0.8,0.11,,2025-2026,False,MN,5,False,True
2025-09-06,Kentucky,0.03,0.03,1.5,0.07,,2025-2026,False,KY,4,False,False
2025-09-06,Kansas,0.02,0.01,0.98,0.05,,2025-2026,False,KS,7,False,False
2025-09-06,Iowa,0.01,0.02,1.21,0.04,,2025-2026,False,IA,7,False,False
2025-09-06,Hawaii,0.06,0.06,2.31,0.24,,2025-2026,False,HI,9,False,False
2025-09-06,Alabama,0.07,0.06,1.93,0.28,,2025-2026,False,AL,4,True,False
2025-09-06,Arizona,0.0,0.0,1.19,0.08,,2025-2026,False,AZ,9,False,False
2025-09-06,California,0.01,0.01,2.07,0.13,,2025-2026,False,CA,9,False,False
2025-09-06,Colorado,0.02,0.01,0.94,0.06,,2025-2026,False,CO,8,False,False
2025-09-06,Connecticut,0.02,0.01,1.36,0.05,,2025-2026,False,CT,1,False,False
2025-09-06,Delaware,0.05,0.03,1.18,0.03,,2025-2026,False,DE,3,False,False
2025-09-06,District of Columbia,0.01,0.03,1.54,0.05,,2025-2026,False,DC,3,False,False
2025-09-06,Idaho,0.01,0.01,1.28,0.1,,2025-2026,False,ID,10,False,False
2025-09-06,Louisiana,0.02,0.01,2.45,0.14,,2025-2026,False,LA,6,True,False
2025-09-06,Maine,0.01,0.0,0.67,0.04,,2025-2026,False,ME,1,False,False
2025-09-06,New Jersey,0.02,0.02,1.06,0.1,,2025-2026,False,NJ,2,False,False
2025-09-06,New Mexico,0.01,0.02,1.03,0.09,,2025-2026,False,NM,6,False,False
2025-09-06,Oklahoma,0.01,0.01,0.87,0.13,,2025-2026,False,OK,6,False,False
2025-09-13,Ohio,0.0,0.0,0.85,0.05,,2025-2026,False,OH,5,False,False
2025-09-13,Utah,0.02,0.01,1.15,0.07,,2025-2026,False,UT,8,False,False
2025-09-13,Vermont,0.0,0.01,0.87,0.02,,2025-2026,False,VT,1,False,False
2025-09-13,West Virginia,0.03,0.01,1.52,0.05,,2025-2026,False,WV,3,False,False
2025-09-13,Wisconsin,0.01,0.01,1.05,0.06,,2025-2026,False,WI,5,False,False
2025-09-13,Wyoming,0.0,0.02,1.24,0.05,,2025-2026,False,WY,8,False,False
2025-09-13,South Dakota,0.03,0.02,1.04,0.06,,2025-2026,False,SD,8,False,False
2025-09-13,Washington,0.02,0.01,1.92,0.14,,2025-2026,False,WA,10,False,False
2025-09-13,Virginia,0.02,0.02,1.39,0.11,,2025-2026,False,VA,3,False,False
2025-09-13,Texas,0.04,0.03,1.72,0.25,,2025-2026,False,TX,6,False,False
2025-09-13,Tennessee,0.03,0.03,0.92,0.17,,2025-2026,False,TN,4,True,False
2025-09-13,Oklahoma,0.04,0.02,0.8,0.17,,2025-2026,False,OK,6,False,False
2025-09-13,Montana,0.0,0.0,0.96,0.04,,2025-2026,False,MT,8,False,False
2025-09-13,Michigan,0.01,0.01,0.83,0.05,,2025-2026,False,MI,5,False,False
2025-09-13,Louisiana,0.02,0.02,1.54,0.16,,2025-2026,False,LA,6,True,False
2025-09-13,Kansas,0.03,0.02,0.89,0.08,,2025-2026,False,KS,7,False,False
2025-09-13,Hawaii,0.06,0.07,1.93,0.36,,2025-2026,False,HI,9,False,False
2025-09-13,Georgia,0.05,0.04,0.86,0.08,,2025-2026,False,GA,4,True,False
2025-09-13,New Jersey,0.02,0.02,1.06,0.1,,2025-2026,False,NJ,2,False,False
2025-09-13,New York,0.02,0.02,0.78,0.05,,2025-2026,False,NY,2,False,True
2025-09-13,Oregon,0.0,0.0,1.66,0.07,,2025-2026,False,OR,10,False,False
2025-09-13,Rhode Island,0.01,0.0,0.81,0.05,,2025-2026,False,RI,1,False,False
2025-09-13,Arkansas,0.03,0.02,1.37,0.13,,2025-2026,False,AR,6,True,False
2025-09-13,Arizona,0.0,0.0,0.92,0.05,,2025-2026,False,AZ,9,False,False
2025-09-13,Connecticut,0.01,0.01,1.41,0.06,,2025-2026,False,CT,1,False,False
2025-09-13,Pennsylvania,0.01,0.01,0.85,0.07,,2025-2026,False,PA,3,False,False
2025-09-13,Kentucky,0.01,0.02,1.24,0.06,,2025-2026,False,KY,4,False,False
2025-09-13,Illinois,0.02,0.02,0.89,0.05,,2025-2026,False,IL,5,False,False
2025-09-13,Alaska,0.01,0.01,1.06,0.36,,2025-2026,False,AK,10,False,False
2025-09-13,Alabama,0.09,0.07,1.26,0.27,,2025-2026,False,AL,4,True,False
2025-09-13,Delaware,0.0,0.02,1.1,0.04,,2025-2026,False,DE,3,False,False
2025-09-13,District of Columbia,0.07,0.05,1.07,0.07,,2025-2026,False,DC,3,False,False
2025-09-13,Florida,0.13,0.11,1.76,0.29,,2025-2026,False,FL,4,False,False
2025-09-13,Idaho,0.03,0.01,1.37,0.14,,2025-2026,False,ID,10,False,False
2025-09-13,Indiana,0.02,0.02,0.76,0.07,,2025-2026,False,IN,5,False,False
2025-09-13,South Carolina,0.01,0.01,1.66,0.12,,2025-2026,False,SC,4,True,False
2025-09-13,Iowa,0.02,0.02,1.2,0.04,,2025-2026,False,IA,7,False,False
2025-09-13,Maine,0.05,0.02,0.61,0.01,,2025-2026,False,ME,1,False,False
2025-09-13,Maryland,0.01,0.02,1.33,0.12,,2025-2026,False,MD,3,False,False
2025-09-13,Massachusetts,0.02,0.02,1.14,0.07,,2025-2026,False,MA,1,False,False
2025-09-13,Minnesota,0.02,0.02,0.97,0.12,,2025-2026,False,MN,5,False,True
2025-09-13,Nevada,0.01,0.0,1.08,0.09,,2025-2026,False,NV,9,False,False
2025-09-13,California,0.01,0.01,1.75,0.13,,2025-2026,False,CA,9,False,False
2025-09-13,Colorado,0.0,0.01,0.86,0.09,,2025-2026,False,CO,8,False,False
2025-09-13,Mississippi,0.01,0.01,1.5,0.17,,2025-2026,False,MS,4,True,False
2025-09-13,Nebraska,0.01,0.01,0.57,0.06,,2025-2026,False,NE,7,False,False
2025-09-13,New Hampshire,0.0,0.01,0.81,0.08,,2025-2026,False,NH,1,False,False
2025-09-13,New Mexico,0.01,0.01,0.91,0.05,,2025-2026,False,NM,6,False,False
2025-09-13,North Carolina,0.02,0.02,2.31,1.09,,2025-2026,False,NC,4,True,False
2025-09-13,North Dakota,0.0,0.0,0.43,0.01,,2025-2026,False,ND,8,False,False
2025-09-20,California,0.01,0.01,1.39,0.13,,2025-2026,False,CA,9,False,False
2025-09-20,New Hampshire,0.01,0.01,0.88,0.09,,2025-2026,False,NH,1,False,False
2025-09-20,New York,0.02,0.02,0.83,0.06,,2025-2026,False,NY,2,False,True
2025-09-20,Oregon,0.0,0.0,1.57,0.04,,2025-2026,False,OR,10,False,False
2025-09-20,South Carolina,0.02,0.01,1.19,0.09,,2025-2026,False,SC,4,True,False
2025-09-20,Tennessee,0.02,0.03,0.77,0.15,,2025-2026,False,TN,4,True,False
2025-09-20,Kentucky,0.02,0.02,0.91,0.06,,2025-2026,False,KY,4,False,False
2025-09-20,North Dakota,0.02,0.0,0.47,0.03,,2025-2026,False,ND,8,False,False
2025-09-20,South Dakota,0.03,0.03,0.71,0.03,,2025-2026,False,SD,8,False,False
2025-09-20,Wyoming,0.03,0.02,1.17,0.08,,2025-2026,False,WY,8,False,False
2025-09-20,Arizona,0.01,0.0,0.81,0.08,,2025-2026,False,AZ,9,False,False
2025-09-20,Nevada,0.01,0.01,0.98,0.09,,2025-2026,False,NV,9,False,False
2025-09-20,Delaware,0.02,0.02,1.29,0.05,,2025-2026,False,DE,3,False,False
2025-09-20,District of Columbia,0.04,0.04,0.75,0.04,,2025-2026,False,DC,3,False,False
2025-09-20,Maryland,0.03,0.02,1.05,0.08,,2025-2026,False,MD,3,False,False
2025-09-20,Massachusetts,0.02,0.02,1.02,0.07,,2025-2026,False,MA,1,False,False
2025-09-20,Montana,0.0,0.0,0.81,0.02,,2025-2026,False,MT,8,False,False
2025-09-20,New Mexico,0.0,0.01,0.87,0.13,,2025-2026,False,NM,6,False,False
2025-09-20,North Carolina,0.03,0.03,1.69,0.81,,2025-2026,False,NC,4,True,False
2025-09-20,Oklahoma,0.01,0.02,0.78,0.08,,2025-2026,False,OK,6,False,False
2025-09-20,Pennsylvania,0.01,0.01,0.74,0.07,,2025-2026,False,PA,3,False,False
2025-09-20,Virginia,0.04,0.03,1.05,0.11,,2025-2026,False,VA,3,False,False
2025-09-20,West Virginia,0.02,0.02,1.13,0.04,,2025-2026,False,WV,3,False,False
2025-09-20,Wisconsin,0.01,0.01,0.95,0.07,,2025-2026,False,WI,5,False,False
2025-09-20,Washington,0.01,0.01,1.66,0.14,,2025-2026,False,WA,10,False,False
2025-09-20,Vermont,0.0,0.0,0.92,0.02,,2025-2026,False,VT,1,False,False
2025-09-20,Utah,0.0,0.01,0.87,0.06,,2025-2026,False,UT,8,False,False
2025-09-20,Texas,0.03,0.03,1.25,0.25,,2025-2026,False,TX,6,False,False
2025-09-20,Rhode Island,0.04,0.02,0.89,0.11,,2025-2026,False,RI,1,False,False
2025-09-20,Ohio,0.01,0.01,0.68,0.05,,2025-2026,False,OH,5,False,False
2025-09-20,New Jersey,0.03,0.02,1.05,0.13,,2025-2026,False,NJ,2,False,False
2025-09-20,Nebraska,0.01,0.01,0.42,0.02,,2025-2026,False,NE,7,False,False
2025-09-20,Mississippi,0.04,0.02,1.03,0.22,,2025-2026,False,MS,4,True,False
2025-09-20,Minnesota,0.0,0.02,0.86,0.06,,2025-2026,False,MN,5,False,True
2025-09-20,Michigan,0.0,0.01,0.83,0.05,,2025-2026,False,MI,5,False,False
2025-09-20,Louisiana,0.02,0.02,1.09,0.24,,2025-2026,False,LA,6,True,False
2025-09-20,Iowa,0.01,0.01,1.1,0.07,,2025-2026,False,IA,7,False,False
2025-09-20,Indiana,0.02,0.02,0.59,0.05,,2025-2026,False,IN,5,False,False
2025-09-20,Illinois,0.02,0.02,0.73,0.07,,2025-2026,False,IL,5,False,False
2025-09-20,Colorado,0.01,0.01,0.74,0.07,,2025-2026,False,CO,8,False,False
2025-09-20,Alaska,0.0,0.01,1.0,0.33,,2025-2026,False,AK,10,False,False
2025-09-20,Connecticut,0.02,0.02,1.43,0.09,,2025-2026,False,CT,1,False,False
2025-09-20,Florida,0.15,0.13,1.23,0.33,,2025-2026,False,FL,4,False,False
2025-09-20,Hawaii,0.15,0.09,1.1,0.26,,2025-2026,False,HI,9,False,False
2025-09-20,Idaho,0.02,0.02,1.06,0.08,,2025-2026,False,ID,10,False,False
2025-09-20,Kansas,0.03,0.03,0.68,0.06,,2025-2026,False,KS,7,False,False
2025-09-20,Alabama,0.11,0.09,0.87,0.2,,2025-2026,False,AL,4,True,False
2025-09-20,Arkansas,0.07,0.04,0.92,0.09,,2025-2026,False,AR,6,True,False
2025-09-20,Georgia,0.05,0.04,0.59,0.07,,2025-2026,False,GA,4,True,False
2025-09-20,Maine,0.03,0.03,0.75,0.09,,2025-2026,False,ME,1,False,False
2025-09-27,Rhode Island,0.02,0.02,0.69,0.08,,2025-2026,False,RI,1,False,False
2025-09-27,North Dakota,0.01,0.01,0.32,0.04,,2025-2026,False,ND,8,False,False
2025-09-27,New Mexico,0.01,0.0,0.75,0.09,,2025-2026,False,NM,6,False,False
2025-09-27,New Jersey,0.03,0.03,0.8,0.13,,2025-2026,False,NJ,2,False,False
2025-09-27,Nebraska,0.01,0.01,0.36,0.02,,2025-2026,False,NE,7,False,False
2025-09-27,Mississippi,0.04,0.03,0.97,0.19,,2025-2026,False,MS,4,True,False
2025-09-27,Michigan,0.01,0.01,0.6,0.04,,2025-2026,False,MI,5,False,False
2025-09-27,District of Columbia,0.03,0.05,0.37,0.05,,2025-2026,False,DC,3,False,False
2025-09-27,Arizona,0.01,0.01,0.76,0.07,,2025-2026,False,AZ,9,False,False
2025-09-27,Alaska,0.03,0.01,0.77,0.23,,2025-2026,False,AK,10,False,False
2025-09-27,Delaware,0.04,0.02,0.81,0.04,,2025-2026,False,DE,3,False,False
2025-09-27,Colorado,0.02,0.01,0.63,0.1,,2025-2026,False,CO,8,False,False
2025-09-27,Arkansas,0.08,0.06,0.76,0.11,,2025-2026,False,AR,6,True,False
2025-09-27,Alabama,0.1,0.1,0.71,0.19,,2025-2026,False,AL,4,True,False
2025-09-27,Georgia,0.04,0.05,0.41,0.09,,2025-2026,False,GA,4,True,False
2025-09-27,Idaho,0.01,0.02,0.95,0.07,,2025-2026,False,ID,10,False,False
2025-09-27,Illinois,0.02,0.02,0.53,0.06,,2025-2026,False,IL,5,False,False
2025-09-27,Louisiana,0.03,0.02,0.69,0.27,,2025-2026,False,LA,6,True,False
2025-09-27,Maine,0.04,0.04,0.67,0.06,,2025-2026,False,ME,1,False,False
2025-09-27,Maryland,0.03,0.03,0.81,0.1,,2025-2026,False,MD,3,False,False
2025-09-27,Montana,0.0,0.0,0.9,0.06,,2025-2026,False,MT,8,False,False
2025-09-27,New York,0.02,0.02,0.72,0.07,,2025-2026,False,NY,2,False,True
2025-09-27,Hawaii,0.07,0.09,0.84,0.26,,2025-2026,False,HI,9,False,False
2025-09-27,Iowa,0.01,0.01,0.75,0.04,,2025-2026,False,IA,7,False,False
2025-09-27,Kansas,0.02,0.03,0.54,0.12,,2025-2026,False,KS,7,False,False
2025-09-27,Kentucky,0.05,0.03,0.72,0.16,,2025-2026,False,KY,4,False,False
2025-09-27,New Hampshire,0.0,0.0,0.81,0.19,,2025-2026,False,NH,1,False,False
2025-09-27,Oklahoma,0.01,0.02,0.55,0.08,,2025-2026,False,OK,6,False,False
2025-09-27,Pennsylvania,0.01,0.01,0.57,0.07,,2025-2026,False,PA,3,False,False
2025-09-27,Wyoming,0.03,0.02,1.06,0.03,,2025-2026,False,WY,8,False,False
2025-09-27,North Carolina,0.03,0.03,1.14,0.74,,2025-2026,False,NC,4,True,False
2025-09-27,Ohio,0.0,0.0,0.48,0.04,,2025-2026,False,OH,5,False,False
2025-09-27,California,0.02,0.01,1.06,0.11,,2025-2026,False,CA,9,False,False
2025-09-27,Connecticut,0.01,0.01,1.02,0.08,,2025-2026,False,CT,1,False,False
2025-09-27,Florida,0.19,0.16,0.86,0.36,,2025-2026,False,FL,4,False,False
2025-09-27,Indiana,0.02,0.02,0.42,0.04,,2025-2026,False,IN,5,False,False
2025-09-27,Massachusetts,0.04,0.03,0.98,0.1,,2025-2026,False,MA,1,False,False
2025-09-27,Minnesota,0.02,0.01,0.67,0.12,,2025-2026,False,MN,5,False,True
2025-09-27,Nevada,0.0,0.01,0.67,0.12,,2025-2026,False,NV,9,False,False
2025-09-27,South Carolina,0.03,0.02,0.88,0.17,,2025-2026,False,SC,4,True,False
2025-09-27,South Dakota,0.0,0.02,0.81,0.03,,2025-2026,False,SD,8,False,False
2025-09-27,Vermont,0.03,0.01,0.78,0.0,,2025-2026,False,VT,1,False,False
2025-09-27,West Virginia,0.02,0.02,0.88,0.09,,2025-2026,False,WV,3,False,False
2025-09-27,Oregon,0.01,0.0,1.32,0.05,,2025-2026,False,OR,10,False,False
2025-09-27,Texas,0.04,0.04,0.81,0.26,,2025-2026,False,TX,6,False,False
2025-09-27,Wisconsin,0.01,0.01,0.74,0.08,,2025-2026,False,WI,5,False,False
2025-09-27,Washington,0.01,0.02,1.37,0.14,,2025-2026,False,WA,10,False,False
2025-09-27,Virginia,0.04,0.03,0.71,0.08,,2025-2026,False,VA,3,False,False
2025-09-27,Utah,0.0,0.01,0.63,0.11,,2025-2026,False,UT,8,False,False
2025-09-27,Tennessee,0.03,0.03,0.64,0.16,,2025-2026,False,TN,4,True,False
2025-10-04,New Hampshire,0.02,0.01,0.64,0.15,,2025-2026,True,NH,1,False,False
2025-10-04,Alaska,0.0,0.01,0.54,0.13,,2025-2026,True,AK,10,False,False
2025-10-04,Arkansas,0.11,0.09,0.61,0.08,,2025-2026,True,AR,6,True,False
2025-10-04,Hawaii,0.1,0.11,0.6,0.21,,2025-2026,True,HI,9,False,False
2025-10-04,Nebraska,0.01,0.01,0.18,0.01,,2025-2026,True,NE,7,False,False
2025-10-04,New Jersey,0.04,0.03,0.59,0.13,,2025-2026,True,NJ,2,False,False
2025-10-04,North Carolina,0.04,0.03,0.8,0.66,,2025-2026,True,NC,4,True,False
2025-10-04,Oklahoma,0.02,0.02,0.38,0.08,,2025-2026,True,OK,6,False,False
2025-10-04,Oregon,0.0,0.01,1.04,0.09,,2025-2026,True,OR,10,False,False
2025-10-04,Pennsylvania,0.01,0.01,0.42,0.08,,2025-2026,True,PA,3,False,False
2025-10-04,Utah,0.01,0.0,0.53,0.11,,2025-2026,True,UT,8,False,False
2025-10-04,Wyoming,0.03,0.03,0.78,0.0,,2025-2026,True,WY,8,False,False
2025-10-04,Connecticut,0.02,0.01,0.82,0.06,,2025-2026,True,CT,1,False,False
2025-10-04,District of Columbia,0.09,0.05,0.25,0.13,,2025-2026,True,DC,3,False,False
2025-10-04,Maryland,0.05,0.04,0.65,0.11,,2025-2026,True,MD,3,False,False
2025-10-04,Massachusetts,0.02,0.03,0.71,0.06,,2025-2026,True,MA,1,False,False
2025-10-04,Michigan,0.01,0.01,0.48,0.04,,2025-2026,True,MI,5,False,False
2025-10-04,Minnesota,0.02,0.01,0.53,0.11,,2025-2026,True,MN,5,False,True
2025-10-04,Nevada,0.02,0.01,0.52,0.13,,2025-2026,True,NV,9,False,False
2025-10-04,Ohio,0.01,0.01,0.32,0.08,,2025-2026,True,OH,5,False,False
2025-10-04,South Dakota,0.0,0.01,0.42,0.05,,2025-2026,True,SD,8,False,False
2025-10-04,Tennessee,0.04,0.03,0.54,0.16,,2025-2026,True,TN,4,True,False
2025-10-04,Texas,0.06,0.05,0.57,0.28,,2025-2026,True,TX,6,False,False
2025-10-04,West Virginia,0.03,0.02,0.56,0.06,,2025-2026,True,WV,3,False,False
2025-10-04,Wisconsin,0.0,0.01,0.5,0.08,,2025-2026,True,WI,5,False,False
2025-10-04,Virginia,0.06,0.05,0.49,0.1,,2025-2026,True,VA,3,False,False
2025-10-04,Vermont,0.0,0.01,0.71,0.08,,2025-2026,True,VT,1,False,False
2025-10-04,Rhode Island,0.0,0.02,0.65,0.07,,2025-2026,True,RI,1,False,False
2025-10-04,North Dakota,0.0,0.01,0.22,0.04,,2025-2026,True,ND,8,False,False
2025-10-04,Montana,0.01,0.0,0.79,0.06,,2025-2026,True,MT,8,False,False
2025-10-04,Maine,0.01,0.02,0.57,0.14,,2025-2026,True,ME,1,False,False
2025-10-04,Illinois,0.03,0.02,0.48,0.08,,2025-2026,True,IL,5,False,False
2025-10-04,Idaho,0.04,0.02,0.75,0.14,,2025-2026,True,ID,10,False,False
2025-10-04,Florida,0.22,0.19,0.6,0.41,,2025-2026,True,FL,4,False,False
2025-10-04,Delaware,0.03,0.03,0.59,0.1,,2025-2026,True,DE,3,False,False
2025-10-04,Colorado,0.01,0.01,0.51,0.11,,2025-2026,True,CO,8,False,False
2025-10-04,California,0.02,0.02,0.81,0.15,,2025-2026,True,CA,9,False,False
2025-10-04,Arizona,0.01,0.01,0.64,0.09,,2025-2026,True,AZ,9,False,False
2025-10-04,Alabama,0.11,0.11,0.49,0.25,,2025-2026,True,AL,4,True,False
2025-10-04,Georgia,0.06,0.05,0.31,0.08,,2025-2026,True,GA,4,True,False
2025-10-04,Indiana,0.03,0.02,0.38,0.07,,2025-2026,True,IN,5,False,False
2025-10-04,Iowa,0.01,0.01,0.59,0.07,,2025-2026,True,IA,7,False,False
2025-10-04,Kansas,0.01,0.02,0.44,0.09,,2025-2026,True,KS,7,False,False
2025-10-04,Kentucky,0.05,0.04,0.58,0.14,,2025-2026,True,KY,4,False,False
2025-10-04,Louisiana,0.05,0.03,0.55,0.32,,2025-2026,True,LA,6,True,False
2025-10-04,Mississippi,0.04,0.04,0.75,0.19,,2025-2026,True,MS,4,True,False
2025-10-04,New Mexico,0.01,0.0,0.61,0.12,,2025-2026,True,NM,6,False,False
2025-10-04,New York,0.02,0.02,0.51,0.06,,2025-2026,True,NY,2,False,True
2025-10-04,South Carolina,0.08,0.04,0.59,0.16,,2025-2026,True,SC,4,True,False
2025-10-04,Washington,0.02,0.02,1.09,0.11,,2025-2026,True,WA,10,False,False
2025-10-11,New Hampshire,0.01,0.01,0.6,0.13,,2025-2026,True,NH,1,False,False
2025-10-11,North Carolina,0.04,0.04,0.53,0.62,,2025-2026,True,NC,4,True,False
2025-10-11,South Dakota,0.0,0.0,0.37,0.15,,2025-2026,True,SD,8,False,False
2025-10-11,Tennessee,0.06,0.04,0.45,0.16,,2025-2026,True,TN,4,True,False
2025-10-11,Vermont,0.0,0.01,0.76,0.0,,2025-2026,True,VT,1,False,False
2025-10-11,Wisconsin,0.01,0.01,0.38,0.06,,2025-2026,True,WI,5,False,False
2025-10-11,West Virginia,0.03,0.03,0.57,0.04,,2025-2026,True,WV,3,False,False
2025-10-11,South Carolina,0.1,0.07,0.52,0.12,,2025-2026,True,SC,4,True,False
2025-10-11,Oregon,0.0,0.0,0.95,0.06,,2025-2026,True,OR,10,False,False
2025-10-11,Oklahoma,0.02,0.02,0.24,0.06,,2025-2026,True,OK,6,False,False
2025-10-11,North Dakota,0.0,0.0,0.22,0.03,,2025-2026,True,ND,8,False,False
2025-10-11,Minnesota,0.05,0.03,0.37,0.08,,2025-2026,True,MN,5,False,True
2025-10-11,Maine,0.03,0.02,0.47,0.08,,2025-2026,True,ME,1,False,False
2025-10-11,Kentucky,0.06,0.05,0.42,0.11,,2025-2026,True,KY,4,False,False
2025-10-11,Indiana,0.04,0.03,0.33,0.08,,2025-2026,True,IN,5,False,False
2025-10-11,Idaho,0.03,0.03,0.79,0.09,,2025-2026,True,ID,10,False,False
2025-10-11,Georgia,0.11,0.07,0.28,0.08,,2025-2026,True,GA,4,True,False
2025-10-11,Delaware,0.04,0.04,0.49,0.1,,2025-2026,True,DE,3,False,False
2025-10-11,Arizona,0.01,0.01,0.56,0.11,,2025-2026,True,AZ,9,False,False
2025-10-11,Washington,0.03,0.02,0.8,0.16,,2025-2026,True,WA,10,False,False
2025-10-11,Virginia,0.08,0.06,0.41,0.11,,2025-2026,True,VA,3,False,False
2025-10-11,Utah,0.01,0.01,0.39,0.15,,2025-2026,True,UT,8,False,False
2025-10-11,Rhode Island,0.04,0.02,0.43,0.06,,2025-2026,True,RI,1,False,False
2025-10-11,Pennsylvania,0.01,0.01,0.34,0.07,,2025-2026,True,PA,3,False,False
2025-10-11,Nevada,0.02,0.02,0.44,0.15,,2025-2026,True,NV,9,False,False
2025-10-11,Nebraska,0.01,0.01,0.22,0.03,,2025-2026,True,NE,7,False,False
2025-10-11,Michigan,0.01,0.01,0.33,0.06,,2025-2026,True,MI,5,False,False
2025-10-11,Louisiana,0.07,0.05,0.43,0.43,,2025-2026,True,LA,6,True,False
2025-10-11,Kansas,0.03,0.02,0.28,0.14,,2025-2026,True,KS,7,False,False
2025-10-11,Illinois,0.02,0.02,0.33,0.1,,2025-2026,True,IL,5,False,False
2025-10-11,Connecticut,0.01,0.01,0.56,0.08,,2025-2026,True,CT,1,False,False
2025-10-11,Arkansas,0.14,0.11,0.53,0.05,,2025-2026,True,AR,6,True,False
2025-10-11,Alaska,0.02,0.01,0.48,0.21,,2025-2026,True,AK,10,False,False
2025-10-11,Alabama,0.16,0.12,0.35,0.22,,2025-2026,True,AL,4,True,False
2025-10-11,New York,0.03,0.02,0.43,0.05,,2025-2026,True,NY,2,False,True
2025-10-11,Massachusetts,0.03,0.03,0.51,0.07,,2025-2026,True,MA,1,False,False
2025-10-11,Maryland,0.05,0.04,0.44,0.09,,2025-2026,True,MD,3,False,False
2025-10-11,Iowa,0.01,0.01,0.46,0.06,,2025-2026,True,IA,7,False,False
2025-10-11,Hawaii,0.21,0.12,0.47,0.38,,2025-2026,True,HI,9,False,False
2025-10-11,District of Columbia,0.12,0.08,0.16,0.13,,2025-2026,True,DC,3,False,False
2025-10-11,Colorado,0.01,0.01,0.42,0.11,,2025-2026,True,CO,8,False,False
2025-10-11,California,0.03,0.02,0.63,0.14,,2025-2026,True,CA,9,False,False
2025-10-11,Wyoming,0.0,0.02,0.64,0.06,,2025-2026,True,WY,8,False,False
2025-10-11,Florida,0.29,0.23,0.46,0.5,,2025-2026,True,FL,4,False,False
2025-10-11,Mississippi,0.04,0.04,0.58,0.24,,2025-2026,True,MS,4,True,False
2025-10-11,Montana,0.02,0.01,0.58,0.16,,2025-2026,True,MT,8,False,False
2025-10-11,Ohio,0.01,0.01,0.29,0.07,,2025-2026,True,OH,5,False,False
2025-10-11,Texas,0.09,0.06,0.45,0.29,,2025-2026,True,TX,6,False,False
2025-10-11,New Jersey,0.04,0.04,0.47,0.17,,2025-2026,True,NJ,2,False,False
2025-10-11,New Mexico,0.0,0.0,0.66,0.08,,2025-2026,True,NM,6,False,False
2025-10-18,Louisiana,0.1,0.07,0.38,0.54,,2025-2026,True,LA,6,True,False
2025-10-18,Indiana,0.03,0.03,0.31,0.1,,2025-2026,True,IN,5,False,False
2025-10-18,Idaho,0.02,0.03,0.7,0.12,,2025-2026,True,ID,10,False,False
2025-10-18,District of Columbia,0.01,0.08,0.29,0.12,,2025-2026,True,DC,3,False,False
2025-10-18,California,0.03,0.03,0.44,0.13,,2025-2026,True,CA,9,False,False
2025-10-18,Alabama,0.14,0.14,0.31,0.25,,2025-2026,True,AL,4,True,False
2025-10-18,Arizona,0.01,0.01,0.45,0.07,,2025-2026,True,AZ,9,False,False
2025-10-18,Delaware,0.08,0.05,0.4,0.08,,2025-2026,True,DE,3,False,False
2025-10-18,Florida,0.33,0.28,0.34,0.56,,2025-2026,True,FL,4,False,False
2025-10-18,Georgia,0.13,0.1,0.29,0.13,,2025-2026,True,GA,4,True,False
2025-10-18,Mississippi,0.06,0.05,0.56,0.22,,2025-2026,True,MS,4,True,False
2025-10-18,New York,0.03,0.03,0.32,0.08,,2025-2026,True,NY,2,False,True
2025-10-18,Oregon,0.01,0.01,0.66,0.09,,2025-2026,True,OR,10,False,False
2025-10-18,Pennsylvania,0.02,0.02,0.31,0.06,,2025-2026,True,PA,3,False,False
2025-10-18,Rhode Island,0.02,0.02,0.43,0.07,,2025-2026,True,RI,1,False,False
2025-10-18,Tennessee,0.06,0.05,0.42,0.16,,2025-2026,True,TN,4,True,False
2025-10-18,Virginia,0.1,0.08,0.35,0.12,,2025-2026,True,VA,3,False,False
2025-10-18,West Virginia,0.02,0.03,0.5,0.06,,2025-2026,True,WV,3,False,False
2025-10-18,Utah,0.02,0.01,0.4,0.11,,2025-2026,True,UT,8,False,False
2025-10-18,South Dakota,0.02,0.01,0.39,0.05,,2025-2026,True,SD,8,False,False
2025-10-18,Oklahoma,0.05,0.03,0.27,0.05,,2025-2026,True,OK,6,False,False
2025-10-18,New Mexico,0.01,0.0,0.54,0.13,,2025-2026,True,NM,6,False,False
2025-10-18,New Hampshire,0.03,0.02,0.56,0.09,,2025-2026,True,NH,1,False,False
2025-10-18,Maine,0.01,0.02,0.49,0.07,,2025-2026,True,ME,1,False,False
2025-10-18,Iowa,0.02,0.01,0.36,0.05,,2025-2026,True,IA,7,False,False
2025-10-18,Illinois,0.03,0.03,0.28,0.08,,2025-2026,True,IL,5,False,False
2025-10-18,Colorado,0.01,0.01,0.35,0.09,,2025-2026,True,CO,8,False,False
2025-10-18,Montana,0.0,0.01,0.63,0.07,,2025-2026,True,MT,8,False,False
2025-10-18,Wyoming,0.0,0.01,0.58,0.12,,2025-2026,True,WY,8,False,False
2025-10-18,Washington,0.03,0.03,0.56,0.17,,2025-2026,True,WA,10,False,False
2025-10-18,Texas,0.12,0.09,0.35,0.36,,2025-2026,True,TX,6,False,False
2025-10-18,South Carolina,0.14,0.1,0.4,0.13,,2025-2026,True,SC,4,True,False
2025-10-18,Nevada,0.02,0.02,0.31,0.14,,2025-2026,True,NV,9,False,False
2025-10-18,Minnesota,0.05,0.04,0.35,0.08,,2025-2026,True,MN,5,False,True
2025-10-18,Maryland,0.08,0.06,0.31,0.12,,2025-2026,True,MD,3,False,False
2025-10-18,Kentucky,0.04,0.05,0.36,0.09,,2025-2026,True,KY,4,False,False
2025-10-18,Connecticut,0.03,0.02,0.5,0.06,,2025-2026,True,CT,1,False,False
2025-10-18,Kansas,0.01,0.02,0.24,0.09,,2025-2026,True,KS,7,False,False
2025-10-18,Hawaii,0.21,0.17,0.47,0.58,,2025-2026,True,HI,9,False,False
2025-10-18,Arkansas,0.16,0.14,0.54,0.09,,2025-2026,True,AR,6,True,False
2025-10-18,Alaska,0.07,0.03,0.3,0.18,,2025-2026,True,AK,10,False,False
2025-10-18,Wisconsin,0.02,0.01,0.24,0.11,,2025-2026,True,WI,5,False,False
2025-10-18,Vermont,0.0,0.0,0.55,0.05,,2025-2026,True,VT,1,False,False
2025-10-18,Ohio,0.01,0.01,0.26,0.06,,2025-2026,True,OH,5,False,False
2025-10-18,North Dakota,0.0,0.0,0.08,0.0,,2025-2026,True,ND,8,False,False
2025-10-18,North Carolina,0.04,0.04,0.46,0.64,,2025-2026,True,NC,4,True,False
2025-10-18,New Jersey,0.04,0.04,0.39,0.18,,2025-2026,True,NJ,2,False,False
2025-10-18,Nebraska,0.0,0.01,0.18,0.01,,2025-2026,True,NE,7,False,False
2025-10-18,Michigan,0.01,0.01,0.27,0.07,,2025-2026,True,MI,5,False,False
2025-10-18,Massachusetts,0.06,0.04,0.43,0.08,,2025-2026,True,MA,1,False,False
2025-10-25,South Dakota,0.03,0.02,0.29,0.1,,2025-2026,True,SD,8,False,False
2025-10-25,Wisconsin,0.01,0.01,0.26,0.09,,2025-2026,True,WI,5,False,False
2025-10-25,Virginia,0.09,0.09,0.3,0.15,,2025-2026,True,VA,3,False,False
2025-10-25,Texas,0.11,0.11,0.27,0.37,,2025-2026,True,TX,6,False,False
2025-10-25,Pennsylvania,0.02,0.02,0.26,0.08,,2025-2026,True,PA,3,False,False
2025-10-25,Oregon,0.0,0.01,0.54,0.12,,2025-2026,True,OR,10,False,False
2025-10-25,New Mexico,0.02,0.01,0.48,0.16,,2025-2026,True,NM,6,False,False
2025-10-25,New Jersey,0.07,0.05,0.29,0.18,,2025-2026,True,NJ,2,False,False
2025-10-25,Mississippi,0.06,0.06,0.53,0.22,,2025-2026,True,MS,4,True,False
2025-10-25,Hawaii,0.16,0.19,0.34,0.73,,2025-2026,True,HI,9,False,False
2025-10-25,Florida,0.36,0.33,0.29,0.61,,2025-2026,True,FL,4,False,False
2025-10-25,Delaware,0.06,0.06,0.35,0.08,,2025-2026,True,DE,3,False,False
2025-10-25,Wyoming,0.03,0.01,0.49,0.2,,2025-2026,True,WY,8,False,False
2025-10-25,Vermont,0.0,0.0,0.49,0.07,,2025-2026,True,VT,1,False,False
2025-10-25,Utah,0.0,0.01,0.26,0.13,,2025-2026,True,UT,8,False,False
2025-10-25,Tennessee,0.05,0.06,0.34,0.2,,2025-2026,True,TN,4,True,False
2025-10-25,Rhode Island,0.04,0.04,0.29,0.07,,2025-2026,True,RI,1,False,False
2025-10-25,Oklahoma,0.03,0.03,0.23,0.12,,2025-2026,True,OK,6,False,False
2025-10-25,Nebraska,0.02,0.01,0.12,0.03,,2025-2026,True,NE,7,False,False
2025-10-25,Montana,0.01,0.01,0.6,0.05,,2025-2026,True,MT,8,False,False
2025-10-25,Minnesota,0.04,0.05,0.3,0.09,,2025-2026,True,MN,5,False,True
2025-10-25,Maryland,0.06,0.06,0.28,0.18,,2025-2026,True,MD,3,False,False
2025-10-25,Kansas,0.0,0.01,0.22,0.1,,2025-2026,True,KS,7,False,False
2025-10-25,Indiana,0.04,0.04,0.34,0.07,,2025-2026,True,IN,5,False,False
2025-10-25,West Virginia,0.07,0.04,0.46,0.1,,2025-2026,True,WV,3,False,False
2025-10-25,South Carolina,0.12,0.12,0.31,0.14,,2025-2026,True,SC,4,True,False
2025-10-25,North Carolina,0.07,0.05,0.32,0.73,,2025-2026,True,NC,4,True,False
2025-10-25,New York,0.05,0.04,0.3,0.12,,2025-2026,True,NY,2,False,True
2025-10-25,Michigan,0.01,0.01,0.27,0.08,,2025-2026,True,MI,5,False,False
2025-10-25,Massachusetts,0.07,0.05,0.41,0.09,,2025-2026,True,MA,1,False,False
2025-10-25,Louisiana,0.1,0.09,0.29,0.62,,2025-2026,True,LA,6,True,False
2025-10-25,Kentucky,0.08,0.06,0.34,0.12,,2025-2026,True,KY,4,False,False
2025-10-25,Georgia,0.17,0.14,0.23,0.19,,2025-2026,True,GA,4,True,False
2025-10-25,District of Columbia,0.08,0.07,0.21,0.14,,2025-2026,True,DC,3,False,False
2025-10-25,Connecticut,0.03,0.02,0.38,0.1,,2025-2026,True,CT,1,False,False
2025-10-25,Arkansas,0.22,0.17,0.43,0.09,,2025-2026,True,AR,6,True,False
2025-10-25,Alaska,0.01,0.03,0.25,0.29,,2025-2026,True,AK,10,False,False
2025-10-25,Alabama,0.2,0.17,0.24,0.29,,2025-2026,True,AL,4,True,False
2025-10-25,Washington,0.03,0.03,0.48,0.24,,2025-2026,True,WA,10,False,False
2025-10-25,Ohio,0.02,0.01,0.21,0.06,,2025-2026,True,OH,5,False,False
2025-10-25,North Dakota,0.0,0.0,0.16,0.05,,2025-2026,True,ND,8,False,False
2025-10-25,New Hampshire,0.02,0.02,0.49,0.14,,2025-2026,True,NH,1,False,False
2025-10-25,Nevada,0.03,0.02,0.29,0.17,,2025-2026,True,NV,9,False,False
2025-10-25,Maine,0.01,0.02,0.38,0.08,,2025-2026,True,ME,1,False,False
2025-10-25,Iowa,0.04,0.02,0.29,0.06,,2025-2026,True,IA,7,False,False
2025-10-25,Illinois,0.04,0.03,0.3,0.11,,2025-2026,True,IL,5,False,False
2025-10-25,Idaho,0.02,0.02,0.58,0.07,,2025-2026,True,ID,10,False,False
2025-10-25,Colorado,0.0,0.01,0.31,0.17,,2025-2026,True,CO,8,False,False
2025-10-25,California,0.03,0.03,0.39,0.15,,2025-2026,True,CA,9,False,False
2025-10-25,Arizona,0.01,0.01,0.46,0.09,,2025-2026,True,AZ,9,False,False
2025-11-01,Kansas,0.01,0.01,0.22,0.11,,2025-2026,True,KS,7,False,False
2025-11-01,Kentucky,0.06,0.06,0.39,0.15,,2025-2026,True,KY,4,False,False
2025-11-01,Maine,0.01,0.01,0.48,0.14,,2025-2026,True,ME,1,False,False
2025-11-01,Nevada,0.02,0.02,0.31,0.18,,2025-2026,True,NV,9,False,False
2025-11-01,Pennsylvania,0.02,0.02,0.29,0.1,,2025-2026,True,PA,3,False,False
2025-11-01,Oklahoma,0.02,0.03,0.22,0.13,,2025-2026,True,OK,6,False,False
2025-11-01,South Dakota,0.04,0.03,0.54,0.07,,2025-2026,True,SD,8,False,False
2025-11-01,Tennessee,0.04,0.05,0.43,0.26,,2025-2026,True,TN,4,True,False
2025-11-01,California,0.04,0.03,0.31,0.2,,2025-2026,True,CA,9,False,False
2025-11-01,Alabama,0.22,0.19,0.23,0.39,,2025-2026,True,AL,4,True,False
2025-11-01,Delaware,0.07,0.07,0.27,0.17,,2025-2026,True,DE,3,False,False
2025-11-01,District of Columbia,0.08,0.06,0.11,0.12,,2025-2026,True,DC,3,False,False
2025-11-01,Idaho,0.03,0.02,0.55,0.22,,2025-2026,True,ID,10,False,False
2025-11-01,Connecticut,0.01,0.03,0.39,0.13,,2025-2026,True,CT,1,False,False
2025-11-01,Arizona,0.01,0.01,0.48,0.11,,2025-2026,True,AZ,9,False,False
2025-11-01,Georgia,0.16,0.15,0.24,0.26,,2025-2026,True,GA,4,True,False
2025-11-01,Hawaii,0.15,0.17,0.23,1.15,,2025-2026,True,HI,9,False,False
2025-11-01,Colorado,0.02,0.01,0.27,0.23,,2025-2026,True,CO,8,False,False
2025-11-01,Alaska,0.09,0.06,0.31,0.13,,2025-2026,True,AK,10,False,False
2025-11-01,Florida,0.44,0.37,0.25,0.71,,2025-2026,True,FL,4,False,False
2025-11-01,Indiana,0.06,0.04,0.38,0.12,,2025-2026,True,IN,5,False,False
2025-11-01,Nebraska,0.01,0.01,0.13,0.04,,2025-2026,True,NE,7,False,False
2025-11-01,New Jersey,0.09,0.07,0.32,0.29,,2025-2026,True,NJ,2,False,False
2025-11-01,Massachusetts,0.08,0.07,0.42,0.14,,2025-2026,True,MA,1,False,False
2025-11-01,New Mexico,0.01,0.01,0.49,0.2,,2025-2026,True,NM,6,False,False
2025-11-01,Rhode Island,0.03,0.03,0.29,0.21,,2025-2026,True,RI,1,False,False
2025-11-01,Wisconsin,0.02,0.01,0.25,0.1,,2025-2026,True,WI,5,False,False
2025-11-01,Arkansas,0.2,0.19,0.31,0.15,,2025-2026,True,AR,6,True,False
2025-11-01,Washington,0.05,0.04,0.39,0.26,,2025-2026,True,WA,10,False,False
2025-11-01,Utah,0.01,0.01,0.31,0.1,,2025-2026,True,UT,8,False,False
2025-11-01,Wyoming,0.03,0.02,0.24,0.31,,2025-2026,True,WY,8,False,False
2025-11-01,Texas,0.16,0.13,0.27,0.5,,2025-2026,True,TX,6,False,False
2025-11-01,South Carolina,0.12,0.13,0.27,0.19,,2025-2026,True,SC,4,True,False
2025-11-01,Oregon,0.03,0.02,0.51,0.12,,2025-2026,True,OR,10,False,False
2025-11-01,North Dakota,0.0,0.0,0.18,0.07,,2025-2026,True,ND,8,False,False
2025-11-01,New York,0.06,0.05,0.28,0.17,,2025-2026,True,NY,2,False,True
2025-11-01,New Hampshire,0.02,0.02,0.41,0.16,,2025-2026,True,NH,1,False,False
2025-11-01,Montana,0.0,0.0,0.55,0.09,,2025-2026,True,MT,8,False,False
2025-11-01,Mississippi,0.05,0.06,0.49,0.31,,2025-2026,True,MS,4,True,False
2025-11-01,Minnesota,0.09,0.06,0.29,0.13,,2025-2026,True,MN,5,False,True
2025-11-01,Illinois,0.05,0.04,0.28,0.14,,2025-2026,True,IL,5,False,False
2025-11-01,Louisiana,0.13,0.11,0.23,0.84,,2025-2026,True,LA,6,True,False
2025-11-01,Maryland,0.08,0.07,0.25,0.25,,2025-2026,True,MD,3,False,False
2025-11-01,Michigan,0.03,0.02,0.25,0.1,,2025-2026,True,MI,5,False,False
2025-11-01,North Carolina,0.1,0.07,0.35,0.75,,2025-2026,True,NC,4,True,False
2025-11-01,Ohio,0.03,0.02,0.27,0.1,,2025-2026,True,OH,5,False,False
2025-11-01,West Virginia,0.1,0.06,0.4,0.12,,2025-2026,True,WV,3,False,False
2025-11-01,Virginia,0.16,0.11,0.35,0.16,,2025-2026,True,VA,3,False,False
2025-11-01,Vermont,0.04,0.01,0.59,0.18,,2025-2026,True,VT,1,False,False
2025-11-01,Iowa,0.04,0.03,0.28,0.11,,2025-2026,True,IA,7,False,False
2025-11-08,South Dakota,0.0,0.02,0.33,0.05,,2025-2026,True,SD,8,False,False
2025-11-08,Wyoming,0.0,0.02,0.66,0.21,,2025-2026,True,WY,8,False,False
2025-11-08,West Virginia,0.09,0.09,0.5,0.09,,2025-2026,True,WV,3,False,False
2025-11-08,Tennessee,0.11,0.07,0.52,0.33,,2025-2026,True,TN,4,True,False
2025-11-08,Wisconsin,0.03,0.02,0.27,0.13,,2025-2026,True,WI,5,False,False
2025-11-08,Pennsylvania,0.05,0.03,0.33,0.16,,2025-2026,True,PA,3,False,False
2025-11-08,Minnesota,0.08,0.07,0.3,0.2,,2025-2026,True,MN,5,False,True
2025-11-08,District of Columbia,0.14,0.1,0.14,0.16,,2025-2026,True,DC,3,False,False
2025-11-08,California,0.06,0.04,0.25,0.24,,2025-2026,True,CA,9,False,False
2025-11-08,Alaska,0.06,0.05,0.29,0.2,,2025-2026,True,AK,10,False,False
2025-11-08,Arkansas,0.35,0.26,0.49,0.26,,2025-2026,True,AR,6,True,False
2025-11-08,Colorado,0.02,0.01,0.37,0.57,,2025-2026,True,CO,8,False,False
2025-11-08,Florida,0.48,0.43,0.24,0.97,,2025-2026,True,FL,4,False,False
2025-11-08,Georgia,0.22,0.18,0.26,0.34,,2025-2026,True,GA,4,True,False
2025-11-08,Hawaii,0.12,0.14,0.18,1.68,,2025-2026,True,HI,9,False,False
2025-11-08,Idaho,0.04,0.03,0.47,0.36,,2025-2026,True,ID,10,False,False
2025-11-08,Indiana,0.05,0.05,0.42,0.17,,2025-2026,True,IN,5,False,False
2025-11-08,Louisiana,0.15,0.13,0.32,1.13,,2025-2026,True,LA,6,True,False
2025-11-08,Massachusetts,0.1,0.08,0.38,0.18,,2025-2026,True,MA,1,False,False
2025-11-08,Michigan,0.03,0.02,0.31,0.21,,2025-2026,True,MI,5,False,False
2025-11-08,Montana,0.02,0.01,0.61,0.18,,2025-2026,True,MT,8,False,False
2025-11-08,New Hampshire,0.02,0.02,0.35,0.23,,2025-2026,True,NH,1,False,False
2025-11-08,New Jersey,0.12,0.09,0.34,0.4,,2025-2026,True,NJ,2,False,False
2025-11-08,North Dakota,0.0,0.0,0.18,0.11,,2025-2026,True,ND,8,False,False
2025-11-08,Ohio,0.03,0.03,0.37,0.15,,2025-2026,True,OH,5,False,False
2025-11-08,Rhode Island,0.09,0.06,0.3,0.19,,2025-2026,True,RI,1,False,False
2025-11-08,Texas,0.26,0.18,0.27,0.86,,2025-2026,True,TX,6,False,False
2025-11-08,Vermont,0.02,0.02,0.45,0.34,,2025-2026,True,VT,1,False,False
2025-11-08,Oregon,0.02,0.02,0.42,0.22,,2025-2026,True,OR,10,False,False
2025-11-08,Oklahoma,0.03,0.03,0.21,0.13,,2025-2026,True,OK,6,False,False
2025-11-08,North Carolina,0.13,0.1,0.29,0.99,,2025-2026,True,NC,4,True,False
2025-11-08,New York,0.08,0.06,0.31,0.35,,2025-2026,True,NY,2,False,True
2025-11-08,Nevada,0.02,0.03,0.26,0.26,,2025-2026,True,NV,9,False,False
2025-11-08,Nebraska,0.0,0.01,0.12,0.03,,2025-2026,True,NE,7,False,False
2025-11-08,Mississippi,0.07,0.06,0.52,0.64,,2025-2026,True,MS,4,True,False
2025-11-08,New Mexico,0.01,0.01,0.59,0.24,,2025-2026,True,NM,6,False,False
2025-11-08,South Carolina,0.21,0.15,0.34,0.27,,2025-2026,True,SC,4,True,False
2025-11-08,Maryland,0.14,0.09,0.25,0.36,,2025-2026,True,MD,3,False,False
2025-11-08,Kentucky,0.11,0.08,0.43,0.21,,2025-2026,True,KY,4,False,False
2025-11-08,Kansas,0.01,0.01,0.27,0.15,,2025-2026,True,KS,7,False,False
2025-11-08,Iowa,0.04,0.04,0.26,0.08,,2025-2026,True,IA,7,False,False
2025-11-08,Connecticut,0.02,0.02,0.39,0.21,,2025-2026,True,CT,1,False,False
2025-11-08,Delaware,0.1,0.08,0.26,0.18,,2025-2026,True,DE,3,False,False
2025-11-08,Illinois,0.06,0.05,0.33,0.23,,2025-2026,True,IL,5,False,False
2025-11-08,Maine,0.02,0.01,0.35,0.18,,2025-2026,True,ME,1,False,False
2025-11-08,Washington,0.06,0.04,0.27,0.29,,2025-2026,True,WA,10,False,False
2025-11-08,Virginia,0.15,0.13,0.34,0.3,,2025-2026,True,VA,3,False,False
2025-11-08,Alabama,0.31,0.25,0.28,0.45,,2025-2026,True,AL,4,True,False
2025-11-08,Arizona,0.02,0.01,0.59,0.14,,2025-2026,True,AZ,9,False,False
2025-11-08,Utah,0.02,0.01,0.3,0.39,,2025-2026,True,UT,8,False,False
2025-11-15,Tennessee,0.09,0.08,0.59,0.36,,2025-2026,True,TN,4,True,False
2025-11-15,Utah,0.01,0.01,0.28,0.64,,2025-2026,True,UT,8,False,False
2025-11-15,Vermont,0.02,0.02,0.56,0.38,,2025-2026,True,VT,1,False,False
2025-11-15,Mississippi,0.12,0.08,0.73,0.88,,2025-2026,True,MS,4,True,False
2025-11-15,Massachusetts,0.1,0.09,0.37,0.28,,2025-2026,True,MA,1,False,False
2025-11-15,Maine,0.02,0.02,0.34,0.16,,2025-2026,True,ME,1,False,False
2025-11-15,Wyoming,0.03,0.02,0.18,0.32,,2025-2026,True,WY,8,False,False
2025-11-15,Virginia,0.2,0.17,0.32,0.51,,2025-2026,True,VA,3,False,False
2025-11-15,Texas,0.27,0.23,0.27,1.35,,2025-2026,True,TX,6,False,False
2025-11-15,Oklahoma,0.03,0.03,0.3,0.15,,2025-2026,True,OK,6,False,False
2025-11-15,Maryland,0.14,0.12,0.23,0.53,,2025-2026,True,MD,3,False,False
2025-11-15,Louisiana,0.27,0.18,0.32,1.57,,2025-2026,True,LA,6,True,False
2025-11-15,Georgia,0.21,0.2,0.23,0.43,,2025-2026,True,GA,4,True,False
2025-11-15,Alabama,0.35,0.3,0.24,0.78,,2025-2026,True,AL,4,True,False
2025-11-15,Connecticut,0.04,0.03,0.44,0.33,,2025-2026,True,CT,1,False,False
2025-11-15,Delaware,0.18,0.12,0.37,0.3,,2025-2026,True,DE,3,False,False
2025-11-15,District of Columbia,0.23,0.15,0.16,0.48,,2025-2026,True,DC,3,False,False
2025-11-15,Florida,0.53,0.48,0.23,1.27,,2025-2026,True,FL,4,False,False
2025-11-15,Hawaii,0.19,0.15,0.19,2.38,,2025-2026,True,HI,9,False,False
2025-11-15,Indiana,0.06,0.06,0.5,0.27,,2025-2026,True,IN,5,False,False
2025-11-15,Kansas,0.03,0.02,0.33,0.18,,2025-2026,True,KS,7,False,False
2025-11-15,Michigan,0.04,0.03,0.31,0.27,,2025-2026,True,MI,5,False,False
2025-11-15,Montana,0.0,0.01,0.57,0.32,,2025-2026,True,MT,8,False,False
2025-11-15,West Virginia,0.13,0.11,0.62,0.2,,2025-2026,True,WV,3,False,False
2025-11-15,Wisconsin,0.02,0.02,0.32,0.2,,2025-2026,True,WI,5,False,False
2025-11-15,New Mexico,0.02,0.01,0.77,0.35,,2025-2026,True,NM,6,False,False
2025-11-15,Kentucky,0.13,0.1,0.52,0.27,,2025-2026,True,KY,4,False,False
2025-11-15,Iowa,0.04,0.04,0.31,0.11,,2025-2026,True,IA,7,False,False
2025-11-15,Ohio,0.05,0.04,0.47,0.21,,2025-2026,True,OH,5,False,False
2025-11-15,Oregon,0.04,0.03,0.33,0.26,,2025-2026,True,OR,10,False,False
2025-11-15,South Carolina,0.28,0.21,0.29,0.33,,2025-2026,True,SC,4,True,False
2025-11-15,Idaho,0.02,0.03,0.47,0.7,,2025-2026,True,ID,10,False,False
2025-11-15,North Dakota,0.02,0.01,0.18,0.1,,2025-2026,True,ND,8,False,False
2025-11-15,Arkansas,0.53,0.36,0.49,0.29,,2025-2026,True,AR,6,True,False
2025-11-15,Alaska,0.04,0.06,0.31,0.35,,2025-2026,True,AK,10,False,False
2025-11-15,Pennsylvania,0.07,0.05,0.37,0.29,,2025-2026,True,PA,3,False,False
2025-11-15,Rhode Island,0.11,0.08,0.31,0.26,,2025-2026,True,RI,1,False,False
2025-11-15,Nebraska,0.01,0.01,0.23,0.1,,2025-2026,True,NE,7,False,False
2025-11-15,New Hampshire,0.04,0.03,0.51,0.24,,2025-2026,True,NH,1,False,False
2025-11-15,Washington,0.11,0.07,0.3,0.49,,2025-2026,True,WA,10,False,False
2025-11-15,Arizona,0.02,0.01,0.52,0.3,,2025-2026,True,AZ,9,False,False
2025-11-15,South Dakota,0.0,0.01,0.46,0.03,,2025-2026,True,SD,8,False,False
2025-11-15,New York,0.08,0.07,0.31,0.55,,2025-2026,True,NY,2,False,True
2025-11-15,North Carolina,0.17,0.13,0.32,1.2,,2025-2026,True,NC,4,True,False
2025-11-15,New Jersey,0.12,0.11,0.33,0.48,,2025-2026,True,NJ,2,False,False
2025-11-15,Nevada,0.02,0.02,0.3,0.35,,2025-2026,True,NV,9,False,False
2025-11-15,Minnesota,0.08,0.08,0.35,0.35,,2025-2026,True,MN,5,False,True
2025-11-15,Illinois,0.06,0.06,0.36,0.38,,2025-2026,True,IL,5,False,False
2025-11-15,Colorado,0.04,0.03,0.37,0.85,,2025-2026,True,CO,8,False,False
2025-11-15,California,0.07,0.05,0.22,0.27,,2025-2026,True,CA,9,False,False
2025-11-22,North Dakota,0.03,0.02,0.1,0.11,,2025-2026,True,ND,8,False,False
2025-11-22,California,0.06,0.06,0.18,0.28,,2025-2026,True,CA,9,False,False
2025-11-22,Georgia,0.29,0.24,0.21,0.9,,2025-2026,True,GA,4,True,False
2025-11-22,Hawaii,0.21,0.18,0.2,3.36,,2025-2026,True,HI,9,False,False
2025-11-22,Kansas,0.07,0.04,0.31,0.21,,2025-2026,True,KS,7,False,False
2025-11-22,Maryland,0.26,0.18,0.25,1.08,,2025-2026,True,MD,3,False,False
2025-11-22,Massachusetts,0.14,0.11,0.5,0.42,,2025-2026,True,MA,1,False,False
2025-11-22,Montana,0.02,0.02,0.58,0.38,,2025-2026,True,MT,8,False,False
2025-11-22,New Mexico,0.03,0.02,0.88,0.58,,2025-2026,True,NM,6,False,False
2025-11-22,Oklahoma,0.07,0.04,0.26,0.12,,2025-2026,True,OK,6,False,False
2025-11-22,South Dakota,0.0,0.0,0.59,0.03,,2025-2026,True,SD,8,False,False
2025-11-22,Tennessee,0.14,0.12,0.57,0.57,,2025-2026,True,TN,4,True,False
2025-11-22,Texas,0.36,0.3,0.27,2.22,,2025-2026,True,TX,6,False,False
2025-11-22,New Hampshire,0.13,0.06,0.52,0.42,,2025-2026,True,NH,1,False,False
2025-11-22,New York,0.13,0.1,0.31,1.23,,2025-2026,True,NY,2,False,True
2025-11-22,Oregon,0.05,0.04,0.31,0.35,,2025-2026,True,OR,10,False,False
2025-11-22,Pennsylvania,0.08,0.06,0.41,0.52,,2025-2026,True,PA,3,False,False
2025-11-22,South Carolina,0.35,0.28,0.33,0.71,,2025-2026,True,SC,4,True,False
2025-11-22,Virginia,0.29,0.21,0.34,0.77,,2025-2026,True,VA,3,False,False
2025-11-22,Washington,0.13,0.1,0.25,0.57,,2025-2026,True,WA,10,False,False
2025-11-22,Wyoming,0.03,0.02,0.49,0.58,,2025-2026,True,WY,8,False,False
2025-11-22,Vermont,0.02,0.02,0.78,0.15,,2025-2026,True,VT,1,False,False
2025-11-22,Utah,0.02,0.02,0.33,0.88,,2025-2026,True,UT,8,False,False
2025-11-22,Rhode Island,0.2,0.13,0.31,0.4,,2025-2026,True,RI,1,False,False
2025-11-22,Arkansas,0.53,0.47,0.44,0.48,,2025-2026,True,AR,6,True,False
2025-11-22,North Carolina,0.23,0.17,0.3,1.58,,2025-2026,True,NC,4,True,False
2025-11-22,Nebraska,0.01,0.01,0.25,0.2,,2025-2026,True,NE,7,False,False
2025-11-22,Mississippi,0.09,0.09,0.69,0.91,,2025-2026,True,MS,4,True,False
2025-11-22,Minnesota,0.11,0.09,0.43,0.71,,2025-2026,True,MN,5,False,True
2025-11-22,Louisiana,0.35,0.26,0.35,2.52,,2025-2026,True,LA,6,True,False
2025-11-22,Indiana,0.11,0.07,0.62,0.54,,2025-2026,True,IN,5,False,False
2025-11-22,Illinois,0.13,0.08,0.42,0.57,,2025-2026,True,IL,5,False,False
2025-11-22,Florida,0.56,0.52,0.21,1.91,,2025-2026,True,FL,4,False,False
2025-11-22,District of Columbia,0.14,0.17,0.1,0.8,,2025-2026,True,DC,3,False,False
2025-11-22,Connecticut,0.06,0.04,0.45,0.83,,2025-2026,True,CT,1,False,False
2025-11-22,Alabama,0.41,0.36,0.26,0.88,,2025-2026,True,AL,4,True,False
2025-11-22,Arizona,0.02,0.02,0.56,0.51,,2025-2026,True,AZ,9,False,False
2025-11-22,Colorado,0.06,0.04,0.41,1.72,,2025-2026,True,CO,8,False,False
2025-11-22,Delaware,0.21,0.17,0.32,0.4,,2025-2026,True,DE,3,False,False
2025-11-22,Nevada,0.06,0.04,0.3,0.35,,2025-2026,True,NV,9,False,False
2025-11-22,Wisconsin,0.01,0.02,0.34,0.31,,2025-2026,True,WI,5,False,False
2025-11-22,West Virginia,0.22,0.15,0.72,0.23,,2025-2026,True,WV,3,False,False
2025-11-22,Ohio,0.05,0.04,0.5,0.37,,2025-2026,True,OH,5,False,False
2025-11-22,New Jersey,0.19,0.14,0.34,0.87,,2025-2026,True,NJ,2,False,False
2025-11-22,Michigan,0.05,0.04,0.41,0.53,,2025-2026,True,MI,5,False,False
2025-11-22,Maine,0.0,0.01,0.4,0.28,,2025-2026,True,ME,1,False,False
2025-11-22,Kentucky,0.19,0.15,0.53,0.47,,2025-2026,True,KY,4,False,False
2025-11-22,Iowa,0.05,0.04,0.44,0.2,,2025-2026,True,IA,7,False,False
2025-11-22,Idaho,0.02,0.03,0.42,1.05,,2025-2026,True,ID,10,False,False
2025-11-22,Alaska,0.04,0.05,0.3,0.57,,2025-2026,True,AK,10,False,False
2025-11-29,Colorado,0.06,0.05,0.54,2.4,,2025-2026,True,CO,8,False,False
2025-11-29,Delaware,0.46,0.28,0.35,0.82,,2025-2026,True,DE,3,False,False
2025-11-29,District of Columbia,0.25,0.21,0.27,1.71,,2025-2026,True,DC,3,False,False
2025-11-29,Hawaii,0.29,0.23,0.11,4.74,,2025-2026,True,HI,9,False,False
2025-11-29,Illinois,0.17,0.12,0.58,0.87,,2025-2026,True,IL,5,False,False
2025-11-29,Kentucky,0.27,0.2,0.65,0.88,,2025-2026,True,KY,4,False,False
2025-11-29,Michigan,0.07,0.05,0.55,0.92,,2025-2026,True,MI,5,False,False
2025-11-29,Minnesota,0.14,0.11,0.52,1.44,,2025-2026,True,MN,5,False,True
2025-11-29,Nebraska,0.01,0.01,0.25,0.2,,2025-2026,True,NE,7,False,False
2025-11-29,North Carolina,0.35,0.25,0.32,2.27,,2025-2026,True,NC,4,True,False
2025-11-29,Pennsylvania,0.13,0.09,0.53,0.86,,2025-2026,True,PA,3,False,False
2025-11-29,South Dakota,0.0,0.0,0.61,0.02,,2025-2026,True,SD,8,False,False
2025-11-29,Texas,0.51,0.37,0.25,2.76,,2025-2026,True,TX,6,False,False
2025-11-29,Vermont,0.04,0.02,0.71,0.48,,2025-2026,True,VT,1,False,False
2025-11-29,West Virginia,0.29,0.21,0.87,0.35,,2025-2026,True,WV,3,False,False
2025-11-29,Alaska,0.14,0.08,0.46,1.79,,2025-2026,True,AK,10,False,False
2025-11-29,Connecticut,0.07,0.06,0.67,1.88,,2025-2026,True,CT,1,False,False
2025-11-29,Florida,0.63,0.57,0.22,2.44,,2025-2026,True,FL,4,False,False
2025-11-29,Georgia,0.41,0.3,0.22,1.2,,2025-2026,True,GA,4,True,False
2025-11-29,Louisiana,0.46,0.35,0.24,3.11,,2025-2026,True,LA,6,True,False
2025-11-29,Massachusetts,0.21,0.15,0.64,0.95,,2025-2026,True,MA,1,False,False
2025-11-29,New Hampshire,0.1,0.09,0.6,0.73,,2025-2026,True,NH,1,False,False
2025-11-29,South Carolina,0.52,0.38,0.25,0.92,,2025-2026,True,SC,4,True,False
2025-11-29,Washington,0.17,0.13,0.25,0.82,,2025-2026,True,WA,10,False,False
2025-11-29,Wyoming,0.0,0.02,0.48,1.15,,2025-2026,True,WY,8,False,False
2025-11-29,Wisconsin,0.04,0.02,0.41,0.63,,2025-2026,True,WI,5,False,False
2025-11-29,Virginia,0.38,0.29,0.36,1.38,,2025-2026,True,VA,3,False,False
2025-11-29,Utah,0.04,0.02,0.28,1.37,,2025-2026,True,UT,8,False,False
2025-11-29,Tennessee,0.23,0.16,0.59,0.7,,2025-2026,True,TN,4,True,False
2025-11-29,Rhode Island,0.26,0.19,0.53,1.05,,2025-2026,True,RI,1,False,False
2025-11-29,Oregon,0.08,0.06,0.26,0.61,,2025-2026,True,OR,10,False,False
2025-11-29,North Dakota,0.04,0.03,0.45,0.7,,2025-2026,True,ND,8,False,False
2025-11-29,New York,0.2,0.14,0.38,2.69,,2025-2026,True,NY,2,False,True
2025-11-29,Nevada,0.06,0.05,0.23,0.36,,2025-2026,True,NV,9,False,False
2025-11-29,Montana,0.04,0.02,0.5,1.02,,2025-2026,True,MT,8,False,False
2025-11-29,Mississippi,0.19,0.13,0.74,1.03,,2025-2026,True,MS,4,True,False
2025-11-29,Kansas,0.05,0.05,0.32,0.32,,2025-2026,True,KS,7,False,False
2025-11-29,Iowa,0.08,0.06,0.48,0.36,,2025-2026,True,IA,7,False,False
2025-11-29,Indiana,0.16,0.11,0.74,0.91,,2025-2026,True,IN,5,False,False
2025-11-29,Arizona,0.03,0.02,0.48,0.53,,2025-2026,True,AZ,9,False,False
2025-11-29,Oklahoma,0.17,0.09,0.34,0.24,,2025-2026,True,OK,6,False,False
2025-11-29,Ohio,0.1,0.07,0.57,0.69,,2025-2026,True,OH,5,False,False
2025-11-29,New Mexico,0.03,0.03,0.99,1.0,,2025-2026,True,NM,6,False,False
2025-11-29,New Jersey,0.26,0.19,0.4,1.87,,2025-2026,True,NJ,2,False,False
2025-11-29,Maryland,0.29,0.23,0.33,1.87,,2025-2026,True,MD,3,False,False
2025-11-29,Maine,0.0,0.01,0.59,0.52,,2025-2026,True,ME,1,False,False
2025-11-29,Idaho,0.06,0.03,0.51,1.49,,2025-2026,True,ID,10,False,False
2025-11-29,California,0.1,0.08,0.16,0.39,,2025-2026,True,CA,9,False,False
2025-11-29,Arkansas,0.53,0.53,0.52,0.53,,2025-2026,True,AR,6,True,False
2025-11-29,Alabama,0.68,0.47,0.28,1.17,,2025-2026,True,AL,4,True,False
2025-12-06,New York,0.23,0.19,0.46,3.45,,2025-2026,True,NY,2,False,True
2025-12-06,Colorado,0.07,0.06,0.61,2.91,,2025-2026,True,CO,8,False,False
2025-12-06,District of Columbia,0.15,0.18,0.19,2.0,,2025-2026,True,DC,3,False,False
2025-12-06,Illinois,0.2,0.16,0.73,1.1,,2025-2026,True,IL,5,False,False
2025-12-06,Indiana,0.18,0.15,1.01,1.27,,2025-2026,True,IN,5,False,False
2025-12-06,Maine,0.02,0.01,0.63,0.78,,2025-2026,True,ME,1,False,False
2025-12-06,North Carolina,0.42,0.33,0.31,3.05,,2025-2026,True,NC,4,True,False
2025-12-06,North Dakota,0.05,0.04,0.4,0.75,,2025-2026,True,ND,8,False,False
2025-12-06,South Dakota,0.04,0.01,0.7,0.22,,2025-2026,True,SD,8,False,False
2025-12-06,Tennessee,0.28,0.22,0.6,0.9,,2025-2026,True,TN,4,True,False
2025-12-06,Utah,0.04,0.03,0.25,1.7,,2025-2026,True,UT,8,False,False
2025-12-06,South Carolina,0.55,0.47,0.32,1.12,,2025-2026,True,SC,4,True,False
2025-12-06,Pennsylvania,0.21,0.14,0.57,1.18,,2025-2026,True,PA,3,False,False
2025-12-06,Oklahoma,0.16,0.13,0.37,0.37,,2025-2026,True,OK,6,False,False
2025-12-06,New Hampshire,0.16,0.13,0.64,1.01,,2025-2026,True,NH,1,False,False
2025-12-06,Nebraska,0.04,0.02,0.4,0.34,,2025-2026,True,NE,7,False,False
2025-12-06,Louisiana,0.42,0.41,0.24,3.2,,2025-2026,True,LA,6,True,False
2025-12-06,Iowa,0.1,0.08,0.51,0.55,,2025-2026,True,IA,7,False,False
2025-12-06,Idaho,0.1,0.06,0.66,1.57,,2025-2026,True,ID,10,False,False
2025-12-06,Hawaii,0.28,0.26,0.13,5.54,,2025-2026,True,HI,9,False,False
2025-12-06,Florida,0.52,0.57,0.22,2.22,,2025-2026,True,FL,4,False,False
2025-12-06,Delaware,0.41,0.36,0.28,0.89,,2025-2026,True,DE,3,False,False
2025-12-06,California,0.09,0.08,0.18,0.47,,2025-2026,True,CA,9,False,False
2025-12-06,Wisconsin,0.07,0.04,0.48,0.96,,2025-2026,True,WI,5,False,False
2025-12-06,Virginia,0.44,0.37,0.37,1.58,,2025-2026,True,VA,3,False,False
2025-12-06,Vermont,0.02,0.03,0.82,0.53,,2025-2026,True,VT,1,False,False
2025-12-06,Texas,0.5,0.45,0.32,2.32,,2025-2026,True,TX,6,False,False
2025-12-06,Rhode Island,0.22,0.22,0.63,1.4,,2025-2026,True,RI,1,False,False
2025-12-06,Oregon,0.07,0.07,0.19,0.64,,2025-2026,True,OR,10,False,False
2025-12-06,Ohio,0.11,0.09,0.82,0.95,,2025-2026,True,OH,5,False,False
2025-12-06,Nevada,0.05,0.06,0.27,0.64,,2025-2026,True,NV,9,False,False
2025-12-06,Montana,0.01,0.02,0.75,1.16,,2025-2026,True,MT,8,False,False
2025-12-06,Mississippi,0.21,0.16,0.66,1.01,,2025-2026,True,MS,4,True,False
2025-12-06,Minnesota,0.24,0.16,0.59,2.19,,2025-2026,True,MN,5,False,True
2025-12-06,Michigan,0.1,0.07,0.68,1.25,,2025-2026,True,MI,5,False,False
2025-12-06,Massachusetts,0.23,0.19,0.69,1.42,,2025-2026,True,MA,1,False,False
2025-12-06,Maryland,0.39,0.31,0.33,2.34,,2025-2026,True,MD,3,False,False
2025-12-06,Kansas,0.1,0.07,0.44,0.5,,2025-2026,True,KS,7,False,False
2025-12-06,Georgia,0.38,0.36,0.22,1.32,,2025-2026,True,GA,4,True,False
2025-12-06,Connecticut,0.13,0.09,0.71,2.84,,2025-2026,True,CT,1,False,False
2025-12-06,Arkansas,0.6,0.55,0.55,0.61,,2025-2026,True,AR,6,True,False
2025-12-06,Alaska,0.19,0.12,0.27,2.31,,2025-2026,True,AK,10,False,False
2025-12-06,Alabama,0.56,0.54,0.34,1.46,,2025-2026,True,AL,4,True,False
2025-12-06,Arizona,0.03,0.03,0.37,0.65,,2025-2026,True,AZ,9,False,False
2025-12-06,Kentucky,0.38,0.28,0.67,0.99,,2025-2026,True,KY,4,False,False
2025-12-06,New Jersey,0.32,0.26,0.47,2.78,,2025-2026,True,NJ,2,False,False
2025-12-06,New Mexico,0.07,0.04,1.09,0.9,,2025-2026,True,NM,6,False,False
2025-12-06,Washington,0.24,0.18,0.21,1.04,,2025-2026,True,WA,10,False,False
2025-12-06,West Virginia,0.3,0.27,1.04,0.52,,2025-2026,True,WV,3,False,False
2025-12-06,Wyoming,0.0,0.01,0.66,1.46,,2025-2026,True,WY,8,False,False
2025-12-13,Virginia,0.48,0.44,0.41,2.57,,2025-2026,True,VA,3,False,False
2025-12-13,South Dakota,0.04,0.02,0.4,0.56,,2025-2026,True,SD,8,False,False
2025-12-13,Oklahoma,0.14,0.16,0.6,0.71,,2025-2026,True,OK,6,False,False
2025-12-13,Ohio,0.16,0.12,0.91,2.06,,2025-2026,True,OH,5,False,False
2025-12-13,New Mexico,0.06,0.05,1.12,2.39,,2025-2026,True,NM,6,False,False
2025-12-13,Alaska,0.26,0.2,0.45,3.02,,2025-2026,True,AK,10,False,False
2025-12-13,Vermont,0.11,0.06,0.77,1.36,,2025-2026,True,VT,1,False,False
2025-12-13,Tennessee,0.35,0.29,0.75,1.76,,2025-2026,True,TN,4,True,False
2025-12-13,Rhode Island,0.37,0.28,0.62,3.14,,2025-2026,True,RI,1,False,False
2025-12-13,Pennsylvania,0.21,0.18,0.65,1.84,,2025-2026,True,PA,3,False,False
2025-12-13,Texas,0.55,0.52,0.35,4.15,,2025-2026,True,TX,6,False,False
2025-12-13,Utah,0.04,0.04,0.24,2.91,,2025-2026,True,UT,8,False,False
2025-12-13,Wyoming,0.12,0.04,0.64,1.8,,2025-2026,True,WY,8,False,False
2025-12-13,Mississippi,0.34,0.25,0.67,2.09,,2025-2026,True,MS,4,True,False
2025-12-13,Hawaii,0.47,0.35,0.12,6.37,,2025-2026,True,HI,9,False,False
2025-12-13,Georgia,0.41,0.4,0.24,2.57,,2025-2026,True,GA,4,True,False
2025-12-13,Florida,0.53,0.56,0.23,2.98,,2025-2026,True,FL,4,False,False
2025-12-13,Colorado,0.11,0.08,0.57,4.3,,2025-2026,True,CO,8,False,False
2025-12-13,Alabama,0.57,0.6,0.38,3.05,,2025-2026,True,AL,4,True,False
2025-12-13,Indiana,0.28,0.21,1.0,2.13,,2025-2026,True,IN,5,False,False
2025-12-13,North Dakota,0.07,0.05,0.56,2.13,,2025-2026,True,ND,8,False,False
2025-12-13,Nebraska,0.01,0.02,0.45,0.88,,2025-2026,True,NE,7,False,False
2025-12-13,Minnesota,0.21,0.2,0.74,4.35,,2025-2026,True,MN,5,False,True
2025-12-13,Michigan,0.13,0.1,0.87,2.5,,2025-2026,True,MI,5,False,False
2025-12-13,Idaho,0.11,0.09,0.53,2.48,,2025-2026,True,ID,10,False,False
2025-12-13,Massachusetts,0.31,0.25,0.69,3.04,,2025-2026,True,MA,1,False,False
2025-12-13,Maryland,0.45,0.38,0.39,3.92,,2025-2026,True,MD,3,False,False
2025-12-13,Louisiana,0.51,0.46,0.29,4.45,,2025-2026,True,LA,6,True,False
2025-12-13,Iowa,0.12,0.1,0.64,1.09,,2025-2026,True,IA,7,False,False
2025-12-13,Illinois,0.27,0.21,0.91,2.06,,2025-2026,True,IL,5,False,False
2025-12-13,Delaware,0.51,0.47,0.48,2.11,,2025-2026,True,DE,3,False,False
2025-12-13,California,0.13,0.11,0.19,0.83,,2025-2026,True,CA,9,False,False
2025-12-13,Arkansas,0.64,0.59,0.59,1.4,,2025-2026,True,AR,6,True,False
2025-12-13,District of Columbia,0.33,0.24,0.16,3.81,,2025-2026,True,DC,3,False,False
2025-12-13,Arizona,0.04,0.03,0.41,1.1,,2025-2026,True,AZ,9,False,False
2025-12-13,Connecticut,0.17,0.13,0.85,5.77,,2025-2026,True,CT,1,False,False
2025-12-13,Kansas,0.22,0.13,0.62,1.11,,2025-2026,True,KS,7,False,False
2025-12-13,Kentucky,0.42,0.36,0.85,1.75,,2025-2026,True,KY,4,False,False
2025-12-13,Maine,0.05,0.02,0.7,1.38,,2025-2026,True,ME,1,False,False
2025-12-13,Montana,0.07,0.04,0.83,2.01,,2025-2026,True,MT,8,False,False
2025-12-13,Nevada,0.13,0.08,0.27,1.65,,2025-2026,True,NV,9,False,False
2025-12-13,New Hampshire,0.24,0.17,0.73,1.87,,2025-2026,True,NH,1,False,False
2025-12-13,New Jersey,0.38,0.32,0.49,5.2,,2025-2026,True,NJ,2,False,False
2025-12-13,New York,0.3,0.24,0.48,5.8,,2025-2026,True,NY,2,False,True
2025-12-13,North Carolina,0.47,0.42,0.36,5.23,,2025-2026,True,NC,4,True,False
2025-12-13,Oregon,0.1,0.09,0.23,0.87,,2025-2026,True,OR,10,False,False
2025-12-13,South Carolina,0.58,0.55,0.39,2.47,,2025-2026,True,SC,4,True,False
2025-12-13,Washington,0.3,0.24,0.23,1.41,,2025-2026,True,WA,10,False,False
2025-12-13,Wisconsin,0.08,0.06,0.66,2.15,,2025-2026,True,WI,5,False,False
2025-12-13,West Virginia,0.26,0.29,0.99,1.08,,2025-2026,True,WV,3,False,False
2025-12-20,Arkansas,0.9,0.72,0.95,4.58,,2025-2026,True,AR,6,True,False
2025-12-20,Florida,0.53,0.53,0.26,4.99,,2025-2026,True,FL,4,False,False
2025-12-20,Georgia,0.49,0.43,0.36,6.22,,2025-2026,True,GA,4,True,False
2025-12-20,Hawaii,0.29,0.34,0.11,6.85,,2025-2026,True,HI,9,False,False
2025-12-20,Iowa,0.22,0.15,1.02,2.55,,2025-2026,True,IA,7,False,False
2025-12-20,Utah,0.07,0.05,0.36,5.5,,2025-2026,True,UT,8,False,False
2025-12-20,Mississippi,0.47,0.34,0.88,3.8,,2025-2026,True,MS,4,True,False
2025-12-20,Montana,0.16,0.08,0.71,2.8,,2025-2026,True,MT,8,False,False
2025-12-20,Nevada,0.21,0.13,0.28,3.64,,2025-2026,True,NV,9,False,False
2025-12-20,New York,0.33,0.29,0.5,8.46,,2025-2026,True,NY,2,False,True
2025-12-20,Minnesota,0.29,0.25,0.96,8.41,,2025-2026,True,MN,5,False,True
2025-12-20,New Jersey,0.53,0.41,0.6,8.78,,2025-2026,True,NJ,2,False,False
2025-12-20,New Mexico,0.08,0.07,1.42,6.44,,2025-2026,True,NM,6,False,False
2025-12-20,Maine,0.06,0.04,0.99,3.71,,2025-2026,True,ME,1,False,False
2025-12-20,Alaska,0.49,0.32,0.27,7.42,,2025-2026,True,AK,10,False,False
2025-12-20,Oklahoma,0.32,0.21,0.81,2.17,,2025-2026,True,OK,6,False,False
2025-12-20,Louisiana,0.65,0.53,0.38,7.64,,2025-2026,True,LA,6,True,False
2025-12-20,Kentucky,0.59,0.47,1.15,3.85,,2025-2026,True,KY,4,False,False
2025-12-20,Kansas,0.21,0.18,0.96,3.54,,2025-2026,True,KS,7,False,False
2025-12-20,Colorado,0.16,0.11,0.64,7.05,,2025-2026,True,CO,8,False,False
2025-12-20,California,0.17,0.13,0.22,1.6,,2025-2026,True,CA,9,False,False
2025-12-20,Nebraska,0.03,0.03,0.57,1.96,,2025-2026,True,NE,7,False,False
2025-12-20,Oregon,0.15,0.11,0.18,1.19,,2025-2026,True,OR,10,False,False
2025-12-20,Rhode Island,0.23,0.27,0.81,6.01,,2025-2026,True,RI,1,False,False
2025-12-20,South Carolina,0.67,0.6,0.51,6.32,,2025-2026,True,SC,4,True,False
2025-12-20,Delaware,0.91,0.62,0.67,4.9,,2025-2026,True,DE,3,False,False
2025-12-20,Connecticut,0.25,0.19,1.01,9.97,,2025-2026,True,CT,1,False,False
2025-12-20,Idaho,0.19,0.13,0.46,4.27,,2025-2026,True,ID,10,False,False
2025-12-20,Indiana,0.34,0.27,1.4,4.98,,2025-2026,True,IN,5,False,False
2025-12-20,New Hampshire,0.32,0.25,0.99,4.8,,2025-2026,True,NH,1,False,False
2025-12-20,North Dakota,0.08,0.07,0.7,4.22,,2025-2026,True,ND,8,False,False
2025-12-20,Ohio,0.25,0.17,1.2,4.79,,2025-2026,True,OH,5,False,False
2025-12-20,Wyoming,0.03,0.05,0.62,3.9,,2025-2026,True,WY,8,False,False
2025-12-20,Virginia,0.55,0.49,0.45,5.01,,2025-2026,True,VA,3,False,False
2025-12-20,North Carolina,0.64,0.51,0.53,11.24,,2025-2026,True,NC,4,True,False
2025-12-20,Pennsylvania,0.3,0.24,0.82,3.57,,2025-2026,True,PA,3,False,False
2025-12-20,Wisconsin,0.13,0.09,0.9,4.84,,2025-2026,True,WI,5,False,False
2025-12-20,Washington,0.4,0.32,0.19,2.06,,2025-2026,True,WA,10,False,False
2025-12-20,Texas,0.69,0.58,0.45,7.59,,2025-2026,True,TX,6,False,False
2025-12-20,South Dakota,0.1,0.06,0.82,1.31,,2025-2026,True,SD,8,False,False
2025-12-20,Tennessee,0.51,0.38,0.99,4.25,,2025-2026,True,TN,4,True,False
2025-12-20,Vermont,0.13,0.09,0.85,2.18,,2025-2026,True,VT,1,False,False
2025-12-20,West Virginia,0.37,0.31,1.57,2.19,,2025-2026,True,WV,3,False,False
2025-12-20,Alabama,0.66,0.6,0.42,6.79,,2025-2026,True,AL,4,True,False
2025-12-20,District of Columbia,0.26,0.25,0.26,6.07,,2025-2026,True,DC,3,False,False
2025-12-20,Illinois,0.46,0.31,1.22,5.05,,2025-2026,True,IL,5,False,False
2025-12-20,Maryland,0.72,0.53,0.52,7.98,,2025-2026,True,MD,3,False,False
2025-12-20,Massachusetts,0.4,0.32,0.97,6.38,,2025-2026,True,MA,1,False,False
2025-12-20,Michigan,0.2,0.14,1.19,4.59,,2025-2026,True,MI,5,False,False
2025-12-20,Arizona,0.08,0.05,0.45,2.24,,2025-2026,True,AZ,9,False,False
2025-12-27,Kentucky,0.81,0.62,1.56,7.84,,2025-2026,True,KY,4,False,False
2025-12-27,Oregon,0.24,0.16,0.23,2.24,,2025-2026,True,OR,10,False,False
2025-12-27,District of Columbia,0.55,0.38,0.21,8.6,,2025-2026,True,DC,3,False,False
2025-12-27,Colorado,0.2,0.16,0.75,9.61,,2025-2026,True,CO,8,False,False
2025-12-27,Arkansas,1.05,0.87,1.24,7.18,,2025-2026,True,AR,6,True,False
2025-12-27,Alaska,0.8,0.52,0.39,11.26,,2025-2026,True,AK,10,False,False
2025-12-27,Tennessee,0.7,0.53,1.21,8.6,,2025-2026,True,TN,4,True,False
2025-12-27,Wyoming,0.21,0.12,1.01,7.13,,2025-2026,True,WY,8,False,False
2025-12-27,Michigan,0.28,0.2,1.62,8.1,,2025-2026,True,MI,5,False,False
2025-12-27,Nebraska,0.1,0.05,1.3,4.16,,2025-2026,True,NE,7,False,False
2025-12-27,Pennsylvania,0.43,0.31,1.29,6.92,,2025-2026,True,PA,3,False,False
2025-12-27,Rhode Island,0.48,0.36,0.91,9.0,,2025-2026,True,RI,1,False,False
2025-12-27,South Carolina,0.87,0.71,0.69,10.21,,2025-2026,True,SC,4,True,False
2025-12-27,Virginia,0.68,0.57,0.74,10.17,,2025-2026,True,VA,3,False,False
2025-12-27,Vermont,0.29,0.18,1.17,6.38,,2025-2026,True,VT,1,False,False
2025-12-27,Utah,0.12,0.08,0.49,9.24,,2025-2026,True,UT,8,False,False
2025-12-27,Texas,0.84,0.7,0.48,9.81,,2025-2026,True,TX,6,False,False
2025-12-27,New Mexico,0.16,0.1,1.94,11.47,,2025-2026,True,NM,6,False,False
2025-12-27,New Jersey,0.68,0.53,0.8,11.2,,2025-2026,True,NJ,2,False,False
2025-12-27,Mississippi,0.55,0.45,0.97,5.93,,2025-2026,True,MS,4,True,False
2025-12-27,Maryland,0.79,0.66,0.62,11.26,,2025-2026,True,MD,3,False,False
2025-12-27,Iowa,0.38,0.25,1.69,7.41,,2025-2026,True,IA,7,False,False
2025-12-27,Indiana,0.42,0.35,1.93,8.79,,2025-2026,True,IN,5,False,False
2025-12-27,Hawaii,0.5,0.42,0.12,9.26,,2025-2026,True,HI,9,False,False
2025-12-27,Minnesota,0.4,0.31,1.23,12.56,,2025-2026,True,MN,5,False,True
2025-12-27,Montana,0.13,0.12,1.05,6.21,,2025-2026,True,MT,8,False,False
2025-12-27,Nevada,0.23,0.19,0.31,5.46,,2025-2026,True,NV,9,False,False
2025-12-27,North Carolina,0.81,0.65,0.65,17.49,,2025-2026,True,NC,4,True,False
2025-12-27,South Dakota,0.19,0.11,1.14,4.67,,2025-2026,True,SD,8,False,False
2025-12-27,Washington,0.53,0.41,0.23,3.44,,2025-2026,True,WA,10,False,False
2025-12-27,West Virginia,0.67,0.44,2.55,5.16,,2025-2026,True,WV,3,False,False
2025-12-27,Wisconsin,0.18,0.13,1.4,9.14,,2025-2026,True,WI,5,False,False
2025-12-27,Kansas,0.24,0.22,1.25,7.15,,2025-2026,True,KS,7,False,False
2025-12-27,Idaho,0.24,0.18,0.68,7.34,,2025-2026,True,ID,10,False,False
2025-12-27,Georgia,0.6,0.5,0.49,9.8,,2025-2026,True,GA,4,True,False
2025-12-27,Delaware,1.3,0.91,0.87,9.33,,2025-2026,True,DE,3,False,False
2025-12-27,Connecticut,0.29,0.24,1.17,12.02,,2025-2026,True,CT,1,False,False
2025-12-27,Arizona,0.13,0.08,0.51,3.86,,2025-2026,True,AZ,9,False,False
2025-12-27,Alabama,0.73,0.66,0.66,10.78,,2025-2026,True,AL,4,True,False
2025-12-27,Oklahoma,0.43,0.3,1.18,4.31,,2025-2026,True,OK,6,False,False
2025-12-27,Ohio,0.39,0.27,1.79,8.7,,2025-2026,True,OH,5,False,False
2025-12-27,North Dakota,0.11,0.09,1.37,8.3,,2025-2026,True,ND,8,False,False
2025-12-27,New York,0.41,0.34,0.69,9.4,,2025-2026,True,NY,2,False,True
2025-12-27,New Hampshire,0.41,0.33,1.22,9.57,,2025-2026,True,NH,1,False,False
2025-12-27,Massachusetts,0.46,0.39,1.22,10.34,,2025-2026,True,MA,1,False,False
2025-12-27,Maine,0.05,0.05,1.67,7.5,,2025-2026,True,ME,1,False,False
2025-12-27,Louisiana,0.72,0.63,0.43,10.52,,2025-2026,True,LA,6,True,False
2025-12-27,Illinois,0.58,0.44,1.85,9.04,,2025-2026,True,IL,5,False,False
2025-12-27,Florida,0.61,0.56,0.28,6.68,,2025-2026,True,FL,4,False,False
2025-12-27,California,0.26,0.19,0.25,2.72,,2025-2026,True,CA,9,False,False
2026-01-03,New Jersey,0.69,0.63,0.87,8.5,,2025-2026,True,NJ,2,False,False
2026-01-03,New Hampshire,0.44,0.39,1.48,8.33,,2025-2026,True,NH,1,False,False
2026-01-03,Nevada,0.22,0.22,0.31,3.96,,2025-2026,True,NV,9,False,False
2026-01-03,Mississippi,0.58,0.53,0.93,3.91,,2025-2026,True,MS,4,True,False
2026-01-03,Michigan,0.33,0.27,1.98,7.08,,2025-2026,True,MI,5,False,False
2026-01-03,Massachusetts,0.57,0.48,1.39,8.78,,2025-2026,True,MA,1,False,False
2026-01-03,Maryland,0.86,0.79,0.83,8.61,,2025-2026,True,MD,3,False,False
2026-01-03,South Carolina,0.78,0.78,0.62,7.13,,2025-2026,True,SC,4,True,False
2026-01-03,Oregon,0.23,0.21,0.24,2.7,,2025-2026,True,OR,10,False,False
2026-01-03,Oklahoma,0.55,0.43,1.23,3.38,,2025-2026,True,OK,6,False,False
2026-01-03,Ohio,0.41,0.35,2.08,6.79,,2025-2026,True,OH,5,False,False
2026-01-03,Alabama,0.72,0.71,0.66,7.13,,2025-2026,True,AL,4,True,False
2026-01-03,Georgia,0.61,0.57,0.47,6.17,,2025-2026,True,GA,4,True,False
2026-01-03,Hawaii,0.46,0.42,0.24,7.58,,2025-2026,True,HI,9,False,False
2026-01-03,Kentucky,0.87,0.76,1.47,6.01,,2025-2026,True,KY,4,False,False
2026-01-03,Louisiana,0.67,0.68,0.46,7.12,,2025-2026,True,LA,6,True,False
2026-01-03,Kansas,0.36,0.27,1.33,5.56,,2025-2026,True,KS,7,False,False
2026-01-03,Idaho,0.24,0.22,0.57,5.41,,2025-2026,True,ID,10,False,False
2026-01-03,Colorado,0.23,0.2,0.97,7.64,,2025-2026,True,CO,8,False,False
2026-01-03,California,0.32,0.25,0.24,2.61,,2025-2026,True,CA,9,False,False
2026-01-03,Arizona,0.13,0.11,0.52,2.98,,2025-2026,True,AZ,9,False,False
2026-01-03,Alaska,0.44,0.57,0.53,9.18,,2025-2026,True,AK,10,False,False
2026-01-03,Virginia,0.71,0.65,0.82,8.34,,2025-2026,True,VA,3,False,False
2026-01-03,South Dakota,0.1,0.13,1.99,5.53,,2025-2026,True,SD,8,False,False
2026-01-03,Rhode Island,0.65,0.45,1.31,7.63,,2025-2026,True,RI,1,False,False
2026-01-03,Pennsylvania,0.49,0.41,1.46,6.39,,2025-2026,True,PA,3,False,False
2026-01-03,New York,0.46,0.4,0.71,6.56,,2025-2026,True,NY,2,False,True
2026-01-03,Minnesota,0.46,0.38,1.38,10.13,,2025-2026,True,MN,5,False,True
2026-01-03,Maine,0.09,0.07,1.85,7.55,,2025-2026,True,ME,1,False,False
2026-01-03,Iowa,0.48,0.36,2.09,7.02,,2025-2026,True,IA,7,False,False
2026-01-03,Indiana,0.46,0.41,2.0,6.33,,2025-2026,True,IN,5,False,False
2026-01-03,District of Columbia,0.67,0.51,0.43,7.6,,2025-2026,True,DC,3,False,False
2026-01-03,Delaware,1.44,1.22,1.12,7.45,,2025-2026,True,DE,3,False,False
2026-01-03,Arkansas,0.88,0.95,1.0,4.98,,2025-2026,True,AR,6,True,False
2026-01-03,Utah,0.15,0.11,0.45,6.96,,2025-2026,True,UT,8,False,False
2026-01-03,Wyoming,0.19,0.14,0.91,6.1,,2025-2026,True,WY,8,False,False
2026-01-03,Wisconsin,0.23,0.18,1.67,8.23,,2025-2026,True,WI,5,False,False
2026-01-03,West Virginia,0.91,0.66,2.95,4.96,,2025-2026,True,WV,3,False,False
2026-01-03,Tennessee,0.81,0.68,1.1,5.95,,2025-2026,True,TN,4,True,False
2026-01-03,Washington,0.58,0.51,0.27,3.86,,2025-2026,True,WA,10,False,False
2026-01-03,Vermont,0.22,0.21,1.4,6.77,,2025-2026,True,VT,1,False,False
2026-01-03,Texas,0.8,0.78,0.43,5.98,,2025-2026,True,TX,6,False,False
2026-01-03,North Carolina,0.8,0.75,0.66,12.49,,2025-2026,True,NC,4,True,False
2026-01-03,New Mexico,0.18,0.14,1.46,8.26,,2025-2026,True,NM,6,False,False
2026-01-03,Nebraska,0.09,0.07,1.14,3.95,,2025-2026,True,NE,7,False,False
2026-01-03,Montana,0.06,0.12,1.19,5.32,,2025-2026,True,MT,8,False,False
2026-01-03,Illinois,0.66,0.57,2.17,6.92,,2025-2026,True,IL,5,False,False
2026-01-03,Florida,0.58,0.57,0.37,5.56,,2025-2026,True,FL,4,False,False
2026-01-03,Connecticut,0.36,0.3,1.32,8.53,,2025-2026,True,CT,1,False,False
2026-01-03,North Dakota,0.11,0.1,1.06,8.06,,2025-2026,True,ND,8,False,False
2026-01-10,Illinois,0.57,0.6,1.9,4.38,,2025-2026,True,IL,5,False,False
2026-01-10,Wyoming,0.19,0.2,0.9,4.12,,2025-2026,True,WY,8,False,False
2026-01-10,Virginia,0.5,0.63,0.76,5.52,,2025-2026,True,VA,3,False,False
2026-01-10,Rhode Island,0.41,0.51,1.31,4.55,,2025-2026,True,RI,1,False,False
2026-01-10,Pennsylvania,0.42,0.45,1.22,4.16,,2025-2026,True,PA,3,False,False
2026-01-10,North Carolina,0.67,0.77,0.61,7.23,,2025-2026,True,NC,4,True,False
2026-01-10,Kentucky,0.75,0.81,1.25,3.89,,2025-2026,True,KY,4,False,False
2026-01-10,Hawaii,0.72,0.56,0.22,5.38,,2025-2026,True,HI,9,False,False
2026-01-10,Florida,0.43,0.54,0.38,4.65,,2025-2026,True,FL,4,False,False
2026-01-10,Colorado,0.27,0.23,0.79,4.29,,2025-2026,True,CO,8,False,False
2026-01-10,California,0.31,0.3,0.22,2.25,,2025-2026,True,CA,9,False,False
2026-01-10,Wisconsin,0.27,0.23,1.57,5.24,,2025-2026,True,WI,5,False,False
2026-01-10,Texas,0.57,0.74,0.36,3.91,,2025-2026,True,TX,6,False,False
2026-01-10,South Dakota,0.18,0.16,1.43,4.31,,2025-2026,True,SD,8,False,False
2026-01-10,Ohio,0.36,0.39,1.63,4.4,,2025-2026,True,OH,5,False,False
2026-01-10,New Jersey,0.57,0.65,0.75,5.19,,2025-2026,True,NJ,2,False,False
2026-01-10,Nevada,0.2,0.21,0.27,2.77,,2025-2026,True,NV,9,False,False
2026-01-10,Mississippi,0.53,0.55,0.77,2.57,,2025-2026,True,MS,4,True,False
2026-01-10,Minnesota,0.4,0.42,1.16,6.07,,2025-2026,True,MN,5,False,True
2026-01-10,Massachusetts,0.55,0.53,1.12,5.67,,2025-2026,True,MA,1,False,False
2026-01-10,Maryland,0.74,0.8,0.81,5.17,,2025-2026,True,MD,3,False,False
2026-01-10,Kansas,0.32,0.31,1.17,4.28,,2025-2026,True,KS,7,False,False
2026-01-10,Iowa,0.43,0.43,1.77,5.29,,2025-2026,True,IA,7,False,False
2026-01-10,Alaska,0.46,0.57,0.46,6.73,,2025-2026,True,AK,10,False,False
2026-01-10,Alabama,0.48,0.65,0.49,4.4,,2025-2026,True,AL,4,True,False
2026-01-10,Delaware,1.09,1.28,1.15,5.55,,2025-2026,True,DE,3,False,False
2026-01-10,District of Columbia,0.53,0.59,0.5,5.11,,2025-2026,True,DC,3,False,False
2026-01-10,Indiana,0.44,0.44,1.71,3.92,,2025-2026,True,IN,5,False,False
2026-01-10,Louisiana,0.48,0.62,0.37,4.54,,2025-2026,True,LA,6,True,False
2026-01-10,Michigan,0.31,0.31,1.71,4.13,,2025-2026,True,MI,5,False,False
2026-01-10,Montana,0.11,0.1,1.16,3.32,,2025-2026,True,MT,8,False,False
2026-01-10,Nebraska,0.09,0.09,0.95,2.73,,2025-2026,True,NE,7,False,False
2026-01-10,New Hampshire,0.46,0.44,1.2,6.26,,2025-2026,True,NH,1,False,False
2026-01-10,North Dakota,0.11,0.11,1.14,4.88,,2025-2026,True,ND,8,False,False
2026-01-10,South Carolina,0.46,0.71,0.48,4.25,,2025-2026,True,SC,4,True,False
2026-01-10,Arizona,0.11,0.12,0.42,2.07,,2025-2026,True,AZ,9,False,False
2026-01-10,Arkansas,0.67,0.87,0.71,3.3,,2025-2026,True,AR,6,True,False
2026-01-10,Connecticut,0.32,0.32,1.11,4.48,,2025-2026,True,CT,1,False,False
2026-01-10,Georgia,0.5,0.57,0.39,3.15,,2025-2026,True,GA,4,True,False
2026-01-10,Idaho,0.25,0.24,0.59,3.73,,2025-2026,True,ID,10,False,False
2026-01-10,Maine,0.06,0.07,1.46,4.88,,2025-2026,True,ME,1,False,False
2026-01-10,New Mexico,0.17,0.17,1.18,4.75,,2025-2026,True,NM,6,False,False
2026-01-10,New York,0.38,0.42,0.62,3.34,,2025-2026,True,NY,2,False,True
2026-01-10,Oklahoma,0.5,0.49,1.12,2.24,,2025-2026,True,OK,6,False,False
2026-01-10,Oregon,0.27,0.25,0.26,2.47,,2025-2026,True,OR,10,False,False
2026-01-10,Tennessee,0.6,0.7,0.88,3.69,,2025-2026,True,TN,4,True,False
2026-01-10,Utah,0.19,0.15,0.41,4.18,,2025-2026,True,UT,8,False,False
2026-01-10,Vermont,0.26,0.26,0.92,4.39,,2025-2026,True,VT,1,False,False
2026-01-10,Washington,0.59,0.57,0.25,3.56,,2025-2026,True,WA,10,False,False
2026-01-10,West Virginia,0.69,0.75,2.15,3.84,,2025-2026,True,WV,3,False,False
2026-01-17,Delaware,1.21,1.25,0.74,4.44,,2025-2026,True,DE,3,False,False
2026-01-17,South Carolina,0.43,0.56,0.37,2.89,,2025-2026,True,SC,4,True,False
2026-01-17,Rhode Island,0.66,0.57,0.96,2.72,,2025-2026,True,RI,1,False,False
2026-01-17,Nebraska,0.12,0.1,0.92,3.03,,2025-2026,True,NE,7,False,False
2026-01-17,Montana,0.08,0.09,1.11,2.98,,2025-2026,True,MT,8,False,False
2026-01-17,Massachusetts,0.65,0.59,0.97,3.94,,2025-2026,True,MA,1,False,False
2026-01-17,Maryland,0.75,0.79,0.66,3.1,,2025-2026,True,MD,3,False,False
2026-01-17,Kentucky,0.65,0.76,1.15,3.36,,2025-2026,True,KY,4,False,False
2026-01-17,Arizona,0.16,0.14,0.33,1.69,,2025-2026,True,AZ,9,False,False
2026-01-17,Alaska,0.54,0.48,0.26,5.46,,2025-2026,True,AK,10,False,False
2026-01-17,Oklahoma,0.49,0.51,1.04,2.49,,2025-2026,True,OK,6,False,False
2026-01-17,Tennessee,0.62,0.68,0.62,2.68,,2025-2026,True,TN,4,True,False
2026-01-17,Texas,0.56,0.65,0.34,3.4,,2025-2026,True,TX,6,False,False
2026-01-17,Virginia,0.53,0.58,0.71,3.97,,2025-2026,True,VA,3,False,False
2026-01-17,Utah,0.27,0.2,0.34,3.36,,2025-2026,True,UT,8,False,False
2026-01-17,Florida,0.42,0.48,0.32,3.88,,2025-2026,True,FL,4,False,False
2026-01-17,Georgia,0.42,0.52,0.3,1.94,,2025-2026,True,GA,4,True,False
2026-01-17,Indiana,0.45,0.45,1.41,2.93,,2025-2026,True,IN,5,False,False
2026-01-17,Kansas,0.36,0.35,1.01,4.4,,2025-2026,True,KS,7,False,False
2026-01-17,Minnesota,0.42,0.43,1.08,4.38,,2025-2026,True,MN,5,False,True
2026-01-17,New Hampshire,0.61,0.5,1.28,4.86,,2025-2026,True,NH,1,False,False
2026-01-17,New York,0.42,0.42,0.56,1.92,,2025-2026,True,NY,2,False,True
2026-01-17,Ohio,0.37,0.38,1.36,3.48,,2025-2026,True,OH,5,False,False
2026-01-17,Arkansas,1.11,0.89,0.58,3.13,,2025-2026,True,AR,6,True,False
2026-01-17,Alabama,0.44,0.55,0.43,3.44,,2025-2026,True,AL,4,True,False
2026-01-17,Vermont,0.41,0.29,1.01,4.63,,2025-2026,True,VT,1,False,False
2026-01-17,Oregon,0.3,0.27,0.21,2.96,,2025-2026,True,OR,10,False,False
2026-01-17,North Dakota,0.19,0.14,0.88,3.68,,2025-2026,True,ND,8,False,False
2026-01-17,New Mexico,0.29,0.21,1.04,3.5,,2025-2026,True,NM,6,False,False
2026-01-17,New Jersey,0.68,0.65,0.7,3.15,,2025-2026,True,NJ,2,False,False
2026-01-17,Nevada,0.25,0.22,0.19,2.12,,2025-2026,True,NV,9,False,False
2026-01-17,Michigan,0.32,0.32,1.53,3.4,,2025-2026,True,MI,5,False,False
2026-01-17,Maine,0.07,0.07,1.18,4.55,,2025-2026,True,ME,1,False,False
2026-01-17,Louisiana,0.49,0.55,0.35,3.38,,2025-2026,True,LA,6,True,False
2026-01-17,Iowa,0.67,0.52,1.58,5.79,,2025-2026,True,IA,7,False,False
2026-01-17,Illinois,0.66,0.63,1.58,3.3,,2025-2026,True,IL,5,False,False
2026-01-17,Idaho,0.28,0.26,0.41,3.06,,2025-2026,True,ID,10,False,False
2026-01-17,District of Columbia,0.57,0.59,0.34,3.03,,2025-2026,True,DC,3,False,False
2026-01-17,Connecticut,0.38,0.35,1.08,2.98,,2025-2026,True,CT,1,False,False
2026-01-17,Wisconsin,0.35,0.28,1.44,3.98,,2025-2026,True,WI,5,False,False
2026-01-17,West Virginia,0.68,0.76,1.78,4.35,,2025-2026,True,WV,3,False,False
2026-01-17,Washington,0.51,0.56,0.25,3.59,,2025-2026,True,WA,10,False,False
2026-01-17,South Dakota,0.24,0.17,1.61,4.6,,2025-2026,True,SD,8,False,False
2026-01-17,Pennsylvania,0.48,0.46,1.1,3.3,,2025-2026,True,PA,3,False,False
2026-01-17,North Carolina,0.69,0.72,0.51,4.5,,2025-2026,True,NC,4,True,False
2026-01-17,Mississippi,0.6,0.57,0.62,2.11,,2025-2026,True,MS,4,True,False
2026-01-17,Hawaii,0.53,0.57,0.2,3.95,,2025-2026,True,HI,9,False,False
2026-01-17,California,0.31,0.31,0.19,2.48,,2025-2026,True,CA,9,False,False
2026-01-17,Colorado,0.34,0.28,0.67,2.67,,2025-2026,True,CO,8,False,False
2026-01-17,Wyoming,0.15,0.18,0.95,2.42,,2025-2026,True,WY,8,False,False
2026-01-24,Kentucky,0.73,0.71,1.22,4.22,,2025-2026,True,KY,4,False,False
2026-01-24,Illinois,0.78,0.67,1.52,3.51,,2025-2026,True,IL,5,False,False
2026-01-24,Hawaii,0.53,0.59,0.14,2.51,,2025-2026,True,HI,9,False,False
2026-01-24,Connecticut,0.38,0.36,0.86,1.68,,2025-2026,True,CT,1,False,False
2026-01-24,California,0.38,0.33,0.17,3.52,,2025-2026,True,CA,9,False,False
2026-01-24,Louisiana,0.57,0.51,0.45,5.1,,2025-2026,True,LA,6,True,False
2026-01-24,Indiana,0.47,0.45,1.27,3.37,,2025-2026,True,IN,5,False,False
2026-01-24,Georgia,0.46,0.46,0.41,2.1,,2025-2026,True,GA,4,True,False
2026-01-24,Arkansas,1.09,0.96,0.68,5.22,,2025-2026,True,AR,6,True,False
2026-01-24,Arizona,0.17,0.15,0.29,2.37,,2025-2026,True,AZ,9,False,False
2026-01-24,Delaware,1.1,1.13,0.95,4.12,,2025-2026,True,DE,3,False,False
2026-01-24,West Virginia,0.78,0.72,1.99,4.46,,2025-2026,True,WV,3,False,False
2026-01-24,Virginia,0.49,0.51,0.87,3.92,,2025-2026,True,VA,3,False,False
2026-01-24,Utah,0.42,0.29,0.33,3.15,,2025-2026,True,UT,8,False,False
2026-01-24,Alabama,0.44,0.45,0.47,4.97,,2025-2026,True,AL,4,True,False
2026-01-24,Alaska,0.59,0.53,0.29,4.62,,2025-2026,True,AK,10,False,False
2026-01-24,Colorado,0.47,0.36,0.66,2.17,,2025-2026,True,CO,8,False,False
2026-01-24,District of Columbia,0.56,0.55,0.42,2.05,,2025-2026,True,DC,3,False,False
2026-01-24,Florida,0.36,0.4,0.29,4.13,,2025-2026,True,FL,4,False,False
2026-01-24,Idaho,0.3,0.28,0.62,2.82,,2025-2026,True,ID,10,False,False
2026-01-24,Kansas,0.51,0.39,0.86,5.46,,2025-2026,True,KS,7,False,False
2026-01-24,Minnesota,0.5,0.44,0.98,3.57,,2025-2026,True,MN,5,False,True
2026-01-24,Montana,0.19,0.13,0.87,3.57,,2025-2026,True,MT,8,False,False
2026-01-24,Oklahoma,0.67,0.55,1.07,4.33,,2025-2026,True,OK,6,False,False
2026-01-24,South Carolina,0.39,0.43,0.55,3.38,,2025-2026,True,SC,4,True,False
2026-01-24,Oregon,0.28,0.29,0.2,4.28,,2025-2026,True,OR,10,False,False
2026-01-24,North Carolina,0.75,0.7,0.55,4.07,,2025-2026,True,NC,4,True,False
2026-01-24,Mississippi,0.82,0.65,0.67,3.51,,2025-2026,True,MS,4,True,False
2026-01-24,Iowa,0.78,0.62,1.62,5.98,,2025-2026,True,IA,7,False,False
2026-01-24,Wisconsin,0.44,0.35,1.54,3.98,,2025-2026,True,WI,5,False,False
2026-01-24,Tennessee,0.7,0.64,0.69,3.69,,2025-2026,True,TN,4,True,False
2026-01-24,New Jersey,0.72,0.66,0.67,2.06,,2025-2026,True,NJ,2,False,False
2026-01-24,New Hampshire,0.72,0.59,1.08,4.11,,2025-2026,True,NH,1,False,False
2026-01-24,Michigan,0.47,0.36,1.35,3.09,,2025-2026,True,MI,5,False,False
2026-01-24,Massachusetts,0.88,0.69,0.95,2.47,,2025-2026,True,MA,1,False,False
2026-01-24,Wyoming,0.18,0.18,0.84,2.1,,2025-2026,True,WY,8,False,False
2026-01-24,Washington,0.6,0.56,0.27,4.08,,2025-2026,True,WA,10,False,False
2026-01-24,Vermont,0.66,0.44,1.19,5.23,,2025-2026,True,VT,1,False,False
2026-01-24,Texas,0.66,0.6,0.37,4.71,,2025-2026,True,TX,6,False,False
2026-01-24,South Dakota,0.3,0.24,1.54,5.24,,2025-2026,True,SD,8,False,False
2026-01-24,Rhode Island,0.7,0.58,0.74,1.64,,2025-2026,True,RI,1,False,False
2026-01-24,Pennsylvania,0.51,0.47,0.98,2.75,,2025-2026,True,PA,3,False,False
2026-01-24,Ohio,0.46,0.39,1.31,3.77,,2025-2026,True,OH,5,False,False
2026-01-24,North Dakota,0.28,0.19,1.11,3.72,,2025-2026,True,ND,8,False,False
2026-01-24,New York,0.45,0.42,0.51,1.3,,2025-2026,True,NY,2,False,True
2026-01-24,New Mexico,0.38,0.28,0.93,3.55,,2025-2026,True,NM,6,False,False
2026-01-24,Nevada,0.35,0.27,0.22,2.42,,2025-2026,True,NV,9,False,False
2026-01-24,Nebraska,0.07,0.1,0.8,3.02,,2025-2026,True,NE,7,False,False
2026-01-24,Maryland,0.69,0.73,0.68,2.13,,2025-2026,True,MD,3,False,False
2026-01-24,Maine,0.13,0.08,1.28,3.68,,2025-2026,True,ME,1,False,False
2026-01-31,New Mexico,0.44,0.37,0.83,2.87,,2025-2026,True,NM,6,False,False
2026-01-31,Hawaii,0.58,0.55,0.16,2.1,,2025-2026,True,HI,9,False,False
2026-01-31,Kansas,0.45,0.44,0.8,4.96,,2025-2026,True,KS,7,False,False
2026-01-31,Nebraska,0.17,0.12,0.83,2.92,,2025-2026,True,NE,7,False,False
2026-01-31,New Hampshire,0.8,0.7,0.99,2.85,,2025-2026,True,NH,1,False,False
2026-01-31,New York,0.5,0.46,0.52,0.92,,2025-2026,True,NY,2,False,True
2026-01-31,South Carolina,0.4,0.4,0.54,3.56,,2025-2026,True,SC,4,True,False
2026-01-31,Tennessee,0.76,0.69,0.71,4.31,,2025-2026,True,TN,4,True,False
2026-01-31,Vermont,0.48,0.51,0.92,3.77,,2025-2026,True,VT,1,False,False
2026-01-31,West Virginia,0.71,0.73,1.97,4.79,,2025-2026,True,WV,3,False,False
2026-01-31,Alaska,0.89,0.67,0.32,2.87,,2025-2026,True,AK,10,False,False
2026-01-31,Arkansas,1.38,1.19,0.76,5.81,,2025-2026,True,AR,6,True,False
2026-01-31,Delaware,1.08,1.13,1.18,3.61,,2025-2026,True,DE,3,False,False
2026-01-31,Idaho,0.43,0.34,0.5,3.0,,2025-2026,True,ID,10,False,False
2026-01-31,Iowa,0.64,0.69,1.52,5.29,,2025-2026,True,IA,7,False,False
2026-01-31,Kentucky,0.71,0.7,1.17,4.19,,2025-2026,True,KY,4,False,False
2026-01-31,Massachusetts,0.87,0.79,0.87,1.73,,2025-2026,True,MA,1,False,False
2026-01-31,Minnesota,0.58,0.5,0.83,2.54,,2025-2026,True,MN,5,False,True
2026-01-31,North Dakota,0.37,0.28,1.34,3.31,,2025-2026,True,ND,8,False,False
2026-01-31,Rhode Island,0.32,0.57,0.63,1.16,,2025-2026,True,RI,1,False,False
2026-01-31,Texas,0.65,0.62,0.37,4.27,,2025-2026,True,TX,6,False,False
2026-01-31,Wisconsin,0.4,0.4,1.42,3.3,,2025-2026,True,WI,5,False,False
2026-01-31,Alabama,0.43,0.44,0.47,5.89,,2025-2026,True,AL,4,True,False
2026-01-31,California,0.45,0.38,0.17,3.84,,2025-2026,True,CA,9,False,False
2026-01-31,Connecticut,0.51,0.42,0.87,1.15,,2025-2026,True,CT,1,False,False
2026-01-31,Wyoming,0.33,0.22,0.84,1.85,,2025-2026,True,WY,8,False,False
2026-01-31,Virginia,0.45,0.49,0.74,3.43,,2025-2026,True,VA,3,False,False
2026-01-31,Pennsylvania,0.56,0.52,0.84,2.13,,2025-2026,True,PA,3,False,False
2026-01-31,Oregon,0.37,0.32,0.21,7.08,,2025-2026,True,OR,10,False,False
2026-01-31,Nevada,0.47,0.36,0.22,2.17,,2025-2026,True,NV,9,False,False
2026-01-31,Mississippi,0.65,0.69,0.75,4.52,,2025-2026,True,MS,4,True,False
2026-01-31,Maine,0.18,0.12,1.21,2.75,,2025-2026,True,ME,1,False,False
2026-01-31,Indiana,0.5,0.47,1.23,3.35,,2025-2026,True,IN,5,False,False
2026-01-31,Arizona,0.22,0.18,0.32,2.67,,2025-2026,True,AZ,9,False,False
2026-01-31,Colorado,0.58,0.46,0.7,1.79,,2025-2026,True,CO,8,False,False
2026-01-31,District of Columbia,0.43,0.52,0.52,1.61,,2025-2026,True,DC,3,False,False
2026-01-31,Florida,0.36,0.38,0.3,4.05,,2025-2026,True,FL,4,False,False
2026-01-31,Georgia,0.51,0.46,0.39,2.13,,2025-2026,True,GA,4,True,False
2026-01-31,Illinois,0.75,0.73,1.43,2.92,,2025-2026,True,IL,5,False,False
2026-01-31,Louisiana,0.61,0.56,0.46,4.64,,2025-2026,True,LA,6,True,False
2026-01-31,Maryland,0.7,0.72,0.63,1.48,,2025-2026,True,MD,3,False,False
2026-01-31,Michigan,0.44,0.41,1.17,2.4,,2025-2026,True,MI,5,False,False
2026-01-31,Montana,0.37,0.21,0.91,3.77,,2025-2026,True,MT,8,False,False
2026-01-31,New Jersey,0.68,0.7,0.68,1.68,,2025-2026,True,NJ,2,False,False
2026-01-31,North Carolina,0.96,0.79,0.53,3.86,,2025-2026,True,NC,4,True,False
2026-01-31,Ohio,0.47,0.43,1.19,3.5,,2025-2026,True,OH,5,False,False
2026-01-31,Oklahoma,0.89,0.68,1.24,4.45,,2025-2026,True,OK,6,False,False
2026-01-31,South Dakota,0.49,0.34,1.28,4.63,,2025-2026,True,SD,8,False,False
2026-01-31,Utah,0.5,0.4,0.29,3.04,,2025-2026,True,UT,8,False,False
2026-01-31,Washington,0.71,0.61,0.27,5.35,,2025-2026,True,WA,10,False,False
2026-02-07,Rhode Island,0.59,0.54,0.66,1.19,,2025-2026,True,RI,1,False,False
2026-02-07,Washington,0.74,0.68,0.3,5.32,,2025-2026,True,WA,10,False,False
2026-02-07,Wyoming,0.47,0.33,1.08,1.86,,2025-2026,True,WY,8,False,False
2026-02-07,North Carolina,0.76,0.82,0.5,3.0,,2025-2026,True,NC,4,True,False
2026-02-07,New York,0.47,0.47,0.52,0.76,,2025-2026,True,NY,2,False,True
2026-02-07,New Mexico,0.79,0.54,0.93,3.57,,2025-2026,True,NM,6,False,False
2026-02-07,Kansas,0.56,0.51,0.78,5.49,,2025-2026,True,KS,7,False,False
2026-02-07,Maine,0.26,0.19,1.22,2.54,,2025-2026,True,ME,1,False,False
2026-02-07,Louisiana,0.52,0.56,0.43,4.97,,2025-2026,True,LA,6,True,False
2026-02-07,Indiana,0.46,0.47,1.09,2.62,,2025-2026,True,IN,5,False,False
2026-02-07,California,0.5,0.44,0.17,4.52,,2025-2026,True,CA,9,False,False
2026-02-07,Iowa,0.85,0.76,1.43,5.29,,2025-2026,True,IA,7,False,False
2026-02-07,Georgia,0.4,0.46,0.41,2.45,,2025-2026,True,GA,4,True,False
2026-02-07,Wisconsin,0.57,0.47,1.25,3.42,,2025-2026,True,WI,5,False,False
2026-02-07,District of Columbia,0.46,0.48,0.39,0.96,,2025-2026,True,DC,3,False,False
2026-02-07,Idaho,0.58,0.44,0.57,3.36,,2025-2026,True,ID,10,False,False
2026-02-07,Illinois,0.87,0.8,1.29,2.77,,2025-2026,True,IL,5,False,False
2026-02-07,Michigan,0.5,0.47,1.27,2.4,,2025-2026,True,MI,5,False,False
2026-02-07,New Jersey,0.59,0.67,0.62,1.42,,2025-2026,True,NJ,2,False,False
2026-02-07,North Dakota,0.22,0.29,1.11,2.48,,2025-2026,True,ND,8,False,False
2026-02-07,Ohio,0.37,0.43,0.9,2.49,,2025-2026,True,OH,5,False,False
2026-02-07,Oregon,0.57,0.42,0.21,7.24,,2025-2026,True,OR,10,False,False
2026-02-07,South Dakota,0.79,0.53,1.68,4.16,,2025-2026,True,SD,8,False,False
2026-02-07,Vermont,0.66,0.6,0.77,3.34,,2025-2026,True,VT,1,False,False
2026-02-07,Texas,0.5,0.6,0.34,4.02,,2025-2026,True,TX,6,False,False
2026-02-07,Pennsylvania,0.46,0.51,0.68,1.53,,2025-2026,True,PA,3,False,False
2026-02-07,Nevada,0.64,0.49,0.28,2.34,,2025-2026,True,NV,9,False,False
2026-02-07,Kentucky,0.6,0.68,0.89,2.5,,2025-2026,True,KY,4,False,False
2026-02-07,Arizona,0.27,0.22,0.37,3.77,,2025-2026,True,AZ,9,False,False
2026-02-07,Alaska,0.8,0.76,0.3,3.17,,2025-2026,True,AK,10,False,False
2026-02-07,Alabama,0.38,0.42,0.57,7.2,,2025-2026,True,AL,4,True,False
2026-02-07,Arkansas,1.07,1.17,0.59,4.31,,2025-2026,True,AR,6,True,False
2026-02-07,Florida,0.32,0.35,0.32,5.31,,2025-2026,True,FL,4,False,False
2026-02-07,Delaware,0.85,1.01,0.86,2.35,,2025-2026,True,DE,3,False,False
2026-02-07,Connecticut,0.39,0.42,0.79,1.32,,2025-2026,True,CT,1,False,False
2026-02-07,Colorado,0.79,0.61,0.68,1.82,,2025-2026,True,CO,8,False,False
2026-02-07,West Virginia,0.58,0.69,1.32,2.93,,2025-2026,True,WV,3,False,False
2026-02-07,Virginia,0.37,0.44,0.61,2.11,,2025-2026,True,VA,3,False,False
2026-02-07,Utah,0.75,0.56,0.32,3.2,,2025-2026,True,UT,8,False,False
2026-02-07,Tennessee,0.54,0.66,0.53,2.83,,2025-2026,True,TN,4,True,False
2026-02-07,South Carolina,0.29,0.36,0.6,3.6,,2025-2026,True,SC,4,True,False
2026-02-07,Hawaii,0.61,0.58,0.21,2.6,,2025-2026,True,HI,9,False,False
2026-02-07,Maryland,0.54,0.64,0.57,0.85,,2025-2026,True,MD,3,False,False
2026-02-07,Massachusetts,0.78,0.84,0.82,1.47,,2025-2026,True,MA,1,False,False
2026-02-07,Minnesota,0.54,0.54,0.91,2.31,,2025-2026,True,MN,5,False,True
2026-02-07,Mississippi,0.56,0.67,0.77,5.26,,2025-2026,True,MS,4,True,False
2026-02-07,Montana,0.46,0.34,0.86,3.85,,2025-2026,True,MT,8,False,False
2026-02-07,Nebraska,0.27,0.18,0.75,3.6,,2025-2026,True,NE,7,False,False
2026-02-07,New Hampshire,0.58,0.69,1.04,2.72,,2025-2026,True,NH,1,False,False
2026-02-07,Oklahoma,0.74,0.77,1.25,3.59,,2025-2026,True,OK,6,False,False
2026-02-14,Idaho,0.7,0.57,0.68,3.25,,2025-2026,True,ID,10,False,False
2026-02-14,Delaware,1.09,1.0,0.82,2.73,,2025-2026,True,DE,3,False,False
2026-02-14,Arkansas,1.17,1.2,0.67,5.75,,2025-2026,True,AR,6,True,False
2026-02-14,Arizona,0.32,0.27,0.35,4.05,,2025-2026,True,AZ,9,False,False
2026-02-14,Washington,0.7,0.72,0.34,4.12,,2025-2026,True,WA,10,False,False
2026-02-14,Utah,0.88,0.71,0.37,3.25,,2025-2026,True,UT,8,False,False
2026-02-14,Texas,0.52,0.55,0.38,4.36,,2025-2026,True,TX,6,False,False
2026-02-14,South Dakota,1.28,0.86,1.34,4.49,,2025-2026,True,SD,8,False,False
2026-02-14,Hawaii,0.65,0.62,0.18,2.59,,2025-2026,True,HI,9,False,False
2026-02-14,Pennsylvania,0.55,0.52,0.68,1.82,,2025-2026,True,PA,3,False,False
2026-02-14,Oregon,0.6,0.52,0.23,5.68,,2025-2026,True,OR,10,False,False
2026-02-14,Ohio,0.46,0.43,0.86,3.27,,2025-2026,True,OH,5,False,False
2026-02-14,Louisiana,0.5,0.54,0.48,5.29,,2025-2026,True,LA,6,True,False
2026-02-14,California,0.48,0.48,0.15,4.04,,2025-2026,True,CA,9,False,False
2026-02-14,Colorado,0.91,0.76,0.67,1.98,,2025-2026,True,CO,8,False,False
2026-02-14,Indiana,0.46,0.47,1.02,3.6,,2025-2026,True,IN,5,False,False
2026-02-14,Minnesota,0.72,0.62,0.94,2.32,,2025-2026,True,MN,5,False,True
2026-02-14,Mississippi,0.7,0.64,0.81,5.95,,2025-2026,True,MS,4,True,False
2026-02-14,New Jersey,0.63,0.63,0.61,1.85,,2025-2026,True,NJ,2,False,False
2026-02-14,New Mexico,0.88,0.71,0.71,3.28,,2025-2026,True,NM,6,False,False
2026-02-14,North Dakota,0.53,0.37,1.33,1.76,,2025-2026,True,ND,8,False,False
2026-02-14,Tennessee,0.55,0.61,0.5,2.96,,2025-2026,True,TN,4,True,False
2026-02-14,Wisconsin,0.68,0.56,1.17,3.38,,2025-2026,True,WI,5,False,False
2026-02-14,Wyoming,0.91,0.57,1.11,1.88,,2025-2026,True,WY,8,False,False
2026-02-14,Kansas,0.64,0.56,0.77,5.7,,2025-2026,True,KS,7,False,False
2026-02-14,Florida,0.32,0.33,0.35,6.23,,2025-2026,True,FL,4,False,False
2026-02-14,District of Columbia,0.33,0.4,0.4,0.86,,2025-2026,True,DC,3,False,False
2026-02-14,Connecticut,0.59,0.5,0.84,1.52,,2025-2026,True,CT,1,False,False
2026-02-14,Alabama,0.31,0.37,0.65,8.58,,2025-2026,True,AL,4,True,False
2026-02-14,Alaska,1.06,0.92,0.49,2.78,,2025-2026,True,AK,10,False,False
2026-02-14,Georgia,0.44,0.45,0.46,2.8,,2025-2026,True,GA,4,True,False
2026-02-14,Iowa,1.08,0.86,1.22,4.77,,2025-2026,True,IA,7,False,False
2026-02-14,Kentucky,0.66,0.66,0.92,2.81,,2025-2026,True,KY,4,False,False
2026-02-14,Maine,0.25,0.23,1.18,2.4,,2025-2026,True,ME,1,False,False
2026-02-14,Maryland,0.54,0.59,0.61,1.03,,2025-2026,True,MD,3,False,False
2026-02-14,Massachusetts,0.87,0.84,0.7,1.43,,2025-2026,True,MA,1,False,False
2026-02-14,Montana,0.46,0.43,0.84,3.49,,2025-2026,True,MT,8,False,False
2026-02-14,Nevada,0.67,0.59,0.26,2.47,,2025-2026,True,NV,9,False,False
2026-02-14,Oklahoma,0.88,0.83,1.15,4.26,,2025-2026,True,OK,6,False,False
2026-02-14,South Carolina,0.28,0.32,0.56,3.25,,2025-2026,True,SC,4,True,False
2026-02-14,Virginia,0.3,0.37,0.68,2.0,,2025-2026,True,VA,3,False,False
2026-02-14,West Virginia,0.73,0.68,1.14,3.02,,2025-2026,True,WV,3,False,False
2026-02-14,Illinois,1.0,0.88,1.28,3.18,,2025-2026,True,IL,5,False,False
2026-02-14,Michigan,0.59,0.51,1.19,2.61,,2025-2026,True,MI,5,False,False
2026-02-14,Nebraska,0.56,0.34,0.99,4.3,,2025-2026,True,NE,7,False,False
2026-02-14,New Hampshire,0.95,0.77,1.11,2.71,,2025-2026,True,NH,1,False,False
2026-02-14,New York,0.52,0.5,0.53,0.9,,2025-2026,True,NY,2,False,True
2026-02-14,North Carolina,0.66,0.79,0.51,2.51,,2025-2026,True,NC,4,True,False
2026-02-14,Rhode Island,0.61,0.51,0.64,0.97,,2025-2026,True,RI,1,False,False
2026-02-14,Vermont,0.76,0.64,0.68,3.96,,2025-2026,True,VT,1,False,False
2026-02-21,Nevada,0.73,0.68,0.19,1.98,,2025-2026,True,NV,9,False,False
2026-02-21,New Hampshire,1.01,0.85,1.0,2.69,,2025-2026,True,NH,1,False,False
2026-02-21,New Mexico,1.09,0.92,0.62,3.59,,2025-2026,True,NM,6,False,False
2026-02-21,California,0.51,0.5,0.18,3.12,,2025-2026,True,CA,9,False,False
2026-02-21,Arkansas,1.22,1.16,0.69,5.3,,2025-2026,True,AR,6,True,False
2026-02-21,Alaska,0.8,0.89,0.59,2.51,,2025-2026,True,AK,10,False,False
2026-02-21,Arizona,0.33,0.31,0.41,3.59,,2025-2026,True,AZ,9,False,False
2026-02-21,Indiana,0.66,0.53,0.96,4.14,,2025-2026,True,IN,5,False,False
2026-02-21,Massachusetts,1.12,0.93,0.67,1.81,,2025-2026,True,MA,1,False,False
2026-02-21,Nebraska,0.58,0.47,0.7,3.92,,2025-2026,True,NE,7,False,False
2026-02-21,Ohio,0.54,0.46,0.85,4.19,,2025-2026,True,OH,5,False,False
2026-02-21,Oklahoma,1.07,0.9,1.26,3.61,,2025-2026,True,OK,6,False,False
2026-02-21,Rhode Island,0.73,0.64,0.55,1.51,,2025-2026,True,RI,1,False,False
2026-02-21,Virginia,0.39,0.35,0.73,2.45,,2025-2026,True,VA,3,False,False
2026-02-21,West Virginia,1.04,0.8,1.08,3.53,,2025-2026,True,WV,3,False,False
2026-02-21,Wisconsin,0.79,0.68,1.14,3.3,,2025-2026,True,WI,5,False,False
2026-02-21,New York,0.58,0.52,0.57,1.07,,2025-2026,True,NY,2,False,True
2026-02-21,Oregon,0.61,0.59,0.17,4.38,,2025-2026,True,OR,10,False,False
2026-02-21,Texas,0.53,0.52,0.35,3.37,,2025-2026,True,TX,6,False,False
2026-02-21,Washington,0.82,0.75,0.3,3.33,,2025-2026,True,WA,10,False,False
2026-02-21,Montana,0.43,0.45,0.65,2.87,,2025-2026,True,MT,8,False,False
2026-02-21,Michigan,0.74,0.61,1.03,2.81,,2025-2026,True,MI,5,False,False
2026-02-21,Maine,0.4,0.3,0.97,2.33,,2025-2026,True,ME,1,False,False
2026-02-21,Kentucky,0.66,0.64,1.01,3.77,,2025-2026,True,KY,4,False,False
2026-02-21,North Carolina,0.69,0.7,0.66,3.17,,2025-2026,True,NC,4,True,False
2026-02-21,North Dakota,0.71,0.48,1.13,1.79,,2025-2026,True,ND,8,False,False
2026-02-21,South Carolina,0.28,0.28,0.64,3.38,,2025-2026,True,SC,4,True,False
2026-02-21,Kansas,0.82,0.67,0.7,4.37,,2025-2026,True,KS,7,False,False
2026-02-21,Illinois,1.02,0.97,1.11,2.97,,2025-2026,True,IL,5,False,False
2026-02-21,Hawaii,0.59,0.62,0.14,2.37,,2025-2026,True,HI,9,False,False
2026-02-21,Colorado,1.14,0.95,0.59,2.29,,2025-2026,True,CO,8,False,False
2026-02-21,New Jersey,0.64,0.62,0.68,2.36,,2025-2026,True,NJ,2,False,False
2026-02-21,Pennsylvania,0.57,0.53,0.74,2.16,,2025-2026,True,PA,3,False,False
2026-02-21,South Dakota,1.16,1.08,1.11,3.58,,2025-2026,True,SD,8,False,False
2026-02-21,Tennessee,0.55,0.55,0.53,3.21,,2025-2026,True,TN,4,True,False
2026-02-21,Utah,1.05,0.89,0.24,2.6,,2025-2026,True,UT,8,False,False
2026-02-21,Vermont,1.21,0.89,0.87,4.14,,2025-2026,True,VT,1,False,False
2026-02-21,Wyoming,0.95,0.78,0.92,1.9,,2025-2026,True,WY,8,False,False
2026-02-21,Alabama,0.34,0.34,0.64,6.6,,2025-2026,True,AL,4,True,False
2026-02-21,Connecticut,0.67,0.55,0.82,1.93,,2025-2026,True,CT,1,False,False
2026-02-21,Delaware,1.04,1.0,1.05,3.31,,2025-2026,True,DE,3,False,False
2026-02-21,Georgia,0.44,0.43,0.48,2.61,,2025-2026,True,GA,4,True,False
2026-02-21,Idaho,0.9,0.73,0.71,3.33,,2025-2026,True,ID,10,False,False
2026-02-21,Iowa,1.08,1.01,1.14,4.21,,2025-2026,True,IA,7,False,False
2026-02-21,District of Columbia,0.44,0.41,0.4,0.92,,2025-2026,True,DC,3,False,False
2026-02-21,Florida,0.31,0.32,0.32,4.85,,2025-2026,True,FL,4,False,False
2026-02-21,Louisiana,0.52,0.51,0.47,3.8,,2025-2026,True,LA,6,True,False
2026-02-21,Maryland,0.55,0.54,0.72,1.28,,2025-2026,True,MD,3,False,False
2026-02-21,Minnesota,0.83,0.7,0.9,2.4,,2025-2026,True,MN,5,False,True
2026-02-21,Mississippi,0.53,0.6,0.85,4.66,,2025-2026,True,MS,4,True,False
2026-02-28,Maine,0.5,0.38,0.95,1.71,,2025-2026,True,ME,1,False,False
2026-02-28,Nebraska,0.5,0.55,0.59,2.52,,2025-2026,True,NE,7,False,False
2026-02-28,New Jersey,0.67,0.64,0.6,2.25,,2025-2026,True,NJ,2,False,False
2026-02-28,West Virginia,1.4,1.06,0.85,3.48,,2025-2026,True,WV,3,False,False
2026-02-28,Wyoming,1.08,0.98,1.1,1.93,,2025-2026,True,WY,8,False,False
2026-02-28,Vermont,1.07,1.02,0.76,3.52,,2025-2026,True,VT,1,False,False
2026-02-28,Texas,0.45,0.5,0.36,2.61,,2025-2026,True,TX,6,False,False
2026-02-28,Tennessee,0.5,0.53,0.52,3.05,,2025-2026,True,TN,4,True,False
2026-02-28,South Dakota,0.82,1.09,0.9,2.86,,2025-2026,True,SD,8,False,False
2026-02-28,South Carolina,0.25,0.27,0.53,2.43,,2025-2026,True,SC,4,True,False
2026-02-28,Pennsylvania,0.54,0.55,0.63,2.03,,2025-2026,True,PA,3,False,False
2026-02-28,Oregon,0.64,0.62,0.15,3.16,,2025-2026,True,OR,10,False,False
2026-02-28,Ohio,0.59,0.53,0.68,3.5,,2025-2026,True,OH,5,False,False
2026-02-28,New Hampshire,1.05,1.0,0.62,2.29,,2025-2026,True,NH,1,False,False
2026-02-28,Montana,0.64,0.51,0.77,2.77,,2025-2026,True,MT,8,False,False
2026-02-28,Minnesota,0.87,0.8,0.74,2.4,,2025-2026,True,MN,5,False,True
2026-02-28,Maryland,0.49,0.52,0.77,1.09,,2025-2026,True,MD,3,False,False
2026-02-28,Iowa,1.17,1.11,0.91,2.92,,2025-2026,True,IA,7,False,False
2026-02-28,Colorado,1.17,1.08,0.48,2.15,,2025-2026,True,CO,8,False,False
2026-02-28,Alaska,0.88,0.92,0.49,2.2,,2025-2026,True,AK,10,False,False
2026-02-28,California,0.47,0.48,0.13,2.69,,2025-2026,True,CA,9,False,False
2026-02-28,Idaho,0.8,0.8,0.44,2.95,,2025-2026,True,ID,10,False,False
2026-02-28,Illinois,0.94,0.99,0.8,2.31,,2025-2026,True,IL,5,False,False
2026-02-28,Indiana,0.67,0.59,0.75,3.54,,2025-2026,True,IN,5,False,False
2026-02-28,Kansas,0.74,0.73,0.56,3.26,,2025-2026,True,KS,7,False,False
2026-02-28,Kentucky,0.63,0.65,1.08,3.76,,2025-2026,True,KY,4,False,False
2026-02-28,Louisiana,0.46,0.49,0.45,2.52,,2025-2026,True,LA,6,True,False
2026-02-28,Alabama,0.35,0.33,0.5,4.5,,2025-2026,True,AL,4,True,False
2026-02-28,Arkansas,1.24,1.21,0.95,4.68,,2025-2026,True,AR,6,True,False
2026-02-28,Connecticut,0.59,0.61,0.61,1.93,,2025-2026,True,CT,1,False,False
2026-02-28,District of Columbia,0.42,0.4,0.59,0.79,,2025-2026,True,DC,3,False,False
2026-02-28,Georgia,0.36,0.41,0.4,1.86,,2025-2026,True,GA,4,True,False
2026-02-28,Hawaii,0.39,0.54,0.13,1.98,,2025-2026,True,HI,9,False,False
2026-02-28,Michigan,0.74,0.69,0.84,2.25,,2025-2026,True,MI,5,False,False
2026-02-28,Mississippi,0.39,0.54,0.51,3.08,,2025-2026,True,MS,4,True,False
2026-02-28,Nevada,0.71,0.7,0.2,1.54,,2025-2026,True,NV,9,False,False
2026-02-28,New Mexico,1.05,1.01,0.64,3.21,,2025-2026,True,NM,6,False,False
2026-02-28,North Carolina,0.73,0.69,0.7,2.84,,2025-2026,True,NC,4,True,False
2026-02-28,North Dakota,0.74,0.66,0.71,1.7,,2025-2026,True,ND,8,False,False
2026-02-28,Oklahoma,0.9,0.95,1.01,2.75,,2025-2026,True,OK,6,False,False
2026-02-28,Virginia,0.33,0.34,0.83,2.35,,2025-2026,True,VA,3,False,False
2026-02-28,Wisconsin,0.85,0.77,0.85,2.99,,2025-2026,True,WI,5,False,False
2026-02-28,Washington,0.8,0.78,0.21,2.53,,2025-2026,True,WA,10,False,False
2026-02-28,Utah,0.95,0.96,0.31,2.03,,2025-2026,True,UT,8,False,False
2026-02-28,Rhode Island,0.71,0.68,0.58,1.09,,2025-2026,True,RI,1,False,False
2026-02-28,New York,0.55,0.55,0.5,0.93,,2025-2026,True,NY,2,False,True
2026-02-28,Massachusetts,1.05,1.01,0.6,1.48,,2025-2026,True,MA,1,False,False
2026-02-28,Florida,0.27,0.3,0.29,3.19,,2025-2026,True,FL,4,False,False
2026-02-28,Delaware,0.98,1.04,0.85,3.17,,2025-2026,True,DE,3,False,False
2026-02-28,Arizona,0.38,0.34,0.3,2.9,,2025-2026,True,AZ,9,False,False
2026-03-07,Utah,1.04,1.01,0.23,1.5,,2025-2026,True,UT,8,False,False
2026-03-07,South Dakota,1.08,1.02,0.81,2.7,,2025-2026,True,SD,8,False,False
2026-03-07,Rhode Island,0.52,0.65,0.35,0.86,,2025-2026,True,RI,1,False,False
2026-03-07,Oklahoma,0.79,0.92,0.78,2.7,,2025-2026,True,OK,6,False,False
2026-03-07,North Dakota,0.91,0.79,0.7,2.26,,2025-2026,True,ND,8,False,False
2026-03-07,North Carolina,0.72,0.71,0.72,3.05,,2025-2026,True,NC,4,True,False
2026-03-07,Montana,0.73,0.6,0.45,1.97,,2025-2026,True,MT,8,False,False
2026-03-07,Maine,0.49,0.46,0.7,1.62,,2025-2026,True,ME,1,False,False
2026-03-07,Kentucky,0.68,0.66,1.1,4.63,,2025-2026,True,KY,4,False,False
2026-03-07,Alabama,0.3,0.33,0.49,4.14,,2025-2026,True,AL,4,True,False
2026-03-07,Alaska,0.88,0.85,0.49,1.62,,2025-2026,True,AK,10,False,False
2026-03-07,Arkansas,1.14,1.2,0.8,4.57,,2025-2026,True,AR,6,True,False
2026-03-07,Indiana,0.67,0.67,0.69,3.89,,2025-2026,True,IN,5,False,False
2026-03-07,Kansas,0.86,0.8,0.62,2.72,,2025-2026,True,KS,7,False,False
2026-03-07,Michigan,0.86,0.78,0.65,2.05,,2025-2026,True,MI,5,False,False
2026-03-07,West Virginia,1.3,1.24,0.97,3.3,,2025-2026,True,WV,3,False,False
2026-03-07,Wisconsin,0.95,0.86,0.62,3.11,,2025-2026,True,WI,5,False,False
2026-03-07,Wyoming,0.89,0.97,0.64,1.86,,2025-2026,True,WY,8,False,False
2026-03-07,Virginia,0.29,0.34,0.9,2.53,,2025-2026,True,VA,3,False,False
2026-03-07,Vermont,0.94,1.08,0.64,2.14,,2025-2026,True,VT,1,False,False
2026-03-07,Tennessee,0.5,0.52,0.6,3.15,,2025-2026,True,TN,4,True,False
2026-03-07,Oregon,0.71,0.65,0.17,2.56,,2025-2026,True,OR,10,False,False
2026-03-07,New York,0.47,0.53,0.43,0.94,,2025-2026,True,NY,2,False,True
2026-03-07,New Mexico,1.01,1.05,0.4,3.09,,2025-2026,True,NM,6,False,False
2026-03-07,New Jersey,0.54,0.61,0.55,2.08,,2025-2026,True,NJ,2,False,False
2026-03-07,New Hampshire,0.72,0.92,0.5,1.94,,2025-2026,True,NH,1,False,False
2026-03-07,Nevada,0.67,0.7,0.19,1.4,,2025-2026,True,NV,9,False,False
2026-03-07,Nebraska,0.65,0.58,0.46,2.46,,2025-2026,True,NE,7,False,False
2026-03-07,Mississippi,0.5,0.48,0.5,3.22,,2025-2026,True,MS,4,True,False
2026-03-07,Iowa,1.33,1.19,0.73,3.04,,2025-2026,True,IA,7,False,False
2026-03-07,Idaho,0.94,0.88,0.36,2.43,,2025-2026,True,ID,10,False,False
2026-03-07,Georgia,0.32,0.37,0.33,1.71,,2025-2026,True,GA,4,True,False
2026-03-07,District of Columbia,0.28,0.38,0.54,1.22,,2025-2026,True,DC,3,False,False
2026-03-07,Delaware,0.8,0.94,1.02,3.26,,2025-2026,True,DE,3,False,False
2026-03-07,Connecticut,0.42,0.56,0.5,1.9,,2025-2026,True,CT,1,False,False
2026-03-07,Illinois,0.89,0.95,0.67,2.49,,2025-2026,True,IL,5,False,False
2026-03-07,Colorado,1.09,1.13,0.47,2.42,,2025-2026,True,CO,8,False,False
2026-03-07,Arizona,0.34,0.35,0.27,2.5,,2025-2026,True,AZ,9,False,False
2026-03-07,California,0.43,0.47,0.12,1.98,,2025-2026,True,CA,9,False,False
2026-03-07,Florida,0.27,0.28,0.27,3.06,,2025-2026,True,FL,4,False,False
2026-03-07,Hawaii,0.48,0.49,0.12,2.08,,2025-2026,True,HI,9,False,False
2026-03-07,Louisiana,0.34,0.44,0.41,1.8,,2025-2026,True,LA,6,True,False
2026-03-07,Maryland,0.37,0.47,0.78,1.19,,2025-2026,True,MD,3,False,False
2026-03-07,Massachusetts,0.69,0.95,0.48,1.23,,2025-2026,True,MA,1,False,False
2026-03-07,Minnesota,0.89,0.86,0.66,2.79,,2025-2026,True,MN,5,False,True
2026-03-07,Ohio,0.58,0.57,0.63,3.49,,2025-2026,True,OH,5,False,False
2026-03-07,Pennsylvania,0.53,0.54,0.52,2.09,,2025-2026,True,PA,3,False,False
2026-03-07,South Carolina,0.3,0.27,0.58,2.27,,2025-2026,True,SC,4,True,False
2026-03-07,Texas,0.45,0.48,0.31,2.3,,2025-2026,True,TX,6,False,False
2026-03-07,Washington,0.71,0.78,0.18,2.22,,2025-2026,True,WA,10,False,False
2026-03-14,Virginia,0.32,0.31,0.81,2.12,,2025-2026,True,VA,3,False,False
2026-03-14,Washington,0.66,0.73,0.21,1.72,,2025-2026,True,WA,10,False,False
2026-03-14,Alaska,0.93,0.9,0.26,1.96,,2025-2026,True,AK,10,False,False
2026-03-14,Arizona,0.36,0.36,0.26,2.22,,2025-2026,True,AZ,9,False,False
2026-03-14,Delaware,0.62,0.79,0.68,2.9,,2025-2026,True,DE,3,False,False
2026-03-14,Florida,0.27,0.27,0.23,2.19,,2025-2026,True,FL,4,False,False
2026-03-14,Illinois,0.94,0.92,0.5,2.12,,2025-2026,True,IL,5,False,False
2026-03-14,Kansas,0.77,0.79,0.45,2.06,,2025-2026,True,KS,7,False,False
2026-03-14,Maine,0.54,0.51,0.69,1.39,,2025-2026,True,ME,1,False,False
2026-03-14,Massachusetts,0.79,0.84,0.37,1.54,,2025-2026,True,MA,1,False,False
2026-03-14,Michigan,0.85,0.82,0.49,1.61,,2025-2026,True,MI,5,False,False
2026-03-14,Montana,0.82,0.73,0.33,2.29,,2025-2026,True,MT,8,False,False
2026-03-14,New Hampshire,0.76,0.84,0.48,1.72,,2025-2026,True,NH,1,False,False
2026-03-14,New Jersey,0.45,0.55,0.53,2.13,,2025-2026,True,NJ,2,False,False
2026-03-14,Ohio,0.53,0.57,0.43,2.68,,2025-2026,True,OH,5,False,False
2026-03-14,Oregon,0.65,0.67,0.12,1.7,,2025-2026,True,OR,10,False,False
2026-03-14,South Carolina,0.24,0.26,0.52,1.57,,2025-2026,True,SC,4,True,False
2026-03-14,South Dakota,0.98,0.96,0.82,1.94,,2025-2026,True,SD,8,False,False
2026-03-14,Pennsylvania,0.5,0.52,0.48,2.0,,2025-2026,True,PA,3,False,False
2026-03-14,North Carolina,0.63,0.69,0.72,2.21,,2025-2026,True,NC,4,True,False
2026-03-14,New York,0.43,0.48,0.41,1.06,,2025-2026,True,NY,2,False,True
2026-03-14,New Mexico,0.96,1.01,0.46,2.95,,2025-2026,True,NM,6,False,False
2026-03-14,Wisconsin,1.01,0.94,0.48,2.62,,2025-2026,True,WI,5,False,False
2026-03-14,Mississippi,0.43,0.44,0.38,1.83,,2025-2026,True,MS,4,True,False
2026-03-14,Minnesota,0.86,0.87,0.58,2.56,,2025-2026,True,MN,5,False,True
2026-03-14,Iowa,1.27,1.26,0.54,2.29,,2025-2026,True,IA,7,False,False
2026-03-14,Georgia,0.22,0.3,0.25,1.25,,2025-2026,True,GA,4,True,False
2026-03-14,Alabama,0.33,0.33,0.4,2.55,,2025-2026,True,AL,4,True,False
2026-03-14,Arkansas,1.02,1.13,0.68,3.03,,2025-2026,True,AR,6,True,False
2026-03-14,Hawaii,0.37,0.41,0.19,2.5,,2025-2026,True,HI,9,False,False
2026-03-14,Texas,0.38,0.43,0.27,1.58,,2025-2026,True,TX,6,False,False
2026-03-14,Wyoming,1.16,1.05,0.75,1.94,,2025-2026,True,WY,8,False,False
2026-03-14,West Virginia,1.3,1.33,0.71,2.83,,2025-2026,True,WV,3,False,False
2026-03-14,Vermont,1.06,1.02,0.42,1.33,,2025-2026,True,VT,1,False,False
2026-03-14,Tennessee,0.46,0.49,0.51,2.15,,2025-2026,True,TN,4,True,False
2026-03-14,Rhode Island,0.57,0.6,0.35,0.82,,2025-2026,True,RI,1,False,False
2026-03-14,Oklahoma,0.83,0.84,0.52,1.9,,2025-2026,True,OK,6,False,False
2026-03-14,North Dakota,0.84,0.83,0.52,3.4,,2025-2026,True,ND,8,False,False
2026-03-14,Nevada,0.63,0.67,0.16,1.26,,2025-2026,True,NV,9,False,False
2026-03-14,Maryland,0.44,0.43,0.74,1.15,,2025-2026,True,MD,3,False,False
2026-03-14,Louisiana,0.36,0.39,0.35,1.35,,2025-2026,True,LA,6,True,False
2026-03-14,Kentucky,0.69,0.67,0.79,3.38,,2025-2026,True,KY,4,False,False
2026-03-14,Indiana,0.66,0.67,0.46,3.36,,2025-2026,True,IN,5,False,False
2026-03-14,District of Columbia,0.36,0.35,0.63,1.04,,2025-2026,True,DC,3,False,False
2026-03-14,Connecticut,0.38,0.46,0.51,2.21,,2025-2026,True,CT,1,False,False
2026-03-14,Colorado,0.92,1.06,0.36,2.41,,2025-2026,True,CO,8,False,False
2026-03-14,California,0.4,0.43,0.09,1.69,,2025-2026,True,CA,9,False,False
2026-03-14,Idaho,0.72,0.82,0.48,2.15,,2025-2026,True,ID,10,False,False
2026-03-14,Nebraska,0.85,0.67,0.39,1.94,,2025-2026,True,NE,7,False,False
2026-03-14,Utah,0.92,0.97,0.19,1.08,,2025-2026,True,UT,8,False,False
2026-03-21,Vermont,1.18,1.06,0.19,0.77,,2025-2026,True,VT,1,False,False
2026-03-21,South Dakota,1.1,1.05,0.52,1.92,,2025-2026,True,SD,8,False,False
2026-03-21,Utah,0.9,0.95,0.24,0.88,,2025-2026,True,UT,8,False,False
2026-03-21,Virginia,0.24,0.29,0.69,1.68,,2025-2026,True,VA,3,False,False
2026-03-21,Washington,0.57,0.65,0.16,1.68,,2025-2026,True,WA,10,False,False
2026-03-21,Nevada,0.56,0.62,0.12,1.2,,2025-2026,True,NV,9,False,False
2026-03-21,Texas,0.32,0.38,0.25,1.13,,2025-2026,True,TX,6,False,False
2026-03-21,Pennsylvania,0.38,0.47,0.38,1.65,,2025-2026,True,PA,3,False,False
2026-03-21,New Mexico,0.87,0.95,0.33,2.37,,2025-2026,True,NM,6,False,False
2026-03-21,New Jersey,0.45,0.48,0.47,1.9,,2025-2026,True,NJ,2,False,False
2026-03-21,Montana,0.71,0.75,0.33,2.02,,2025-2026,True,MT,8,False,False
2026-03-21,Michigan,0.81,0.84,0.36,1.14,,2025-2026,True,MI,5,False,False
2026-03-21,Iowa,1.07,1.23,0.4,1.62,,2025-2026,True,IA,7,False,False
2026-03-21,Illinois,0.76,0.86,0.4,1.76,,2025-2026,True,IL,5,False,False
2026-03-21,Idaho,0.72,0.79,0.27,1.74,,2025-2026,True,ID,10,False,False
2026-03-21,Georgia,0.24,0.26,0.24,1.01,,2025-2026,True,GA,4,True,False
2026-03-21,Delaware,0.56,0.66,0.62,2.24,,2025-2026,True,DE,3,False,False
2026-03-21,California,0.32,0.38,0.08,1.56,,2025-2026,True,CA,9,False,False
2026-03-21,West Virginia,1.31,1.3,0.62,2.27,,2025-2026,True,WV,3,False,False
2026-03-21,South Carolina,0.2,0.24,0.45,1.12,,2025-2026,True,SC,4,True,False
2026-03-21,Oregon,0.58,0.65,0.13,1.39,,2025-2026,True,OR,10,False,False
2026-03-21,New York,0.38,0.43,0.4,1.08,,2025-2026,True,NY,2,False,True
2026-03-21,Nebraska,0.65,0.72,0.2,1.3,,2025-2026,True,NE,7,False,False
2026-03-21,Wyoming,1.22,1.11,0.57,1.71,,2025-2026,True,WY,8,False,False
2026-03-21,Wisconsin,0.83,0.93,0.31,2.28,,2025-2026,True,WI,5,False,False
2026-03-21,Tennessee,0.42,0.46,0.38,1.73,,2025-2026,True,TN,4,True,False
2026-03-21,Rhode Island,0.45,0.51,0.29,1.04,,2025-2026,True,RI,1,False,False
2026-03-21,Oklahoma,0.63,0.75,0.49,1.28,,2025-2026,True,OK,6,False,False
2026-03-21,Ohio,0.49,0.53,0.29,1.79,,2025-2026,True,OH,5,False,False
2026-03-21,North Dakota,1.45,1.06,0.31,3.62,,2025-2026,True,ND,8,False,False
2026-03-21,North Carolina,0.55,0.63,0.63,1.71,,2025-2026,True,NC,4,True,False
2026-03-21,New Hampshire,0.68,0.72,0.35,1.5,,2025-2026,True,NH,1,False,False
2026-03-21,Maryland,0.29,0.37,0.68,1.17,,2025-2026,True,MD,3,False,False
2026-03-21,District of Columbia,0.16,0.27,0.53,0.92,,2025-2026,True,DC,3,False,False
2026-03-21,Arizona,0.33,0.34,0.18,1.63,,2025-2026,True,AZ,9,False,False
2026-03-21,Massachusetts,0.64,0.71,0.4,1.66,,2025-2026,True,MA,1,False,False
2026-03-21,Maine,0.67,0.57,0.26,1.56,,2025-2026,True,ME,1,False,False
2026-03-21,Kentucky,0.64,0.67,0.6,2.21,,2025-2026,True,KY,4,False,False
2026-03-21,Kansas,0.68,0.77,0.46,1.31,,2025-2026,True,KS,7,False,False
2026-03-21,Indiana,0.58,0.64,0.29,2.23,,2025-2026,True,IN,5,False,False
2026-03-21,Alabama,0.27,0.3,0.31,1.73,,2025-2026,True,AL,4,True,False
2026-03-21,Alaska,0.71,0.84,0.39,1.16,,2025-2026,True,AK,10,False,False
2026-03-21,Arkansas,0.85,1.01,0.5,2.13,,2025-2026,True,AR,6,True,False
2026-03-21,Colorado,0.79,0.94,0.25,2.34,,2025-2026,True,CO,8,False,False
2026-03-21,Connecticut,0.35,0.38,0.54,2.23,,2025-2026,True,CT,1,False,False
2026-03-21,Florida,0.26,0.27,0.24,1.6,,2025-2026,True,FL,4,False,False
2026-03-21,Hawaii,0.54,0.46,0.09,2.89,,2025-2026,True,HI,9,False,False
2026-03-21,Louisiana,0.27,0.32,0.35,0.99,,2025-2026,True,LA,6,True,False
2026-03-21,Minnesota,0.68,0.81,0.48,2.26,,2025-2026,True,MN,5,False,True
2026-03-21,Mississippi,0.35,0.43,0.33,1.27,,2025-2026,True,MS,4,True,False
2026-03-28,California,0.29,0.34,0.08,1.16,,2025-2026,True,CA,9,False,False
2026-03-28,Nevada,0.43,0.54,0.12,0.89,,2025-2026,True,NV,9,False,False
2026-03-28,New Hampshire,0.56,0.67,0.39,1.45,,2025-2026,True,NH,1,False,False
2026-03-28,Oklahoma,0.51,0.66,0.37,0.9,,2025-2026,True,OK,6,False,False
2026-03-28,Pennsylvania,0.36,0.42,0.37,1.51,,2025-2026,True,PA,3,False,False
2026-03-28,Rhode Island,0.33,0.45,0.39,1.23,,2025-2026,True,RI,1,False,False
2026-03-28,Texas,0.25,0.32,0.21,0.94,,2025-2026,True,TX,6,False,False
2026-03-28,West Virginia,1.27,1.29,0.4,2.02,,2025-2026,True,WV,3,False,False
2026-03-28,Washington,0.54,0.59,0.17,1.59,,2025-2026,True,WA,10,False,False
2026-03-28,Virginia,0.23,0.27,0.62,1.5,,2025-2026,True,VA,3,False,False
2026-03-28,Tennessee,0.35,0.41,0.33,1.32,,2025-2026,True,TN,4,True,False
2026-03-28,South Dakota,1.04,1.04,0.25,1.73,,2025-2026,True,SD,8,False,False
2026-03-28,New York,0.32,0.38,0.41,1.19,,2025-2026,True,NY,2,False,True
2026-03-28,New Mexico,0.79,0.87,0.28,2.08,,2025-2026,True,NM,6,False,False
2026-03-28,Mississippi,0.28,0.35,0.34,1.22,,2025-2026,True,MS,4,True,False
2026-03-28,Illinois,0.63,0.78,0.29,1.53,,2025-2026,True,IL,5,False,False
2026-03-28,Iowa,0.95,1.1,0.41,1.05,,2025-2026,True,IA,7,False,False
2026-03-28,Idaho,0.59,0.68,0.24,1.3,,2025-2026,True,ID,10,False,False
2026-03-28,Florida,0.24,0.26,0.22,1.26,,2025-2026,True,FL,4,False,False
2026-03-28,Connecticut,0.31,0.34,0.56,2.29,,2025-2026,True,CT,1,False,False
2026-03-28,Colorado,0.68,0.8,0.21,1.84,,2025-2026,True,CO,8,False,False
2026-03-28,Arkansas,0.94,0.94,0.56,1.5,,2025-2026,True,AR,6,True,False
2026-03-28,Alabama,0.22,0.27,0.28,1.38,,2025-2026,True,AL,4,True,False
2026-03-28,Vermont,1.01,1.08,0.19,0.64,,2025-2026,True,VT,1,False,False
2026-03-28,Utah,0.64,0.82,0.2,0.69,,2025-2026,True,UT,8,False,False
2026-03-28,South Carolina,0.17,0.2,0.48,0.99,,2025-2026,True,SC,4,True,False
2026-03-28,Oregon,0.62,0.62,0.1,1.13,,2025-2026,True,OR,10,False,False
2026-03-28,Ohio,0.41,0.48,0.22,1.54,,2025-2026,True,OH,5,False,False
2026-03-28,New Jersey,0.36,0.42,0.54,2.05,,2025-2026,True,NJ,2,False,False
2026-03-28,Montana,0.68,0.74,0.17,1.45,,2025-2026,True,MT,8,False,False
2026-03-28,Michigan,0.76,0.81,0.27,0.87,,2025-2026,True,MI,5,False,False
2026-03-28,Maryland,0.26,0.33,0.55,1.45,,2025-2026,True,MD,3,False,False
2026-03-28,Louisiana,0.21,0.28,0.38,0.8,,2025-2026,True,LA,6,True,False
2026-03-28,Kentucky,0.56,0.63,0.51,2.04,,2025-2026,True,KY,4,False,False
2026-03-28,Hawaii,0.44,0.45,0.21,2.45,,2025-2026,True,HI,9,False,False
2026-03-28,Georgia,0.17,0.21,0.27,0.85,,2025-2026,True,GA,4,True,False
2026-03-28,Delaware,0.42,0.53,0.48,2.11,,2025-2026,True,DE,3,False,False
2026-03-28,Minnesota,0.66,0.73,0.42,1.93,,2025-2026,True,MN,5,False,True
2026-03-28,District of Columbia,0.16,0.23,0.2,1.38,,2025-2026,True,DC,3,False,False
2026-03-28,Maine,0.65,0.62,0.24,1.57,,2025-2026,True,ME,1,False,False
2026-03-28,Kansas,0.51,0.66,0.31,0.71,,2025-2026,True,KS,7,False,False
2026-03-28,Indiana,0.59,0.61,0.28,1.62,,2025-2026,True,IN,5,False,False
2026-03-28,Alaska,0.63,0.76,0.35,1.09,,2025-2026,True,AK,10,False,False
2026-03-28,Arizona,0.3,0.33,0.17,1.22,,2025-2026,True,AZ,9,False,False
2026-03-28,Wisconsin,0.71,0.85,0.27,1.85,,2025-2026,True,WI,5,False,False
2026-03-28,North Dakota,1.33,1.21,0.29,2.17,,2025-2026,True,ND,8,False,False
2026-03-28,North Carolina,0.43,0.54,0.55,1.55,,2025-2026,True,NC,4,True,False
2026-03-28,Nebraska,0.8,0.77,0.24,0.96,,2025-2026,True,NE,7,False,False
2026-03-28,Massachusetts,0.53,0.65,0.43,1.97,,2025-2026,True,MA,1,False,False
2026-03-28,Wyoming,1.03,1.14,0.8,1.48,,2025-2026,True,WY,8,False,False
2026-04-04,Illinois,0.45,0.61,0.24,1.06,,2025-2026,False,IL,5,False,False
2026-04-04,Florida,0.2,0.23,0.21,0.96,,2025-2026,False,FL,4,False,False
2026-04-04,Connecticut,0.27,0.31,0.51,2.23,,2025-2026,False,CT,1,False,False
2026-04-04,Arkansas,0.61,0.8,0.34,0.76,,2025-2026,False,AR,6,True,False
2026-04-04,Arizona,0.27,0.3,0.19,1.14,,2025-2026,False,AZ,9,False,False
2026-04-04,Alaska,0.52,0.62,0.35,1.24,,2025-2026,False,AK,10,False,False
2026-04-04,Alabama,0.19,0.23,0.33,0.97,,2025-2026,False,AL,4,True,False
2026-04-04,California,0.27,0.3,0.07,0.88,,2025-2026,False,CA,9,False,False
2026-04-04,Colorado,0.49,0.66,0.17,1.42,,2025-2026,False,CO,8,False,False
2026-04-04,Delaware,0.38,0.45,0.67,1.47,,2025-2026,False,DE,3,False,False
2026-04-04,District of Columbia,0.11,0.14,0.27,1.07,,2025-2026,False,DC,3,False,False
2026-04-04,Indiana,0.45,0.54,0.21,1.05,,2025-2026,False,IN,5,False,False
2026-04-04,Kentucky,0.45,0.55,0.39,1.41,,2025-2026,False,KY,4,False,False
2026-04-04,Minnesota,0.56,0.63,0.4,1.6,,2025-2026,False,MN,5,False,True
2026-04-04,Mississippi,0.28,0.3,0.24,1.06,,2025-2026,False,MS,4,True,False
2026-04-04,Tennessee,0.31,0.36,0.3,0.84,,2025-2026,False,TN,4,True,False
2026-04-04,South Dakota,0.67,0.94,0.17,1.61,,2025-2026,False,SD,8,False,False
2026-04-04,Ohio,0.35,0.42,0.2,1.1,,2025-2026,False,OH,5,False,False
2026-04-04,Nevada,0.26,0.42,0.09,0.85,,2025-2026,False,NV,9,False,False
2026-04-04,Maryland,0.21,0.25,0.5,1.21,,2025-2026,False,MD,3,False,False
2026-04-04,Iowa,0.76,0.93,0.26,0.77,,2025-2026,False,IA,7,False,False
2026-04-04,Hawaii,0.47,0.48,0.21,2.7,,2025-2026,False,HI,9,False,False
2026-04-04,Washington,0.44,0.52,0.19,1.62,,2025-2026,False,WA,10,False,False
2026-04-04,Virginia,0.24,0.24,0.59,1.3,,2025-2026,False,VA,3,False,False
2026-04-04,Texas,0.2,0.26,0.21,0.75,,2025-2026,False,TX,6,False,False
2026-04-04,Rhode Island,0.34,0.37,0.23,1.37,,2025-2026,False,RI,1,False,False
2026-04-04,Pennsylvania,0.28,0.34,0.31,1.25,,2025-2026,False,PA,3,False,False
2026-04-04,North Carolina,0.43,0.47,0.5,1.29,,2025-2026,False,NC,4,True,False
2026-04-04,New York,0.28,0.33,0.39,1.14,,2025-2026,False,NY,2,False,True
2026-04-04,New Mexico,0.52,0.73,0.18,1.38,,2025-2026,False,NM,6,False,False
2026-04-04,New Hampshire,0.51,0.58,0.29,1.4,,2025-2026,False,NH,1,False,False
2026-04-04,Montana,0.78,0.72,0.11,0.89,,2025-2026,False,MT,8,False,False
2026-04-04,Utah,0.58,0.71,0.17,0.54,,2025-2026,False,UT,8,False,False
2026-04-04,Wisconsin,0.68,0.74,0.22,1.47,,2025-2026,False,WI,5,False,False
2026-04-04,Idaho,0.43,0.58,0.22,1.04,,2025-2026,False,ID,10,False,False
2026-04-04,Kansas,0.39,0.53,0.22,0.5,,2025-2026,False,KS,7,False,False
2026-04-04,Louisiana,0.18,0.22,0.31,0.57,,2025-2026,False,LA,6,True,False
2026-04-04,Maine,0.6,0.64,0.21,1.63,,2025-2026,False,ME,1,False,False
2026-04-04,Massachusetts,0.53,0.56,0.3,1.82,,2025-2026,False,MA,1,False,False
2026-04-04,Michigan,0.71,0.76,0.24,0.81,,2025-2026,False,MI,5,False,False
2026-04-04,Nebraska,0.66,0.71,0.19,0.74,,2025-2026,False,NE,7,False,False
2026-04-04,Wyoming,0.97,1.08,0.71,1.12,,2025-2026,False,WY,8,False,False
2026-04-04,West Virginia,1.01,1.2,0.36,1.81,,2025-2026,False,WV,3,False,False
2026-04-04,Vermont,0.96,1.05,0.23,0.75,,2025-2026,False,VT,1,False,False
2026-04-04,South Carolina,0.1,0.15,0.41,0.79,,2025-2026,False,SC,4,True,False
2026-04-04,Oregon,0.48,0.56,0.07,0.73,,2025-2026,False,OR,10,False,False
2026-04-04,Oklahoma,0.38,0.51,0.24,0.5,,2025-2026,False,OK,6,False,False
2026-04-04,North Dakota,1.26,1.35,0.23,2.19,,2025-2026,False,ND,8,False,False
2026-04-04,New Jersey,0.28,0.36,0.54,1.72,,2025-2026,False,NJ,2,False,False
2026-04-04,Georgia,0.13,0.18,0.24,0.69,,2025-2026,False,GA,4,True,False
2026-04-11,Arizona,0.23,0.26,0.14,0.94,,2025-2026,False,AZ,9,False,False
2026-04-11,Arkansas,0.46,0.66,0.27,0.47,,2025-2026,False,AR,6,True,False
2026-04-11,Colorado,0.32,0.5,0.2,1.09,,2025-2026,False,CO,8,False,False
2026-04-11,District of Columbia,0.1,0.12,0.37,0.66,,2025-2026,False,DC,3,False,False
2026-04-11,Idaho,0.38,0.47,0.28,0.68,,2025-2026,False,ID,10,False,False
2026-04-11,Mississippi,0.16,0.24,0.28,0.79,,2025-2026,False,MS,4,True,False
2026-04-11,Nevada,0.22,0.31,0.14,0.88,,2025-2026,False,NV,9,False,False
2026-04-11,New Jersey,0.25,0.3,0.37,1.06,,2025-2026,False,NJ,2,False,False
2026-04-11,New Mexico,0.31,0.55,0.16,1.25,,2025-2026,False,NM,6,False,False
2026-04-11,Ohio,0.26,0.34,0.14,0.55,,2025-2026,False,OH,5,False,False
2026-04-11,Louisiana,0.16,0.19,0.29,0.46,,2025-2026,False,LA,6,True,False
2026-04-11,Kansas,0.28,0.4,0.21,0.38,,2025-2026,False,KS,7,False,False
2026-04-11,Hawaii,0.51,0.47,0.21,2.68,,2025-2026,False,HI,9,False,False
2026-04-11,Delaware,0.37,0.39,0.36,0.56,,2025-2026,False,DE,3,False,False
2026-04-11,Alabama,0.18,0.2,0.21,0.67,,2025-2026,False,AL,4,True,False
2026-04-11,California,0.2,0.26,0.08,0.78,,2025-2026,False,CA,9,False,False
2026-04-11,Illinois,0.39,0.49,0.17,0.73,,2025-2026,False,IL,5,False,False
2026-04-11,Indiana,0.33,0.46,0.12,0.62,,2025-2026,False,IN,5,False,False
2026-04-11,Kentucky,0.45,0.49,0.27,0.7,,2025-2026,False,KY,4,False,False
2026-04-11,Utah,0.53,0.58,0.18,0.5,,2025-2026,False,UT,8,False,False
2026-04-11,Washington,0.41,0.46,0.18,1.66,,2025-2026,False,WA,10,False,False
2026-04-11,Florida,0.18,0.21,0.2,0.78,,2025-2026,False,FL,4,False,False
2026-04-11,Connecticut,0.21,0.27,0.31,1.48,,2025-2026,False,CT,1,False,False
2026-04-11,Maine,0.58,0.61,0.19,1.23,,2025-2026,False,ME,1,False,False
2026-04-11,Maryland,0.21,0.22,0.41,0.81,,2025-2026,False,MD,3,False,False
2026-04-11,Alaska,0.38,0.51,0.33,1.06,,2025-2026,False,AK,10,False,False
2026-04-11,Vermont,0.78,0.92,0.35,0.61,,2025-2026,False,VT,1,False,False
2026-04-11,South Dakota,0.67,0.79,0.34,0.85,,2025-2026,False,SD,8,False,False
2026-04-11,New Hampshire,0.48,0.51,0.3,1.12,,2025-2026,False,NH,1,False,False
2026-04-11,Wyoming,0.64,0.89,0.78,1.0,,2025-2026,False,WY,8,False,False
2026-04-11,Nebraska,0.65,0.71,0.13,0.5,,2025-2026,False,NE,7,False,False
2026-04-11,West Virginia,0.91,1.07,0.31,0.99,,2025-2026,False,WV,3,False,False
2026-04-11,Virginia,0.19,0.22,0.39,0.71,,2025-2026,False,VA,3,False,False
2026-04-11,Tennessee,0.25,0.31,0.25,0.64,,2025-2026,False,TN,4,True,False
2026-04-11,North Carolina,0.32,0.39,0.47,1.04,,2025-2026,False,NC,4,True,False
2026-04-11,Wisconsin,0.52,0.63,0.18,0.94,,2025-2026,False,WI,5,False,False
2026-04-11,Montana,0.61,0.69,0.17,0.74,,2025-2026,False,MT,8,False,False
2026-04-11,North Dakota,0.84,1.14,0.15,1.61,,2025-2026,False,ND,8,False,False
2026-04-11,Texas,0.19,0.22,0.19,0.62,,2025-2026,False,TX,6,False,False
2026-04-11,Oregon,0.43,0.51,0.11,0.57,,2025-2026,False,OR,10,False,False
2026-04-11,Oklahoma,0.25,0.38,0.17,0.39,,2025-2026,False,OK,6,False,False
2026-04-11,Iowa,0.58,0.77,0.17,0.61,,2025-2026,False,IA,7,False,False
2026-04-11,Georgia,0.14,0.15,0.2,0.55,,2025-2026,False,GA,4,True,False
2026-04-11,New York,0.23,0.28,0.32,0.83,,2025-2026,False,NY,2,False,True
2026-04-11,Pennsylvania,0.23,0.29,0.22,0.8,,2025-2026,False,PA,3,False,False
2026-04-11,Rhode Island,0.28,0.32,0.17,1.16,,2025-2026,False,RI,1,False,False
2026-04-11,South Carolina,0.18,0.15,0.34,0.58,,2025-2026,False,SC,4,True,False
2026-04-11,Minnesota,0.51,0.58,0.27,1.05,,2025-2026,False,MN,5,False,True
2026-04-11,Michigan,0.56,0.68,0.21,0.42,,2025-2026,False,MI,5,False,False
2026-04-11,Massachusetts,0.34,0.47,0.24,1.48,,2025-2026,False,MA,1,False,False
2026-04-18,Florida,0.17,0.18,0.18,0.66,,2025-2026,False,FL,4,False,False
2026-04-18,Wisconsin,0.41,0.53,0.14,0.57,,2025-2026,False,WI,5,False,False
2026-04-18,Indiana,0.27,0.35,0.12,0.4,,2025-2026,False,IN,5,False,False
2026-04-18,District of Columbia,0.11,0.11,0.24,0.45,,2025-2026,False,DC,3,False,False
2026-04-18,Colorado,0.29,0.36,0.14,0.85,,2025-2026,False,CO,8,False,False
2026-04-18,Georgia,0.13,0.13,0.17,0.36,,2025-2026,False,GA,4,True,False
2026-04-18,Delaware,0.22,0.32,0.22,0.5,,2025-2026,False,DE,3,False,False
2026-04-18,Connecticut,0.14,0.21,0.28,0.92,,2025-2026,False,CT,1,False,False
2026-04-18,Alaska,0.29,0.39,0.26,0.63,,2025-2026,False,AK,10,False,False
2026-04-18,Alabama,0.19,0.19,0.22,0.61,,2025-2026,False,AL,4,True,False
2026-04-18,California,0.14,0.2,0.07,0.55,,2025-2026,False,CA,9,False,False
2026-04-18,Hawaii,0.26,0.41,0.14,2.48,,2025-2026,False,HI,9,False,False
2026-04-18,Illinois,0.3,0.38,0.12,0.46,,2025-2026,False,IL,5,False,False
2026-04-18,Kentucky,0.33,0.41,0.2,0.39,,2025-2026,False,KY,4,False,False
2026-04-18,Maine,0.6,0.59,0.18,0.83,,2025-2026,False,ME,1,False,False
2026-04-18,Michigan,0.43,0.56,0.14,0.33,,2025-2026,False,MI,5,False,False
2026-04-18,Minnesota,0.43,0.5,0.25,0.82,,2025-2026,False,MN,5,False,True
2026-04-18,Nevada,0.19,0.22,0.1,0.72,,2025-2026,False,NV,9,False,False
2026-04-18,North Dakota,0.71,0.93,0.25,1.2,,2025-2026,False,ND,8,False,False
2026-04-18,Oklahoma,0.21,0.28,0.17,0.23,,2025-2026,False,OK,6,False,False
2026-04-18,Rhode Island,0.21,0.27,0.15,0.79,,2025-2026,False,RI,1,False,False
2026-04-18,West Virginia,0.75,0.89,0.24,0.72,,2025-2026,False,WV,3,False,False
2026-04-18,Utah,0.23,0.44,0.11,0.35,,2025-2026,False,UT,8,False,False
2026-04-18,South Carolina,0.09,0.12,0.3,0.37,,2025-2026,False,SC,4,True,False
2026-04-18,Texas,0.14,0.18,0.19,0.53,,2025-2026,False,TX,6,False,False
2026-04-18,Wyoming,0.59,0.74,0.59,0.79,,2025-2026,False,WY,8,False,False
2026-04-18,Virginia,0.15,0.19,0.36,0.47,,2025-2026,False,VA,3,False,False
2026-04-18,Vermont,0.49,0.73,0.19,0.23,,2025-2026,False,VT,1,False,False
2026-04-18,Tennessee,0.18,0.25,0.21,0.46,,2025-2026,False,TN,4,True,False
2026-04-18,South Dakota,0.74,0.69,0.22,0.69,,2025-2026,False,SD,8,False,False
2026-04-18,North Carolina,0.24,0.33,0.35,0.8,,2025-2026,False,NC,4,True,False
2026-04-18,New Mexico,0.36,0.39,0.11,0.85,,2025-2026,False,NM,6,False,False
2026-04-18,New Jersey,0.15,0.23,0.29,0.67,,2025-2026,False,NJ,2,False,False
2026-04-18,Nebraska,0.46,0.59,0.07,0.35,,2025-2026,False,NE,7,False,False
2026-04-18,Maryland,0.11,0.18,0.28,0.5,,2025-2026,False,MD,3,False,False
2026-04-18,Iowa,0.49,0.61,0.18,0.38,,2025-2026,False,IA,7,False,False
2026-04-18,Pennsylvania,0.17,0.23,0.17,0.45,,2025-2026,False,PA,3,False,False
2026-04-18,Oregon,0.28,0.4,0.11,0.46,,2025-2026,False,OR,10,False,False
2026-04-18,New York,0.17,0.23,0.24,0.51,,2025-2026,False,NY,2,False,True
2026-04-18,Montana,0.57,0.65,0.13,0.44,,2025-2026,False,MT,8,False,False
2026-04-18,Louisiana,0.11,0.15,0.29,0.27,,2025-2026,False,LA,6,True,False
2026-04-18,Kansas,0.18,0.28,0.1,0.19,,2025-2026,False,KS,7,False,False
2026-04-18,Massachusetts,0.26,0.37,0.18,0.96,,2025-2026,False,MA,1,False,False
2026-04-18,Idaho,0.34,0.38,0.24,0.35,,2025-2026,False,ID,10,False,False
2026-04-18,Arkansas,0.35,0.47,0.19,0.43,,2025-2026,False,AR,6,True,False
2026-04-18,Arizona,0.16,0.22,0.14,0.88,,2025-2026,False,AZ,9,False,False
2026-04-18,Mississippi,0.15,0.19,0.23,0.68,,2025-2026,False,MS,4,True,False
2026-04-18,New Hampshire,0.31,0.43,0.25,0.72,,2025-2026,False,NH,1,False,False
2026-04-18,Ohio,0.18,0.26,0.11,0.31,,2025-2026,False,OH,5,False,False
2026-04-18,Washington,0.27,0.37,0.12,1.19,,2025-2026,False,WA,10,False,False
2026-04-25,District of Columbia,0.06,0.09,0.15,0.25,,2025-2026,False,DC,3,False,False
2026-04-25,Connecticut,0.1,0.15,0.18,0.4,,2025-2026,False,CT,1,False,False
2026-04-25,Arizona,0.16,0.18,0.15,0.79,,2025-2026,False,AZ,9,False,False
2026-04-25,Arkansas,0.25,0.35,0.2,0.33,,2025-2026,False,AR,6,True,False
2026-04-25,Alaska,0.18,0.28,0.22,0.99,,2025-2026,False,AK,10,False,False
2026-04-25,Indiana,0.19,0.26,0.08,0.21,,2025-2026,False,IN,5,False,False
2026-04-25,Kentucky,0.23,0.33,0.14,0.17,,2025-2026,False,KY,4,False,False
2026-04-25,Louisiana,0.11,0.13,0.26,0.22,,2025-2026,False,LA,6,True,False
2026-04-25,Oklahoma,0.19,0.22,0.11,0.19,,2025-2026,False,OK,6,False,False
2026-04-25,Oregon,0.19,0.3,0.08,0.42,,2025-2026,False,OR,10,False,False
2026-04-25,Alabama,0.1,0.16,0.17,0.43,,2025-2026,False,AL,4,True,False
2026-04-25,West Virginia,0.45,0.7,0.14,0.31,,2025-2026,False,WV,3,False,False
2026-04-25,Maine,0.34,0.51,0.14,0.58,,2025-2026,False,ME,1,False,False
2026-04-25,Hawaii,0.27,0.34,0.13,2.33,,2025-2026,False,HI,9,False,False
2026-04-25,Rhode Island,0.11,0.2,0.1,0.41,,2025-2026,False,RI,1,False,False
2026-04-25,Pennsylvania,0.11,0.17,0.11,0.26,,2025-2026,False,PA,3,False,False
2026-04-25,Ohio,0.1,0.18,0.06,0.16,,2025-2026,False,OH,5,False,False
2026-04-25,New York,0.1,0.17,0.17,0.3,,2025-2026,False,NY,2,False,True
2026-04-25,New Mexico,0.2,0.29,0.12,0.71,,2025-2026,False,NM,6,False,False
2026-04-25,Minnesota,0.31,0.42,0.24,0.59,,2025-2026,False,MN,5,False,True
2026-04-25,Michigan,0.3,0.43,0.08,0.16,,2025-2026,False,MI,5,False,False
2026-04-25,Wyoming,0.55,0.59,0.44,0.86,,2025-2026,False,WY,8,False,False
2026-04-25,Tennessee,0.15,0.2,0.2,0.41,,2025-2026,False,TN,4,True,False
2026-04-25,Texas,0.12,0.15,0.17,0.43,,2025-2026,False,TX,6,False,False
2026-04-25,Vermont,0.33,0.53,0.09,0.12,,2025-2026,False,VT,1,False,False
2026-04-25,California,0.11,0.15,0.07,0.52,,2025-2026,False,CA,9,False,False
2026-04-25,Colorado,0.24,0.28,0.15,0.77,,2025-2026,False,CO,8,False,False
2026-04-25,Delaware,0.25,0.28,0.12,0.21,,2025-2026,False,DE,3,False,False
2026-04-25,Florida,0.14,0.16,0.2,0.54,,2025-2026,False,FL,4,False,False
2026-04-25,Kansas,0.14,0.2,0.09,0.15,,2025-2026,False,KS,7,False,False
2026-04-25,Maryland,0.13,0.15,0.22,0.35,,2025-2026,False,MD,3,False,False
2026-04-25,Massachusetts,0.2,0.27,0.17,0.51,,2025-2026,False,MA,1,False,False
2026-04-25,Nebraska,0.35,0.49,0.11,0.28,,2025-2026,False,NE,7,False,False
2026-04-25,Nevada,0.13,0.18,0.07,0.91,,2025-2026,False,NV,9,False,False
2026-04-25,South Dakota,0.8,0.74,0.26,0.34,,2025-2026,False,SD,8,False,False
2026-04-25,Virginia,0.11,0.15,0.21,0.35,,2025-2026,False,VA,3,False,False
2026-04-25,Washington,0.19,0.29,0.11,0.89,,2025-2026,False,WA,10,False,False
2026-04-25,Wisconsin,0.28,0.4,0.11,0.35,,2025-2026,False,WI,5,False,False
2026-04-25,Utah,0.2,0.32,0.14,0.33,,2025-2026,False,UT,8,False,False
2026-04-25,South Carolina,0.06,0.11,0.23,0.24,,2025-2026,False,SC,4,True,False
2026-04-25,North Dakota,0.49,0.68,0.14,0.63,,2025-2026,False,ND,8,False,False
2026-04-25,North Carolina,0.16,0.24,0.25,0.64,,2025-2026,False,NC,4,True,False
2026-04-25,New Jersey,0.13,0.18,0.24,0.37,,2025-2026,False,NJ,2,False,False
2026-04-25,New Hampshire,0.23,0.34,0.16,0.4,,2025-2026,False,NH,1,False,False
2026-04-25,Montana,0.52,0.57,0.04,0.29,,2025-2026,False,MT,8,False,False
2026-04-25,Mississippi,0.21,0.17,0.16,0.5,,2025-2026,False,MS,4,True,False
2026-04-25,Iowa,0.27,0.45,0.14,0.25,,2025-2026,False,IA,7,False,False
2026-04-25,Illinois,0.16,0.28,0.08,0.26,,2025-2026,False,IL,5,False,False
2026-04-25,Idaho,0.19,0.3,0.2,0.39,,2025-2026,False,ID,10,False,False
2026-04-25,Georgia,0.07,0.11,0.14,0.26,,2025-2026,False,GA,4,True,False
